date,market,symbol,name,open,high,low,close,volume,source
2010-02-16,us,CAT,,56.77000045776367,57.2400016784668,56.18999862670898,57.119998931884766,7364200,Yahoo Finance daily
2010-02-17,us,CAT,,58.04999923706055,58.34999847412109,57.220001220703125,57.5,8450800,Yahoo Finance daily
2010-02-18,us,CAT,,57.150001525878906,58.04999923706055,56.84999847412109,57.810001373291016,6844000,Yahoo Finance daily
2010-02-19,us,CAT,,57.59000015258789,58.47999954223633,57.310001373291016,58.25,8005800,Yahoo Finance daily
2010-02-22,us,CAT,,58.72999954223633,58.970001220703125,58.0,58.02999877929688,6994800,Yahoo Finance daily
2010-02-23,us,CAT,,57.88999938964844,58.380001068115234,56.220001220703125,56.65999984741211,10311000,Yahoo Finance daily
2010-02-24,us,CAT,,56.66999816894531,57.459999084472656,56.459999084472656,56.959999084472656,5810100,Yahoo Finance daily
2010-02-25,us,CAT,,55.33000183105469,57.02000045776367,54.209999084472656,56.790000915527344,9965600,Yahoo Finance daily
2010-02-26,us,CAT,,56.93999862670898,57.2400016784668,56.09999847412109,57.04999923706055,6108500,Yahoo Finance daily
2010-03-01,us,CAT,,57.33000183105469,58.38999938964844,57.25,57.84999847412109,8398500,Yahoo Finance daily
2010-03-02,us,CAT,,58.27999877929688,58.81999969482422,58.02000045776367,58.150001525878906,6583600,Yahoo Finance daily
2010-03-03,us,CAT,,58.45000076293945,59.93000030517578,58.38999938964844,58.56999969482422,8833800,Yahoo Finance daily
2010-03-04,us,CAT,,58.790000915527344,59.0,57.810001373291016,58.45000076293945,6195600,Yahoo Finance daily
2010-03-05,us,CAT,,59.40999984741211,59.58000183105469,58.900001525878906,59.22999954223633,6626900,Yahoo Finance daily
2010-03-08,us,CAT,,59.470001220703125,59.4900016784668,58.56999969482422,58.90999984741211,4755100,Yahoo Finance daily
2010-03-09,us,CAT,,58.459999084472656,59.720001220703125,58.400001525878906,59.18000030517578,7692500,Yahoo Finance daily
2010-03-10,us,CAT,,59.11000061035156,59.5,58.43000030517578,58.77999877929688,6529900,Yahoo Finance daily
2010-03-11,us,CAT,,58.790000915527344,58.97999954223633,57.91999816894531,58.900001525878906,6166500,Yahoo Finance daily
2010-03-12,us,CAT,,59.52999877929688,60.4900016784668,59.34999847412109,60.36000061035156,9688800,Yahoo Finance daily
2010-03-15,us,CAT,,60.040000915527344,60.25,58.380001068115234,59.470001220703125,7906700,Yahoo Finance daily
2010-03-16,us,CAT,,59.650001525878906,59.68000030517578,58.84000015258789,59.45000076293945,7281000,Yahoo Finance daily
2010-03-17,us,CAT,,59.650001525878906,60.5,59.4900016784668,60.220001220703125,7925400,Yahoo Finance daily
2010-03-18,us,CAT,,59.61000061035156,60.38999938964844,59.34000015258789,59.77000045776367,7204200,Yahoo Finance daily
2010-03-19,us,CAT,,59.369998931884766,60.310001373291016,58.95000076293945,59.369998931884766,9425500,Yahoo Finance daily
2010-03-22,us,CAT,,58.70000076293945,60.27000045776367,58.65999984741211,59.95000076293945,7512500,Yahoo Finance daily
2010-03-23,us,CAT,,60.09999847412109,62.5099983215332,60.0099983215332,62.40999984741211,14315300,Yahoo Finance daily
2010-03-24,us,CAT,,61.959999084472656,62.540000915527344,61.41999816894531,62.060001373291016,11447400,Yahoo Finance daily
2010-03-25,us,CAT,,62.68000030517578,63.709999084472656,62.04999923706055,62.13999938964844,11361900,Yahoo Finance daily
2010-03-26,us,CAT,,62.400001525878906,63.18000030517578,61.9900016784668,62.43999862670898,7887300,Yahoo Finance daily
2010-03-29,us,CAT,,62.7599983215332,63.59999847412109,62.7599983215332,63.47999954223633,6986500,Yahoo Finance daily
2010-03-30,us,CAT,,63.380001068115234,63.630001068115234,62.810001373291016,63.15999984741211,6183200,Yahoo Finance daily
2010-03-31,us,CAT,,62.7599983215332,63.5,62.630001068115234,62.84999847412109,6660800,Yahoo Finance daily
2010-04-01,us,CAT,,63.290000915527344,64.19999694824219,63.290000915527344,63.9900016784668,7829300,Yahoo Finance daily
2010-04-05,us,CAT,,64.36000061035156,65.0,64.19999694824219,64.98999786376953,6695600,Yahoo Finance daily
2010-04-06,us,CAT,,64.80999755859375,65.47000122070312,64.56999969482422,65.29000091552734,6389000,Yahoo Finance daily
2010-04-07,us,CAT,,65.25,65.37999725341797,64.0,64.47000122070312,6973000,Yahoo Finance daily
2010-04-08,us,CAT,,64.05000305175781,64.6500015258789,63.54999923706055,64.4800033569336,5418000,Yahoo Finance daily
2010-04-09,us,CAT,,64.9000015258789,65.5199966430664,64.81999969482422,65.2699966430664,6022900,Yahoo Finance daily
2010-04-12,us,CAT,,65.93000030517578,67.0,65.76000213623047,66.7300033569336,11837000,Yahoo Finance daily
2010-04-13,us,CAT,,66.69999694824219,67.25,66.16000366210938,66.19000244140625,7001400,Yahoo Finance daily
2010-04-14,us,CAT,,66.37000274658203,67.37000274658203,66.19999694824219,67.27999877929688,5497400,Yahoo Finance daily
2010-04-15,us,CAT,,67.16000366210938,68.70999908447266,67.16000366210938,68.22000122070312,7129500,Yahoo Finance daily
2010-04-16,us,CAT,,68.05000305175781,68.2300033569336,66.33999633789062,66.87999725341797,10385300,Yahoo Finance daily
2010-04-19,us,CAT,,66.5999984741211,67.69999694824219,65.7699966430664,66.98999786376953,7969400,Yahoo Finance daily
2010-04-20,us,CAT,,67.70999908447266,68.30000305175781,67.4000015258789,67.5,7695400,Yahoo Finance daily
2010-04-21,us,CAT,,67.73999786376953,67.91999816894531,66.69999694824219,67.75,6357500,Yahoo Finance daily
2010-04-22,us,CAT,,66.66999816894531,67.6500015258789,65.97000122070312,67.51000213623047,8718700,Yahoo Finance daily
2010-04-23,us,CAT,,67.19999694824219,68.94999694824219,66.98999786376953,68.77999877929688,9044500,Yahoo Finance daily
2010-04-26,us,CAT,,70.87999725341797,72.83000183105469,70.6500015258789,71.6500015258789,20131900,Yahoo Finance daily
2010-04-27,us,CAT,,71.25,71.58000183105469,68.27999877929688,68.52999877929688,14323100,Yahoo Finance daily
2010-04-28,us,CAT,,69.43000030517578,70.2699966430664,68.5999984741211,68.97000122070312,8232800,Yahoo Finance daily
2010-04-29,us,CAT,,69.95999908447266,70.76000213623047,69.62000274658203,70.75,7916800,Yahoo Finance daily
2010-04-30,us,CAT,,70.98999786376953,71.36000061035156,67.81999969482422,68.08999633789062,9428100,Yahoo Finance daily
2010-05-03,us,CAT,,68.37000274658203,70.16000366210938,68.08999633789062,69.94000244140625,7885900,Yahoo Finance daily
2010-05-04,us,CAT,,68.55999755859375,68.55999755859375,66.25,66.69999694824219,12558100,Yahoo Finance daily
2010-05-05,us,CAT,,65.86000061035156,67.44000244140625,64.08000183105469,65.95999908447266,11419500,Yahoo Finance daily
2010-05-06,us,CAT,,65.8499984741211,66.94000244140625,58.79999923706055,63.5,19363500,Yahoo Finance daily
2010-05-07,us,CAT,,63.04999923706055,64.44999694824219,60.63999938964844,62.09999847412109,15724700,Yahoo Finance daily
2010-05-10,us,CAT,,65.87999725341797,67.0,65.19000244140625,66.69000244140625,11852100,Yahoo Finance daily
2010-05-11,us,CAT,,65.18000030517578,66.9800033569336,65.0,66.06999969482422,7481300,Yahoo Finance daily
2010-05-12,us,CAT,,66.66000366210938,68.30000305175781,66.5999984741211,68.1500015258789,7791600,Yahoo Finance daily
2010-05-13,us,CAT,,68.1500015258789,68.4000015258789,66.66999816894531,66.91000366210938,6531000,Yahoo Finance daily
2010-05-14,us,CAT,,65.95999908447266,66.19000244140625,63.90999984741211,64.87999725341797,9938400,Yahoo Finance daily
2010-05-17,us,CAT,,65.01000213623047,65.73999786376953,61.9900016784668,63.77999877929688,11881200,Yahoo Finance daily
2010-05-18,us,CAT,,64.91000366210938,65.52999877929688,62.84999847412109,63.18999862670898,9594300,Yahoo Finance daily
2010-05-19,us,CAT,,62.93999862670898,63.16999816894531,59.27999877929688,61.43999862670898,18582700,Yahoo Finance daily
2010-05-20,us,CAT,,59.06999969482422,60.40999984741211,58.0,58.66999816894531,22798500,Yahoo Finance daily
2010-05-21,us,CAT,,57.29999923706055,60.5,57.20000076293945,60.09000015258789,15889900,Yahoo Finance daily
2010-05-24,us,CAT,,60.060001373291016,61.11000061035156,59.09000015258789,59.220001220703125,11176700,Yahoo Finance daily
2010-05-25,us,CAT,,56.34999847412109,59.36000061035156,55.7400016784668,59.209999084472656,13793600,Yahoo Finance daily
2010-05-26,us,CAT,,59.630001068115234,61.400001525878906,59.25,59.72999954223633,11566900,Yahoo Finance daily
2010-05-27,us,CAT,,61.36000061035156,62.119998931884766,60.81999969482422,62.060001373291016,9555100,Yahoo Finance daily
2010-05-28,us,CAT,,62.41999816894531,62.41999816894531,60.04999923706055,60.7599983215332,7704900,Yahoo Finance daily
2010-06-01,us,CAT,,60.040000915527344,61.63999938964844,59.220001220703125,59.27000045776367,8340800,Yahoo Finance daily
2010-06-02,us,CAT,,59.900001525878906,60.900001525878906,59.27999877929688,60.86000061035156,9453500,Yahoo Finance daily
2010-06-03,us,CAT,,62.290000915527344,62.36000061035156,60.41999816894531,61.11000061035156,8982700,Yahoo Finance daily
2010-06-04,us,CAT,,59.4900016784668,60.20000076293945,57.36000061035156,57.7599983215332,10279600,Yahoo Finance daily
2010-06-07,us,CAT,,58.0099983215332,58.27999877929688,55.79999923706055,55.83000183105469,8904600,Yahoo Finance daily
2010-06-08,us,CAT,,56.0099983215332,57.18000030517578,54.88999938964844,56.61000061035156,11604900,Yahoo Finance daily
2010-06-09,us,CAT,,57.4900016784668,58.84999847412109,56.59000015258789,56.810001373291016,9749300,Yahoo Finance daily
2010-06-10,us,CAT,,58.310001373291016,60.0,58.0,59.95000076293945,9704700,Yahoo Finance daily
2010-06-11,us,CAT,,59.220001220703125,60.2400016784668,58.9900016784668,60.22999954223633,7341400,Yahoo Finance daily
2010-06-14,us,CAT,,61.41999816894531,62.560001373291016,60.880001068115234,61.0,9783000,Yahoo Finance daily
2010-06-15,us,CAT,,61.79999923706055,63.560001373291016,61.5,63.459999084472656,11870300,Yahoo Finance daily
2010-06-16,us,CAT,,62.90999984741211,64.5199966430664,62.72999954223633,64.38999938964844,10561900,Yahoo Finance daily
2010-06-17,us,CAT,,64.62999725341797,64.98999786376953,63.66999816894531,64.94999694824219,10574600,Yahoo Finance daily
2010-06-18,us,CAT,,65.12999725341797,65.9000015258789,64.56999969482422,65.8499984741211,11005600,Yahoo Finance daily
2010-06-21,us,CAT,,67.55999755859375,68.3499984741211,65.55000305175781,66.06999969482422,11652400,Yahoo Finance daily
2010-06-22,us,CAT,,66.30000305175781,66.4800033569336,63.880001068115234,64.11000061035156,8659600,Yahoo Finance daily
2010-06-23,us,CAT,,64.05999755859375,64.87000274658203,62.63999938964844,64.33000183105469,9037100,Yahoo Finance daily
2010-06-24,us,CAT,,63.810001373291016,64.44999694824219,63.04999923706055,63.369998931884766,8658200,Yahoo Finance daily
2010-06-25,us,CAT,,63.540000915527344,64.70999908447266,62.91999816894531,64.70999908447266,12068800,Yahoo Finance daily
2010-06-28,us,CAT,,64.44999694824219,65.30000305175781,64.01000213623047,64.4000015258789,6836700,Yahoo Finance daily
2010-06-29,us,CAT,,62.7400016784668,62.86000061035156,60.25,60.84999847412109,13057100,Yahoo Finance daily
2010-06-30,us,CAT,,61.02000045776367,61.93999862670898,59.90999984741211,60.06999969482422,9630300,Yahoo Finance daily
2010-07-01,us,CAT,,59.66999816894531,60.70000076293945,58.060001373291016,59.970001220703125,11598200,Yahoo Finance daily
2010-07-02,us,CAT,,60.29999923706055,60.65999984741211,58.619998931884766,59.18000030517578,7878200,Yahoo Finance daily
2010-07-06,us,CAT,,60.59999847412109,61.650001525878906,59.209999084472656,59.810001373291016,9357300,Yahoo Finance daily
2010-07-07,us,CAT,,59.84999847412109,62.27000045776367,59.66999816894531,62.18000030517578,7592900,Yahoo Finance daily
2010-07-08,us,CAT,,63.08000183105469,63.34999847412109,62.18000030517578,63.16999816894531,6058800,Yahoo Finance daily
2010-07-09,us,CAT,,63.119998931884766,64.8499984741211,63.0,64.72000122070312,6456900,Yahoo Finance daily
2010-07-12,us,CAT,,64.5,65.0999984741211,63.869998931884766,64.27999877929688,4915400,Yahoo Finance daily
2010-07-13,us,CAT,,65.87999725341797,67.36000061035156,65.30999755859375,66.79000091552734,10081500,Yahoo Finance daily
2010-07-14,us,CAT,,66.3499984741211,66.91000366210938,65.5199966430664,66.69999694824219,6851200,Yahoo Finance daily
2010-07-15,us,CAT,,66.37999725341797,66.58999633789062,65.36000061035156,66.51000213623047,8101700,Yahoo Finance daily
2010-07-16,us,CAT,,65.76000213623047,65.79000091552734,63.75,63.93999862670898,8504100,Yahoo Finance daily
2010-07-19,us,CAT,,64.36000061035156,65.2300033569336,63.560001373291016,64.80000305175781,6826400,Yahoo Finance daily
2010-07-20,us,CAT,,63.560001373291016,66.7699966430664,63.560001373291016,66.43000030517578,9468600,Yahoo Finance daily
2010-07-21,us,CAT,,66.98999786376953,68.05000305175781,66.19000244140625,66.87000274658203,11432400,Yahoo Finance daily
2010-07-22,us,CAT,,67.41000366210938,68.62000274658203,66.45999908447266,68.0,15905800,Yahoo Finance daily
2010-07-23,us,CAT,,67.5,69.63999938964844,67.33000183105469,69.30999755859375,8865900,Yahoo Finance daily
2010-07-26,us,CAT,,69.41000366210938,70.08000183105469,69.08000183105469,69.98999786376953,8878400,Yahoo Finance daily
2010-07-27,us,CAT,,70.18000030517578,70.18000030517578,68.08999633789062,69.18000030517578,11948000,Yahoo Finance daily
2010-07-28,us,CAT,,68.69999694824219,69.8499984741211,68.69999694824219,69.72000122070312,7609900,Yahoo Finance daily
2010-07-29,us,CAT,,69.83999633789062,70.29000091552734,68.20999908447266,69.4000015258789,7671300,Yahoo Finance daily
2010-07-30,us,CAT,,68.38999938964844,70.25,68.38999938964844,69.75,7218100,Yahoo Finance daily
2010-08-02,us,CAT,,70.73999786376953,71.69999694824219,70.06999969482422,71.05000305175781,6304100,Yahoo Finance daily
2010-08-03,us,CAT,,70.56999969482422,71.02999877929688,69.87999725341797,70.37000274658203,5878900,Yahoo Finance daily
2010-08-04,us,CAT,,70.27999877929688,71.47000122070312,70.27999877929688,71.12000274658203,6204800,Yahoo Finance daily
2010-08-05,us,CAT,,70.81999969482422,72.25,70.80999755859375,71.95999908447266,7415000,Yahoo Finance daily
2010-08-06,us,CAT,,71.01000213623047,71.93000030517578,70.30000305175781,71.55999755859375,5463400,Yahoo Finance daily
2010-08-09,us,CAT,,72.05999755859375,72.18000030517578,71.41999816894531,72.06999969482422,3625400,Yahoo Finance daily
2010-08-10,us,CAT,,70.87999725341797,71.98999786376953,70.58000183105469,71.41999816894531,6082400,Yahoo Finance daily
2010-08-11,us,CAT,,70.01000213623047,70.16000366210938,68.3499984741211,68.70999908447266,9221200,Yahoo Finance daily
2010-08-12,us,CAT,,67.5,68.0,66.77999877929688,67.5,7639900,Yahoo Finance daily
2010-08-13,us,CAT,,67.73999786376953,68.45999908447266,67.20999908447266,68.01000213623047,6659300,Yahoo Finance daily
2010-08-16,us,CAT,,67.62000274658203,68.9800033569336,67.05999755859375,68.48999786376953,5432500,Yahoo Finance daily
2010-08-17,us,CAT,,69.44000244140625,70.76000213623047,69.30000305175781,69.73999786376953,5946900,Yahoo Finance daily
2010-08-18,us,CAT,,69.81999969482422,70.44000244140625,69.05999755859375,69.75,4988000,Yahoo Finance daily
2010-08-19,us,CAT,,69.87000274658203,70.5,68.41999816894531,69.29000091552734,9625400,Yahoo Finance daily
2010-08-20,us,CAT,,69.4000015258789,69.54000091552734,67.45999908447266,68.86000061035156,8022000,Yahoo Finance daily
2010-08-23,us,CAT,,68.69999694824219,69.75,66.72000122070312,66.83999633789062,8878600,Yahoo Finance daily
2010-08-24,us,CAT,,65.58999633789062,65.83999633789062,64.30999755859375,65.04000091552734,9669800,Yahoo Finance daily
2010-08-25,us,CAT,,64.29000091552734,64.9800033569336,63.34000015258789,64.69999694824219,8679500,Yahoo Finance daily
2010-08-26,us,CAT,,64.83000183105469,65.81999969482422,63.77000045776367,63.95000076293945,7075100,Yahoo Finance daily
2010-08-27,us,CAT,,64.76000213623047,66.1500015258789,63.36000061035156,65.9000015258789,7486300,Yahoo Finance daily
2010-08-30,us,CAT,,66.13999938964844,66.16000366210938,64.45999908447266,64.47000122070312,5133900,Yahoo Finance daily
2010-08-31,us,CAT,,64.13999938964844,65.8499984741211,63.91999816894531,65.16000366210938,6760700,Yahoo Finance daily
2010-09-01,us,CAT,,67.05000305175781,68.54000091552734,66.3499984741211,68.16000366210938,9071200,Yahoo Finance daily
2010-09-02,us,CAT,,68.3499984741211,68.79000091552734,67.75,68.54000091552734,5293400,Yahoo Finance daily
2010-09-03,us,CAT,,69.94999694824219,70.58999633789062,69.54000091552734,70.08000183105469,7837700,Yahoo Finance daily
2010-09-07,us,CAT,,69.77999877929688,70.05000305175781,68.80000305175781,69.69999694824219,6841700,Yahoo Finance daily
2010-09-08,us,CAT,,69.9800033569336,71.4800033569336,69.94999694824219,70.73999786376953,6323200,Yahoo Finance daily
2010-09-09,us,CAT,,71.55999755859375,71.83000183105469,70.01000213623047,70.63999938964844,5355900,Yahoo Finance daily
2010-09-10,us,CAT,,70.93000030517578,71.55999755859375,70.37000274658203,71.26000213623047,5018300,Yahoo Finance daily
2010-09-13,us,CAT,,71.95999908447266,72.4800033569336,71.70999908447266,72.23999786376953,7694600,Yahoo Finance daily
2010-09-14,us,CAT,,72.27999877929688,72.37000274658203,71.56999969482422,71.83000183105469,6040400,Yahoo Finance daily
2010-09-15,us,CAT,,71.37999725341797,72.2699966430664,70.80000305175781,72.12999725341797,5506100,Yahoo Finance daily
2010-09-16,us,CAT,,71.91999816894531,72.3499984741211,71.27999877929688,72.0,6233000,Yahoo Finance daily
2010-09-17,us,CAT,,72.22000122070312,73.30999755859375,71.08999633789062,73.18000030517578,11341800,Yahoo Finance daily
2010-09-20,us,CAT,,73.26000213623047,74.80000305175781,72.87999725341797,74.75,8886300,Yahoo Finance daily
2010-09-21,us,CAT,,74.79000091552734,77.11000061035156,74.72000122070312,76.38999938964844,14968300,Yahoo Finance daily
2010-09-22,us,CAT,,76.25,76.5,75.5,76.18000030517578,8386100,Yahoo Finance daily
2010-09-23,us,CAT,,75.41999816894531,77.5,75.0,76.26000213623047,8745800,Yahoo Finance daily
2010-09-24,us,CAT,,77.80000305175781,79.93000030517578,77.62000274658203,79.7300033569336,14218600,Yahoo Finance daily
2010-09-27,us,CAT,,79.69999694824219,79.9800033569336,78.9000015258789,79.54000091552734,8361900,Yahoo Finance daily
2010-09-28,us,CAT,,79.44000244140625,79.94000244140625,78.43000030517578,79.66999816894531,7784800,Yahoo Finance daily
2010-09-29,us,CAT,,79.5999984741211,80.0,79.41999816894531,79.98999786376953,7939900,Yahoo Finance daily
2010-09-30,us,CAT,,80.04000091552734,80.08000183105469,78.20999908447266,78.68000030517578,11940800,Yahoo Finance daily
2010-10-01,us,CAT,,78.29000091552734,78.87999725341797,77.52999877929688,78.22000122070312,8540800,Yahoo Finance daily
2010-10-04,us,CAT,,78.0199966430664,78.26000213623047,76.51000213623047,77.2699966430664,6418700,Yahoo Finance daily
2010-10-05,us,CAT,,78.4800033569336,79.76000213623047,78.19999694824219,79.4000015258789,7140300,Yahoo Finance daily
2010-10-06,us,CAT,,79.5999984741211,79.9000015258789,78.4800033569336,79.08000183105469,6252200,Yahoo Finance daily
2010-10-07,us,CAT,,79.45999908447266,79.79000091552734,77.8499984741211,78.73999786376953,8978100,Yahoo Finance daily
2010-10-08,us,CAT,,79.41000366210938,81.0,78.93000030517578,80.37000274658203,14296600,Yahoo Finance daily
2010-10-11,us,CAT,,80.02999877929688,80.75,79.51000213623047,79.9800033569336,4593700,Yahoo Finance daily
2010-10-12,us,CAT,,79.75,79.75,78.30000305175781,79.33999633789062,10034200,Yahoo Finance daily
2010-10-13,us,CAT,,80.36000061035156,81.19000244140625,80.08000183105469,80.29000091552734,8493200,Yahoo Finance daily
2010-10-14,us,CAT,,80.48999786376953,80.83000183105469,79.2699966430664,79.91000366210938,5663900,Yahoo Finance daily
2010-10-15,us,CAT,,80.27999877929688,80.47000122070312,79.0,79.75,6522900,Yahoo Finance daily
2010-10-18,us,CAT,,79.94999694824219,80.51000213623047,79.66000366210938,80.23999786376953,6542700,Yahoo Finance daily
2010-10-19,us,CAT,,78.97000122070312,79.70999908447266,77.7699966430664,78.55000305175781,9857200,Yahoo Finance daily
2010-10-20,us,CAT,,78.9000015258789,80.77999877929688,78.80999755859375,80.31999969482422,9662300,Yahoo Finance daily
2010-10-21,us,CAT,,80.98999786376953,81.19999694824219,77.51000213623047,78.88999938964844,17736900,Yahoo Finance daily
2010-10-22,us,CAT,,78.76000213623047,78.91000366210938,77.86000061035156,78.33000183105469,6445800,Yahoo Finance daily
2010-10-25,us,CAT,,78.70999908447266,80.0,78.5,79.05000305175781,6484700,Yahoo Finance daily
2010-10-26,us,CAT,,78.11000061035156,79.05999755859375,77.87000274658203,78.6500015258789,6240500,Yahoo Finance daily
2010-10-27,us,CAT,,78.19999694824219,78.41000366210938,77.12000274658203,78.22000122070312,6782800,Yahoo Finance daily
2010-10-28,us,CAT,,78.87000274658203,79.0,76.77999877929688,77.73999786376953,7055800,Yahoo Finance daily
2010-10-29,us,CAT,,77.61000061035156,78.75,77.58000183105469,78.5999984741211,4563900,Yahoo Finance daily
2010-11-01,us,CAT,,78.97000122070312,80.18000030517578,78.51000213623047,79.2699966430664,7470500,Yahoo Finance daily
2010-11-02,us,CAT,,79.98999786376953,80.43000030517578,79.5199966430664,79.75,4941400,Yahoo Finance daily
2010-11-03,us,CAT,,79.81999969482422,79.94999694824219,78.55000305175781,79.87999725341797,5771800,Yahoo Finance daily
2010-11-04,us,CAT,,80.81999969482422,83.27999877929688,80.76000213623047,83.18000030517578,13044100,Yahoo Finance daily
2010-11-05,us,CAT,,83.25,83.83999633789062,82.93000030517578,83.54000091552734,6271600,Yahoo Finance daily
2010-11-08,us,CAT,,83.25,83.55000305175781,82.4000015258789,83.12000274658203,4283800,Yahoo Finance daily
2010-11-09,us,CAT,,83.19999694824219,83.47000122070312,81.41000366210938,81.91000366210938,6030100,Yahoo Finance daily
2010-11-10,us,CAT,,82.16000366210938,82.83999633789062,81.30000305175781,82.45999908447266,5944000,Yahoo Finance daily
2010-11-11,us,CAT,,81.7300033569336,82.66000366210938,81.5199966430664,82.44000244140625,5006000,Yahoo Finance daily
2010-11-12,us,CAT,,81.83999633789062,82.52999877929688,80.04000091552734,81.04000091552734,6156900,Yahoo Finance daily
2010-11-15,us,CAT,,79.88999938964844,83.58000183105469,79.80000305175781,81.81999969482422,15814200,Yahoo Finance daily
2010-11-16,us,CAT,,81.87999725341797,82.18000030517578,79.69999694824219,80.37000274658203,12510000,Yahoo Finance daily
2010-11-17,us,CAT,,80.55999755859375,81.44999694824219,80.01000213623047,81.16999816894531,5402900,Yahoo Finance daily
2010-11-18,us,CAT,,82.5,83.43000030517578,82.2699966430664,83.11000061035156,6638700,Yahoo Finance daily
2010-11-19,us,CAT,,83.08999633789062,83.9800033569336,82.51000213623047,83.97000122070312,5740500,Yahoo Finance daily
2010-11-22,us,CAT,,83.87999725341797,84.3499984741211,82.79000091552734,84.0,6411200,Yahoo Finance daily
2010-11-23,us,CAT,,83.27999877929688,83.37999725341797,82.01000213623047,82.62999725341797,5739200,Yahoo Finance daily
2010-11-24,us,CAT,,83.25,84.79000091552734,83.25,84.69000244140625,5865900,Yahoo Finance daily
2010-11-26,us,CAT,,83.83000183105469,84.25,83.44999694824219,84.12999725341797,2520700,Yahoo Finance daily
2010-11-29,us,CAT,,83.70999908447266,83.88999938964844,82.55000305175781,83.66999816894531,5085700,Yahoo Finance daily
2010-11-30,us,CAT,,82.83000183105469,84.91999816894531,82.76000213623047,84.5999984741211,7768400,Yahoo Finance daily
2010-12-01,us,CAT,,85.02999877929688,87.80000305175781,85.0,87.44999694824219,8858600,Yahoo Finance daily
2010-12-02,us,CAT,,87.44999694824219,88.88999938964844,87.44999694824219,88.62000274658203,6349200,Yahoo Finance daily
2010-12-03,us,CAT,,88.36000061035156,89.48999786376953,87.83000183105469,89.37999725341797,4996600,Yahoo Finance daily
2010-12-06,us,CAT,,89.27999877929688,89.68000030517578,88.56999969482422,89.19999694824219,4341500,Yahoo Finance daily
2010-12-07,us,CAT,,89.94999694824219,92.0,89.94999694824219,90.3499984741211,11247700,Yahoo Finance daily
2010-12-08,us,CAT,,90.26000213623048,90.9000015258789,89.29000091552734,89.62000274658203,5246500,Yahoo Finance daily
2010-12-09,us,CAT,,90.12999725341795,90.23999786376952,89.0199966430664,89.66999816894531,3832300,Yahoo Finance daily
2010-12-10,us,CAT,,89.79000091552734,90.16000366210938,89.38999938964844,89.94000244140625,3313200,Yahoo Finance daily
2010-12-13,us,CAT,,90.6500015258789,92.37000274658205,90.1999969482422,91.62999725341795,6637100,Yahoo Finance daily
2010-12-14,us,CAT,,92.19000244140624,92.91000366210938,91.51000213623048,92.08999633789062,4944100,Yahoo Finance daily
2010-12-15,us,CAT,,92.75,94.33000183105467,92.66000366210938,93.12000274658205,8314300,Yahoo Finance daily
2010-12-16,us,CAT,,93.19000244140624,93.6500015258789,92.54000091552734,93.1999969482422,4863400,Yahoo Finance daily
2010-12-17,us,CAT,,93.4000015258789,93.41000366210938,92.25,92.58999633789062,6467000,Yahoo Finance daily
2010-12-20,us,CAT,,93.37000274658205,93.5500030517578,92.52999877929688,93.3000030517578,3523200,Yahoo Finance daily
2010-12-21,us,CAT,,93.6999969482422,94.88999938964844,93.23999786376952,94.62999725341795,4108200,Yahoo Finance daily
2010-12-22,us,CAT,,94.77999877929688,94.77999877929688,94.11000061035156,94.56999969482422,2611800,Yahoo Finance daily
2010-12-23,us,CAT,,94.29000091552734,94.73999786376952,94.0,94.4499969482422,2206200,Yahoo Finance daily
2010-12-27,us,CAT,,93.8499984741211,94.1999969482422,93.20999908447266,94.06999969482422,2620200,Yahoo Finance daily
2010-12-28,us,CAT,,94.27999877929688,94.41999816894533,93.06999969482422,93.69000244140624,2991800,Yahoo Finance daily
2010-12-29,us,CAT,,93.75,94.22000122070312,93.5,93.77999877929688,2779400,Yahoo Finance daily
2010-12-30,us,CAT,,93.55999755859376,94.13999938964844,93.5199966430664,93.87000274658205,2325500,Yahoo Finance daily
2010-12-31,us,CAT,,93.83000183105467,93.9000015258789,93.30999755859376,93.66000366210938,2542700,Yahoo Finance daily
2011-01-03,us,CAT,,94.37999725341795,94.80999755859376,94.11000061035156,94.1500015258789,5231500,Yahoo Finance daily
2011-01-04,us,CAT,,94.63999938964844,94.63999938964844,92.3000030517578,93.70999908447266,6119300,Yahoo Finance daily
2011-01-05,us,CAT,,93.2699966430664,94.69000244140624,92.98999786376952,94.5199966430664,4118100,Yahoo Finance daily
2011-01-06,us,CAT,,94.70999908447266,94.70999908447266,93.3000030517578,93.54000091552734,4106300,Yahoo Finance daily
2011-01-07,us,CAT,,93.86000061035156,94.7300033569336,92.8000030517578,93.7300033569336,4547800,Yahoo Finance daily
2011-01-10,us,CAT,,93.20999908447266,93.97000122070312,92.51000213623048,93.38999938964844,4154500,Yahoo Finance daily
2011-01-11,us,CAT,,94.08000183105467,94.6999969482422,93.25,93.9499969482422,5302800,Yahoo Finance daily
2011-01-12,us,CAT,,94.58999633789062,94.62000274658205,93.43000030517578,93.48999786376952,5699000,Yahoo Finance daily
2011-01-13,us,CAT,,94.08999633789062,94.52999877929688,93.6999969482422,94.13999938964844,4539900,Yahoo Finance daily
2011-01-14,us,CAT,,93.94000244140624,94.26000213623048,93.11000061035156,94.01000213623048,4572500,Yahoo Finance daily
2011-01-18,us,CAT,,94.16000366210938,96.47000122070312,93.94000244140624,96.2300033569336,8819200,Yahoo Finance daily
2011-01-19,us,CAT,,96.33999633789062,96.8000030517578,95.1500015258789,95.54000091552734,6478100,Yahoo Finance daily
2011-01-20,us,CAT,,94.9000015258789,95.27999877929688,93.30999755859376,93.61000061035156,7160800,Yahoo Finance daily
2011-01-21,us,CAT,,94.75,95.0,92.37000274658205,92.75,6189000,Yahoo Finance daily
2011-01-24,us,CAT,,92.70999908447266,94.69000244140624,92.51000213623048,94.56999969482422,4615000,Yahoo Finance daily
2011-01-25,us,CAT,,94.38999938964844,94.6500015258789,92.97000122070312,94.38999938964844,5436900,Yahoo Finance daily
2011-01-26,us,CAT,,94.93000030517578,96.16000366210938,94.4000015258789,95.75,6090700,Yahoo Finance daily
2011-01-27,us,CAT,,97.0999984741211,97.79000091552734,95.5199966430664,96.62999725341795,11534600,Yahoo Finance daily
2011-01-28,us,CAT,,97.01000213623048,97.1999969482422,94.9000015258789,95.68000030517578,7240800,Yahoo Finance daily
2011-01-31,us,CAT,,96.12999725341795,97.1999969482422,95.8499984741211,97.01000213623048,6012900,Yahoo Finance daily
2011-02-01,us,CAT,,97.3499984741211,98.05999755859376,96.5,98.01000213623048,7553400,Yahoo Finance daily
2011-02-02,us,CAT,,97.73999786376952,99.2699966430664,97.68000030517578,99.08999633789062,6527600,Yahoo Finance daily
2011-02-03,us,CAT,,99.23999786376952,99.23999786376952,98.1500015258789,98.93000030517578,5032400,Yahoo Finance daily
2011-02-04,us,CAT,,99.01000213623048,99.72000122070312,98.6999969482422,99.58999633789062,6027100,Yahoo Finance daily
2011-02-07,us,CAT,,99.62000274658205,100.80999755859376,99.48999786376952,100.47000122070312,5697900,Yahoo Finance daily
2011-02-08,us,CAT,,100.56999969482422,100.6999969482422,99.30999755859376,100.61000061035156,5044700,Yahoo Finance daily
2011-02-09,us,CAT,,100.11000061035156,100.4499969482422,99.19000244140624,99.79000091552734,4800800,Yahoo Finance daily
2011-02-10,us,CAT,,99.27999877929688,100.76000213623048,98.75,100.5999984741211,5634800,Yahoo Finance daily
2011-02-11,us,CAT,,100.29000091552734,103.5500030517578,100.1999969482422,103.54000091552734,6445100,Yahoo Finance daily
2011-02-14,us,CAT,,103.55999755859376,103.63999938964844,102.8000030517578,103.26000213623048,4057400,Yahoo Finance daily
2011-02-15,us,CAT,,102.95999908447266,103.11000061035156,102.01000213623048,103.0,4421900,Yahoo Finance daily
2011-02-16,us,CAT,,103.9000015258789,104.41000366210938,102.91000366210938,103.5500030517578,4852100,Yahoo Finance daily
2011-02-17,us,CAT,,103.31999969482422,103.76000213623048,102.95999908447266,103.36000061035156,2993500,Yahoo Finance daily
2011-02-18,us,CAT,,103.86000061035156,105.86000061035156,103.4499969482422,105.86000061035156,8745400,Yahoo Finance daily
2011-02-22,us,CAT,,104.86000061035156,105.3000030517578,101.52999877929688,102.01000213623048,8241900,Yahoo Finance daily
2011-02-23,us,CAT,,101.91000366210938,102.12999725341795,98.04000091552734,100.0199966430664,8907600,Yahoo Finance daily
2011-02-24,us,CAT,,99.93000030517578,101.91000366210938,98.7699966430664,100.56999969482422,6350900,Yahoo Finance daily
2011-02-25,us,CAT,,101.4499969482422,102.63999938964844,101.13999938964844,102.0,4623200,Yahoo Finance daily
2011-02-28,us,CAT,,102.72000122070312,103.36000061035156,101.52999877929688,102.93000030517578,4010800,Yahoo Finance daily
2011-03-01,us,CAT,,103.37000274658205,103.63999938964844,99.3499984741211,99.86000061035156,7283700,Yahoo Finance daily
2011-03-02,us,CAT,,99.8499984741211,102.12000274658205,99.43000030517578,100.97000122070312,5420000,Yahoo Finance daily
2011-03-03,us,CAT,,101.94000244140624,104.43000030517578,101.91999816894533,104.25,7413400,Yahoo Finance daily
2011-03-04,us,CAT,,104.01000213623048,104.1999969482422,102.0199966430664,103.04000091552734,5677000,Yahoo Finance daily
2011-03-07,us,CAT,,103.41999816894533,104.1999969482422,101.0500030517578,102.12999725341795,6002100,Yahoo Finance daily
2011-03-08,us,CAT,,101.88999938964844,104.4499969482422,101.18000030517578,104.12999725341795,6165000,Yahoo Finance daily
2011-03-09,us,CAT,,103.58999633789062,103.58999633789062,101.8000030517578,102.36000061035156,6402200,Yahoo Finance daily
2011-03-10,us,CAT,,100.5500030517578,100.75,98.0999984741211,98.38999938964844,11824400,Yahoo Finance daily
2011-03-11,us,CAT,,97.73999786376952,100.5,97.01000213623048,100.0199966430664,8172400,Yahoo Finance daily
2011-03-14,us,CAT,,102.58999633789062,102.58999633789062,100.38999938964844,102.0999984741211,7985500,Yahoo Finance daily
2011-03-15,us,CAT,,99.0199966430664,101.37999725341795,98.5500030517578,100.75,11762200,Yahoo Finance daily
2011-03-16,us,CAT,,101.6999969482422,102.61000061035156,99.04000091552734,100.4000015258789,13046600,Yahoo Finance daily
2011-03-17,us,CAT,,101.88999938964844,103.30999755859376,101.27999877929688,103.12000274658205,9854900,Yahoo Finance daily
2011-03-18,us,CAT,,104.98999786376952,105.63999938964844,104.66000366210938,105.05999755859376,11512900,Yahoo Finance daily
2011-03-21,us,CAT,,106.9000015258789,107.68000030517578,106.62000274658205,107.58999633789062,7688600,Yahoo Finance daily
2011-03-22,us,CAT,,107.05999755859376,107.4800033569336,106.02999877929688,106.79000091552734,7012000,Yahoo Finance daily
2011-03-23,us,CAT,,106.08000183105467,107.6999969482422,105.63999938964844,106.76000213623048,7096400,Yahoo Finance daily
2011-03-24,us,CAT,,107.9000015258789,108.9000015258789,106.9499969482422,108.37000274658205,8360800,Yahoo Finance daily
2011-03-25,us,CAT,,108.75,110.1500015258789,108.6999969482422,109.08999633789062,7659000,Yahoo Finance daily
2011-03-28,us,CAT,,109.54000091552734,110.48999786376952,109.38999938964844,109.4000015258789,5445700,Yahoo Finance daily
2011-03-29,us,CAT,,109.63999938964844,110.79000091552734,108.61000061035156,110.54000091552734,5767700,Yahoo Finance daily
2011-03-30,us,CAT,,111.70999908447266,111.72000122070312,110.5500030517578,111.52999877929688,5616900,Yahoo Finance daily
2011-03-31,us,CAT,,110.81999969482422,111.9800033569336,110.81999969482422,111.3499984741211,5168600,Yahoo Finance daily
2011-04-01,us,CAT,,112.08999633789062,113.58999633789062,111.8000030517578,113.12000274658205,6092600,Yahoo Finance daily
2011-04-04,us,CAT,,113.75,113.93000030517578,112.52999877929688,113.37999725341795,3883600,Yahoo Finance daily
2011-04-05,us,CAT,,112.97000122070312,113.16000366210938,111.91000366210938,112.30999755859376,5338700,Yahoo Finance daily
2011-04-06,us,CAT,,112.8499984741211,113.3000030517578,110.86000061035156,111.0,5715400,Yahoo Finance daily
2011-04-07,us,CAT,,110.72000122070312,110.9000015258789,109.08000183105467,109.8499984741211,8402700,Yahoo Finance daily
2011-04-08,us,CAT,,110.54000091552734,111.0,108.87999725341795,109.81999969482422,5394700,Yahoo Finance daily
2011-04-11,us,CAT,,110.0199966430664,110.3000030517578,108.31999969482422,109.06999969482422,5004400,Yahoo Finance daily
2011-04-12,us,CAT,,108.61000061035156,109.0199966430664,106.33999633789062,106.56999969482422,8736300,Yahoo Finance daily
2011-04-13,us,CAT,,107.76000213623048,107.97000122070312,106.37999725341795,107.62999725341795,5835000,Yahoo Finance daily
2011-04-14,us,CAT,,106.81999969482422,107.7699966430664,105.3499984741211,107.58000183105467,5770700,Yahoo Finance daily
2011-04-15,us,CAT,,108.08000183105467,108.11000061035156,106.8000030517578,107.20999908447266,5319100,Yahoo Finance daily
2011-04-18,us,CAT,,105.58000183105467,105.73999786376952,102.16000366210938,103.9000015258789,11445300,Yahoo Finance daily
2011-04-19,us,CAT,,105.18000030517578,106.41999816894533,104.63999938964844,106.0999984741211,7152000,Yahoo Finance daily
2011-04-20,us,CAT,,107.94000244140624,108.5,107.36000061035156,108.27999877929688,5317800,Yahoo Finance daily
2011-04-21,us,CAT,,109.0,109.5,108.41000366210938,109.41999816894533,4051200,Yahoo Finance daily
2011-04-25,us,CAT,,109.23999786376952,109.4800033569336,107.9499969482422,108.8499984741211,3708600,Yahoo Finance daily
2011-04-26,us,CAT,,110.1500015258789,112.1999969482422,109.8499984741211,111.94000244140624,6700000,Yahoo Finance daily
2011-04-27,us,CAT,,112.66000366210938,112.6999969482422,109.75,112.61000061035156,6070600,Yahoo Finance daily
2011-04-28,us,CAT,,112.27999877929688,112.6999969482422,111.3499984741211,112.63999938964844,6262600,Yahoo Finance daily
2011-04-29,us,CAT,,115.4000015258789,116.25,114.52999877929688,115.41000366210938,11800000,Yahoo Finance daily
2011-05-02,us,CAT,,116.23999786376952,116.5500030517578,113.91999816894533,114.37000274658205,7623600,Yahoo Finance daily
2011-05-03,us,CAT,,114.12000274658205,114.37999725341795,112.73999786376952,113.2699966430664,6302000,Yahoo Finance daily
2011-05-04,us,CAT,,113.22000122070312,113.91000366210938,109.94000244140624,110.7699966430664,8966500,Yahoo Finance daily
2011-05-05,us,CAT,,110.08000183105467,111.45999908447266,108.38999938964844,109.38999938964844,8779100,Yahoo Finance daily
2011-05-06,us,CAT,,111.5199966430664,112.70999908447266,110.16999816894533,110.33999633789062,7987300,Yahoo Finance daily
2011-05-09,us,CAT,,110.8000030517578,112.4800033569336,110.37000274658205,111.66000366210938,5075800,Yahoo Finance daily
2011-05-10,us,CAT,,112.76000213623048,112.97000122070312,111.86000061035156,112.87000274658205,4923900,Yahoo Finance daily
2011-05-11,us,CAT,,112.33999633789062,112.3499984741211,109.0,109.9800033569336,9670400,Yahoo Finance daily
2011-05-12,us,CAT,,109.1999969482422,109.61000061035156,107.0,108.62999725341795,9274800,Yahoo Finance daily
2011-05-13,us,CAT,,109.47000122070312,109.5999984741211,106.0199966430664,106.33000183105467,9250400,Yahoo Finance daily
2011-05-16,us,CAT,,105.87000274658205,108.2699966430664,105.06999969482422,106.08999633789062,8290800,Yahoo Finance daily
2011-05-17,us,CAT,,105.08000183105467,105.2300033569336,101.47000122070312,102.08000183105467,19186700,Yahoo Finance daily
2011-05-18,us,CAT,,102.8499984741211,105.5,101.77999877929688,105.25,9472200,Yahoo Finance daily
2011-05-19,us,CAT,,106.61000061035156,106.87000274658205,104.91000366210938,105.3000030517578,8613400,Yahoo Finance daily
2011-05-20,us,CAT,,105.23999786376952,105.5,103.5999984741211,104.33000183105467,8656800,Yahoo Finance daily
2011-05-23,us,CAT,,101.30999755859376,102.51000213623048,100.37000274658205,101.88999938964844,10095100,Yahoo Finance daily
2011-05-24,us,CAT,,102.37000274658205,102.9499969482422,101.06999969482422,101.5500030517578,7273300,Yahoo Finance daily
2011-05-25,us,CAT,,101.02999877929688,103.93000030517578,100.77999877929688,103.25,6193100,Yahoo Finance daily
2011-05-26,us,CAT,,103.06999969482422,104.68000030517578,102.02999877929688,104.19000244140624,6640000,Yahoo Finance daily
2011-05-27,us,CAT,,104.72000122070312,105.36000061035156,104.2699966430664,104.5999984741211,4511300,Yahoo Finance daily
2011-05-31,us,CAT,,106.41000366210938,106.5999984741211,104.30999755859376,105.8000030517578,6641900,Yahoo Finance daily
2011-06-01,us,CAT,,104.97000122070312,105.4800033569336,101.0,101.23999786376952,10597600,Yahoo Finance daily
2011-06-02,us,CAT,,101.81999969482422,103.72000122070312,101.30999755859376,102.19000244140624,9125300,Yahoo Finance daily
2011-06-03,us,CAT,,100.48999786376952,102.48999786376952,99.1500015258789,101.0999984741211,9508600,Yahoo Finance daily
2011-06-06,us,CAT,,100.25,101.61000061035156,99.47000122070312,99.86000061035156,8092800,Yahoo Finance daily
2011-06-07,us,CAT,,101.23999786376952,101.3499984741211,99.80999755859376,99.87999725341795,6772200,Yahoo Finance daily
2011-06-08,us,CAT,,99.20999908447266,99.86000061035156,97.7699966430664,98.04000091552734,9761100,Yahoo Finance daily
2011-06-09,us,CAT,,98.29000091552734,99.70999908447266,98.22000122070312,99.26000213623048,6167600,Yahoo Finance daily
2011-06-10,us,CAT,,98.8000030517578,98.9000015258789,96.41999816894533,96.79000091552734,9603600,Yahoo Finance daily
2011-06-13,us,CAT,,96.93000030517578,97.52999877929688,94.72000122070312,95.44000244140624,9767400,Yahoo Finance daily
2011-06-14,us,CAT,,96.8499984741211,98.4499969482422,96.12999725341795,97.86000061035156,8479700,Yahoo Finance daily
2011-06-15,us,CAT,,96.58000183105467,97.36000061035156,95.51000213623048,95.6500015258789,8143600,Yahoo Finance daily
2011-06-16,us,CAT,,95.38999938964844,96.86000061035156,94.20999908447266,95.45999908447266,8886500,Yahoo Finance daily
2011-06-17,us,CAT,,96.45999908447266,96.94000244140624,95.30999755859376,95.9499969482422,8314800,Yahoo Finance daily
2011-06-20,us,CAT,,96.48999786376952,98.37000274658205,96.0500030517578,98.18000030517578,7484700,Yahoo Finance daily
2011-06-21,us,CAT,,99.41999816894533,101.95999908447266,99.05999755859376,101.38999938964844,9638100,Yahoo Finance daily
2011-06-22,us,CAT,,101.16999816894533,102.5,100.06999969482422,100.1500015258789,7445100,Yahoo Finance daily
2011-06-23,us,CAT,,97.9000015258789,100.6500015258789,96.9499969482422,100.5500030517578,10640900,Yahoo Finance daily
2011-06-24,us,CAT,,101.0500030517578,101.0999984741211,99.44000244140624,100.01000213623048,8496400,Yahoo Finance daily
2011-06-27,us,CAT,,99.95999908447266,101.5,99.06999969482422,100.8000030517578,5614400,Yahoo Finance daily
2011-06-28,us,CAT,,101.44000244140624,104.06999969482422,101.4000015258789,103.83999633789062,7884300,Yahoo Finance daily
2011-06-29,us,CAT,,104.4499969482422,104.48999786376952,102.4000015258789,103.36000061035156,8642000,Yahoo Finance daily
2011-06-30,us,CAT,,103.36000061035156,106.93000030517578,103.31999969482422,106.45999908447266,10598400,Yahoo Finance daily
2011-07-01,us,CAT,,106.1500015258789,109.16999816894533,105.75,108.62000274658205,9153800,Yahoo Finance daily
2011-07-05,us,CAT,,107.91999816894533,108.77999877929688,107.33999633789062,108.43000030517578,6880200,Yahoo Finance daily
2011-07-06,us,CAT,,108.11000061035156,110.12000274658205,108.08000183105467,110.08000183105467,6933200,Yahoo Finance daily
2011-07-07,us,CAT,,111.56999969482422,112.6500015258789,111.25,111.62999725341795,7403800,Yahoo Finance daily
2011-07-08,us,CAT,,108.5199966430664,110.41000366210938,107.8000030517578,110.41000366210938,8293100,Yahoo Finance daily
2011-07-11,us,CAT,,108.41000366210938,109.4800033569336,107.25,108.16000366210938,7568600,Yahoo Finance daily
2011-07-12,us,CAT,,107.62999725341795,108.45999908447266,106.66999816894533,106.93000030517578,7892700,Yahoo Finance daily
2011-07-13,us,CAT,,108.4800033569336,110.41999816894533,108.33999633789062,108.63999938964844,6819200,Yahoo Finance daily
2011-07-14,us,CAT,,108.83000183105467,110.5,107.0,107.58000183105467,7394300,Yahoo Finance daily
2011-07-15,us,CAT,,108.7699966430664,109.36000061035156,107.13999938964844,109.36000061035156,6660700,Yahoo Finance daily
2011-07-18,us,CAT,,108.45999908447266,108.47000122070312,106.16000366210938,107.8000030517578,6878600,Yahoo Finance daily
2011-07-19,us,CAT,,108.88999938964844,109.97000122070312,108.1999969482422,109.63999938964844,6674600,Yahoo Finance daily
2011-07-20,us,CAT,,110.70999908447266,110.9800033569336,109.61000061035156,110.30999755859376,5761600,Yahoo Finance daily
2011-07-21,us,CAT,,111.0500030517578,112.43000030517578,110.12000274658205,111.5999984741211,9340700,Yahoo Finance daily
2011-07-22,us,CAT,,104.62000274658205,106.4800033569336,103.0,105.1500015258789,25775600,Yahoo Finance daily
2011-07-25,us,CAT,,104.16000366210938,106.3000030517578,103.8000030517578,105.66000366210938,8662500,Yahoo Finance daily
2011-07-26,us,CAT,,105.91000366210938,106.0,104.6999969482422,105.1999969482422,7155500,Yahoo Finance daily
2011-07-27,us,CAT,,104.43000030517578,104.61000061035156,101.0,101.33999633789062,10684500,Yahoo Finance daily
2011-07-28,us,CAT,,101.51000213623048,102.08999633789062,99.4499969482422,99.63999938964844,9438000,Yahoo Finance daily
2011-07-29,us,CAT,,98.31999969482422,99.97000122070312,97.27999877929688,98.79000091552734,12283000,Yahoo Finance daily
2011-08-01,us,CAT,,102.43000030517578,102.81999969482422,98.8000030517578,100.72000122070312,12865200,Yahoo Finance daily
2011-08-02,us,CAT,,99.5500030517578,101.5500030517578,97.12000274658205,97.18000030517578,12058300,Yahoo Finance daily
2011-08-03,us,CAT,,97.91999816894533,98.29000091552734,93.54000091552734,96.27999877929688,16922200,Yahoo Finance daily
2011-08-04,us,CAT,,94.4000015258789,94.70999908447266,89.5,89.55000305175781,18655000,Yahoo Finance daily
2011-08-05,us,CAT,,92.12999725341795,92.5,86.4800033569336,90.98999786376952,22791500,Yahoo Finance daily
2011-08-08,us,CAT,,86.2300033569336,88.16000366210938,82.25,82.5999984741211,21293000,Yahoo Finance daily
2011-08-09,us,CAT,,85.4000015258789,87.5999984741211,80.83999633789062,87.4800033569336,20473600,Yahoo Finance daily
2011-08-10,us,CAT,,86.72000122070312,87.19999694824219,83.38999938964844,83.51000213623047,15335900,Yahoo Finance daily
2011-08-11,us,CAT,,85.13999938964844,88.79000091552734,83.94000244140625,87.25,14157600,Yahoo Finance daily
2011-08-12,us,CAT,,91.05999755859376,91.3000030517578,88.80999755859375,89.80999755859375,11463400,Yahoo Finance daily
2011-08-15,us,CAT,,91.4499969482422,92.8000030517578,90.68000030517578,91.37000274658205,10460200,Yahoo Finance daily
2011-08-16,us,CAT,,90.0199966430664,90.37000274658205,88.5199966430664,89.3499984741211,10816200,Yahoo Finance daily
2011-08-17,us,CAT,,90.11000061035156,90.8000030517578,87.1500015258789,87.63999938964844,10620900,Yahoo Finance daily
2011-08-18,us,CAT,,84.44999694824219,84.80000305175781,81.5,83.33000183105469,16793000,Yahoo Finance daily
2011-08-19,us,CAT,,81.91999816894531,85.0,79.81999969482422,79.97000122070312,13740200,Yahoo Finance daily
2011-08-22,us,CAT,,82.94000244140625,83.04000091552734,79.55999755859375,79.88999938964844,9459400,Yahoo Finance daily
2011-08-23,us,CAT,,80.54000091552734,83.0,79.80000305175781,82.9800033569336,11696900,Yahoo Finance daily
2011-08-24,us,CAT,,83.23999786376953,85.70999908447266,82.19999694824219,85.4000015258789,10137700,Yahoo Finance daily
2011-08-25,us,CAT,,86.23999786376953,86.86000061035156,82.80000305175781,83.25,8204700,Yahoo Finance daily
2011-08-26,us,CAT,,82.19000244140625,85.91000366210938,81.05000305175781,85.16000366210938,9456900,Yahoo Finance daily
2011-08-29,us,CAT,,87.11000061035156,88.55000305175781,86.3499984741211,88.1500015258789,7643500,Yahoo Finance daily
2011-08-30,us,CAT,,88.0,90.87000274658205,87.36000061035156,89.83000183105469,9851600,Yahoo Finance daily
2011-08-31,us,CAT,,91.75,93.81999969482422,89.88999938964844,91.0,12664700,Yahoo Finance daily
2011-09-01,us,CAT,,91.19000244140624,92.83000183105467,88.27999877929688,88.55000305175781,10690900,Yahoo Finance daily
2011-09-02,us,CAT,,85.25,86.69999694824219,84.37000274658203,85.37999725341797,11950700,Yahoo Finance daily
2011-09-06,us,CAT,,82.23999786376953,86.0199966430664,82.11000061035156,85.69999694824219,8647900,Yahoo Finance daily
2011-09-07,us,CAT,,87.80000305175781,88.70999908447266,86.41999816894531,88.69000244140625,9318700,Yahoo Finance daily
2011-09-08,us,CAT,,87.31999969482422,88.9800033569336,86.4000015258789,87.04000091552734,9947800,Yahoo Finance daily
2011-09-09,us,CAT,,86.02999877929688,86.25,83.13999938964844,83.95999908447266,11669500,Yahoo Finance daily
2011-09-12,us,CAT,,81.93000030517578,84.13999938964844,81.25,83.87000274658203,10842300,Yahoo Finance daily
2011-09-13,us,CAT,,83.8499984741211,86.25,83.37999725341797,85.0199966430664,9802300,Yahoo Finance daily
2011-09-14,us,CAT,,85.61000061035156,86.95999908447266,82.52999877929688,85.44999694824219,10622100,Yahoo Finance daily
2011-09-15,us,CAT,,86.6500015258789,87.69000244140625,85.7699966430664,86.5999984741211,8298500,Yahoo Finance daily
2011-09-16,us,CAT,,87.45999908447266,87.45999908447266,85.20999908447266,85.9000015258789,10488600,Yahoo Finance daily
2011-09-19,us,CAT,,83.91999816894531,85.16000366210938,82.33000183105469,84.5999984741211,8936500,Yahoo Finance daily
2011-09-20,us,CAT,,85.63999938964844,85.7699966430664,83.5,83.66000366210938,8999300,Yahoo Finance daily
2011-09-21,us,CAT,,83.11000061035156,83.38999938964844,79.29000091552734,79.36000061035156,16459600,Yahoo Finance daily
2011-09-22,us,CAT,,76.29000091552734,76.55999755859375,72.5999984741211,73.9000015258789,20947300,Yahoo Finance daily
2011-09-23,us,CAT,,73.44000244140625,75.5,73.0199966430664,73.86000061035156,12104700,Yahoo Finance daily
2011-09-26,us,CAT,,74.70999908447266,77.0,73.23999786376953,76.8499984741211,10016400,Yahoo Finance daily
2011-09-27,us,CAT,,79.25,79.8499984741211,77.12000274658203,77.66999816894531,10814900,Yahoo Finance daily
2011-09-28,us,CAT,,78.12999725341797,79.1500015258789,74.87999725341797,75.08000183105469,9380700,Yahoo Finance daily
2011-09-29,us,CAT,,76.88999938964844,77.27999877929688,73.19999694824219,75.38999938964844,10260900,Yahoo Finance daily
2011-09-30,us,CAT,,73.45999908447266,75.88999938964844,73.2300033569336,73.83999633789062,10537000,Yahoo Finance daily
2011-10-03,us,CAT,,72.77999877929688,73.58999633789062,70.5,70.55000305175781,10783200,Yahoo Finance daily
2011-10-04,us,CAT,,68.75,72.76000213623047,67.54000091552734,72.54000091552734,14700000,Yahoo Finance daily
2011-10-05,us,CAT,,72.83999633789062,74.61000061035156,71.48999786376953,74.26000213623047,9672300,Yahoo Finance daily
2011-10-06,us,CAT,,74.56999969482422,77.19000244140625,73.5999984741211,77.08999633789062,15808200,Yahoo Finance daily
2011-10-07,us,CAT,,77.7699966430664,77.79000091552734,74.69999694824219,75.5199966430664,14024700,Yahoo Finance daily
2011-10-10,us,CAT,,77.2699966430664,79.75,77.19999694824219,79.12999725341797,10302400,Yahoo Finance daily
2011-10-11,us,CAT,,78.08000183105469,81.13999938964844,77.94999694824219,80.66000366210938,17854600,Yahoo Finance daily
2011-10-12,us,CAT,,82.01000213623047,82.80000305175781,81.05999755859375,81.69999694824219,10423700,Yahoo Finance daily
2011-10-13,us,CAT,,81.22000122070312,81.91000366210938,80.33999633789062,81.44000244140625,7952500,Yahoo Finance daily
2011-10-14,us,CAT,,82.8499984741211,84.22000122070312,82.38999938964844,84.08999633789062,7353700,Yahoo Finance daily
2011-10-17,us,CAT,,84.83000183105469,85.37999725341797,81.33000183105469,81.5199966430664,10196700,Yahoo Finance daily
2011-10-18,us,CAT,,81.44999694824219,85.56999969482422,80.76000213623047,84.72000122070312,13574600,Yahoo Finance daily
2011-10-19,us,CAT,,84.66999816894531,85.41999816894531,83.06999969482422,83.55999755859375,8731100,Yahoo Finance daily
2011-10-20,us,CAT,,83.9000015258789,85.0,82.5,84.26000213623047,9446500,Yahoo Finance daily
2011-10-21,us,CAT,,85.41999816894531,87.5,85.30000305175781,87.38999938964844,11480300,Yahoo Finance daily
2011-10-24,us,CAT,,91.76000213623048,92.9000015258789,90.8000030517578,91.7699966430664,16383300,Yahoo Finance daily
2011-10-25,us,CAT,,91.36000061035156,92.48999786376952,89.0199966430664,89.88999938964844,10711700,Yahoo Finance daily
2011-10-26,us,CAT,,91.81999969482422,92.25,90.0199966430664,91.56999969482422,9747800,Yahoo Finance daily
2011-10-27,us,CAT,,95.0,97.72000122070312,94.61000061035156,96.33000183105467,13928100,Yahoo Finance daily
2011-10-28,us,CAT,,95.6999969482422,97.9499969482422,95.6500015258789,96.8499984741211,8699300,Yahoo Finance daily
2011-10-31,us,CAT,,95.04000091552734,95.62999725341795,93.8499984741211,94.45999908447266,9273900,Yahoo Finance daily
2011-11-01,us,CAT,,90.0,93.0,89.0,91.62999725341795,13543700,Yahoo Finance daily
2011-11-02,us,CAT,,93.02999877929688,94.23999786376952,92.1999969482422,93.94000244140624,9303400,Yahoo Finance daily
2011-11-03,us,CAT,,95.45999908447266,96.3499984741211,93.87000274658205,96.0,11159000,Yahoo Finance daily
2011-11-04,us,CAT,,95.3000030517578,95.98999786376952,93.8000030517578,95.73999786376952,6818800,Yahoo Finance daily
2011-11-07,us,CAT,,95.5999984741211,96.25,93.38999938964844,95.0,7285300,Yahoo Finance daily
2011-11-08,us,CAT,,95.95999908447266,96.0,93.94000244140624,95.88999938964844,7316700,Yahoo Finance daily
2011-11-09,us,CAT,,93.5,93.9800033569336,91.1500015258789,91.63999938964844,11208500,Yahoo Finance daily
2011-11-10,us,CAT,,92.9800033569336,93.4000015258789,91.1999969482422,92.1999969482422,7323000,Yahoo Finance daily
2011-11-11,us,CAT,,93.56999969482422,96.1999969482422,93.37000274658205,96.12999725341795,9818400,Yahoo Finance daily
2011-11-14,us,CAT,,97.47000122070312,98.06999969482422,95.87999725341795,96.52999877929688,8584900,Yahoo Finance daily
2011-11-15,us,CAT,,96.20999908447266,97.73999786376952,95.8000030517578,97.06999969482422,8760700,Yahoo Finance daily
2011-11-16,us,CAT,,96.23999786376952,98.1999969482422,95.5999984741211,95.75,8117500,Yahoo Finance daily
2011-11-17,us,CAT,,95.6999969482422,96.05999755859376,92.8000030517578,93.80999755859376,10084000,Yahoo Finance daily
2011-11-18,us,CAT,,94.54000091552734,94.79000091552734,93.1500015258789,93.93000030517578,6065700,Yahoo Finance daily
2011-11-21,us,CAT,,92.06999969482422,92.0999984741211,89.47000122070312,91.12000274658205,9853100,Yahoo Finance daily
2011-11-22,us,CAT,,90.8000030517578,91.22000122070312,88.58000183105469,89.98999786376953,7490600,Yahoo Finance daily
2011-11-23,us,CAT,,89.38999938964844,89.5999984741211,87.43000030517578,87.76000213623047,7643800,Yahoo Finance daily
2011-11-25,us,CAT,,87.30000305175781,88.4000015258789,86.62999725341797,86.72000122070312,3078700,Yahoo Finance daily
2011-11-28,us,CAT,,90.3499984741211,91.88999938964844,89.98999786376953,91.4800033569336,8339500,Yahoo Finance daily
2011-11-29,us,CAT,,91.63999938964844,91.81999969482422,90.4499969482422,90.54000091552734,6054600,Yahoo Finance daily
2011-11-30,us,CAT,,94.6500015258789,97.91000366210938,94.6500015258789,97.87999725341795,13076500,Yahoo Finance daily
2011-12-01,us,CAT,,97.2300033569336,98.0,95.76000213623048,96.81999969482422,7491800,Yahoo Finance daily
2011-12-02,us,CAT,,97.75,98.0,96.01000213623048,96.29000091552734,7897900,Yahoo Finance daily
2011-12-05,us,CAT,,97.7300033569336,97.97000122070312,96.33000183105467,96.8499984741211,7484800,Yahoo Finance daily
2011-12-06,us,CAT,,96.62000274658205,96.93000030517578,94.88999938964844,95.95999908447266,6443200,Yahoo Finance daily
2011-12-07,us,CAT,,94.9800033569336,95.27999877929688,93.8000030517578,94.88999938964844,8146300,Yahoo Finance daily
2011-12-08,us,CAT,,94.33999633789062,95.52999877929688,92.5999984741211,92.91999816894533,7842300,Yahoo Finance daily
2011-12-09,us,CAT,,93.62999725341795,96.29000091552734,93.44000244140624,95.97000122070312,7139000,Yahoo Finance daily
2011-12-12,us,CAT,,94.36000061035156,94.5,92.30999755859376,93.23999786376952,6326700,Yahoo Finance daily
2011-12-13,us,CAT,,94.04000091552734,94.68000030517578,90.0999984741211,90.9800033569336,8464700,Yahoo Finance daily
2011-12-14,us,CAT,,89.58999633789062,89.80000305175781,86.29000091552734,87.0,13564500,Yahoo Finance daily
2011-12-15,us,CAT,,88.79000091552734,88.87999725341797,87.08999633789062,87.69999694824219,7645200,Yahoo Finance daily
2011-12-16,us,CAT,,88.81999969482422,89.51000213623047,87.19999694824219,87.19999694824219,11556900,Yahoo Finance daily
2011-12-19,us,CAT,,88.08999633789062,89.72000122070312,86.94000244140625,87.25,7919100,Yahoo Finance daily
2011-12-20,us,CAT,,89.26000213623047,91.9000015258789,89.2300033569336,91.7300033569336,7844300,Yahoo Finance daily
2011-12-21,us,CAT,,91.77999877929688,92.01000213623048,89.9000015258789,91.62999725341795,7177300,Yahoo Finance daily
2011-12-22,us,CAT,,92.02999877929688,92.5,91.0199966430664,91.80999755859376,4766000,Yahoo Finance daily
2011-12-23,us,CAT,,92.1999969482422,92.41999816894533,91.6500015258789,92.25,3368600,Yahoo Finance daily
2011-12-27,us,CAT,,91.6999969482422,92.37999725341795,91.51000213623048,91.5500030517578,3216200,Yahoo Finance daily
2011-12-28,us,CAT,,91.76000213623048,91.8000030517578,89.16999816894531,89.37000274658203,5248800,Yahoo Finance daily
2011-12-29,us,CAT,,89.45999908447266,90.86000061035156,89.45999908447266,90.58000183105467,3570800,Yahoo Finance daily
2011-12-30,us,CAT,,90.72000122070312,91.41999816894533,90.4000015258789,90.5999984741211,3279800,Yahoo Finance daily
2012-01-03,us,CAT,,92.7699966430664,95.11000061035156,92.7699966430664,93.9800033569336,8177000,Yahoo Finance daily
2012-01-04,us,CAT,,93.41000366210938,95.51000213623048,93.41000366210938,94.8499984741211,7335200,Yahoo Finance daily
2012-01-05,us,CAT,,94.83999633789062,96.16000366210938,93.9000015258789,95.5199966430664,5555900,Yahoo Finance daily
2012-01-06,us,CAT,,96.02999877929688,96.1999969482422,95.31999969482422,95.76000213623048,5474100,Yahoo Finance daily
2012-01-09,us,CAT,,96.08999633789062,97.41000366210938,96.0,97.0999984741211,6536300,Yahoo Finance daily
2012-01-10,us,CAT,,98.4499969482422,99.9800033569336,98.27999877929688,99.95999908447266,9545000,Yahoo Finance daily
2012-01-11,us,CAT,,99.83000183105467,100.4499969482422,99.4000015258789,99.63999938964844,7226500,Yahoo Finance daily
2012-01-12,us,CAT,,99.98999786376952,102.04000091552734,98.66000366210938,101.94000244140624,10471800,Yahoo Finance daily
2012-01-13,us,CAT,,100.72000122070312,102.6999969482422,100.5500030517578,102.4800033569336,9914300,Yahoo Finance daily
2012-01-17,us,CAT,,103.81999969482422,104.8000030517578,103.31999969482422,103.37000274658205,8864700,Yahoo Finance daily
2012-01-18,us,CAT,,102.66000366210938,104.5,102.5,104.26000213623048,6794400,Yahoo Finance daily
2012-01-19,us,CAT,,104.6500015258789,105.76000213623048,103.62999725341795,105.75,9464800,Yahoo Finance daily
2012-01-20,us,CAT,,105.3499984741211,105.91999816894533,104.83999633789062,105.63999938964844,6601100,Yahoo Finance daily
2012-01-23,us,CAT,,105.91000366210938,107.23999786376952,105.63999938964844,106.37000274658205,7003800,Yahoo Finance daily
2012-01-24,us,CAT,,105.43000030517578,106.8000030517578,105.1500015258789,106.29000091552734,5577300,Yahoo Finance daily
2012-01-25,us,CAT,,106.0,109.27999877929688,105.98999786376952,109.0500030517578,10649400,Yahoo Finance daily
2012-01-26,us,CAT,,112.20999908447266,114.0,110.6999969482422,111.30999755859376,18539000,Yahoo Finance daily
2012-01-27,us,CAT,,110.52999877929688,111.9800033569336,109.66999816894533,111.27999877929688,7835100,Yahoo Finance daily
2012-01-30,us,CAT,,110.0199966430664,110.75,104.4499969482422,110.41000366210938,5968400,Yahoo Finance daily
2012-01-31,us,CAT,,111.29000091552734,112.0,108.70999908447266,109.12000274658205,7608300,Yahoo Finance daily
2012-02-01,us,CAT,,110.75,111.38999938964844,109.94000244140624,110.5199966430664,6737900,Yahoo Finance daily
2012-02-02,us,CAT,,110.8000030517578,111.0199966430664,109.86000061035156,110.33000183105467,5125400,Yahoo Finance daily
2012-02-03,us,CAT,,112.16999816894533,114.6500015258789,111.9000015258789,113.94000244140624,10225500,Yahoo Finance daily
2012-02-06,us,CAT,,113.23999786376952,114.25,112.8000030517578,113.77999877929688,5029600,Yahoo Finance daily
2012-02-07,us,CAT,,113.0500030517578,114.0999984741211,112.48999786376952,113.80999755859376,5139200,Yahoo Finance daily
2012-02-08,us,CAT,,113.81999969482422,114.33000183105467,113.22000122070312,114.04000091552734,4123800,Yahoo Finance daily
2012-02-09,us,CAT,,114.38999938964844,114.63999938964844,112.58999633789062,112.83000183105467,7566200,Yahoo Finance daily
2012-02-10,us,CAT,,111.01000213623048,111.77999877929688,110.33000183105467,111.75,6351700,Yahoo Finance daily
2012-02-13,us,CAT,,112.6999969482422,113.86000061035156,111.68000030517578,113.6999969482422,5702400,Yahoo Finance daily
2012-02-14,us,CAT,,113.31999969482422,114.4800033569336,113.20999908447266,114.4499969482422,6425000,Yahoo Finance daily
2012-02-15,us,CAT,,114.48999786376952,114.6999969482422,111.94000244140624,112.52999877929688,8201900,Yahoo Finance daily
2012-02-16,us,CAT,,112.72000122070312,114.0500030517578,112.38999938964844,113.95999908447266,5456900,Yahoo Finance daily
2012-02-17,us,CAT,,114.37999725341795,114.5,113.02999877929688,113.9499969482422,4296000,Yahoo Finance daily
2012-02-21,us,CAT,,114.5,116.44000244140624,114.38999938964844,115.0,7520200,Yahoo Finance daily
2012-02-22,us,CAT,,114.76000213623048,116.4499969482422,114.5,115.80999755859376,5004800,Yahoo Finance daily
2012-02-23,us,CAT,,115.87999725341795,116.4499969482422,115.0,116.1999969482422,5064900,Yahoo Finance daily
2012-02-24,us,CAT,,116.29000091552734,116.9499969482422,115.66999816894533,116.0,4473500,Yahoo Finance daily
2012-02-27,us,CAT,,114.83999633789062,116.5,114.5500030517578,115.62999725341795,4909600,Yahoo Finance daily
2012-02-28,us,CAT,,115.80999755859376,116.22000122070312,115.1999969482422,115.76000213623048,4013200,Yahoo Finance daily
2012-02-29,us,CAT,,116.12999725341795,116.4000015258789,113.68000030517578,114.20999908447266,6780300,Yahoo Finance daily
2012-03-01,us,CAT,,114.66999816894533,115.37999725341795,113.01000213623048,113.38999938964844,7465000,Yahoo Finance daily
2012-03-02,us,CAT,,113.16000366210938,113.94000244140624,111.8000030517578,112.48999786376952,5404800,Yahoo Finance daily
2012-03-05,us,CAT,,111.5500030517578,111.9000015258789,109.5199966430664,110.08999633789062,8392200,Yahoo Finance daily
2012-03-06,us,CAT,,106.56999969482422,107.16000366210938,105.1999969482422,105.93000030517578,12630800,Yahoo Finance daily
2012-03-07,us,CAT,,106.66000366210938,108.62000274658205,106.31999969482422,108.27999877929688,7385800,Yahoo Finance daily
2012-03-08,us,CAT,,109.58999633789062,110.55999755859376,108.66000366210938,110.27999877929688,6171200,Yahoo Finance daily
2012-03-09,us,CAT,,110.87999725341795,111.08999633789062,109.8000030517578,110.22000122070312,6526500,Yahoo Finance daily
2012-03-12,us,CAT,,110.11000061035156,110.9499969482422,108.68000030517578,108.94000244140624,6499200,Yahoo Finance daily
2012-03-13,us,CAT,,109.7300033569336,113.37999725341795,109.30999755859376,113.3000030517578,8077600,Yahoo Finance daily
2012-03-14,us,CAT,,113.20999908447266,113.4499969482422,111.26000213623048,112.2699966430664,6181000,Yahoo Finance daily
2012-03-15,us,CAT,,112.87999725341795,113.4800033569336,111.38999938964844,113.4499969482422,5316700,Yahoo Finance daily
2012-03-16,us,CAT,,114.0199966430664,114.25,113.04000091552734,113.58000183105467,5776000,Yahoo Finance daily
2012-03-19,us,CAT,,113.5,114.08999633789062,112.77999877929688,113.7300033569336,4736500,Yahoo Finance daily
2012-03-20,us,CAT,,111.98999786376952,112.0,110.51000213623048,110.76000213623048,8086900,Yahoo Finance daily
2012-03-21,us,CAT,,110.8499984741211,111.3499984741211,109.0,109.0,7925000,Yahoo Finance daily
2012-03-22,us,CAT,,107.27999877929688,107.94000244140624,105.6999969482422,106.43000030517578,9449700,Yahoo Finance daily
2012-03-23,us,CAT,,106.58999633789062,108.61000061035156,105.8000030517578,107.83000183105467,6025000,Yahoo Finance daily
2012-03-26,us,CAT,,108.8000030517578,109.6999969482422,108.12000274658205,108.75,4570800,Yahoo Finance daily
2012-03-27,us,CAT,,108.68000030517578,109.56999969482422,107.87999725341795,108.05999755859376,4211400,Yahoo Finance daily
2012-03-28,us,CAT,,107.95999908447266,107.97000122070312,103.5500030517578,104.26000213623048,10244900,Yahoo Finance daily
2012-03-29,us,CAT,,103.62000274658205,106.2699966430664,103.4800033569336,106.0199966430664,8316800,Yahoo Finance daily
2012-03-30,us,CAT,,106.6999969482422,106.93000030517578,105.58000183105467,106.5199966430664,4780300,Yahoo Finance daily
2012-04-02,us,CAT,,105.98999786376952,107.94000244140624,105.04000091552734,107.25,5211700,Yahoo Finance daily
2012-04-03,us,CAT,,107.63999938964844,108.08999633789062,105.81999969482422,106.20999908447266,5828000,Yahoo Finance daily
2012-04-04,us,CAT,,104.7699966430664,106.83999633789062,104.33999633789062,106.26000213623048,5583200,Yahoo Finance daily
2012-04-05,us,CAT,,105.70999908447266,107.13999938964844,105.41000366210938,105.87000274658205,4576600,Yahoo Finance daily
2012-04-09,us,CAT,,103.56999969482422,104.29000091552734,102.8000030517578,103.56999969482422,6335700,Yahoo Finance daily
2012-04-10,us,CAT,,103.54000091552734,103.66000366210938,99.8000030517578,100.43000030517578,9162300,Yahoo Finance daily
2012-04-11,us,CAT,,101.7699966430664,102.5,100.5,101.75,6178100,Yahoo Finance daily
2012-04-12,us,CAT,,102.16999816894533,106.5,102.12999725341795,106.44000244140624,8973200,Yahoo Finance daily
2012-04-13,us,CAT,,106.16000366210938,106.91999816894533,105.23999786376952,105.88999938964844,6321600,Yahoo Finance daily
2012-04-16,us,CAT,,107.91999816894533,108.95999908447266,106.16000366210938,106.73999786376952,6813500,Yahoo Finance daily
2012-04-17,us,CAT,,107.9000015258789,109.1999969482422,106.72000122070312,108.41000366210938,5321000,Yahoo Finance daily
2012-04-18,us,CAT,,107.6500015258789,109.7300033569336,107.6500015258789,109.20999908447266,4871700,Yahoo Finance daily
2012-04-19,us,CAT,,109.20999908447266,109.7699966430664,106.37000274658205,107.36000061035156,5628500,Yahoo Finance daily
2012-04-20,us,CAT,,107.7699966430664,108.62000274658205,107.61000061035156,107.7300033569336,4014600,Yahoo Finance daily
2012-04-23,us,CAT,,106.33000183105467,107.04000091552734,105.12000274658205,106.9000015258789,5462600,Yahoo Finance daily
2012-04-24,us,CAT,,107.25,108.79000091552734,107.0999984741211,108.4000015258789,5703200,Yahoo Finance daily
2012-04-25,us,CAT,,106.8499984741211,107.11000061035156,102.3000030517578,103.44000244140624,15948300,Yahoo Finance daily
2012-04-26,us,CAT,,103.97000122070312,104.5500030517578,103.0,104.38999938964844,7317200,Yahoo Finance daily
2012-04-27,us,CAT,,104.98999786376952,105.0500030517578,104.11000061035156,104.55999755859376,4687200,Yahoo Finance daily
2012-04-30,us,CAT,,103.98999786376952,104.12000274658205,102.5500030517578,102.7699966430664,5325600,Yahoo Finance daily
2012-05-01,us,CAT,,102.80999755859376,103.5,101.73999786376952,102.11000061035156,5732800,Yahoo Finance daily
2012-05-02,us,CAT,,101.58000183105467,102.72000122070312,100.6500015258789,102.62999725341795,5620200,Yahoo Finance daily
2012-05-03,us,CAT,,102.9000015258789,103.37999725341795,100.5,100.66999816894533,6102000,Yahoo Finance daily
2012-05-04,us,CAT,,100.0,100.12999725341795,98.0,98.44000244140624,9055000,Yahoo Finance daily
2012-05-07,us,CAT,,97.66999816894533,98.1999969482422,97.02999877929688,97.19000244140624,7245700,Yahoo Finance daily
2012-05-08,us,CAT,,96.83999633789062,96.9499969482422,93.91999816894533,96.48999786376952,10411600,Yahoo Finance daily
2012-05-09,us,CAT,,94.83999633789062,97.3000030517578,94.08000183105467,95.98999786376952,7733500,Yahoo Finance daily
2012-05-10,us,CAT,,97.1500015258789,97.38999938964844,95.18000030517578,95.44000244140624,4982000,Yahoo Finance daily
2012-05-11,us,CAT,,94.5,96.69000244140624,94.3000030517578,95.5,4531900,Yahoo Finance daily
2012-05-14,us,CAT,,94.33000183105467,94.7699966430664,93.4499969482422,93.5999984741211,5213300,Yahoo Finance daily
2012-05-15,us,CAT,,93.8499984741211,94.66000366210938,92.29000091552734,92.68000030517578,5304800,Yahoo Finance daily
2012-05-16,us,CAT,,93.43000030517578,94.08000183105467,91.70999908447266,91.86000061035156,5803400,Yahoo Finance daily
2012-05-17,us,CAT,,91.0199966430664,91.63999938964844,87.5999984741211,87.80000305175781,12695100,Yahoo Finance daily
2012-05-18,us,CAT,,88.26000213623047,89.80999755859375,88.0199966430664,88.68000030517578,8655900,Yahoo Finance daily
2012-05-21,us,CAT,,89.52999877929688,92.3000030517578,89.31999969482422,91.9800033569336,6811300,Yahoo Finance daily
2012-05-22,us,CAT,,92.76000213623048,92.9800033569336,90.88999938964844,91.48999786376952,7210500,Yahoo Finance daily
2012-05-23,us,CAT,,90.51000213623048,92.79000091552734,89.86000061035156,92.47000122070312,6668600,Yahoo Finance daily
2012-05-24,us,CAT,,92.9499969482422,92.95999908447266,90.16999816894533,91.41999816894533,6421600,Yahoo Finance daily
2012-05-25,us,CAT,,91.38999938964844,91.66999816894533,89.62999725341797,89.94000244140625,4637400,Yahoo Finance daily
2012-05-29,us,CAT,,91.1999969482422,93.93000030517578,90.88999938964844,92.5199966430664,8238800,Yahoo Finance daily
2012-05-30,us,CAT,,90.98999786376952,91.0,89.5,90.18000030517578,6350800,Yahoo Finance daily
2012-05-31,us,CAT,,88.41999816894531,88.5,86.01000213623047,87.62000274658203,12370400,Yahoo Finance daily
2012-06-01,us,CAT,,85.08000183105469,86.80000305175781,84.72000122070312,85.5199966430664,9572500,Yahoo Finance daily
2012-06-04,us,CAT,,85.94000244140625,85.94999694824219,82.7300033569336,83.26000213623047,9812600,Yahoo Finance daily
2012-06-05,us,CAT,,83.0199966430664,84.80000305175781,83.0199966430664,83.6500015258789,9212900,Yahoo Finance daily
2012-06-06,us,CAT,,84.72000122070312,86.66000366210938,84.5199966430664,86.66000366210938,8464000,Yahoo Finance daily
2012-06-07,us,CAT,,88.81999969482422,89.87000274658203,86.91999816894531,87.13999938964844,7773300,Yahoo Finance daily
2012-06-08,us,CAT,,86.83000183105469,87.66999816894531,85.33000183105469,87.5999984741211,4399100,Yahoo Finance daily
2012-06-11,us,CAT,,89.19999694824219,89.45999908447266,85.08999633789062,85.19000244140625,6436400,Yahoo Finance daily
2012-06-12,us,CAT,,85.81999969482422,87.05000305175781,84.76000213623047,87.05000305175781,5270100,Yahoo Finance daily
2012-06-13,us,CAT,,86.25,87.0,84.68000030517578,85.29000091552734,8308300,Yahoo Finance daily
2012-06-14,us,CAT,,85.30999755859375,86.25,84.5,85.88999938964844,6124300,Yahoo Finance daily
2012-06-15,us,CAT,,86.4000015258789,86.94999694824219,85.69000244140625,86.93000030517578,6571800,Yahoo Finance daily
2012-06-18,us,CAT,,86.3499984741211,87.08999633789062,85.66999816894531,86.73999786376953,4722600,Yahoo Finance daily
2012-06-19,us,CAT,,87.56999969482422,89.79000091552734,87.19999694824219,88.83999633789062,6254700,Yahoo Finance daily
2012-06-20,us,CAT,,88.13999938964844,88.72000122070312,86.5,87.16999816894531,9413700,Yahoo Finance daily
2012-06-21,us,CAT,,87.08999633789062,87.44999694824219,84.83999633789062,84.9800033569336,8578400,Yahoo Finance daily
2012-06-22,us,CAT,,85.5,86.05000305175781,84.8499984741211,84.95999908447266,6408200,Yahoo Finance daily
2012-06-25,us,CAT,,83.94999694824219,83.9800033569336,82.12000274658203,82.88999938964844,7390700,Yahoo Finance daily
2012-06-26,us,CAT,,83.30999755859375,83.5199966430664,81.80000305175781,82.7300033569336,5590300,Yahoo Finance daily
2012-06-27,us,CAT,,82.62999725341797,82.87000274658203,81.70999908447266,82.25,7407600,Yahoo Finance daily
2012-06-28,us,CAT,,81.66000366210938,82.69999694824219,80.95999908447266,82.62999725341797,9716100,Yahoo Finance daily
2012-06-29,us,CAT,,84.31999969482422,84.94000244140625,83.80999755859375,84.91000366210938,7053400,Yahoo Finance daily
2012-07-02,us,CAT,,85.3499984741211,85.4800033569336,83.04000091552734,83.68000030517578,6420600,Yahoo Finance daily
2012-07-03,us,CAT,,83.9000015258789,86.69999694824219,83.87999725341797,86.45999908447266,4357800,Yahoo Finance daily
2012-07-05,us,CAT,,86.62999725341797,87.55999755859375,85.62999725341797,86.79000091552734,5547600,Yahoo Finance daily
2012-07-06,us,CAT,,85.25,85.25,83.83000183105469,84.61000061035156,6952000,Yahoo Finance daily
2012-07-09,us,CAT,,83.94000244140625,84.3499984741211,82.95999908447266,83.13999938964844,6291200,Yahoo Finance daily
2012-07-10,us,CAT,,83.55999755859375,84.30000305175781,79.12000274658203,80.2699966430664,15154700,Yahoo Finance daily
2012-07-11,us,CAT,,80.5199966430664,80.73999786376953,79.25,79.73999786376953,8184100,Yahoo Finance daily
2012-07-12,us,CAT,,78.9800033569336,80.33000183105469,78.25,79.63999938964844,8743600,Yahoo Finance daily
2012-07-13,us,CAT,,79.94999694824219,82.13999938964844,79.55000305175781,82.06999969482422,7619500,Yahoo Finance daily
2012-07-16,us,CAT,,81.8499984741211,81.8499984741211,80.19999694824219,81.1500015258789,4989800,Yahoo Finance daily
2012-07-17,us,CAT,,81.88999938964844,82.29000091552734,79.94999694824219,81.91000366210938,6462700,Yahoo Finance daily
2012-07-18,us,CAT,,80.52999877929688,83.3499984741211,80.08999633789062,82.5199966430664,7457800,Yahoo Finance daily
2012-07-19,us,CAT,,82.95999908447266,83.4000015258789,82.05000305175781,82.62999725341797,5616100,Yahoo Finance daily
2012-07-20,us,CAT,,81.93000030517578,82.56999969482422,80.66000366210938,80.94999694824219,5897000,Yahoo Finance daily
2012-07-23,us,CAT,,79.66000366210938,82.5999984741211,78.79000091552734,81.58000183105469,7567700,Yahoo Finance daily
2012-07-24,us,CAT,,82.75,83.30000305175781,80.2699966430664,81.43000030517578,8780500,Yahoo Finance daily
2012-07-25,us,CAT,,85.12999725341797,85.44999694824219,80.29000091552734,82.5999984741211,19877300,Yahoo Finance daily
2012-07-26,us,CAT,,83.83999633789062,84.6500015258789,82.0999984741211,83.30000305175781,10138200,Yahoo Finance daily
2012-07-27,us,CAT,,83.18000030517578,86.5999984741211,82.02999877929688,86.16000366210938,11229000,Yahoo Finance daily
2012-07-30,us,CAT,,86.62000274658203,86.97000122070312,85.0,85.69000244140625,6504600,Yahoo Finance daily
2012-07-31,us,CAT,,85.7699966430664,86.36000061035156,84.13999938964844,84.20999908447266,9192500,Yahoo Finance daily
2012-08-01,us,CAT,,85.0,85.06999969482422,82.5,82.6500015258789,9366200,Yahoo Finance daily
2012-08-02,us,CAT,,82.45999908447266,84.30000305175781,82.0999984741211,83.12000274658203,8097300,Yahoo Finance daily
2012-08-03,us,CAT,,84.52999877929688,86.0,84.06999969482422,85.0199966430664,6941300,Yahoo Finance daily
2012-08-06,us,CAT,,85.7300033569336,87.0,85.4800033569336,86.3499984741211,6384800,Yahoo Finance daily
2012-08-07,us,CAT,,87.0,88.31999969482422,86.75,87.22000122070312,6049800,Yahoo Finance daily
2012-08-08,us,CAT,,86.48999786376953,87.87999725341797,86.3499984741211,87.22000122070312,6139600,Yahoo Finance daily
2012-08-09,us,CAT,,87.41000366210938,88.79000091552734,87.25,88.4000015258789,6700600,Yahoo Finance daily
2012-08-10,us,CAT,,88.26000213623047,88.95999908447266,87.63999938964844,88.94000244140625,5500300,Yahoo Finance daily
2012-08-13,us,CAT,,88.83999633789062,89.2699966430664,87.5999984741211,88.61000061035156,5403400,Yahoo Finance daily
2012-08-14,us,CAT,,89.48999786376953,89.6500015258789,87.76000213623047,87.87000274658203,5485600,Yahoo Finance daily
2012-08-15,us,CAT,,87.25,87.7300033569336,86.16000366210938,87.61000061035156,6345200,Yahoo Finance daily
2012-08-16,us,CAT,,87.73999786376953,88.83000183105469,87.2300033569336,88.58999633789062,4979200,Yahoo Finance daily
2012-08-17,us,CAT,,89.86000061035156,90.0999984741211,89.0999984741211,90.01000213623047,7848500,Yahoo Finance daily
2012-08-20,us,CAT,,89.73999786376953,90.4800033569336,89.2300033569336,90.44000244140624,5296000,Yahoo Finance daily
2012-08-21,us,CAT,,91.0,92.08000183105467,89.94999694824219,90.29000091552734,7159700,Yahoo Finance daily
2012-08-22,us,CAT,,90.04000091552734,90.27999877929688,87.62999725341797,88.72000122070312,8843500,Yahoo Finance daily
2012-08-23,us,CAT,,88.63999938964844,88.72000122070312,87.13999938964844,87.62999725341797,5469400,Yahoo Finance daily
2012-08-24,us,CAT,,86.91999816894531,87.75,86.4000015258789,87.47000122070312,4979000,Yahoo Finance daily
2012-08-27,us,CAT,,87.6500015258789,88.0,86.54000091552734,86.62999725341797,4273400,Yahoo Finance daily
2012-08-28,us,CAT,,86.37000274658203,86.98999786376953,85.87999725341797,86.01000213623047,4697200,Yahoo Finance daily
2012-08-29,us,CAT,,85.58000183105469,86.33000183105469,84.44999694824219,86.08999633789062,8731900,Yahoo Finance daily
2012-08-30,us,CAT,,85.55999755859375,85.81999969482422,84.45999908447266,84.47000122070312,5170100,Yahoo Finance daily
2012-08-31,us,CAT,,85.18000030517578,85.94000244140625,84.25,85.33000183105469,5481300,Yahoo Finance daily
2012-09-04,us,CAT,,85.02999877929688,85.12999725341797,82.20999908447266,82.66000366210938,11287600,Yahoo Finance daily
2012-09-05,us,CAT,,82.5999984741211,83.08000183105469,81.77999877929688,82.75,6234700,Yahoo Finance daily
2012-09-06,us,CAT,,83.55000305175781,84.93000030517578,83.3499984741211,84.79000091552734,6982600,Yahoo Finance daily
2012-09-07,us,CAT,,87.26000213623047,88.44000244140625,86.75,88.0999984741211,10698000,Yahoo Finance daily
2012-09-10,us,CAT,,87.94000244140625,88.62999725341797,87.08000183105469,87.0999984741211,5591600,Yahoo Finance daily
2012-09-11,us,CAT,,87.69999694824219,89.12000274658203,87.41000366210938,88.5999984741211,5877800,Yahoo Finance daily
2012-09-12,us,CAT,,89.48999786376953,90.23999786376952,88.66000366210938,89.12000274658203,6016400,Yahoo Finance daily
2012-09-13,us,CAT,,88.62999725341797,90.97000122070312,88.30000305175781,90.68000030517578,7836600,Yahoo Finance daily
2012-09-14,us,CAT,,92.20999908447266,94.27999877929688,91.9800033569336,93.16999816894533,11375700,Yahoo Finance daily
2012-09-17,us,CAT,,92.94000244140624,93.5,91.7300033569336,91.98999786376952,7996500,Yahoo Finance daily
2012-09-18,us,CAT,,91.7699966430664,93.06999969482422,91.7699966430664,93.06999969482422,6596500,Yahoo Finance daily
2012-09-19,us,CAT,,93.3000030517578,94.2300033569336,92.80999755859376,93.94000244140624,6785200,Yahoo Finance daily
2012-09-20,us,CAT,,92.98999786376952,92.98999786376952,91.25,92.54000091552734,7094100,Yahoo Finance daily
2012-09-21,us,CAT,,93.41999816894533,93.41999816894533,91.37000274658205,91.72000122070312,10786300,Yahoo Finance daily
2012-09-24,us,CAT,,90.4499969482422,91.77999877929688,90.4499969482422,90.87000274658205,8604700,Yahoo Finance daily
2012-09-25,us,CAT,,88.66000366210938,89.55000305175781,87.0,87.01000213623047,13936300,Yahoo Finance daily
2012-09-26,us,CAT,,86.9000015258789,87.93000030517578,85.80000305175781,86.94999694824219,8864800,Yahoo Finance daily
2012-09-27,us,CAT,,87.83999633789062,87.94999694824219,86.75,86.91999816894531,7585300,Yahoo Finance daily
2012-09-28,us,CAT,,86.36000061035156,86.58999633789062,85.43000030517578,86.04000091552734,7519300,Yahoo Finance daily
2012-10-01,us,CAT,,86.72000122070312,87.1500015258789,85.23999786376953,85.47000122070312,7385000,Yahoo Finance daily
2012-10-02,us,CAT,,85.62999725341797,85.93000030517578,84.3499984741211,85.47000122070312,8819000,Yahoo Finance daily
2012-10-03,us,CAT,,85.51000213623047,85.63999938964844,84.55000305175781,85.27999877929688,5584500,Yahoo Finance daily
2012-10-04,us,CAT,,85.5199966430664,86.5,85.19999694824219,85.95999908447266,5076900,Yahoo Finance daily
2012-10-05,us,CAT,,86.8499984741211,87.33999633789062,85.01000213623047,85.43000030517578,6547700,Yahoo Finance daily
2012-10-08,us,CAT,,84.94000244140625,85.80999755859375,84.43000030517578,85.44000244140625,4532600,Yahoo Finance daily
2012-10-09,us,CAT,,85.72000122070312,86.1500015258789,84.5,84.75,5810600,Yahoo Finance daily
2012-10-10,us,CAT,,83.88999938964844,84.37000274658203,82.5999984741211,83.16000366210938,10634900,Yahoo Finance daily
2012-10-11,us,CAT,,83.38999938964844,83.69999694824219,82.25,82.8499984741211,7643800,Yahoo Finance daily
2012-10-12,us,CAT,,83.0,84.0999984741211,82.45999908447266,82.81999969482422,6012400,Yahoo Finance daily
2012-10-15,us,CAT,,82.91000366210938,83.19999694824219,82.0999984741211,82.80999755859375,6357300,Yahoo Finance daily
2012-10-16,us,CAT,,83.58999633789062,85.04000091552734,83.20999908447266,84.95999908447266,6943000,Yahoo Finance daily
2012-10-17,us,CAT,,85.62000274658203,86.7699966430664,85.20999908447266,86.62999725341797,7339000,Yahoo Finance daily
2012-10-18,us,CAT,,86.37999725341797,87.52999877929688,85.83000183105469,86.62000274658203,6813600,Yahoo Finance daily
2012-10-19,us,CAT,,85.33000183105469,85.4800033569336,83.48999786376953,83.86000061035156,9874300,Yahoo Finance daily
2012-10-22,us,CAT,,82.94000244140625,86.04000091552734,82.29000091552734,85.08000183105469,17158300,Yahoo Finance daily
2012-10-23,us,CAT,,83.9000015258789,84.13999938964844,82.9800033569336,83.58000183105469,7496100,Yahoo Finance daily
2012-10-24,us,CAT,,84.06999969482422,84.13999938964844,82.5199966430664,82.7300033569336,5509000,Yahoo Finance daily
2012-10-25,us,CAT,,83.38999938964844,83.54000091552734,82.36000061035156,83.52999877929688,5983300,Yahoo Finance daily
2012-10-26,us,CAT,,83.4800033569336,84.31999969482422,83.23999786376953,84.25,7165300,Yahoo Finance daily
2012-10-31,us,CAT,,85.52999877929688,85.91999816894531,84.44999694824219,84.80999755859375,5914600,Yahoo Finance daily
2012-11-01,us,CAT,,85.22000122070312,87.86000061035156,85.0,87.6500015258789,8550000,Yahoo Finance daily
2012-11-02,us,CAT,,88.48999786376953,88.5,85.69999694824219,85.79000091552734,6982000,Yahoo Finance daily
2012-11-05,us,CAT,,85.8499984741211,86.77999877929688,85.58999633789062,86.7699966430664,4044600,Yahoo Finance daily
2012-11-06,us,CAT,,87.3499984741211,88.5999984741211,87.30000305175781,88.08000183105469,7048900,Yahoo Finance daily
2012-11-07,us,CAT,,86.7300033569336,87.2300033569336,84.83999633789062,85.0199966430664,8209200,Yahoo Finance daily
2012-11-08,us,CAT,,85.16000366210938,85.23999786376953,83.5199966430664,83.66000366210938,6240600,Yahoo Finance daily
2012-11-09,us,CAT,,83.0,85.29000091552734,82.9000015258789,84.94999694824219,7282200,Yahoo Finance daily
2012-11-12,us,CAT,,84.44000244140625,85.56999969482422,84.2300033569336,85.18000030517578,5800500,Yahoo Finance daily
2012-11-13,us,CAT,,84.72000122070312,85.18000030517578,83.16999816894531,83.26000213623047,7695300,Yahoo Finance daily
2012-11-14,us,CAT,,83.9000015258789,83.9000015258789,80.87999725341797,81.0999984741211,8497000,Yahoo Finance daily
2012-11-15,us,CAT,,81.3499984741211,82.56999969482422,80.5,81.30000305175781,7794600,Yahoo Finance daily
2012-11-16,us,CAT,,81.37000274658203,82.20999908447266,80.16000366210938,81.93000030517578,8050900,Yahoo Finance daily
2012-11-19,us,CAT,,83.37000274658203,83.83999633789062,83.1500015258789,83.62000274658203,5674800,Yahoo Finance daily
2012-11-20,us,CAT,,83.69999694824219,83.7699966430664,82.58999633789062,83.33000183105469,5535900,Yahoo Finance daily
2012-11-21,us,CAT,,82.94999694824219,83.73999786376953,82.6500015258789,83.05000305175781,4517100,Yahoo Finance daily
2012-11-23,us,CAT,,83.62000274658203,84.19000244140625,83.25,84.16000366210938,2663700,Yahoo Finance daily
2012-11-26,us,CAT,,83.80999755859375,84.80999755859375,83.80999755859375,84.6500015258789,4240800,Yahoo Finance daily
2012-11-27,us,CAT,,84.5,85.12000274658203,83.9000015258789,84.01000213623047,4195600,Yahoo Finance daily
2012-11-28,us,CAT,,83.62999725341797,85.08999633789062,83.0,84.94000244140625,4884700,Yahoo Finance daily
2012-11-29,us,CAT,,85.55000305175781,86.4800033569336,85.4800033569336,86.25,7846300,Yahoo Finance daily
2012-11-30,us,CAT,,86.33000183105469,86.3499984741211,85.02999877929688,85.23999786376953,5663400,Yahoo Finance daily
2012-12-03,us,CAT,,85.91999816894531,85.91999816894531,84.43000030517578,84.48999786376953,4714100,Yahoo Finance daily
2012-12-04,us,CAT,,84.05000305175781,84.95999908447266,83.75,84.16000366210938,4468400,Yahoo Finance daily
2012-12-05,us,CAT,,84.62000274658203,86.56999969482422,84.56999969482422,86.05000305175781,8604400,Yahoo Finance daily
2012-12-06,us,CAT,,85.83000183105469,86.33000183105469,85.08000183105469,85.94999694824219,4132300,Yahoo Finance daily
2012-12-07,us,CAT,,86.69999694824219,87.55000305175781,86.5199966430664,86.98999786376953,7337200,Yahoo Finance daily
2012-12-10,us,CAT,,86.80999755859375,87.44999694824219,86.37999725341797,87.2300033569336,4336600,Yahoo Finance daily
2012-12-11,us,CAT,,87.5999984741211,88.16000366210938,87.04000091552734,87.33000183105469,5371600,Yahoo Finance daily
2012-12-12,us,CAT,,87.88999938964844,88.7699966430664,87.45999908447266,87.94999694824219,7093300,Yahoo Finance daily
2012-12-13,us,CAT,,87.8499984741211,89.30999755859375,87.81999969482422,88.36000061035156,6100000,Yahoo Finance daily
2012-12-14,us,CAT,,88.3499984741211,89.5,88.31999969482422,89.0,5866400,Yahoo Finance daily
2012-12-17,us,CAT,,89.25,89.69000244140625,88.9000015258789,89.63999938964844,6092800,Yahoo Finance daily
2012-12-18,us,CAT,,89.66999816894531,91.08999633789062,89.66999816894531,90.7699966430664,6653300,Yahoo Finance daily
2012-12-19,us,CAT,,90.91000366210938,91.83000183105467,90.73999786376952,90.79000091552734,7065800,Yahoo Finance daily
2012-12-20,us,CAT,,89.9000015258789,90.12999725341795,88.63999938964844,89.5,6893600,Yahoo Finance daily
2012-12-21,us,CAT,,87.5,88.18000030517578,86.4800033569336,87.9000015258789,10727800,Yahoo Finance daily
2012-12-24,us,CAT,,87.51000213623047,87.83000183105469,87.16000366210938,87.4800033569336,2326700,Yahoo Finance daily
2012-12-26,us,CAT,,87.66999816894531,88.68000030517578,87.56999969482422,87.66999816894531,3236100,Yahoo Finance daily
2012-12-27,us,CAT,,87.87000274658203,88.41000366210938,86.55000305175781,87.66000366210938,3953800,Yahoo Finance daily
2012-12-28,us,CAT,,87.08999633789062,87.5999984741211,86.69000244140625,86.80999755859375,3309200,Yahoo Finance daily
2012-12-31,us,CAT,,86.80999755859375,89.80000305175781,86.66999816894531,89.61000061035156,7213000,Yahoo Finance daily
2013-01-02,us,CAT,,92.9499969482422,94.44000244140624,92.9499969482422,93.5,11590000,Yahoo Finance daily
2013-01-03,us,CAT,,93.22000122070312,94.98999786376952,92.88999938964844,94.4000015258789,9329000,Yahoo Finance daily
2013-01-04,us,CAT,,94.56999969482422,94.91999816894533,94.04000091552734,94.91999816894533,5658600,Yahoo Finance daily
2013-01-07,us,CAT,,94.56999969482422,95.66999816894533,94.4000015258789,95.20999908447266,5368800,Yahoo Finance daily
2013-01-08,us,CAT,,94.66999816894533,95.19000244140624,93.56999969482422,94.0,5616100,Yahoo Finance daily
2013-01-09,us,CAT,,94.0999984741211,94.7699966430664,94.0999984741211,94.44000244140624,3546100,Yahoo Finance daily
2013-01-10,us,CAT,,95.11000061035156,95.19000244140624,94.2300033569336,95.08000183105467,4596400,Yahoo Finance daily
2013-01-11,us,CAT,,94.55999755859376,95.38999938964844,94.12000274658205,95.19000244140624,4288500,Yahoo Finance daily
2013-01-14,us,CAT,,95.31999969482422,95.4800033569336,94.1500015258789,94.62999725341795,3685800,Yahoo Finance daily
2013-01-15,us,CAT,,94.20999908447266,95.83000183105467,94.18000030517578,95.66999816894533,4789800,Yahoo Finance daily
2013-01-16,us,CAT,,95.0999984741211,95.66999816894533,94.83000183105467,95.19000244140624,3809700,Yahoo Finance daily
2013-01-17,us,CAT,,95.70999908447266,96.29000091552734,95.08999633789062,95.6999969482422,4824100,Yahoo Finance daily
2013-01-18,us,CAT,,96.43000030517578,97.62000274658205,96.08999633789062,97.62000274658205,8330900,Yahoo Finance daily
2013-01-22,us,CAT,,96.38999938964844,97.7300033569336,96.0500030517578,97.72000122070312,8330100,Yahoo Finance daily
2013-01-23,us,CAT,,97.4800033569336,97.72000122070312,96.5999984741211,96.8499984741211,4971000,Yahoo Finance daily
2013-01-24,us,CAT,,96.0,97.73999786376952,96.0,96.5999984741211,5816300,Yahoo Finance daily
2013-01-25,us,CAT,,95.91999816894533,96.27999877929688,94.66000366210938,95.58000183105467,8902700,Yahoo Finance daily
2013-01-28,us,CAT,,98.05999755859376,98.73999786376952,96.43000030517578,97.4499969482422,15997500,Yahoo Finance daily
2013-01-29,us,CAT,,97.91999816894533,99.1999969482422,97.72000122070312,98.5999984741211,6961900,Yahoo Finance daily
2013-01-30,us,CAT,,98.83000183105467,98.95999908447266,98.25,98.6500015258789,5681000,Yahoo Finance daily
2013-01-31,us,CAT,,97.98999786376952,98.70999908447266,97.9000015258789,98.38999938964844,7154500,Yahoo Finance daily
2013-02-01,us,CAT,,99.0,99.6999969482422,98.9499969482422,99.48999786376952,6138500,Yahoo Finance daily
2013-02-04,us,CAT,,98.76000213623048,98.87000274658205,97.91000366210938,98.26000213623048,5765000,Yahoo Finance daily
2013-02-05,us,CAT,,98.58000183105467,99.0999984741211,98.31999969482422,98.44000244140624,4178000,Yahoo Finance daily
2013-02-06,us,CAT,,97.87000274658205,98.75,97.36000061035156,97.6999969482422,4489600,Yahoo Finance daily
2013-02-07,us,CAT,,97.41999816894533,98.16000366210938,95.20999908447266,96.11000061035156,6210100,Yahoo Finance daily
2013-02-08,us,CAT,,96.0999984741211,97.5,96.0999984741211,96.8499984741211,3934200,Yahoo Finance daily
2013-02-11,us,CAT,,96.95999908447266,96.98999786376952,96.3000030517578,96.5999984741211,2739200,Yahoo Finance daily
2013-02-12,us,CAT,,96.66999816894533,97.41000366210938,96.66999816894533,97.22000122070312,4149000,Yahoo Finance daily
2013-02-13,us,CAT,,97.08999633789062,97.5,96.0199966430664,96.37999725341795,3718500,Yahoo Finance daily
2013-02-14,us,CAT,,96.05999755859376,96.68000030517578,95.68000030517578,96.06999969482422,3586300,Yahoo Finance daily
2013-02-15,us,CAT,,96.26000213623048,96.41999816894533,95.29000091552734,95.61000061035156,4377200,Yahoo Finance daily
2013-02-19,us,CAT,,95.73999786376952,96.37000274658205,95.12999725341795,95.5999984741211,4368800,Yahoo Finance daily
2013-02-20,us,CAT,,95.0,95.0999984741211,93.0500030517578,93.22000122070312,8570800,Yahoo Finance daily
2013-02-21,us,CAT,,92.76000213623048,92.79000091552734,90.56999969482422,91.52999877929688,7193400,Yahoo Finance daily
2013-02-22,us,CAT,,91.98999786376952,92.48999786376952,91.0500030517578,91.54000091552734,5851800,Yahoo Finance daily
2013-02-25,us,CAT,,91.80999755859376,92.22000122070312,89.08000183105469,89.16000366210938,7540300,Yahoo Finance daily
2013-02-26,us,CAT,,89.58999633789062,90.1999969482422,88.5,89.94999694824219,7114200,Yahoo Finance daily
2013-02-27,us,CAT,,90.05999755859375,92.36000061035156,90.05999755859375,92.25,6147300,Yahoo Finance daily
2013-02-28,us,CAT,,92.48999786376952,93.16000366210938,92.2300033569336,92.37000274658205,5446500,Yahoo Finance daily
2013-03-01,us,CAT,,91.54000091552734,91.95999908447266,90.12999725341795,91.36000061035156,4924400,Yahoo Finance daily
2013-03-04,us,CAT,,90.61000061035156,90.75,89.19000244140625,89.75,6350500,Yahoo Finance daily
2013-03-05,us,CAT,,90.48999786376952,91.27999877929688,89.98999786376953,90.20999908447266,5352500,Yahoo Finance daily
2013-03-06,us,CAT,,90.97000122070312,91.0500030517578,89.41000366210938,89.63999938964844,7135900,Yahoo Finance daily
2013-03-07,us,CAT,,89.9000015258789,90.4000015258789,89.2699966430664,89.6500015258789,4738200,Yahoo Finance daily
2013-03-08,us,CAT,,90.43000030517578,90.72000122070312,90.01000213623047,90.51000213623048,5084900,Yahoo Finance daily
2013-03-11,us,CAT,,90.48999786376952,91.5199966430664,90.0999984741211,91.18000030517578,4846300,Yahoo Finance daily
2013-03-12,us,CAT,,91.16000366210938,91.16000366210938,89.4000015258789,89.73999786376953,6593300,Yahoo Finance daily
2013-03-13,us,CAT,,89.80000305175781,89.91000366210938,89.12999725341797,89.27999877929688,5836100,Yahoo Finance daily
2013-03-14,us,CAT,,89.47000122070312,89.55000305175781,88.16999816894531,88.69999694824219,7328500,Yahoo Finance daily
2013-03-15,us,CAT,,88.61000061035156,89.25,88.11000061035156,88.83000183105469,7379400,Yahoo Finance daily
2013-03-18,us,CAT,,87.88999938964844,90.0199966430664,87.66999816894531,89.36000061035156,7159800,Yahoo Finance daily
2013-03-19,us,CAT,,89.4000015258789,89.4000015258789,87.44000244140625,88.2699966430664,7509300,Yahoo Finance daily
2013-03-20,us,CAT,,87.61000061035156,87.87999725341797,86.41999816894531,86.94000244140625,9389000,Yahoo Finance daily
2013-03-21,us,CAT,,86.43000030517578,87.31999969482422,86.43000030517578,86.83000183105469,5449600,Yahoo Finance daily
2013-03-22,us,CAT,,87.01000213623047,87.62999725341797,86.97000122070312,87.4800033569336,5115500,Yahoo Finance daily
2013-03-25,us,CAT,,87.93000030517578,87.95999908447266,86.05000305175781,86.63999938964844,6685300,Yahoo Finance daily
2013-03-26,us,CAT,,87.05999755859375,87.38999938964844,86.66000366210938,87.0,4173000,Yahoo Finance daily
2013-03-27,us,CAT,,86.43000030517578,87.16000366210938,85.80000305175781,86.9000015258789,4838700,Yahoo Finance daily
2013-03-28,us,CAT,,87.05000305175781,87.9800033569336,86.6500015258789,86.97000122070312,6213400,Yahoo Finance daily
2013-04-01,us,CAT,,86.86000061035156,86.94000244140625,85.41000366210938,85.63999938964844,5666900,Yahoo Finance daily
2013-04-02,us,CAT,,86.0199966430664,86.0199966430664,84.47000122070312,84.87999725341797,6514300,Yahoo Finance daily
2013-04-03,us,CAT,,83.91000366210938,84.62000274658203,83.5999984741211,84.12000274658203,9222400,Yahoo Finance daily
2013-04-04,us,CAT,,84.16999816894531,84.7300033569336,83.83999633789062,84.62999725341797,7646200,Yahoo Finance daily
2013-04-05,us,CAT,,83.41000366210938,85.36000061035156,83.05000305175781,84.5999984741211,8985600,Yahoo Finance daily
2013-04-08,us,CAT,,84.69000244140625,85.3499984741211,83.70999908447266,84.19000244140625,6722000,Yahoo Finance daily
2013-04-09,us,CAT,,84.37999725341797,86.6500015258789,84.05000305175781,85.9000015258789,10533700,Yahoo Finance daily
2013-04-10,us,CAT,,86.37999725341797,86.87999725341797,85.9000015258789,86.56999969482422,6258700,Yahoo Finance daily
2013-04-11,us,CAT,,86.88999938964844,87.0,85.30000305175781,85.69999694824219,6920000,Yahoo Finance daily
2013-04-12,us,CAT,,84.98999786376953,85.33000183105469,84.30000305175781,85.05000305175781,4934500,Yahoo Finance daily
2013-04-15,us,CAT,,84.23999786376953,84.33000183105469,81.91000366210938,82.2699966430664,10345400,Yahoo Finance daily
2013-04-16,us,CAT,,83.62999725341797,83.7300033569336,82.12000274658203,82.61000061035156,6566500,Yahoo Finance daily
2013-04-17,us,CAT,,81.54000091552734,81.62000274658203,80.62000274658203,81.47000122070312,9405300,Yahoo Finance daily
2013-04-18,us,CAT,,81.33999633789062,81.33999633789062,80.05000305175781,80.45999908447266,6886900,Yahoo Finance daily
2013-04-19,us,CAT,,80.94999694824219,81.16000366210938,80.01000213623047,80.43000030517578,7009500,Yahoo Finance daily
2013-04-22,us,CAT,,81.23999786376953,83.12999725341797,79.48999786376953,82.70999908447266,18449600,Yahoo Finance daily
2013-04-23,us,CAT,,83.91000366210938,84.72000122070312,82.73999786376953,84.0999984741211,12932500,Yahoo Finance daily
2013-04-24,us,CAT,,84.27999877929688,84.6500015258789,83.29000091552734,83.77999877929688,7022000,Yahoo Finance daily
2013-04-25,us,CAT,,84.69999694824219,85.0199966430664,84.0199966430664,84.51000213623047,6556100,Yahoo Finance daily
2013-04-26,us,CAT,,84.3499984741211,85.08000183105469,84.25,84.68000030517578,6160700,Yahoo Finance daily
2013-04-29,us,CAT,,85.11000061035156,85.5,84.06999969482422,84.80000305175781,6065100,Yahoo Finance daily
2013-04-30,us,CAT,,84.80999755859375,85.37999725341797,83.36000061035156,84.66999816894531,6954300,Yahoo Finance daily
2013-05-01,us,CAT,,84.06999969482422,84.3499984741211,82.66000366210938,83.08000183105469,11607000,Yahoo Finance daily
2013-05-02,us,CAT,,83.33999633789062,84.55999755859375,83.0999984741211,84.26000213623047,5798600,Yahoo Finance daily
2013-05-03,us,CAT,,85.58999633789062,87.4800033569336,85.4800033569336,86.9800033569336,11890000,Yahoo Finance daily
2013-05-06,us,CAT,,87.12999725341797,87.94999694824219,86.87999725341797,87.58999633789062,6381000,Yahoo Finance daily
2013-05-07,us,CAT,,88.11000061035156,89.80999755859375,87.91000366210938,89.79000091552734,10406900,Yahoo Finance daily
2013-05-08,us,CAT,,89.76000213623047,90.4000015258789,89.18000030517578,90.30999755859376,7431000,Yahoo Finance daily
2013-05-09,us,CAT,,89.9800033569336,90.69000244140624,89.55000305175781,89.94999694824219,5166100,Yahoo Finance daily
2013-05-10,us,CAT,,89.95999908447266,90.25,87.9000015258789,88.62000274658203,6967500,Yahoo Finance daily
2013-05-13,us,CAT,,88.19000244140625,88.48999786376953,87.75,88.06999969482422,5483600,Yahoo Finance daily
2013-05-14,us,CAT,,87.81999969482422,88.0,86.86000061035156,87.55000305175781,6856900,Yahoo Finance daily
2013-05-15,us,CAT,,86.97000122070312,87.18000030517578,86.44000244140625,87.0,6925400,Yahoo Finance daily
2013-05-16,us,CAT,,86.55000305175781,87.6500015258789,86.0999984741211,86.77999877929688,8192200,Yahoo Finance daily
2013-05-17,us,CAT,,87.38999938964844,87.86000061035156,87.0999984741211,87.66999816894531,6690800,Yahoo Finance daily
2013-05-20,us,CAT,,87.56999969482422,88.75,87.2699966430664,88.33000183105469,5603200,Yahoo Finance daily
2013-05-21,us,CAT,,88.6500015258789,88.9800033569336,87.7300033569336,88.0999984741211,4730000,Yahoo Finance daily
2013-05-22,us,CAT,,88.08999633789062,89.08999633789062,87.1500015258789,87.69999694824219,6479100,Yahoo Finance daily
2013-05-23,us,CAT,,86.02999877929688,87.37999725341797,85.77999877929688,86.94999694824219,6026800,Yahoo Finance daily
2013-05-24,us,CAT,,86.26000213623047,86.72000122070312,85.7699966430664,86.20999908447266,4637400,Yahoo Finance daily
2013-05-28,us,CAT,,87.04000091552734,87.38999938964844,85.9000015258789,86.19000244140625,5800400,Yahoo Finance daily
2013-05-29,us,CAT,,85.7300033569336,86.66000366210938,85.33000183105469,86.48999786376953,5110500,Yahoo Finance daily
2013-05-30,us,CAT,,86.47000122070312,87.0,85.98999786376953,86.41000366210938,3568000,Yahoo Finance daily
2013-05-31,us,CAT,,86.2300033569336,86.94999694824219,85.80000305175781,85.80000305175781,5522300,Yahoo Finance daily
2013-06-03,us,CAT,,85.91000366210938,86.30000305175781,85.73999786376953,86.12999725341797,6092700,Yahoo Finance daily
2013-06-04,us,CAT,,85.94999694824219,86.47000122070312,85.44000244140625,85.91999816894531,5105500,Yahoo Finance daily
2013-06-05,us,CAT,,85.47000122070312,85.7300033569336,84.2300033569336,84.41999816894531,7359000,Yahoo Finance daily
2013-06-06,us,CAT,,84.30000305175781,84.30999755859375,83.30000305175781,84.0,7009400,Yahoo Finance daily
2013-06-07,us,CAT,,84.6500015258789,85.37000274658203,83.63999938964844,84.6500015258789,5474100,Yahoo Finance daily
2013-06-10,us,CAT,,84.70999908447266,84.7699966430664,83.62999725341797,83.80000305175781,4965200,Yahoo Finance daily
2013-06-11,us,CAT,,83.02999877929688,83.97000122070312,82.62999725341797,83.5199966430664,5275900,Yahoo Finance daily
2013-06-12,us,CAT,,84.16999816894531,84.37999725341797,83.01000213623047,83.20999908447266,4748100,Yahoo Finance daily
2013-06-13,us,CAT,,83.31999969482422,85.27999877929688,83.19000244140625,85.13999938964844,6352100,Yahoo Finance daily
2013-06-14,us,CAT,,85.01000213623047,85.13999938964844,83.4000015258789,83.87000274658203,5147500,Yahoo Finance daily
2013-06-17,us,CAT,,83.55000305175781,84.43000030517578,83.41999816894531,83.91999816894531,4389500,Yahoo Finance daily
2013-06-18,us,CAT,,84.08999633789062,84.87000274658203,83.95999908447266,84.55000305175781,3723900,Yahoo Finance daily
2013-06-19,us,CAT,,84.5,85.29000091552734,84.25,84.25,4711700,Yahoo Finance daily
2013-06-20,us,CAT,,83.19000244140625,83.68000030517578,82.3499984741211,83.19999694824219,7628100,Yahoo Finance daily
2013-06-21,us,CAT,,84.0199966430664,84.0199966430664,81.93000030517578,83.12000274658203,9736500,Yahoo Finance daily
2013-06-24,us,CAT,,82.05999755859375,82.25,80.86000061035156,81.5199966430664,7525600,Yahoo Finance daily
2013-06-25,us,CAT,,82.33999633789062,82.68000030517578,81.97000122070312,82.33000183105469,6249000,Yahoo Finance daily
2013-06-26,us,CAT,,82.91999816894531,83.43000030517578,81.69999694824219,82.0999984741211,6950600,Yahoo Finance daily
2013-06-27,us,CAT,,82.55000305175781,83.16999816894531,82.55000305175781,82.95999908447266,4658000,Yahoo Finance daily
2013-06-28,us,CAT,,82.76000213623047,83.19000244140625,82.30999755859375,82.48999786376953,8448800,Yahoo Finance daily
2013-07-01,us,CAT,,83.04000091552734,83.25,82.2699966430664,82.72000122070312,4676300,Yahoo Finance daily
2013-07-02,us,CAT,,82.7699966430664,83.58999633789062,82.04000091552734,82.4800033569336,3659900,Yahoo Finance daily
2013-07-03,us,CAT,,82.1500015258789,82.5,81.55999755859375,81.8499984741211,2928200,Yahoo Finance daily
2013-07-05,us,CAT,,82.52999877929688,82.62999725341797,81.4000015258789,82.13999938964844,4819500,Yahoo Finance daily
2013-07-08,us,CAT,,82.4000015258789,83.19999694824219,82.25,83.19999694824219,4879100,Yahoo Finance daily
2013-07-09,us,CAT,,84.06999969482422,86.25,83.72000122070312,85.33000183105469,7882100,Yahoo Finance daily
2013-07-10,us,CAT,,85.41999816894531,85.7699966430664,84.79000091552734,84.95999908447266,4216800,Yahoo Finance daily
2013-07-11,us,CAT,,86.45999908447266,86.88999938964844,86.0999984741211,86.69999694824219,5434500,Yahoo Finance daily
2013-07-12,us,CAT,,86.62999725341797,87.2699966430664,86.54000091552734,87.16999816894531,4876100,Yahoo Finance daily
2013-07-15,us,CAT,,87.23999786376953,88.02999877929688,87.19000244140625,87.4000015258789,4161800,Yahoo Finance daily
2013-07-16,us,CAT,,87.72000122070312,88.52999877929688,87.41999816894531,88.16999816894531,5432100,Yahoo Finance daily
2013-07-17,us,CAT,,88.44999694824219,89.0,85.87999725341797,86.66999816894531,15077400,Yahoo Finance daily
2013-07-18,us,CAT,,85.87999725341797,86.5999984741211,85.41999816894531,85.72000122070312,7045900,Yahoo Finance daily
2013-07-19,us,CAT,,85.44999694824219,85.88999938964844,85.1500015258789,85.6500015258789,5086200,Yahoo Finance daily
2013-07-22,us,CAT,,85.37999725341797,86.55000305175781,85.37999725341797,86.0,4835000,Yahoo Finance daily
2013-07-23,us,CAT,,85.48999786376953,86.37999725341797,85.12000274658203,85.5199966430664,6891800,Yahoo Finance daily
2013-07-24,us,CAT,,84.58000183105469,85.27999877929688,82.63999938964844,83.44000244140625,16602100,Yahoo Finance daily
2013-07-25,us,CAT,,82.05000305175781,82.58000183105469,81.3499984741211,82.13999938964844,9941300,Yahoo Finance daily
2013-07-26,us,CAT,,81.87999725341797,82.08000183105469,81.43000030517578,82.05999755859375,5727000,Yahoo Finance daily
2013-07-29,us,CAT,,82.41999816894531,83.3499984741211,82.0,83.0199966430664,9068800,Yahoo Finance daily
2013-07-30,us,CAT,,83.47000122070312,83.75,82.66000366210938,83.19000244140625,5266000,Yahoo Finance daily
2013-07-31,us,CAT,,83.58000183105469,83.9000015258789,82.83999633789062,82.91000366210938,7012900,Yahoo Finance daily
2013-08-01,us,CAT,,83.62000274658203,84.80999755859375,83.11000061035156,84.44000244140625,6570400,Yahoo Finance daily
2013-08-02,us,CAT,,84.29000091552734,84.68000030517578,83.5,84.30000305175781,4864700,Yahoo Finance daily
2013-08-05,us,CAT,,84.11000061035156,84.29000091552734,83.5,83.55999755859375,3758400,Yahoo Finance daily
2013-08-06,us,CAT,,83.30999755859375,83.31999969482422,82.1500015258789,82.52999877929688,7223600,Yahoo Finance daily
2013-08-07,us,CAT,,82.37999725341797,82.7699966430664,81.80000305175781,82.43000030517578,4292400,Yahoo Finance daily
2013-08-08,us,CAT,,82.94999694824219,84.58999633789062,82.91999816894531,83.95999908447266,6400600,Yahoo Finance daily
2013-08-09,us,CAT,,83.80000305175781,84.79000091552734,83.5,84.51000213623047,5478600,Yahoo Finance daily
2013-08-12,us,CAT,,84.19000244140625,86.44999694824219,84.05999755859375,86.31999969482422,8608300,Yahoo Finance daily
2013-08-13,us,CAT,,86.62000274658203,87.43000030517578,86.44999694824219,86.56999969482422,6710300,Yahoo Finance daily
2013-08-14,us,CAT,,86.86000061035156,87.0,85.70999908447266,85.81999969482422,4462900,Yahoo Finance daily
2013-08-15,us,CAT,,84.95999908447266,86.52999877929688,84.87999725341797,85.86000061035156,5138900,Yahoo Finance daily
2013-08-16,us,CAT,,85.8499984741211,86.4000015258789,85.13999938964844,85.16000366210938,4706500,Yahoo Finance daily
2013-08-19,us,CAT,,85.1500015258789,85.5,83.94999694824219,84.19999694824219,3766000,Yahoo Finance daily
2013-08-20,us,CAT,,83.80000305175781,84.45999908447266,83.2699966430664,83.86000061035156,4690000,Yahoo Finance daily
2013-08-21,us,CAT,,83.5199966430664,83.8499984741211,82.83000183105469,82.94000244140625,5562600,Yahoo Finance daily
2013-08-22,us,CAT,,83.30999755859375,84.48999786376953,83.05999755859375,84.16999816894531,4739900,Yahoo Finance daily
2013-08-23,us,CAT,,84.37999725341797,84.4000015258789,83.4000015258789,83.88999938964844,4487200,Yahoo Finance daily
2013-08-26,us,CAT,,83.9800033569336,84.77999877929688,83.5199966430664,83.55999755859375,4123300,Yahoo Finance daily
2013-08-27,us,CAT,,82.87999725341797,83.54000091552734,82.4800033569336,82.69999694824219,5569900,Yahoo Finance daily
2013-08-28,us,CAT,,81.80999755859375,82.66000366210938,81.45999908447266,82.44999694824219,6762900,Yahoo Finance daily
2013-08-29,us,CAT,,82.5,83.05999755859375,82.0199966430664,82.52999877929688,3706400,Yahoo Finance daily
2013-08-30,us,CAT,,82.58999633789062,82.76000213623047,82.20999908447266,82.54000091552734,4425700,Yahoo Finance daily
2013-09-03,us,CAT,,83.1500015258789,83.54000091552734,81.72000122070312,82.51000213623047,7544200,Yahoo Finance daily
2013-09-04,us,CAT,,82.75,83.73999786376953,82.30000305175781,83.54000091552734,4482200,Yahoo Finance daily
2013-09-05,us,CAT,,83.37000274658203,83.5199966430664,82.70999908447266,82.94999694824219,3728400,Yahoo Finance daily
2013-09-06,us,CAT,,83.22000122070312,84.22000122070312,82.4000015258789,83.38999938964844,5566500,Yahoo Finance daily
2013-09-09,us,CAT,,84.04000091552734,86.02999877929688,84.0199966430664,85.58999633789062,6702200,Yahoo Finance daily
2013-09-10,us,CAT,,86.80999755859375,86.88999938964844,86.18000030517578,86.61000061035156,6298400,Yahoo Finance daily
2013-09-11,us,CAT,,86.5,87.12999725341797,86.26000213623047,87.12999725341797,4382900,Yahoo Finance daily
2013-09-12,us,CAT,,86.94000244140625,87.22000122070312,86.62000274658203,86.83999633789062,3980600,Yahoo Finance daily
2013-09-13,us,CAT,,87.0999984741211,87.19999694824219,86.37999725341797,87.01000213623047,3276000,Yahoo Finance daily
2013-09-16,us,CAT,,87.95999908447266,88.22000122070312,87.02999877929688,87.18000030517578,4866600,Yahoo Finance daily
2013-09-17,us,CAT,,87.36000061035156,87.44999694824219,86.66999816894531,87.06999969482422,3415400,Yahoo Finance daily
2013-09-18,us,CAT,,86.30999755859375,88.01000213623047,86.19999694824219,87.83999633789062,5564700,Yahoo Finance daily
2013-09-19,us,CAT,,88.04000091552734,88.25,87.30999755859375,87.75,4765200,Yahoo Finance daily
2013-09-20,us,CAT,,87.61000061035156,87.6500015258789,84.75,84.75,13435200,Yahoo Finance daily
2013-09-23,us,CAT,,85.0,85.38999938964844,84.37999725341797,85.02999877929688,6048400,Yahoo Finance daily
2013-09-24,us,CAT,,85.12999725341797,85.44000244140625,84.52999877929688,85.11000061035156,3720900,Yahoo Finance daily
2013-09-25,us,CAT,,85.13999938964844,85.55000305175781,84.43000030517578,84.5,3824700,Yahoo Finance daily
2013-09-26,us,CAT,,84.58999633789062,84.8499984741211,83.9000015258789,84.19999694824219,3475100,Yahoo Finance daily
2013-09-27,us,CAT,,83.62000274658203,83.91999816894531,83.37999725341797,83.80000305175781,3017600,Yahoo Finance daily
2013-09-30,us,CAT,,82.94999694824219,83.83000183105469,82.83000183105469,83.4000015258789,5401500,Yahoo Finance daily
2013-10-01,us,CAT,,83.55999755859375,84.30000305175781,83.08000183105469,83.76000213623047,3866000,Yahoo Finance daily
2013-10-02,us,CAT,,83.5199966430664,84.25,83.33000183105469,84.06999969482422,3324900,Yahoo Finance daily
2013-10-03,us,CAT,,83.88999938964844,84.2699966430664,83.41999816894531,83.97000122070312,4223500,Yahoo Finance daily
2013-10-04,us,CAT,,83.97000122070312,84.3499984741211,83.54000091552734,84.19999694824219,3212000,Yahoo Finance daily
2013-10-07,us,CAT,,83.45999908447266,84.16000366210938,83.30000305175781,83.52999877929688,3364300,Yahoo Finance daily
2013-10-08,us,CAT,,83.54000091552734,83.88999938964844,82.62999725341797,82.8499984741211,5671300,Yahoo Finance daily
2013-10-09,us,CAT,,83.05000305175781,83.88999938964844,82.44999694824219,83.5199966430664,4577500,Yahoo Finance daily
2013-10-10,us,CAT,,84.44000244140625,84.94999694824219,84.06999969482422,84.7300033569336,4317100,Yahoo Finance daily
2013-10-11,us,CAT,,84.63999938964844,85.8499984741211,84.3499984741211,85.61000061035156,4110300,Yahoo Finance daily
2013-10-14,us,CAT,,85.05999755859375,86.41999816894531,84.86000061035156,86.23999786376953,4689600,Yahoo Finance daily
2013-10-15,us,CAT,,86.23999786376953,86.75,85.69000244140625,85.75,4896500,Yahoo Finance daily
2013-10-16,us,CAT,,86.05999755859375,86.48999786376953,85.5999984741211,86.2699966430664,3549500,Yahoo Finance daily
2013-10-17,us,CAT,,85.33000183105469,85.98999786376953,84.94999694824219,85.8499984741211,3850700,Yahoo Finance daily
2013-10-18,us,CAT,,86.30999755859375,87.76000213623047,86.2699966430664,87.33999633789062,6752700,Yahoo Finance daily
2013-10-21,us,CAT,,87.72000122070312,87.80000305175781,87.19000244140625,87.69999694824219,3883500,Yahoo Finance daily
2013-10-22,us,CAT,,87.87999725341797,89.16999816894531,87.54000091552734,89.16999816894531,9152900,Yahoo Finance daily
2013-10-23,us,CAT,,84.1500015258789,84.6500015258789,83.05000305175781,83.76000213623047,20968800,Yahoo Finance daily
2013-10-24,us,CAT,,83.31999969482422,85.0,83.12999725341797,84.52999877929688,8368700,Yahoo Finance daily
2013-10-25,us,CAT,,84.31999969482422,84.77999877929688,83.61000061035156,84.7699966430664,4886400,Yahoo Finance daily
2013-10-28,us,CAT,,84.5,84.7300033569336,84.1500015258789,84.27999877929688,3979200,Yahoo Finance daily
2013-10-29,us,CAT,,83.91000366210938,84.0999984741211,83.29000091552734,84.06999969482422,5324100,Yahoo Finance daily
2013-10-30,us,CAT,,84.16999816894531,84.3499984741211,83.20999908447266,83.48999786376953,4657000,Yahoo Finance daily
2013-10-31,us,CAT,,83.44000244140625,84.2699966430664,83.36000061035156,83.36000061035156,4651300,Yahoo Finance daily
2013-11-01,us,CAT,,83.77999877929688,83.80000305175781,82.80000305175781,83.58999633789062,5880200,Yahoo Finance daily
2013-11-04,us,CAT,,83.80999755859375,83.98999786376953,83.44999694824219,83.88999938964844,3892500,Yahoo Finance daily
2013-11-05,us,CAT,,83.61000061035156,84.19000244140625,83.36000061035156,84.05000305175781,4010900,Yahoo Finance daily
2013-11-06,us,CAT,,84.30000305175781,84.36000061035156,83.8499984741211,84.22000122070312,3664100,Yahoo Finance daily
2013-11-07,us,CAT,,83.94999694824219,84.43000030517578,83.5,83.6500015258789,5431600,Yahoo Finance daily
2013-11-08,us,CAT,,83.5199966430664,84.31999969482422,83.5,84.23999786376953,4557300,Yahoo Finance daily
2013-11-11,us,CAT,,84.19000244140625,84.47000122070312,83.81999969482422,84.1500015258789,2522500,Yahoo Finance daily
2013-11-12,us,CAT,,83.9800033569336,84.27999877929688,83.54000091552734,83.8499984741211,3483000,Yahoo Finance daily
2013-11-13,us,CAT,,83.45999908447266,84.25,83.0,84.19999694824219,3952800,Yahoo Finance daily
2013-11-14,us,CAT,,84.0,84.19999694824219,83.55999755859375,83.76000213623047,4496300,Yahoo Finance daily
2013-11-15,us,CAT,,84.0,84.11000061035156,83.5,83.73999786376953,4743900,Yahoo Finance daily
2013-11-18,us,CAT,,84.05000305175781,84.97000122070312,83.73999786376953,84.04000091552734,4803100,Yahoo Finance daily
2013-11-19,us,CAT,,84.11000061035156,84.5,83.4800033569336,83.66999816894531,5010300,Yahoo Finance daily
2013-11-20,us,CAT,,83.18000030517578,83.70999908447266,82.45999908447266,82.68000030517578,7443000,Yahoo Finance daily
2013-11-21,us,CAT,,83.05000305175781,83.08999633789062,81.87000274658203,82.12000274658203,6208500,Yahoo Finance daily
2013-11-22,us,CAT,,82.22000122070312,82.94999694824219,82.0,82.87999725341797,4403800,Yahoo Finance daily
2013-11-25,us,CAT,,84.4000015258789,84.94000244140625,83.87000274658203,84.4000015258789,8111400,Yahoo Finance daily
2013-11-26,us,CAT,,84.80000305175781,84.83000183105469,84.01000213623047,84.36000061035156,3834900,Yahoo Finance daily
2013-11-27,us,CAT,,84.43000030517578,84.93000030517578,84.33000183105469,84.66999816894531,3053600,Yahoo Finance daily
2013-11-29,us,CAT,,84.63999938964844,85.18000030517578,84.52999877929688,84.5999984741211,2284400,Yahoo Finance daily
2013-12-02,us,CAT,,84.69999694824219,85.08999633789062,84.02999877929688,84.25,4834700,Yahoo Finance daily
2013-12-03,us,CAT,,83.80000305175781,83.94999694824219,83.2699966430664,83.87000274658203,3924300,Yahoo Finance daily
2013-12-04,us,CAT,,83.75,84.37999725341797,83.11000061035156,83.97000122070312,5246700,Yahoo Finance daily
2013-12-05,us,CAT,,83.91999816894531,84.58000183105469,83.69999694824219,84.41000366210938,5291900,Yahoo Finance daily
2013-12-06,us,CAT,,85.05999755859375,85.58000183105469,84.93000030517578,85.5,5759300,Yahoo Finance daily
2013-12-09,us,CAT,,85.69999694824219,86.52999877929688,85.55999755859375,86.08999633789062,6023400,Yahoo Finance daily
2013-12-10,us,CAT,,85.97000122070312,86.87000274658203,85.91999816894531,86.41999816894531,4987000,Yahoo Finance daily
2013-12-11,us,CAT,,86.02999877929688,86.22000122070312,85.12000274658203,85.27999877929688,5624100,Yahoo Finance daily
2013-12-12,us,CAT,,85.37000274658203,85.69999694824219,84.83999633789062,85.56999969482422,4551700,Yahoo Finance daily
2013-12-13,us,CAT,,85.66999816894531,86.2300033569336,85.56999969482422,86.05000305175781,4226200,Yahoo Finance daily
2013-12-16,us,CAT,,86.5,87.8499984741211,86.44000244140625,87.37999725341797,6976200,Yahoo Finance daily
2013-12-17,us,CAT,,87.22000122070312,87.6500015258789,86.37999725341797,86.91999816894531,4764400,Yahoo Finance daily
2013-12-18,us,CAT,,87.01000213623047,88.45999908447266,86.6500015258789,88.16999816894531,6963200,Yahoo Finance daily
2013-12-19,us,CAT,,87.5,87.83999633789062,87.26000213623047,87.54000091552734,4299700,Yahoo Finance daily
2013-12-20,us,CAT,,87.8499984741211,89.11000061035156,87.80999755859375,88.93000030517578,7389700,Yahoo Finance daily
2013-12-23,us,CAT,,89.30999755859375,90.06999969482422,89.2699966430664,89.95999908447266,5733300,Yahoo Finance daily
2013-12-24,us,CAT,,90.0,90.9800033569336,89.98999786376953,90.91000366210938,2675700,Yahoo Finance daily
2013-12-26,us,CAT,,90.98999786376952,91.66999816894533,90.6999969482422,91.1500015258789,4790800,Yahoo Finance daily
2013-12-27,us,CAT,,91.13999938964844,91.43000030517578,90.55999755859376,90.87000274658205,3373800,Yahoo Finance daily
2013-12-30,us,CAT,,90.8499984741211,91.02999877929688,90.27999877929688,90.87000274658205,2625000,Yahoo Finance daily
2013-12-31,us,CAT,,91.0,91.18000030517578,90.45999908447266,90.80999755859376,3098900,Yahoo Finance daily
2014-01-02,us,CAT,,90.41000366210938,90.4499969482422,89.33000183105469,89.87000274658203,4898000,Yahoo Finance daily
2014-01-03,us,CAT,,90.0,90.25,89.58999633789062,89.81999969482422,3722000,Yahoo Finance daily
2014-01-06,us,CAT,,90.19000244140624,90.3000030517578,88.37999725341797,88.63999938964844,5233900,Yahoo Finance daily
2014-01-07,us,CAT,,88.7699966430664,89.2300033569336,88.75,88.93000030517578,3512100,Yahoo Finance daily
2014-01-08,us,CAT,,88.77999877929688,89.81999969482422,88.66999816894531,89.13999938964844,4421600,Yahoo Finance daily
2014-01-09,us,CAT,,89.26000213623047,89.80000305175781,88.69000244140625,89.70999908447266,4466400,Yahoo Finance daily
2014-01-10,us,CAT,,89.41000366210938,90.5999984741211,89.29000091552734,90.51000213623048,5416000,Yahoo Finance daily
2014-01-13,us,CAT,,90.26000213623048,91.26000213623048,89.81999969482422,89.88999938964844,5213600,Yahoo Finance daily
2014-01-14,us,CAT,,89.86000061035156,90.70999908447266,89.86000061035156,90.55999755859376,3712100,Yahoo Finance daily
2014-01-15,us,CAT,,90.87999725341795,93.1999969482422,90.87999725341795,92.41000366210938,10121900,Yahoo Finance daily
2014-01-16,us,CAT,,91.88999938964844,92.86000061035156,91.6999969482422,92.01000213623048,4771000,Yahoo Finance daily
2014-01-17,us,CAT,,92.1500015258789,92.26000213623048,91.01000213623048,91.44000244140624,6833400,Yahoo Finance daily
2014-01-21,us,CAT,,91.5999984741211,91.8499984741211,89.63999938964844,90.5999984741211,5544900,Yahoo Finance daily
2014-01-22,us,CAT,,90.58999633789062,90.81999969482422,89.3499984741211,89.63999938964844,4787300,Yahoo Finance daily
2014-01-23,us,CAT,,88.69999694824219,89.08000183105469,88.05000305175781,88.4800033569336,5014800,Yahoo Finance daily
2014-01-24,us,CAT,,87.9800033569336,87.98999786376953,85.87999725341797,86.16999816894531,8087400,Yahoo Finance daily
2014-01-27,us,CAT,,91.7699966430664,92.30999755859376,89.06999969482422,91.29000091552734,22202300,Yahoo Finance daily
2014-01-28,us,CAT,,91.4000015258789,92.66999816894533,91.3499984741211,92.47000122070312,9409600,Yahoo Finance daily
2014-01-29,us,CAT,,91.30999755859376,91.95999908447266,90.29000091552734,90.62000274658205,8145900,Yahoo Finance daily
2014-01-30,us,CAT,,91.52999877929688,93.8499984741211,90.7300033569336,93.1999969482422,14764700,Yahoo Finance daily
2014-01-31,us,CAT,,92.16000366210938,94.69000244140624,92.01000213623048,93.91000366210938,9697300,Yahoo Finance daily
2014-02-03,us,CAT,,93.73999786376952,93.94000244140624,91.9499969482422,92.41999816894533,9084100,Yahoo Finance daily
2014-02-04,us,CAT,,92.4800033569336,92.6500015258789,91.48999786376952,92.5,6839700,Yahoo Finance daily
2014-02-05,us,CAT,,92.23999786376952,92.51000213623048,91.05999755859376,91.95999908447266,5134500,Yahoo Finance daily
2014-02-06,us,CAT,,91.94000244140624,94.2300033569336,91.79000091552734,93.83000183105467,6844200,Yahoo Finance daily
2014-02-07,us,CAT,,94.16999816894533,95.23999786376952,93.87999725341795,94.87000274658205,9140200,Yahoo Finance daily
2014-02-10,us,CAT,,94.97000122070312,94.9800033569336,93.62999725341795,94.5,5933400,Yahoo Finance daily
2014-02-11,us,CAT,,94.62000274658205,95.33999633789062,94.27999877929688,94.95999908447266,6006100,Yahoo Finance daily
2014-02-12,us,CAT,,95.30999755859376,96.63999938964844,95.16999816894533,96.16999816894533,8002000,Yahoo Finance daily
2014-02-13,us,CAT,,95.29000091552734,96.41000366210938,95.11000061035156,96.11000061035156,4387000,Yahoo Finance daily
2014-02-14,us,CAT,,95.86000061035156,96.68000030517578,95.83999633789062,96.5500030517578,4145300,Yahoo Finance daily
2014-02-18,us,CAT,,95.8499984741211,96.94000244140624,95.8499984741211,96.55999755859376,4871700,Yahoo Finance daily
2014-02-19,us,CAT,,96.19000244140624,97.66999816894533,96.11000061035156,96.20999908447266,5865200,Yahoo Finance daily
2014-02-20,us,CAT,,96.51000213623048,97.5199966430664,95.3000030517578,96.91999816894533,7718400,Yahoo Finance daily
2014-02-21,us,CAT,,97.11000061035156,97.9499969482422,96.91999816894533,97.5,5554600,Yahoo Finance daily
2014-02-24,us,CAT,,97.5500030517578,98.23999786376952,97.18000030517578,97.31999969482422,4887800,Yahoo Finance daily
2014-02-25,us,CAT,,96.83999633789062,96.9800033569336,95.81999969482422,96.41000366210938,5989200,Yahoo Finance daily
2014-02-26,us,CAT,,96.66000366210938,97.91000366210938,96.33999633789062,97.1999969482422,4753900,Yahoo Finance daily
2014-02-27,us,CAT,,97.20999908447266,97.63999938964844,96.5199966430664,96.6999969482422,4337700,Yahoo Finance daily
2014-02-28,us,CAT,,96.62999725341795,97.5199966430664,96.3000030517578,96.97000122070312,5411100,Yahoo Finance daily
2014-03-03,us,CAT,,96.31999969482422,96.66999816894533,95.5999984741211,96.30999755859376,4859200,Yahoo Finance daily
2014-03-04,us,CAT,,97.1999969482422,97.45999908447266,96.55999755859376,97.0199966430664,6261300,Yahoo Finance daily
2014-03-05,us,CAT,,96.54000091552734,96.9000015258789,95.87999725341795,96.37000274658205,5384800,Yahoo Finance daily
2014-03-06,us,CAT,,96.9499969482422,98.1500015258789,96.66000366210938,97.5999984741211,6714300,Yahoo Finance daily
2014-03-07,us,CAT,,97.77999877929688,97.87000274658205,96.5,97.0500030517578,5259200,Yahoo Finance daily
2014-03-10,us,CAT,,96.63999938964844,96.8000030517578,95.86000061035156,96.75,4640300,Yahoo Finance daily
2014-03-11,us,CAT,,97.08999633789062,97.91000366210938,96.62000274658205,96.83999633789062,5731200,Yahoo Finance daily
2014-03-12,us,CAT,,96.3000030517578,97.23999786376952,96.3000030517578,96.81999969482422,4448600,Yahoo Finance daily
2014-03-13,us,CAT,,97.1999969482422,97.7300033569336,95.05999755859376,95.61000061035156,8434600,Yahoo Finance daily
2014-03-14,us,CAT,,95.4499969482422,96.25,95.1999969482422,95.38999938964844,5002000,Yahoo Finance daily
2014-03-17,us,CAT,,95.98999786376952,96.4499969482422,95.5500030517578,95.66999816894533,4697200,Yahoo Finance daily
2014-03-18,us,CAT,,96.12000274658205,96.6500015258789,95.6999969482422,96.41000366210938,4921300,Yahoo Finance daily
2014-03-19,us,CAT,,96.08999633789062,96.72000122070312,95.25,96.04000091552734,5109200,Yahoo Finance daily
2014-03-20,us,CAT,,95.70999908447266,96.23999786376952,95.0999984741211,96.20999908447266,4396000,Yahoo Finance daily
2014-03-21,us,CAT,,97.06999969482422,97.62999725341795,96.66999816894533,97.38999938964844,8339700,Yahoo Finance daily
2014-03-24,us,CAT,,97.5999984741211,97.5999984741211,96.41999816894533,96.8499984741211,4808600,Yahoo Finance daily
2014-03-25,us,CAT,,97.36000061035156,99.33999633789062,97.1500015258789,98.58999633789062,9070400,Yahoo Finance daily
2014-03-26,us,CAT,,99.27999877929688,99.5999984741211,97.8000030517578,97.8000030517578,5610200,Yahoo Finance daily
2014-03-27,us,CAT,,97.81999969482422,98.88999938964844,97.29000091552734,98.4499969482422,4947700,Yahoo Finance daily
2014-03-28,us,CAT,,98.91000366210938,99.62000274658205,98.77999877929688,99.38999938964844,5821500,Yahoo Finance daily
2014-03-31,us,CAT,,100.0,100.62999725341795,99.0500030517578,99.37000274658205,5772600,Yahoo Finance daily
2014-04-01,us,CAT,,98.94000244140624,100.08000183105467,98.94000244140624,99.80999755859376,4814300,Yahoo Finance daily
2014-04-02,us,CAT,,100.04000091552734,102.76000213623048,99.87999725341795,102.62999725341795,9358300,Yahoo Finance daily
2014-04-03,us,CAT,,101.91999816894533,103.1999969482422,101.61000061035156,102.5500030517578,8230200,Yahoo Finance daily
2014-04-04,us,CAT,,102.88999938964844,103.37999725341795,101.91000366210938,102.16999816894533,4889200,Yahoo Finance daily
2014-04-07,us,CAT,,101.61000061035156,102.06999969482422,100.41000366210938,101.11000061035156,5215100,Yahoo Finance daily
2014-04-08,us,CAT,,100.9800033569336,103.25,100.95999908447266,102.38999938964844,6626900,Yahoo Finance daily
2014-04-09,us,CAT,,102.6500015258789,103.1999969482422,101.8499984741211,102.98999786376952,4062000,Yahoo Finance daily
2014-04-10,us,CAT,,102.91000366210938,103.72000122070312,101.98999786376952,102.26000213623048,4538900,Yahoo Finance daily
2014-04-11,us,CAT,,101.0999984741211,102.0999984741211,100.97000122070312,101.4499969482422,5363900,Yahoo Finance daily
2014-04-14,us,CAT,,102.18000030517578,102.83000183105467,100.9499969482422,102.77999877929688,4114100,Yahoo Finance daily
2014-04-15,us,CAT,,102.62999725341795,103.08999633789062,101.26000213623048,102.5,6317900,Yahoo Finance daily
2014-04-16,us,CAT,,102.62000274658205,103.1500015258789,102.20999908447266,102.93000030517578,3801400,Yahoo Finance daily
2014-04-17,us,CAT,,103.0500030517578,103.44000244140624,102.5999984741211,102.83000183105467,3556800,Yahoo Finance daily
2014-04-21,us,CAT,,102.9000015258789,102.9800033569336,101.5500030517578,102.63999938964844,3821400,Yahoo Finance daily
2014-04-22,us,CAT,,102.77999877929688,104.13999938964844,102.76000213623048,103.69000244140624,4528500,Yahoo Finance daily
2014-04-23,us,CAT,,103.55999755859376,104.62000274658205,103.18000030517578,103.37999725341795,6427400,Yahoo Finance daily
2014-04-24,us,CAT,,106.0199966430664,107.4000015258789,104.79000091552734,105.27999877929688,8849200,Yahoo Finance daily
2014-04-25,us,CAT,,105.02999877929688,105.27999877929688,103.29000091552734,104.69000244140624,5731800,Yahoo Finance daily
2014-04-28,us,CAT,,104.98999786376952,105.41999816894533,103.25,104.26000213623048,4036200,Yahoo Finance daily
2014-04-29,us,CAT,,104.79000091552734,105.5,103.83000183105467,105.3000030517578,4975800,Yahoo Finance daily
2014-04-30,us,CAT,,105.2300033569336,106.23999786376952,104.98999786376952,105.4000015258789,5199300,Yahoo Finance daily
2014-05-01,us,CAT,,105.1999969482422,105.79000091552734,104.62999725341795,105.06999969482422,2970800,Yahoo Finance daily
2014-05-02,us,CAT,,104.93000030517578,105.58000183105467,104.7300033569336,105.01000213623048,2677000,Yahoo Finance daily
2014-05-05,us,CAT,,104.66000366210938,104.8000030517578,103.80999755859376,104.5199966430664,3166400,Yahoo Finance daily
2014-05-06,us,CAT,,104.20999908447266,104.47000122070312,103.5999984741211,103.87000274658205,2836300,Yahoo Finance daily
2014-05-07,us,CAT,,104.0999984741211,104.66000366210938,103.43000030517578,104.62000274658205,3399800,Yahoo Finance daily
2014-05-08,us,CAT,,104.5500030517578,105.0199966430664,104.1500015258789,104.94000244140624,3118400,Yahoo Finance daily
2014-05-09,us,CAT,,104.95999908447266,105.3000030517578,104.3000030517578,105.05999755859376,2761800,Yahoo Finance daily
2014-05-12,us,CAT,,105.70999908447266,106.5,105.6500015258789,106.1999969482422,3664200,Yahoo Finance daily
2014-05-13,us,CAT,,106.5,108.20999908447266,105.81999969482422,107.1500015258789,3951500,Yahoo Finance daily
2014-05-14,us,CAT,,106.8499984741211,107.04000091552734,106.3000030517578,106.52999877929688,3082300,Yahoo Finance daily
2014-05-15,us,CAT,,106.48999786376952,106.73999786376952,104.04000091552734,104.98999786376952,5151000,Yahoo Finance daily
2014-05-16,us,CAT,,105.0500030517578,106.0500030517578,104.16999816894533,106.02999877929688,4403300,Yahoo Finance daily
2014-05-19,us,CAT,,105.41999816894533,105.52999877929688,104.72000122070312,105.38999938964844,3924300,Yahoo Finance daily
2014-05-20,us,CAT,,104.79000091552734,104.80999755859376,100.72000122070312,101.55999755859376,9277600,Yahoo Finance daily
2014-05-21,us,CAT,,101.4800033569336,103.0,101.4800033569336,102.87999725341795,5460200,Yahoo Finance daily
2014-05-22,us,CAT,,102.9000015258789,103.87999725341795,102.51000213623048,103.08000183105467,3112300,Yahoo Finance daily
2014-05-23,us,CAT,,103.1500015258789,104.1500015258789,103.1500015258789,104.02999877929688,2888600,Yahoo Finance daily
2014-05-27,us,CAT,,104.1999969482422,104.4800033569336,103.45999908447266,103.68000030517578,3443400,Yahoo Finance daily
2014-05-28,us,CAT,,103.52999877929688,103.86000061035156,102.8499984741211,102.91000366210938,3353300,Yahoo Finance daily
2014-05-29,us,CAT,,103.27999877929688,103.66999816894533,102.55999755859376,103.5999984741211,3071200,Yahoo Finance daily
2014-05-30,us,CAT,,102.9000015258789,102.9800033569336,101.5500030517578,102.2300033569336,5939300,Yahoo Finance daily
2014-06-02,us,CAT,,102.41999816894533,103.94000244140624,102.01000213623048,103.76000213623048,3747000,Yahoo Finance daily
2014-06-03,us,CAT,,103.41999816894533,104.56999969482422,103.0500030517578,104.48999786376952,3643600,Yahoo Finance daily
2014-06-04,us,CAT,,104.41999816894533,105.0999984741211,104.06999969482422,104.30999755859376,2879900,Yahoo Finance daily
2014-06-05,us,CAT,,104.8000030517578,107.12000274658205,104.7699966430664,106.95999908447266,5389200,Yahoo Finance daily
2014-06-06,us,CAT,,107.08000183105467,108.36000061035156,106.9800033569336,108.18000030517578,4299600,Yahoo Finance daily
2014-06-09,us,CAT,,107.73999786376952,109.3000030517578,107.66000366210938,108.75,3900400,Yahoo Finance daily
2014-06-10,us,CAT,,108.5,109.5,108.4000015258789,109.30999755859376,4752700,Yahoo Finance daily
2014-06-11,us,CAT,,108.93000030517578,108.9800033569336,108.33000183105467,108.69000244140624,2738800,Yahoo Finance daily
2014-06-12,us,CAT,,108.47000122070312,108.5,106.44000244140624,106.6500015258789,3408600,Yahoo Finance daily
2014-06-13,us,CAT,,106.5500030517578,107.2300033569336,106.06999969482422,106.7699966430664,2009100,Yahoo Finance daily
2014-06-16,us,CAT,,106.5,106.87999725341795,105.7300033569336,106.80999755859376,2137200,Yahoo Finance daily
2014-06-17,us,CAT,,106.51000213623048,107.0,106.0,106.66999816894533,2138400,Yahoo Finance daily
2014-06-18,us,CAT,,106.62999725341795,107.5999984741211,106.0500030517578,107.4800033569336,2218700,Yahoo Finance daily
2014-06-19,us,CAT,,106.98999786376952,107.41999816894533,106.69000244140624,107.25,2592400,Yahoo Finance daily
2014-06-20,us,CAT,,108.0500030517578,109.52999877929688,107.63999938964844,109.37999725341795,7762900,Yahoo Finance daily
2014-06-23,us,CAT,,109.25,109.8499984741211,108.29000091552734,108.77999877929688,2839500,Yahoo Finance daily
2014-06-24,us,CAT,,108.55999755859376,109.33999633789062,107.0,107.80999755859376,2864200,Yahoo Finance daily
2014-06-25,us,CAT,,107.4800033569336,108.87999725341795,107.3499984741211,108.44000244140624,2176200,Yahoo Finance daily
2014-06-26,us,CAT,,108.5500030517578,108.8000030517578,107.8499984741211,108.5199966430664,1522900,Yahoo Finance daily
2014-06-27,us,CAT,,108.33999633789062,108.87999725341795,107.7300033569336,108.77999877929688,3632100,Yahoo Finance daily
2014-06-30,us,CAT,,108.68000030517578,109.02999877929688,107.97000122070312,108.66999816894533,2249200,Yahoo Finance daily
2014-07-01,us,CAT,,109.08000183105467,109.75,109.01000213623048,109.16999816894533,2346300,Yahoo Finance daily
2014-07-02,us,CAT,,109.31999969482422,109.9499969482422,109.3000030517578,109.55999755859376,1849000,Yahoo Finance daily
2014-07-03,us,CAT,,109.9000015258789,111.16000366210938,109.69000244140624,111.08000183105467,2876200,Yahoo Finance daily
2014-07-07,us,CAT,,110.18000030517578,110.4499969482422,109.56999969482422,110.16000366210938,2697100,Yahoo Finance daily
2014-07-08,us,CAT,,110.20999908447266,110.37999725341795,109.4000015258789,109.45999908447266,2450600,Yahoo Finance daily
2014-07-09,us,CAT,,109.79000091552734,110.29000091552734,109.41999816894533,110.13999938964844,2270600,Yahoo Finance daily
2014-07-10,us,CAT,,108.13999938964844,109.56999969482422,107.8000030517578,109.36000061035156,2303600,Yahoo Finance daily
2014-07-11,us,CAT,,109.5,109.98999786376952,108.6500015258789,109.95999908447266,1992300,Yahoo Finance daily
2014-07-14,us,CAT,,110.43000030517578,111.04000091552734,110.08999633789062,110.08999633789062,2375100,Yahoo Finance daily
2014-07-15,us,CAT,,110.25,110.41999816894533,109.4000015258789,109.8499984741211,3212900,Yahoo Finance daily
2014-07-16,us,CAT,,110.18000030517578,111.45999908447266,109.91999816894533,111.4000015258789,3974100,Yahoo Finance daily
2014-07-17,us,CAT,,110.4000015258789,110.66999816894533,108.93000030517578,109.06999969482422,3164700,Yahoo Finance daily
2014-07-18,us,CAT,,109.43000030517578,110.16999816894533,109.0500030517578,110.16999816894533,2424900,Yahoo Finance daily
2014-07-21,us,CAT,,110.0,110.5500030517578,109.4499969482422,110.2300033569336,2075900,Yahoo Finance daily
2014-07-22,us,CAT,,110.83999633789062,111.27999877929688,109.8000030517578,110.05999755859376,2879400,Yahoo Finance daily
2014-07-23,us,CAT,,109.79000091552734,109.9800033569336,108.20999908447266,108.37999725341795,4471400,Yahoo Finance daily
2014-07-24,us,CAT,,105.5999984741211,106.2300033569336,104.08999633789062,105.04000091552734,8690300,Yahoo Finance daily
2014-07-25,us,CAT,,104.13999938964844,105.3499984741211,104.0999984741211,104.8499984741211,4126200,Yahoo Finance daily
2014-07-28,us,CAT,,104.77999877929688,104.9000015258789,103.16999816894533,104.1500015258789,4474300,Yahoo Finance daily
2014-07-29,us,CAT,,105.0,106.44000244140624,104.69000244140624,104.69000244140624,7947100,Yahoo Finance daily
2014-07-30,us,CAT,,105.08000183105467,105.31999969482422,103.02999877929688,103.37999725341795,5856900,Yahoo Finance daily
2014-07-31,us,CAT,,102.23999786376952,102.69000244140624,100.73999786376952,100.75,6711400,Yahoo Finance daily
2014-08-01,us,CAT,,100.5199966430664,100.8499984741211,99.11000061035156,100.5199966430664,6011900,Yahoo Finance daily
2014-08-04,us,CAT,,100.36000061035156,102.0500030517578,100.0999984741211,101.80999755859376,5183900,Yahoo Finance daily
2014-08-05,us,CAT,,101.11000061035156,102.47000122070312,100.94000244140624,101.5,5685400,Yahoo Finance daily
2014-08-06,us,CAT,,100.76000213623048,101.8499984741211,100.61000061035156,101.48999786376952,5526900,Yahoo Finance daily
2014-08-07,us,CAT,,102.66000366210938,103.47000122070312,101.87999725341795,101.94000244140624,5752800,Yahoo Finance daily
2014-08-08,us,CAT,,102.01000213623048,103.44000244140624,101.77999877929688,103.27999877929688,4690200,Yahoo Finance daily
2014-08-11,us,CAT,,104.61000061035156,104.8499984741211,103.93000030517578,104.5,5197900,Yahoo Finance daily
2014-08-12,us,CAT,,104.58999633789062,105.16000366210938,104.12999725341795,104.33000183105467,4200900,Yahoo Finance daily
2014-08-13,us,CAT,,104.33000183105467,105.5,104.33000183105467,105.16000366210938,4664900,Yahoo Finance daily
2014-08-14,us,CAT,,105.51000213623048,106.0,104.98999786376952,105.66000366210938,4178800,Yahoo Finance daily
2014-08-15,us,CAT,,106.01000213623048,106.41999816894533,105.12999725341795,105.73999786376952,4099200,Yahoo Finance daily
2014-08-18,us,CAT,,106.69000244140624,107.0999984741211,106.27999877929688,106.9800033569336,3478600,Yahoo Finance daily
2014-08-19,us,CAT,,107.26000213623048,107.6999969482422,106.87000274658205,107.3000030517578,3639200,Yahoo Finance daily
2014-08-20,us,CAT,,107.38999938964844,108.1500015258789,107.1999969482422,107.6999969482422,5341600,Yahoo Finance daily
2014-08-21,us,CAT,,108.16999816894533,108.56999969482422,107.54000091552734,107.97000122070312,4118100,Yahoo Finance daily
2014-08-22,us,CAT,,107.58000183105467,107.81999969482422,106.54000091552734,107.30999755859376,4603700,Yahoo Finance daily
2014-08-25,us,CAT,,107.95999908447266,108.33000183105467,107.7300033569336,107.97000122070312,3014100,Yahoo Finance daily
2014-08-26,us,CAT,,108.0500030517578,108.63999938964844,107.9800033569336,108.05999755859376,2865800,Yahoo Finance daily
2014-08-27,us,CAT,,108.12999725341795,108.91999816894533,108.08000183105467,108.5500030517578,3281900,Yahoo Finance daily
2014-08-28,us,CAT,,108.0199966430664,108.81999969482422,107.8000030517578,108.6500015258789,3227800,Yahoo Finance daily
2014-08-29,us,CAT,,108.9000015258789,109.0999984741211,108.25,109.06999969482422,4437200,Yahoo Finance daily
2014-09-02,us,CAT,,109.02999877929688,109.7300033569336,108.83000183105467,108.91999816894533,4040200,Yahoo Finance daily
2014-09-03,us,CAT,,109.4499969482422,109.66000366210938,108.0500030517578,108.45999908447266,4669000,Yahoo Finance daily
2014-09-04,us,CAT,,108.3000030517578,109.48999786376952,108.16000366210938,108.81999969482422,4604000,Yahoo Finance daily
2014-09-05,us,CAT,,109.0,109.18000030517578,108.19000244140624,108.54000091552734,4305000,Yahoo Finance daily
2014-09-08,us,CAT,,108.2300033569336,108.45999908447266,107.5199966430664,107.91000366210938,3496900,Yahoo Finance daily
2014-09-09,us,CAT,,107.81999969482422,108.1999969482422,107.19000244140624,107.4000015258789,3578500,Yahoo Finance daily
2014-09-10,us,CAT,,105.61000061035156,106.12000274658205,105.37999725341795,105.93000030517578,8154700,Yahoo Finance daily
2014-09-11,us,CAT,,105.66000366210938,105.66000366210938,104.58999633789062,105.58999633789062,5460100,Yahoo Finance daily
2014-09-12,us,CAT,,104.97000122070312,105.08999633789062,104.4000015258789,105.0199966430664,6904200,Yahoo Finance daily
2014-09-15,us,CAT,,104.31999969482422,104.9000015258789,103.22000122070312,104.86000061035156,7051900,Yahoo Finance daily
2014-09-16,us,CAT,,104.20999908447266,105.83000183105467,103.7699966430664,104.86000061035156,5289700,Yahoo Finance daily
2014-09-17,us,CAT,,105.18000030517578,105.41000366210938,103.87999725341795,103.98999786376952,5122200,Yahoo Finance daily
2014-09-18,us,CAT,,104.3000030517578,104.5500030517578,103.4000015258789,104.33999633789062,3915800,Yahoo Finance daily
2014-09-19,us,CAT,,104.8499984741211,105.0,102.08000183105467,102.51000213623048,8285400,Yahoo Finance daily
2014-09-22,us,CAT,,102.0999984741211,102.26000213623048,100.81999969482422,100.9000015258789,5093200,Yahoo Finance daily
2014-09-23,us,CAT,,100.86000061035156,101.08999633789062,99.87999725341795,99.98999786376952,5710300,Yahoo Finance daily
2014-09-24,us,CAT,,100.04000091552734,101.48999786376952,99.88999938964844,101.1999969482422,5797000,Yahoo Finance daily
2014-09-25,us,CAT,,101.0,101.1999969482422,99.19000244140624,99.51000213623048,4960800,Yahoo Finance daily
2014-09-26,us,CAT,,99.44000244140624,100.63999938964844,99.23999786376952,100.37999725341795,2935900,Yahoo Finance daily
2014-09-29,us,CAT,,99.3499984741211,100.0999984741211,98.26000213623048,99.83000183105467,3156400,Yahoo Finance daily
2014-09-30,us,CAT,,100.02999877929688,100.0999984741211,98.8000030517578,99.02999877929688,3746100,Yahoo Finance daily
2014-10-01,us,CAT,,98.63999938964844,99.0,97.2699966430664,97.61000061035156,4827300,Yahoo Finance daily
2014-10-02,us,CAT,,97.6500015258789,97.9800033569336,96.1500015258789,97.41000366210938,4460800,Yahoo Finance daily
2014-10-03,us,CAT,,98.04000091552734,98.33999633789062,97.02999877929688,97.38999938964844,3921900,Yahoo Finance daily
2014-10-06,us,CAT,,97.80999755859376,98.12999725341795,96.91000366210938,98.0,3982400,Yahoo Finance daily
2014-10-07,us,CAT,,97.08999633789062,97.51000213623048,94.69000244140624,94.6999969482422,6479500,Yahoo Finance daily
2014-10-08,us,CAT,,94.58000183105467,96.86000061035156,93.63999938964844,96.6500015258789,6214200,Yahoo Finance daily
2014-10-09,us,CAT,,96.20999908447266,96.5199966430664,93.23999786376952,93.5,6414500,Yahoo Finance daily
2014-10-10,us,CAT,,93.23999786376952,94.56999969482422,91.61000061035156,93.12999725341795,6179100,Yahoo Finance daily
2014-10-13,us,CAT,,93.29000091552734,94.05999755859376,91.62000274658205,91.68000030517578,5852400,Yahoo Finance daily
2014-10-14,us,CAT,,92.51000213623048,95.01000213623048,92.38999938964844,92.8000030517578,6791300,Yahoo Finance daily
2014-10-15,us,CAT,,91.43000030517578,92.75,90.05000305175781,92.58999633789062,9377600,Yahoo Finance daily
2014-10-16,us,CAT,,90.2699966430664,94.1500015258789,90.2699966430664,93.23999786376952,7439400,Yahoo Finance daily
2014-10-17,us,CAT,,94.1999969482422,95.5999984741211,93.9800033569336,95.0500030517578,7442600,Yahoo Finance daily
2014-10-20,us,CAT,,94.52999877929688,95.3000030517578,93.2699966430664,94.02999877929688,4270800,Yahoo Finance daily
2014-10-21,us,CAT,,95.04000091552734,96.31999969482422,95.04000091552734,95.88999938964844,3990500,Yahoo Finance daily
2014-10-22,us,CAT,,95.52999877929688,95.9800033569336,94.0500030517578,94.56999969482422,6211300,Yahoo Finance daily
2014-10-23,us,CAT,,97.5999984741211,99.94000244140624,97.33999633789062,99.2699966430664,11670100,Yahoo Finance daily
2014-10-24,us,CAT,,99.51000213623048,99.68000030517578,98.37000274658205,99.44000244140624,4133800,Yahoo Finance daily
2014-10-27,us,CAT,,98.68000030517578,98.7699966430664,97.1500015258789,98.54000091552734,4346100,Yahoo Finance daily
2014-10-28,us,CAT,,99.44000244140624,101.16000366210938,99.02999877929688,101.16000366210938,5069600,Yahoo Finance daily
2014-10-29,us,CAT,,101.52999877929688,101.83999633789062,99.83999633789062,100.19000244140624,4426400,Yahoo Finance daily
2014-10-30,us,CAT,,99.62999725341795,100.58000183105467,99.05999755859376,100.16000366210938,2650900,Yahoo Finance daily
2014-10-31,us,CAT,,101.3499984741211,102.37000274658205,100.83999633789062,101.41000366210938,5367700,Yahoo Finance daily
2014-11-03,us,CAT,,101.61000061035156,101.76000213623048,99.7699966430664,100.22000122070312,4434300,Yahoo Finance daily
2014-11-04,us,CAT,,99.75,100.0,98.04000091552734,98.61000061035156,4849000,Yahoo Finance daily
2014-11-05,us,CAT,,99.4499969482422,99.63999938964844,98.4499969482422,99.41000366210938,3515600,Yahoo Finance daily
2014-11-06,us,CAT,,99.51000213623048,100.98999786376952,99.23999786376952,100.91000366210938,3427700,Yahoo Finance daily
2014-11-07,us,CAT,,101.26000213623048,101.83000183105467,100.9000015258789,101.76000213623048,2708200,Yahoo Finance daily
2014-11-10,us,CAT,,101.86000061035156,102.5500030517578,101.86000061035156,102.20999908447266,3308100,Yahoo Finance daily
2014-11-11,us,CAT,,102.30999755859376,102.8000030517578,101.5999984741211,102.52999877929688,2464400,Yahoo Finance daily
2014-11-12,us,CAT,,102.16999816894533,103.22000122070312,101.5199966430664,102.98999786376952,2808700,Yahoo Finance daily
2014-11-13,us,CAT,,103.05999755859376,103.18000030517578,100.68000030517578,101.11000061035156,3924100,Yahoo Finance daily
2014-11-14,us,CAT,,101.0,101.6999969482422,100.6500015258789,101.33999633789062,2660500,Yahoo Finance daily
2014-11-17,us,CAT,,101.25,102.08000183105467,100.4499969482422,101.6999969482422,2477000,Yahoo Finance daily
2014-11-18,us,CAT,,101.6999969482422,102.4499969482422,101.30999755859376,102.04000091552734,2761200,Yahoo Finance daily
2014-11-19,us,CAT,,101.86000061035156,102.3000030517578,100.88999938964844,101.3000030517578,4679100,Yahoo Finance daily
2014-11-20,us,CAT,,100.33000183105467,102.13999938964844,100.06999969482422,102.08999633789062,3052600,Yahoo Finance daily
2014-11-21,us,CAT,,104.3000030517578,107.12000274658205,104.1999969482422,106.4499969482422,8738000,Yahoo Finance daily
2014-11-24,us,CAT,,106.4000015258789,106.47000122070312,105.0999984741211,105.95999908447266,4108600,Yahoo Finance daily
2014-11-25,us,CAT,,106.0999984741211,106.62999725341795,105.33000183105467,106.23999786376952,3321500,Yahoo Finance daily
2014-11-26,us,CAT,,106.29000091552734,106.44000244140624,105.4499969482422,105.79000091552734,2463800,Yahoo Finance daily
2014-11-28,us,CAT,,104.38999938964844,104.61000061035156,100.12000274658205,100.5999984741211,5780900,Yahoo Finance daily
2014-12-01,us,CAT,,100.23999786376952,100.47000122070312,97.79000091552734,99.0,7431800,Yahoo Finance daily
2014-12-02,us,CAT,,99.4800033569336,99.95999908447266,98.72000122070312,99.51000213623048,3900400,Yahoo Finance daily
2014-12-03,us,CAT,,100.04000091552734,101.45999908447266,99.95999908447266,100.18000030517578,6930700,Yahoo Finance daily
2014-12-04,us,CAT,,99.69000244140624,100.87000274658205,99.51000213623048,99.66999816894533,3390100,Yahoo Finance daily
2014-12-05,us,CAT,,99.80999755859376,99.95999908447266,98.70999908447266,98.77999877929688,3605000,Yahoo Finance daily
2014-12-08,us,CAT,,98.66000366210938,98.76000213623048,95.1999969482422,95.25,7192100,Yahoo Finance daily
2014-12-09,us,CAT,,94.16999816894533,96.16999816894533,93.8000030517578,95.4499969482422,6562900,Yahoo Finance daily
2014-12-10,us,CAT,,94.91000366210938,95.0199966430664,92.75,93.0199966430664,6749600,Yahoo Finance daily
2014-12-11,us,CAT,,93.68000030517578,94.29000091552734,92.52999877929688,92.69000244140624,4664900,Yahoo Finance daily
2014-12-12,us,CAT,,92.0,92.0,89.95999908447266,90.5,10327200,Yahoo Finance daily
2014-12-15,us,CAT,,91.25,91.29000091552734,89.38999938964844,89.75,6924100,Yahoo Finance daily
2014-12-16,us,CAT,,89.2300033569336,92.25,89.1500015258789,89.33999633789062,7649500,Yahoo Finance daily
2014-12-17,us,CAT,,89.4000015258789,90.13999938964844,88.02999877929688,89.75,8671600,Yahoo Finance daily
2014-12-18,us,CAT,,91.88999938964844,91.88999938964844,90.5500030517578,91.69000244140624,8344400,Yahoo Finance daily
2014-12-19,us,CAT,,91.58000183105467,91.9800033569336,90.87999725341795,91.70999908447266,9689200,Yahoo Finance daily
2014-12-22,us,CAT,,92.45999908447266,92.80999755859376,91.8499984741211,92.31999969482422,4577200,Yahoo Finance daily
2014-12-23,us,CAT,,92.98999786376952,93.94000244140624,92.6500015258789,93.5,3554200,Yahoo Finance daily
2014-12-24,us,CAT,,93.63999938964844,93.9800033569336,93.2699966430664,93.72000122070312,1654200,Yahoo Finance daily
2014-12-26,us,CAT,,93.9499969482422,94.66000366210938,93.72000122070312,94.2300033569336,3127800,Yahoo Finance daily
2014-12-29,us,CAT,,94.1999969482422,94.27999877929688,93.58999633789062,93.70999908447266,2390500,Yahoo Finance daily
2014-12-30,us,CAT,,93.5999984741211,93.62999725341795,92.51000213623048,92.58999633789062,3197400,Yahoo Finance daily
2014-12-31,us,CAT,,92.88999938964844,93.56999969482422,91.4499969482422,91.52999877929688,3251100,Yahoo Finance daily
2015-01-02,us,CAT,,91.7699966430664,92.37000274658205,90.66000366210938,91.87999725341795,3767900,Yahoo Finance daily
2015-01-05,us,CAT,,90.3499984741211,90.41999816894533,86.5999984741211,87.02999877929688,11301400,Yahoo Finance daily
2015-01-06,us,CAT,,87.27999877929688,87.68000030517578,85.16999816894531,86.47000122070312,8660600,Yahoo Finance daily
2015-01-07,us,CAT,,87.37000274658203,88.13999938964844,86.41999816894531,87.80999755859375,6511100,Yahoo Finance daily
2015-01-08,us,CAT,,89.18000030517578,89.27999877929688,87.83999633789062,88.70999908447266,7617800,Yahoo Finance daily
2015-01-09,us,CAT,,88.76000213623047,88.88999938964844,87.0199966430664,87.6500015258789,4857100,Yahoo Finance daily
2015-01-12,us,CAT,,87.7300033569336,87.7699966430664,86.06999969482422,86.88999938964844,4351600,Yahoo Finance daily
2015-01-13,us,CAT,,87.68000030517578,87.9000015258789,85.19999694824219,86.37000274658203,5078100,Yahoo Finance daily
2015-01-14,us,CAT,,84.88999938964844,86.22000122070312,84.2699966430664,86.06999969482422,10366700,Yahoo Finance daily
2015-01-15,us,CAT,,86.02999877929688,86.16999816894531,84.30000305175781,84.31999969482422,6683900,Yahoo Finance daily
2015-01-16,us,CAT,,84.23999786376953,84.31999969482422,83.05000305175781,83.86000061035156,10424800,Yahoo Finance daily
2015-01-20,us,CAT,,84.41999816894531,84.5,83.19000244140625,83.97000122070312,5937300,Yahoo Finance daily
2015-01-21,us,CAT,,83.58999633789062,85.4000015258789,83.58999633789062,85.37000274658203,6613100,Yahoo Finance daily
2015-01-22,us,CAT,,86.05000305175781,87.36000061035156,85.43000030517578,86.81999969482422,5567800,Yahoo Finance daily
2015-01-23,us,CAT,,86.79000091552734,87.0,85.19999694824219,85.61000061035156,5027500,Yahoo Finance daily
2015-01-26,us,CAT,,85.36000061035156,86.26000213623047,84.9000015258789,86.02999877929688,8140500,Yahoo Finance daily
2015-01-27,us,CAT,,79.73999786376953,81.3499984741211,79.0999984741211,79.8499984741211,27489500,Yahoo Finance daily
2015-01-28,us,CAT,,80.4000015258789,81.19999694824219,79.95999908447266,80.01000213623047,14269300,Yahoo Finance daily
2015-01-29,us,CAT,,79.91000366210938,80.18000030517578,78.80999755859375,80.0,9157000,Yahoo Finance daily
2015-01-30,us,CAT,,79.51000213623047,80.81999969482422,79.41999816894531,79.97000122070312,8150700,Yahoo Finance daily
2015-02-02,us,CAT,,80.08000183105469,80.87999725341797,79.48999786376953,80.83999633789062,7149000,Yahoo Finance daily
2015-02-03,us,CAT,,81.22000122070312,84.11000061035156,81.1500015258789,83.91999816894531,10895300,Yahoo Finance daily
2015-02-04,us,CAT,,82.77999877929688,83.31999969482422,81.66000366210938,81.94999694824219,8806500,Yahoo Finance daily
2015-02-05,us,CAT,,82.4000015258789,83.62999725341797,81.87000274658203,83.56999969482422,6640200,Yahoo Finance daily
2015-02-06,us,CAT,,83.5999984741211,84.13999938964844,82.80000305175781,83.20999908447266,5581500,Yahoo Finance daily
2015-02-09,us,CAT,,83.05000305175781,84.87000274658203,82.94999694824219,84.66999816894531,7693800,Yahoo Finance daily
2015-02-10,us,CAT,,85.0,85.0,83.45999908447266,83.9000015258789,6569100,Yahoo Finance daily
2015-02-11,us,CAT,,83.55999755859375,83.66999816894531,82.23999786376953,83.41000366210938,5722600,Yahoo Finance daily
2015-02-12,us,CAT,,84.08000183105469,84.25,83.30999755859375,83.52999877929688,4623000,Yahoo Finance daily
2015-02-13,us,CAT,,84.11000061035156,85.48999786376953,84.02999877929688,85.12999725341797,5645500,Yahoo Finance daily
2015-02-17,us,CAT,,84.86000061035156,85.58000183105469,84.19999694824219,85.37999725341797,3924400,Yahoo Finance daily
2015-02-18,us,CAT,,84.91999816894531,85.80999755859375,84.58000183105469,84.80000305175781,3568600,Yahoo Finance daily
2015-02-19,us,CAT,,83.80999755859375,84.0,82.20999908447266,83.30000305175781,5733500,Yahoo Finance daily
2015-02-20,us,CAT,,83.30000305175781,84.62000274658203,82.4000015258789,84.44000244140625,6029400,Yahoo Finance daily
2015-02-23,us,CAT,,83.9000015258789,83.9800033569336,83.13999938964844,83.48999786376953,5180000,Yahoo Finance daily
2015-02-24,us,CAT,,83.7699966430664,84.69000244140625,83.5999984741211,84.5,3678700,Yahoo Finance daily
2015-02-25,us,CAT,,84.5199966430664,85.36000061035156,84.16999816894531,85.1500015258789,3449500,Yahoo Finance daily
2015-02-26,us,CAT,,85.0999984741211,85.0999984741211,83.55999755859375,83.80000305175781,4457000,Yahoo Finance daily
2015-02-27,us,CAT,,84.18000030517578,84.18000030517578,82.88999938964844,82.9000015258789,4370500,Yahoo Finance daily
2015-03-02,us,CAT,,82.9000015258789,83.06999969482422,82.23999786376953,83.0,4155000,Yahoo Finance daily
2015-03-03,us,CAT,,82.70999908447266,83.79000091552734,82.6500015258789,82.83999633789062,4331700,Yahoo Finance daily
2015-03-04,us,CAT,,82.56999969482422,82.61000061035156,80.83000183105469,81.7300033569336,6863600,Yahoo Finance daily
2015-03-05,us,CAT,,81.7300033569336,81.7300033569336,80.05999755859375,81.51000213623047,7123500,Yahoo Finance daily
2015-03-06,us,CAT,,80.37000274658203,81.20999908447266,79.55000305175781,80.05999755859375,7913800,Yahoo Finance daily
2015-03-09,us,CAT,,80.16999816894531,81.33999633789062,80.0999984741211,80.80999755859375,4740500,Yahoo Finance daily
2015-03-10,us,CAT,,80.0199966430664,80.76000213623047,79.73999786376953,79.91000366210938,4850500,Yahoo Finance daily
2015-03-11,us,CAT,,80.1500015258789,80.1500015258789,79.26000213623047,79.69999694824219,4612200,Yahoo Finance daily
2015-03-12,us,CAT,,80.2699966430664,80.4800033569336,79.80000305175781,80.19000244140625,3612500,Yahoo Finance daily
2015-03-13,us,CAT,,79.9000015258789,79.91000366210938,78.19000244140625,79.2300033569336,7272700,Yahoo Finance daily
2015-03-16,us,CAT,,79.56999969482422,80.0,79.05999755859375,79.97000122070312,3598500,Yahoo Finance daily
2015-03-17,us,CAT,,79.3499984741211,79.3499984741211,78.25,78.44999694824219,6979900,Yahoo Finance daily
2015-03-18,us,CAT,,78.25,81.44000244140625,78.25,81.33000183105469,12154300,Yahoo Finance daily
2015-03-19,us,CAT,,80.5,80.5,79.55999755859375,80.08999633789062,5236200,Yahoo Finance daily
2015-03-20,us,CAT,,80.62000274658203,81.25,80.19000244140625,81.19000244140625,8216600,Yahoo Finance daily
2015-03-23,us,CAT,,81.19000244140625,81.91999816894531,81.0199966430664,81.08999633789062,4704000,Yahoo Finance daily
2015-03-24,us,CAT,,81.1500015258789,81.19999694824219,80.19999694824219,80.4800033569336,3978700,Yahoo Finance daily
2015-03-25,us,CAT,,81.02999877929688,81.04000091552734,79.83000183105469,79.86000061035156,4803000,Yahoo Finance daily
2015-03-26,us,CAT,,79.63999938964844,80.80000305175781,79.51000213623047,79.87999725341797,4238500,Yahoo Finance daily
2015-03-27,us,CAT,,79.45999908447266,79.87999725341797,78.76000213623047,79.66999816894531,6336900,Yahoo Finance daily
2015-03-30,us,CAT,,80.01000213623047,81.5199966430664,80.0,81.37000274658203,4621200,Yahoo Finance daily
2015-03-31,us,CAT,,80.51000213623047,80.6500015258789,79.80999755859375,80.02999877929688,4848600,Yahoo Finance daily
2015-04-01,us,CAT,,80.02999877929688,80.5199966430664,79.38999938964844,79.63999938964844,4446200,Yahoo Finance daily
2015-04-02,us,CAT,,79.5999984741211,80.5,79.4000015258789,80.23999786376953,3555300,Yahoo Finance daily
2015-04-06,us,CAT,,80.3499984741211,82.0,79.9800033569336,81.48999786376953,4495400,Yahoo Finance daily
2015-04-07,us,CAT,,81.22000122070312,81.43000030517578,80.5,80.54000091552734,3526300,Yahoo Finance daily
2015-04-08,us,CAT,,80.83999633789062,81.23999786376953,79.91999816894531,80.44000244140625,4196200,Yahoo Finance daily
2015-04-09,us,CAT,,80.5,81.20999908447266,80.27999877929688,80.68000030517578,4291900,Yahoo Finance daily
2015-04-10,us,CAT,,81.0999984741211,82.80000305175781,80.73999786376953,82.5999984741211,6831900,Yahoo Finance daily
2015-04-13,us,CAT,,82.5999984741211,82.61000061035156,81.5999984741211,82.13999938964844,5293900,Yahoo Finance daily
2015-04-14,us,CAT,,82.55000305175781,83.23999786376953,81.54000091552734,83.0,5898700,Yahoo Finance daily
2015-04-15,us,CAT,,83.29000091552734,85.7300033569336,83.0,85.16000366210938,9643800,Yahoo Finance daily
2015-04-16,us,CAT,,84.4000015258789,84.9000015258789,84.0,84.33999633789062,5692300,Yahoo Finance daily
2015-04-17,us,CAT,,83.5,83.58999633789062,82.66000366210938,83.27999877929688,5314000,Yahoo Finance daily
2015-04-20,us,CAT,,83.95999908447266,84.75,83.87999725341797,84.5999984741211,3914600,Yahoo Finance daily
2015-04-21,us,CAT,,84.66000366210938,84.97000122070312,83.61000061035156,83.91999816894531,5620900,Yahoo Finance daily
2015-04-22,us,CAT,,84.12999725341797,84.94000244140625,83.08999633789062,84.87000274658203,6520700,Yahoo Finance daily
2015-04-23,us,CAT,,86.8499984741211,87.5,83.8499984741211,84.79000091552734,18917600,Yahoo Finance daily
2015-04-24,us,CAT,,84.69999694824219,85.16999816894531,84.0199966430664,84.5999984741211,5848100,Yahoo Finance daily
2015-04-27,us,CAT,,84.7699966430664,85.94000244140625,84.4000015258789,85.33000183105469,5912000,Yahoo Finance daily
2015-04-28,us,CAT,,85.41999816894531,86.22000122070312,84.5,86.19999694824219,5736500,Yahoo Finance daily
2015-04-29,us,CAT,,85.69000244140625,87.91999816894531,85.45999908447266,87.5,7021800,Yahoo Finance daily
2015-04-30,us,CAT,,86.8499984741211,87.30000305175781,86.2300033569336,86.87999725341797,5460100,Yahoo Finance daily
2015-05-01,us,CAT,,87.69000244140625,88.27999877929688,86.76000213623047,87.37000274658203,4850100,Yahoo Finance daily
2015-05-04,us,CAT,,87.7300033569336,87.95999908447266,87.16999816894531,87.30000305175781,2754500,Yahoo Finance daily
2015-05-05,us,CAT,,87.56999969482422,88.22000122070312,86.69999694824219,87.0,4623700,Yahoo Finance daily
2015-05-06,us,CAT,,87.75,87.94000244140625,86.41999816894531,86.98999786376953,4464700,Yahoo Finance daily
2015-05-07,us,CAT,,86.6500015258789,86.87999725341797,85.88999938964844,86.43000030517578,3892800,Yahoo Finance daily
2015-05-08,us,CAT,,87.77999877929688,87.83999633789062,86.69999694824219,87.30999755859375,3577100,Yahoo Finance daily
2015-05-11,us,CAT,,88.4000015258789,89.44000244140625,88.08999633789062,88.7699966430664,6882600,Yahoo Finance daily
2015-05-12,us,CAT,,88.19000244140625,88.33999633789062,87.26000213623047,88.16000366210938,4066400,Yahoo Finance daily
2015-05-13,us,CAT,,88.58999633789062,89.06999969482422,88.20999908447266,88.44000244140625,3178300,Yahoo Finance daily
2015-05-14,us,CAT,,88.77999877929688,89.58999633789062,88.6500015258789,88.73999786376953,3228400,Yahoo Finance daily
2015-05-15,us,CAT,,88.5,88.55999755859375,87.5999984741211,88.43000030517578,3205000,Yahoo Finance daily
2015-05-18,us,CAT,,88.38999938964844,88.5,87.6500015258789,88.29000091552734,3074400,Yahoo Finance daily
2015-05-19,us,CAT,,87.88999938964844,87.91000366210938,86.51000213623047,87.23999786376953,5676800,Yahoo Finance daily
2015-05-20,us,CAT,,87.62999725341797,88.12999725341797,87.12999725341797,87.93000030517578,3841500,Yahoo Finance daily
2015-05-21,us,CAT,,88.2300033569336,89.62000274658203,87.94000244140625,89.33000183105469,8155500,Yahoo Finance daily
2015-05-22,us,CAT,,89.18000030517578,89.5,88.62999725341797,88.62999725341797,3483800,Yahoo Finance daily
2015-05-26,us,CAT,,88.12999725341797,88.1500015258789,87.29000091552734,87.83999633789062,3149600,Yahoo Finance daily
2015-05-27,us,CAT,,87.98999786376953,88.81999969482422,87.6500015258789,87.91999816894531,4517100,Yahoo Finance daily
2015-05-28,us,CAT,,87.33000183105469,87.44999694824219,85.7300033569336,86.01000213623047,5899100,Yahoo Finance daily
2015-05-29,us,CAT,,85.73999786376953,86.33000183105469,85.11000061035156,85.31999969482422,4685700,Yahoo Finance daily
2015-06-01,us,CAT,,86.05999755859375,86.37000274658203,84.69999694824219,85.52999877929688,3976900,Yahoo Finance daily
2015-06-02,us,CAT,,85.20999908447266,86.68000030517578,85.06999969482422,86.16999816894531,2817800,Yahoo Finance daily
2015-06-03,us,CAT,,86.5999984741211,87.05999755859375,85.80999755859375,86.2300033569336,2841800,Yahoo Finance daily
2015-06-04,us,CAT,,85.5,86.4000015258789,85.31999969482422,85.47000122070312,3775200,Yahoo Finance daily
2015-06-05,us,CAT,,85.01000213623047,86.5,84.91000366210938,86.05000305175781,3937600,Yahoo Finance daily
2015-06-08,us,CAT,,85.80000305175781,86.4800033569336,85.77999877929688,86.1500015258789,3355800,Yahoo Finance daily
2015-06-09,us,CAT,,86.45999908447266,87.62000274658203,86.41999816894531,86.7300033569336,3984900,Yahoo Finance daily
2015-06-10,us,CAT,,87.44999694824219,88.70999908447266,87.36000061035156,88.4800033569336,4717100,Yahoo Finance daily
2015-06-11,us,CAT,,88.62000274658203,88.76000213623047,87.91999816894531,88.16999816894531,2872900,Yahoo Finance daily
2015-06-12,us,CAT,,87.94999694824219,88.41000366210938,87.56999969482422,87.8499984741211,2212800,Yahoo Finance daily
2015-06-15,us,CAT,,87.13999938964844,87.38999938964844,86.3499984741211,87.12999725341797,2721000,Yahoo Finance daily
2015-06-16,us,CAT,,86.79000091552734,87.0199966430664,86.23999786376953,86.58999633789062,2895000,Yahoo Finance daily
2015-06-17,us,CAT,,86.88999938964844,87.55000305175781,86.31999969482422,87.25,3402800,Yahoo Finance daily
2015-06-18,us,CAT,,86.83000183105469,87.73999786376953,86.83000183105469,87.44000244140625,3372600,Yahoo Finance daily
2015-06-19,us,CAT,,87.2699966430664,87.95999908447266,87.1500015258789,87.5199966430664,3910900,Yahoo Finance daily
2015-06-22,us,CAT,,87.97000122070312,88.31999969482422,87.70999908447266,88.2699966430664,3648600,Yahoo Finance daily
2015-06-23,us,CAT,,88.41999816894531,88.62000274658203,88.01000213623047,88.44999694824219,2539000,Yahoo Finance daily
2015-06-24,us,CAT,,88.79000091552734,88.80999755859375,88.06999969482422,88.16999816894531,3413600,Yahoo Finance daily
2015-06-25,us,CAT,,88.22000122070312,88.33000183105469,86.66000366210938,86.72000122070312,3239100,Yahoo Finance daily
2015-06-26,us,CAT,,86.5,86.94999694824219,85.80999755859375,86.81999969482422,4387300,Yahoo Finance daily
2015-06-29,us,CAT,,86.22000122070312,86.73999786376953,85.0999984741211,85.30000305175781,4747300,Yahoo Finance daily
2015-06-30,us,CAT,,86.08999633789062,86.25,84.80000305175781,84.81999969482422,4077900,Yahoo Finance daily
2015-07-01,us,CAT,,85.38999938964844,85.44999694824219,83.54000091552734,83.94999694824219,5296200,Yahoo Finance daily
2015-07-02,us,CAT,,84.52999877929688,84.77999877929688,83.8499984741211,84.37999725341797,2582200,Yahoo Finance daily
2015-07-06,us,CAT,,83.6500015258789,84.1500015258789,82.7300033569336,83.1500015258789,4896600,Yahoo Finance daily
2015-07-07,us,CAT,,82.98999786376953,84.12000274658203,81.8499984741211,83.98999786376953,5192000,Yahoo Finance daily
2015-07-08,us,CAT,,83.05000305175781,83.2300033569336,81.76000213623047,82.2699966430664,4325100,Yahoo Finance daily
2015-07-09,us,CAT,,83.43000030517578,83.69999694824219,81.45999908447266,81.69000244140625,4570700,Yahoo Finance daily
2015-07-10,us,CAT,,82.63999938964844,82.91000366210938,81.87000274658203,82.1500015258789,3495000,Yahoo Finance daily
2015-07-13,us,CAT,,82.87000274658203,84.02999877929688,82.68000030517578,83.63999938964844,4228500,Yahoo Finance daily
2015-07-14,us,CAT,,83.52999877929688,84.68000030517578,83.5199966430664,84.45999908447266,3797700,Yahoo Finance daily
2015-07-15,us,CAT,,84.55000305175781,84.86000061035156,83.75,84.16000366210938,3661700,Yahoo Finance daily
2015-07-16,us,CAT,,84.75,84.88999938964844,83.41000366210938,83.76000213623047,3686000,Yahoo Finance daily
2015-07-17,us,CAT,,83.55000305175781,83.6500015258789,82.76000213623047,83.16000366210938,2931500,Yahoo Finance daily
2015-07-20,us,CAT,,83.05999755859375,83.29000091552734,82.13999938964844,82.25,4291400,Yahoo Finance daily
2015-07-21,us,CAT,,81.80000305175781,82.88999938964844,81.25,82.22000122070312,4691900,Yahoo Finance daily
2015-07-22,us,CAT,,81.0,81.12000274658203,79.1500015258789,79.76000213623047,10180700,Yahoo Finance daily
2015-07-23,us,CAT,,77.69999694824219,79.04000091552734,76.6500015258789,76.87999725341797,13909900,Yahoo Finance daily
2015-07-24,us,CAT,,76.91000366210938,77.08999633789062,75.8499984741211,76.0999984741211,9175900,Yahoo Finance daily
2015-07-27,us,CAT,,75.18000030517578,75.72000122070312,74.7699966430664,75.31999969482422,10269600,Yahoo Finance daily
2015-07-28,us,CAT,,75.91999816894531,78.1500015258789,75.79000091552734,77.77999877929688,15699000,Yahoo Finance daily
2015-07-29,us,CAT,,77.30000305175781,77.45999908447266,76.51000213623047,77.33000183105469,13794800,Yahoo Finance daily
2015-07-30,us,CAT,,76.9800033569336,78.37000274658203,76.68000030517578,78.3499984741211,7386200,Yahoo Finance daily
2015-07-31,us,CAT,,78.5999984741211,79.04000091552734,78.1500015258789,78.62999725341797,6203600,Yahoo Finance daily
2015-08-03,us,CAT,,78.41999816894531,78.43000030517578,76.75,77.26000213623047,6443300,Yahoo Finance daily
2015-08-04,us,CAT,,77.33000183105469,77.86000061035156,76.31999969482422,76.5999984741211,5822300,Yahoo Finance daily
2015-08-05,us,CAT,,77.5,77.91999816894531,76.72000122070312,76.87999725341797,4581900,Yahoo Finance daily
2015-08-06,us,CAT,,76.9800033569336,77.6500015258789,76.18000030517578,77.45999908447266,5609500,Yahoo Finance daily
2015-08-07,us,CAT,,77.5199966430664,78.1500015258789,76.94000244140625,77.29000091552734,7851300,Yahoo Finance daily
2015-08-10,us,CAT,,78.04000091552734,80.30999755859375,77.9000015258789,80.16000366210938,9041600,Yahoo Finance daily
2015-08-11,us,CAT,,78.7300033569336,78.93000030517578,77.2300033569336,78.04000091552734,8992500,Yahoo Finance daily
2015-08-12,us,CAT,,77.30999755859375,79.12000274658203,76.91999816894531,78.91999816894531,7236800,Yahoo Finance daily
2015-08-13,us,CAT,,78.55000305175781,78.58000183105469,77.69999694824219,77.76000213623047,5662500,Yahoo Finance daily
2015-08-14,us,CAT,,77.66000366210938,78.7300033569336,77.5999984741211,78.48999786376953,3811500,Yahoo Finance daily
2015-08-17,us,CAT,,78.12999725341797,78.63999938964844,77.20999908447266,78.54000091552734,5226800,Yahoo Finance daily
2015-08-18,us,CAT,,78.51000213623047,79.0,78.18000030517578,78.81999969482422,5146400,Yahoo Finance daily
2015-08-19,us,CAT,,78.25,78.54000091552734,77.05000305175781,77.41000366210938,5862700,Yahoo Finance daily
2015-08-20,us,CAT,,77.27999877929688,77.83000183105469,76.41000366210938,76.41000366210938,7767300,Yahoo Finance daily
2015-08-21,us,CAT,,75.94000244140625,76.30000305175781,74.95999908447266,75.0,11805500,Yahoo Finance daily
2015-08-24,us,CAT,,71.81999969482422,74.87999725341797,70.2300033569336,72.81999969482422,15209300,Yahoo Finance daily
2015-08-25,us,CAT,,75.22000122070312,75.48999786376953,72.02999877929688,72.05999755859375,9427200,Yahoo Finance daily
2015-08-26,us,CAT,,73.81999969482422,74.08000183105469,72.52999877929688,73.87000274658203,8288100,Yahoo Finance daily
2015-08-27,us,CAT,,75.04000091552734,76.22000122070312,74.2300033569336,75.66000366210938,8537700,Yahoo Finance daily
2015-08-28,us,CAT,,75.19000244140625,76.0199966430664,74.62999725341797,75.94999694824219,6649500,Yahoo Finance daily
2015-08-31,us,CAT,,75.31999969482422,76.7699966430664,74.9000015258789,76.44000244140625,7019600,Yahoo Finance daily
2015-09-01,us,CAT,,74.5,75.94000244140625,74.45999908447266,74.9000015258789,9053100,Yahoo Finance daily
2015-09-02,us,CAT,,75.9000015258789,76.16000366210938,74.94999694824219,76.0999984741211,5325900,Yahoo Finance daily
2015-09-03,us,CAT,,75.94999694824219,76.01000213623047,73.77999877929688,74.44999694824219,11077100,Yahoo Finance daily
2015-09-04,us,CAT,,73.0,73.66000366210938,72.3499984741211,73.0999984741211,12007300,Yahoo Finance daily
2015-09-08,us,CAT,,74.58000183105469,74.62000274658203,73.55999755859375,74.30000305175781,5647800,Yahoo Finance daily
2015-09-09,us,CAT,,75.0,75.19999694824219,72.77999877929688,72.95999908447266,5859200,Yahoo Finance daily
2015-09-10,us,CAT,,72.88999938964844,73.30999755859375,72.02999877929688,72.41999816894531,6109100,Yahoo Finance daily
2015-09-11,us,CAT,,72.2300033569336,72.91999816894531,71.87999725341797,72.62999725341797,4413800,Yahoo Finance daily
2015-09-14,us,CAT,,72.3499984741211,72.88999938964844,72.01000213623047,72.7699966430664,4231800,Yahoo Finance daily
2015-09-15,us,CAT,,73.0199966430664,74.73999786376953,72.6500015258789,74.58000183105469,5109400,Yahoo Finance daily
2015-09-16,us,CAT,,74.8499984741211,75.87000274658203,74.58000183105469,75.63999938964844,5225800,Yahoo Finance daily
2015-09-17,us,CAT,,75.4000015258789,75.68000030517578,73.91000366210938,74.05999755859375,7745000,Yahoo Finance daily
2015-09-18,us,CAT,,73.33000183105469,73.5,71.61000061035156,71.86000061035156,9260100,Yahoo Finance daily
2015-09-21,us,CAT,,72.30000305175781,72.83999633789062,71.91000366210938,72.16000366210938,7594900,Yahoo Finance daily
2015-09-22,us,CAT,,71.12000274658203,71.80000305175781,70.63999938964844,71.68000030517578,5717300,Yahoo Finance daily
2015-09-23,us,CAT,,71.66999816894531,71.80999755859375,70.16000366210938,70.19999694824219,4754300,Yahoo Finance daily
2015-09-24,us,CAT,,66.19999694824219,66.69999694824219,64.6500015258789,65.80000305175781,22589600,Yahoo Finance daily
2015-09-25,us,CAT,,65.0,65.7699966430664,64.73999786376953,64.9800033569336,12365100,Yahoo Finance daily
2015-09-28,us,CAT,,64.23999786376953,64.31999969482422,62.9900016784668,63.790000915527344,12572000,Yahoo Finance daily
2015-09-29,us,CAT,,63.650001525878906,65.38999938964844,63.59999847412109,64.30999755859375,8784400,Yahoo Finance daily
2015-09-30,us,CAT,,64.94999694824219,65.63999938964844,64.1500015258789,65.36000061035156,7850300,Yahoo Finance daily
2015-10-01,us,CAT,,65.62999725341797,66.0999984741211,63.61000061035156,64.38999938964844,7933000,Yahoo Finance daily
2015-10-02,us,CAT,,63.790000915527344,65.7300033569336,63.09999847412109,65.69999694824219,8782700,Yahoo Finance daily
2015-10-05,us,CAT,,66.69000244140625,69.4800033569336,66.5199966430664,69.18000030517578,10661900,Yahoo Finance daily
2015-10-06,us,CAT,,69.54000091552734,71.1500015258789,69.08000183105469,70.81999969482422,9664100,Yahoo Finance daily
2015-10-07,us,CAT,,71.36000061035156,72.70999908447266,69.1500015258789,70.37999725341797,8307700,Yahoo Finance daily
2015-10-08,us,CAT,,70.31999969482422,72.18000030517578,69.8499984741211,71.83999633789062,6091600,Yahoo Finance daily
2015-10-09,us,CAT,,71.83999633789062,72.48999786376953,70.86000061035156,71.30000305175781,5573500,Yahoo Finance daily
2015-10-12,us,CAT,,71.51000213623047,71.52999877929688,70.31999969482422,70.5,4643500,Yahoo Finance daily
2015-10-13,us,CAT,,69.95999908447266,71.02999877929688,69.26000213623047,70.16999816894531,4724800,Yahoo Finance daily
2015-10-14,us,CAT,,70.11000061035156,71.05999755859375,69.56999969482422,70.70999908447266,4042700,Yahoo Finance daily
2015-10-15,us,CAT,,70.47000122070312,70.91999816894531,69.76000213623047,70.83000183105469,4547900,Yahoo Finance daily
2015-10-16,us,CAT,,70.62000274658203,70.83000183105469,69.11000061035156,69.68000030517578,8310000,Yahoo Finance daily
2015-10-19,us,CAT,,69.25,69.47000122070312,68.80000305175781,69.2699966430664,5712000,Yahoo Finance daily
2015-10-20,us,CAT,,68.86000061035156,71.19000244140625,68.51000213623047,70.2699966430664,6385800,Yahoo Finance daily
2015-10-21,us,CAT,,70.58999633789062,71.9000015258789,69.58000183105469,69.66999816894531,8679400,Yahoo Finance daily
2015-10-22,us,CAT,,67.91999816894531,72.83000183105469,67.80999755859375,70.87999725341797,13909200,Yahoo Finance daily
2015-10-23,us,CAT,,71.70999908447266,72.43000030517578,70.66000366210938,71.75,7942500,Yahoo Finance daily
2015-10-26,us,CAT,,71.79000091552734,72.30000305175781,71.41999816894531,71.5199966430664,6254500,Yahoo Finance daily
2015-10-27,us,CAT,,70.18000030517578,71.08000183105469,68.33999633789062,70.38999938964844,8280500,Yahoo Finance daily
2015-10-28,us,CAT,,70.75,72.11000061035156,70.4800033569336,71.97000122070312,5486900,Yahoo Finance daily
2015-10-29,us,CAT,,71.48999786376953,72.56999969482422,71.27999877929688,71.97000122070312,4321300,Yahoo Finance daily
2015-10-30,us,CAT,,72.2699966430664,73.27999877929688,71.62999725341797,72.98999786376953,7388700,Yahoo Finance daily
2015-11-02,us,CAT,,73.0,74.63999938964844,72.83000183105469,74.33999633789062,5876500,Yahoo Finance daily
2015-11-03,us,CAT,,74.44000244140625,75.31999969482422,74.19999694824219,74.75,5006100,Yahoo Finance daily
2015-11-04,us,CAT,,75.33999633789062,75.93000030517578,74.33000183105469,74.55000305175781,5477800,Yahoo Finance daily
2015-11-05,us,CAT,,74.6500015258789,75.55999755859375,73.20999908447266,74.22000122070312,6238900,Yahoo Finance daily
2015-11-06,us,CAT,,73.41999816894531,73.8499984741211,72.33000183105469,73.83999633789062,5538600,Yahoo Finance daily
2015-11-09,us,CAT,,73.43000030517578,73.61000061035156,71.4800033569336,71.88999938964844,5914800,Yahoo Finance daily
2015-11-10,us,CAT,,71.79000091552734,72.58000183105469,71.62999725341797,72.43000030517578,4373800,Yahoo Finance daily
2015-11-11,us,CAT,,72.54000091552734,72.8499984741211,71.81999969482422,71.91000366210938,4190700,Yahoo Finance daily
2015-11-12,us,CAT,,70.81999969482422,70.98999786376953,68.41000366210938,68.66000366210938,8731700,Yahoo Finance daily
2015-11-13,us,CAT,,68.69999694824219,70.12999725341797,68.5,69.62999725341797,6429600,Yahoo Finance daily
2015-11-16,us,CAT,,69.4800033569336,70.62000274658203,69.2300033569336,70.38999938964844,5167600,Yahoo Finance daily
2015-11-17,us,CAT,,70.12999725341797,70.36000061035156,69.05000305175781,69.38999938964844,4812000,Yahoo Finance daily
2015-11-18,us,CAT,,69.9000015258789,70.44999694824219,69.37999725341797,70.31999969482422,3788300,Yahoo Finance daily
2015-11-19,us,CAT,,69.5,70.11000061035156,68.5999984741211,70.0199966430664,6296000,Yahoo Finance daily
2015-11-20,us,CAT,,70.4800033569336,71.20999908447266,70.16000366210938,71.13999938964844,6495100,Yahoo Finance daily
2015-11-23,us,CAT,,70.9800033569336,71.9000015258789,70.88999938964844,71.0199966430664,3847600,Yahoo Finance daily
2015-11-24,us,CAT,,70.77999877929688,71.70999908447266,70.44000244140625,71.4000015258789,3846500,Yahoo Finance daily
2015-11-25,us,CAT,,71.73999786376953,71.88999938964844,70.72000122070312,71.48999786376953,3493000,Yahoo Finance daily
2015-11-27,us,CAT,,71.18000030517578,71.52999877929688,70.69999694824219,71.22000122070312,1642100,Yahoo Finance daily
2015-11-30,us,CAT,,71.33000183105469,72.79000091552734,71.1500015258789,72.6500015258789,5632900,Yahoo Finance daily
2015-12-01,us,CAT,,72.33000183105469,72.63999938964844,70.8499984741211,71.55999755859375,6578400,Yahoo Finance daily
2015-12-02,us,CAT,,71.19999694824219,72.12999725341797,70.62000274658203,71.02999877929688,5068200,Yahoo Finance daily
2015-12-03,us,CAT,,71.1500015258789,71.22000122070312,69.37000274658203,69.63999938964844,8130800,Yahoo Finance daily
2015-12-04,us,CAT,,69.36000061035156,70.02999877929688,68.80000305175781,69.9800033569336,5252000,Yahoo Finance daily
2015-12-07,us,CAT,,68.68000030517578,68.7300033569336,67.72000122070312,68.36000061035156,6805900,Yahoo Finance daily
2015-12-08,us,CAT,,66.98999786376953,67.16000366210938,66.18000030517578,66.54000091552734,6866300,Yahoo Finance daily
2015-12-09,us,CAT,,66.30000305175781,67.0199966430664,65.16000366210938,65.91000366210938,8578000,Yahoo Finance daily
2015-12-10,us,CAT,,65.9800033569336,67.08999633789062,65.91000366210938,66.37999725341797,5768700,Yahoo Finance daily
2015-12-11,us,CAT,,65.37999725341797,66.0999984741211,64.4800033569336,65.43000030517578,7572600,Yahoo Finance daily
2015-12-14,us,CAT,,65.62999725341797,66.18000030517578,64.7300033569336,66.12000274658203,7371100,Yahoo Finance daily
2015-12-15,us,CAT,,65.45999908447266,66.95999908447266,65.23999786376953,66.75,6061200,Yahoo Finance daily
2015-12-16,us,CAT,,66.22000122070312,67.87999725341797,66.13999938964844,67.72000122070312,6747600,Yahoo Finance daily
2015-12-17,us,CAT,,67.18000030517578,67.51000213623047,64.87999725341797,64.9000015258789,6800000,Yahoo Finance daily
2015-12-18,us,CAT,,64.5999984741211,65.87000274658203,64.0999984741211,65.11000061035156,13490900,Yahoo Finance daily
2015-12-21,us,CAT,,65.58999633789062,65.81999969482422,64.37999725341797,65.23999786376953,5311500,Yahoo Finance daily
2015-12-22,us,CAT,,66.25,68.79000091552734,66.11000061035156,68.41000366210938,9697200,Yahoo Finance daily
2015-12-23,us,CAT,,69.58999633789062,70.48999786376953,68.98999786376953,69.88999938964844,7586300,Yahoo Finance daily
2015-12-24,us,CAT,,69.75,69.9000015258789,69.05999755859375,69.37999725341797,2322100,Yahoo Finance daily
2015-12-28,us,CAT,,69.12000274658203,69.18000030517578,68.02999877929688,68.58000183105469,3884000,Yahoo Finance daily
2015-12-29,us,CAT,,69.22000122070312,69.56999969482422,68.62000274658203,69.19000244140625,3539500,Yahoo Finance daily
2015-12-30,us,CAT,,68.66000366210938,69.62999725341797,68.56999969482422,68.69000244140625,3158500,Yahoo Finance daily
2015-12-31,us,CAT,,68.44999694824219,69.0999984741211,67.94000244140625,67.95999908447266,4356400,Yahoo Finance daily
2016-01-04,us,CAT,,66.87999725341797,68.08000183105469,65.72000122070312,67.98999786376953,8586900,Yahoo Finance daily
2016-01-05,us,CAT,,68.37999725341797,68.44000244140625,66.41999816894531,67.27999877929688,6139100,Yahoo Finance daily
2016-01-06,us,CAT,,65.9800033569336,66.8499984741211,65.62000274658203,66.22000122070312,6639300,Yahoo Finance daily
2016-01-07,us,CAT,,65.08000183105469,65.5199966430664,63.65999984741211,63.93999862670898,8601500,Yahoo Finance daily
2016-01-08,us,CAT,,64.33000183105469,64.52999877929688,62.93000030517578,63.290000915527344,8278500,Yahoo Finance daily
2016-01-11,us,CAT,,63.66999816894531,63.70000076293945,60.84999847412109,61.470001220703125,9669400,Yahoo Finance daily
2016-01-12,us,CAT,,62.43999862670898,62.5,60.38999938964844,61.59999847412109,8593100,Yahoo Finance daily
2016-01-13,us,CAT,,62.06999969482422,62.7599983215332,60.38999938964844,60.88999938964844,7237300,Yahoo Finance daily
2016-01-14,us,CAT,,61.2400016784668,62.970001220703125,60.380001068115234,62.27000045776367,9241800,Yahoo Finance daily
2016-01-15,us,CAT,,59.52000045776367,60.09000015258789,58.75,59.869998931884766,12674500,Yahoo Finance daily
2016-01-19,us,CAT,,60.2599983215332,60.540000915527344,58.47999954223633,59.02999877929688,8501100,Yahoo Finance daily
2016-01-20,us,CAT,,58.08000183105469,59.380001068115234,56.36000061035156,58.810001373291016,10857700,Yahoo Finance daily
2016-01-21,us,CAT,,59.0,60.41999816894531,58.25,59.68999862670898,8798300,Yahoo Finance daily
2016-01-22,us,CAT,,61.22999954223633,62.560001373291016,60.59999847412109,60.97999954223633,7815600,Yahoo Finance daily
2016-01-25,us,CAT,,58.959999084472656,59.34999847412109,57.7599983215332,57.90999984741211,10971500,Yahoo Finance daily
2016-01-26,us,CAT,,58.400001525878906,59.65999984741211,58.09000015258789,59.15999984741211,8141900,Yahoo Finance daily
2016-01-27,us,CAT,,58.43000030517578,59.88999938964844,57.459999084472656,58.31999969482422,11013800,Yahoo Finance daily
2016-01-28,us,CAT,,62.0099983215332,62.45000076293945,58.56999969482422,61.08000183105469,13567000,Yahoo Finance daily
2016-01-29,us,CAT,,61.68999862670898,62.290000915527344,60.7599983215332,62.2400016784668,8221000,Yahoo Finance daily
2016-02-01,us,CAT,,61.970001220703125,63.08000183105469,61.380001068115234,62.70000076293945,5955700,Yahoo Finance daily
2016-02-02,us,CAT,,61.27999877929688,61.54999923706055,60.47999954223633,60.66999816894531,6282300,Yahoo Finance daily
2016-02-03,us,CAT,,61.470001220703125,63.59999847412109,59.79999923706055,63.27000045776367,8332100,Yahoo Finance daily
2016-02-04,us,CAT,,63.59999847412109,66.98999786376953,63.59999847412109,65.95999908447266,12598000,Yahoo Finance daily
2016-02-05,us,CAT,,65.66999816894531,66.76000213623047,65.18000030517578,66.12000274658203,7463700,Yahoo Finance daily
2016-02-08,us,CAT,,65.41999816894531,65.63999938964844,63.65999984741211,64.58000183105469,6315500,Yahoo Finance daily
2016-02-09,us,CAT,,63.900001525878906,64.41000366210938,63.119998931884766,63.93000030517578,5638500,Yahoo Finance daily
2016-02-10,us,CAT,,64.2699966430664,64.37999725341797,62.0,62.13999938964844,5955400,Yahoo Finance daily
2016-02-11,us,CAT,,60.90999984741211,62.310001373291016,60.5099983215332,61.40999984741211,7055000,Yahoo Finance daily
2016-02-12,us,CAT,,61.9900016784668,63.470001220703125,61.81999969482422,63.150001525878906,4297400,Yahoo Finance daily
2016-02-16,us,CAT,,64.16000366210938,65.55000305175781,63.5099983215332,65.20999908447266,4819400,Yahoo Finance daily
2016-02-17,us,CAT,,66.0,67.79000091552734,65.72000122070312,67.26000213623047,7373800,Yahoo Finance daily
2016-02-18,us,CAT,,67.1500015258789,67.5999984741211,65.13999938964844,66.12000274658203,6175500,Yahoo Finance daily
2016-02-19,us,CAT,,64.91999816894531,65.5199966430664,64.08000183105469,65.41999816894531,4994900,Yahoo Finance daily
2016-02-22,us,CAT,,65.41999816894531,67.5199966430664,65.41999816894531,67.30999755859375,5787700,Yahoo Finance daily
2016-02-23,us,CAT,,67.11000061035156,67.23999786376953,65.69999694824219,65.77999877929688,5599400,Yahoo Finance daily
2016-02-24,us,CAT,,64.69999694824219,65.97000122070312,63.06999969482422,65.87999725341797,6439200,Yahoo Finance daily
2016-02-25,us,CAT,,65.88999938964844,66.47000122070312,64.83999633789062,66.47000122070312,4277200,Yahoo Finance daily
2016-02-26,us,CAT,,67.38999938964844,68.0,66.44999694824219,66.87000274658203,4149800,Yahoo Finance daily
2016-02-29,us,CAT,,67.13999938964844,68.58000183105469,66.48999786376953,67.69999694824219,8643200,Yahoo Finance daily
2016-03-01,us,CAT,,68.44000244140625,69.48999786376953,67.33999633789062,69.08999633789062,4451600,Yahoo Finance daily
2016-03-02,us,CAT,,68.75,69.93000030517578,68.20999908447266,69.37999725341797,4801300,Yahoo Finance daily
2016-03-03,us,CAT,,69.62000274658203,72.08000183105469,69.38999938964844,71.75,7172700,Yahoo Finance daily
2016-03-04,us,CAT,,72.08999633789062,73.95999908447266,71.54000091552734,72.83999633789062,9521500,Yahoo Finance daily
2016-03-07,us,CAT,,72.80000305175781,75.7300033569336,72.80000305175781,74.7699966430664,10740400,Yahoo Finance daily
2016-03-08,us,CAT,,73.77999877929688,74.11000061035156,71.5199966430664,71.7300033569336,8748400,Yahoo Finance daily
2016-03-09,us,CAT,,72.33000183105469,72.69999694824219,71.26000213623047,71.87000274658203,4907900,Yahoo Finance daily
2016-03-10,us,CAT,,72.02999877929688,72.02999877929688,70.48999786376953,71.36000061035156,6352400,Yahoo Finance daily
2016-03-11,us,CAT,,72.36000061035156,73.0999984741211,72.27999877929688,72.80000305175781,4787000,Yahoo Finance daily
2016-03-14,us,CAT,,72.7300033569336,73.44000244140625,72.12999725341797,72.7300033569336,5060000,Yahoo Finance daily
2016-03-15,us,CAT,,71.44000244140625,72.47000122070312,70.86000061035156,72.44000244140625,4674400,Yahoo Finance daily
2016-03-16,us,CAT,,72.58999633789062,74.51000213623047,72.19999694824219,74.33999633789062,6641200,Yahoo Finance daily
2016-03-17,us,CAT,,74.19999694824219,76.30000305175781,73.5199966430664,75.9000015258789,13316000,Yahoo Finance daily
2016-03-18,us,CAT,,76.08000183105469,76.94000244140625,74.63999938964844,75.47000122070312,13750200,Yahoo Finance daily
2016-03-21,us,CAT,,75.52999877929688,76.3499984741211,75.04000091552734,75.88999938964844,4315700,Yahoo Finance daily
2016-03-22,us,CAT,,75.58999633789062,76.08000183105469,75.23999786376953,75.55000305175781,3625600,Yahoo Finance daily
2016-03-23,us,CAT,,74.97000122070312,75.12000274658203,73.56999969482422,73.68000030517578,5352900,Yahoo Finance daily
2016-03-24,us,CAT,,72.93000030517578,75.3499984741211,72.7300033569336,75.29000091552734,7036100,Yahoo Finance daily
2016-03-28,us,CAT,,75.1500015258789,75.55000305175781,74.45999908447266,75.31999969482422,3425400,Yahoo Finance daily
2016-03-29,us,CAT,,74.97000122070312,76.05000305175781,74.19000244140625,76.01000213623047,4085000,Yahoo Finance daily
2016-03-30,us,CAT,,76.94000244140625,77.25,76.01000213623047,76.51000213623047,4886800,Yahoo Finance daily
2016-03-31,us,CAT,,76.30000305175781,77.12999725341797,76.23999786376953,76.54000091552734,4348700,Yahoo Finance daily
2016-04-01,us,CAT,,75.6500015258789,76.87000274658203,74.66999816894531,76.79000091552734,4878300,Yahoo Finance daily
2016-04-04,us,CAT,,76.55999755859375,77.04000091552734,75.41999816894531,75.72000122070312,4349500,Yahoo Finance daily
2016-04-05,us,CAT,,75.31999969482422,75.8499984741211,74.5999984741211,75.23999786376953,4386800,Yahoo Finance daily
2016-04-06,us,CAT,,75.5199966430664,75.56999969482422,73.69999694824219,75.22000122070312,4929800,Yahoo Finance daily
2016-04-07,us,CAT,,74.48999786376953,74.68000030517578,73.76000213623047,74.16999816894531,4800800,Yahoo Finance daily
2016-04-08,us,CAT,,75.02999877929688,75.25,74.0,74.3499984741211,4911000,Yahoo Finance daily
2016-04-11,us,CAT,,74.61000061035156,75.77999877929688,74.61000061035156,74.62999725341797,3904800,Yahoo Finance daily
2016-04-12,us,CAT,,75.05999755859375,76.73999786376953,74.47000122070312,76.0999984741211,5129600,Yahoo Finance daily
2016-04-13,us,CAT,,76.87000274658203,79.16000366210938,76.55999755859375,79.12999725341797,9365700,Yahoo Finance daily
2016-04-14,us,CAT,,79.44000244140625,79.72000122070312,78.37000274658203,79.05000305175781,5372300,Yahoo Finance daily
2016-04-15,us,CAT,,79.37999725341797,79.77999877929688,78.7300033569336,79.16999816894531,5508500,Yahoo Finance daily
2016-04-18,us,CAT,,78.47000122070312,79.87000274658203,78.13999938964844,79.25,4822200,Yahoo Finance daily
2016-04-19,us,CAT,,79.98999786376953,80.88999938964844,79.45999908447266,80.38999938964844,6283500,Yahoo Finance daily
2016-04-20,us,CAT,,80.25,80.5999984741211,79.30000305175781,79.73999786376953,5356800,Yahoo Finance daily
2016-04-21,us,CAT,,78.75,79.58000183105469,78.19000244140625,78.66000366210938,6509100,Yahoo Finance daily
2016-04-22,us,CAT,,78.93000030517578,79.18000030517578,77.19999694824219,78.31999969482422,10099600,Yahoo Finance daily
2016-04-25,us,CAT,,78.5,78.86000061035156,76.19999694824219,76.79000091552734,8079800,Yahoo Finance daily
2016-04-26,us,CAT,,77.1500015258789,77.73999786376953,76.47000122070312,77.6500015258789,6085900,Yahoo Finance daily
2016-04-27,us,CAT,,77.9800033569336,78.88999938964844,77.5999984741211,78.68000030517578,4459300,Yahoo Finance daily
2016-04-28,us,CAT,,78.02999877929688,79.16999816894531,77.5999984741211,77.75,4844600,Yahoo Finance daily
2016-04-29,us,CAT,,78.0199966430664,79.0,77.31999969482422,77.72000122070312,7702700,Yahoo Finance daily
2016-05-02,us,CAT,,77.3499984741211,78.06999969482422,76.62000274658203,77.83999633789062,3330100,Yahoo Finance daily
2016-05-03,us,CAT,,76.8499984741211,77.0999984741211,75.58000183105469,76.36000061035156,4790900,Yahoo Finance daily
2016-05-04,us,CAT,,76.18000030517578,76.30999755859375,73.9000015258789,74.23999786376953,6938100,Yahoo Finance daily
2016-05-05,us,CAT,,74.1500015258789,74.5999984741211,72.69999694824219,72.79000091552734,8071200,Yahoo Finance daily
2016-05-06,us,CAT,,72.16000366210938,73.41999816894531,71.62000274658203,73.36000061035156,6942800,Yahoo Finance daily
2016-05-09,us,CAT,,72.33000183105469,72.62999725341797,70.56999969482422,70.77999877929688,9405000,Yahoo Finance daily
2016-05-10,us,CAT,,70.77999877929688,72.70999908447266,70.58999633789062,72.51000213623047,6507300,Yahoo Finance daily
2016-05-11,us,CAT,,72.8499984741211,73.61000061035156,72.36000061035156,72.43000030517578,4691900,Yahoo Finance daily
2016-05-12,us,CAT,,72.91999816894531,73.23999786376953,71.18000030517578,71.69999694824219,4526500,Yahoo Finance daily
2016-05-13,us,CAT,,71.62999725341797,71.77999877929688,70.05999755859375,70.06999969482422,6417200,Yahoo Finance daily
2016-05-16,us,CAT,,70.38999938964844,71.69999694824219,70.0999984741211,70.69999694824219,4515900,Yahoo Finance daily
2016-05-17,us,CAT,,70.69999694824219,72.18000030517578,70.44999694824219,71.05000305175781,4841900,Yahoo Finance daily
2016-05-18,us,CAT,,70.62000274658203,71.87000274658203,70.08000183105469,70.58999633789062,5166000,Yahoo Finance daily
2016-05-19,us,CAT,,69.93000030517578,70.12000274658203,69.04000091552734,69.43000030517578,6137100,Yahoo Finance daily
2016-05-20,us,CAT,,70.0,70.77999877929688,69.75,69.87000274658203,5731600,Yahoo Finance daily
2016-05-23,us,CAT,,69.80000305175781,70.94999694824219,69.58999633789062,70.4000015258789,4002000,Yahoo Finance daily
2016-05-24,us,CAT,,70.77999877929688,71.25,70.25,71.08999633789062,3872400,Yahoo Finance daily
2016-05-25,us,CAT,,71.62999725341797,72.69999694824219,71.26000213623047,72.56999969482422,5035400,Yahoo Finance daily
2016-05-26,us,CAT,,73.23999786376953,73.58999633789062,72.05999755859375,72.08000183105469,4146400,Yahoo Finance daily
2016-05-27,us,CAT,,72.1500015258789,72.19999694824219,71.5,71.95999908447266,3002100,Yahoo Finance daily
2016-05-31,us,CAT,,72.02999877929688,73.16999816894531,71.94999694824219,72.51000213623047,4072600,Yahoo Finance daily
2016-06-01,us,CAT,,71.9800033569336,72.48999786376953,71.2699966430664,72.2699966430664,2699900,Yahoo Finance daily
2016-06-02,us,CAT,,72.5999984741211,73.63999938964844,72.27999877929688,73.62000274658203,4615300,Yahoo Finance daily
2016-06-03,us,CAT,,73.6500015258789,75.13999938964844,73.0999984741211,75.04000091552734,6619300,Yahoo Finance daily
2016-06-06,us,CAT,,75.36000061035156,76.52999877929688,75.11000061035156,76.41999816894531,4775100,Yahoo Finance daily
2016-06-07,us,CAT,,76.52999877929688,77.27999877929688,76.44000244140625,76.80999755859375,4235200,Yahoo Finance daily
2016-06-08,us,CAT,,77.5,78.69999694824219,77.26000213623047,78.11000061035156,5987800,Yahoo Finance daily
2016-06-09,us,CAT,,77.38999938964844,77.5,76.63999938964844,77.16000366210938,3784600,Yahoo Finance daily
2016-06-10,us,CAT,,76.31999969482422,76.55999755859375,75.37999725341797,76.02999877929688,4879500,Yahoo Finance daily
2016-06-13,us,CAT,,75.69999694824219,76.33999633789062,75.2300033569336,75.2300033569336,4086700,Yahoo Finance daily
2016-06-14,us,CAT,,75.05999755859375,75.55000305175781,73.94999694824219,74.86000061035156,4058400,Yahoo Finance daily
2016-06-15,us,CAT,,75.19000244140625,75.94999694824219,74.33999633789062,75.06999969482422,3802000,Yahoo Finance daily
2016-06-16,us,CAT,,74.41000366210938,75.13999938964844,73.3499984741211,74.98999786376953,4064800,Yahoo Finance daily
2016-06-17,us,CAT,,75.3499984741211,76.66000366210938,75.23999786376953,75.93000030517578,5442000,Yahoo Finance daily
2016-06-20,us,CAT,,76.91000366210938,77.3499984741211,76.38999938964844,76.43000030517578,4090800,Yahoo Finance daily
2016-06-21,us,CAT,,76.44999694824219,76.9000015258789,76.01000213623047,76.48999786376953,3292100,Yahoo Finance daily
2016-06-22,us,CAT,,76.88999938964844,77.08999633789062,76.18000030517578,76.43000030517578,3056800,Yahoo Finance daily
2016-06-23,us,CAT,,77.66000366210938,78.25,77.22000122070312,78.22000122070312,3600800,Yahoo Finance daily
2016-06-24,us,CAT,,75.19999694824219,75.61000061035156,72.98999786376953,73.02999877929688,12179500,Yahoo Finance daily
2016-06-27,us,CAT,,72.5,72.70999908447266,70.52999877929688,71.37999725341797,7337400,Yahoo Finance daily
2016-06-28,us,CAT,,72.23999786376953,72.9000015258789,71.51000213623047,72.5199966430664,4743700,Yahoo Finance daily
2016-06-29,us,CAT,,73.25,74.4000015258789,72.79000091552734,74.2300033569336,4015400,Yahoo Finance daily
2016-06-30,us,CAT,,74.16999816894531,75.8499984741211,73.97000122070312,75.80999755859375,4695500,Yahoo Finance daily
2016-07-01,us,CAT,,75.37999725341797,76.98999786376953,75.31999969482422,76.44999694824219,4630100,Yahoo Finance daily
2016-07-05,us,CAT,,75.66000366210938,75.94999694824219,73.69999694824219,74.37999725341797,4776300,Yahoo Finance daily
2016-07-06,us,CAT,,74.58999633789062,74.87000274658203,73.45999908447266,74.83000183105469,3740500,Yahoo Finance daily
2016-07-07,us,CAT,,75.06999969482422,75.7300033569336,74.37999725341797,75.05000305175781,3080900,Yahoo Finance daily
2016-07-08,us,CAT,,75.91999816894531,77.43000030517578,75.77999877929688,77.37000274658203,5491500,Yahoo Finance daily
2016-07-11,us,CAT,,78.0,78.54000091552734,77.31999969482422,77.80000305175781,4511300,Yahoo Finance daily
2016-07-12,us,CAT,,78.72000122070312,79.94000244140625,78.30000305175781,79.80000305175781,5545800,Yahoo Finance daily
2016-07-13,us,CAT,,79.9800033569336,80.33000183105469,79.06999969482422,79.69000244140625,5162500,Yahoo Finance daily
2016-07-14,us,CAT,,80.5,81.0,79.97000122070312,80.05999755859375,5441700,Yahoo Finance daily
2016-07-15,us,CAT,,80.48999786376953,80.80000305175781,80.16000366210938,80.69999694824219,4642100,Yahoo Finance daily
2016-07-18,us,CAT,,79.87999725341797,79.88999938964844,78.87000274658203,79.81999969482422,4136700,Yahoo Finance daily
2016-07-19,us,CAT,,79.33999633789062,79.7699966430664,79.1500015258789,79.73999786376953,3308400,Yahoo Finance daily
2016-07-20,us,CAT,,79.44999694824219,79.86000061035156,78.93000030517578,79.69000244140625,4185500,Yahoo Finance daily
2016-07-21,us,CAT,,80.44999694824219,81.37999725341797,79.73999786376953,80.01000213623047,6472300,Yahoo Finance daily
2016-07-22,us,CAT,,79.77999877929688,79.79000091552734,78.86000061035156,79.37999725341797,4133800,Yahoo Finance daily
2016-07-25,us,CAT,,79.1500015258789,79.19000244140625,78.33999633789062,78.69000244140625,5798100,Yahoo Finance daily
2016-07-26,us,CAT,,79.04000091552734,83.0,78.73999786376953,82.75,11007600,Yahoo Finance daily
2016-07-27,us,CAT,,82.72000122070312,84.29000091552734,82.72000122070312,84.0999984741211,8460900,Yahoo Finance daily
2016-07-28,us,CAT,,83.69999694824219,83.70999908447266,82.44999694824219,82.91999816894531,5065600,Yahoo Finance daily
2016-07-29,us,CAT,,82.80000305175781,83.13999938964844,82.12999725341797,82.76000213623047,4274200,Yahoo Finance daily
2016-08-01,us,CAT,,82.76000213623047,82.87999725341797,81.52999877929688,81.94999694824219,3377100,Yahoo Finance daily
2016-08-02,us,CAT,,82.0,82.19000244140625,80.91999816894531,81.23999786376953,3909500,Yahoo Finance daily
2016-08-03,us,CAT,,81.1500015258789,82.30000305175781,80.93000030517578,82.02999877929688,3101700,Yahoo Finance daily
2016-08-04,us,CAT,,81.81999969482422,82.54000091552734,81.4000015258789,81.7699966430664,2407500,Yahoo Finance daily
2016-08-05,us,CAT,,82.22000122070312,82.95999908447266,82.0,82.55999755859375,3286100,Yahoo Finance daily
2016-08-08,us,CAT,,83.0,83.79000091552734,82.80000305175781,83.44000244140625,3544800,Yahoo Finance daily
2016-08-09,us,CAT,,83.5199966430664,83.75,82.69999694824219,82.83000183105469,2314900,Yahoo Finance daily
2016-08-10,us,CAT,,83.30999755859375,83.30999755859375,82.4800033569336,82.6500015258789,2290300,Yahoo Finance daily
2016-08-11,us,CAT,,83.0,83.6500015258789,82.98999786376953,83.23999786376953,2229300,Yahoo Finance daily
2016-08-12,us,CAT,,83.26000213623047,83.77999877929688,82.58000183105469,83.0,4342800,Yahoo Finance daily
2016-08-15,us,CAT,,83.0,84.27999877929688,82.95999908447266,84.1500015258789,4056000,Yahoo Finance daily
2016-08-16,us,CAT,,84.20999908447266,84.36000061035156,83.63999938964844,84.29000091552734,3161800,Yahoo Finance daily
2016-08-17,us,CAT,,84.41000366210938,84.7300033569336,83.83999633789062,84.41000366210938,2983400,Yahoo Finance daily
2016-08-18,us,CAT,,83.41000366210938,83.61000061035156,82.51000213623047,83.37999725341797,5003100,Yahoo Finance daily
2016-08-19,us,CAT,,83.05999755859375,84.37999725341797,82.76000213623047,83.83999633789062,3823900,Yahoo Finance daily
2016-08-22,us,CAT,,83.62000274658203,83.77999877929688,83.0,83.58999633789062,2885000,Yahoo Finance daily
2016-08-23,us,CAT,,83.9800033569336,84.68000030517578,83.94999694824219,84.01000213623047,3178400,Yahoo Finance daily
2016-08-24,us,CAT,,83.41000366210938,84.0999984741211,82.97000122070312,83.1500015258789,2200600,Yahoo Finance daily
2016-08-25,us,CAT,,83.06999969482422,83.16999816894531,82.58999633789062,82.83999633789062,3082900,Yahoo Finance daily
2016-08-26,us,CAT,,83.20999908447266,83.9000015258789,82.27999877929688,82.66000366210938,3596800,Yahoo Finance daily
2016-08-29,us,CAT,,82.51000213623047,83.3499984741211,82.41000366210938,83.0999984741211,2253600,Yahoo Finance daily
2016-08-30,us,CAT,,82.86000061035156,83.1500015258789,82.30999755859375,82.4800033569336,3468700,Yahoo Finance daily
2016-08-31,us,CAT,,82.05999755859375,82.33999633789062,81.61000061035156,81.94999694824219,4041700,Yahoo Finance daily
2016-09-01,us,CAT,,81.58999633789062,82.0,80.56999969482422,81.44999694824219,4102200,Yahoo Finance daily
2016-09-02,us,CAT,,82.19000244140625,82.37000274658203,81.47000122070312,81.69000244140625,2449400,Yahoo Finance daily
2016-09-06,us,CAT,,82.01000213623047,82.2300033569336,81.4800033569336,82.08000183105469,3071000,Yahoo Finance daily
2016-09-07,us,CAT,,82.5,83.7300033569336,82.41000366210938,83.72000122070312,3996700,Yahoo Finance daily
2016-09-08,us,CAT,,83.5,83.95999908447266,83.08000183105469,83.54000091552734,3400500,Yahoo Finance daily
2016-09-09,us,CAT,,82.88999938964844,83.0,80.76000213623047,80.79000091552734,5311600,Yahoo Finance daily
2016-09-12,us,CAT,,80.2699966430664,82.12000274658203,80.0999984741211,81.91999816894531,4110800,Yahoo Finance daily
2016-09-13,us,CAT,,81.0999984741211,81.26000213623047,79.93000030517578,80.2300033569336,4740600,Yahoo Finance daily
2016-09-14,us,CAT,,80.37999725341797,81.62000274658203,80.2300033569336,81.0199966430664,5324800,Yahoo Finance daily
2016-09-15,us,CAT,,80.83000183105469,82.3499984741211,80.73999786376953,82.02999877929688,3499400,Yahoo Finance daily
2016-09-16,us,CAT,,81.62000274658203,82.08000183105469,81.20999908447266,82.05000305175781,6715400,Yahoo Finance daily
2016-09-19,us,CAT,,82.18000030517578,82.3499984741211,81.3499984741211,81.87999725341797,4351200,Yahoo Finance daily
2016-09-20,us,CAT,,82.45999908447266,82.66999816894531,81.66000366210938,81.69999694824219,2774600,Yahoo Finance daily
2016-09-21,us,CAT,,82.30000305175781,83.48999786376953,82.01000213623047,83.47000122070312,4264300,Yahoo Finance daily
2016-09-22,us,CAT,,83.97000122070312,84.44999694824219,83.30999755859375,83.5,3925200,Yahoo Finance daily
2016-09-23,us,CAT,,83.51000213623047,83.58000183105469,82.38999938964844,82.44000244140625,3031500,Yahoo Finance daily
2016-09-26,us,CAT,,82.19999694824219,82.68000030517578,82.01000213623047,82.37000274658203,3340800,Yahoo Finance daily
2016-09-27,us,CAT,,82.19000244140625,82.87999725341797,81.66999816894531,82.87999725341797,4295600,Yahoo Finance daily
2016-09-28,us,CAT,,83.25,86.66000366210938,83.13999938964844,86.58999633789062,9497100,Yahoo Finance daily
2016-09-29,us,CAT,,86.27999877929688,88.8499984741211,86.27999877929688,87.47000122070312,10616400,Yahoo Finance daily
2016-09-30,us,CAT,,87.98999786376953,88.9800033569336,87.80999755859375,88.7699966430664,6379100,Yahoo Finance daily
2016-10-03,us,CAT,,88.2300033569336,89.19000244140625,88.16999816894531,88.27999877929688,4294600,Yahoo Finance daily
2016-10-04,us,CAT,,88.5,88.94999694824219,87.18000030517578,87.51000213623047,4743300,Yahoo Finance daily
2016-10-05,us,CAT,,88.12000274658203,89.87000274658203,88.04000091552734,89.41999816894531,5189500,Yahoo Finance daily
2016-10-06,us,CAT,,88.95999908447266,89.66000366210938,88.70999908447266,89.29000091552734,3786900,Yahoo Finance daily
2016-10-07,us,CAT,,89.5199966430664,89.73999786376953,87.94000244140625,88.47000122070312,3774200,Yahoo Finance daily
2016-10-10,us,CAT,,89.0999984741211,89.5,88.13999938964844,88.22000122070312,3785700,Yahoo Finance daily
2016-10-11,us,CAT,,89.0999984741211,89.31999969482422,87.26000213623047,87.47000122070312,6471900,Yahoo Finance daily
2016-10-12,us,CAT,,87.5,87.75,87.0199966430664,87.58000183105469,3950000,Yahoo Finance daily
2016-10-13,us,CAT,,86.9000015258789,87.06999969482422,86.26000213623047,86.97000122070312,5677000,Yahoo Finance daily
2016-10-14,us,CAT,,87.83000183105469,88.41999816894531,87.55999755859375,87.66999816894531,3601000,Yahoo Finance daily
2016-10-17,us,CAT,,87.37999725341797,87.72000122070312,86.9000015258789,87.29000091552734,4479700,Yahoo Finance daily
2016-10-18,us,CAT,,88.11000061035156,88.19999694824219,86.7699966430664,87.22000122070312,3715700,Yahoo Finance daily
2016-10-19,us,CAT,,87.30999755859375,88.27999877929688,86.86000061035156,88.0,5943900,Yahoo Finance daily
2016-10-20,us,CAT,,87.05999755859375,87.2699966430664,86.2300033569336,86.62999725341797,4576600,Yahoo Finance daily
2016-10-21,us,CAT,,85.7300033569336,86.62999725341797,85.36000061035156,86.33000183105469,3592500,Yahoo Finance daily
2016-10-24,us,CAT,,86.12000274658203,87.12999725341797,85.54000091552734,85.98999786376953,5096500,Yahoo Finance daily
2016-10-25,us,CAT,,85.86000061035156,87.6500015258789,83.87999725341797,84.4800033569336,11639200,Yahoo Finance daily
2016-10-26,us,CAT,,83.80999755859375,84.38999938964844,82.87999725341797,84.12999725341797,6582100,Yahoo Finance daily
2016-10-27,us,CAT,,84.27999877929688,84.33999633789062,82.70999908447266,83.01000213623047,5003200,Yahoo Finance daily
2016-10-28,us,CAT,,83.31999969482422,84.16999816894531,83.0,83.87999725341797,4974000,Yahoo Finance daily
2016-10-31,us,CAT,,84.19000244140625,84.37999725341797,83.41000366210938,83.45999908447266,4679400,Yahoo Finance daily
2016-11-01,us,CAT,,83.47000122070312,83.6500015258789,81.6500015258789,82.23999786376953,5139600,Yahoo Finance daily
2016-11-02,us,CAT,,82.1500015258789,82.1500015258789,80.33000183105469,81.11000061035156,5228600,Yahoo Finance daily
2016-11-03,us,CAT,,81.63999938964844,81.66999816894531,80.68000030517578,81.2699966430664,3859000,Yahoo Finance daily
2016-11-04,us,CAT,,81.33999633789062,82.9000015258789,80.58999633789062,82.30999755859375,5745800,Yahoo Finance daily
2016-11-07,us,CAT,,83.73999786376953,84.16000366210938,82.97000122070312,83.75,3786400,Yahoo Finance daily
2016-11-08,us,CAT,,83.7699966430664,85.0,83.05999755859375,84.68000030517578,3407700,Yahoo Finance daily
2016-11-09,us,CAT,,89.77999877929688,93.1999969482422,89.36000061035156,91.1999969482422,19281900,Yahoo Finance daily
2016-11-10,us,CAT,,92.04000091552734,94.9499969482422,91.83999633789062,93.4499969482422,14174400,Yahoo Finance daily
2016-11-11,us,CAT,,93.38999938964844,94.33999633789062,91.81999969482422,93.01000213623048,7369900,Yahoo Finance daily
2016-11-14,us,CAT,,93.25,95.5,93.0199966430664,94.16999816894533,7552800,Yahoo Finance daily
2016-11-15,us,CAT,,93.45999908447266,94.45999908447266,92.63999938964844,94.44000244140624,4645400,Yahoo Finance daily
2016-11-16,us,CAT,,93.7699966430664,94.4000015258789,92.83999633789062,93.3499984741211,3297200,Yahoo Finance daily
2016-11-17,us,CAT,,93.5,93.5,92.4000015258789,92.77999877929688,3942200,Yahoo Finance daily
2016-11-18,us,CAT,,93.01000213623048,93.4000015258789,91.9000015258789,92.33999633789062,4715900,Yahoo Finance daily
2016-11-21,us,CAT,,93.12999725341795,93.8499984741211,92.77999877929688,92.9000015258789,3783200,Yahoo Finance daily
2016-11-22,us,CAT,,93.4000015258789,93.70999908447266,92.8000030517578,93.62000274658205,3172800,Yahoo Finance daily
2016-11-23,us,CAT,,94.80999755859376,96.41999816894533,94.22000122070312,96.18000030517578,6535900,Yahoo Finance daily
2016-11-25,us,CAT,,95.95999908447266,96.44000244140624,95.20999908447266,95.80999755859376,2006900,Yahoo Finance daily
2016-11-28,us,CAT,,95.51000213623048,95.86000061035156,94.47000122070312,94.9000015258789,4916000,Yahoo Finance daily
2016-11-29,us,CAT,,94.0,94.56999969482422,93.62999725341795,94.04000091552734,3806000,Yahoo Finance daily
2016-11-30,us,CAT,,95.75,95.9000015258789,94.3499984741211,95.55999755859376,4641900,Yahoo Finance daily
2016-12-01,us,CAT,,96.0,97.38999938964844,94.0500030517578,96.23999786376952,9361600,Yahoo Finance daily
2016-12-02,us,CAT,,95.36000061035156,96.1500015258789,94.93000030517578,95.13999938964844,5038300,Yahoo Finance daily
2016-12-05,us,CAT,,95.87000274658205,95.98999786376952,94.1500015258789,94.4499969482422,4980300,Yahoo Finance daily
2016-12-06,us,CAT,,94.0999984741211,95.30999755859376,94.06999969482422,95.22000122070312,3663100,Yahoo Finance daily
2016-12-07,us,CAT,,95.25,97.33000183105467,94.93000030517578,97.33000183105467,4901100,Yahoo Finance daily
2016-12-08,us,CAT,,97.26000213623048,97.4000015258789,96.12999725341795,96.2699966430664,3861600,Yahoo Finance daily
2016-12-09,us,CAT,,96.2300033569336,96.3000030517578,95.19000244140624,95.52999877929688,6550200,Yahoo Finance daily
2016-12-12,us,CAT,,96.01000213623048,96.6500015258789,94.91000366210938,95.08000183105467,3596700,Yahoo Finance daily
2016-12-13,us,CAT,,95.73999786376952,96.5,95.18000030517578,96.0199966430664,3803300,Yahoo Finance daily
2016-12-14,us,CAT,,95.7699966430664,96.0,93.61000061035156,93.73999786376952,5647400,Yahoo Finance daily
2016-12-15,us,CAT,,93.8000030517578,94.7300033569336,93.0500030517578,94.52999877929688,4200100,Yahoo Finance daily
2016-12-16,us,CAT,,94.3499984741211,94.4800033569336,92.52999877929688,92.58000183105467,7872700,Yahoo Finance daily
2016-12-19,us,CAT,,91.93000030517578,92.77999877929688,91.0,92.70999908447266,3856300,Yahoo Finance daily
2016-12-20,us,CAT,,93.63999938964844,94.83000183105467,93.3000030517578,94.33999633789062,4302400,Yahoo Finance daily
2016-12-21,us,CAT,,94.26000213623048,94.3000030517578,93.68000030517578,93.81999969482422,2829300,Yahoo Finance daily
2016-12-22,us,CAT,,93.77999877929688,94.4499969482422,93.72000122070312,94.12000274658205,2534900,Yahoo Finance daily
2016-12-23,us,CAT,,93.79000091552734,94.4000015258789,93.63999938964844,94.31999969482422,1545900,Yahoo Finance daily
2016-12-27,us,CAT,,94.33999633789062,94.8000030517578,94.0999984741211,94.5500030517578,1735200,Yahoo Finance daily
2016-12-28,us,CAT,,94.5999984741211,94.9000015258789,92.81999969482422,93.1500015258789,2700300,Yahoo Finance daily
2016-12-29,us,CAT,,93.27999877929688,93.8499984741211,93.0,93.29000091552734,2387200,Yahoo Finance daily
2016-12-30,us,CAT,,93.04000091552734,93.25,92.33000183105467,92.73999786376952,3471200,Yahoo Finance daily
2017-01-03,us,CAT,,94.0,95.19000244140624,93.25,93.98999786376952,5054900,Yahoo Finance daily
2017-01-04,us,CAT,,94.45999908447266,94.5,93.43000030517578,93.56999969482422,3772100,Yahoo Finance daily
2017-01-05,us,CAT,,93.18000030517578,94.45999908447266,92.41999816894533,93.0,4698800,Yahoo Finance daily
2017-01-06,us,CAT,,93.4499969482422,93.5999984741211,92.41000366210938,93.04000091552734,4023100,Yahoo Finance daily
2017-01-09,us,CAT,,92.93000030517578,93.48999786376952,92.1999969482422,92.37000274658205,3095000,Yahoo Finance daily
2017-01-10,us,CAT,,92.9800033569336,94.44000244140624,92.7699966430664,93.83000183105467,3980200,Yahoo Finance daily
2017-01-11,us,CAT,,94.47000122070312,94.75,93.38999938964844,94.6500015258789,3720500,Yahoo Finance daily
2017-01-12,us,CAT,,94.37000274658205,94.37000274658205,92.77999877929688,93.98999786376952,3102700,Yahoo Finance daily
2017-01-13,us,CAT,,94.06999969482422,94.62999725341795,93.68000030517578,94.4800033569336,2609500,Yahoo Finance daily
2017-01-17,us,CAT,,94.23999786376952,94.29000091552734,93.22000122070312,93.56999969482422,5040300,Yahoo Finance daily
2017-01-18,us,CAT,,92.79000091552734,93.41999816894533,92.52999877929688,93.33000183105467,3425700,Yahoo Finance daily
2017-01-19,us,CAT,,93.58000183105467,93.9800033569336,92.95999908447266,93.37999725341795,3540100,Yahoo Finance daily
2017-01-20,us,CAT,,94.01000213623048,95.0,93.62000274658205,94.58000183105467,5045200,Yahoo Finance daily
2017-01-23,us,CAT,,94.5999984741211,94.73999786376952,93.55999755859376,94.45999908447266,3254900,Yahoo Finance daily
2017-01-24,us,CAT,,95.0199966430664,96.7300033569336,94.8000030517578,96.23999786376952,5768200,Yahoo Finance daily
2017-01-25,us,CAT,,97.81999969482422,98.58999633789062,97.31999969482422,98.1500015258789,7557900,Yahoo Finance daily
2017-01-26,us,CAT,,98.4499969482422,98.9800033569336,96.0199966430664,97.22000122070312,9097300,Yahoo Finance daily
2017-01-27,us,CAT,,97.69000244140624,99.45999908447266,97.5,98.98999786376952,6371400,Yahoo Finance daily
2017-01-30,us,CAT,,98.4000015258789,98.58999633789062,96.56999969482422,96.79000091552734,5221800,Yahoo Finance daily
2017-01-31,us,CAT,,96.58999633789062,96.62999725341795,94.58999633789062,95.66000366210938,5724700,Yahoo Finance daily
2017-02-01,us,CAT,,95.80999755859376,96.5199966430664,94.4000015258789,95.11000061035156,3582500,Yahoo Finance daily
2017-02-02,us,CAT,,94.7699966430664,95.12999725341795,93.5,93.7699966430664,3807500,Yahoo Finance daily
2017-02-03,us,CAT,,94.31999969482422,94.4499969482422,92.80999755859376,93.27999877929688,4677900,Yahoo Finance daily
2017-02-06,us,CAT,,92.80999755859376,93.12000274658205,92.43000030517578,92.87000274658205,4621300,Yahoo Finance daily
2017-02-07,us,CAT,,94.31999969482422,94.91999816894533,93.0199966430664,93.30999755859376,4995600,Yahoo Finance daily
2017-02-08,us,CAT,,93.0,93.0,92.11000061035156,92.91000366210938,4083500,Yahoo Finance daily
2017-02-09,us,CAT,,93.05999755859376,94.18000030517578,92.69000244140624,93.95999908447266,3994300,Yahoo Finance daily
2017-02-10,us,CAT,,94.87000274658205,96.62000274658205,94.5,96.30999755859376,5600200,Yahoo Finance daily
2017-02-13,us,CAT,,97.69000244140624,99.0500030517578,97.16000366210938,98.5,6995100,Yahoo Finance daily
2017-02-14,us,CAT,,98.29000091552734,98.73999786376952,97.26000213623048,98.08999633789062,4342600,Yahoo Finance daily
2017-02-15,us,CAT,,98.11000061035156,99.0199966430664,98.0,99.0199966430664,4326000,Yahoo Finance daily
2017-02-16,us,CAT,,99.0500030517578,99.06999969482422,97.8000030517578,98.26000213623048,3062400,Yahoo Finance daily
2017-02-17,us,CAT,,98.06999969482422,98.9499969482422,97.54000091552734,98.8499984741211,3631500,Yahoo Finance daily
2017-02-21,us,CAT,,98.87000274658205,99.1999969482422,97.91999816894533,98.0999984741211,3916600,Yahoo Finance daily
2017-02-22,us,CAT,,98.04000091552734,98.7300033569336,97.62000274658205,98.1999969482422,3031100,Yahoo Finance daily
2017-02-23,us,CAT,,98.44000244140624,98.5,95.12000274658205,95.5500030517578,6024800,Yahoo Finance daily
2017-02-24,us,CAT,,94.86000061035156,95.5,93.5,95.4800033569336,5018200,Yahoo Finance daily
2017-02-27,us,CAT,,95.4800033569336,97.5199966430664,95.12000274658205,97.44000244140624,5445000,Yahoo Finance daily
2017-02-28,us,CAT,,97.23999786376952,97.5999984741211,96.44000244140624,96.66000366210938,3951700,Yahoo Finance daily
2017-03-01,us,CAT,,98.1999969482422,98.97000122070312,97.43000030517578,98.58000183105467,5564900,Yahoo Finance daily
2017-03-02,us,CAT,,98.48999786376952,98.7300033569336,92.83999633789062,94.36000061035156,23059200,Yahoo Finance daily
2017-03-03,us,CAT,,94.36000061035156,95.9000015258789,94.20999908447266,95.12000274658205,8163300,Yahoo Finance daily
2017-03-06,us,CAT,,94.31999969482422,95.94000244140624,94.0999984741211,95.66000366210938,4706100,Yahoo Finance daily
2017-03-07,us,CAT,,95.6500015258789,96.2300033569336,94.76000213623048,95.93000030517578,4683100,Yahoo Finance daily
2017-03-08,us,CAT,,94.0999984741211,95.4800033569336,92.86000061035156,93.2300033569336,9370400,Yahoo Finance daily
2017-03-09,us,CAT,,92.4499969482422,93.22000122070312,90.41000366210938,91.38999938964844,9260900,Yahoo Finance daily
2017-03-10,us,CAT,,91.88999938964844,93.0999984741211,90.80999755859376,92.30999755859376,7169000,Yahoo Finance daily
2017-03-13,us,CAT,,93.33000183105467,93.52999877929688,92.26000213623048,92.63999938964844,4376100,Yahoo Finance daily
2017-03-14,us,CAT,,91.22000122070312,92.0,90.62000274658205,91.86000061035156,5781100,Yahoo Finance daily
2017-03-15,us,CAT,,92.37000274658205,93.79000091552734,92.05999755859376,93.36000061035156,6434600,Yahoo Finance daily
2017-03-16,us,CAT,,93.97000122070312,94.08999633789062,92.63999938964844,92.8499984741211,3717900,Yahoo Finance daily
2017-03-17,us,CAT,,92.98999786376952,93.31999969482422,92.6500015258789,92.91000366210938,7141400,Yahoo Finance daily
2017-03-20,us,CAT,,93.12999725341795,95.4800033569336,92.88999938964844,95.4000015258789,6516200,Yahoo Finance daily
2017-03-21,us,CAT,,95.37999725341795,95.38999938964844,92.08999633789062,92.43000030517578,7720200,Yahoo Finance daily
2017-03-22,us,CAT,,92.0,93.12999725341795,91.72000122070312,92.43000030517578,5035600,Yahoo Finance daily
2017-03-23,us,CAT,,92.4499969482422,93.0,91.95999908447266,92.2300033569336,2585700,Yahoo Finance daily
2017-03-24,us,CAT,,92.23999786376952,93.23999786376952,91.55999755859376,92.1500015258789,3634600,Yahoo Finance daily
2017-03-27,us,CAT,,90.9000015258789,91.97000122070312,90.33999633789062,91.51000213623048,3425700,Yahoo Finance daily
2017-03-28,us,CAT,,91.55999755859376,93.16000366210938,91.51000213623048,92.9499969482422,3866100,Yahoo Finance daily
2017-03-29,us,CAT,,92.76000213623048,93.25,92.4000015258789,92.86000061035156,2513700,Yahoo Finance daily
2017-03-30,us,CAT,,92.9800033569336,93.37000274658205,92.4000015258789,93.22000122070312,3672600,Yahoo Finance daily
2017-03-31,us,CAT,,92.62999725341795,93.23999786376952,92.0199966430664,92.76000213623048,4020600,Yahoo Finance daily
2017-04-03,us,CAT,,92.43000030517578,92.83999633789062,91.0,92.2699966430664,3685800,Yahoo Finance daily
2017-04-04,us,CAT,,93.88999938964844,94.77999877929688,93.05999755859376,94.12999725341795,5797500,Yahoo Finance daily
2017-04-05,us,CAT,,94.91999816894533,96.7300033569336,93.95999908447266,94.23999786376952,6061300,Yahoo Finance daily
2017-04-06,us,CAT,,94.41999816894533,96.41999816894533,94.26000213623048,95.81999969482422,5421600,Yahoo Finance daily
2017-04-07,us,CAT,,95.87000274658205,96.62000274658205,95.41999816894533,95.5199966430664,4463800,Yahoo Finance daily
2017-04-10,us,CAT,,96.30999755859376,97.88999938964844,96.0999984741211,97.13999938964844,5168300,Yahoo Finance daily
2017-04-11,us,CAT,,97.3000030517578,97.30999755859376,95.66999816894533,97.0999984741211,4250400,Yahoo Finance daily
2017-04-12,us,CAT,,96.69000244140624,96.7699966430664,94.66000366210938,94.86000061035156,4773900,Yahoo Finance daily
2017-04-13,us,CAT,,94.5999984741211,94.86000061035156,93.08999633789062,93.0999984741211,4706000,Yahoo Finance daily
2017-04-17,us,CAT,,93.69000244140624,94.3499984741211,93.48999786376952,94.13999938964844,3719100,Yahoo Finance daily
2017-04-18,us,CAT,,93.5,94.54000091552734,93.12000274658205,94.38999938964844,3310400,Yahoo Finance daily
2017-04-19,us,CAT,,94.86000061035156,95.97000122070312,93.29000091552734,93.47000122070312,5550400,Yahoo Finance daily
2017-04-20,us,CAT,,93.27999877929688,94.95999908447266,92.9800033569336,94.66000366210938,4852500,Yahoo Finance daily
2017-04-21,us,CAT,,95.19000244140624,95.25,93.80999755859376,94.31999969482422,4128700,Yahoo Finance daily
2017-04-24,us,CAT,,95.83999633789062,97.05999755859376,95.8000030517578,96.80999755859376,6739400,Yahoo Finance daily
2017-04-25,us,CAT,,102.87999725341795,104.88999938964844,102.0,104.41999816894533,18383500,Yahoo Finance daily
2017-04-26,us,CAT,,103.8000030517578,105.9800033569336,103.63999938964844,104.66000366210938,9856100,Yahoo Finance daily
2017-04-27,us,CAT,,104.0500030517578,104.23999786376952,102.55999755859376,102.68000030517578,6727400,Yahoo Finance daily
2017-04-28,us,CAT,,102.83000183105467,103.52999877929688,102.2300033569336,102.26000213623048,4016000,Yahoo Finance daily
2017-05-01,us,CAT,,102.6500015258789,102.98999786376952,101.41000366210938,102.0,4512100,Yahoo Finance daily
2017-05-02,us,CAT,,102.2699966430664,102.70999908447266,101.25,101.51000213623048,4516400,Yahoo Finance daily
2017-05-03,us,CAT,,101.04000091552734,102.16999816894533,100.77999877929688,101.54000091552734,4278400,Yahoo Finance daily
2017-05-04,us,CAT,,101.44000244140624,101.5,98.63999938964844,99.38999938964844,7271600,Yahoo Finance daily
2017-05-05,us,CAT,,99.5,99.98999786376952,99.0199966430664,99.63999938964844,4086800,Yahoo Finance daily
2017-05-08,us,CAT,,99.4800033569336,100.0999984741211,98.94000244140624,99.37000274658205,5094600,Yahoo Finance daily
2017-05-09,us,CAT,,99.72000122070312,100.20999908447266,99.25,99.29000091552734,9742000,Yahoo Finance daily
2017-05-10,us,CAT,,99.72000122070312,100.70999908447266,99.3000030517578,100.36000061035156,4696700,Yahoo Finance daily
2017-05-11,us,CAT,,101.9000015258789,101.91999816894533,100.1500015258789,100.98999786376952,5220300,Yahoo Finance daily
2017-05-12,us,CAT,,100.58999633789062,100.9499969482422,100.16999816894533,100.70999908447266,4112000,Yahoo Finance daily
2017-05-15,us,CAT,,101.58999633789062,102.55999755859376,101.41000366210938,102.41999816894533,3756100,Yahoo Finance daily
2017-05-16,us,CAT,,102.75,102.8000030517578,101.2699966430664,102.33999633789062,3115900,Yahoo Finance daily
2017-05-17,us,CAT,,102.33999633789062,102.33999633789062,99.88999938964844,100.13999938964844,4618500,Yahoo Finance daily
2017-05-18,us,CAT,,99.13999938964844,100.66999816894533,97.73999786376952,100.22000122070312,5931500,Yahoo Finance daily
2017-05-19,us,CAT,,101.56999969482422,102.86000061035156,101.2699966430664,102.43000030517578,4636500,Yahoo Finance daily
2017-05-22,us,CAT,,102.66999816894533,103.0500030517578,101.80999755859376,102.29000091552734,4376300,Yahoo Finance daily
2017-05-23,us,CAT,,102.3000030517578,103.75,102.05999755859376,103.62999725341795,3327200,Yahoo Finance daily
2017-05-24,us,CAT,,103.33000183105467,104.91000366210938,103.1500015258789,103.9499969482422,5170900,Yahoo Finance daily
2017-05-25,us,CAT,,104.4499969482422,105.94000244140624,104.23999786376952,105.0199966430664,5220000,Yahoo Finance daily
2017-05-26,us,CAT,,105.0,105.70999908447266,104.62000274658205,105.66000366210938,2894100,Yahoo Finance daily
2017-05-30,us,CAT,,105.26000213623048,105.86000061035156,105.01000213623048,105.47000122070312,3211700,Yahoo Finance daily
2017-05-31,us,CAT,,105.25,105.76000213623048,103.5999984741211,105.43000030517578,4131400,Yahoo Finance daily
2017-06-01,us,CAT,,105.7699966430664,106.43000030517578,105.16000366210938,105.6500015258789,4211300,Yahoo Finance daily
2017-06-02,us,CAT,,105.66999816894533,106.76000213623048,105.18000030517578,105.9499969482422,3702800,Yahoo Finance daily
2017-06-05,us,CAT,,105.58000183105467,107.16999816894533,105.13999938964844,105.1999969482422,4319500,Yahoo Finance daily
2017-06-06,us,CAT,,104.79000091552734,105.5199966430664,104.05999755859376,104.5500030517578,3800200,Yahoo Finance daily
2017-06-07,us,CAT,,104.3000030517578,104.69000244140624,102.4499969482422,103.51000213623048,5121700,Yahoo Finance daily
2017-06-08,us,CAT,,103.51000213623048,105.38999938964844,103.51000213623048,105.01000213623048,4649300,Yahoo Finance daily
2017-06-09,us,CAT,,105.08999633789062,107.0199966430664,105.02999877929688,105.91999816894533,3881000,Yahoo Finance daily
2017-06-12,us,CAT,,105.91999816894533,106.3499984741211,104.9000015258789,106.06999969482422,4167400,Yahoo Finance daily
2017-06-13,us,CAT,,106.18000030517578,106.66000366210938,105.51000213623048,105.75,3522700,Yahoo Finance daily
2017-06-14,us,CAT,,105.8000030517578,105.98999786376952,103.98999786376952,104.70999908447266,4100200,Yahoo Finance daily
2017-06-15,us,CAT,,103.8000030517578,106.63999938964844,103.8000030517578,106.4000015258789,5974100,Yahoo Finance daily
2017-06-16,us,CAT,,106.76000213623048,107.91000366210938,106.4000015258789,107.5999984741211,7350400,Yahoo Finance daily
2017-06-19,us,CAT,,107.9499969482422,108.04000091552734,106.66999816894533,107.48999786376952,4347600,Yahoo Finance daily
2017-06-20,us,CAT,,108.05999755859376,108.18000030517578,106.91999816894533,107.04000091552734,5314100,Yahoo Finance daily
2017-06-21,us,CAT,,106.62999725341795,106.76000213623048,103.1500015258789,103.47000122070312,6274100,Yahoo Finance daily
2017-06-22,us,CAT,,103.56999969482422,104.66000366210938,103.48999786376952,103.83999633789062,3652500,Yahoo Finance daily
2017-06-23,us,CAT,,102.5,104.2699966430664,102.3000030517578,104.11000061035156,12089800,Yahoo Finance daily
2017-06-26,us,CAT,,104.66000366210938,105.62999725341795,103.44000244140624,104.25,2857700,Yahoo Finance daily
2017-06-27,us,CAT,,104.5,105.2300033569336,103.69000244140624,103.93000030517578,3380700,Yahoo Finance daily
2017-06-28,us,CAT,,104.8499984741211,106.62999725341795,104.76000213623048,106.4499969482422,4118300,Yahoo Finance daily
2017-06-29,us,CAT,,106.4499969482422,106.97000122070312,104.80999755859376,105.63999938964844,3550000,Yahoo Finance daily
2017-06-30,us,CAT,,106.0999984741211,108.04000091552734,105.83000183105467,107.45999908447266,4702100,Yahoo Finance daily
2017-07-03,us,CAT,,106.51000213623048,107.83999633789062,106.4800033569336,106.97000122070312,2404900,Yahoo Finance daily
2017-07-05,us,CAT,,107.0,107.87999725341795,106.6500015258789,107.48999786376952,3483600,Yahoo Finance daily
2017-07-06,us,CAT,,107.2300033569336,107.88999938964844,106.3000030517578,106.51000213623048,2921700,Yahoo Finance daily
2017-07-07,us,CAT,,106.61000061035156,107.58000183105467,105.8499984741211,106.91999816894533,2767900,Yahoo Finance daily
2017-07-10,us,CAT,,106.7300033569336,108.48999786376952,106.23999786376952,107.83999633789062,2951500,Yahoo Finance daily
2017-07-11,us,CAT,,107.91000366210938,108.47000122070312,107.0500030517578,108.23999786376952,2559900,Yahoo Finance daily
2017-07-12,us,CAT,,108.91999816894533,110.0,108.83999633789062,108.95999908447266,3611600,Yahoo Finance daily
2017-07-13,us,CAT,,108.88999938964844,109.25,107.97000122070312,108.47000122070312,3051100,Yahoo Finance daily
2017-07-14,us,CAT,,108.5500030517578,109.36000061035156,108.0500030517578,108.7699966430664,4480200,Yahoo Finance daily
2017-07-17,us,CAT,,108.0,109.37999725341795,107.9800033569336,108.83999633789062,2969500,Yahoo Finance daily
2017-07-18,us,CAT,,108.22000122070312,108.22000122070312,106.56999969482422,107.06999969482422,3984400,Yahoo Finance daily
2017-07-19,us,CAT,,107.3000030517578,108.0,107.13999938964844,107.8499984741211,2857900,Yahoo Finance daily
2017-07-20,us,CAT,,107.87999725341795,108.1500015258789,107.05999755859376,107.31999969482422,3759700,Yahoo Finance daily
2017-07-21,us,CAT,,106.70999908447266,106.9499969482422,105.11000061035156,106.58999633789062,4258100,Yahoo Finance daily
2017-07-24,us,CAT,,107.86000061035156,108.5,107.29000091552734,108.18000030517578,5980400,Yahoo Finance daily
2017-07-25,us,CAT,,113.23999786376952,114.88999938964844,111.8000030517578,114.54000091552734,14264600,Yahoo Finance daily
2017-07-26,us,CAT,,114.25,114.54000091552734,113.08000183105467,113.5199966430664,5741200,Yahoo Finance daily
2017-07-27,us,CAT,,113.72000122070312,114.38999938964844,113.25,114.37000274658205,5583500,Yahoo Finance daily
2017-07-28,us,CAT,,114.4499969482422,114.9000015258789,113.4800033569336,114.0999984741211,4704500,Yahoo Finance daily
2017-07-31,us,CAT,,114.5,114.66000366210938,113.69000244140624,113.9499969482422,4477200,Yahoo Finance daily
2017-08-01,us,CAT,,114.2699966430664,114.43000030517578,112.5199966430664,113.0999984741211,3683700,Yahoo Finance daily
2017-08-02,us,CAT,,113.1500015258789,113.58000183105467,112.08999633789062,113.08999633789062,2830600,Yahoo Finance daily
2017-08-03,us,CAT,,112.8499984741211,113.72000122070312,112.8499984741211,113.55999755859376,2438900,Yahoo Finance daily
2017-08-04,us,CAT,,113.87999725341795,114.63999938964844,113.4499969482422,114.3499984741211,2631900,Yahoo Finance daily
2017-08-07,us,CAT,,114.4800033569336,114.98999786376952,114.3000030517578,114.70999908447266,2269400,Yahoo Finance daily
2017-08-08,us,CAT,,114.58999633789062,115.25,114.19000244140624,114.41000366210938,2601200,Yahoo Finance daily
2017-08-09,us,CAT,,114.38999938964844,115.45999908447266,114.11000061035156,114.33999633789062,3170100,Yahoo Finance daily
2017-08-10,us,CAT,,113.88999938964844,114.12999725341795,112.86000061035156,113.1500015258789,3186700,Yahoo Finance daily
2017-08-11,us,CAT,,113.06999969482422,113.66999816894533,112.75,112.8499984741211,2130300,Yahoo Finance daily
2017-08-14,us,CAT,,113.45999908447266,114.37000274658205,113.2699966430664,113.70999908447266,1968900,Yahoo Finance daily
2017-08-15,us,CAT,,114.0,114.2300033569336,113.31999969482422,113.6500015258789,2826800,Yahoo Finance daily
2017-08-16,us,CAT,,113.80999755859376,114.51000213623048,113.62999725341795,114.12000274658205,2268600,Yahoo Finance daily
2017-08-17,us,CAT,,114.0,114.37000274658205,113.13999938964844,113.13999938964844,2905100,Yahoo Finance daily
2017-08-18,us,CAT,,112.98999786376952,114.63999938964844,112.69000244140624,113.91999816894533,3875700,Yahoo Finance daily
2017-08-21,us,CAT,,113.75,114.08999633789062,113.2699966430664,113.5999984741211,3137400,Yahoo Finance daily
2017-08-22,us,CAT,,114.20999908447266,115.86000061035156,114.0,115.81999969482422,3881100,Yahoo Finance daily
2017-08-23,us,CAT,,115.0,115.37999725341795,114.75,114.75,2447600,Yahoo Finance daily
2017-08-24,us,CAT,,115.0,115.0500030517578,114.38999938964844,114.77999877929688,1861200,Yahoo Finance daily
2017-08-25,us,CAT,,115.47000122070312,116.63999938964844,115.1500015258789,115.3499984741211,3282200,Yahoo Finance daily
2017-08-28,us,CAT,,115.76000213623048,116.05999755859376,114.66000366210938,115.06999969482422,2011000,Yahoo Finance daily
2017-08-29,us,CAT,,114.37999725341795,116.5999984741211,114.3000030517578,116.01000213623048,4355700,Yahoo Finance daily
2017-08-30,us,CAT,,116.12000274658205,117.69000244140624,115.87999725341795,117.5500030517578,3401000,Yahoo Finance daily
2017-08-31,us,CAT,,117.9499969482422,118.83000183105467,117.3499984741211,117.48999786376952,3357700,Yahoo Finance daily
2017-09-01,us,CAT,,117.48999786376952,118.81999969482422,117.4000015258789,118.27999877929688,2992200,Yahoo Finance daily
2017-09-05,us,CAT,,118.13999938964844,119.12999725341795,117.81999969482422,118.3000030517578,3826800,Yahoo Finance daily
2017-09-06,us,CAT,,118.75,119.19000244140624,116.9800033569336,116.9800033569336,4292600,Yahoo Finance daily
2017-09-07,us,CAT,,117.37999725341795,117.93000030517578,116.5,117.7699966430664,3270100,Yahoo Finance daily
2017-09-08,us,CAT,,117.2300033569336,118.8499984741211,117.0,117.81999969482422,2787000,Yahoo Finance daily
2017-09-11,us,CAT,,118.81999969482422,118.91999816894533,117.47000122070312,118.87000274658205,3527500,Yahoo Finance daily
2017-09-12,us,CAT,,119.19000244140624,121.38999938964844,119.05999755859376,120.94000244140624,5554000,Yahoo Finance daily
2017-09-13,us,CAT,,120.5,121.0,119.41000366210938,119.62999725341795,2532200,Yahoo Finance daily
2017-09-14,us,CAT,,119.79000091552734,120.79000091552734,119.20999908447266,120.4800033569336,2904900,Yahoo Finance daily
2017-09-15,us,CAT,,121.01000213623048,121.56999969482422,120.30999755859376,121.37000274658205,4610100,Yahoo Finance daily
2017-09-18,us,CAT,,123.62000274658205,124.43000030517578,122.8499984741211,123.83000183105467,4349000,Yahoo Finance daily
2017-09-19,us,CAT,,123.95999908447266,124.93000030517578,123.76000213623048,124.73999786376952,3050000,Yahoo Finance daily
2017-09-20,us,CAT,,124.97000122070312,125.27999877929688,124.18000030517578,124.8499984741211,3151600,Yahoo Finance daily
2017-09-21,us,CAT,,124.5199966430664,125.04000091552734,123.81999969482422,124.79000091552734,2615400,Yahoo Finance daily
2017-09-22,us,CAT,,124.58000183105467,125.41999816894533,124.3499984741211,124.43000030517578,2616700,Yahoo Finance daily
2017-09-25,us,CAT,,124.37000274658205,124.77999877929688,123.6500015258789,124.31999969482422,3268500,Yahoo Finance daily
2017-09-26,us,CAT,,124.6999969482422,125.06999969482422,124.31999969482422,124.51000213623048,2301900,Yahoo Finance daily
2017-09-27,us,CAT,,125.20999908447266,125.41999816894533,124.33999633789062,124.5199966430664,2140600,Yahoo Finance daily
2017-09-28,us,CAT,,123.91000366210938,125.27999877929688,123.62000274658205,125.2300033569336,2067800,Yahoo Finance daily
2017-09-29,us,CAT,,125.3499984741211,125.5500030517578,124.51000213623048,124.70999908447266,2273500,Yahoo Finance daily
2017-10-02,us,CAT,,124.4000015258789,124.83000183105467,123.9499969482422,124.72000122070312,2502600,Yahoo Finance daily
2017-10-03,us,CAT,,124.9800033569336,125.52999877929688,124.3499984741211,125.51000213623048,2166100,Yahoo Finance daily
2017-10-04,us,CAT,,125.69000244140624,127.08999633789062,125.5999984741211,126.73999786376952,2792300,Yahoo Finance daily
2017-10-05,us,CAT,,126.8000030517578,126.91000366210938,126.01000213623048,126.4000015258789,2496200,Yahoo Finance daily
2017-10-06,us,CAT,,126.12000274658205,126.98999786376952,125.9800033569336,126.93000030517578,2697400,Yahoo Finance daily
2017-10-09,us,CAT,,126.91999816894533,126.93000030517578,125.94000244140624,126.87999725341795,1979600,Yahoo Finance daily
2017-10-10,us,CAT,,127.5199966430664,128.2899932861328,127.2699966430664,128.19000244140625,4414300,Yahoo Finance daily
2017-10-11,us,CAT,,128.1699981689453,128.85000610351562,127.66999816894533,128.60000610351562,2177800,Yahoo Finance daily
2017-10-12,us,CAT,,128.39999389648438,130.16000366210938,128.3800048828125,129.99000549316406,3372300,Yahoo Finance daily
2017-10-13,us,CAT,,131.0,131.41000366210938,129.1999969482422,130.7100067138672,3478200,Yahoo Finance daily
2017-10-16,us,CAT,,131.25,132.1199951171875,130.94000244140625,131.47000122070312,2914200,Yahoo Finance daily
2017-10-17,us,CAT,,131.13999938964844,131.47000122070312,130.32000732421875,130.5399932861328,2380300,Yahoo Finance daily
2017-10-18,us,CAT,,130.5,131.64999389648438,130.5,131.2899932861328,2511400,Yahoo Finance daily
2017-10-19,us,CAT,,131.0,131.6300048828125,129.39999389648438,131.5500030517578,4837600,Yahoo Finance daily
2017-10-20,us,CAT,,131.33999633789062,131.91000366210938,130.47999572753906,131.36000061035156,3086800,Yahoo Finance daily
2017-10-23,us,CAT,,131.9499969482422,132.33999633789062,131.16000366210938,131.67999267578125,5549500,Yahoo Finance daily
2017-10-24,us,CAT,,140.05999755859375,140.44000244140625,136.6300048828125,138.24000549316406,18886700,Yahoo Finance daily
2017-10-25,us,CAT,,137.2100067138672,137.8300018310547,134.7899932861328,136.83999633789062,7438600,Yahoo Finance daily
2017-10-26,us,CAT,,136.8800048828125,138.24000549316406,136.85000610351562,136.94000244140625,5745400,Yahoo Finance daily
2017-10-27,us,CAT,,136.9199981689453,138.39999389648438,136.89999389648438,137.80999755859375,4064600,Yahoo Finance daily
2017-10-30,us,CAT,,137.3000030517578,137.80999755859375,136.47999572753906,136.49000549316406,3044500,Yahoo Finance daily
2017-10-31,us,CAT,,136.5,136.6199951171875,135.0800018310547,135.8000030517578,3988300,Yahoo Finance daily
2017-11-01,us,CAT,,135.6699981689453,137.3000030517578,135.42999267578125,136.2899932861328,3629000,Yahoo Finance daily
2017-11-02,us,CAT,,136.4199981689453,136.99000549316406,135.69000244140625,136.47000122070312,2722600,Yahoo Finance daily
2017-11-03,us,CAT,,136.47999572753906,136.9499969482422,136.36000061035156,136.6300048828125,2105400,Yahoo Finance daily
2017-11-06,us,CAT,,136.8000030517578,138.4499969482422,136.7899932861328,137.7100067138672,2780900,Yahoo Finance daily
2017-11-07,us,CAT,,137.8000030517578,138.89999389648438,136.66000366210938,138.80999755859375,3222100,Yahoo Finance daily
2017-11-08,us,CAT,,138.39999389648438,138.75,137.17999267578125,137.2899932861328,1933300,Yahoo Finance daily
2017-11-09,us,CAT,,136.44000244140625,136.75,134.64999389648438,135.33999633789062,2940300,Yahoo Finance daily
2017-11-10,us,CAT,,135.08999633789062,136.88999938964844,135.07000732421875,136.47999572753906,2016900,Yahoo Finance daily
2017-11-13,us,CAT,,135.52999877929688,136.5500030517578,134.8699951171875,136.52999877929688,1894100,Yahoo Finance daily
2017-11-14,us,CAT,,138.0,138.1199951171875,136.47000122070312,137.5399932861328,3041300,Yahoo Finance daily
2017-11-15,us,CAT,,136.47999572753906,136.75999450683594,133.80999755859375,134.10000610351562,3746200,Yahoo Finance daily
2017-11-16,us,CAT,,135.47000122070312,137.41000366210938,135.10000610351562,136.36000061035156,2812900,Yahoo Finance daily
2017-11-17,us,CAT,,135.8000030517578,136.36000061035156,135.02000427246094,136.1300048828125,2312700,Yahoo Finance daily
2017-11-20,us,CAT,,136.44000244140625,137.80999755859375,136.25,136.91000366210938,2124000,Yahoo Finance daily
2017-11-21,us,CAT,,137.77000427246094,138.0,137.1699981689453,137.60000610351562,2221400,Yahoo Finance daily
2017-11-22,us,CAT,,138.22000122070312,138.4199981689453,137.1999969482422,138.00999450683594,4887500,Yahoo Finance daily
2017-11-24,us,CAT,,138.10000610351562,138.4199981689453,137.33999633789062,137.38999938964844,944400,Yahoo Finance daily
2017-11-27,us,CAT,,137.47000122070312,138.27000427246094,136.88999938964844,137.19000244140625,2585400,Yahoo Finance daily
2017-11-28,us,CAT,,137.50999450683594,139.0,137.27000427246094,138.99000549316406,2592700,Yahoo Finance daily
2017-11-29,us,CAT,,138.1699981689453,139.2100067138672,137.1999969482422,138.05999755859375,3098200,Yahoo Finance daily
2017-11-30,us,CAT,,138.89999389648438,141.3300018310547,137.11000061035156,141.14999389648438,7507800,Yahoo Finance daily
2017-12-01,us,CAT,,141.60000610351562,142.39999389648438,138.3800048828125,141.52000427246094,5481600,Yahoo Finance daily
2017-12-04,us,CAT,,144.25,145.19000244140625,141.44000244140625,141.5,4922300,Yahoo Finance daily
2017-12-05,us,CAT,,141.75,142.19000244140625,139.72999572753906,140.13999938964844,3884100,Yahoo Finance daily
2017-12-06,us,CAT,,140.14999389648438,141.13999938964844,139.5,140.33999633789062,2881400,Yahoo Finance daily
2017-12-07,us,CAT,,139.77999877929688,143.0,139.19000244140625,142.88999938964844,2977100,Yahoo Finance daily
2017-12-08,us,CAT,,143.8699951171875,144.32000732421875,142.92999267578125,143.86000061035156,2490100,Yahoo Finance daily
2017-12-11,us,CAT,,144.6300048828125,144.7100067138672,143.47999572753906,143.77000427246094,1913500,Yahoo Finance daily
2017-12-12,us,CAT,,144.0399932861328,144.8000030517578,143.2100067138672,143.4199981689453,3397100,Yahoo Finance daily
2017-12-13,us,CAT,,144.17999267578125,149.0500030517578,144.07000732421875,148.57000732421875,6486500,Yahoo Finance daily
2017-12-14,us,CAT,,148.85000610351562,149.0,145.8800048828125,146.27999877929688,4616900,Yahoo Finance daily
2017-12-15,us,CAT,,147.35000610351562,147.83999633789062,145.49000549316406,146.69000244140625,7931700,Yahoo Finance daily
2017-12-18,us,CAT,,147.75,149.80999755859375,146.8000030517578,149.77000427246094,3534800,Yahoo Finance daily
2017-12-19,us,CAT,,149.89999389648438,151.08999633789062,148.52999877929688,150.91000366210938,3554100,Yahoo Finance daily
2017-12-20,us,CAT,,151.92999267578125,152.60000610351562,150.6999969482422,152.52000427246094,3076000,Yahoo Finance daily
2017-12-21,us,CAT,,152.69000244140625,155.10000610351562,151.80999755859375,154.63999938964844,4017400,Yahoo Finance daily
2017-12-22,us,CAT,,154.77000427246094,155.8000030517578,153.9499969482422,155.75,2486400,Yahoo Finance daily
2017-12-26,us,CAT,,156.0399932861328,156.97999572753906,155.66000366210938,156.44000244140625,1870600,Yahoo Finance daily
2017-12-27,us,CAT,,156.94000244140625,157.69000244140625,156.30999755859375,157.52000427246094,2520500,Yahoo Finance daily
2017-12-28,us,CAT,,157.94000244140625,158.64999389648438,157.22999572753906,158.4199981689453,4064000,Yahoo Finance daily
2017-12-29,us,CAT,,158.0500030517578,158.5,157.50999450683594,157.5800018310547,2616100,Yahoo Finance daily
2018-01-02,us,CAT,,158.3000030517578,159.38999938964844,156.02999877929688,157.0399932861328,5108400,Yahoo Finance daily
2018-01-03,us,CAT,,157.0399932861328,157.49000549316406,155.39999389648438,157.27999877929688,4146100,Yahoo Finance daily
2018-01-04,us,CAT,,157.88999938964844,159.5800018310547,157.02000427246094,159.44000244140625,4865800,Yahoo Finance daily
2018-01-05,us,CAT,,160.25999450683594,162.0500030517578,159.63999938964844,161.9600067138672,3945400,Yahoo Finance daily
2018-01-08,us,CAT,,164.11000061035156,166.42999267578125,162.5500030517578,166.02999877929688,5929200,Yahoo Finance daily
2018-01-09,us,CAT,,166.3300018310547,167.41000366210938,165.08999633789062,166.42999267578125,4522900,Yahoo Finance daily
2018-01-10,us,CAT,,165.89999389648438,167.52999877929688,164.5,165.8699951171875,5478600,Yahoo Finance daily
2018-01-11,us,CAT,,166.89999389648438,169.52999877929688,165.63999938964844,169.1999969482422,4199000,Yahoo Finance daily
2018-01-12,us,CAT,,169.99000549316406,170.6699981689453,169.22999572753906,170.3000030517578,4127900,Yahoo Finance daily
2018-01-16,us,CAT,,172.89999389648438,173.24000549316406,167.57000732421875,169.30999755859375,8530600,Yahoo Finance daily
2018-01-17,us,CAT,,169.32000732421875,170.11000061035156,168.5,168.5,5571400,Yahoo Finance daily
2018-01-18,us,CAT,,169.3300018310547,170.75999450683594,168.08999633789062,168.8300018310547,4668800,Yahoo Finance daily
2018-01-19,us,CAT,,169.6300048828125,170.4499969482422,168.61000061035156,170.41000366210938,5796700,Yahoo Finance daily
2018-01-22,us,CAT,,170.32000732421875,170.91000366210938,168.47999572753906,170.88999938964844,3540900,Yahoo Finance daily
2018-01-23,us,CAT,,172.0,172.0500030517578,169.1999969482422,169.42999267578125,5036500,Yahoo Finance daily
2018-01-24,us,CAT,,171.39999389648438,172.4499969482422,167.6699981689453,168.33999633789062,8241000,Yahoo Finance daily
2018-01-25,us,CAT,,173.10000610351562,173.10000610351562,162.4600067138672,169.3699951171875,16937100,Yahoo Finance daily
2018-01-26,us,CAT,,168.80999755859375,169.0,164.5500030517578,167.05999755859375,9045300,Yahoo Finance daily
2018-01-29,us,CAT,,165.5800018310547,165.8800048828125,159.4199981689453,162.5800018310547,9496800,Yahoo Finance daily
2018-01-30,us,CAT,,160.3300018310547,164.7100067138672,159.80999755859375,163.75999450683594,8694800,Yahoo Finance daily
2018-01-31,us,CAT,,164.6999969482422,165.7899932861328,161.88999938964844,162.77999877929688,7014000,Yahoo Finance daily
2018-02-01,us,CAT,,161.24000549316406,163.74000549316406,160.17999267578125,162.24000549316406,4323600,Yahoo Finance daily
2018-02-02,us,CAT,,160.77000427246094,160.8000030517578,156.52999877929688,157.49000549316406,7602800,Yahoo Finance daily
2018-02-05,us,CAT,,154.92999267578125,158.92999267578125,142.85000610351562,151.0800018310547,11390500,Yahoo Finance daily
2018-02-06,us,CAT,,148.07000732421875,156.55999755859375,146.80999755859375,156.41000366210938,13908700,Yahoo Finance daily
2018-02-07,us,CAT,,155.36000061035156,158.08999633789062,154.27999877929688,154.33999633789062,7156500,Yahoo Finance daily
2018-02-08,us,CAT,,153.85000610351562,154.19000244140625,145.9199981689453,145.99000549316406,9101900,Yahoo Finance daily
2018-02-09,us,CAT,,148.7100067138672,150.88999938964844,142.8800048828125,149.2100067138672,9528100,Yahoo Finance daily
2018-02-12,us,CAT,,151.8699951171875,153.4499969482422,150.25,152.2899932861328,5756800,Yahoo Finance daily
2018-02-13,us,CAT,,151.25,155.1999969482422,151.0,153.97000122070312,5512100,Yahoo Finance daily
2018-02-14,us,CAT,,152.38999938964844,158.58999633789062,152.33999633789062,158.05999755859375,5560100,Yahoo Finance daily
2018-02-15,us,CAT,,159.8000030517578,160.33999633789062,157.47999572753906,159.97999572753906,4914500,Yahoo Finance daily
2018-02-16,us,CAT,,160.1300048828125,161.0,156.08999633789062,156.2899932861328,5991600,Yahoo Finance daily
2018-02-20,us,CAT,,155.1699981689453,158.25,154.27000427246094,155.55999755859375,5094600,Yahoo Finance daily
2018-02-21,us,CAT,,155.6999969482422,158.39999389648438,155.0399932861328,155.22999572753906,4179400,Yahoo Finance daily
2018-02-22,us,CAT,,156.41000366210938,159.77999877929688,156.1999969482422,158.86000061035156,4723300,Yahoo Finance daily
2018-02-23,us,CAT,,159.39999389648438,162.47999572753906,159.22000122070312,162.41000366210938,4450800,Yahoo Finance daily
2018-02-26,us,CAT,,163.0500030517578,164.0500030517578,161.5500030517578,163.69000244140625,6254400,Yahoo Finance daily
2018-02-27,us,CAT,,163.25999450683594,164.60000610351562,161.24000549316406,161.25999450683594,4127700,Yahoo Finance daily
2018-02-28,us,CAT,,161.5,162.33999633789062,154.1699981689453,154.6300048828125,7298600,Yahoo Finance daily
2018-03-01,us,CAT,,153.6699981689453,156.19000244140625,148.50999450683594,150.22999572753906,9434800,Yahoo Finance daily
2018-03-02,us,CAT,,149.1300048828125,149.8800048828125,145.86000061035156,146.3800048828125,9509400,Yahoo Finance daily
2018-03-05,us,CAT,,145.14999389648438,151.86000061035156,144.00999450683594,151.1199951171875,8453000,Yahoo Finance daily
2018-03-06,us,CAT,,152.63999938964844,154.97999572753906,151.6699981689453,153.75,5795600,Yahoo Finance daily
2018-03-07,us,CAT,,150.0,152.27000427246094,148.80999755859375,151.50999450683594,5491000,Yahoo Finance daily
2018-03-08,us,CAT,,151.72999572753906,153.97000122070312,150.2899932861328,153.58999633789062,4105000,Yahoo Finance daily
2018-03-09,us,CAT,,155.1199951171875,158.4199981689453,154.3300018310547,158.25,4576700,Yahoo Finance daily
2018-03-12,us,CAT,,158.24000549316406,159.33999633789062,153.85000610351562,154.5,4880400,Yahoo Finance daily
2018-03-13,us,CAT,,156.3000030517578,157.8699951171875,153.1999969482422,153.69000244140625,4819100,Yahoo Finance daily
2018-03-14,us,CAT,,154.8000030517578,155.25,151.30999755859375,152.5399932861328,4873600,Yahoo Finance daily
2018-03-15,us,CAT,,153.17999267578125,155.58999633789062,151.64999389648438,154.57000732421875,5268800,Yahoo Finance daily
2018-03-16,us,CAT,,154.32000732421875,157.4499969482422,153.30999755859375,156.4600067138672,10897600,Yahoo Finance daily
2018-03-19,us,CAT,,154.24000549316406,154.8300018310547,150.82000732421875,152.14999389648438,5479200,Yahoo Finance daily
2018-03-20,us,CAT,,153.0,155.1999969482422,152.5399932861328,154.05999755859375,3557600,Yahoo Finance daily
2018-03-21,us,CAT,,154.16000366210938,157.27999877929688,153.2100067138672,155.8000030517578,3887400,Yahoo Finance daily
2018-03-22,us,CAT,,152.8699951171875,153.5,146.25,146.89999389648438,8225600,Yahoo Finance daily
2018-03-23,us,CAT,,147.6999969482422,148.57000732421875,143.7899932861328,144.2899932861328,6533100,Yahoo Finance daily
2018-03-26,us,CAT,,147.82000732421875,149.55999755859375,145.25999450683594,149.19000244140625,5454900,Yahoo Finance daily
2018-03-27,us,CAT,,149.89999389648438,151.1199951171875,145.7899932861328,146.99000549316406,4915300,Yahoo Finance daily
2018-03-28,us,CAT,,146.99000549316406,148.24000549316406,143.6300048828125,145.16000366210938,4933900,Yahoo Finance daily
2018-03-29,us,CAT,,146.2100067138672,148.77000427246094,145.57000732421875,147.3800048828125,4209400,Yahoo Finance daily
2018-04-02,us,CAT,,146.44000244140625,147.35000610351562,141.75999450683594,143.88999938964844,5397500,Yahoo Finance daily
2018-04-03,us,CAT,,144.8000030517578,145.64999389648438,142.3800048828125,145.05999755859375,4845700,Yahoo Finance daily
2018-04-04,us,CAT,,139.8800048828125,145.4600067138672,138.0500030517578,145.17999267578125,6188200,Yahoo Finance daily
2018-04-05,us,CAT,,146.50999450683594,148.8800048828125,146.47000122070312,148.1300048828125,4584800,Yahoo Finance daily
2018-04-06,us,CAT,,145.77000427246094,147.0,140.82000732421875,142.99000549316406,5707400,Yahoo Finance daily
2018-04-09,us,CAT,,144.8000030517578,146.7899932861328,142.8000030517578,143.0800018310547,4050800,Yahoo Finance daily
2018-04-10,us,CAT,,146.75,149.00999450683594,145.6199951171875,148.08999633789062,3991600,Yahoo Finance daily
2018-04-11,us,CAT,,146.67999267578125,148.35000610351562,146.32000732421875,146.7899932861328,3218900,Yahoo Finance daily
2018-04-12,us,CAT,,147.63999938964844,151.16000366210938,147.63999938964844,150.13999938964844,3958000,Yahoo Finance daily
2018-04-13,us,CAT,,151.75,152.91000366210938,148.99000549316406,150.22999572753906,3603200,Yahoo Finance daily
2018-04-16,us,CAT,,151.74000549316406,153.4199981689453,150.27999877929688,152.13999938964844,3055600,Yahoo Finance daily
2018-04-17,us,CAT,,153.33999633789062,155.5399932861328,153.00999450683594,153.30999755859375,3817200,Yahoo Finance daily
2018-04-18,us,CAT,,155.19000244140625,157.1199951171875,154.57000732421875,155.9499969482422,3087100,Yahoo Finance daily
2018-04-19,us,CAT,,155.38999938964844,156.32000732421875,153.9600067138672,155.6999969482422,4013200,Yahoo Finance daily
2018-04-20,us,CAT,,155.25,156.13999938964844,152.3699951171875,153.25,4057800,Yahoo Finance daily
2018-04-23,us,CAT,,154.64999389648438,155.74000549316406,152.17999267578125,153.99000549316406,5350300,Yahoo Finance daily
2018-04-24,us,CAT,,159.75,161.10000610351562,143.36000061035156,144.44000244140625,24122300,Yahoo Finance daily
2018-04-25,us,CAT,,143.8300018310547,147.60000610351562,142.16000366210938,145.19000244140625,9963700,Yahoo Finance daily
2018-04-26,us,CAT,,145.32000732421875,147.39999389648438,144.00999450683594,146.30999755859375,6558900,Yahoo Finance daily
2018-04-27,us,CAT,,145.6699981689453,146.60000610351562,144.16000366210938,144.72000122070312,3860600,Yahoo Finance daily
2018-04-30,us,CAT,,145.2100067138672,146.1999969482422,143.60000610351562,144.36000061035156,4764800,Yahoo Finance daily
2018-05-01,us,CAT,,143.0800018310547,144.42999267578125,140.3000030517578,144.4199981689453,5004400,Yahoo Finance daily
2018-05-02,us,CAT,,143.99000549316406,146.64999389648438,143.47999572753906,143.86000061035156,4637600,Yahoo Finance daily
2018-05-03,us,CAT,,141.69000244140625,145.14999389648438,138.14999389648438,143.77999877929688,7703200,Yahoo Finance daily
2018-05-04,us,CAT,,142.24000549316406,147.19000244140625,141.0500030517578,146.3699951171875,4678400,Yahoo Finance daily
2018-05-07,us,CAT,,148.17999267578125,151.4600067138672,148.0,149.82000732421875,6844600,Yahoo Finance daily
2018-05-08,us,CAT,,150.64999389648438,151.07000732421875,148.57000732421875,149.92999267578125,3853600,Yahoo Finance daily
2018-05-09,us,CAT,,150.75,153.35000610351562,150.5,152.61000061035156,4668200,Yahoo Finance daily
2018-05-10,us,CAT,,153.1999969482422,155.44000244140625,152.80999755859375,153.97000122070312,3911000,Yahoo Finance daily
2018-05-11,us,CAT,,154.25,156.74000549316406,153.77000427246094,154.86000061035156,3507900,Yahoo Finance daily
2018-05-14,us,CAT,,155.61000061035156,156.39999389648438,154.38999938964844,155.27999877929688,3563900,Yahoo Finance daily
2018-05-15,us,CAT,,153.82000732421875,154.39999389648438,151.7100067138672,152.58999633789062,4127200,Yahoo Finance daily
2018-05-16,us,CAT,,152.5500030517578,153.8699951171875,152.35000610351562,153.8000030517578,2693400,Yahoo Finance daily
2018-05-17,us,CAT,,153.6999969482422,155.25,152.75999450683594,153.69000244140625,2885800,Yahoo Finance daily
2018-05-18,us,CAT,,154.14999389648438,156.83999633789062,154.00999450683594,155.7100067138672,3889300,Yahoo Finance daily
2018-05-21,us,CAT,,159.25999450683594,161.60000610351562,158.6999969482422,158.9199981689453,5849700,Yahoo Finance daily
2018-05-22,us,CAT,,159.02999877929688,159.35000610351562,156.13999938964844,156.1999969482422,3512400,Yahoo Finance daily
2018-05-23,us,CAT,,154.64999389648438,158.0,153.72000122070312,157.74000549316406,4010000,Yahoo Finance daily
2018-05-24,us,CAT,,157.2100067138672,158.39999389648438,156.02999877929688,157.6999969482422,2891000,Yahoo Finance daily
2018-05-25,us,CAT,,156.9199981689453,157.57000732421875,155.22999572753906,155.85000610351562,2359700,Yahoo Finance daily
2018-05-29,us,CAT,,154.25999450683594,155.72000122070312,152.63999938964844,153.6199951171875,3795800,Yahoo Finance daily
2018-05-30,us,CAT,,154.60000610351562,155.97999572753906,153.83999633789062,155.4600067138672,2688200,Yahoo Finance daily
2018-05-31,us,CAT,,155.3000030517578,155.30999755859375,151.5,151.91000366210938,4546000,Yahoo Finance daily
2018-06-01,us,CAT,,153.3000030517578,154.19000244140625,152.25999450683594,153.52000427246094,2755500,Yahoo Finance daily
2018-06-04,us,CAT,,154.7899932861328,154.92999267578125,152.0800018310547,152.5,2470900,Yahoo Finance daily
2018-06-05,us,CAT,,152.39999389648438,153.10000610351562,152.02000427246094,153.00999450683594,2916600,Yahoo Finance daily
2018-06-06,us,CAT,,153.64999389648438,156.5399932861328,153.00999450683594,156.50999450683594,3689300,Yahoo Finance daily
2018-06-07,us,CAT,,157.11000061035156,157.92999267578125,155.52999877929688,156.2899932861328,3149100,Yahoo Finance daily
2018-06-08,us,CAT,,156.19000244140625,156.64999389648438,155.0399932861328,155.32000732421875,3254100,Yahoo Finance daily
2018-06-11,us,CAT,,155.19000244140625,157.0800018310547,154.72000122070312,156.3000030517578,2758300,Yahoo Finance daily
2018-06-12,us,CAT,,156.4499969482422,159.19000244140625,156.38999938964844,157.49000549316406,2595600,Yahoo Finance daily
2018-06-13,us,CAT,,157.17999267578125,157.35000610351562,154.50999450683594,154.7100067138672,4189300,Yahoo Finance daily
2018-06-14,us,CAT,,155.6999969482422,157.36000061035156,152.75999450683594,153.13999938964844,3967600,Yahoo Finance daily
2018-06-15,us,CAT,,150.85000610351562,151.0,148.42999267578125,150.02000427246094,8852500,Yahoo Finance daily
2018-06-18,us,CAT,,148.4199981689453,149.4600067138672,147.72000122070312,148.67999267578125,3651600,Yahoo Finance daily
2018-06-19,us,CAT,,146.0,146.3000030517578,142.32000732421875,143.3000030517578,6792000,Yahoo Finance daily
2018-06-20,us,CAT,,144.22000122070312,144.69000244140625,141.82000732421875,143.1300048828125,4128300,Yahoo Finance daily
2018-06-21,us,CAT,,142.25,142.38999938964844,139.1199951171875,139.52999877929688,5914900,Yahoo Finance daily
2018-06-22,us,CAT,,140.89999389648438,142.5,139.77000427246094,139.94000244140625,5114700,Yahoo Finance daily
2018-06-25,us,CAT,,138.86000061035156,138.97999572753906,135.17999267578125,136.5800018310547,6078200,Yahoo Finance daily
2018-06-26,us,CAT,,136.75,137.3300018310547,135.27999877929688,135.5399932861328,4285300,Yahoo Finance daily
2018-06-27,us,CAT,,136.77000427246094,139.4600067138672,134.5800018310547,134.61000061035156,5665000,Yahoo Finance daily
2018-06-28,us,CAT,,134.17999267578125,136.72000122070312,132.67999267578125,136.02999877929688,4215900,Yahoo Finance daily
2018-06-29,us,CAT,,136.61000061035156,137.85000610351562,135.5800018310547,135.6699981689453,4107900,Yahoo Finance daily
2018-07-02,us,CAT,,133.8000030517578,136.42999267578125,133.1999969482422,136.2899932861328,3172600,Yahoo Finance daily
2018-07-03,us,CAT,,137.0,137.35000610351562,133.3300018310547,133.8300018310547,1837400,Yahoo Finance daily
2018-07-05,us,CAT,,135.00999450683594,136.08999633789062,134.08999633789062,135.80999755859375,3366300,Yahoo Finance daily
2018-07-06,us,CAT,,135.11000061035156,135.86000061035156,133.32000732421875,135.41000366210938,3179600,Yahoo Finance daily
2018-07-09,us,CAT,,136.22000122070312,141.0500030517578,136.10000610351562,140.97000122070312,5562300,Yahoo Finance daily
2018-07-10,us,CAT,,141.61000061035156,141.86000061035156,140.13999938964844,141.25,3761700,Yahoo Finance daily
2018-07-11,us,CAT,,138.1300048828125,139.38999938964844,135.83999633789062,136.75999450683594,5231700,Yahoo Finance daily
2018-07-12,us,CAT,,138.5,139.72999572753906,136.8300018310547,139.4199981689453,4250800,Yahoo Finance daily
2018-07-13,us,CAT,,139.5399932861328,141.25,139.07000732421875,140.75,2838700,Yahoo Finance daily
2018-07-16,us,CAT,,140.8800048828125,140.8800048828125,137.89999389648438,138.0800018310547,3723100,Yahoo Finance daily
2018-07-17,us,CAT,,136.97999572753906,139.3300018310547,136.52999877929688,138.9499969482422,3306000,Yahoo Finance daily
2018-07-18,us,CAT,,139.0,141.5,138.3300018310547,141.1199951171875,4394800,Yahoo Finance daily
2018-07-19,us,CAT,,139.57000732421875,140.5399932861328,139.0500030517578,139.4199981689453,3576700,Yahoo Finance daily
2018-07-20,us,CAT,,138.36000061035156,138.5800018310547,136.63999938964844,136.82000732421875,5247000,Yahoo Finance daily
2018-07-23,us,CAT,,136.6199951171875,136.8000030517578,135.60000610351562,136.27999877929688,3542300,Yahoo Finance daily
2018-07-24,us,CAT,,138.89999389648438,140.60000610351562,137.36000061035156,137.97000122070312,5064700,Yahoo Finance daily
2018-07-25,us,CAT,,138.0,141.0500030517578,136.6699981689453,140.47999572753906,5041800,Yahoo Finance daily
2018-07-26,us,CAT,,140.75,143.5500030517578,140.07000732421875,142.5800018310547,5385600,Yahoo Finance daily
2018-07-27,us,CAT,,143.9499969482422,143.9499969482422,140.77999877929688,142.55999755859375,4649400,Yahoo Finance daily
2018-07-30,us,CAT,,145.7100067138672,146.6999969482422,139.05999755859375,139.75,13837700,Yahoo Finance daily
2018-07-31,us,CAT,,141.97000122070312,144.77999877929688,140.1699981689453,143.8000030517578,7608700,Yahoo Finance daily
2018-08-01,us,CAT,,142.97000122070312,143.07000732421875,138.11000061035156,138.5399932861328,6364500,Yahoo Finance daily
2018-08-02,us,CAT,,137.07000732421875,138.7100067138672,135.69000244140625,138.00999450683594,4195000,Yahoo Finance daily
2018-08-03,us,CAT,,138.1999969482422,138.60000610351562,137.07000732421875,138.50999450683594,3594100,Yahoo Finance daily
2018-08-06,us,CAT,,138.52000427246094,140.6699981689453,137.97000122070312,139.47999572753906,3125200,Yahoo Finance daily
2018-08-07,us,CAT,,140.61000061035156,143.32000732421875,140.3000030517578,142.3800048828125,4813000,Yahoo Finance daily
2018-08-08,us,CAT,,142.32000732421875,142.39999389648438,139.25999450683594,139.7100067138672,3435100,Yahoo Finance daily
2018-08-09,us,CAT,,140.10000610351562,140.89999389648438,138.25,138.52000427246094,3338500,Yahoo Finance daily
2018-08-10,us,CAT,,137.52000427246094,137.52000427246094,134.72999572753906,135.9199981689453,6268600,Yahoo Finance daily
2018-08-13,us,CAT,,135.9199981689453,136.72999572753906,134.72000122070312,135.02000427246094,3879400,Yahoo Finance daily
2018-08-14,us,CAT,,135.60000610351562,136.4499969482422,134.6699981689453,134.9199981689453,3537900,Yahoo Finance daily
2018-08-15,us,CAT,,133.25,133.25,129.42999267578125,132.02000427246094,5682200,Yahoo Finance daily
2018-08-16,us,CAT,,133.72000122070312,136.5500030517578,133.64999389648438,136.25999450683594,5539400,Yahoo Finance daily
2018-08-17,us,CAT,,135.64999389648438,140.2100067138672,135.44000244140625,139.33999633789062,6611700,Yahoo Finance daily
2018-08-20,us,CAT,,139.82000732421875,140.5500030517578,138.55999755859375,138.6699981689453,3311100,Yahoo Finance daily
2018-08-21,us,CAT,,139.07000732421875,140.9600067138672,139.07000732421875,139.99000549316406,3021400,Yahoo Finance daily
2018-08-22,us,CAT,,140.32000732421875,140.6999969482422,139.36000061035156,139.6300048828125,2209500,Yahoo Finance daily
2018-08-23,us,CAT,,139.0500030517578,139.1699981689453,136.4199981689453,136.7899932861328,3905300,Yahoo Finance daily
2018-08-24,us,CAT,,137.82000732421875,138.5500030517578,136.88999938964844,138.2100067138672,2565400,Yahoo Finance daily
2018-08-27,us,CAT,,139.39999389648438,142.3800048828125,139.3000030517578,142.0399932861328,4770900,Yahoo Finance daily
2018-08-28,us,CAT,,143.4199981689453,143.77000427246094,141.49000549316406,142.0,3234000,Yahoo Finance daily
2018-08-29,us,CAT,,142.42999267578125,142.58999633789062,141.2899932861328,141.86000061035156,3369900,Yahoo Finance daily
2018-08-30,us,CAT,,141.02999877929688,141.47000122070312,138.4499969482422,139.05999755859375,4773300,Yahoo Finance daily
2018-08-31,us,CAT,,138.52000427246094,140.22000122070312,138.3800048828125,138.85000610351562,4552200,Yahoo Finance daily
2018-09-04,us,CAT,,137.86000061035156,139.0,136.92999267578125,138.24000549316406,3955600,Yahoo Finance daily
2018-09-05,us,CAT,,138.3300018310547,141.10000610351562,137.67999267578125,140.58999633789062,4579400,Yahoo Finance daily
2018-09-06,us,CAT,,140.33999633789062,141.8699951171875,140.05999755859375,141.57000732421875,4588100,Yahoo Finance daily
2018-09-07,us,CAT,,140.72999572753906,142.13999938964844,140.0500030517578,141.32000732421875,4173400,Yahoo Finance daily
2018-09-10,us,CAT,,141.77000427246094,142.50999450683594,141.69000244140625,142.0500030517578,3069100,Yahoo Finance daily
2018-09-11,us,CAT,,140.61000061035156,142.4499969482422,140.3699951171875,142.02999877929688,2583200,Yahoo Finance daily
2018-09-12,us,CAT,,141.5800018310547,144.75,140.6199951171875,144.27999877929688,5630600,Yahoo Finance daily
2018-09-13,us,CAT,,145.0500030517578,146.4600067138672,144.52000427246094,145.5399932861328,3670700,Yahoo Finance daily
2018-09-14,us,CAT,,145.6300048828125,147.1999969482422,143.22999572753906,144.89999389648438,4699600,Yahoo Finance daily
2018-09-17,us,CAT,,144.85000610351562,148.05999755859375,144.5500030517578,146.22000122070312,3827100,Yahoo Finance daily
2018-09-18,us,CAT,,147.0,149.27999877929688,146.27000427246094,149.07000732421875,4496400,Yahoo Finance daily
2018-09-19,us,CAT,,149.75999450683594,153.11000061035156,149.3699951171875,152.75999450683594,6000100,Yahoo Finance daily
2018-09-20,us,CAT,,155.41000366210938,157.72000122070312,154.4600067138672,156.0,6774100,Yahoo Finance daily
2018-09-21,us,CAT,,156.6300048828125,157.2899932861328,154.8000030517578,156.3800048828125,5932100,Yahoo Finance daily
2018-09-24,us,CAT,,156.0,156.10000610351562,153.77000427246094,154.0,3844500,Yahoo Finance daily
2018-09-25,us,CAT,,154.1199951171875,154.5,152.80999755859375,154.08999633789062,3454600,Yahoo Finance daily
2018-09-26,us,CAT,,153.9499969482422,155.14999389648438,152.88999938964844,153.1699981689453,3096100,Yahoo Finance daily
2018-09-27,us,CAT,,153.02000427246094,154.0500030517578,151.1999969482422,152.47000122070312,2674100,Yahoo Finance daily
2018-09-28,us,CAT,,152.0,152.91000366210938,150.55999755859375,152.49000549316406,3599900,Yahoo Finance daily
2018-10-01,us,CAT,,153.61000061035156,154.5,151.67999267578125,152.27999877929688,3736300,Yahoo Finance daily
2018-10-02,us,CAT,,152.2899932861328,155.3800048828125,151.5,154.82000732421875,4344000,Yahoo Finance daily
2018-10-03,us,CAT,,156.0,159.3699951171875,155.7899932861328,158.22000122070312,6043300,Yahoo Finance daily
2018-10-04,us,CAT,,158.02999877929688,158.5500030517578,155.1999969482422,156.75,4130800,Yahoo Finance daily
2018-10-05,us,CAT,,156.50999450683594,156.80999755859375,151.61000061035156,153.30999755859375,4955100,Yahoo Finance daily
2018-10-08,us,CAT,,151.9499969482422,153.66000366210938,150.8800048828125,153.35000610351562,3463200,Yahoo Finance daily
2018-10-09,us,CAT,,152.61000061035156,152.61000061035156,149.0800018310547,149.4600067138672,4996900,Yahoo Finance daily
2018-10-10,us,CAT,,148.6999969482422,149.1699981689453,143.72000122070312,143.72000122070312,9419300,Yahoo Finance daily
2018-10-11,us,CAT,,142.9499969482422,145.88999938964844,139.83999633789062,140.97000122070312,7608300,Yahoo Finance daily
2018-10-12,us,CAT,,144.02000427246094,144.39999389648438,139.75,142.07000732421875,5596200,Yahoo Finance daily
2018-10-15,us,CAT,,142.0,143.17999267578125,141.1199951171875,141.8000030517578,3741700,Yahoo Finance daily
2018-10-16,us,CAT,,143.35000610351562,143.88999938964844,141.27000427246094,143.7100067138672,3573400,Yahoo Finance daily
2018-10-17,us,CAT,,143.0800018310547,143.52000427246094,141.11000061035156,141.33999633789062,4807500,Yahoo Finance daily
2018-10-18,us,CAT,,140.16000366210938,140.8000030517578,134.47000122070312,135.8000030517578,10250200,Yahoo Finance daily
2018-10-19,us,CAT,,136.19000244140625,136.92999267578125,131.27000427246094,131.32000732421875,7055100,Yahoo Finance daily
2018-10-22,us,CAT,,132.67999267578125,133.1300048828125,128.66000366210938,128.7100067138672,7858900,Yahoo Finance daily
2018-10-23,us,CAT,,119.68000030517578,122.5,115.62000274658205,118.9800033569336,24113300,Yahoo Finance daily
2018-10-24,us,CAT,,120.0,121.63999938964844,112.25,112.33999633789062,15304200,Yahoo Finance daily
2018-10-25,us,CAT,,114.83000183105467,117.08999633789062,112.5,115.62999725341795,13568900,Yahoo Finance daily
2018-10-26,us,CAT,,114.0999984741211,116.43000030517578,112.36000061035156,115.0500030517578,10820400,Yahoo Finance daily
2018-10-29,us,CAT,,116.87999725341795,118.3499984741211,112.05999755859376,113.9800033569336,8069600,Yahoo Finance daily
2018-10-30,us,CAT,,114.0,117.73999786376952,113.0999984741211,117.45999908447266,8057600,Yahoo Finance daily
2018-10-31,us,CAT,,119.41000366210938,122.88999938964844,119.26000213623048,121.31999969482422,10341300,Yahoo Finance daily
2018-11-01,us,CAT,,122.58999633789062,125.2300033569336,120.94000244140624,124.6999969482422,10138900,Yahoo Finance daily
2018-11-02,us,CAT,,127.0500030517578,128.3000030517578,124.26000213623048,125.79000091552734,7683900,Yahoo Finance daily
2018-11-05,us,CAT,,126.08999633789062,126.9499969482422,124.5500030517578,126.41000366210938,4844200,Yahoo Finance daily
2018-11-06,us,CAT,,126.4000015258789,129.5,126.30999755859376,129.3300018310547,4728200,Yahoo Finance daily
2018-11-07,us,CAT,,133.52000427246094,135.22000122070312,130.8800048828125,135.10000610351562,7551900,Yahoo Finance daily
2018-11-08,us,CAT,,133.8300018310547,134.6999969482422,130.89999389648438,131.38999938964844,6269400,Yahoo Finance daily
2018-11-09,us,CAT,,129.58999633789062,129.60000610351562,125.7300033569336,126.91000366210938,7248400,Yahoo Finance daily
2018-11-12,us,CAT,,127.18000030517578,128.41000366210938,124.58999633789062,125.0,5870100,Yahoo Finance daily
2018-11-13,us,CAT,,125.5,129.7899932861328,125.27999877929688,125.95999908447266,5820200,Yahoo Finance daily
2018-11-14,us,CAT,,127.2699966430664,129.0,123.7300033569336,125.0999984741211,5516300,Yahoo Finance daily
2018-11-15,us,CAT,,124.31999969482422,130.27999877929688,123.12999725341795,129.4199981689453,5815200,Yahoo Finance daily
2018-11-16,us,CAT,,128.7899932861328,131.9199981689453,128.0500030517578,129.9600067138672,5957700,Yahoo Finance daily
2018-11-19,us,CAT,,129.14999389648438,129.49000549316406,125.5999984741211,125.9800033569336,5385600,Yahoo Finance daily
2018-11-20,us,CAT,,123.8499984741211,123.97000122070312,121.2300033569336,122.2699966430664,7746200,Yahoo Finance daily
2018-11-21,us,CAT,,122.81999969482422,126.22000122070312,122.51000213623048,123.87000274658205,4759500,Yahoo Finance daily
2018-11-23,us,CAT,,121.95999908447266,124.0500030517578,121.56999969482422,122.31999969482422,3130100,Yahoo Finance daily
2018-11-26,us,CAT,,123.6500015258789,125.79000091552734,123.16000366210938,124.8000030517578,4696600,Yahoo Finance daily
2018-11-27,us,CAT,,124.0,124.5999984741211,122.38999938964844,124.5999984741211,4049400,Yahoo Finance daily
2018-11-28,us,CAT,,125.3000030517578,130.77999877929688,123.83999633789062,130.77000427246094,5745200,Yahoo Finance daily
2018-11-29,us,CAT,,130.8000030517578,130.91000366210938,127.58999633789062,130.22999572753906,4999600,Yahoo Finance daily
2018-11-30,us,CAT,,130.0500030517578,135.97000122070312,129.83999633789062,135.6699981689453,8458200,Yahoo Finance daily
2018-12-03,us,CAT,,141.8800048828125,142.41000366210938,138.52999877929688,138.9499969482422,9365800,Yahoo Finance daily
2018-12-04,us,CAT,,138.0800018310547,138.0800018310547,129.0399932861328,129.32000732421875,8113400,Yahoo Finance daily
2018-12-06,us,CAT,,125.22000122070312,128.69000244140625,124.0500030517578,128.3699951171875,6595200,Yahoo Finance daily
2018-12-07,us,CAT,,129.10000610351562,129.97999572753906,122.75,123.5500030517578,6413700,Yahoo Finance daily
2018-12-10,us,CAT,,122.41000366210938,124.37000274658205,121.16000366210938,123.38999938964844,5970900,Yahoo Finance daily
2018-12-11,us,CAT,,127.18000030517578,127.9800033569336,122.25,123.23999786376952,4449900,Yahoo Finance daily
2018-12-12,us,CAT,,125.73999786376952,127.97000122070312,125.0999984741211,125.37000274658205,5544100,Yahoo Finance daily
2018-12-13,us,CAT,,126.4499969482422,129.11000061035156,125.04000091552734,125.9000015258789,4544100,Yahoo Finance daily
2018-12-14,us,CAT,,123.41999816894533,127.73999786376952,123.1500015258789,126.7699966430664,4483300,Yahoo Finance daily
2018-12-17,us,CAT,,126.8000030517578,127.6500015258789,123.68000030517578,124.47000122070312,5662300,Yahoo Finance daily
2018-12-18,us,CAT,,125.87000274658205,128.75,123.5999984741211,124.2699966430664,5377900,Yahoo Finance daily
2018-12-19,us,CAT,,125.06999969482422,128.9499969482422,120.8000030517578,122.33000183105467,6416500,Yahoo Finance daily
2018-12-20,us,CAT,,121.73999786376952,124.54000091552734,120.76000213623048,121.5500030517578,7563500,Yahoo Finance daily
2018-12-21,us,CAT,,121.7300033569336,123.7300033569336,119.56999969482422,120.06999969482422,10034100,Yahoo Finance daily
2018-12-24,us,CAT,,118.16999816894533,119.58999633789062,116.66999816894533,116.9499969482422,2986600,Yahoo Finance daily
2018-12-26,us,CAT,,118.0,124.7699966430664,116.08999633789062,124.76000213623048,5093700,Yahoo Finance daily
2018-12-27,us,CAT,,121.8000030517578,126.69000244140624,120.93000030517578,126.66999816894533,4599000,Yahoo Finance daily
2018-12-28,us,CAT,,127.12999725341795,128.25,125.0500030517578,125.61000061035156,3813500,Yahoo Finance daily
2018-12-31,us,CAT,,126.5999984741211,128.11000061035156,124.5,127.06999969482422,3455200,Yahoo Finance daily
2019-01-02,us,CAT,,124.02999877929688,127.87999725341795,123.0,126.37999725341795,4783200,Yahoo Finance daily
2019-01-03,us,CAT,,125.30999755859376,125.5,120.44000244140624,121.51000213623048,6165800,Yahoo Finance daily
2019-01-04,us,CAT,,124.16999816894533,128.58999633789062,123.6999969482422,128.14999389648438,5456600,Yahoo Finance daily
2019-01-07,us,CAT,,128.58999633789062,129.60000610351562,126.6999969482422,128.22999572753906,4653400,Yahoo Finance daily
2019-01-08,us,CAT,,129.89999389648438,131.5,128.22999572753906,129.77000427246094,4202600,Yahoo Finance daily
2019-01-09,us,CAT,,131.08999633789062,132.22000122070312,129.91000366210938,130.27000427246094,4865600,Yahoo Finance daily
2019-01-10,us,CAT,,128.61000061035156,133.1199951171875,127.25,132.9600067138672,3418500,Yahoo Finance daily
2019-01-11,us,CAT,,131.0800018310547,132.32000732421875,130.0500030517578,132.10000610351562,2908600,Yahoo Finance daily
2019-01-14,us,CAT,,130.30999755859375,132.38999938964844,129.1300048828125,131.8000030517578,4482300,Yahoo Finance daily
2019-01-15,us,CAT,,132.11000061035156,133.11000061035156,129.55999755859375,130.69000244140625,3224100,Yahoo Finance daily
2019-01-16,us,CAT,,130.75999450683594,132.52000427246094,130.24000549316406,131.66000366210938,3636900,Yahoo Finance daily
2019-01-17,us,CAT,,130.47000122070312,135.89999389648438,129.16000366210938,134.5399932861328,6878500,Yahoo Finance daily
2019-01-18,us,CAT,,135.10000610351562,137.72000122070312,133.66000366210938,136.60000610351562,6122400,Yahoo Finance daily
2019-01-22,us,CAT,,134.92999267578125,134.94000244140625,131.1699981689453,132.24000549316406,5188700,Yahoo Finance daily
2019-01-23,us,CAT,,133.0399932861328,133.49000549316406,130.14999389648438,131.82000732421875,3123600,Yahoo Finance daily
2019-01-24,us,CAT,,131.41000366210938,132.99000549316406,131.1999969482422,132.72999572753906,3943600,Yahoo Finance daily
2019-01-25,us,CAT,,134.77000427246094,136.88999938964844,133.88999938964844,136.86000061035156,6417400,Yahoo Finance daily
2019-01-28,us,CAT,,126.98999786376952,127.8000030517578,123.1500015258789,124.37000274658205,17421400,Yahoo Finance daily
2019-01-29,us,CAT,,125.61000061035156,128.38999938964844,125.61000061035156,126.52999877929688,8550800,Yahoo Finance daily
2019-01-30,us,CAT,,127.93000030517578,131.35000610351562,126.30999755859376,130.11000061035156,7181600,Yahoo Finance daily
2019-01-31,us,CAT,,130.32000732421875,133.33999633789062,129.0399932861328,133.16000366210938,6643300,Yahoo Finance daily
2019-02-01,us,CAT,,133.02999877929688,133.86000061035156,130.11000061035156,130.91000366210938,5646700,Yahoo Finance daily
2019-02-04,us,CAT,,130.8800048828125,131.30999755859375,130.10000610351562,130.8800048828125,4541700,Yahoo Finance daily
2019-02-05,us,CAT,,130.6300048828125,132.10000610351562,130.60000610351562,132.0,3614500,Yahoo Finance daily
2019-02-06,us,CAT,,131.27000427246094,132.10000610351562,130.36000061035156,130.5399932861328,3098200,Yahoo Finance daily
2019-02-07,us,CAT,,129.2899932861328,130.44000244140625,127.36000061035156,128.77999877929688,3682100,Yahoo Finance daily
2019-02-08,us,CAT,,127.4800033569336,128.60000610351562,126.5500030517578,128.60000610351562,3135000,Yahoo Finance daily
2019-02-11,us,CAT,,128.9499969482422,130.07000732421875,128.69000244140625,128.92999267578125,2648100,Yahoo Finance daily
2019-02-12,us,CAT,,130.25999450683594,133.55999755859375,130.0,132.6699981689453,4505600,Yahoo Finance daily
2019-02-13,us,CAT,,134.1999969482422,134.30999755859375,132.4499969482422,133.10000610351562,3189600,Yahoo Finance daily
2019-02-14,us,CAT,,131.77999877929688,133.25,131.27000427246094,132.6199951171875,2877500,Yahoo Finance daily
2019-02-15,us,CAT,,134.10000610351562,136.25,133.67999267578125,136.1999969482422,5217500,Yahoo Finance daily
2019-02-19,us,CAT,,135.35000610351562,136.97999572753906,135.0,135.8000030517578,3881300,Yahoo Finance daily
2019-02-20,us,CAT,,136.38999938964844,140.69000244140625,136.33999633789062,140.30999755859375,6199000,Yahoo Finance daily
2019-02-21,us,CAT,,139.75,140.97999572753906,138.41000366210938,138.8800048828125,4051100,Yahoo Finance daily
2019-02-22,us,CAT,,138.77999877929688,139.69000244140625,137.92999267578125,138.67999267578125,3485000,Yahoo Finance daily
2019-02-25,us,CAT,,140.99000549316406,142.5500030517578,140.17999267578125,141.41000366210938,4444100,Yahoo Finance daily
2019-02-26,us,CAT,,136.52999877929688,139.02999877929688,135.27000427246094,137.97999572753906,7275600,Yahoo Finance daily
2019-02-27,us,CAT,,137.86000061035156,139.63999938964844,137.13999938964844,139.5800018310547,3441000,Yahoo Finance daily
2019-02-28,us,CAT,,138.5500030517578,139.0,137.13999938964844,137.33999633789062,4024000,Yahoo Finance daily
2019-03-01,us,CAT,,138.86000061035156,139.5,136.94000244140625,137.47000122070312,3811000,Yahoo Finance daily
2019-03-04,us,CAT,,138.8000030517578,139.77000427246094,137.10000610351562,138.35000610351562,3859800,Yahoo Finance daily
2019-03-05,us,CAT,,138.05999755859375,138.4600067138672,137.0,137.13999938964844,3122900,Yahoo Finance daily
2019-03-06,us,CAT,,137.5399932861328,137.66000366210938,134.72999572753906,134.8300018310547,3886000,Yahoo Finance daily
2019-03-07,us,CAT,,134.3800048828125,134.80999755859375,131.6199951171875,132.8000030517578,4290800,Yahoo Finance daily
2019-03-08,us,CAT,,130.5,132.1300048828125,130.22999572753906,131.35000610351562,4238000,Yahoo Finance daily
2019-03-11,us,CAT,,131.91000366210938,133.39999389648438,131.60000610351562,133.11000061035156,3914800,Yahoo Finance daily
2019-03-12,us,CAT,,133.24000549316406,133.3800048828125,131.9199981689453,132.47999572753906,4208800,Yahoo Finance daily
2019-03-13,us,CAT,,133.97999572753906,134.30999755859375,132.69000244140625,133.5,4285200,Yahoo Finance daily
2019-03-14,us,CAT,,132.83999633789062,134.07000732421875,132.02000427246094,133.69000244140625,3742200,Yahoo Finance daily
2019-03-15,us,CAT,,133.8699951171875,134.52999877929688,131.97999572753906,132.6699981689453,7049900,Yahoo Finance daily
2019-03-18,us,CAT,,132.6999969482422,134.1999969482422,132.52999877929688,134.10000610351562,4095400,Yahoo Finance daily
2019-03-19,us,CAT,,135.35000610351562,135.7100067138672,133.50999450683594,134.14999389648438,3315900,Yahoo Finance daily
2019-03-20,us,CAT,,133.8300018310547,134.14999389648438,132.05999755859375,133.00999450683594,3522100,Yahoo Finance daily
2019-03-21,us,CAT,,132.16000366210938,134.60000610351562,132.00999450683594,134.05999755859375,2635700,Yahoo Finance daily
2019-03-22,us,CAT,,132.99000549316406,133.3000030517578,129.49000549316406,129.77000427246094,5745800,Yahoo Finance daily
2019-03-25,us,CAT,,129.58999633789062,132.0,129.22999572753906,131.3800048828125,3199800,Yahoo Finance daily
2019-03-26,us,CAT,,132.69000244140625,133.55999755859375,131.1300048828125,131.83999633789062,2638200,Yahoo Finance daily
2019-03-27,us,CAT,,132.27000427246094,132.47000122070312,130.25,131.1999969482422,2378300,Yahoo Finance daily
2019-03-28,us,CAT,,131.89999389648438,132.8000030517578,131.16000366210938,132.3699951171875,2487200,Yahoo Finance daily
2019-03-29,us,CAT,,134.0,136.27999877929688,133.6199951171875,135.49000549316406,4681600,Yahoo Finance daily
2019-04-01,us,CAT,,137.69000244140625,140.3699951171875,136.32000732421875,140.25,5081500,Yahoo Finance daily
2019-04-02,us,CAT,,140.14999389648438,140.69000244140625,139.22999572753906,140.19000244140625,2529000,Yahoo Finance daily
2019-04-03,us,CAT,,139.85000610351562,140.5500030517578,138.41000366210938,139.25999450683594,4821800,Yahoo Finance daily
2019-04-04,us,CAT,,139.13999938964844,140.8699951171875,139.0,140.1300048828125,2988900,Yahoo Finance daily
2019-04-05,us,CAT,,141.10000610351562,141.14999389648438,139.9199981689453,140.36000061035156,2812300,Yahoo Finance daily
2019-04-08,us,CAT,,140.0,140.1199951171875,138.61000061035156,139.82000732421875,2497300,Yahoo Finance daily
2019-04-09,us,CAT,,138.64999389648438,138.91000366210938,136.07000732421875,136.35000610351562,3316500,Yahoo Finance daily
2019-04-10,us,CAT,,137.16000366210938,138.2100067138672,136.27999877929688,137.52999877929688,3310600,Yahoo Finance daily
2019-04-11,us,CAT,,137.58999633789062,139.58999633789062,136.97999572753906,138.8699951171875,2762900,Yahoo Finance daily
2019-04-12,us,CAT,,141.0,141.9199981689453,139.80999755859375,141.1999969482422,4383000,Yahoo Finance daily
2019-04-15,us,CAT,,141.6699981689453,142.42999267578125,139.6699981689453,140.25,3030200,Yahoo Finance daily
2019-04-16,us,CAT,,140.55999755859375,142.2100067138672,139.58999633789062,142.02999877929688,2672800,Yahoo Finance daily
2019-04-17,us,CAT,,143.0,144.5,142.4600067138672,142.74000549316406,3469400,Yahoo Finance daily
2019-04-18,us,CAT,,142.8000030517578,144.77000427246094,142.4199981689453,143.36000061035156,4504500,Yahoo Finance daily
2019-04-22,us,CAT,,142.9499969482422,143.17999267578125,141.42999267578125,142.3800048828125,3637500,Yahoo Finance daily
2019-04-23,us,CAT,,142.0,143.1300048828125,141.44000244140625,142.02999877929688,5930500,Yahoo Finance daily
2019-04-24,us,CAT,,139.75,140.3000030517578,136.55999755859375,137.72999572753906,8694400,Yahoo Finance daily
2019-04-25,us,CAT,,137.0500030517578,137.4600067138672,134.08999633789062,136.1300048828125,5094700,Yahoo Finance daily
2019-04-26,us,CAT,,136.55999755859375,139.02999877929688,135.88999938964844,139.02999877929688,5119200,Yahoo Finance daily
2019-04-29,us,CAT,,139.5,140.4499969482422,138.82000732421875,139.02000427246094,3374300,Yahoo Finance daily
2019-04-30,us,CAT,,139.99000549316406,140.0,137.5800018310547,139.4199981689453,3862000,Yahoo Finance daily
2019-05-01,us,CAT,,139.5800018310547,139.92999267578125,137.63999938964844,138.14999389648438,3652000,Yahoo Finance daily
2019-05-02,us,CAT,,138.52000427246094,138.5399932861328,134.3800048828125,135.1699981689453,5405700,Yahoo Finance daily
2019-05-03,us,CAT,,136.1199951171875,139.1999969482422,135.8000030517578,139.05999755859375,4154800,Yahoo Finance daily
2019-05-06,us,CAT,,134.77999877929688,137.49000549316406,134.30999755859375,136.75999450683594,4866500,Yahoo Finance daily
2019-05-07,us,CAT,,135.1999969482422,136.0,132.05999755859375,133.6699981689453,5622900,Yahoo Finance daily
2019-05-08,us,CAT,,133.02000427246094,134.4199981689453,131.7899932861328,131.9499969482422,4140500,Yahoo Finance daily
2019-05-09,us,CAT,,130.22000122070312,131.67999267578125,128.17999267578125,131.1999969482422,5906200,Yahoo Finance daily
2019-05-10,us,CAT,,130.52999877929688,131.72999572753906,127.91999816894533,131.33999633789062,5240600,Yahoo Finance daily
2019-05-13,us,CAT,,127.51000213623048,127.5199966430664,124.08000183105467,125.3000030517578,8580700,Yahoo Finance daily
2019-05-14,us,CAT,,126.5,128.55999755859375,125.6999969482422,127.47000122070312,4019100,Yahoo Finance daily
2019-05-15,us,CAT,,125.91000366210938,127.95999908447266,124.9800033569336,127.3000030517578,2875900,Yahoo Finance daily
2019-05-16,us,CAT,,128.42999267578125,128.52999877929688,126.41999816894533,126.61000061035156,4316600,Yahoo Finance daily
2019-05-17,us,CAT,,124.37999725341795,125.52999877929688,122.31999969482422,122.76000213623048,6122600,Yahoo Finance daily
2019-05-20,us,CAT,,121.55999755859376,123.02999877929688,121.30999755859376,122.43000030517578,6312500,Yahoo Finance daily
2019-05-21,us,CAT,,123.33000183105467,125.06999969482422,122.72000122070312,124.9499969482422,5492900,Yahoo Finance daily
2019-05-22,us,CAT,,124.25,125.44000244140624,123.5199966430664,123.55999755859376,4620400,Yahoo Finance daily
2019-05-23,us,CAT,,122.0999984741211,123.76000213623048,121.41000366210938,122.26000213623048,4964900,Yahoo Finance daily
2019-05-24,us,CAT,,123.5199966430664,124.08000183105467,122.20999908447266,122.9000015258789,3802500,Yahoo Finance daily
2019-05-28,us,CAT,,122.9000015258789,123.45999908447266,121.51000213623048,121.58999633789062,4889400,Yahoo Finance daily
2019-05-29,us,CAT,,120.5,122.83000183105467,120.26000213623048,121.4800033569336,5330000,Yahoo Finance daily
2019-05-30,us,CAT,,121.61000061035156,122.68000030517578,121.27999877929688,121.83999633789062,2878300,Yahoo Finance daily
2019-05-31,us,CAT,,119.79000091552734,120.75,118.73999786376952,119.80999755859376,4711500,Yahoo Finance daily
2019-06-03,us,CAT,,119.91000366210938,121.69000244140624,119.76000213623048,120.6500015258789,4161800,Yahoo Finance daily
2019-06-04,us,CAT,,121.80999755859376,122.7699966430664,120.75,122.08000183105467,4060400,Yahoo Finance daily
2019-06-05,us,CAT,,123.4000015258789,123.63999938964844,121.95999908447266,123.12000274658205,3598400,Yahoo Finance daily
2019-06-06,us,CAT,,123.0999984741211,123.9499969482422,122.2300033569336,123.38999938964844,3295700,Yahoo Finance daily
2019-06-07,us,CAT,,124.37999725341795,125.62999725341795,124.08000183105467,124.45999908447266,2547500,Yahoo Finance daily
2019-06-10,us,CAT,,125.47000122070312,127.27999877929688,125.23999786376952,125.73999786376952,3705000,Yahoo Finance daily
2019-06-11,us,CAT,,129.0,129.60000610351562,126.95999908447266,127.27999877929688,4516200,Yahoo Finance daily
2019-06-12,us,CAT,,126.75,127.5199966430664,126.08000183105467,127.0999984741211,3034600,Yahoo Finance daily
2019-06-13,us,CAT,,127.3499984741211,128.39999389648438,126.76000213623048,127.16999816894533,3495200,Yahoo Finance daily
2019-06-14,us,CAT,,126.61000061035156,127.6500015258789,125.5,127.2300033569336,2530100,Yahoo Finance daily
2019-06-17,us,CAT,,127.20999908447266,128.22999572753906,126.68000030517578,127.31999969482422,2607900,Yahoo Finance daily
2019-06-18,us,CAT,,128.39999389648438,131.35000610351562,128.2100067138672,130.3300018310547,4756100,Yahoo Finance daily
2019-06-19,us,CAT,,130.32000732421875,131.5399932861328,129.8699951171875,130.61000061035156,3847200,Yahoo Finance daily
2019-06-20,us,CAT,,132.89999389648438,133.8000030517578,131.50999450683594,133.6300048828125,3803600,Yahoo Finance daily
2019-06-21,us,CAT,,133.35000610351562,135.25,132.5500030517578,133.88999938964844,5742500,Yahoo Finance daily
2019-06-24,us,CAT,,133.63999938964844,134.9499969482422,133.5500030517578,134.3699951171875,3197700,Yahoo Finance daily
2019-06-25,us,CAT,,134.5800018310547,134.91000366210938,132.6300048828125,133.7100067138672,3751800,Yahoo Finance daily
2019-06-26,us,CAT,,134.25999450683594,135.64999389648438,134.17999267578125,135.14999389648438,3343700,Yahoo Finance daily
2019-06-27,us,CAT,,135.6999969482422,136.00999450683594,133.97000122070312,135.5,3594400,Yahoo Finance daily
2019-06-28,us,CAT,,136.0,137.27000427246094,136.0,136.2899932861328,10469400,Yahoo Finance daily
2019-07-01,us,CAT,,139.3000030517578,140.1699981689453,134.97000122070312,136.60000610351562,4834800,Yahoo Finance daily
2019-07-02,us,CAT,,136.60000610351562,136.99000549316406,135.07000732421875,135.85000610351562,3204900,Yahoo Finance daily
2019-07-03,us,CAT,,136.44000244140625,136.47999572753906,134.3300018310547,135.58999633789062,2538600,Yahoo Finance daily
2019-07-05,us,CAT,,134.42999267578125,135.58999633789062,133.22000122070312,135.49000549316406,3071800,Yahoo Finance daily
2019-07-08,us,CAT,,135.14999389648438,136.1300048828125,134.42999267578125,134.83999633789062,2742100,Yahoo Finance daily
2019-07-09,us,CAT,,134.11000061035156,134.44000244140625,133.35000610351562,134.2899932861328,2618700,Yahoo Finance daily
2019-07-10,us,CAT,,134.72999572753906,135.49000549316406,132.5500030517578,132.63999938964844,3933300,Yahoo Finance daily
2019-07-11,us,CAT,,133.1999969482422,134.00999450683594,132.58999633789062,133.9600067138672,3164200,Yahoo Finance daily
2019-07-12,us,CAT,,134.7100067138672,138.3800048828125,134.60000610351562,138.36000061035156,4149800,Yahoo Finance daily
2019-07-15,us,CAT,,138.3800048828125,139.99000549316406,138.25999450683594,139.63999938964844,4498700,Yahoo Finance daily
2019-07-16,us,CAT,,139.41000366210938,140.6199951171875,138.16000366210938,139.08999633789062,4051600,Yahoo Finance daily
2019-07-17,us,CAT,,138.1999969482422,138.50999450683594,135.72999572753906,135.72999572753906,3750200,Yahoo Finance daily
2019-07-18,us,CAT,,134.8699951171875,135.92999267578125,134.0399932861328,134.88999938964844,3548200,Yahoo Finance daily
2019-07-19,us,CAT,,134.22000122070312,137.0500030517578,134.22000122070312,136.22999572753906,4837100,Yahoo Finance daily
2019-07-22,us,CAT,,136.3699951171875,136.66000366210938,134.60000610351562,135.24000549316406,3267800,Yahoo Finance daily
2019-07-23,us,CAT,,135.92999267578125,138.22999572753906,135.52999877929688,138.10000610351562,4122200,Yahoo Finance daily
2019-07-24,us,CAT,,130.97999572753906,134.30999755859375,128.4499969482422,131.91000366210938,12664900,Yahoo Finance daily
2019-07-25,us,CAT,,131.0800018310547,134.89999389648438,131.00999450683594,134.7100067138672,4823200,Yahoo Finance daily
2019-07-26,us,CAT,,134.4499969482422,134.72999572753906,132.6300048828125,132.9199981689453,4238000,Yahoo Finance daily
2019-07-29,us,CAT,,133.49000549316406,134.64999389648438,132.85000610351562,134.4600067138672,2715600,Yahoo Finance daily
2019-07-30,us,CAT,,133.32000732421875,133.57000732421875,131.49000549316406,132.9499969482422,3257200,Yahoo Finance daily
2019-07-31,us,CAT,,132.89999389648438,134.3699951171875,131.00999450683594,131.6699981689453,4322000,Yahoo Finance daily
2019-08-01,us,CAT,,131.63999938964844,133.19000244140625,126.41999816894533,126.79000091552734,5530100,Yahoo Finance daily
2019-08-02,us,CAT,,126.5500030517578,126.8000030517578,123.5,124.54000091552734,5968600,Yahoo Finance daily
2019-08-05,us,CAT,,122.11000061035156,122.80999755859376,120.33000183105467,121.6500015258789,5482500,Yahoo Finance daily
2019-08-06,us,CAT,,122.77999877929688,123.6500015258789,120.63999938964844,122.08000183105467,3713900,Yahoo Finance daily
2019-08-07,us,CAT,,120.0,121.1999969482422,118.6500015258789,120.77999877929688,5048700,Yahoo Finance daily
2019-08-08,us,CAT,,121.0,122.0999984741211,120.37000274658205,122.0199966430664,3734800,Yahoo Finance daily
2019-08-09,us,CAT,,121.51000213623048,121.6999969482422,118.80999755859376,119.37999725341795,3805600,Yahoo Finance daily
2019-08-12,us,CAT,,118.9499969482422,119.02999877929688,116.06999969482422,116.72000122070312,4321500,Yahoo Finance daily
2019-08-13,us,CAT,,116.94000244140624,122.0,116.79000091552734,119.01000213623048,4331900,Yahoo Finance daily
2019-08-14,us,CAT,,116.58000183105467,116.9000015258789,115.04000091552734,115.20999908447266,5543100,Yahoo Finance daily
2019-08-15,us,CAT,,115.08000183105467,115.5999984741211,113.97000122070312,115.25,4171900,Yahoo Finance daily
2019-08-16,us,CAT,,116.25,117.87000274658205,115.91999816894533,116.43000030517578,3551900,Yahoo Finance daily
2019-08-19,us,CAT,,118.22000122070312,118.48999786376952,116.70999908447266,117.36000061035156,2630900,Yahoo Finance daily
2019-08-20,us,CAT,,117.58999633789062,117.79000091552734,116.47000122070312,116.66999816894533,2402000,Yahoo Finance daily
2019-08-21,us,CAT,,118.0,119.31999969482422,117.54000091552734,117.68000030517578,2783000,Yahoo Finance daily
2019-08-22,us,CAT,,118.33000183105467,118.94000244140624,117.22000122070312,117.88999938964844,2118200,Yahoo Finance daily
2019-08-23,us,CAT,,116.25,116.9000015258789,113.31999969482422,114.05999755859376,6102000,Yahoo Finance daily
2019-08-26,us,CAT,,115.05999755859376,115.66999816894533,113.83999633789062,114.41999816894533,5200400,Yahoo Finance daily
2019-08-27,us,CAT,,115.16000366210938,115.45999908447266,113.1500015258789,113.37999725341795,3160700,Yahoo Finance daily
2019-08-28,us,CAT,,112.86000061035156,114.9499969482422,111.75,114.86000061035156,3187900,Yahoo Finance daily
2019-08-29,us,CAT,,116.62000274658205,118.12999725341795,116.48999786376952,117.7699966430664,3442900,Yahoo Finance daily
2019-08-30,us,CAT,,119.0199966430664,119.58999633789062,118.4499969482422,119.0,2912000,Yahoo Finance daily
2019-09-03,us,CAT,,117.9000015258789,117.9000015258789,115.4000015258789,117.02999877929688,3780600,Yahoo Finance daily
2019-09-04,us,CAT,,118.41999816894533,119.23999786376952,118.26000213623048,119.0999984741211,3688400,Yahoo Finance daily
2019-09-05,us,CAT,,120.5,124.23999786376952,120.5,122.98999786376952,5355100,Yahoo Finance daily
2019-09-06,us,CAT,,123.70999908447266,124.33999633789062,122.45999908447266,122.6999969482422,3315700,Yahoo Finance daily
2019-09-09,us,CAT,,123.38999938964844,127.38999938964844,123.1999969482422,127.25,4433300,Yahoo Finance daily
2019-09-10,us,CAT,,127.26000213623048,130.2899932861328,127.22000122070312,130.2899932861328,8479700,Yahoo Finance daily
2019-09-11,us,CAT,,130.85000610351562,133.19000244140625,129.47000122070312,133.08999633789062,7592600,Yahoo Finance daily
2019-09-12,us,CAT,,132.0,132.69000244140625,130.07000732421875,131.75,5594600,Yahoo Finance daily
2019-09-13,us,CAT,,132.8000030517578,133.99000549316406,131.1300048828125,133.77999877929688,3704900,Yahoo Finance daily
2019-09-16,us,CAT,,132.99000549316406,133.8000030517578,131.99000549316406,133.14999389648438,2876500,Yahoo Finance daily
2019-09-17,us,CAT,,132.58999633789062,132.75999450683594,131.19000244140625,132.1699981689453,2888900,Yahoo Finance daily
2019-09-18,us,CAT,,131.6300048828125,132.22000122070312,129.72000122070312,131.07000732421875,3005700,Yahoo Finance daily
2019-09-19,us,CAT,,131.47000122070312,132.02999877929688,129.8699951171875,130.1199951171875,2725700,Yahoo Finance daily
2019-09-20,us,CAT,,130.00999450683594,130.99000549316406,127.87000274658205,128.16000366210938,6412300,Yahoo Finance daily
2019-09-23,us,CAT,,127.33999633789062,128.8800048828125,126.33999633789062,128.4199981689453,2723500,Yahoo Finance daily
2019-09-24,us,CAT,,128.74000549316406,129.0,125.56999969482422,125.98999786376952,3370700,Yahoo Finance daily
2019-09-25,us,CAT,,125.8499984741211,126.81999969482422,125.0199966430664,126.61000061035156,2354100,Yahoo Finance daily
2019-09-26,us,CAT,,126.79000091552734,126.91999816894533,125.6500015258789,126.38999938964844,2227400,Yahoo Finance daily
2019-09-27,us,CAT,,127.0,127.37999725341795,125.66000366210938,126.58999633789062,2214300,Yahoo Finance daily
2019-09-30,us,CAT,,126.33999633789062,127.0999984741211,125.87999725341795,126.30999755859376,2795300,Yahoo Finance daily
2019-10-01,us,CAT,,127.4000015258789,128.5,122.3000030517578,122.37000274658205,3718200,Yahoo Finance daily
2019-10-02,us,CAT,,121.1500015258789,121.8499984741211,119.33999633789062,119.95999908447266,4255800,Yahoo Finance daily
2019-10-03,us,CAT,,119.33999633789062,120.05999755859376,117.25,120.04000091552734,3110200,Yahoo Finance daily
2019-10-04,us,CAT,,119.72000122070312,121.1500015258789,119.3499984741211,121.04000091552734,2442300,Yahoo Finance daily
2019-10-07,us,CAT,,120.8499984741211,121.6999969482422,119.75,120.25,2334500,Yahoo Finance daily
2019-10-08,us,CAT,,118.79000091552734,119.1999969482422,117.69000244140624,117.97000122070312,3530000,Yahoo Finance daily
2019-10-09,us,CAT,,119.48999786376952,120.05999755859376,118.0,119.44000244140624,2557300,Yahoo Finance daily
2019-10-10,us,CAT,,120.04000091552734,123.02999877929688,119.76000213623048,122.69000244140624,3242900,Yahoo Finance daily
2019-10-11,us,CAT,,125.61000061035156,130.3800048828125,125.4000015258789,128.39999389648438,6747800,Yahoo Finance daily
2019-10-14,us,CAT,,126.80999755859376,128.55999755859375,126.01000213623048,128.3800048828125,2851500,Yahoo Finance daily
2019-10-15,us,CAT,,127.98999786376952,131.67999267578125,127.6500015258789,131.02999877929688,3289000,Yahoo Finance daily
2019-10-16,us,CAT,,131.0,132.80999755859375,130.11000061035156,130.19000244140625,3038300,Yahoo Finance daily
2019-10-17,us,CAT,,130.97000122070312,132.86000061035156,130.17999267578125,132.07000732421875,3418300,Yahoo Finance daily
2019-10-18,us,CAT,,130.14999389648438,132.02999877929688,129.99000549316406,130.7100067138672,4329200,Yahoo Finance daily
2019-10-21,us,CAT,,131.9499969482422,133.4499969482422,131.5,132.22999572753906,4225200,Yahoo Finance daily
2019-10-22,us,CAT,,132.58999633789062,134.25999450683594,130.94000244140625,133.69000244140625,4681600,Yahoo Finance daily
2019-10-23,us,CAT,,134.22999572753906,135.99000549316406,130.6999969482422,135.33999633789062,11295900,Yahoo Finance daily
2019-10-24,us,CAT,,135.08999633789062,135.2899932861328,132.3800048828125,133.85000610351562,3916200,Yahoo Finance daily
2019-10-25,us,CAT,,135.0,139.97999572753906,134.85000610351562,139.72999572753906,8319500,Yahoo Finance daily
2019-10-28,us,CAT,,139.97000122070312,141.6300048828125,138.8699951171875,140.05999755859375,6174000,Yahoo Finance daily
2019-10-29,us,CAT,,139.3800048828125,141.4499969482422,138.77000427246094,141.3300018310547,4427900,Yahoo Finance daily
2019-10-30,us,CAT,,141.0,141.0,139.61000061035156,140.33999633789062,3948100,Yahoo Finance daily
2019-10-31,us,CAT,,139.3699951171875,140.33999633789062,136.38999938964844,137.8000030517578,4037600,Yahoo Finance daily
2019-11-01,us,CAT,,139.3699951171875,144.61000061035156,139.22999572753906,144.49000549316406,6220200,Yahoo Finance daily
2019-11-04,us,CAT,,145.35000610351562,147.0,145.02000427246094,146.9199981689453,5437800,Yahoo Finance daily
2019-11-05,us,CAT,,146.86000061035156,148.0,145.6699981689453,146.3699951171875,4516700,Yahoo Finance daily
2019-11-06,us,CAT,,146.47000122070312,146.47000122070312,144.66000366210938,145.49000549316406,3736600,Yahoo Finance daily
2019-11-07,us,CAT,,147.38999938964844,148.41000366210938,146.75,147.00999450683594,3816700,Yahoo Finance daily
2019-11-08,us,CAT,,146.66000366210938,148.17999267578125,145.8000030517578,148.16000366210938,2776600,Yahoo Finance daily
2019-11-11,us,CAT,,146.74000549316406,148.14999389648438,146.61000061035156,148.0,2205100,Yahoo Finance daily
2019-11-12,us,CAT,,148.11000061035156,148.47000122070312,146.02000427246094,146.33999633789062,2843100,Yahoo Finance daily
2019-11-13,us,CAT,,144.36000061035156,145.86000061035156,143.69000244140625,144.49000549316406,3194400,Yahoo Finance daily
2019-11-14,us,CAT,,144.2100067138672,145.33999633789062,143.2100067138672,143.44000244140625,2581700,Yahoo Finance daily
2019-11-15,us,CAT,,144.55999755859375,145.8800048828125,144.50999450683594,145.30999755859375,2827400,Yahoo Finance daily
2019-11-18,us,CAT,,144.24000549316406,144.77999877929688,143.02000427246094,143.58999633789062,2638600,Yahoo Finance daily
2019-11-19,us,CAT,,144.35000610351562,144.75999450683594,142.75999450683594,143.17999267578125,2085100,Yahoo Finance daily
2019-11-20,us,CAT,,142.4499969482422,142.6999969482422,140.10000610351562,141.52000427246094,3484700,Yahoo Finance daily
2019-11-21,us,CAT,,141.5500030517578,143.94000244140625,140.9499969482422,143.36000061035156,3297700,Yahoo Finance daily
2019-11-22,us,CAT,,143.9199981689453,144.4600067138672,143.02999877929688,143.8800048828125,2258300,Yahoo Finance daily
2019-11-25,us,CAT,,144.75,146.57000732421875,143.8000030517578,146.4199981689453,3085200,Yahoo Finance daily
2019-11-26,us,CAT,,146.39999389648438,146.64999389648438,145.49000549316406,146.08999633789062,2468100,Yahoo Finance daily
2019-11-27,us,CAT,,145.02000427246094,145.72000122070312,143.6999969482422,145.69000244140625,2660200,Yahoo Finance daily
2019-11-29,us,CAT,,144.19000244140625,145.4600067138672,143.7899932861328,144.72999572753906,1652500,Yahoo Finance daily
2019-12-02,us,CAT,,145.1999969482422,146.0399932861328,142.83999633789062,142.9600067138672,2896200,Yahoo Finance daily
2019-12-03,us,CAT,,140.0500030517578,140.42999267578125,138.55999755859375,140.05999755859375,3839600,Yahoo Finance daily
2019-12-04,us,CAT,,140.97999572753906,142.27999877929688,140.0,140.1199951171875,2484600,Yahoo Finance daily
2019-12-05,us,CAT,,140.5800018310547,141.1199951171875,139.52999877929688,141.0500030517578,2277700,Yahoo Finance daily
2019-12-06,us,CAT,,142.91000366210938,143.4199981689453,142.1699981689453,142.72000122070312,2271400,Yahoo Finance daily
2019-12-09,us,CAT,,142.97000122070312,143.27999877929688,142.3699951171875,142.8300018310547,1585100,Yahoo Finance daily
2019-12-10,us,CAT,,142.69000244140625,143.58999633789062,141.75,142.8699951171875,1888900,Yahoo Finance daily
2019-12-11,us,CAT,,143.77000427246094,144.6199951171875,143.2899932861328,144.0,2265700,Yahoo Finance daily
2019-12-12,us,CAT,,143.5399932861328,147.39999389648438,143.0,146.77999877929688,3714100,Yahoo Finance daily
2019-12-13,us,CAT,,146.8000030517578,148.39999389648438,145.14999389648438,145.52999877929688,3311700,Yahoo Finance daily
2019-12-16,us,CAT,,147.7100067138672,148.3000030517578,145.22999572753906,145.36000061035156,2414800,Yahoo Finance daily
2019-12-17,us,CAT,,145.5,146.99000549316406,145.4600067138672,146.3699951171875,2850800,Yahoo Finance daily
2019-12-18,us,CAT,,146.5,147.3000030517578,145.60000610351562,147.1199951171875,2629500,Yahoo Finance daily
2019-12-19,us,CAT,,146.97999572753906,146.97999572753906,144.3000030517578,145.02000427246094,3576800,Yahoo Finance daily
2019-12-20,us,CAT,,147.3800048828125,147.77000427246094,145.24000549316406,147.57000732421875,6805400,Yahoo Finance daily
2019-12-23,us,CAT,,147.67999267578125,148.52999877929688,146.77999877929688,148.5,2346500,Yahoo Finance daily
2019-12-24,us,CAT,,148.6999969482422,148.8000030517578,147.2899932861328,147.47999572753906,966200,Yahoo Finance daily
2019-12-26,us,CAT,,147.89999389648438,148.22999572753906,146.99000549316406,148.22000122070312,1576900,Yahoo Finance daily
2019-12-27,us,CAT,,148.63999938964844,148.92999267578125,147.99000549316406,148.27999877929688,1544500,Yahoo Finance daily
2019-12-30,us,CAT,,148.4199981689453,148.47000122070312,147.00999450683594,147.52000427246094,1789200,Yahoo Finance daily
2019-12-31,us,CAT,,147.42999267578125,148.22999572753906,146.7899932861328,147.67999267578125,1952500,Yahoo Finance daily
2020-01-02,us,CAT,,149.0,150.5500030517578,147.97999572753906,150.52999877929688,3311900,Yahoo Finance daily
2020-01-03,us,CAT,,148.77000427246094,149.9600067138672,147.4499969482422,148.44000244140625,3100600,Yahoo Finance daily
2020-01-06,us,CAT,,147.27000427246094,148.55999755859375,146.5399932861328,148.33999633789062,2549600,Yahoo Finance daily
2020-01-07,us,CAT,,147.35000610351562,147.57000732421875,145.50999450683594,146.3800048828125,2841900,Yahoo Finance daily
2020-01-08,us,CAT,,146.8300018310547,148.57000732421875,146.4600067138672,147.67999267578125,2153200,Yahoo Finance daily
2020-01-09,us,CAT,,147.80999755859375,147.97000122070312,146.50999450683594,147.30999755859375,2272500,Yahoo Finance daily
2020-01-10,us,CAT,,147.4499969482422,147.72000122070312,145.8300018310547,146.1300048828125,2393700,Yahoo Finance daily
2020-01-13,us,CAT,,146.52999877929688,146.8300018310547,145.5500030517578,146.82000732421875,3355200,Yahoo Finance daily
2020-01-14,us,CAT,,147.4499969482422,147.97999572753906,146.30999755859375,146.67999267578125,2742200,Yahoo Finance daily
2020-01-15,us,CAT,,146.22000122070312,146.74000549316406,145.1999969482422,145.57000732421875,2640500,Yahoo Finance daily
2020-01-16,us,CAT,,146.42999267578125,147.92999267578125,146.24000549316406,147.8699951171875,3070900,Yahoo Finance daily
2020-01-17,us,CAT,,147.2100067138672,148.27000427246094,146.60000610351562,147.77999877929688,3331500,Yahoo Finance daily
2020-01-21,us,CAT,,147.1999969482422,147.8699951171875,145.69000244140625,145.85000610351562,2476700,Yahoo Finance daily
2020-01-22,us,CAT,,146.25,146.55999755859375,142.52000427246094,142.6300048828125,3602400,Yahoo Finance daily
2020-01-23,us,CAT,,141.80999755859375,143.2100067138672,139.8000030517578,142.75,3182700,Yahoo Finance daily
2020-01-24,us,CAT,,142.5500030517578,142.6999969482422,139.25999450683594,140.3800048828125,2526200,Yahoo Finance daily
2020-01-27,us,CAT,,136.89999389648438,137.80999755859375,135.57000732421875,135.72999572753906,2920500,Yahoo Finance daily
2020-01-28,us,CAT,,137.02000427246094,137.60000610351562,135.6199951171875,136.74000549316406,2763800,Yahoo Finance daily
2020-01-29,us,CAT,,137.58999633789062,137.75999450683594,135.6699981689453,135.77999877929688,2620000,Yahoo Finance daily
2020-01-30,us,CAT,,134.75999450683594,135.97000122070312,132.91000366210938,135.3699951171875,3862600,Yahoo Finance daily
2020-01-31,us,CAT,,133.82000732421875,134.99000549316406,130.5399932861328,131.35000610351562,6785700,Yahoo Finance daily
2020-02-03,us,CAT,,131.44000244140625,133.16000366210938,129.3000030517578,129.77000427246094,4385300,Yahoo Finance daily
2020-02-04,us,CAT,,133.0,134.77999877929688,132.67999267578125,133.50999450683594,3501600,Yahoo Finance daily
2020-02-05,us,CAT,,135.5500030517578,137.47000122070312,135.44000244140625,137.44000244140625,4448100,Yahoo Finance daily
2020-02-06,us,CAT,,138.1999969482422,138.3300018310547,136.1300048828125,137.25,2283800,Yahoo Finance daily
2020-02-07,us,CAT,,136.0399932861328,136.49000549316406,133.0,133.3699951171875,3812300,Yahoo Finance daily
2020-02-10,us,CAT,,133.0399932861328,134.3300018310547,132.77999877929688,134.32000732421875,2331600,Yahoo Finance daily
2020-02-11,us,CAT,,135.49000549316406,137.22999572753906,135.05999755859375,136.19000244140625,2381900,Yahoo Finance daily
2020-02-12,us,CAT,,138.39999389648438,139.94000244140625,138.08999633789062,139.58999633789062,3222000,Yahoo Finance daily
2020-02-13,us,CAT,,140.0,140.5,138.42999267578125,139.72000122070312,3318800,Yahoo Finance daily
2020-02-14,us,CAT,,139.49000549316406,139.6199951171875,136.88999938964844,137.99000549316406,2813400,Yahoo Finance daily
2020-02-18,us,CAT,,137.4600067138672,138.57000732421875,135.0800018310547,136.5800018310547,3869700,Yahoo Finance daily
2020-02-19,us,CAT,,136.7899932861328,137.2100067138672,136.05999755859375,136.86000061035156,2134900,Yahoo Finance daily
2020-02-20,us,CAT,,136.25999450683594,138.88999938964844,136.1999969482422,136.92999267578125,2678200,Yahoo Finance daily
2020-02-21,us,CAT,,136.5,137.44000244140625,135.11000061035156,137.2100067138672,2855600,Yahoo Finance daily
2020-02-24,us,CAT,,132.52999877929688,133.86000061035156,132.0500030517578,132.1699981689453,4964800,Yahoo Finance daily
2020-02-25,us,CAT,,132.97000122070312,133.13999938964844,128.25,129.0,4840200,Yahoo Finance daily
2020-02-26,us,CAT,,129.64999389648438,130.99000549316406,127.5500030517578,128.25,3902500,Yahoo Finance daily
2020-02-27,us,CAT,,125.5999984741211,128.52999877929688,123.22000122070312,123.2699966430664,7369000,Yahoo Finance daily
2020-02-28,us,CAT,,119.56999969482422,124.23999786376952,119.02999877929688,124.23999786376952,8300700,Yahoo Finance daily
2020-03-02,us,CAT,,125.0500030517578,127.87999725341795,123.01000213623048,127.5999984741211,6100200,Yahoo Finance daily
2020-03-03,us,CAT,,127.0,129.55999755859375,123.77999877929688,124.37999725341795,6358100,Yahoo Finance daily
2020-03-04,us,CAT,,126.06999969482422,127.44000244140624,124.30999755859376,127.4000015258789,5074700,Yahoo Finance daily
2020-03-05,us,CAT,,123.1500015258789,124.8499984741211,121.23999786376952,121.97000122070312,6015300,Yahoo Finance daily
2020-03-06,us,CAT,,119.0,121.8499984741211,118.83000183105467,121.41000366210938,5767900,Yahoo Finance daily
2020-03-09,us,CAT,,112.98999786376952,112.98999786376952,104.02999877929688,104.06999969482422,8636200,Yahoo Finance daily
2020-03-10,us,CAT,,108.63999938964844,109.05999755859376,99.11000061035156,106.48999786376952,8293200,Yahoo Finance daily
2020-03-11,us,CAT,,103.8000030517578,104.75,100.06999969482422,100.69000244140624,6543600,Yahoo Finance daily
2020-03-12,us,CAT,,93.5,94.27999877929688,87.5,92.26000213623048,10285900,Yahoo Finance daily
2020-03-13,us,CAT,,98.38999938964844,99.91000366210938,90.13999938964844,99.63999938964844,8718600,Yahoo Finance daily
2020-03-16,us,CAT,,89.0,105.8499984741211,88.5,93.41000366210938,9899000,Yahoo Finance daily
2020-03-17,us,CAT,,96.01000213623048,100.44000244140624,92.97000122070312,100.1999969482422,7206100,Yahoo Finance daily
2020-03-18,us,CAT,,93.98999786376952,102.9499969482422,93.11000061035156,100.12000274658205,6995100,Yahoo Finance daily
2020-03-19,us,CAT,,99.2300033569336,104.4000015258789,97.25,103.01000213623048,6870800,Yahoo Finance daily
2020-03-20,us,CAT,,103.12000274658205,103.98999786376952,94.16000366210938,95.5,7650300,Yahoo Finance daily
2020-03-23,us,CAT,,93.9000015258789,96.23999786376952,90.63999938964844,91.8499984741211,6737500,Yahoo Finance daily
2020-03-24,us,CAT,,96.05999755859376,102.02999877929688,95.16999816894533,101.33999633789062,7417100,Yahoo Finance daily
2020-03-25,us,CAT,,101.16999816894533,108.5,98.5,104.66999816894533,6578100,Yahoo Finance daily
2020-03-26,us,CAT,,104.8499984741211,110.97000122070312,102.88999938964844,110.5,6059600,Yahoo Finance daily
2020-03-27,us,CAT,,104.43000030517578,109.63999938964844,103.4000015258789,105.44000244140624,5746500,Yahoo Finance daily
2020-03-30,us,CAT,,106.33000183105467,112.83999633789062,104.93000030517578,111.70999908447266,5725600,Yahoo Finance daily
2020-03-31,us,CAT,,110.7300033569336,116.91000366210938,110.26000213623048,116.04000091552734,8970800,Yahoo Finance daily
2020-04-01,us,CAT,,112.08999633789062,116.75,109.5,111.3499984741211,6847000,Yahoo Finance daily
2020-04-02,us,CAT,,111.2300033569336,118.5199966430664,111.12999725341795,116.73999786376952,8106500,Yahoo Finance daily
2020-04-03,us,CAT,,115.5,116.83999633789062,112.12000274658205,114.66999816894533,5036400,Yahoo Finance daily
2020-04-06,us,CAT,,120.04000091552734,121.7300033569336,118.12999725341795,120.43000030517578,5785600,Yahoo Finance daily
2020-04-07,us,CAT,,122.88999938964844,128.8000030517578,120.51000213623048,121.91999816894533,8489900,Yahoo Finance daily
2020-04-08,us,CAT,,122.98999786376952,128.17999267578125,121.04000091552734,127.4000015258789,4686100,Yahoo Finance daily
2020-04-09,us,CAT,,128.64999389648438,129.60000610351562,123.1500015258789,125.02999877929688,4752100,Yahoo Finance daily
2020-04-13,us,CAT,,119.9499969482422,120.0500030517578,113.58000183105467,114.13999938964844,10519600,Yahoo Finance daily
2020-04-14,us,CAT,,116.5,117.83999633789062,114.51000213623048,116.4800033569336,7166300,Yahoo Finance daily
2020-04-15,us,CAT,,112.95999908447266,113.0999984741211,109.8000030517578,111.52999877929688,5652800,Yahoo Finance daily
2020-04-16,us,CAT,,111.8499984741211,113.47000122070312,108.86000061035156,113.22000122070312,5926400,Yahoo Finance daily
2020-04-17,us,CAT,,114.4499969482422,116.54000091552734,113.8499984741211,116.3000030517578,4132300,Yahoo Finance daily
2020-04-20,us,CAT,,114.44000244140624,117.06999969482422,112.12000274658205,114.5999984741211,4083800,Yahoo Finance daily
2020-04-21,us,CAT,,111.04000091552734,111.04000091552734,108.5999984741211,109.8499984741211,5743300,Yahoo Finance daily
2020-04-22,us,CAT,,112.02999877929688,112.0999984741211,109.20999908447266,110.63999938964844,3794000,Yahoo Finance daily
2020-04-23,us,CAT,,111.33000183105467,115.2300033569336,110.9499969482422,112.91000366210938,3545400,Yahoo Finance daily
2020-04-24,us,CAT,,113.98999786376952,114.37999725341795,111.20999908447266,114.04000091552734,3045300,Yahoo Finance daily
2020-04-27,us,CAT,,110.8499984741211,116.12999725341795,109.7300033569336,115.1999969482422,5344800,Yahoo Finance daily
2020-04-28,us,CAT,,117.86000061035156,118.0,113.37000274658205,115.45999908447266,5604600,Yahoo Finance daily
2020-04-29,us,CAT,,116.95999908447266,120.81999969482422,116.52999877929688,120.05999755859376,4261100,Yahoo Finance daily
2020-04-30,us,CAT,,118.0,118.25,115.33000183105467,116.37999725341795,4040500,Yahoo Finance daily
2020-05-01,us,CAT,,114.0,114.58999633789062,110.56999969482422,110.87999725341795,3960400,Yahoo Finance daily
2020-05-04,us,CAT,,110.0199966430664,110.27999877929688,106.58000183105467,107.72000122070312,4500700,Yahoo Finance daily
2020-05-05,us,CAT,,109.23999786376952,111.08999633789062,108.73999786376952,108.91000366210938,3477400,Yahoo Finance daily
2020-05-06,us,CAT,,110.02999877929688,110.23999786376952,106.6999969482422,107.66999816894533,4465300,Yahoo Finance daily
2020-05-07,us,CAT,,109.0199966430664,110.0500030517578,106.77999877929688,107.29000091552734,4377900,Yahoo Finance daily
2020-05-08,us,CAT,,108.97000122070312,112.1999969482422,108.3000030517578,112.11000061035156,3911300,Yahoo Finance daily
2020-05-11,us,CAT,,110.16000366210938,110.7699966430664,108.18000030517578,108.61000061035156,4207300,Yahoo Finance daily
2020-05-12,us,CAT,,109.11000061035156,109.33000183105467,105.0,105.0,3874100,Yahoo Finance daily
2020-05-13,us,CAT,,105.13999938964844,105.29000091552734,102.5500030517578,104.4800033569336,5376100,Yahoo Finance daily
2020-05-14,us,CAT,,102.5,106.27999877929688,100.22000122070312,106.19000244140624,5542400,Yahoo Finance daily
2020-05-15,us,CAT,,105.18000030517578,107.98999786376952,104.27999877929688,107.91999816894533,6583100,Yahoo Finance daily
2020-05-18,us,CAT,,112.22000122070312,115.66000366210938,112.01000213623048,115.0199966430664,5603500,Yahoo Finance daily
2020-05-19,us,CAT,,114.9499969482422,115.44000244140624,112.01000213623048,112.08000183105467,3404900,Yahoo Finance daily
2020-05-20,us,CAT,,113.30999755859376,117.4800033569336,113.0500030517578,115.69000244140624,3735700,Yahoo Finance daily
2020-05-21,us,CAT,,114.9499969482422,115.68000030517578,113.81999969482422,114.05999755859376,2342300,Yahoo Finance daily
2020-05-22,us,CAT,,114.12999725341795,114.16000366210938,111.47000122070312,112.47000122070312,2735100,Yahoo Finance daily
2020-05-26,us,CAT,,115.9800033569336,118.55999755859376,115.9800033569336,117.41000366210938,4185100,Yahoo Finance daily
2020-05-27,us,CAT,,119.72000122070312,122.48999786376952,119.52999877929688,122.41999816894533,4462700,Yahoo Finance daily
2020-05-28,us,CAT,,124.75,124.83000183105467,120.27999877929688,120.73999786376952,3743700,Yahoo Finance daily
2020-05-29,us,CAT,,119.62999725341795,120.70999908447266,117.56999969482422,120.12999725341795,4219000,Yahoo Finance daily
2020-06-01,us,CAT,,119.86000061035156,121.1999969482422,117.61000061035156,120.5,2131300,Yahoo Finance daily
2020-06-02,us,CAT,,121.83999633789062,123.81999969482422,121.27999877929688,123.31999969482422,2977500,Yahoo Finance daily
2020-06-03,us,CAT,,125.4499969482422,127.3499984741211,125.01000213623048,127.08999633789062,3712600,Yahoo Finance daily
2020-06-04,us,CAT,,125.41000366210938,129.02999877929688,124.73999786376952,128.9600067138672,3076700,Yahoo Finance daily
2020-06-05,us,CAT,,137.85000610351562,139.3699951171875,133.38999938964844,135.1199951171875,5591900,Yahoo Finance daily
2020-06-08,us,CAT,,135.32000732421875,139.94000244140625,135.32000732421875,137.72000122070312,4139200,Yahoo Finance daily
2020-06-09,us,CAT,,135.02000427246094,135.41000366210938,133.2100067138672,134.19000244140625,3819600,Yahoo Finance daily
2020-06-10,us,CAT,,133.72000122070312,135.3800048828125,130.55999755859375,132.44000244140625,4018700,Yahoo Finance daily
2020-06-11,us,CAT,,126.41000366210938,126.83999633789062,121.5199966430664,121.5500030517578,5969300,Yahoo Finance daily
2020-06-12,us,CAT,,124.4000015258789,125.16999816894533,119.3499984741211,123.1500015258789,4492700,Yahoo Finance daily
2020-06-15,us,CAT,,118.51000213623048,124.37999725341795,118.01000213623048,123.61000061035156,4093100,Yahoo Finance daily
2020-06-16,us,CAT,,131.3699951171875,132.44000244140625,126.38999938964844,130.11000061035156,6892400,Yahoo Finance daily
2020-06-17,us,CAT,,130.16000366210938,130.47000122070312,127.76000213623048,128.22999572753906,3228100,Yahoo Finance daily
2020-06-18,us,CAT,,127.13999938964844,128.97999572753906,126.6999969482422,127.58999633789062,2467700,Yahoo Finance daily
2020-06-19,us,CAT,,130.0,130.0,125.7300033569336,127.45999908447266,6488000,Yahoo Finance daily
2020-06-22,us,CAT,,126.36000061035156,126.4800033569336,124.5999984741211,125.79000091552734,2806300,Yahoo Finance daily
2020-06-23,us,CAT,,127.38999938964844,127.56999969482422,125.83000183105467,126.25,2357100,Yahoo Finance daily
2020-06-24,us,CAT,,124.79000091552734,124.83999633789062,121.83000183105467,122.05999755859376,3766500,Yahoo Finance daily
2020-06-25,us,CAT,,121.61000061035156,124.83000183105467,120.8000030517578,124.70999908447266,2903400,Yahoo Finance daily
2020-06-26,us,CAT,,124.33000183105467,124.44000244140624,121.4499969482422,122.38999938964844,3645800,Yahoo Finance daily
2020-06-29,us,CAT,,123.72000122070312,126.04000091552734,123.27999877929688,125.25,2798700,Yahoo Finance daily
2020-06-30,us,CAT,,124.01000213623048,127.05999755859376,124.01000213623048,126.5,2778800,Yahoo Finance daily
2020-07-01,us,CAT,,129.3800048828125,129.39999389648438,125.87999725341795,126.05999755859376,2807800,Yahoo Finance daily
2020-07-02,us,CAT,,128.25,130.33999633789062,127.19000244140624,127.72000122070312,2527500,Yahoo Finance daily
2020-07-06,us,CAT,,130.1300048828125,130.5,128.1699981689453,129.42999267578125,2491900,Yahoo Finance daily
2020-07-07,us,CAT,,127.73999786376952,128.75,126.8000030517578,127.1999969482422,2018100,Yahoo Finance daily
2020-07-08,us,CAT,,129.3300018310547,129.3300018310547,126.47000122070312,128.1300048828125,2279500,Yahoo Finance daily
2020-07-09,us,CAT,,127.54000091552734,128.35000610351562,125.12000274658205,125.7300033569336,2663500,Yahoo Finance daily
2020-07-10,us,CAT,,125.97000122070312,128.22999572753906,125.81999969482422,128.00999450683594,2691400,Yahoo Finance daily
2020-07-13,us,CAT,,129.4199981689453,132.08999633789062,128.85000610351562,130.57000732421875,3708400,Yahoo Finance daily
2020-07-14,us,CAT,,130.32000732421875,137.30999755859375,129.22999572753906,136.8800048828125,6540800,Yahoo Finance daily
2020-07-15,us,CAT,,140.1699981689453,140.1699981689453,137.11000061035156,138.36000061035156,4915200,Yahoo Finance daily
2020-07-16,us,CAT,,138.3000030517578,140.99000549316406,137.60000610351562,138.55999755859375,3621500,Yahoo Finance daily
2020-07-17,us,CAT,,137.8699951171875,138.42999267578125,136.52999877929688,136.89999389648438,2458200,Yahoo Finance daily
2020-07-20,us,CAT,,135.75999450683594,136.9499969482422,134.25999450683594,134.6300048828125,2478000,Yahoo Finance daily
2020-07-21,us,CAT,,134.77000427246094,137.17999267578125,134.42999267578125,135.8699951171875,3221100,Yahoo Finance daily
2020-07-22,us,CAT,,135.25,137.8699951171875,135.19000244140625,136.97999572753906,2156800,Yahoo Finance daily
2020-07-23,us,CAT,,136.89999389648438,137.52000427246094,135.7100067138672,136.60000610351562,1613700,Yahoo Finance daily
2020-07-24,us,CAT,,137.1999969482422,138.69000244140625,136.85000610351562,137.5800018310547,2036300,Yahoo Finance daily
2020-07-27,us,CAT,,137.14999389648438,140.33999633789062,137.05999755859375,139.88999938964844,2506900,Yahoo Finance daily
2020-07-28,us,CAT,,138.94000244140625,139.99000549316406,137.9199981689453,138.02999877929688,2029900,Yahoo Finance daily
2020-07-29,us,CAT,,138.5800018310547,141.0800018310547,137.8000030517578,140.52999877929688,2338300,Yahoo Finance daily
2020-07-30,us,CAT,,139.0800018310547,139.10000610351562,135.97000122070312,136.72999572753906,3063500,Yahoo Finance daily
2020-07-31,us,CAT,,132.42999267578125,135.14999389648438,130.2100067138672,132.8800048828125,6780900,Yahoo Finance daily
2020-08-03,us,CAT,,132.3000030517578,133.0,131.10000610351562,131.77999877929688,2851100,Yahoo Finance daily
2020-08-04,us,CAT,,131.3699951171875,132.44000244140625,130.6699981689453,131.52000427246094,2301800,Yahoo Finance daily
2020-08-05,us,CAT,,132.77999877929688,135.94000244140625,132.61000061035156,134.97000122070312,2767800,Yahoo Finance daily
2020-08-06,us,CAT,,134.52000427246094,135.2100067138672,133.6999969482422,134.38999938964844,2446400,Yahoo Finance daily
2020-08-07,us,CAT,,134.0,135.11000061035156,132.52000427246094,134.9199981689453,2223700,Yahoo Finance daily
2020-08-10,us,CAT,,135.72999572753906,142.16000366210938,135.67999267578125,142.02000427246094,5181600,Yahoo Finance daily
2020-08-11,us,CAT,,144.02000427246094,146.1999969482422,142.2899932861328,142.52999877929688,4206000,Yahoo Finance daily
2020-08-12,us,CAT,,143.9499969482422,144.1699981689453,141.3300018310547,142.57000732421875,2541200,Yahoo Finance daily
2020-08-13,us,CAT,,141.60000610351562,142.74000549316406,139.77000427246094,140.6699981689453,2939900,Yahoo Finance daily
2020-08-14,us,CAT,,139.4499969482422,140.88999938964844,138.77000427246094,139.9600067138672,2038500,Yahoo Finance daily
2020-08-17,us,CAT,,140.14999389648438,140.60000610351562,138.3000030517578,138.72000122070312,2284000,Yahoo Finance daily
2020-08-18,us,CAT,,138.9499969482422,140.11000061035156,138.0800018310547,138.3699951171875,1563200,Yahoo Finance daily
2020-08-19,us,CAT,,138.5,139.9199981689453,137.4600067138672,138.02000427246094,1849500,Yahoo Finance daily
2020-08-20,us,CAT,,136.02000427246094,137.97999572753906,135.64999389648438,137.47999572753906,2279700,Yahoo Finance daily
2020-08-21,us,CAT,,136.8000030517578,139.0,136.8000030517578,138.42999267578125,2524600,Yahoo Finance daily
2020-08-24,us,CAT,,139.75999450683594,142.25,139.0800018310547,141.67999267578125,2921700,Yahoo Finance daily
2020-08-25,us,CAT,,142.6699981689453,144.92999267578125,140.5399932861328,141.14999389648438,2467500,Yahoo Finance daily
2020-08-26,us,CAT,,140.47999572753906,142.44000244140625,139.80999755859375,141.8300018310547,2379900,Yahoo Finance daily
2020-08-27,us,CAT,,142.1300048828125,144.33999633789062,141.27999877929688,143.3699951171875,3010300,Yahoo Finance daily
2020-08-28,us,CAT,,144.27999877929688,145.85000610351562,142.69000244140625,143.6300048828125,3698700,Yahoo Finance daily
2020-08-31,us,CAT,,143.5,143.60000610351562,142.27000427246094,142.30999755859375,2886500,Yahoo Finance daily
2020-09-01,us,CAT,,141.6699981689453,146.1199951171875,140.91000366210938,146.0500030517578,2673900,Yahoo Finance daily
2020-09-02,us,CAT,,146.8699951171875,149.5500030517578,146.39999389648438,149.27000427246094,4515500,Yahoo Finance daily
2020-09-03,us,CAT,,148.58999633789062,151.1999969482422,145.3000030517578,146.75999450683594,4479100,Yahoo Finance daily
2020-09-04,us,CAT,,148.6999969482422,150.77999877929688,146.0399932861328,148.17999267578125,5129400,Yahoo Finance daily
2020-09-08,us,CAT,,147.0,150.75999450683594,145.72000122070312,148.52000427246094,4775200,Yahoo Finance daily
2020-09-09,us,CAT,,149.8000030517578,155.47999572753906,149.2100067138672,152.69000244140625,5345100,Yahoo Finance daily
2020-09-10,us,CAT,,152.00999450683594,153.25,148.75,149.86000061035156,4387000,Yahoo Finance daily
2020-09-11,us,CAT,,150.47999572753906,154.39999389648438,150.24000549316406,153.8300018310547,3237100,Yahoo Finance daily
2020-09-14,us,CAT,,154.0,154.8000030517578,152.2100067138672,153.50999450683594,2569300,Yahoo Finance daily
2020-09-15,us,CAT,,154.1999969482422,154.47000122070312,148.36000061035156,148.60000610351562,4092400,Yahoo Finance daily
2020-09-16,us,CAT,,150.0,151.97999572753906,148.3699951171875,151.11000061035156,3302000,Yahoo Finance daily
2020-09-17,us,CAT,,149.85000610351562,156.25,149.14999389648438,153.8699951171875,4487000,Yahoo Finance daily
2020-09-18,us,CAT,,153.67999267578125,156.2100067138672,152.05999755859375,152.38999938964844,5113500,Yahoo Finance daily
2020-09-21,us,CAT,,148.55999755859375,149.5,143.8699951171875,145.3300018310547,4278200,Yahoo Finance daily
2020-09-22,us,CAT,,145.00999450683594,147.5,144.5,147.14999389648438,2579500,Yahoo Finance daily
2020-09-23,us,CAT,,147.47999572753906,148.91000366210938,143.60000610351562,144.3800048828125,2420100,Yahoo Finance daily
2020-09-24,us,CAT,,144.02000427246094,147.44000244140625,142.72999572753906,145.13999938964844,2138800,Yahoo Finance daily
2020-09-25,us,CAT,,143.88999938964844,146.6999969482422,143.00999450683594,145.91000366210938,1848900,Yahoo Finance daily
2020-09-28,us,CAT,,148.0,150.30999755859375,147.41000366210938,147.67999267578125,2212700,Yahoo Finance daily
2020-09-29,us,CAT,,148.3699951171875,148.97000122070312,146.2100067138672,147.41000366210938,1605600,Yahoo Finance daily
2020-09-30,us,CAT,,148.0,150.9499969482422,147.74000549316406,149.14999389648438,3642800,Yahoo Finance daily
2020-10-01,us,CAT,,149.9199981689453,150.30999755859375,145.64999389648438,146.7100067138672,2157400,Yahoo Finance daily
2020-10-02,us,CAT,,144.27000427246094,151.25,143.75,149.94000244140625,3220500,Yahoo Finance daily
2020-10-05,us,CAT,,152.1699981689453,154.4499969482422,151.6199951171875,153.49000549316406,2597700,Yahoo Finance daily
2020-10-06,us,CAT,,154.0,155.4499969482422,151.27999877929688,151.52999877929688,2559800,Yahoo Finance daily
2020-10-07,us,CAT,,153.27999877929688,156.05999755859375,153.1999969482422,154.77000427246094,2334200,Yahoo Finance daily
2020-10-08,us,CAT,,155.75,156.72999572753906,154.24000549316406,156.66000366210938,1842900,Yahoo Finance daily
2020-10-09,us,CAT,,157.8699951171875,159.38999938964844,157.39999389648438,158.94000244140625,4084200,Yahoo Finance daily
2020-10-12,us,CAT,,159.97000122070312,163.1999969482422,159.52000427246094,162.61000061035156,4279800,Yahoo Finance daily
2020-10-13,us,CAT,,161.72000122070312,163.17999267578125,161.1199951171875,162.1199951171875,3319000,Yahoo Finance daily
2020-10-14,us,CAT,,162.66000366210938,164.82000732421875,162.5,163.61000061035156,4087100,Yahoo Finance daily
2020-10-15,us,CAT,,160.27000427246094,165.77999877929688,160.14999389648438,165.0399932861328,2958500,Yahoo Finance daily
2020-10-16,us,CAT,,167.25,170.50999450683594,166.6199951171875,168.75,5569000,Yahoo Finance daily
2020-10-19,us,CAT,,168.74000549316406,170.02000427246094,166.8000030517578,167.52999877929688,2757700,Yahoo Finance daily
2020-10-20,us,CAT,,168.1999969482422,171.25999450683594,167.91000366210938,168.99000549316406,3007100,Yahoo Finance daily
2020-10-21,us,CAT,,169.80999755859375,170.52000427246094,166.74000549316406,167.39999389648438,2502000,Yahoo Finance daily
2020-10-22,us,CAT,,167.97999572753906,169.85000610351562,166.88999938964844,169.66000366210938,2356800,Yahoo Finance daily
2020-10-23,us,CAT,,169.3699951171875,170.64999389648438,167.55999755859375,168.58999633789062,2857300,Yahoo Finance daily
2020-10-26,us,CAT,,166.63999938964844,166.63999938964844,160.8300018310547,163.1999969482422,4506600,Yahoo Finance daily
2020-10-27,us,CAT,,160.9600067138672,161.85000610351562,157.00999450683594,157.91000366210938,4857900,Yahoo Finance daily
2020-10-28,us,CAT,,153.8000030517578,155.42999267578125,150.52000427246094,151.16000366210938,5645100,Yahoo Finance daily
2020-10-29,us,CAT,,150.60000610351562,155.50999450683594,149.6300048828125,154.6699981689453,3867200,Yahoo Finance daily
2020-10-30,us,CAT,,153.9600067138672,157.2899932861328,153.0399932861328,157.0500030517578,4373500,Yahoo Finance daily
2020-11-02,us,CAT,,159.1999969482422,163.85000610351562,157.64999389648438,163.27000427246094,4072400,Yahoo Finance daily
2020-11-03,us,CAT,,165.0,169.0,163.07000732421875,167.69000244140625,4843600,Yahoo Finance daily
2020-11-04,us,CAT,,159.17999267578125,162.3800048828125,155.22999572753906,155.22999572753906,9081700,Yahoo Finance daily
2020-11-05,us,CAT,,157.6699981689453,164.9600067138672,157.60000610351562,163.08999633789062,4821600,Yahoo Finance daily
2020-11-06,us,CAT,,163.94000244140625,165.5399932861328,160.75999450683594,161.2899932861328,2983000,Yahoo Finance daily
2020-11-09,us,CAT,,174.02999877929688,176.3699951171875,170.1199951171875,170.82000732421875,5969600,Yahoo Finance daily
2020-11-10,us,CAT,,171.89999389648438,174.99000549316406,170.77000427246094,172.3000030517578,3499100,Yahoo Finance daily
2020-11-11,us,CAT,,172.3800048828125,172.74000549316406,167.47000122070312,169.4600067138672,2345500,Yahoo Finance daily
2020-11-12,us,CAT,,168.8300018310547,171.10000610351562,167.64999389648438,169.1300048828125,2185500,Yahoo Finance daily
2020-11-13,us,CAT,,170.3000030517578,172.22000122070312,169.19000244140625,171.7100067138672,2120200,Yahoo Finance daily
2020-11-16,us,CAT,,175.0,175.0,171.8300018310547,173.19000244140625,3902400,Yahoo Finance daily
2020-11-17,us,CAT,,172.1699981689453,172.47999572753906,170.19000244140625,171.91000366210938,2110800,Yahoo Finance daily
2020-11-18,us,CAT,,172.0399932861328,175.3800048828125,172.0399932861328,172.74000549316406,3165100,Yahoo Finance daily
2020-11-19,us,CAT,,172.5,173.25,170.7100067138672,172.89999389648438,2012100,Yahoo Finance daily
2020-11-20,us,CAT,,172.4499969482422,173.1199951171875,171.30999755859375,172.22999572753906,2449800,Yahoo Finance daily
2020-11-23,us,CAT,,173.75999450683594,175.5,173.24000549316406,174.77999877929688,2403500,Yahoo Finance daily
2020-11-24,us,CAT,,176.25,178.32000732421875,175.27000427246094,176.89999389648438,3447000,Yahoo Finance daily
2020-11-25,us,CAT,,176.4600067138672,176.47999572753906,172.77999877929688,174.6300048828125,2506400,Yahoo Finance daily
2020-11-27,us,CAT,,174.41000366210938,175.9199981689453,173.8800048828125,175.0800018310547,976900,Yahoo Finance daily
2020-11-30,us,CAT,,173.61000061035156,174.8800048828125,172.42999267578125,173.58999633789062,2382600,Yahoo Finance daily
2020-12-01,us,CAT,,175.38999938964844,176.57000732421875,172.94000244140625,173.25999450683594,2710200,Yahoo Finance daily
2020-12-02,us,CAT,,173.25999450683594,174.4199981689453,172.27999877929688,173.8699951171875,1971000,Yahoo Finance daily
2020-12-03,us,CAT,,173.8699951171875,175.0800018310547,173.27999877929688,174.6300048828125,2903900,Yahoo Finance daily
2020-12-04,us,CAT,,175.9199981689453,183.80999755859372,175.6199951171875,182.2100067138672,6086200,Yahoo Finance daily
2020-12-07,us,CAT,,180.38999938964844,180.38999938964844,176.55999755859375,178.7100067138672,4587400,Yahoo Finance daily
2020-12-08,us,CAT,,177.66000366210938,180.7400054931641,177.5,178.83999633789062,2001600,Yahoo Finance daily
2020-12-09,us,CAT,,179.6199951171875,180.47999572753903,177.0,180.07000732421875,2915500,Yahoo Finance daily
2020-12-10,us,CAT,,179.24000549316406,179.52999877929688,177.13999938964844,178.85000610351562,3109400,Yahoo Finance daily
2020-12-11,us,CAT,,176.99000549316406,179.77999877929688,176.22999572753906,179.2899932861328,2673400,Yahoo Finance daily
2020-12-14,us,CAT,,180.6000061035156,183.3300018310547,177.77999877929688,178.0500030517578,2533600,Yahoo Finance daily
2020-12-15,us,CAT,,179.92999267578125,182.75999450683597,179.02000427246094,181.7400054931641,2360300,Yahoo Finance daily
2020-12-16,us,CAT,,180.8500061035156,181.2700042724609,178.36000061035156,179.5,2031800,Yahoo Finance daily
2020-12-17,us,CAT,,180.6699981689453,180.72999572753903,178.5800018310547,179.1699981689453,2296500,Yahoo Finance daily
2020-12-18,us,CAT,,180.07000732421875,181.3000030517578,177.47000122070312,180.9600067138672,5262700,Yahoo Finance daily
2020-12-21,us,CAT,,176.94000244140625,180.88999938964844,176.32000732421875,180.16000366210935,2071000,Yahoo Finance daily
2020-12-22,us,CAT,,179.2899932861328,180.16000366210935,176.47999572753906,176.5800018310547,2493300,Yahoo Finance daily
2020-12-23,us,CAT,,177.4499969482422,179.2899932861328,177.00999450683594,178.4199981689453,1862500,Yahoo Finance daily
2020-12-24,us,CAT,,179.4499969482422,179.85000610351562,178.35000610351562,179.55999755859375,585700,Yahoo Finance daily
2020-12-28,us,CAT,,180.47999572753903,181.1199951171875,178.30999755859375,178.3699951171875,1508800,Yahoo Finance daily
2020-12-29,us,CAT,,179.1699981689453,179.3800048828125,175.11000061035156,176.64999389648438,1490300,Yahoo Finance daily
2020-12-30,us,CAT,,179.77000427246094,182.22999572753903,178.69000244140625,180.0399932861328,2720600,Yahoo Finance daily
2020-12-31,us,CAT,,180.25,182.1000061035156,178.75,182.0200042724609,1717800,Yahoo Finance daily
2021-01-04,us,CAT,,183.0,185.97999572753903,180.25,182.1499938964844,4078300,Yahoo Finance daily
2021-01-05,us,CAT,,181.2100067138672,185.8000030517578,181.2100067138672,183.63999938964844,2933700,Yahoo Finance daily
2021-01-06,us,CAT,,187.1499938964844,197.27999877929688,186.1499938964844,193.8600006103516,8034700,Yahoo Finance daily
2021-01-07,us,CAT,,196.8500061035156,197.3699951171875,192.1999969482422,194.22999572753903,5297500,Yahoo Finance daily
2021-01-08,us,CAT,,193.8500061035156,195.25999450683597,191.32000732421875,194.25999450683597,3186600,Yahoo Finance daily
2021-01-11,us,CAT,,191.55999755859372,195.4600067138672,190.30999755859372,193.8600006103516,2540800,Yahoo Finance daily
2021-01-12,us,CAT,,194.67999267578125,198.0,193.30999755859372,197.5399932861328,2466100,Yahoo Finance daily
2021-01-13,us,CAT,,198.7899932861328,200.1699981689453,195.8000030517578,195.88999938964844,3154700,Yahoo Finance daily
2021-01-14,us,CAT,,196.1000061035156,197.91000366210935,195.3600006103516,197.3999938964844,2486600,Yahoo Finance daily
2021-01-15,us,CAT,,195.66000366210935,195.7100067138672,190.8800048828125,194.6199951171875,3317100,Yahoo Finance daily
2021-01-19,us,CAT,,194.2899932861328,196.1100006103516,193.44000244140625,194.05999755859372,2361200,Yahoo Finance daily
2021-01-20,us,CAT,,192.66000366210935,193.8999938964844,190.4199981689453,192.33999633789065,2501100,Yahoo Finance daily
2021-01-21,us,CAT,,192.3500061035156,193.72000122070312,190.0500030517578,192.19000244140625,1951200,Yahoo Finance daily
2021-01-22,us,CAT,,190.8500061035156,192.82000732421875,189.30999755859372,191.94000244140625,2027000,Yahoo Finance daily
2021-01-25,us,CAT,,190.55999755859372,191.3699951171875,186.97000122070312,187.33999633789065,3837100,Yahoo Finance daily
2021-01-26,us,CAT,,187.6000061035156,189.41000366210935,186.8300018310547,187.2100067138672,2506000,Yahoo Finance daily
2021-01-27,us,CAT,,184.1999969482422,185.5500030517578,179.33999633789062,180.6300048828125,4095300,Yahoo Finance daily
2021-01-28,us,CAT,,182.25999450683597,187.6100006103516,181.30999755859372,184.33999633789065,3445400,Yahoo Finance daily
2021-01-29,us,CAT,,183.5,188.82000732421875,180.72999572753903,182.83999633789065,4541400,Yahoo Finance daily
2021-02-01,us,CAT,,185.9600067138672,186.8000030517578,182.0200042724609,184.72000122070312,2738200,Yahoo Finance daily
2021-02-02,us,CAT,,186.5,192.77999877929688,185.63999938964844,192.5,5265400,Yahoo Finance daily
2021-02-03,us,CAT,,190.91000366210935,191.52999877929688,189.05999755859372,191.4499969482422,2979000,Yahoo Finance daily
2021-02-04,us,CAT,,192.0,192.6100006103516,190.1999969482422,191.6499938964844,2253800,Yahoo Finance daily
2021-02-05,us,CAT,,192.5200042724609,194.3300018310547,190.00999450683597,193.0,2240000,Yahoo Finance daily
2021-02-08,us,CAT,,195.0,197.5399932861328,194.6699981689453,197.4499969482422,2725700,Yahoo Finance daily
2021-02-09,us,CAT,,197.5399932861328,198.66000366210935,194.88999938964844,197.27999877929688,2331600,Yahoo Finance daily
2021-02-10,us,CAT,,198.5,199.7100067138672,196.25999450683597,197.72000122070312,2816400,Yahoo Finance daily
2021-02-11,us,CAT,,197.58999633789065,198.4199981689453,194.38999938964844,198.3500061035156,2178200,Yahoo Finance daily
2021-02-12,us,CAT,,197.97999572753903,198.75999450683597,196.75999450683597,197.9900054931641,1804200,Yahoo Finance daily
2021-02-16,us,CAT,,199.75,205.17999267578125,199.2400054931641,202.3800048828125,3722700,Yahoo Finance daily
2021-02-17,us,CAT,,202.38999938964844,202.8999938964844,199.7899932861328,202.3000030517578,2290400,Yahoo Finance daily
2021-02-18,us,CAT,,201.5500030517578,202.8800048828125,198.5800018310547,199.9199981689453,2345800,Yahoo Finance daily
2021-02-19,us,CAT,,203.25,211.4600067138672,202.6999969482422,209.91000366210935,4937300,Yahoo Finance daily
2021-02-22,us,CAT,,209.6300048828125,218.8699951171875,209.33999633789065,218.05999755859372,4578300,Yahoo Finance daily
2021-02-23,us,CAT,,219.52999877929688,220.7400054931641,213.27999877929688,220.17999267578125,4125100,Yahoo Finance daily
2021-02-24,us,CAT,,220.41000366210935,226.6699981689453,219.8800048828125,222.47000122070312,4925000,Yahoo Finance daily
2021-02-25,us,CAT,,223.6199951171875,224.3999938964844,219.72000122070312,221.82000732421875,4313000,Yahoo Finance daily
2021-02-26,us,CAT,,220.75,222.3999938964844,215.82000732421875,215.8800048828125,4461300,Yahoo Finance daily
2021-03-01,us,CAT,,219.30999755859372,222.5800018310547,218.8999938964844,219.75999450683597,2871200,Yahoo Finance daily
2021-03-02,us,CAT,,218.69000244140625,219.33999633789065,215.00999450683597,215.82000732421875,2854300,Yahoo Finance daily
2021-03-03,us,CAT,,212.13999938964844,217.5500030517578,212.00999450683597,214.91000366210935,2664000,Yahoo Finance daily
2021-03-04,us,CAT,,214.47999572753903,216.6699981689453,208.47000122070312,212.7700042724609,3568400,Yahoo Finance daily
2021-03-05,us,CAT,,214.33999633789065,220.77999877929688,211.5,220.16000366210935,3602300,Yahoo Finance daily
2021-03-08,us,CAT,,220.97000122070312,224.3000030517578,218.2100067138672,221.5800018310547,3048700,Yahoo Finance daily
2021-03-09,us,CAT,,221.3800048828125,222.3300018310547,216.13999938964844,216.8000030517578,2902400,Yahoo Finance daily
2021-03-10,us,CAT,,217.72999572753903,222.0500030517578,217.19000244140625,221.05999755859372,2435800,Yahoo Finance daily
2021-03-11,us,CAT,,223.0,223.6000061035156,219.1499938964844,219.75999450683597,2960000,Yahoo Finance daily
2021-03-12,us,CAT,,219.0,229.0200042724609,218.1199951171875,229.0,4756500,Yahoo Finance daily
2021-03-15,us,CAT,,228.8699951171875,231.8000030517578,225.8300018310547,230.7400054931641,4215300,Yahoo Finance daily
2021-03-16,us,CAT,,227.72000122070312,231.2100067138672,224.7700042724609,226.4600067138672,3539200,Yahoo Finance daily
2021-03-17,us,CAT,,228.1300048828125,234.3000030517578,227.1300048828125,233.6300048828125,3518500,Yahoo Finance daily
2021-03-18,us,CAT,,234.0,237.77999877929688,229.7400054931641,230.67999267578125,4336200,Yahoo Finance daily
2021-03-19,us,CAT,,228.75,229.6499938964844,224.0500030517578,225.2899932861328,7485100,Yahoo Finance daily
2021-03-22,us,CAT,,226.6199951171875,227.17999267578125,223.57000732421875,226.0200042724609,2211600,Yahoo Finance daily
2021-03-23,us,CAT,,222.05999755859372,225.2400054931641,216.6499938964844,218.25,4017600,Yahoo Finance daily
2021-03-24,us,CAT,,220.50999450683597,227.1100006103516,220.50999450683597,221.22999572753903,4258000,Yahoo Finance daily
2021-03-25,us,CAT,,219.22999572753903,224.97000122070312,216.0399932861328,224.25,2901800,Yahoo Finance daily
2021-03-26,us,CAT,,226.3500061035156,229.83999633789065,225.2100067138672,229.5,3040100,Yahoo Finance daily
2021-03-29,us,CAT,,228.1000061035156,231.8500061035156,227.7100067138672,230.22000122070312,3003200,Yahoo Finance daily
2021-03-30,us,CAT,,231.1999969482422,234.72000122070312,231.13999938964844,233.0800018310547,3139100,Yahoo Finance daily
2021-03-31,us,CAT,,234.3500061035156,237.00999450683597,228.8500061035156,231.8699951171875,4512300,Yahoo Finance daily
2021-04-01,us,CAT,,231.3000030517578,235.0,227.58999633789065,232.7400054931641,3787100,Yahoo Finance daily
2021-04-05,us,CAT,,235.0,235.66000366210935,232.3699951171875,233.7100067138672,2323400,Yahoo Finance daily
2021-04-06,us,CAT,,232.5,236.67999267578125,230.22999572753903,230.63999938964844,2614500,Yahoo Finance daily
2021-04-07,us,CAT,,231.9600067138672,234.19000244140625,229.3500061035156,230.41000366210935,2449600,Yahoo Finance daily
2021-04-08,us,CAT,,230.1300048828125,231.0500030517578,227.1699981689453,230.47999572753903,2158900,Yahoo Finance daily
2021-04-09,us,CAT,,231.3000030517578,232.1999969482422,227.5399932861328,230.75,2482900,Yahoo Finance daily
2021-04-12,us,CAT,,230.3000030517578,231.3000030517578,228.92999267578125,230.92999267578125,1688200,Yahoo Finance daily
2021-04-13,us,CAT,,233.41000366210935,233.5,228.0500030517578,229.3500061035156,2286400,Yahoo Finance daily
2021-04-14,us,CAT,,229.6000061035156,234.22000122070312,229.5500030517578,232.5800018310547,2491000,Yahoo Finance daily
2021-04-15,us,CAT,,233.1499938964844,233.44000244140625,230.7400054931641,232.5200042724609,1860200,Yahoo Finance daily
2021-04-16,us,CAT,,234.6199951171875,235.94000244140625,232.2700042724609,233.3600006103516,2128400,Yahoo Finance daily
2021-04-19,us,CAT,,232.8999938964844,233.1000061035156,229.91000366210935,232.38999938964844,1712600,Yahoo Finance daily
2021-04-20,us,CAT,,230.8999938964844,231.3000030517578,225.6000061035156,227.6300048828125,2815800,Yahoo Finance daily
2021-04-21,us,CAT,,227.32000732421875,232.6100006103516,226.0200042724609,232.4600067138672,1977700,Yahoo Finance daily
2021-04-22,us,CAT,,233.25,233.42999267578125,228.7700042724609,228.88999938964844,2410700,Yahoo Finance daily
2021-04-23,us,CAT,,229.3600006103516,231.6499938964844,227.8800048828125,230.1100006103516,3458300,Yahoo Finance daily
2021-04-26,us,CAT,,230.57000732421875,232.8500061035156,229.9600067138672,230.55999755859372,1864800,Yahoo Finance daily
2021-04-27,us,CAT,,230.2899932861328,230.8600006103516,228.0800018310547,230.33999633789065,1959300,Yahoo Finance daily
2021-04-28,us,CAT,,230.0500030517578,233.72000122070312,229.3800048828125,232.3000030517578,2965300,Yahoo Finance daily
2021-04-29,us,CAT,,235.0,235.1999969482422,223.1999969482422,227.47000122070312,5442400,Yahoo Finance daily
2021-04-30,us,CAT,,225.5200042724609,228.38999938964844,224.8800048828125,228.1100006103516,3953500,Yahoo Finance daily
2021-05-03,us,CAT,,230.0,230.92999267578125,227.2100067138672,228.1699981689453,3182900,Yahoo Finance daily
2021-05-04,us,CAT,,227.0,234.0,225.3500061035156,233.41000366210935,4040700,Yahoo Finance daily
2021-05-05,us,CAT,,234.6199951171875,239.3300018310547,231.8500061035156,237.8800048828125,3690600,Yahoo Finance daily
2021-05-06,us,CAT,,238.0,240.97999572753903,236.0,237.07000732421875,4527000,Yahoo Finance daily
2021-05-07,us,CAT,,235.63999938964844,241.88999938964844,233.16000366210935,240.9900054931641,3327900,Yahoo Finance daily
2021-05-10,us,CAT,,243.5,245.77999877929688,242.58999633789065,242.6100006103516,3752900,Yahoo Finance daily
2021-05-11,us,CAT,,238.77999877929688,242.9900054931641,236.5399932861328,239.3000030517578,3163100,Yahoo Finance daily
2021-05-12,us,CAT,,241.2700042724609,243.22999572753903,236.44000244140625,237.32000732421875,3668500,Yahoo Finance daily
2021-05-13,us,CAT,,236.0399932861328,240.9900054931641,234.57000732421875,240.07000732421875,2228100,Yahoo Finance daily
2021-05-14,us,CAT,,242.0,243.3500061035156,240.0800018310547,242.22999572753903,2041600,Yahoo Finance daily
2021-05-17,us,CAT,,242.7400054931641,245.4499969482422,241.1199951171875,244.7899932861328,1998400,Yahoo Finance daily
2021-05-18,us,CAT,,244.7899932861328,245.5399932861328,239.41000366210935,239.47000122070312,2436200,Yahoo Finance daily
2021-05-19,us,CAT,,236.1000061035156,237.0800018310547,231.94000244140625,236.8699951171875,3143100,Yahoo Finance daily
2021-05-20,us,CAT,,237.47999572753903,237.6000061035156,232.58999633789065,234.9900054931641,3339200,Yahoo Finance daily
2021-05-21,us,CAT,,236.6000061035156,239.3999938964844,235.00999450683597,237.2400054931641,2479100,Yahoo Finance daily
2021-05-24,us,CAT,,237.69000244140625,239.7100067138672,236.22000122070312,239.0500030517578,2372700,Yahoo Finance daily
2021-05-25,us,CAT,,239.50999450683597,241.88999938964844,236.7400054931641,237.1699981689453,2265700,Yahoo Finance daily
2021-05-26,us,CAT,,237.41000366210935,239.5,236.6199951171875,237.7100067138672,2070000,Yahoo Finance daily
2021-05-27,us,CAT,,241.5,243.3699951171875,238.92999267578125,241.27999877929688,3594700,Yahoo Finance daily
2021-05-28,us,CAT,,241.91000366210935,242.25999450683597,238.7899932861328,241.0800018310547,2290700,Yahoo Finance daily
2021-06-01,us,CAT,,244.00999450683597,244.92999267578125,241.80999755859372,242.75999450683597,2476000,Yahoo Finance daily
2021-06-02,us,CAT,,243.07000732421875,245.1000061035156,240.6999969482422,243.4600067138672,2348500,Yahoo Finance daily
2021-06-03,us,CAT,,242.42999267578125,246.44000244140625,240.8699951171875,243.83999633789065,1923200,Yahoo Finance daily
2021-06-04,us,CAT,,245.1199951171875,246.69000244140625,242.32000732421875,244.0200042724609,1837900,Yahoo Finance daily
2021-06-07,us,CAT,,244.0500030517578,244.3300018310547,238.6199951171875,239.75999450683597,2330700,Yahoo Finance daily
2021-06-08,us,CAT,,239.3999938964844,241.2100067138672,236.05999755859372,240.16000366210935,2212300,Yahoo Finance daily
2021-06-09,us,CAT,,239.0,239.19000244140625,234.4499969482422,234.6499938964844,2919600,Yahoo Finance daily
2021-06-10,us,CAT,,236.13999938964844,236.6499938964844,225.5800018310547,225.72999572753903,6281800,Yahoo Finance daily
2021-06-11,us,CAT,,226.3000030517578,227.9199981689453,220.02999877929688,220.6999969482422,8734900,Yahoo Finance daily
2021-06-14,us,CAT,,220.07000732421875,221.97000122070312,215.6000061035156,219.00999450683597,7213300,Yahoo Finance daily
2021-06-15,us,CAT,,219.88999938964844,220.77999877929688,216.25999450683597,219.4600067138672,5055900,Yahoo Finance daily
2021-06-16,us,CAT,,219.00999450683597,219.38999938964844,216.6999969482422,217.16000366210935,4156900,Yahoo Finance daily
2021-06-17,us,CAT,,216.97000122070312,218.2700042724609,207.8800048828125,209.4499969482422,7995300,Yahoo Finance daily
2021-06-18,us,CAT,,206.17999267578125,211.80999755859372,205.5,208.8600006103516,7156400,Yahoo Finance daily
2021-06-21,us,CAT,,211.5500030517578,215.22999572753903,211.3999938964844,213.2100067138672,5633900,Yahoo Finance daily
2021-06-22,us,CAT,,213.4900054931641,214.8300018310547,211.17999267578125,213.1300048828125,3776400,Yahoo Finance daily
2021-06-23,us,CAT,,213.6000061035156,216.7700042724609,212.5800018310547,213.7899932861328,3283400,Yahoo Finance daily
2021-06-24,us,CAT,,216.5399932861328,221.92999267578125,215.3300018310547,219.33999633789065,6827600,Yahoo Finance daily
2021-06-25,us,CAT,,221.17999267578125,221.75,215.2700042724609,216.30999755859372,11274200,Yahoo Finance daily
2021-06-28,us,CAT,,216.4499969482422,216.77999877929688,213.55999755859372,216.2700042724609,3172000,Yahoo Finance daily
2021-06-29,us,CAT,,218.0399932861328,218.6999969482422,214.58999633789065,215.1000061035156,3443400,Yahoo Finance daily
2021-06-30,us,CAT,,214.6199951171875,217.9499969482422,214.05999755859372,217.6300048828125,3249500,Yahoo Finance daily
2021-07-01,us,CAT,,219.16000366210935,219.7899932861328,216.1499938964844,216.7100067138672,2426300,Yahoo Finance daily
2021-07-02,us,CAT,,217.66000366210935,218.3699951171875,215.5800018310547,217.75999450683597,2433600,Yahoo Finance daily
2021-07-06,us,CAT,,217.41000366210935,217.55999755859372,211.33999633789065,213.5200042724609,4348100,Yahoo Finance daily
2021-07-07,us,CAT,,212.69000244140625,215.05999755859372,211.16000366210935,214.69000244140625,2707700,Yahoo Finance daily
2021-07-08,us,CAT,,210.0,213.8999938964844,209.92999267578125,212.1100006103516,3723800,Yahoo Finance daily
2021-07-09,us,CAT,,215.8999938964844,218.58999633789065,214.3999938964844,217.4199981689453,3163800,Yahoo Finance daily
2021-07-12,us,CAT,,216.0200042724609,218.9499969482422,214.8500061035156,218.5800018310547,2509000,Yahoo Finance daily
2021-07-13,us,CAT,,218.9600067138672,219.0500030517578,214.6999969482422,215.19000244140625,2373300,Yahoo Finance daily
2021-07-14,us,CAT,,215.25999450683597,215.63999938964844,211.22000122070312,211.63999938964844,3185200,Yahoo Finance daily
2021-07-15,us,CAT,,210.27999877929688,213.38999938964844,210.1199951171875,211.41000366210935,2737500,Yahoo Finance daily
2021-07-16,us,CAT,,212.4600067138672,212.6999969482422,207.00999450683597,207.9499969482422,4368800,Yahoo Finance daily
2021-07-19,us,CAT,,202.2700042724609,203.75,199.22999572753903,203.0800018310547,5391100,Yahoo Finance daily
2021-07-20,us,CAT,,203.0399932861328,208.6300048828125,202.30999755859372,207.9600067138672,3934300,Yahoo Finance daily
2021-07-21,us,CAT,,208.72000122070312,210.9600067138672,207.5800018310547,210.72999572753903,3407300,Yahoo Finance daily
2021-07-22,us,CAT,,211.0,211.3800048828125,208.5399932861328,209.16000366210935,1931500,Yahoo Finance daily
2021-07-23,us,CAT,,209.5,210.3699951171875,207.8600006103516,209.52999877929688,2302600,Yahoo Finance daily
2021-07-26,us,CAT,,209.83999633789065,212.07000732421875,209.5,211.02999877929688,2157600,Yahoo Finance daily
2021-07-27,us,CAT,,207.52999877929688,211.05999755859372,207.0,209.8999938964844,2472000,Yahoo Finance daily
2021-07-28,us,CAT,,210.0,212.69000244140625,208.1000061035156,211.44000244140625,3246900,Yahoo Finance daily
2021-07-29,us,CAT,,214.0,214.50999450683597,209.69000244140625,212.55999755859372,3419700,Yahoo Finance daily
2021-07-30,us,CAT,,207.8999938964844,208.6699981689453,203.1499938964844,206.75,5834900,Yahoo Finance daily
2021-08-02,us,CAT,,208.0,210.8999938964844,204.9499969482422,205.16000366210935,3977100,Yahoo Finance daily
2021-08-03,us,CAT,,205.30999755859372,209.2899932861328,203.42999267578125,208.5,3580500,Yahoo Finance daily
2021-08-04,us,CAT,,208.22000122070312,209.58999633789065,204.3699951171875,204.5200042724609,2948700,Yahoo Finance daily
2021-08-05,us,CAT,,205.25,207.66000366210935,204.6999969482422,207.19000244140625,2685800,Yahoo Finance daily
2021-08-06,us,CAT,,209.00999450683597,210.38999938964844,207.6499938964844,208.3500061035156,2677100,Yahoo Finance daily
2021-08-09,us,CAT,,207.2899932861328,209.8800048828125,206.1199951171875,208.88999938964844,2747200,Yahoo Finance daily
2021-08-10,us,CAT,,210.0,214.8999938964844,208.9600067138672,214.07000732421875,4193600,Yahoo Finance daily
2021-08-11,us,CAT,,215.72999572753903,222.57000732421875,214.57000732421875,221.66000366210935,7794100,Yahoo Finance daily
2021-08-12,us,CAT,,222.2400054931641,223.75999450683597,218.47000122070312,220.2400054931641,4444500,Yahoo Finance daily
2021-08-13,us,CAT,,219.8800048828125,220.5500030517578,217.72999572753903,218.57000732421875,2049400,Yahoo Finance daily
2021-08-16,us,CAT,,217.3600006103516,218.0,214.33999633789065,217.7100067138672,3132500,Yahoo Finance daily
2021-08-17,us,CAT,,216.22000122070312,216.38999938964844,210.5800018310547,213.44000244140625,4022800,Yahoo Finance daily
2021-08-18,us,CAT,,212.5,213.5500030517578,209.72000122070312,209.80999755859372,2947700,Yahoo Finance daily
2021-08-19,us,CAT,,208.1699981689453,208.9600067138672,203.2100067138672,204.4499969482422,4788100,Yahoo Finance daily
2021-08-20,us,CAT,,205.4199981689453,207.25999450683597,203.58999633789065,204.94000244140625,2765500,Yahoo Finance daily
2021-08-23,us,CAT,,207.25,209.75,205.8300018310547,209.13999938964844,2827400,Yahoo Finance daily
2021-08-24,us,CAT,,209.75,213.2700042724609,209.52999877929688,212.58999633789065,2485900,Yahoo Finance daily
2021-08-25,us,CAT,,213.1699981689453,215.6999969482422,212.1499938964844,214.75999450683597,2599800,Yahoo Finance daily
2021-08-26,us,CAT,,214.50999450683597,214.50999450683597,210.47999572753903,211.2400054931641,2513900,Yahoo Finance daily
2021-08-27,us,CAT,,212.25999450683597,214.02999877929688,212.22000122070312,212.8300018310547,2511400,Yahoo Finance daily
2021-08-30,us,CAT,,213.22000122070312,213.7400054931641,210.8000030517578,211.4499969482422,1922100,Yahoo Finance daily
2021-08-31,us,CAT,,211.27999877929688,212.3000030517578,210.4199981689453,210.8699951171875,2857900,Yahoo Finance daily
2021-09-01,us,CAT,,210.8699951171875,210.9900054931641,206.6100006103516,207.9600067138672,4122900,Yahoo Finance daily
2021-09-02,us,CAT,,208.9199981689453,212.9499969482422,208.9199981689453,211.77999877929688,2921600,Yahoo Finance daily
2021-09-03,us,CAT,,211.1499938964844,212.8000030517578,210.0,210.3699951171875,2512000,Yahoo Finance daily
2021-09-07,us,CAT,,210.0399932861328,210.33999633789065,207.8500061035156,208.22999572753903,2641100,Yahoo Finance daily
2021-09-08,us,CAT,,207.1199951171875,208.1199951171875,204.7700042724609,206.7700042724609,2603100,Yahoo Finance daily
2021-09-09,us,CAT,,206.5,208.1499938964844,204.8999938964844,205.4199981689453,2777900,Yahoo Finance daily
2021-09-10,us,CAT,,207.1000061035156,207.8800048828125,204.82000732421875,205.00999450683597,2551200,Yahoo Finance daily
2021-09-13,us,CAT,,207.16000366210935,207.8600006103516,203.92999267578125,206.1999969482422,2699100,Yahoo Finance daily
2021-09-14,us,CAT,,206.0399932861328,206.1000061035156,201.63999938964844,202.3300018310547,3757600,Yahoo Finance daily
2021-09-15,us,CAT,,202.1699981689453,206.58999633789065,201.8699951171875,205.72999572753903,3342700,Yahoo Finance daily
2021-09-16,us,CAT,,205.4499969482422,206.38999938964844,202.82000732421875,203.6000061035156,3120100,Yahoo Finance daily
2021-09-17,us,CAT,,202.6300048828125,203.2700042724609,199.4499969482422,199.75,6351100,Yahoo Finance daily
2021-09-20,us,CAT,,193.05999755859372,193.9900054931641,188.47999572753903,190.82000732421875,9151100,Yahoo Finance daily
2021-09-21,us,CAT,,192.0,192.7100067138672,186.97999572753903,189.83999633789065,5699900,Yahoo Finance daily
2021-09-22,us,CAT,,192.0,194.5,191.16000366210935,191.3500061035156,3924400,Yahoo Finance daily
2021-09-23,us,CAT,,192.91000366210935,197.6000061035156,192.8500061035156,196.6199951171875,3367800,Yahoo Finance daily
2021-09-24,us,CAT,,195.6499938964844,197.7899932861328,194.92999267578125,196.82000732421875,2199500,Yahoo Finance daily
2021-09-27,us,CAT,,197.6000061035156,201.9900054931641,197.6000061035156,200.0,3033100,Yahoo Finance daily
2021-09-28,us,CAT,,200.1999969482422,201.88999938964844,198.75,200.5500030517578,3247500,Yahoo Finance daily
2021-09-29,us,CAT,,200.47999572753903,201.16000366210935,197.6999969482422,197.8699951171875,2954700,Yahoo Finance daily
2021-09-30,us,CAT,,198.6199951171875,198.8699951171875,191.6300048828125,191.97000122070312,4978100,Yahoo Finance daily
2021-10-01,us,CAT,,192.8999938964844,195.8699951171875,191.2400054931641,194.3300018310547,3695500,Yahoo Finance daily
2021-10-04,us,CAT,,194.7400054931641,195.91000366210935,192.41000366210935,193.1300048828125,2864600,Yahoo Finance daily
2021-10-05,us,CAT,,192.75999450683597,194.3999938964844,190.72999572753903,192.5,3074600,Yahoo Finance daily
2021-10-06,us,CAT,,190.0,192.38999938964844,187.8000030517578,191.8600006103516,3777700,Yahoo Finance daily
2021-10-07,us,CAT,,193.72999572753903,196.38999938964844,193.6100006103516,195.75,3510500,Yahoo Finance daily
2021-10-08,us,CAT,,195.8000030517578,196.5800018310547,194.7400054931641,195.16000366210935,2713200,Yahoo Finance daily
2021-10-11,us,CAT,,196.33999633789065,197.1699981689453,192.67999267578125,192.88999938964844,2015200,Yahoo Finance daily
2021-10-12,us,CAT,,192.32000732421875,193.5800018310547,189.5800018310547,189.9199981689453,4706700,Yahoo Finance daily
2021-10-13,us,CAT,,190.5,191.25,187.72000122070312,188.94000244140625,3253200,Yahoo Finance daily
2021-10-14,us,CAT,,193.5500030517578,194.8000030517578,192.6100006103516,194.3300018310547,5212900,Yahoo Finance daily
2021-10-15,us,CAT,,195.9600067138672,199.4499969482422,195.3000030517578,199.0200042724609,4736300,Yahoo Finance daily
2021-10-18,us,CAT,,197.3800048828125,198.67999267578125,195.5500030517578,198.17999267578125,2809400,Yahoo Finance daily
2021-10-19,us,CAT,,198.6000061035156,201.47999572753903,198.4600067138672,201.13999938964844,2626900,Yahoo Finance daily
2021-10-20,us,CAT,,201.16000366210935,205.17999267578125,200.52999877929688,204.19000244140625,2936000,Yahoo Finance daily
2021-10-21,us,CAT,,201.6000061035156,202.3000030517578,199.7400054931641,202.13999938964844,3071300,Yahoo Finance daily
2021-10-22,us,CAT,,200.63999938964844,202.3500061035156,199.1999969482422,200.6499938964844,2632400,Yahoo Finance daily
2021-10-25,us,CAT,,201.27999877929688,203.30999755859372,200.50999450683597,202.2100067138672,3294700,Yahoo Finance daily
2021-10-26,us,CAT,,202.75,202.7899932861328,199.47000122070312,199.63999938964844,2933600,Yahoo Finance daily
2021-10-27,us,CAT,,200.25,200.42999267578125,195.9199981689453,196.1300048828125,3406700,Yahoo Finance daily
2021-10-28,us,CAT,,197.3600006103516,204.5,197.0500030517578,204.08999633789065,4462700,Yahoo Finance daily
2021-10-29,us,CAT,,207.9900054931641,209.75,203.2400054931641,204.00999450683597,4292200,Yahoo Finance daily
2021-11-01,us,CAT,,204.2899932861328,206.8800048828125,203.80999755859372,205.3800048828125,3215200,Yahoo Finance daily
2021-11-02,us,CAT,,205.75,207.80999755859372,203.0,207.1199951171875,3429600,Yahoo Finance daily
2021-11-03,us,CAT,,206.25999450683597,206.5800018310547,201.82000732421875,203.5500030517578,3137000,Yahoo Finance daily
2021-11-04,us,CAT,,204.0,204.88999938964844,202.6100006103516,203.58999633789065,2543500,Yahoo Finance daily
2021-11-05,us,CAT,,205.47999572753903,208.8800048828125,205.22999572753903,205.8800048828125,2591300,Yahoo Finance daily
2021-11-08,us,CAT,,215.88999938964844,216.47000122070312,211.25,214.25,5944700,Yahoo Finance daily
2021-11-09,us,CAT,,215.17999267578125,215.57000732421875,208.9600067138672,209.80999755859372,3310300,Yahoo Finance daily
2021-11-10,us,CAT,,209.2700042724609,209.9499969482422,206.42999267578125,206.6699981689453,3261800,Yahoo Finance daily
2021-11-11,us,CAT,,207.8800048828125,210.44000244140625,207.8800048828125,208.52999877929688,4819800,Yahoo Finance daily
2021-11-12,us,CAT,,209.3500061035156,210.69000244140625,208.3000030517578,209.2700042724609,2018000,Yahoo Finance daily
2021-11-15,us,CAT,,210.0,210.69000244140625,206.75999450683597,207.7100067138672,2392600,Yahoo Finance daily
2021-11-16,us,CAT,,208.0,208.17999267578125,205.25999450683597,205.42999267578125,2138000,Yahoo Finance daily
2021-11-17,us,CAT,,205.0,205.19000244140625,200.8500061035156,202.97999572753903,3135700,Yahoo Finance daily
2021-11-18,us,CAT,,203.2700042724609,203.7100067138672,200.66000366210935,201.4199981689453,2119900,Yahoo Finance daily
2021-11-19,us,CAT,,200.9199981689453,202.9199981689453,199.66000366210935,200.44000244140625,2980100,Yahoo Finance daily
2021-11-22,us,CAT,,201.4900054931641,204.52999877929688,200.08999633789065,202.3800048828125,2596500,Yahoo Finance daily
2021-11-23,us,CAT,,203.0500030517578,205.57000732421875,201.58999633789065,205.3300018310547,3127100,Yahoo Finance daily
2021-11-24,us,CAT,,203.66000366210935,208.25999450683597,203.0800018310547,207.07000732421875,3880500,Yahoo Finance daily
2021-11-26,us,CAT,,201.0,201.4499969482422,196.6100006103516,198.72999572753903,3496000,Yahoo Finance daily
2021-11-29,us,CAT,,201.22999572753903,201.5,193.27999877929688,195.9199981689453,4559900,Yahoo Finance daily
2021-11-30,us,CAT,,193.83999633789065,196.77999877929688,191.5500030517578,193.3500061035156,6358000,Yahoo Finance daily
2021-12-01,us,CAT,,197.5800018310547,198.42999267578125,191.3600006103516,191.47000122070312,3425300,Yahoo Finance daily
2021-12-02,us,CAT,,192.30999755859372,197.6199951171875,191.80999755859372,196.7899932861328,3445700,Yahoo Finance daily
2021-12-03,us,CAT,,197.6699981689453,199.38999938964844,195.7400054931641,197.8000030517578,3250900,Yahoo Finance daily
2021-12-06,us,CAT,,199.5800018310547,203.25999450683597,198.33999633789065,201.27999877929688,2838400,Yahoo Finance daily
2021-12-07,us,CAT,,203.2899932861328,206.2100067138672,203.07000732421875,204.4900054931641,2818000,Yahoo Finance daily
2021-12-08,us,CAT,,204.41000366210935,206.1999969482422,203.6100006103516,204.19000244140625,2341200,Yahoo Finance daily
2021-12-09,us,CAT,,203.1000061035156,204.97000122070312,200.8800048828125,204.1300048828125,1646600,Yahoo Finance daily
2021-12-10,us,CAT,,205.3999938964844,205.8999938964844,202.1100006103516,203.4600067138672,3315200,Yahoo Finance daily
2021-12-13,us,CAT,,203.82000732421875,204.25,200.4499969482422,201.25,1868500,Yahoo Finance daily
2021-12-14,us,CAT,,200.0,203.97999572753903,199.8000030517578,201.63999938964844,2248800,Yahoo Finance daily
2021-12-15,us,CAT,,201.0,202.6000061035156,198.63999938964844,202.5500030517578,2193700,Yahoo Finance daily
2021-12-16,us,CAT,,205.0,208.22999572753903,204.6499938964844,206.1699981689453,2856800,Yahoo Finance daily
2021-12-17,us,CAT,,204.9499969482422,205.25,201.22999572753903,201.3699951171875,6079600,Yahoo Finance daily
2021-12-20,us,CAT,,197.5500030517578,197.5500030517578,193.05999755859372,195.4600067138672,3605100,Yahoo Finance daily
2021-12-21,us,CAT,,197.0,199.0200042724609,196.7400054931641,198.30999755859372,2303400,Yahoo Finance daily
2021-12-22,us,CAT,,200.97999572753903,203.3999938964844,200.8300018310547,202.1499938964844,3558700,Yahoo Finance daily
2021-12-23,us,CAT,,203.4199981689453,207.3000030517578,203.2899932861328,206.1999969482422,2669600,Yahoo Finance daily
2021-12-27,us,CAT,,205.94000244140625,206.8999938964844,205.13999938964844,206.3800048828125,1711200,Yahoo Finance daily
2021-12-28,us,CAT,,206.17999267578125,208.25999450683597,206.13999938964844,206.6199951171875,1393000,Yahoo Finance daily
2021-12-29,us,CAT,,206.2700042724609,208.5500030517578,206.0800018310547,207.3300018310547,1334900,Yahoo Finance daily
2021-12-30,us,CAT,,207.3300018310547,208.91000366210935,205.92999267578125,206.0800018310547,1465900,Yahoo Finance daily
2021-12-31,us,CAT,,206.1999969482422,207.7400054931641,205.6699981689453,206.7400054931641,1374500,Yahoo Finance daily
2022-01-03,us,CAT,,207.3300018310547,208.6000061035156,205.8000030517578,207.0,2055600,Yahoo Finance daily
2022-01-04,us,CAT,,208.27999877929688,218.9199981689453,207.94000244140625,218.0800018310547,5242300,Yahoo Finance daily
2022-01-05,us,CAT,,218.17999267578125,223.3600006103516,218.17999267578125,219.75,5378200,Yahoo Finance daily
2022-01-06,us,CAT,,221.4900054931641,222.7100067138672,218.05999755859372,221.9900054931641,3913200,Yahoo Finance daily
2022-01-07,us,CAT,,222.5,225.97000122070312,222.22999572753903,224.19000244140625,3673400,Yahoo Finance daily
2022-01-10,us,CAT,,224.9499969482422,225.75,220.6100006103516,221.63999938964844,3734900,Yahoo Finance daily
2022-01-11,us,CAT,,222.0,222.08999633789065,216.58999633789065,219.9499969482422,2944300,Yahoo Finance daily
2022-01-12,us,CAT,,222.1199951171875,223.69000244140625,220.07000732421875,222.3999938964844,2506900,Yahoo Finance daily
2022-01-13,us,CAT,,222.88999938964844,227.8800048828125,222.63999938964844,227.0,5002300,Yahoo Finance daily
2022-01-14,us,CAT,,224.72000122070312,229.63999938964844,223.5800018310547,228.94000244140625,3970600,Yahoo Finance daily
2022-01-18,us,CAT,,227.7100067138672,230.42999267578125,226.8600006103516,229.8699951171875,5411900,Yahoo Finance daily
2022-01-19,us,CAT,,229.66000366210935,229.80999755859372,220.92999267578125,221.66000366210935,4991700,Yahoo Finance daily
2022-01-20,us,CAT,,221.0800018310547,221.8699951171875,216.0399932861328,216.6300048828125,3545600,Yahoo Finance daily
2022-01-21,us,CAT,,217.50999450683597,217.50999450683597,212.4199981689453,214.08999633789065,3754700,Yahoo Finance daily
2022-01-24,us,CAT,,211.16000366210935,214.97000122070312,206.66000366210935,214.3300018310547,5107300,Yahoo Finance daily
2022-01-25,us,CAT,,212.0800018310547,216.8300018310547,207.1000061035156,214.30999755859372,4554300,Yahoo Finance daily
2022-01-26,us,CAT,,215.0,218.8800048828125,212.2400054931641,214.2899932861328,3558500,Yahoo Finance daily
2022-01-27,us,CAT,,215.2100067138672,217.8999938964844,210.1499938964844,212.1699981689453,3678100,Yahoo Finance daily
2022-01-28,us,CAT,,205.58999633789065,208.0,196.8000030517578,201.16000366210935,10747300,Yahoo Finance daily
2022-01-31,us,CAT,,199.4499969482422,201.6000061035156,194.67999267578125,201.55999755859372,6179000,Yahoo Finance daily
2022-02-01,us,CAT,,200.8000030517578,205.7899932861328,200.5399932861328,205.3500061035156,4026400,Yahoo Finance daily
2022-02-02,us,CAT,,203.1999969482422,205.8000030517578,201.3999938964844,204.94000244140625,3492300,Yahoo Finance daily
2022-02-03,us,CAT,,205.0,205.8699951171875,200.08999633789065,200.58999633789065,2748200,Yahoo Finance daily
2022-02-04,us,CAT,,200.2100067138672,201.00999450683597,196.4900054931641,198.41000366210935,3930800,Yahoo Finance daily
2022-02-07,us,CAT,,198.83999633789065,201.52999877929688,198.02999877929688,199.82000732421875,2402000,Yahoo Finance daily
2022-02-08,us,CAT,,200.25999450683597,202.30999755859372,199.22999572753903,201.5,2407100,Yahoo Finance daily
2022-02-09,us,CAT,,202.63999938964844,204.1000061035156,202.08999633789065,203.6000061035156,2743700,Yahoo Finance daily
2022-02-10,us,CAT,,202.57000732421875,206.75,201.55999755859372,203.07000732421875,3538500,Yahoo Finance daily
2022-02-11,us,CAT,,203.4199981689453,204.6499938964844,200.1300048828125,201.2400054931641,3826700,Yahoo Finance daily
2022-02-14,us,CAT,,200.9499969482422,201.6999969482422,198.1100006103516,199.88999938964844,2730500,Yahoo Finance daily
2022-02-15,us,CAT,,200.6999969482422,204.4499969482422,200.00999450683597,203.41000366210935,2752600,Yahoo Finance daily
2022-02-16,us,CAT,,203.1100006103516,205.4199981689453,203.0,203.63999938964844,2253900,Yahoo Finance daily
2022-02-17,us,CAT,,201.0,201.75999450683597,194.44000244140625,194.7400054931641,4699600,Yahoo Finance daily
2022-02-18,us,CAT,,193.3600006103516,195.6199951171875,191.17999267578125,191.9499969482422,4385200,Yahoo Finance daily
2022-02-22,us,CAT,,191.9499969482422,194.8999938964844,190.5500030517578,191.2100067138672,3488000,Yahoo Finance daily
2022-02-23,us,CAT,,191.72000122070312,192.32000732421875,186.3699951171875,186.6699981689453,3550400,Yahoo Finance daily
2022-02-24,us,CAT,,182.02999877929688,185.2700042724609,179.6699981689453,184.69000244140625,5919500,Yahoo Finance daily
2022-02-25,us,CAT,,184.94000244140625,187.92999267578125,184.1199951171875,187.05999755859372,3594600,Yahoo Finance daily
2022-02-28,us,CAT,,184.33999633789065,188.7700042724609,183.6699981689453,187.5800018310547,5168500,Yahoo Finance daily
2022-03-01,us,CAT,,187.7700042724609,188.22000122070312,180.63999938964844,182.8300018310547,5110600,Yahoo Finance daily
2022-03-02,us,CAT,,185.1999969482422,193.55999755859372,185.0,192.6100006103516,5849900,Yahoo Finance daily
2022-03-03,us,CAT,,193.32000732421875,196.5800018310547,192.33999633789065,194.8500061035156,4429700,Yahoo Finance daily
2022-03-04,us,CAT,,191.1000061035156,196.00999450683597,190.30999755859372,195.66000366210935,4334700,Yahoo Finance daily
2022-03-07,us,CAT,,194.7899932861328,203.5,193.6199951171875,196.6999969482422,6912300,Yahoo Finance daily
2022-03-08,us,CAT,,203.8699951171875,214.88999938964844,203.0,210.0,9318600,Yahoo Finance daily
2022-03-09,us,CAT,,212.57000732421875,213.6000061035156,207.4499969482422,209.77999877929688,4798300,Yahoo Finance daily
2022-03-10,us,CAT,,209.38999938964844,217.5200042724609,208.17999267578125,211.7899932861328,4886300,Yahoo Finance daily
2022-03-11,us,CAT,,212.3000030517578,217.7700042724609,212.3000030517578,214.8300018310547,4045500,Yahoo Finance daily
2022-03-14,us,CAT,,216.3000030517578,218.47999572753903,212.92999267578125,215.44000244140625,3530700,Yahoo Finance daily
2022-03-15,us,CAT,,216.1199951171875,217.3800048828125,210.50999450683597,216.4600067138672,4364200,Yahoo Finance daily
2022-03-16,us,CAT,,217.5,219.4900054931641,212.32000732421875,216.0800018310547,4378700,Yahoo Finance daily
2022-03-17,us,CAT,,215.32000732421875,221.77999877929688,214.33999633789065,221.6999969482422,3600400,Yahoo Finance daily
2022-03-18,us,CAT,,219.47999572753903,221.6999969482422,218.0,220.91000366210935,4105100,Yahoo Finance daily
2022-03-21,us,CAT,,221.0,227.0500030517578,220.9900054931641,223.7100067138672,2902200,Yahoo Finance daily
2022-03-22,us,CAT,,224.4600067138672,225.8500061035156,221.33999633789065,222.7100067138672,2461500,Yahoo Finance daily
2022-03-23,us,CAT,,221.69000244140625,224.77999877929688,221.69000244140625,222.1699981689453,2001700,Yahoo Finance daily
2022-03-24,us,CAT,,222.5399932861328,225.0,221.50999450683597,222.2100067138672,2110900,Yahoo Finance daily
2022-03-25,us,CAT,,222.08999633789065,223.8000030517578,221.13999938964844,223.3600006103516,1581100,Yahoo Finance daily
2022-03-28,us,CAT,,222.33999633789065,222.67999267578125,219.0399932861328,221.8500061035156,3072500,Yahoo Finance daily
2022-03-29,us,CAT,,220.8000030517578,221.42999267578125,216.5399932861328,221.0399932861328,3667800,Yahoo Finance daily
2022-03-30,us,CAT,,222.0,225.8800048828125,220.6999969482422,223.0800018310547,2507400,Yahoo Finance daily
2022-03-31,us,CAT,,223.2100067138672,225.19000244140625,222.42999267578125,222.82000732421875,3152100,Yahoo Finance daily
2022-04-01,us,CAT,,224.3500061035156,225.5200042724609,218.1699981689453,219.7700042724609,2618300,Yahoo Finance daily
2022-04-04,us,CAT,,219.16000366210935,221.3500061035156,216.6000061035156,220.80999755859372,2181300,Yahoo Finance daily
2022-04-05,us,CAT,,220.0,222.3699951171875,215.13999938964844,216.0200042724609,3582100,Yahoo Finance daily
2022-04-06,us,CAT,,215.1199951171875,217.1300048828125,213.5500030517578,216.2100067138672,2783300,Yahoo Finance daily
2022-04-07,us,CAT,,215.4600067138672,216.30999755859372,213.55999755859372,215.8999938964844,2253600,Yahoo Finance daily
2022-04-08,us,CAT,,215.7899932861328,217.8800048828125,214.02999877929688,217.02999877929688,2450200,Yahoo Finance daily
2022-04-11,us,CAT,,217.02999877929688,218.75999450683597,215.75,216.0500030517578,2494700,Yahoo Finance daily
2022-04-12,us,CAT,,215.4499969482422,219.47999572753903,214.97999572753903,216.6999969482422,2508200,Yahoo Finance daily
2022-04-13,us,CAT,,216.92999267578125,219.67999267578125,216.3999938964844,218.2700042724609,1898900,Yahoo Finance daily
2022-04-14,us,CAT,,219.91000366210935,229.22000122070312,218.6100006103516,227.80999755859372,5337900,Yahoo Finance daily
2022-04-18,us,CAT,,228.0,234.3800048828125,228.0,229.9199981689453,3644000,Yahoo Finance daily
2022-04-19,us,CAT,,230.25,232.94000244140625,227.57000732421875,232.16000366210935,2689400,Yahoo Finance daily
2022-04-20,us,CAT,,233.5500030517578,236.3699951171875,232.5800018310547,235.0800018310547,2907700,Yahoo Finance daily
2022-04-21,us,CAT,,237.2400054931641,237.8999938964844,231.6499938964844,232.57000732421875,3571400,Yahoo Finance daily
2022-04-22,us,CAT,,228.3999938964844,229.7899932861328,215.6000061035156,216.3000030517578,5053700,Yahoo Finance daily
2022-04-25,us,CAT,,215.30999755859372,217.0,209.57000732421875,216.6999969482422,4145500,Yahoo Finance daily
2022-04-26,us,CAT,,216.1300048828125,218.1999969482422,209.3500061035156,210.3000030517578,4176700,Yahoo Finance daily
2022-04-27,us,CAT,,211.1100006103516,215.5500030517578,207.3000030517578,213.9600067138672,3358300,Yahoo Finance daily
2022-04-28,us,CAT,,207.42999267578125,212.9600067138672,202.0,212.44000244140625,6092800,Yahoo Finance daily
2022-04-29,us,CAT,,212.6999969482422,217.2100067138672,210.16000366210935,210.5399932861328,3404000,Yahoo Finance daily
2022-05-02,us,CAT,,210.0,212.7700042724609,207.66000366210935,212.07000732421875,2639500,Yahoo Finance daily
2022-05-03,us,CAT,,211.8999938964844,215.3600006103516,210.7899932861328,213.6199951171875,2121100,Yahoo Finance daily
2022-05-04,us,CAT,,214.9499969482422,223.2899932861328,213.8300018310547,222.58999633789065,3023700,Yahoo Finance daily
2022-05-05,us,CAT,,222.3999938964844,223.1499938964844,213.7700042724609,215.92999267578125,3005600,Yahoo Finance daily
2022-05-06,us,CAT,,217.00999450683597,217.00999450683597,210.3500061035156,214.6499938964844,2268400,Yahoo Finance daily
2022-05-09,us,CAT,,212.02999877929688,212.0500030517578,205.44000244140625,206.2899932861328,2929900,Yahoo Finance daily
2022-05-10,us,CAT,,208.2400054931641,209.5200042724609,201.38999938964844,202.9900054931641,3040400,Yahoo Finance daily
2022-05-11,us,CAT,,205.55999755859372,209.7100067138672,203.58999633789065,205.2100067138672,2552400,Yahoo Finance daily
2022-05-12,us,CAT,,203.6100006103516,205.33999633789065,199.3000030517578,203.02999877929688,3282000,Yahoo Finance daily
2022-05-13,us,CAT,,205.1499938964844,206.4600067138672,202.9199981689453,204.3300018310547,2323800,Yahoo Finance daily
2022-05-16,us,CAT,,205.0200042724609,209.2100067138672,203.67999267578125,207.19000244140625,2540800,Yahoo Finance daily
2022-05-17,us,CAT,,212.8000030517578,213.7700042724609,209.13999938964844,213.08999633789065,2275900,Yahoo Finance daily
2022-05-18,us,CAT,,213.83999633789065,217.8999938964844,207.5200042724609,207.94000244140625,4723300,Yahoo Finance daily
2022-05-19,us,CAT,,205.8600006103516,209.27999877929688,201.7100067138672,206.75999450683597,2887700,Yahoo Finance daily
2022-05-20,us,CAT,,206.4499969482422,206.6300048828125,194.0399932861328,197.82000732421875,5404500,Yahoo Finance daily
2022-05-23,us,CAT,,199.92999267578125,205.4900054931641,199.16000366210935,204.1499938964844,3246600,Yahoo Finance daily
2022-05-24,us,CAT,,202.00999450683597,205.6999969482422,201.2899932861328,205.6499938964844,2467800,Yahoo Finance daily
2022-05-25,us,CAT,,205.0,210.08999633789065,204.82000732421875,209.30999755859372,3080200,Yahoo Finance daily
2022-05-26,us,CAT,,211.5500030517578,213.63999938964844,210.3999938964844,212.9900054931641,2016000,Yahoo Finance daily
2022-05-27,us,CAT,,215.0,217.6300048828125,214.16000366210935,217.13999938964844,2020400,Yahoo Finance daily
2022-05-31,us,CAT,,214.7899932861328,218.08999633789065,213.4900054931641,215.8500061035156,3773500,Yahoo Finance daily
2022-06-01,us,CAT,,218.4600067138672,219.0,214.3000030517578,217.57000732421875,2314000,Yahoo Finance daily
2022-06-02,us,CAT,,219.58999633789065,220.83999633789065,217.25,220.0,1784100,Yahoo Finance daily
2022-06-03,us,CAT,,218.25,224.1000061035156,218.25,222.8999938964844,2222500,Yahoo Finance daily
2022-06-06,us,CAT,,222.8999938964844,224.75999450683597,222.25,223.6300048828125,1565400,Yahoo Finance daily
2022-06-07,us,CAT,,222.0,227.2700042724609,221.6499938964844,227.1000061035156,1799000,Yahoo Finance daily
2022-06-08,us,CAT,,225.2899932861328,232.3500061035156,224.6199951171875,229.8000030517578,4171300,Yahoo Finance daily
2022-06-09,us,CAT,,227.42999267578125,228.2100067138672,223.6199951171875,223.6699981689453,3045700,Yahoo Finance daily
2022-06-10,us,CAT,,219.5,220.22000122070312,215.00999450683597,215.17999267578125,2604100,Yahoo Finance daily
2022-06-13,us,CAT,,209.5800018310547,209.8699951171875,204.8999938964844,206.8800048828125,3559400,Yahoo Finance daily
2022-06-14,us,CAT,,208.05999755859372,209.72999572753903,205.2700042724609,206.69000244140625,2359000,Yahoo Finance daily
2022-06-15,us,CAT,,207.47999572753903,208.6499938964844,203.1300048828125,206.0,2343100,Yahoo Finance daily
2022-06-16,us,CAT,,201.07000732421875,201.25,193.25,194.7899932861328,4789900,Yahoo Finance daily
2022-06-17,us,CAT,,195.67999267578125,197.7400054931641,190.8699951171875,192.63999938964844,7226100,Yahoo Finance daily
2022-06-21,us,CAT,,197.1000061035156,198.4199981689453,193.8699951171875,196.3699951171875,2755400,Yahoo Finance daily
2022-06-22,us,CAT,,190.0,192.7899932861328,187.7100067138672,187.8300018310547,4008700,Yahoo Finance daily
2022-06-23,us,CAT,,186.5800018310547,187.22999572753903,176.02000427246094,178.6699981689453,6667900,Yahoo Finance daily
2022-06-24,us,CAT,,181.33999633789065,185.6000061035156,179.3699951171875,185.4900054931641,4868900,Yahoo Finance daily
2022-06-27,us,CAT,,188.0800018310547,190.0800018310547,185.82000732421875,187.58999633789065,3061100,Yahoo Finance daily
2022-06-28,us,CAT,,189.97000122070312,193.1000061035156,187.42999267578125,187.44000244140625,3327200,Yahoo Finance daily
2022-06-29,us,CAT,,187.32000732421875,187.57000732421875,182.1300048828125,183.47999572753903,2436900,Yahoo Finance daily
2022-06-30,us,CAT,,180.25999450683597,182.13999938964844,177.1199951171875,178.75999450683594,4197100,Yahoo Finance daily
2022-07-01,us,CAT,,179.30999755859375,181.32000732421875,173.72000122070312,178.2899932861328,3423100,Yahoo Finance daily
2022-07-05,us,CAT,,173.77000427246094,174.4199981689453,170.60000610351562,173.75999450683594,3724900,Yahoo Finance daily
2022-07-06,us,CAT,,173.47999572753906,174.6699981689453,169.2899932861328,172.30999755859375,3190600,Yahoo Finance daily
2022-07-07,us,CAT,,182.5,182.5,176.3300018310547,180.27999877929688,4677600,Yahoo Finance daily
2022-07-08,us,CAT,,180.22999572753903,181.2400054931641,176.38999938964844,179.10000610351562,2491100,Yahoo Finance daily
2022-07-11,us,CAT,,177.41000366210938,179.77000427246094,174.6199951171875,175.02000427246094,2773300,Yahoo Finance daily
2022-07-12,us,CAT,,174.74000549316406,177.24000549316406,172.60000610351562,174.49000549316406,2718400,Yahoo Finance daily
2022-07-13,us,CAT,,172.25,175.25,171.86000061035156,173.8699951171875,2389000,Yahoo Finance daily
2022-07-14,us,CAT,,169.75,170.6999969482422,167.0800018310547,169.94000244140625,2531200,Yahoo Finance daily
2022-07-15,us,CAT,,172.25,173.3800048828125,169.1999969482422,173.3800048828125,2282100,Yahoo Finance daily
2022-07-18,us,CAT,,176.1300048828125,176.6999969482422,172.7100067138672,173.49000549316406,2476400,Yahoo Finance daily
2022-07-19,us,CAT,,173.89999389648438,179.6999969482422,172.8800048828125,179.49000549316406,2671400,Yahoo Finance daily
2022-07-20,us,CAT,,178.77999877929688,180.8000030517578,177.07000732421875,179.97000122070312,2175900,Yahoo Finance daily
2022-07-21,us,CAT,,178.4199981689453,181.07000732421875,176.47999572753906,180.9900054931641,2214500,Yahoo Finance daily
2022-07-22,us,CAT,,181.4900054931641,182.8000030517578,177.33999633789062,178.6199951171875,1961500,Yahoo Finance daily
2022-07-25,us,CAT,,179.1699981689453,182.6000061035156,177.77000427246094,181.80999755859372,1845600,Yahoo Finance daily
2022-07-26,us,CAT,,181.16000366210935,183.6499938964844,180.5800018310547,181.22999572753903,1767700,Yahoo Finance daily
2022-07-27,us,CAT,,182.9199981689453,186.17999267578125,180.32000732421875,185.25,1856500,Yahoo Finance daily
2022-07-28,us,CAT,,186.8500061035156,189.5200042724609,184.1999969482422,187.83999633789065,2229200,Yahoo Finance daily
2022-07-29,us,CAT,,189.19000244140625,199.4900054931641,189.1199951171875,198.25,5188100,Yahoo Finance daily
2022-08-01,us,CAT,,195.0800018310547,197.19000244140625,193.3999938964844,194.8600006103516,3185100,Yahoo Finance daily
2022-08-02,us,CAT,,188.0,189.47000122070312,183.16000366210935,183.50999450683597,8193100,Yahoo Finance daily
2022-08-03,us,CAT,,183.32000732421875,185.44000244140625,181.6000061035156,182.8699951171875,4155900,Yahoo Finance daily
2022-08-04,us,CAT,,182.8600006103516,185.92999267578125,181.1199951171875,183.63999938964844,2478900,Yahoo Finance daily
2022-08-05,us,CAT,,183.5800018310547,186.1000061035156,183.22999572753903,185.38999938964844,1908500,Yahoo Finance daily
2022-08-08,us,CAT,,186.7700042724609,188.0,184.16000366210935,185.80999755859372,2655000,Yahoo Finance daily
2022-08-09,us,CAT,,185.9499969482422,187.8800048828125,185.16000366210935,186.02999877929688,2460000,Yahoo Finance daily
2022-08-10,us,CAT,,188.72999572753903,191.5200042724609,187.4499969482422,190.72000122070312,2304300,Yahoo Finance daily
2022-08-11,us,CAT,,192.8300018310547,195.5800018310547,191.91000366210935,194.0,2538900,Yahoo Finance daily
2022-08-12,us,CAT,,194.88999938964844,196.97000122070312,193.8000030517578,196.83999633789065,1864800,Yahoo Finance daily
2022-08-15,us,CAT,,193.3999938964844,196.5,193.07000732421875,195.9499969482422,1752400,Yahoo Finance daily
2022-08-16,us,CAT,,195.32000732421875,198.3999938964844,194.9499969482422,197.5200042724609,1959300,Yahoo Finance daily
2022-08-17,us,CAT,,195.0,196.8999938964844,193.8699951171875,195.92999267578125,1576200,Yahoo Finance daily
2022-08-18,us,CAT,,197.0500030517578,197.6300048828125,195.25,197.3500061035156,1750900,Yahoo Finance daily
2022-08-19,us,CAT,,195.2700042724609,197.22000122070312,193.80999755859372,195.6000061035156,2003600,Yahoo Finance daily
2022-08-22,us,CAT,,193.1100006103516,193.92999267578125,191.5500030517578,191.75999450683597,2008900,Yahoo Finance daily
2022-08-23,us,CAT,,192.75,198.13999938964844,192.47999572753903,197.2100067138672,2444900,Yahoo Finance daily
2022-08-24,us,CAT,,197.55999755859372,198.67999267578125,193.4499969482422,194.16000366210935,2503200,Yahoo Finance daily
2022-08-25,us,CAT,,195.4900054931641,198.91000366210935,194.57000732421875,198.8800048828125,1888700,Yahoo Finance daily
2022-08-26,us,CAT,,199.3999938964844,200.3699951171875,191.72999572753903,191.9199981689453,2560400,Yahoo Finance daily
2022-08-29,us,CAT,,190.0,193.1699981689453,189.0,191.77999877929688,1996600,Yahoo Finance daily
2022-08-30,us,CAT,,191.5,191.9600067138672,184.58999633789065,186.94000244140625,2691200,Yahoo Finance daily
2022-08-31,us,CAT,,186.6300048828125,188.05999755859372,184.5,184.7100067138672,2656600,Yahoo Finance daily
2022-09-01,us,CAT,,182.2700042724609,183.2100067138672,180.10000610351562,182.44000244140625,2686200,Yahoo Finance daily
2022-09-02,us,CAT,,184.8500061035156,185.7400054931641,179.85000610351562,180.8300018310547,2185400,Yahoo Finance daily
2022-09-06,us,CAT,,182.8999938964844,183.66000366210935,179.58999633789062,180.66000366210935,2141700,Yahoo Finance daily
2022-09-07,us,CAT,,179.11000061035156,181.83999633789065,178.19000244140625,180.8600006103516,2166900,Yahoo Finance daily
2022-09-08,us,CAT,,179.67999267578125,183.27999877929688,178.0800018310547,183.1499938964844,2245700,Yahoo Finance daily
2022-09-09,us,CAT,,187.5500030517578,189.75999450683597,187.22000122070312,189.4900054931641,2279600,Yahoo Finance daily
2022-09-12,us,CAT,,190.8500061035156,192.6999969482422,190.6100006103516,192.3999938964844,1937200,Yahoo Finance daily
2022-09-13,us,CAT,,187.8500061035156,190.0500030517578,183.5,184.30999755859372,2207500,Yahoo Finance daily
2022-09-14,us,CAT,,183.9199981689453,185.13999938964844,181.8699951171875,184.6499938964844,2295000,Yahoo Finance daily
2022-09-15,us,CAT,,184.6699981689453,186.5399932861328,181.67999267578125,182.4900054931641,1933100,Yahoo Finance daily
2022-09-16,us,CAT,,180.0,180.33999633789065,177.77000427246094,179.47000122070312,5088300,Yahoo Finance daily
2022-09-19,us,CAT,,177.25,182.72999572753903,176.8000030517578,182.1100006103516,2923700,Yahoo Finance daily
2022-09-20,us,CAT,,180.58999633789065,180.72000122070312,176.30999755859375,177.99000549316406,2512400,Yahoo Finance daily
2022-09-21,us,CAT,,179.27999877929688,180.4900054931641,171.8800048828125,171.9499969482422,4061900,Yahoo Finance daily
2022-09-22,us,CAT,,172.6999969482422,174.6199951171875,170.2899932861328,170.5500030517578,2508400,Yahoo Finance daily
2022-09-23,us,CAT,,168.66000366210938,169.44000244140625,161.72999572753906,164.24000549316406,4047200,Yahoo Finance daily
2022-09-26,us,CAT,,164.0,165.85000610351562,162.22000122070312,162.6199951171875,3213400,Yahoo Finance daily
2022-09-27,us,CAT,,164.4600067138672,164.57000732421875,160.60000610351562,162.44000244140625,2753500,Yahoo Finance daily
2022-09-28,us,CAT,,164.5,168.47999572753906,163.5399932861328,167.75999450683594,3694800,Yahoo Finance daily
2022-09-29,us,CAT,,165.6999969482422,166.58999633789062,163.5399932861328,165.89999389648438,3518100,Yahoo Finance daily
2022-09-30,us,CAT,,165.88999938964844,167.77999877929688,163.88999938964844,164.0800018310547,2963000,Yahoo Finance daily
2022-10-03,us,CAT,,167.42999267578125,173.3699951171875,166.0500030517578,171.22999572753906,3444700,Yahoo Finance daily
2022-10-04,us,CAT,,174.3000030517578,180.19000244140625,174.2100067138672,179.6300048828125,4008200,Yahoo Finance daily
2022-10-05,us,CAT,,177.14999389648438,180.25999450683597,176.69000244140625,178.3800048828125,3067400,Yahoo Finance daily
2022-10-06,us,CAT,,177.41000366210938,180.97999572753903,176.88999938964844,178.80999755859375,2415000,Yahoo Finance daily
2022-10-07,us,CAT,,176.72000122070312,178.9600067138672,175.13999938964844,177.5500030517578,2759200,Yahoo Finance daily
2022-10-10,us,CAT,,179.80999755859375,181.16000366210935,176.07000732421875,178.6699981689453,2633900,Yahoo Finance daily
2022-10-11,us,CAT,,176.82000732421875,183.0800018310547,176.6699981689453,179.75,2542400,Yahoo Finance daily
2022-10-12,us,CAT,,179.47999572753906,181.1199951171875,178.77999877929688,179.5,2260800,Yahoo Finance daily
2022-10-13,us,CAT,,173.75,184.9499969482422,172.7100067138672,183.13999938964844,3745900,Yahoo Finance daily
2022-10-14,us,CAT,,183.75,184.3300018310547,177.52999877929688,178.19000244140625,2830200,Yahoo Finance daily
2022-10-17,us,CAT,,182.3000030517578,184.30999755859372,179.1999969482422,180.8000030517578,2940000,Yahoo Finance daily
2022-10-18,us,CAT,,184.8999938964844,185.52999877929688,180.91000366210935,183.5500030517578,2674000,Yahoo Finance daily
2022-10-19,us,CAT,,182.94000244140625,185.6999969482422,182.0,184.41000366210935,2088700,Yahoo Finance daily
2022-10-20,us,CAT,,184.5399932861328,185.7400054931641,180.4600067138672,180.5399932861328,2953900,Yahoo Finance daily
2022-10-21,us,CAT,,179.72999572753906,190.41000366210935,179.2100067138672,190.22000122070312,3483800,Yahoo Finance daily
2022-10-24,us,CAT,,188.6499938964844,192.13999938964844,188.4499969482422,191.3000030517578,2919500,Yahoo Finance daily
2022-10-25,us,CAT,,190.2899932861328,195.6699981689453,188.9199981689453,194.83999633789065,2545000,Yahoo Finance daily
2022-10-26,us,CAT,,198.3000030517578,199.5800018310547,194.57000732421875,196.9600067138672,3546000,Yahoo Finance daily
2022-10-27,us,CAT,,210.1499938964844,217.1300048828125,207.3699951171875,212.13999938964844,7872200,Yahoo Finance daily
2022-10-28,us,CAT,,212.5,219.5,211.2100067138672,219.33999633789065,5161000,Yahoo Finance daily
2022-10-31,us,CAT,,215.33999633789065,218.8699951171875,215.00999450683597,216.4600067138672,3786100,Yahoo Finance daily
2022-11-01,us,CAT,,218.6300048828125,219.47000122070312,216.7100067138672,218.5,2717500,Yahoo Finance daily
2022-11-02,us,CAT,,217.6000061035156,221.6999969482422,213.92999267578125,214.5399932861328,3150000,Yahoo Finance daily
2022-11-03,us,CAT,,211.5399932861328,221.7899932861328,211.3600006103516,219.25999450683597,3570400,Yahoo Finance daily
2022-11-04,us,CAT,,224.0200042724609,229.72999572753903,223.6000061035156,227.8500061035156,4973800,Yahoo Finance daily
2022-11-07,us,CAT,,228.0,229.1300048828125,222.6699981689453,228.6100006103516,3405600,Yahoo Finance daily
2022-11-08,us,CAT,,228.6100006103516,232.6300048828125,226.6699981689453,229.80999755859372,3676600,Yahoo Finance daily
2022-11-09,us,CAT,,226.07000732421875,229.13999938964844,225.05999755859372,225.5399932861328,6248300,Yahoo Finance daily
2022-11-10,us,CAT,,232.22000122070312,232.58999633789065,226.3300018310547,232.4499969482422,4590800,Yahoo Finance daily
2022-11-11,us,CAT,,233.0,238.3999938964844,232.0,236.4900054931641,3585400,Yahoo Finance daily
2022-11-14,us,CAT,,236.0,239.8500061035156,234.5,236.5,3217700,Yahoo Finance daily
2022-11-15,us,CAT,,237.1000061035156,239.3999938964844,232.75,234.58999633789065,3371000,Yahoo Finance daily
2022-11-16,us,CAT,,234.0,234.66000366210935,230.83999633789065,232.4199981689453,3062000,Yahoo Finance daily
2022-11-17,us,CAT,,227.75,230.52999877929688,225.50999450683597,230.44000244140625,3256900,Yahoo Finance daily
2022-11-18,us,CAT,,230.8500061035156,231.83999633789065,227.6300048828125,231.42999267578125,2868700,Yahoo Finance daily
2022-11-21,us,CAT,,231.5500030517578,233.6699981689453,228.2700042724609,232.1699981689453,2522600,Yahoo Finance daily
2022-11-22,us,CAT,,234.0,237.47999572753903,233.3600006103516,237.25999450683597,2523300,Yahoo Finance daily
2022-11-23,us,CAT,,237.6300048828125,239.6300048828125,235.6100006103516,236.9199981689453,2311300,Yahoo Finance daily
2022-11-25,us,CAT,,237.0,237.4900054931641,235.19000244140625,235.6999969482422,1034800,Yahoo Finance daily
2022-11-28,us,CAT,,233.94000244140625,234.9600067138672,231.57000732421875,232.3000030517578,2862100,Yahoo Finance daily
2022-11-29,us,CAT,,233.3000030517578,235.72999572753903,231.5500030517578,235.1199951171875,2277900,Yahoo Finance daily
2022-11-30,us,CAT,,235.8999938964844,236.75999450683597,230.7899932861328,236.41000366210935,3850000,Yahoo Finance daily
2022-12-01,us,CAT,,236.8999938964844,237.0,231.94000244140625,235.69000244140625,2504700,Yahoo Finance daily
2022-12-02,us,CAT,,233.88999938964844,238.47000122070312,233.58999633789065,236.1300048828125,2218300,Yahoo Finance daily
2022-12-05,us,CAT,,234.8000030517578,235.91000366210935,232.25999450683597,232.57000732421875,2064500,Yahoo Finance daily
2022-12-06,us,CAT,,232.58999633789065,233.0500030517578,225.55999755859372,228.2899932861328,3633800,Yahoo Finance daily
2022-12-07,us,CAT,,227.0,229.83999633789065,225.77999877929688,228.97999572753903,3044000,Yahoo Finance daily
2022-12-08,us,CAT,,230.91000366210935,232.5,229.5399932861328,230.9199981689453,2189400,Yahoo Finance daily
2022-12-09,us,CAT,,232.0,232.80999755859372,227.19000244140625,227.2899932861328,2257000,Yahoo Finance daily
2022-12-12,us,CAT,,227.5500030517578,233.3999938964844,227.0200042724609,233.05999755859372,2709200,Yahoo Finance daily
2022-12-13,us,CAT,,237.82000732421875,237.9199981689453,232.1300048828125,235.4900054931641,2945200,Yahoo Finance daily
2022-12-14,us,CAT,,236.05999755859372,238.22000122070312,233.1199951171875,234.47999572753903,3513800,Yahoo Finance daily
2022-12-15,us,CAT,,232.16000366210935,232.92999267578125,227.72000122070312,230.66000366210935,2953200,Yahoo Finance daily
2022-12-16,us,CAT,,228.6300048828125,233.22000122070312,228.0500030517578,232.72000122070312,7610700,Yahoo Finance daily
2022-12-19,us,CAT,,233.8999938964844,236.92999267578125,230.92999267578125,232.2899932861328,2622400,Yahoo Finance daily
2022-12-20,us,CAT,,232.44000244140625,235.72000122070312,231.8600006103516,235.13999938964844,2649900,Yahoo Finance daily
2022-12-21,us,CAT,,237.66000366210935,241.91000366210935,237.66000366210935,241.72999572753903,4143600,Yahoo Finance daily
2022-12-22,us,CAT,,240.1499938964844,240.8000030517578,233.0399932861328,237.5399932861328,3129900,Yahoo Finance daily
2022-12-23,us,CAT,,236.9499969482422,240.5399932861328,236.5,239.8699951171875,1959900,Yahoo Finance daily
2022-12-27,us,CAT,,240.69000244140625,245.0500030517578,239.72000122070312,243.13999938964844,3381500,Yahoo Finance daily
2022-12-28,us,CAT,,243.13999938964844,243.82000732421875,238.27999877929688,239.3800048828125,2270000,Yahoo Finance daily
2022-12-29,us,CAT,,241.2100067138672,241.6100006103516,238.2700042724609,240.1999969482422,1652500,Yahoo Finance daily
2022-12-30,us,CAT,,239.38999938964844,240.16000366210935,237.6999969482422,239.55999755859372,1521100,Yahoo Finance daily
2023-01-03,us,CAT,,240.67999267578125,240.67999267578125,236.1999969482422,238.8800048828125,2651900,Yahoo Finance daily
2023-01-04,us,CAT,,240.0,242.1300048828125,238.5500030517578,241.3600006103516,2387900,Yahoo Finance daily
2023-01-05,us,CAT,,240.52999877929688,241.5399932861328,237.55999755859372,240.27999877929688,2355900,Yahoo Finance daily
2023-01-06,us,CAT,,242.88999938964844,249.91000366210935,242.2400054931641,248.8600006103516,3945100,Yahoo Finance daily
2023-01-09,us,CAT,,249.00999450683597,250.97000122070312,246.0,246.6199951171875,3417100,Yahoo Finance daily
2023-01-10,us,CAT,,246.9499969482422,250.83999633789065,246.4499969482422,250.50999450683597,3011900,Yahoo Finance daily
2023-01-11,us,CAT,,251.4900054931641,251.88999938964844,247.1300048828125,250.72999572753903,2402400,Yahoo Finance daily
2023-01-12,us,CAT,,252.0,257.3800048828125,251.00999450683597,255.07000732421875,3881500,Yahoo Finance daily
2023-01-13,us,CAT,,256.79998779296875,258.5799865722656,255.22999572753903,258.4599914550781,3067800,Yahoo Finance daily
2023-01-17,us,CAT,,258.8599853515625,260.5,255.94000244140625,256.260009765625,4100100,Yahoo Finance daily
2023-01-18,us,CAT,,257.2799987792969,258.9100036621094,252.07000732421875,252.82000732421875,3361400,Yahoo Finance daily
2023-01-19,us,CAT,,250.47999572753903,251.25,244.3000030517578,245.75,4885200,Yahoo Finance daily
2023-01-20,us,CAT,,246.8699951171875,249.9199981689453,244.75999450683597,249.7100067138672,2964100,Yahoo Finance daily
2023-01-23,us,CAT,,250.75,253.67999267578125,249.2700042724609,252.6999969482422,2610200,Yahoo Finance daily
2023-01-24,us,CAT,,252.8800048828125,259.04998779296875,249.75,257.6099853515625,3505100,Yahoo Finance daily
2023-01-25,us,CAT,,254.52999877929688,259.19000244140625,254.32000732421875,258.44000244140625,2424900,Yahoo Finance daily
2023-01-26,us,CAT,,260.0,262.260009765625,256.8900146484375,262.1199951171875,2677200,Yahoo Finance daily
2023-01-27,us,CAT,,262.4599914550781,266.0400085449219,262.1199951171875,264.5400085449219,2783000,Yahoo Finance daily
2023-01-30,us,CAT,,263.3399963378906,265.0,261.3099975585937,261.5,3426900,Yahoo Finance daily
2023-01-31,us,CAT,,257.0,257.3900146484375,246.41000366210935,252.2899932861328,10992100,Yahoo Finance daily
2023-02-01,us,CAT,,251.75,252.6999969482422,245.30999755859372,249.5399932861328,6022000,Yahoo Finance daily
2023-02-02,us,CAT,,249.3300018310547,249.52999877929688,241.8000030517578,244.8999938964844,6130300,Yahoo Finance daily
2023-02-03,us,CAT,,244.0,250.9499969482422,243.1300048828125,247.75999450683597,4134700,Yahoo Finance daily
2023-02-06,us,CAT,,248.1100006103516,252.13999938964844,248.0,251.4199981689453,3528800,Yahoo Finance daily
2023-02-07,us,CAT,,250.5500030517578,252.0,245.3500061035156,249.66000366210935,3467900,Yahoo Finance daily
2023-02-08,us,CAT,,248.1000061035156,251.55999755859372,247.0800018310547,248.8699951171875,2300300,Yahoo Finance daily
2023-02-09,us,CAT,,250.0,251.97000122070312,245.47999572753903,246.27999877929688,2464900,Yahoo Finance daily
2023-02-10,us,CAT,,246.27999877929688,248.6300048828125,244.63999938964844,247.6699981689453,2820300,Yahoo Finance daily
2023-02-13,us,CAT,,243.5,248.3800048828125,242.6499938964844,248.1499938964844,3068100,Yahoo Finance daily
2023-02-14,us,CAT,,247.00999450683597,247.30999755859372,241.6499938964844,244.3600006103516,2512900,Yahoo Finance daily
2023-02-15,us,CAT,,244.1999969482422,248.7700042724609,243.22999572753903,248.6999969482422,2398200,Yahoo Finance daily
2023-02-16,us,CAT,,246.5,248.52999877929688,244.5200042724609,246.5200042724609,1934900,Yahoo Finance daily
2023-02-17,us,CAT,,247.8600006103516,250.8600006103516,245.6300048828125,247.7899932861328,3759300,Yahoo Finance daily
2023-02-21,us,CAT,,244.5,248.0,239.75,240.7100067138672,3105900,Yahoo Finance daily
2023-02-22,us,CAT,,241.19000244140625,242.22999572753903,236.4199981689453,237.88999938964844,3145200,Yahoo Finance daily
2023-02-23,us,CAT,,240.6699981689453,240.8300018310547,235.6000061035156,237.9499969482422,3219000,Yahoo Finance daily
2023-02-24,us,CAT,,235.22999572753903,236.69000244140625,233.0200042724609,236.1699981689453,2105500,Yahoo Finance daily
2023-02-27,us,CAT,,239.1000061035156,241.25,238.72000122070312,239.97999572753903,1720900,Yahoo Finance daily
2023-02-28,us,CAT,,240.94000244140625,241.1000061035156,238.7100067138672,239.5500030517578,2647700,Yahoo Finance daily
2023-03-01,us,CAT,,242.00999450683597,249.6999969482422,241.57000732421875,248.6699981689453,4117700,Yahoo Finance daily
2023-03-02,us,CAT,,246.50999450683597,252.4900054931641,246.1300048828125,252.17999267578125,2676500,Yahoo Finance daily
2023-03-03,us,CAT,,252.38999938964844,255.3999938964844,249.91000366210935,255.30999755859372,2314700,Yahoo Finance daily
2023-03-06,us,CAT,,255.6499938964844,255.6999969482422,251.5800018310547,253.97999572753903,2317100,Yahoo Finance daily
2023-03-07,us,CAT,,254.0500030517578,254.75,245.9499969482422,246.13999938964844,3018400,Yahoo Finance daily
2023-03-08,us,CAT,,247.9900054931641,251.1100006103516,246.75,248.72000122070312,2068600,Yahoo Finance daily
2023-03-09,us,CAT,,248.9499969482422,250.1300048828125,240.6100006103516,240.9600067138672,2518800,Yahoo Finance daily
2023-03-10,us,CAT,,236.30999755859372,238.1300048828125,225.8000030517578,227.00999450683597,5767500,Yahoo Finance daily
2023-03-13,us,CAT,,222.5800018310547,228.3300018310547,221.5399932861328,224.6999969482422,4885100,Yahoo Finance daily
2023-03-14,us,CAT,,228.9900054931641,229.58999633789065,222.1999969482422,225.6699981689453,3754900,Yahoo Finance daily
2023-03-15,us,CAT,,219.3999938964844,221.17999267578125,212.57000732421875,217.25999450683597,5471700,Yahoo Finance daily
2023-03-16,us,CAT,,215.6699981689453,219.80999755859372,213.32000732421875,218.7100067138672,3555000,Yahoo Finance daily
2023-03-17,us,CAT,,217.3999938964844,217.3999938964844,211.42999267578125,215.00999450683597,7203000,Yahoo Finance daily
2023-03-20,us,CAT,,217.3500061035156,221.8699951171875,216.47999572753903,220.30999755859372,3464200,Yahoo Finance daily
2023-03-21,us,CAT,,224.05999755859372,226.0,223.6100006103516,224.9199981689453,3074600,Yahoo Finance daily
2023-03-22,us,CAT,,225.1699981689453,226.58999633789065,219.8600006103516,219.9499969482422,2930200,Yahoo Finance daily
2023-03-23,us,CAT,,220.50999450683597,225.3000030517578,217.6000061035156,219.44000244140625,2957400,Yahoo Finance daily
2023-03-24,us,CAT,,216.8500061035156,217.42999267578125,213.13999938964844,217.00999450683597,2976800,Yahoo Finance daily
2023-03-27,us,CAT,,214.92999267578125,218.9600067138672,213.9199981689453,218.0,3209500,Yahoo Finance daily
2023-03-28,us,CAT,,218.1499938964844,220.55999755859372,217.7100067138672,220.16000366210935,1802000,Yahoo Finance daily
2023-03-29,us,CAT,,222.7400054931641,223.22000122070312,221.5,223.0,1857300,Yahoo Finance daily
2023-03-30,us,CAT,,225.0500030517578,226.33999633789065,223.9900054931641,224.5399932861328,1921100,Yahoo Finance daily
2023-03-31,us,CAT,,226.3800048828125,229.05999755859372,224.8999938964844,228.83999633789065,2746700,Yahoo Finance daily
2023-04-03,us,CAT,,230.00999450683597,233.8500061035156,228.8600006103516,229.8699951171875,2242500,Yahoo Finance daily
2023-04-04,us,CAT,,228.8999938964844,229.4900054931641,216.25,217.4499969482422,4282100,Yahoo Finance daily
2023-04-05,us,CAT,,216.1999969482422,217.8800048828125,211.5500030517578,213.52999877929688,4265300,Yahoo Finance daily
2023-04-06,us,CAT,,212.6699981689453,213.0,208.94000244140625,209.1699981689453,4180100,Yahoo Finance daily
2023-04-10,us,CAT,,210.22000122070312,216.08999633789065,209.32000732421875,215.52999877929688,3839000,Yahoo Finance daily
2023-04-11,us,CAT,,216.1699981689453,222.8999938964844,216.1699981689453,220.6000061035156,3882000,Yahoo Finance daily
2023-04-12,us,CAT,,222.1499938964844,223.22000122070312,219.88999938964844,220.5,2385100,Yahoo Finance daily
2023-04-13,us,CAT,,219.94000244140625,222.17999267578125,216.66000366210935,221.6699981689453,2909100,Yahoo Finance daily
2023-04-14,us,CAT,,222.9900054931641,225.8300018310547,221.44000244140625,223.67999267578125,2246900,Yahoo Finance daily
2023-04-17,us,CAT,,225.00999450683597,226.9199981689453,224.3000030517578,225.2400054931641,1751800,Yahoo Finance daily
2023-04-18,us,CAT,,225.55999755859372,227.5,224.05999755859372,225.1999969482422,2567100,Yahoo Finance daily
2023-04-19,us,CAT,,224.8000030517578,225.1499938964844,222.41000366210935,224.6499938964844,2078400,Yahoo Finance daily
2023-04-20,us,CAT,,222.4199981689453,224.22000122070312,220.92999267578125,222.2700042724609,2826800,Yahoo Finance daily
2023-04-21,us,CAT,,220.6699981689453,220.9900054931641,217.5,220.2700042724609,2712500,Yahoo Finance daily
2023-04-24,us,CAT,,220.52999877929688,223.69000244140625,220.52999877929688,223.42999267578125,2790700,Yahoo Finance daily
2023-04-25,us,CAT,,222.3600006103516,223.22999572753903,218.2700042724609,218.6300048828125,2505600,Yahoo Finance daily
2023-04-26,us,CAT,,217.72999572753903,220.38999938964844,216.1199951171875,216.19000244140625,3254700,Yahoo Finance daily
2023-04-27,us,CAT,,210.47999572753903,216.0800018310547,204.0399932861328,214.3300018310547,7711100,Yahoo Finance daily
2023-04-28,us,CAT,,213.2400054931641,220.55999755859372,213.0,218.8000030517578,4669500,Yahoo Finance daily
2023-05-01,us,CAT,,219.33999633789065,221.9600067138672,216.52999877929688,217.2700042724609,2876400,Yahoo Finance daily
2023-05-02,us,CAT,,217.1100006103516,217.1100006103516,210.58999633789065,215.1499938964844,2858000,Yahoo Finance daily
2023-05-03,us,CAT,,215.63999938964844,219.1699981689453,214.8600006103516,215.63999938964844,2635100,Yahoo Finance daily
2023-05-04,us,CAT,,216.0500030517578,216.92999267578125,209.3300018310547,210.3800048828125,3211000,Yahoo Finance daily
2023-05-05,us,CAT,,213.58999633789065,215.67999267578125,212.3999938964844,215.08999633789065,2716600,Yahoo Finance daily
2023-05-08,us,CAT,,216.44000244140625,218.1100006103516,213.6300048828125,214.7899932861328,2414100,Yahoo Finance daily
2023-05-09,us,CAT,,213.7400054931641,215.38999938964844,211.9499969482422,213.4900054931641,4111900,Yahoo Finance daily
2023-05-10,us,CAT,,215.42999267578125,215.9900054931641,210.19000244140625,213.1699981689453,2446100,Yahoo Finance daily
2023-05-11,us,CAT,,209.0,210.27999877929688,208.4199981689453,210.02999877929688,3263300,Yahoo Finance daily
2023-05-12,us,CAT,,211.7100067138672,212.5500030517578,207.92999267578125,209.5399932861328,2172600,Yahoo Finance daily
2023-05-15,us,CAT,,210.30999755859372,213.30999755859372,209.1499938964844,211.2899932861328,1925600,Yahoo Finance daily
2023-05-16,us,CAT,,210.0500030517578,210.2700042724609,207.0500030517578,207.1999969482422,2771500,Yahoo Finance daily
2023-05-17,us,CAT,,209.27999877929688,213.83999633789065,208.6499938964844,212.1000061035156,2897400,Yahoo Finance daily
2023-05-18,us,CAT,,211.0,215.66000366210935,210.22999572753903,214.72000122070312,2643600,Yahoo Finance daily
2023-05-19,us,CAT,,219.4600067138672,219.88999938964844,212.9499969482422,214.77999877929688,4402100,Yahoo Finance daily
2023-05-22,us,CAT,,214.25,217.16000366210935,211.88999938964844,214.25999450683597,2540600,Yahoo Finance daily
2023-05-23,us,CAT,,213.1999969482422,215.25999450683597,211.3500061035156,212.7100067138672,2298300,Yahoo Finance daily
2023-05-24,us,CAT,,211.80999755859372,212.47999572753903,209.22000122070312,209.6999969482422,2964000,Yahoo Finance daily
2023-05-25,us,CAT,,209.69000244140625,211.7899932861328,208.6000061035156,209.97999572753903,2243600,Yahoo Finance daily
2023-05-26,us,CAT,,211.7400054931641,213.27999877929688,210.2100067138672,211.8000030517578,1973900,Yahoo Finance daily
2023-05-30,us,CAT,,211.17999267578125,212.88999938964844,208.25,209.8999938964844,2885900,Yahoo Finance daily
2023-05-31,us,CAT,,209.1300048828125,210.77999877929688,205.6000061035156,205.75,5937000,Yahoo Finance daily
2023-06-01,us,CAT,,207.67999267578125,210.57000732421875,206.0399932861328,209.07000732421875,2989100,Yahoo Finance daily
2023-06-02,us,CAT,,214.9499969482422,227.77999877929688,214.00999450683597,226.6300048828125,8358200,Yahoo Finance daily
2023-06-05,us,CAT,,226.9900054931641,226.9900054931641,220.75,222.47000122070312,3438400,Yahoo Finance daily
2023-06-06,us,CAT,,221.8600006103516,228.2700042724609,221.4499969482422,226.67999267578125,3230100,Yahoo Finance daily
2023-06-07,us,CAT,,227.80999755859372,236.3600006103516,226.27999877929688,235.5500030517578,5586400,Yahoo Finance daily
2023-06-08,us,CAT,,234.5399932861328,236.27999877929688,231.7400054931641,234.4499969482422,3546800,Yahoo Finance daily
2023-06-09,us,CAT,,235.6999969482422,235.80999755859372,231.42999267578125,235.02999877929688,2488500,Yahoo Finance daily
2023-06-12,us,CAT,,235.22999572753903,238.88999938964844,233.32000732421875,237.8999938964844,3644200,Yahoo Finance daily
2023-06-13,us,CAT,,240.0800018310547,246.67999267578125,239.67999267578125,245.44000244140625,4335100,Yahoo Finance daily
2023-06-14,us,CAT,,246.8000030517578,248.32000732421875,241.57000732421875,243.32000732421875,3122400,Yahoo Finance daily
2023-06-15,us,CAT,,244.0,248.3800048828125,243.47999572753903,247.6699981689453,2743900,Yahoo Finance daily
2023-06-16,us,CAT,,249.3999938964844,250.88999938964844,244.97000122070312,245.2700042724609,5261200,Yahoo Finance daily
2023-06-20,us,CAT,,242.3300018310547,243.22000122070312,240.5500030517578,241.1499938964844,2979800,Yahoo Finance daily
2023-06-21,us,CAT,,238.83999633789065,245.25999450683597,238.02999877929688,241.47999572753903,2892500,Yahoo Finance daily
2023-06-22,us,CAT,,240.22999572753903,240.97999572753903,235.9499969482422,237.33999633789065,2421600,Yahoo Finance daily
2023-06-23,us,CAT,,234.44000244140625,235.8600006103516,231.27999877929688,234.44000244140625,3354000,Yahoo Finance daily
2023-06-26,us,CAT,,235.4600067138672,239.6199951171875,235.1300048828125,236.9499969482422,1748300,Yahoo Finance daily
2023-06-27,us,CAT,,237.47999572753903,240.83999633789065,235.32000732421875,240.69000244140625,2283000,Yahoo Finance daily
2023-06-28,us,CAT,,239.2899932861328,242.0500030517578,237.8600006103516,241.8699951171875,2200100,Yahoo Finance daily
2023-06-29,us,CAT,,241.94000244140625,246.8600006103516,241.3699951171875,244.2400054931641,2070000,Yahoo Finance daily
2023-06-30,us,CAT,,246.57000732421875,246.92999267578125,243.88999938964844,246.0500030517578,2377900,Yahoo Finance daily
2023-07-03,us,CAT,,245.9499969482422,248.38999938964844,245.2700042724609,247.3300018310547,1045700,Yahoo Finance daily
2023-07-05,us,CAT,,245.0,247.5,244.1199951171875,244.8300018310547,1820600,Yahoo Finance daily
2023-07-06,us,CAT,,242.75,243.8699951171875,238.83999633789065,240.5800018310547,3079700,Yahoo Finance daily
2023-07-07,us,CAT,,240.19000244140625,247.8000030517578,240.1100006103516,245.17999267578125,2903900,Yahoo Finance daily
2023-07-10,us,CAT,,244.50999450683597,249.3600006103516,244.08999633789065,248.80999755859372,2771900,Yahoo Finance daily
2023-07-11,us,CAT,,249.83999633789065,254.47000122070312,249.83999633789065,252.8500061035156,3293300,Yahoo Finance daily
2023-07-12,us,CAT,,255.4900054931641,257.6400146484375,251.44000244140625,253.6000061035156,2986200,Yahoo Finance daily
2023-07-13,us,CAT,,254.55999755859372,256.4599914550781,252.7400054931641,255.8600006103516,1949400,Yahoo Finance daily
2023-07-14,us,CAT,,256.4800109863281,256.4800109863281,252.91000366210935,255.6199951171875,1936800,Yahoo Finance daily
2023-07-17,us,CAT,,254.2700042724609,258.8500061035156,252.00999450683597,257.4599914550781,2674500,Yahoo Finance daily
2023-07-18,us,CAT,,257.6300048828125,264.1600036621094,256.92999267578125,263.8099975585937,3832400,Yahoo Finance daily
2023-07-19,us,CAT,,260.1400146484375,262.9200134277344,259.70001220703125,262.75,2771900,Yahoo Finance daily
2023-07-20,us,CAT,,264.1700134277344,265.3999938964844,260.44000244140625,261.0899963378906,2102300,Yahoo Finance daily
2023-07-21,us,CAT,,261.75,261.760009765625,257.510009765625,257.6499938964844,2249900,Yahoo Finance daily
2023-07-24,us,CAT,,258.29998779296875,262.44000244140625,258.1000061035156,259.3699951171875,2195300,Yahoo Finance daily
2023-07-25,us,CAT,,260.1000061035156,263.8800048828125,259.44000244140625,262.0599975585937,2016600,Yahoo Finance daily
2023-07-26,us,CAT,,260.5299987792969,262.5400085449219,257.25,258.32000732421875,2622800,Yahoo Finance daily
2023-07-27,us,CAT,,258.9700012207031,261.1000061035156,256.82000732421875,258.29998779296875,2284400,Yahoo Finance daily
2023-07-28,us,CAT,,259.92999267578125,262.9800109863281,258.989990234375,260.42999267578125,2101200,Yahoo Finance daily
2023-07-31,us,CAT,,262.75,265.2099914550781,261.6600036621094,265.1700134277344,3568700,Yahoo Finance daily
2023-08-01,us,CAT,,272.75,288.7799987792969,270.5,288.6499938964844,11823200,Yahoo Finance daily
2023-08-02,us,CAT,,287.75,293.8800048828125,286.0899963378906,287.57000732421875,6288300,Yahoo Finance daily
2023-08-03,us,CAT,,285.5400085449219,287.94000244140625,281.04998779296875,281.45001220703125,4743500,Yahoo Finance daily
2023-08-04,us,CAT,,283.20001220703125,283.5,275.3599853515625,276.44000244140625,3888200,Yahoo Finance daily
2023-08-07,us,CAT,,277.1199951171875,281.9599914550781,275.8900146484375,281.6499938964844,2438200,Yahoo Finance daily
2023-08-08,us,CAT,,278.0,283.95001220703125,274.7799987792969,282.8900146484375,2519500,Yahoo Finance daily
2023-08-09,us,CAT,,284.6600036621094,287.1199951171875,283.8800048828125,284.5299987792969,3088600,Yahoo Finance daily
2023-08-10,us,CAT,,284.489990234375,287.6600036621094,281.19000244140625,283.82000732421875,2647100,Yahoo Finance daily
2023-08-11,us,CAT,,283.94000244140625,286.0400085449219,282.6099853515625,285.2200012207031,1874100,Yahoo Finance daily
2023-08-14,us,CAT,,284.0599975585937,285.6000061035156,281.2699890136719,284.5400085449219,2194000,Yahoo Finance daily
2023-08-15,us,CAT,,282.5199890136719,282.6400146484375,277.04998779296875,277.3699951171875,2593600,Yahoo Finance daily
2023-08-16,us,CAT,,277.0,281.7099914550781,274.0799865722656,274.510009765625,2831300,Yahoo Finance daily
2023-08-17,us,CAT,,277.0199890136719,279.54998779296875,274.6600036621094,275.1700134277344,2534700,Yahoo Finance daily
2023-08-18,us,CAT,,273.010009765625,275.69000244140625,271.1099853515625,273.79998779296875,2533000,Yahoo Finance daily
2023-08-21,us,CAT,,274.75,276.239990234375,268.79998779296875,272.75,2207400,Yahoo Finance daily
2023-08-22,us,CAT,,273.94000244140625,274.1300048828125,269.6700134277344,270.20001220703125,1668800,Yahoo Finance daily
2023-08-23,us,CAT,,270.29998779296875,273.760009765625,269.1099853515625,273.0299987792969,1677800,Yahoo Finance daily
2023-08-24,us,CAT,,271.6000061035156,274.69000244140625,269.20001220703125,269.29998779296875,1433600,Yahoo Finance daily
2023-08-25,us,CAT,,271.5199890136719,273.6199951171875,268.8299865722656,272.5599975585937,1291700,Yahoo Finance daily
2023-08-28,us,CAT,,273.5,277.0,273.0400085449219,274.7900085449219,1550700,Yahoo Finance daily
2023-08-29,us,CAT,,275.0,280.1300048828125,273.42999267578125,280.0299987792969,2065800,Yahoo Finance daily
2023-08-30,us,CAT,,280.0299987792969,283.8099975585937,279.8099975585937,282.3299865722656,1431000,Yahoo Finance daily
2023-08-31,us,CAT,,283.6400146484375,284.8099975585937,280.8399963378906,281.1300048828125,2579000,Yahoo Finance daily
2023-09-01,us,CAT,,284.79998779296875,287.07000732421875,283.6499938964844,286.25,2336600,Yahoo Finance daily
2023-09-05,us,CAT,,286.3399963378906,289.4100036621094,281.3800048828125,281.6300048828125,2515600,Yahoo Finance daily
2023-09-06,us,CAT,,280.4200134277344,284.4700012207031,279.0400085449219,282.8999938964844,1688900,Yahoo Finance daily
2023-09-07,us,CAT,,280.92999267578125,283.4800109863281,277.6499938964844,281.42999267578125,1593200,Yahoo Finance daily
2023-09-08,us,CAT,,281.57000732421875,283.3900146484375,279.1199951171875,282.2799987792969,1240100,Yahoo Finance daily
2023-09-11,us,CAT,,284.5599975585937,285.0,279.95001220703125,282.04998779296875,1515300,Yahoo Finance daily
2023-09-12,us,CAT,,280.260009765625,284.7099914550781,279.82000732421875,281.8099975585937,1587300,Yahoo Finance daily
2023-09-13,us,CAT,,280.2099914550781,282.739990234375,273.0299987792969,275.9200134277344,2119300,Yahoo Finance daily
2023-09-14,us,CAT,,279.0,283.17999267578125,277.8299865722656,282.5599975585937,2660500,Yahoo Finance daily
2023-09-15,us,CAT,,281.8699951171875,281.8699951171875,277.3299865722656,279.1499938964844,4940900,Yahoo Finance daily
2023-09-18,us,CAT,,279.0599975585937,282.75,278.8500061035156,280.94000244140625,1363200,Yahoo Finance daily
2023-09-19,us,CAT,,280.0799865722656,283.5,277.6499938964844,279.6700134277344,2313500,Yahoo Finance daily
2023-09-20,us,CAT,,281.5,286.6000061035156,278.0799865722656,278.6099853515625,2380300,Yahoo Finance daily
2023-09-21,us,CAT,,276.2099914550781,276.2099914550781,271.6000061035156,272.0299987792969,2277600,Yahoo Finance daily
2023-09-22,us,CAT,,272.010009765625,275.1000061035156,271.6099853515625,273.0599975585937,1707800,Yahoo Finance daily
2023-09-25,us,CAT,,270.75,274.8299865722656,270.07000732421875,274.2699890136719,1257400,Yahoo Finance daily
2023-09-26,us,CAT,,271.1499938964844,273.4200134277344,269.1499938964844,269.5199890136719,1756400,Yahoo Finance daily
2023-09-27,us,CAT,,271.0,274.2300109863281,269.20001220703125,272.7099914550781,1991600,Yahoo Finance daily
2023-09-28,us,CAT,,273.489990234375,278.25,272.2200012207031,276.239990234375,1994700,Yahoo Finance daily
2023-09-29,us,CAT,,279.0799865722656,279.54998779296875,271.3599853515625,273.0,2257800,Yahoo Finance daily
2023-10-02,us,CAT,,272.6400146484375,276.8099975585937,270.239990234375,271.7200012207031,1778200,Yahoo Finance daily
2023-10-03,us,CAT,,271.2099914550781,273.5799865722656,267.5400085449219,268.9700012207031,2187900,Yahoo Finance daily
2023-10-04,us,CAT,,267.5,267.82000732421875,262.7799987792969,265.0299987792969,2970100,Yahoo Finance daily
2023-10-05,us,CAT,,263.8999938964844,265.94000244140625,260.42999267578125,260.79998779296875,2639300,Yahoo Finance daily
2023-10-06,us,CAT,,261.57000732421875,268.4200134277344,258.2699890136719,266.0400085449219,2293400,Yahoo Finance daily
2023-10-09,us,CAT,,266.0400085449219,271.6099853515625,264.6499938964844,271.29998779296875,1640800,Yahoo Finance daily
2023-10-10,us,CAT,,272.6499938964844,275.1000061035156,271.8299865722656,273.2099914550781,2009000,Yahoo Finance daily
2023-10-11,us,CAT,,273.5299987792969,274.4100036621094,269.8999938964844,272.8299865722656,1538200,Yahoo Finance daily
2023-10-12,us,CAT,,273.79998779296875,273.79998779296875,266.19000244140625,269.6099853515625,1910500,Yahoo Finance daily
2023-10-13,us,CAT,,270.489990234375,273.94000244140625,266.1000061035156,267.94000244140625,1918300,Yahoo Finance daily
2023-10-16,us,CAT,,272.1199951171875,273.9700012207031,269.5799865722656,270.7900085449219,1678600,Yahoo Finance daily
2023-10-17,us,CAT,,268.5799865722656,275.5599975585937,268.5799865722656,272.6499938964844,2110100,Yahoo Finance daily
2023-10-18,us,CAT,,268.5,269.0,258.75,259.2200012207031,4257100,Yahoo Finance daily
2023-10-19,us,CAT,,257.9100036621094,260.0,251.75999450683597,252.88999938964844,3850000,Yahoo Finance daily
2023-10-20,us,CAT,,251.30999755859372,253.4900054931641,248.16000366210935,249.1999969482422,3103500,Yahoo Finance daily
2023-10-23,us,CAT,,247.6300048828125,251.6100006103516,246.55999755859372,247.32000732421875,3193200,Yahoo Finance daily
2023-10-24,us,CAT,,250.25,251.72000122070312,247.25,249.5500030517578,2304600,Yahoo Finance daily
2023-10-25,us,CAT,,249.8699951171875,250.7700042724609,244.5,244.94000244140625,2542400,Yahoo Finance daily
2023-10-26,us,CAT,,245.52999877929688,246.72999572753903,240.41000366210935,242.42999267578125,3859200,Yahoo Finance daily
2023-10-27,us,CAT,,243.0500030517578,243.9199981689453,237.8600006103516,238.55999755859372,3229900,Yahoo Finance daily
2023-10-30,us,CAT,,240.94000244140625,243.6000061035156,239.17999267578125,242.16000366210935,4478300,Yahoo Finance daily
2023-10-31,us,CAT,,227.6499938964844,230.5399932861328,223.75999450683597,226.0500030517578,12093300,Yahoo Finance daily
2023-11-01,us,CAT,,225.1100006103516,232.6499938964844,223.9199981689453,231.8300018310547,4932800,Yahoo Finance daily
2023-11-02,us,CAT,,235.8000030517578,239.58999633789065,232.8800048828125,239.1199951171875,7749900,Yahoo Finance daily
2023-11-03,us,CAT,,241.50999450683597,244.2400054931641,238.17999267578125,240.75,3929500,Yahoo Finance daily
2023-11-06,us,CAT,,241.50999450683597,242.9199981689453,236.3600006103516,238.27999877929688,2891500,Yahoo Finance daily
2023-11-07,us,CAT,,234.5800018310547,237.13999938964844,233.57000732421875,234.9199981689453,4074000,Yahoo Finance daily
2023-11-08,us,CAT,,236.0,237.7899932861328,234.4499969482422,234.82000732421875,2532500,Yahoo Finance daily
2023-11-09,us,CAT,,237.44000244140625,239.27999877929688,233.82000732421875,234.1499938964844,2708800,Yahoo Finance daily
2023-11-10,us,CAT,,235.33999633789065,240.1499938964844,234.6199951171875,239.67999267578125,2525200,Yahoo Finance daily
2023-11-13,us,CAT,,238.8800048828125,243.30999755859372,238.8800048828125,241.6699981689453,3035700,Yahoo Finance daily
2023-11-14,us,CAT,,246.75,249.5500030517578,244.69000244140625,247.8600006103516,3441800,Yahoo Finance daily
2023-11-15,us,CAT,,249.5200042724609,252.92999267578125,248.6000061035156,251.08999633789065,3739900,Yahoo Finance daily
2023-11-16,us,CAT,,250.5,252.9199981689453,246.6000061035156,248.2100067138672,2625000,Yahoo Finance daily
2023-11-17,us,CAT,,250.08999633789065,254.25999450683597,250.0,253.07000732421875,2792500,Yahoo Finance daily
2023-11-20,us,CAT,,252.6100006103516,252.8999938964844,248.66000366210935,250.4499969482422,2661400,Yahoo Finance daily
2023-11-21,us,CAT,,249.44000244140625,249.8500061035156,248.32000732421875,249.41000366210935,1765500,Yahoo Finance daily
2023-11-22,us,CAT,,241.83999633789065,247.6300048828125,241.80999755859372,246.00999450683597,3593700,Yahoo Finance daily
2023-11-24,us,CAT,,246.75,248.8999938964844,246.6999969482422,247.3600006103516,982200,Yahoo Finance daily
2023-11-27,us,CAT,,246.9600067138672,248.22000122070312,246.32000732421875,247.38999938964844,1743300,Yahoo Finance daily
2023-11-28,us,CAT,,247.7400054931641,248.8699951171875,246.00999450683597,247.5,2149900,Yahoo Finance daily
2023-11-29,us,CAT,,249.67999267578125,251.5800018310547,248.30999755859372,249.4499969482422,2224700,Yahoo Finance daily
2023-11-30,us,CAT,,251.0399932861328,251.5,247.83999633789065,250.72000122070312,3210500,Yahoo Finance daily
2023-12-01,us,CAT,,251.91000366210935,257.44000244140625,251.00999450683597,256.760009765625,3731500,Yahoo Finance daily
2023-12-04,us,CAT,,253.57000732421875,255.52999877929688,252.4199981689453,254.75,3028700,Yahoo Finance daily
2023-12-05,us,CAT,,253.77999877929688,257.20001220703125,253.77999877929688,255.19000244140625,2682200,Yahoo Finance daily
2023-12-06,us,CAT,,256.79998779296875,261.010009765625,255.57000732421875,255.97000122070312,3632600,Yahoo Finance daily
2023-12-07,us,CAT,,257.2099914550781,259.3800048828125,255.80999755859372,257.4100036621094,2162500,Yahoo Finance daily
2023-12-08,us,CAT,,257.3800048828125,261.6400146484375,257.0,259.5,3258200,Yahoo Finance daily
2023-12-11,us,CAT,,259.8399963378906,262.239990234375,259.5,260.9200134277344,2898300,Yahoo Finance daily
2023-12-12,us,CAT,,259.989990234375,262.489990234375,259.1199951171875,261.42999267578125,2375700,Yahoo Finance daily
2023-12-13,us,CAT,,261.3999938964844,268.2300109863281,259.2799987792969,267.9700012207031,3708300,Yahoo Finance daily
2023-12-14,us,CAT,,272.45001220703125,285.4599914550781,270.54998779296875,285.1700134277344,6464100,Yahoo Finance daily
2023-12-15,us,CAT,,280.1000061035156,286.8500061035156,279.9800109863281,285.739990234375,7321200,Yahoo Finance daily
2023-12-18,us,CAT,,286.739990234375,288.8800048828125,284.57000732421875,285.7099914550781,2691700,Yahoo Finance daily
2023-12-19,us,CAT,,286.79998779296875,293.0299987792969,286.1600036621094,292.9599914550781,3659600,Yahoo Finance daily
2023-12-20,us,CAT,,291.92999267578125,298.2699890136719,289.5199890136719,289.7099914550781,3818400,Yahoo Finance daily
2023-12-21,us,CAT,,289.8999938964844,290.7300109863281,286.6000061035156,290.07000732421875,3209300,Yahoo Finance daily
2023-12-22,us,CAT,,290.3099975585937,292.8299865722656,288.9100036621094,290.3599853515625,2833800,Yahoo Finance daily
2023-12-26,us,CAT,,291.5899963378906,297.0899963378906,291.0,295.6300048828125,2019000,Yahoo Finance daily
2023-12-27,us,CAT,,295.6300048828125,299.1499938964844,294.7300109863281,298.1199951171875,1876500,Yahoo Finance daily
2023-12-28,us,CAT,,297.1000061035156,299.20001220703125,296.0400085449219,296.8800048828125,2267400,Yahoo Finance daily
2023-12-29,us,CAT,,296.8500061035156,298.239990234375,293.20001220703125,295.6700134277344,2300600,Yahoo Finance daily
2024-01-02,us,CAT,,293.42999267578125,296.6400146484375,291.3500061035156,292.7099914550781,2433100,Yahoo Finance daily
2024-01-03,us,CAT,,288.3900146484375,288.92999267578125,283.32000732421875,284.29998779296875,3043400,Yahoo Finance daily
2024-01-04,us,CAT,,284.4100036621094,288.2200012207031,283.7900085449219,286.1000061035156,2995400,Yahoo Finance daily
2024-01-05,us,CAT,,286.25,291.0,285.4700012207031,288.92999267578125,2684800,Yahoo Finance daily
2024-01-08,us,CAT,,287.5599975585937,292.67999267578125,285.239990234375,292.25,2369100,Yahoo Finance daily
2024-01-09,us,CAT,,289.2300109863281,292.3599853515625,288.0,292.2900085449219,1974500,Yahoo Finance daily
2024-01-10,us,CAT,,292.1499938964844,294.54998779296875,291.4599914550781,293.3500061035156,2048000,Yahoo Finance daily
2024-01-11,us,CAT,,294.6000061035156,295.6000061035156,289.4100036621094,292.0599975585937,1941400,Yahoo Finance daily
2024-01-12,us,CAT,,295.2699890136719,295.8299865722656,288.92999267578125,290.4100036621094,1955600,Yahoo Finance daily
2024-01-16,us,CAT,,288.8800048828125,290.2099914550781,285.6000061035156,287.2300109863281,3140100,Yahoo Finance daily
2024-01-17,us,CAT,,278.8299865722656,282.0199890136719,276.94000244140625,278.6300048828125,3789200,Yahoo Finance daily
2024-01-18,us,CAT,,280.0199890136719,282.5299987792969,277.6600036621094,281.8999938964844,2479300,Yahoo Finance daily
2024-01-19,us,CAT,,282.32000732421875,286.0799865722656,278.95001220703125,285.2799987792969,3116000,Yahoo Finance daily
2024-01-22,us,CAT,,286.1000061035156,290.5899963378906,286.1000061035156,288.6700134277344,2072200,Yahoo Finance daily
2024-01-23,us,CAT,,290.5,292.8800048828125,287.5199890136719,288.8299865722656,1866300,Yahoo Finance daily
2024-01-24,us,CAT,,290.8399963378906,292.6099853515625,288.3399963378906,290.67999267578125,2765900,Yahoo Finance daily
2024-01-25,us,CAT,,294.0,303.3099975585937,293.1300048828125,300.7699890136719,4647100,Yahoo Finance daily
2024-01-26,us,CAT,,301.0,302.9800109863281,298.6600036621094,299.42999267578125,2920500,Yahoo Finance daily
2024-01-29,us,CAT,,299.0199890136719,303.70001220703125,297.45001220703125,303.25,2101400,Yahoo Finance daily
2024-01-30,us,CAT,,300.510009765625,305.7300109863281,300.510009765625,304.760009765625,2150200,Yahoo Finance daily
2024-01-31,us,CAT,,305.57000732421875,305.75,299.92999267578125,300.3099975585937,2813000,Yahoo Finance daily
2024-02-01,us,CAT,,303.239990234375,308.07000732421875,301.94000244140625,307.69000244140625,3196300,Yahoo Finance daily
2024-02-02,us,CAT,,307.0,317.3699951171875,306.0,315.0899963378906,4661500,Yahoo Finance daily
2024-02-05,us,CAT,,334.8699951171875,334.8699951171875,315.9100036621094,321.3999938964844,6557500,Yahoo Finance daily
2024-02-06,us,CAT,,323.19000244140625,327.42999267578125,319.07000732421875,322.7200012207031,2825700,Yahoo Finance daily
2024-02-07,us,CAT,,322.94000244140625,327.82000732421875,321.1000061035156,323.5899963378906,3203000,Yahoo Finance daily
2024-02-08,us,CAT,,324.6700134277344,326.42999267578125,321.4200134277344,322.0,1986100,Yahoo Finance daily
2024-02-09,us,CAT,,322.0,322.3299865722656,315.57000732421875,317.1600036621094,2823000,Yahoo Finance daily
2024-02-12,us,CAT,,317.2099914550781,323.0899963378906,316.510009765625,321.6300048828125,2483600,Yahoo Finance daily
2024-02-13,us,CAT,,315.7900085449219,316.0,310.7900085449219,312.8399963378906,2923200,Yahoo Finance daily
2024-02-14,us,CAT,,316.010009765625,317.8500061035156,313.9700012207031,316.7099914550781,1887100,Yahoo Finance daily
2024-02-15,us,CAT,,315.95001220703125,323.2099914550781,315.4599914550781,323.07000732421875,2362900,Yahoo Finance daily
2024-02-16,us,CAT,,323.7200012207031,328.29998779296875,321.44000244140625,321.9100036621094,2513200,Yahoo Finance daily
2024-02-20,us,CAT,,317.260009765625,319.0,312.739990234375,313.739990234375,2701600,Yahoo Finance daily
2024-02-21,us,CAT,,312.8999938964844,317.82000732421875,312.8999938964844,317.1400146484375,1779700,Yahoo Finance daily
2024-02-22,us,CAT,,321.0,323.3699951171875,320.3399963378906,322.0899963378906,1875800,Yahoo Finance daily
2024-02-23,us,CAT,,323.0,325.0799865722656,322.04998779296875,323.8800048828125,1575000,Yahoo Finance daily
2024-02-26,us,CAT,,323.6499938964844,327.239990234375,322.25,325.3800048828125,1650000,Yahoo Finance daily
2024-02-27,us,CAT,,326.9800109863281,327.95001220703125,323.7699890136719,327.6300048828125,1640900,Yahoo Finance daily
2024-02-28,us,CAT,,327.3900146484375,331.67999267578125,326.989990234375,329.5599975585937,1471000,Yahoo Finance daily
2024-02-29,us,CAT,,331.0,334.8900146484375,330.1000061035156,333.9599914550781,2699800,Yahoo Finance daily
2024-03-01,us,CAT,,334.0,337.7699890136719,333.6000061035156,336.70001220703125,1815500,Yahoo Finance daily
2024-03-04,us,CAT,,335.6000061035156,340.260009765625,334.7900085449219,338.6499938964844,1551000,Yahoo Finance daily
2024-03-05,us,CAT,,335.4200134277344,338.989990234375,331.739990234375,333.5299987792969,2030000,Yahoo Finance daily
2024-03-06,us,CAT,,336.25,337.7300109863281,334.1600036621094,335.6300048828125,1542300,Yahoo Finance daily
2024-03-07,us,CAT,,338.510009765625,342.3399963378906,338.42999267578125,340.2200012207031,1732500,Yahoo Finance daily
2024-03-08,us,CAT,,342.07000732421875,344.5,338.1000061035156,339.19000244140625,2307400,Yahoo Finance daily
2024-03-11,us,CAT,,337.0,338.2099914550781,331.5299987792969,334.9700012207031,1868000,Yahoo Finance daily
2024-03-12,us,CAT,,335.2799987792969,338.3900146484375,332.739990234375,337.239990234375,1645900,Yahoo Finance daily
2024-03-13,us,CAT,,338.1400146484375,343.1000061035156,337.3900146484375,341.5199890136719,1818800,Yahoo Finance daily
2024-03-14,us,CAT,,344.54998779296875,346.8399963378906,338.94000244140625,341.9200134277344,2110200,Yahoo Finance daily
2024-03-15,us,CAT,,342.9700012207031,347.2900085449219,341.1499938964844,346.9700012207031,4406000,Yahoo Finance daily
2024-03-18,us,CAT,,348.0799865722656,353.3399963378906,347.8599853515625,351.8999938964844,2528200,Yahoo Finance daily
2024-03-19,us,CAT,,351.6000061035156,354.0,349.6199951171875,353.8999938964844,2207600,Yahoo Finance daily
2024-03-20,us,CAT,,351.1199951171875,358.17999267578125,348.1400146484375,356.45001220703125,2563900,Yahoo Finance daily
2024-03-21,us,CAT,,357.6700134277344,365.2000122070313,356.7200012207031,364.55999755859375,2616300,Yahoo Finance daily
2024-03-22,us,CAT,,364.6000061035156,365.5199890136719,357.8599853515625,358.1099853515625,2052000,Yahoo Finance daily
2024-03-25,us,CAT,,356.9599914550781,358.8699951171875,355.0299987792969,355.95001220703125,1774800,Yahoo Finance daily
2024-03-26,us,CAT,,356.4599914550781,359.5899963378906,356.0,356.3900146484375,1637200,Yahoo Finance daily
2024-03-27,us,CAT,,358.7200012207031,364.80999755859375,357.8800048828125,364.6499938964844,2262800,Yahoo Finance daily
2024-03-28,us,CAT,,364.6199951171875,367.2200012207031,363.5299987792969,366.4299926757813,2028600,Yahoo Finance daily
2024-04-01,us,CAT,,367.4800109863281,367.9299926757813,362.6400146484375,363.739990234375,1953800,Yahoo Finance daily
2024-04-02,us,CAT,,362.30999755859375,364.989990234375,361.4800109863281,364.8299865722656,1968900,Yahoo Finance daily
2024-04-03,us,CAT,,365.489990234375,376.0700073242188,364.6000061035156,375.7900085449219,2623700,Yahoo Finance daily
2024-04-04,us,CAT,,377.3699951171875,381.0299987792969,368.8800048828125,369.7900085449219,2492200,Yahoo Finance daily
2024-04-05,us,CAT,,372.5,381.0,371.7900085449219,379.2999877929688,2068300,Yahoo Finance daily
2024-04-08,us,CAT,,379.1099853515625,382.010009765625,372.8900146484375,373.4700012207031,2690000,Yahoo Finance daily
2024-04-09,us,CAT,,375.0299987792969,377.1600036621094,365.510009765625,371.8999938964844,2042700,Yahoo Finance daily
2024-04-10,us,CAT,,366.2000122070313,372.6199951171875,364.3900146484375,372.0700073242188,2148500,Yahoo Finance daily
2024-04-11,us,CAT,,372.6300048828125,373.3699951171875,366.8999938964844,371.9800109863281,2535700,Yahoo Finance daily
2024-04-12,us,CAT,,368.6400146484375,372.8399963378906,362.6799926757813,365.6300048828125,2072900,Yahoo Finance daily
2024-04-15,us,CAT,,372.9700012207031,374.4599914550781,362.1099853515625,363.9100036621094,2171000,Yahoo Finance daily
2024-04-16,us,CAT,,363.0199890136719,363.4599914550781,357.17999267578125,359.8800048828125,2513900,Yahoo Finance daily
2024-04-17,us,CAT,,362.6499938964844,362.9100036621094,352.8800048828125,358.32000732421875,2313800,Yahoo Finance daily
2024-04-18,us,CAT,,361.1499938964844,363.4800109863281,356.1700134277344,357.92999267578125,2380700,Yahoo Finance daily
2024-04-19,us,CAT,,358.2900085449219,360.9500122070313,352.1400146484375,354.6600036621094,2929600,Yahoo Finance daily
2024-04-22,us,CAT,,356.1000061035156,362.0,353.239990234375,357.6099853515625,2085400,Yahoo Finance daily
2024-04-23,us,CAT,,360.0,365.5199890136719,359.0400085449219,363.25,1810700,Yahoo Finance daily
2024-04-24,us,CAT,,363.9500122070313,368.1700134277344,358.8999938964844,363.5199890136719,3032700,Yahoo Finance daily
2024-04-25,us,CAT,,330.44000244140625,341.94000244140625,330.32000732421875,338.0,6459600,Yahoo Finance daily
2024-04-26,us,CAT,,338.44000244140625,345.5,338.3299865722656,343.3800048828125,3324600,Yahoo Finance daily
2024-04-29,us,CAT,,343.9800109863281,350.95001220703125,343.9800109863281,349.79998779296875,2171400,Yahoo Finance daily
2024-04-30,us,CAT,,347.0199890136719,347.7699890136719,333.1199951171875,334.57000732421875,4201700,Yahoo Finance daily
2024-05-01,us,CAT,,333.3800048828125,338.5,330.739990234375,331.07000732421875,3520600,Yahoo Finance daily
2024-05-02,us,CAT,,333.5199890136719,336.1600036621094,329.25,335.44000244140625,2492000,Yahoo Finance daily
2024-05-03,us,CAT,,338.0899963378906,341.6099853515625,334.9800109863281,336.75,1977100,Yahoo Finance daily
2024-05-06,us,CAT,,340.8699951171875,342.54998779296875,339.70001220703125,342.1000061035156,1653900,Yahoo Finance daily
2024-05-07,us,CAT,,344.4700012207031,348.5400085449219,343.3999938964844,345.0,1965600,Yahoo Finance daily
2024-05-08,us,CAT,,340.0,346.2699890136719,338.739990234375,344.5,2260300,Yahoo Finance daily
2024-05-09,us,CAT,,345.9200134277344,352.8800048828125,345.42999267578125,351.7799987792969,3208900,Yahoo Finance daily
2024-05-10,us,CAT,,355.0,357.510009765625,353.5199890136719,354.7900085449219,2210600,Yahoo Finance daily
2024-05-13,us,CAT,,354.79998779296875,358.54998779296875,354.3699951171875,356.67999267578125,2051200,Yahoo Finance daily
2024-05-14,us,CAT,,357.7200012207031,360.6099853515625,357.0299987792969,358.17999267578125,1563400,Yahoo Finance daily
2024-05-15,us,CAT,,361.4700012207031,363.30999755859375,358.1199951171875,360.0400085449219,1913900,Yahoo Finance daily
2024-05-16,us,CAT,,356.75,358.7699890136719,349.6099853515625,350.7200012207031,2821700,Yahoo Finance daily
2024-05-17,us,CAT,,352.9700012207031,356.4100036621094,351.5599975585937,356.2699890136719,2104300,Yahoo Finance daily
2024-05-20,us,CAT,,356.3999938964844,364.4299926757813,354.7699890136719,362.75,2247900,Yahoo Finance daily
2024-05-21,us,CAT,,362.260009765625,363.239990234375,357.5,359.07000732421875,1841100,Yahoo Finance daily
2024-05-22,us,CAT,,358.5,359.20001220703125,352.5599975585937,355.94000244140625,2104200,Yahoo Finance daily
2024-05-23,us,CAT,,360.3999938964844,361.3399963378906,348.7900085449219,350.70001220703125,2749200,Yahoo Finance daily
2024-05-24,us,CAT,,352.6400146484375,353.9100036621094,346.67999267578125,348.8999938964844,2635200,Yahoo Finance daily
2024-05-28,us,CAT,,348.0,349.2300109863281,344.3999938964844,346.4700012207031,2264900,Yahoo Finance daily
2024-05-29,us,CAT,,345.0,345.3099975585937,337.7200012207031,338.1099853515625,3040000,Yahoo Finance daily
2024-05-30,us,CAT,,338.4700012207031,344.54998779296875,338.4700012207031,339.25,2745800,Yahoo Finance daily
2024-05-31,us,CAT,,339.3399963378906,340.8900146484375,335.0599975585937,338.5199890136719,8319400,Yahoo Finance daily
2024-06-03,us,CAT,,340.8699951171875,341.3999938964844,325.75,331.3599853515625,3878600,Yahoo Finance daily
2024-06-04,us,CAT,,328.7099914550781,330.3299865722656,324.5,327.57000732421875,3706600,Yahoo Finance daily
2024-06-05,us,CAT,,329.4800109863281,331.2699890136719,326.70001220703125,329.45001220703125,2616300,Yahoo Finance daily
2024-06-06,us,CAT,,330.2200012207031,331.0299987792969,327.0899963378906,328.2900085449219,2452100,Yahoo Finance daily
2024-06-07,us,CAT,,326.20001220703125,332.8800048828125,323.7200012207031,328.94000244140625,2499100,Yahoo Finance daily
2024-06-10,us,CAT,,328.7099914550781,331.9100036621094,328.44000244140625,329.6099853515625,2640500,Yahoo Finance daily
2024-06-11,us,CAT,,327.760009765625,328.6400146484375,323.7300109863281,327.3099975585937,3247000,Yahoo Finance daily
2024-06-12,us,CAT,,333.1499938964844,335.1700134277344,326.0,328.7300109863281,4817300,Yahoo Finance daily
2024-06-13,us,CAT,,327.5,327.8900146484375,321.45001220703125,326.3599853515625,3183900,Yahoo Finance daily
2024-06-14,us,CAT,,321.3900146484375,322.67999267578125,315.8500061035156,321.4700012207031,4195300,Yahoo Finance daily
2024-06-17,us,CAT,,321.4700012207031,323.8399963378906,318.8800048828125,322.3999938964844,3198900,Yahoo Finance daily
2024-06-18,us,CAT,,323.04998779296875,325.6000061035156,321.0,325.1400146484375,3275300,Yahoo Finance daily
2024-06-20,us,CAT,,325.0599975585937,331.1000061035156,324.5799865722656,329.1300048828125,4463300,Yahoo Finance daily
2024-06-21,us,CAT,,330.5299987792969,330.54998779296875,326.17999267578125,327.8399963378906,8265100,Yahoo Finance daily
2024-06-24,us,CAT,,329.3599853515625,333.6700134277344,326.07000732421875,330.0,2447300,Yahoo Finance daily
2024-06-25,us,CAT,,328.010009765625,329.4700012207031,324.3699951171875,327.3999938964844,2990400,Yahoo Finance daily
2024-06-26,us,CAT,,326.25,327.7099914550781,323.7799987792969,326.7300109863281,2198600,Yahoo Finance daily
2024-06-27,us,CAT,,326.0299987792969,329.2300109863281,324.6700134277344,327.4599914550781,1995100,Yahoo Finance daily
2024-06-28,us,CAT,,328.510009765625,334.19000244140625,328.32000732421875,333.1000061035156,8891500,Yahoo Finance daily
2024-07-01,us,CAT,,335.1099853515625,335.2900085449219,325.3699951171875,329.0799865722656,2950200,Yahoo Finance daily
2024-07-02,us,CAT,,328.0,330.0899963378906,325.5799865722656,327.760009765625,2119800,Yahoo Finance daily
2024-07-03,us,CAT,,328.260009765625,331.4100036621094,328.260009765625,330.6099853515625,1352200,Yahoo Finance daily
2024-07-05,us,CAT,,331.57000732421875,333.44000244140625,326.6300048828125,328.3500061035156,2280900,Yahoo Finance daily
2024-07-08,us,CAT,,330.3599853515625,333.260009765625,327.1400146484375,329.0599975585937,1913400,Yahoo Finance daily
2024-07-09,us,CAT,,328.5400085449219,330.1199951171875,325.8299865722656,326.0599975585937,1896100,Yahoo Finance daily
2024-07-10,us,CAT,,326.1000061035156,328.4800109863281,321.6400146484375,328.4800109863281,2904400,Yahoo Finance daily
2024-07-11,us,CAT,,330.0,334.42999267578125,329.29998779296875,331.1300048828125,3016400,Yahoo Finance daily
2024-07-12,us,CAT,,334.95001220703125,338.2300109863281,333.42999267578125,335.5899963378906,2451300,Yahoo Finance daily
2024-07-15,us,CAT,,339.1000061035156,347.8999938964844,337.8399963378906,345.7699890136719,3394300,Yahoo Finance daily
2024-07-16,us,CAT,,346.8299865722656,362.2799987792969,345.260009765625,360.5799865722656,4637000,Yahoo Finance daily
2024-07-17,us,CAT,,358.9700012207031,362.6900024414063,356.20001220703125,357.79998779296875,3061000,Yahoo Finance daily
2024-07-18,us,CAT,,356.5,369.2300109863281,355.75,356.0299987792969,3876300,Yahoo Finance daily
2024-07-19,us,CAT,,355.3500061035156,356.489990234375,346.69000244140625,347.6300048828125,3462700,Yahoo Finance daily
2024-07-22,us,CAT,,348.0,348.7300109863281,341.3800048828125,347.8699951171875,2659600,Yahoo Finance daily
2024-07-23,us,CAT,,345.7300109863281,348.6600036621094,341.3800048828125,344.1700134277344,2027800,Yahoo Finance daily
2024-07-24,us,CAT,,342.95001220703125,344.82000732421875,335.45001220703125,336.0400085449219,2835800,Yahoo Finance daily
2024-07-25,us,CAT,,335.510009765625,348.20001220703125,333.95001220703125,344.29998779296875,3291300,Yahoo Finance daily
2024-07-26,us,CAT,,348.6400146484375,352.94000244140625,346.8800048828125,350.4800109863281,1894900,Yahoo Finance daily
2024-07-29,us,CAT,,350.17999267578125,351.3800048828125,343.1300048828125,344.5299987792969,2190300,Yahoo Finance daily
2024-07-30,us,CAT,,343.6600036621094,345.7200012207031,338.6199951171875,341.7200012207031,1970800,Yahoo Finance daily
2024-07-31,us,CAT,,345.3500061035156,350.989990234375,340.8500061035156,346.20001220703125,2568100,Yahoo Finance daily
2024-08-01,us,CAT,,346.29998779296875,349.8299865722656,328.0799865722656,331.5199890136719,3747900,Yahoo Finance daily
2024-08-02,us,CAT,,322.75,323.3999938964844,317.6600036621094,320.8699951171875,4246700,Yahoo Finance daily
2024-08-05,us,CAT,,309.0,320.5799865722656,307.04998779296875,316.79998779296875,4681300,Yahoo Finance daily
2024-08-06,us,CAT,,314.04998779296875,332.1700134277344,310.5,326.44000244140625,5071700,Yahoo Finance daily
2024-08-07,us,CAT,,333.510009765625,335.17999267578125,324.45001220703125,325.79998779296875,3011700,Yahoo Finance daily
2024-08-08,us,CAT,,330.0,336.42999267578125,327.6099853515625,336.1600036621094,2268300,Yahoo Finance daily
2024-08-09,us,CAT,,336.0,338.5,332.4800109863281,338.260009765625,1668100,Yahoo Finance daily
2024-08-12,us,CAT,,338.260009765625,339.8500061035156,333.6000061035156,336.0299987792969,2127600,Yahoo Finance daily
2024-08-13,us,CAT,,337.17999267578125,339.5199890136719,333.7300109863281,338.79998779296875,1503800,Yahoo Finance daily
2024-08-14,us,CAT,,339.6000061035156,341.7900085449219,334.6000061035156,337.5899963378906,1610900,Yahoo Finance daily
2024-08-15,us,CAT,,344.5,347.6400146484375,340.7900085449219,345.6400146484375,3232600,Yahoo Finance daily
2024-08-16,us,CAT,,345.25,345.8399963378906,340.760009765625,343.4800109863281,2483800,Yahoo Finance daily
2024-08-19,us,CAT,,343.67999267578125,346.1000061035156,343.29998779296875,344.6499938964844,2252600,Yahoo Finance daily
2024-08-20,us,CAT,,345.0,346.1700134277344,341.82000732421875,343.29998779296875,1479500,Yahoo Finance daily
2024-08-21,us,CAT,,344.5799865722656,345.6000061035156,341.8500061035156,342.9700012207031,1433200,Yahoo Finance daily
2024-08-22,us,CAT,,343.0,345.1400146484375,341.7699890136719,342.3599853515625,2021400,Yahoo Finance daily
2024-08-23,us,CAT,,344.9700012207031,349.5400085449219,343.07000732421875,348.4100036621094,2183900,Yahoo Finance daily
2024-08-26,us,CAT,,349.8099975585937,354.4100036621094,348.94000244140625,351.1600036621094,1718100,Yahoo Finance daily
2024-08-27,us,CAT,,350.3500061035156,351.7200012207031,347.1000061035156,351.1199951171875,1210800,Yahoo Finance daily
2024-08-28,us,CAT,,350.5899963378906,354.42999267578125,345.8399963378906,348.20001220703125,1514500,Yahoo Finance daily
2024-08-29,us,CAT,,351.2200012207031,356.4599914550781,347.489990234375,351.6400146484375,1664500,Yahoo Finance daily
2024-08-30,us,CAT,,352.5899963378906,356.239990234375,349.8299865722656,356.1000061035156,2974100,Yahoo Finance daily
2024-09-03,us,CAT,,352.2099914550781,352.6300048828125,338.3999938964844,340.239990234375,3107200,Yahoo Finance daily
2024-09-04,us,CAT,,338.5899963378906,340.8500061035156,335.2900085449219,336.75,2782500,Yahoo Finance daily
2024-09-05,us,CAT,,336.0199890136719,336.489990234375,330.5599975585937,333.5599975585937,2525500,Yahoo Finance daily
2024-09-06,us,CAT,,334.20001220703125,338.6199951171875,328.1199951171875,329.3599853515625,2676600,Yahoo Finance daily
2024-09-09,us,CAT,,333.9100036621094,336.3599853515625,332.9700012207031,334.0400085449219,2355800,Yahoo Finance daily
2024-09-10,us,CAT,,335.1099853515625,335.75,329.3900146484375,334.1600036621094,1869200,Yahoo Finance daily
2024-09-11,us,CAT,,333.0,335.4800109863281,326.1099853515625,335.0,1934700,Yahoo Finance daily
2024-09-12,us,CAT,,335.2799987792969,341.0400085449219,333.67999267578125,339.5799865722656,1747000,Yahoo Finance daily
2024-09-13,us,CAT,,342.4200134277344,347.2200012207031,340.3500061035156,345.3099975585937,2518600,Yahoo Finance daily
2024-09-16,us,CAT,,348.3500061035156,351.4599914550781,344.2900085449219,347.9599914550781,1648200,Yahoo Finance daily
2024-09-17,us,CAT,,350.0,354.5799865722656,349.239990234375,353.69000244140625,2088400,Yahoo Finance daily
2024-09-18,us,CAT,,355.0,361.6300048828125,352.32000732421875,355.1199951171875,1990700,Yahoo Finance daily
2024-09-19,us,CAT,,363.0,374.6900024414063,361.2699890136719,373.30999755859375,4066600,Yahoo Finance daily
2024-09-20,us,CAT,,370.3999938964844,371.4500122070313,365.8399963378906,368.8200073242188,5440500,Yahoo Finance daily
2024-09-23,us,CAT,,368.989990234375,372.9700012207031,366.9800109863281,371.1700134277344,2442700,Yahoo Finance daily
2024-09-24,us,CAT,,380.0,389.4299926757813,379.5,385.9299926757813,4024300,Yahoo Finance daily
2024-09-25,us,CAT,,387.0,388.6400146484375,377.9200134277344,378.25,2661500,Yahoo Finance daily
2024-09-26,us,CAT,,390.010009765625,397.2200012207031,386.2000122070313,390.9599914550781,3906800,Yahoo Finance daily
2024-09-27,us,CAT,,391.0,395.55999755859375,389.1400146484375,391.0799865722656,2683700,Yahoo Finance daily
2024-09-30,us,CAT,,389.3800048828125,392.760009765625,386.8200073242188,391.1199951171875,2251300,Yahoo Finance daily
2024-10-01,us,CAT,,391.2699890136719,395.489990234375,386.6300048828125,392.3900146484375,2091400,Yahoo Finance daily
2024-10-02,us,CAT,,391.9800109863281,395.6600036621094,388.6400146484375,394.0499877929688,1767900,Yahoo Finance daily
2024-10-03,us,CAT,,392.3399963378906,394.0,388.7200012207031,391.0899963378906,1866100,Yahoo Finance daily
2024-10-04,us,CAT,,396.7200012207031,397.4599914550781,391.8500061035156,397.0899963378906,1675100,Yahoo Finance daily
2024-10-07,us,CAT,,396.4500122070313,401.1700134277344,396.1400146484375,398.25,2224500,Yahoo Finance daily
2024-10-08,us,CAT,,394.260009765625,395.0,384.8500061035156,387.9599914550781,2438800,Yahoo Finance daily
2024-10-09,us,CAT,,388.1700134277344,396.6000061035156,387.5,396.1900024414063,1757900,Yahoo Finance daily
2024-10-10,us,CAT,,395.1799926757813,396.9599914550781,390.5,396.6400146484375,1331700,Yahoo Finance daily
2024-10-11,us,CAT,,396.6400146484375,403.6000061035156,396.6400146484375,402.0199890136719,2110400,Yahoo Finance daily
2024-10-14,us,CAT,,393.3900146484375,396.2900085449219,386.8699951171875,393.9500122070313,3006100,Yahoo Finance daily
2024-10-15,us,CAT,,390.6300048828125,392.4700012207031,387.5899963378906,387.989990234375,2715100,Yahoo Finance daily
2024-10-16,us,CAT,,387.3999938964844,394.6000061035156,386.9299926757813,393.6199951171875,1551600,Yahoo Finance daily
2024-10-17,us,CAT,,395.1499938964844,397.1199951171875,393.1600036621094,394.489990234375,1561500,Yahoo Finance daily
2024-10-18,us,CAT,,396.25,396.4500122070313,389.7200012207031,393.8599853515625,3024100,Yahoo Finance daily
2024-10-21,us,CAT,,392.2900085449219,393.1499938964844,389.239990234375,390.4800109863281,2375900,Yahoo Finance daily
2024-10-22,us,CAT,,389.7300109863281,391.2900085449219,385.7300109863281,388.4599914550781,1523900,Yahoo Finance daily
2024-10-23,us,CAT,,386.9500122070313,390.0299987792969,382.6900024414063,385.7300109863281,1500900,Yahoo Finance daily
2024-10-24,us,CAT,,386.9500122070313,388.3599853515625,382.2200012207031,387.05999755859375,1844100,Yahoo Finance daily
2024-10-25,us,CAT,,389.6099853515625,392.0299987792969,384.30999755859375,385.9700012207031,1606800,Yahoo Finance daily
2024-10-28,us,CAT,,388.3900146484375,391.5700073242188,387.3699951171875,390.6099853515625,3213900,Yahoo Finance daily
2024-10-29,us,CAT,,389.5,389.6000061035156,385.5499877929688,387.510009765625,2186400,Yahoo Finance daily
2024-10-30,us,CAT,,374.0,388.260009765625,367.2000122070313,379.239990234375,4037500,Yahoo Finance daily
2024-10-31,us,CAT,,377.3500061035156,378.9100036621094,372.75,376.2000122070313,2394500,Yahoo Finance daily
2024-11-01,us,CAT,,378.0700073242188,383.2699890136719,376.9400024414063,379.6300048828125,1633300,Yahoo Finance daily
2024-11-04,us,CAT,,378.1000061035156,381.489990234375,375.2999877929688,376.5199890136719,1793600,Yahoo Finance daily
2024-11-05,us,CAT,,377.1300048828125,386.0700073242188,375.6499938964844,383.3699951171875,1724100,Yahoo Finance daily
2024-11-06,us,CAT,,405.1700134277344,418.2999877929688,404.010009765625,416.8800048828125,4720000,Yahoo Finance daily
2024-11-07,us,CAT,,414.9200134277344,418.5,407.5400085449219,408.2099914550781,3211100,Yahoo Finance daily
2024-11-08,us,CAT,,400.9599914550781,403.05999755859375,392.3999938964844,393.3699951171875,3345900,Yahoo Finance daily
2024-11-11,us,CAT,,397.9100036621094,402.0799865722656,395.010009765625,396.5400085449219,1858900,Yahoo Finance daily
2024-11-12,us,CAT,,397.7900085449219,398.7300109863281,391.1499938964844,393.010009765625,1737100,Yahoo Finance daily
2024-11-13,us,CAT,,388.9500122070313,391.2000122070313,385.6700134277344,387.0700073242188,2001900,Yahoo Finance daily
2024-11-14,us,CAT,,388.5,390.1799926757813,386.2099914550781,387.3599853515625,1372500,Yahoo Finance daily
2024-11-15,us,CAT,,385.989990234375,388.489990234375,382.2000122070313,384.0700073242188,2165500,Yahoo Finance daily
2024-11-18,us,CAT,,386.0,386.2999877929688,382.9200134277344,384.4599914550781,1626200,Yahoo Finance daily
2024-11-19,us,CAT,,378.0299987792969,383.25,378.0299987792969,382.3299865722656,1793200,Yahoo Finance daily
2024-11-20,us,CAT,,384.010009765625,386.2000122070313,378.4700012207031,381.5,1859600,Yahoo Finance daily
2024-11-21,us,CAT,,383.9200134277344,392.0199890136719,379.0,389.5899963378906,1833500,Yahoo Finance daily
2024-11-22,us,CAT,,390.3599853515625,398.1600036621094,387.8900146484375,397.489990234375,1893000,Yahoo Finance daily
2024-11-25,us,CAT,,400.0,407.1499938964844,400.0,405.6499938964844,4398000,Yahoo Finance daily
2024-11-26,us,CAT,,403.6499938964844,408.4100036621094,401.760009765625,407.8299865722656,1796600,Yahoo Finance daily
2024-11-27,us,CAT,,408.3999938964844,412.1199951171875,403.239990234375,403.7000122070313,1371900,Yahoo Finance daily
2024-11-29,us,CAT,,407.3299865722656,411.1900024414063,405.0,406.1099853515625,1962100,Yahoo Finance daily
2024-12-02,us,CAT,,407.4599914550781,408.1499938964844,400.7900085449219,402.510009765625,1548500,Yahoo Finance daily
2024-12-03,us,CAT,,403.5199890136719,405.5299987792969,396.6000061035156,399.260009765625,1716200,Yahoo Finance daily
2024-12-04,us,CAT,,398.5700073242188,401.4700012207031,396.1300048828125,399.510009765625,1193800,Yahoo Finance daily
2024-12-05,us,CAT,,400.5,401.4299926757813,394.2099914550781,394.9800109863281,1291400,Yahoo Finance daily
2024-12-06,us,CAT,,398.1499938964844,399.739990234375,392.739990234375,395.0299987792969,1331000,Yahoo Finance daily
2024-12-09,us,CAT,,402.5400085449219,409.7099914550781,398.4400024414063,399.260009765625,1739800,Yahoo Finance daily
2024-12-10,us,CAT,,390.7200012207031,395.4700012207031,385.6099853515625,388.3900146484375,2251000,Yahoo Finance daily
2024-12-11,us,CAT,,390.4800109863281,391.3500061035156,387.4299926757813,388.8699951171875,1651600,Yahoo Finance daily
2024-12-12,us,CAT,,389.0499877929688,389.8699951171875,380.1499938964844,380.7799987792969,1804600,Yahoo Finance daily
2024-12-13,us,CAT,,380.6000061035156,382.8900146484375,378.8900146484375,380.510009765625,2034800,Yahoo Finance daily
2024-12-16,us,CAT,,381.7699890136719,382.3200073242188,377.760009765625,378.9200134277344,1311100,Yahoo Finance daily
2024-12-17,us,CAT,,376.0299987792969,378.8900146484375,373.8299865722656,375.7999877929688,2138700,Yahoo Finance daily
2024-12-18,us,CAT,,378.7000122070313,381.1600036621094,363.0299987792969,363.8900146484375,2820700,Yahoo Finance daily
2024-12-19,us,CAT,,368.4400024414063,369.5700073242188,360.010009765625,360.3699951171875,2616700,Yahoo Finance daily
2024-12-20,us,CAT,,358.5,371.489990234375,357.239990234375,366.0400085449219,5142000,Yahoo Finance daily
2024-12-23,us,CAT,,364.8699951171875,366.3500061035156,361.5,365.3900146484375,1804900,Yahoo Finance daily
2024-12-24,us,CAT,,364.4500122070313,367.5700073242188,362.6600036621094,367.5700073242188,886000,Yahoo Finance daily
2024-12-26,us,CAT,,365.0499877929688,367.489990234375,363.8699951171875,367.1199951171875,1097900,Yahoo Finance daily
2024-12-27,us,CAT,,363.3900146484375,367.3999938964844,361.75,364.8599853515625,1245800,Yahoo Finance daily
2024-12-30,us,CAT,,360.4299926757813,364.8200073242188,358.739990234375,363.010009765625,1422200,Yahoo Finance daily
2024-12-31,us,CAT,,363.5,365.7699890136719,361.7999877929688,362.760009765625,1168100,Yahoo Finance daily
2025-01-02,us,CAT,,365.510009765625,368.8500061035156,358.0899963378906,359.7699890136719,1802600,Yahoo Finance daily
2025-01-03,us,CAT,,361.5899963378906,364.4800109863281,359.489990234375,363.7900085449219,1390800,Yahoo Finance daily
2025-01-06,us,CAT,,367.0,370.8399963378906,362.5799865722656,364.2000122070313,1590700,Yahoo Finance daily
2025-01-07,us,CAT,,364.1300048828125,366.0899963378906,361.0899963378906,363.0,1607400,Yahoo Finance daily
2025-01-08,us,CAT,,362.4500122070313,362.8800048828125,357.70001220703125,361.0700073242188,1828800,Yahoo Finance daily
2025-01-10,us,CAT,,357.8299865722656,359.8500061035156,349.79998779296875,351.0,2773900,Yahoo Finance daily
2025-01-13,us,CAT,,352.9599914550781,363.2000122070313,351.79998779296875,362.5,2746000,Yahoo Finance daily
2025-01-14,us,CAT,,365.489990234375,372.0,365.1799926757813,371.5700073242188,2331700,Yahoo Finance daily
2025-01-15,us,CAT,,379.1400146484375,379.9400024414063,374.3299865722656,374.8900146484375,1984500,Yahoo Finance daily
2025-01-16,us,CAT,,376.30999755859375,381.4200134277344,374.7200012207031,380.5499877929688,1974700,Yahoo Finance daily
2025-01-17,us,CAT,,384.7000122070313,386.8500061035156,382.0,386.0199890136719,2605900,Yahoo Finance daily
2025-01-21,us,CAT,,391.0,402.5799865722656,390.7999877929688,398.3599853515625,3144500,Yahoo Finance daily
2025-01-22,us,CAT,,398.6799926757813,400.4800109863281,395.1099853515625,397.6099853515625,1994800,Yahoo Finance daily
2025-01-23,us,CAT,,397.3699951171875,409.5899963378906,397.2699890136719,406.3999938964844,2587400,Yahoo Finance daily
2025-01-24,us,CAT,,405.7300109863281,409.3999938964844,405.2799987792969,407.6300048828125,1938200,Yahoo Finance daily
2025-01-27,us,CAT,,397.1900024414063,399.5400085449219,389.9200134277344,394.9800109863281,2964400,Yahoo Finance daily
2025-01-28,us,CAT,,394.0400085449219,396.8800048828125,386.4800109863281,390.2900085449219,1788900,Yahoo Finance daily
2025-01-29,us,CAT,,391.9400024414063,399.3599853515625,391.1199951171875,393.2300109863281,2675800,Yahoo Finance daily
2025-01-30,us,CAT,,373.5,380.80999755859375,373.1600036621094,374.9800109863281,4234600,Yahoo Finance daily
2025-01-31,us,CAT,,377.4599914550781,378.0,371.2799987792969,371.4400024414063,2858000,Yahoo Finance daily
2025-02-03,us,CAT,,364.1400146484375,368.5499877929688,359.69000244140625,361.5499877929688,3079300,Yahoo Finance daily
2025-02-04,us,CAT,,369.6600036621094,369.6600036621094,359.4100036621094,361.9500122070313,2709800,Yahoo Finance daily
2025-02-05,us,CAT,,362.8699951171875,363.0,357.20001220703125,358.8500061035156,2134200,Yahoo Finance daily
2025-02-06,us,CAT,,363.8999938964844,367.5400085449219,362.5199890136719,365.4500122070313,3007000,Yahoo Finance daily
2025-02-07,us,CAT,,369.25,369.5299987792969,362.5799865722656,363.8800048828125,1804800,Yahoo Finance daily
2025-02-10,us,CAT,,365.3299865722656,366.239990234375,361.5499877929688,363.2200012207031,1944400,Yahoo Finance daily
2025-02-11,us,CAT,,361.739990234375,364.4200134277344,360.9800109863281,362.2300109863281,1516900,Yahoo Finance daily
2025-02-12,us,CAT,,357.0,358.92999267578125,351.44000244140625,352.0400085449219,2833100,Yahoo Finance daily
2025-02-13,us,CAT,,352.57000732421875,357.5899963378906,350.4200134277344,353.70001220703125,3547200,Yahoo Finance daily
2025-02-14,us,CAT,,356.6000061035156,358.8800048828125,352.79998779296875,353.32000732421875,2045300,Yahoo Finance daily
2025-02-18,us,CAT,,355.4700012207031,356.92999267578125,351.1099853515625,354.0,3120200,Yahoo Finance daily
2025-02-19,us,CAT,,351.8699951171875,353.8500061035156,349.5899963378906,353.0,2211000,Yahoo Finance daily
2025-02-20,us,CAT,,355.0,356.8500061035156,347.45001220703125,349.1499938964844,2174100,Yahoo Finance daily
2025-02-21,us,CAT,,350.5299987792969,352.0,337.6000061035156,340.0400085449219,3225200,Yahoo Finance daily
2025-02-24,us,CAT,,343.3900146484375,345.45001220703125,336.2300109863281,338.9200134277344,2513300,Yahoo Finance daily
2025-02-25,us,CAT,,341.0,344.2300109863281,336.3800048828125,342.3599853515625,3323500,Yahoo Finance daily
2025-02-26,us,CAT,,345.45001220703125,348.7799987792969,340.1199951171875,342.5799865722656,2397800,Yahoo Finance daily
2025-02-27,us,CAT,,343.6499938964844,346.9200134277344,338.4599914550781,340.0,1971000,Yahoo Finance daily
2025-02-28,us,CAT,,341.9800109863281,344.8999938964844,338.739990234375,343.95001220703125,3210300,Yahoo Finance daily
2025-03-03,us,CAT,,347.6300048828125,348.1499938964844,330.0299987792969,332.0400085449219,2569700,Yahoo Finance daily
2025-03-04,us,CAT,,327.3900146484375,331.9200134277344,318.67999267578125,326.75,3500200,Yahoo Finance daily
2025-03-05,us,CAT,,329.1199951171875,339.510009765625,328.6499938964844,338.489990234375,3189100,Yahoo Finance daily
2025-03-06,us,CAT,,335.2699890136719,341.9100036621094,332.5199890136719,341.010009765625,2234100,Yahoo Finance daily
2025-03-07,us,CAT,,339.3999938964844,352.1199951171875,339.3999938964844,350.29998779296875,3063800,Yahoo Finance daily
2025-03-10,us,CAT,,345.0,352.4100036621094,341.8500061035156,345.2099914550781,2809100,Yahoo Finance daily
2025-03-11,us,CAT,,343.9200134277344,345.1499938964844,336.3699951171875,339.7699890136719,3190900,Yahoo Finance daily
2025-03-12,us,CAT,,343.0299987792969,344.9100036621094,335.45001220703125,338.1300048828125,1816700,Yahoo Finance daily
2025-03-13,us,CAT,,336.0299987792969,340.6499938964844,331.6700134277344,333.3099975585937,2490300,Yahoo Finance daily
2025-03-14,us,CAT,,337.7200012207031,341.989990234375,336.95001220703125,339.6400146484375,1936100,Yahoo Finance daily
2025-03-17,us,CAT,,339.739990234375,344.3599853515625,339.0,342.6400146484375,1683800,Yahoo Finance daily
2025-03-18,us,CAT,,342.0,342.0,335.3500061035156,336.7099914550781,3310000,Yahoo Finance daily
2025-03-19,us,CAT,,336.92999267578125,342.0,336.6700134277344,338.6199951171875,2407200,Yahoo Finance daily
2025-03-20,us,CAT,,334.57000732421875,339.7799987792969,333.6099853515625,336.25,2782900,Yahoo Finance daily
2025-03-21,us,CAT,,331.2099914550781,335.95001220703125,329.2099914550781,335.7799987792969,6766100,Yahoo Finance daily
2025-03-24,us,CAT,,340.54998779296875,343.1499938964844,339.2900085449219,341.6700134277344,2277200,Yahoo Finance daily
2025-03-25,us,CAT,,343.5799865722656,344.8099975585937,340.8299865722656,342.6199951171875,1678000,Yahoo Finance daily
2025-03-26,us,CAT,,343.3599853515625,347.2699890136719,338.7900085449219,341.1099853515625,1703200,Yahoo Finance daily
2025-03-27,us,CAT,,341.0799865722656,342.0,336.6300048828125,339.29998779296875,1481100,Yahoo Finance daily
2025-03-28,us,CAT,,337.0,338.25,328.04998779296875,329.69000244140625,1965200,Yahoo Finance daily
2025-03-31,us,CAT,,325.6300048828125,331.9800109863281,322.0,329.79998779296875,2837500,Yahoo Finance daily
2025-04-01,us,CAT,,327.010009765625,332.2099914550781,323.8900146484375,330.57000732421875,1955300,Yahoo Finance daily
2025-04-02,us,CAT,,326.1300048828125,336.3500061035156,326.1000061035156,334.6600036621094,1747600,Yahoo Finance daily
2025-04-03,us,CAT,,319.6700134277344,324.70001220703125,305.0,305.760009765625,4638700,Yahoo Finance daily
2025-04-04,us,CAT,,285.0,294.2900085449219,281.5,288.0799865722656,7216800,Yahoo Finance daily
2025-04-07,us,CAT,,276.0,294.3500061035156,267.29998779296875,280.0599975585937,7824700,Yahoo Finance daily
2025-04-08,us,CAT,,289.8900146484375,291.7799987792969,268.2699890136719,273.94000244140625,4989000,Yahoo Finance daily
2025-04-09,us,CAT,,270.760009765625,301.8599853515625,269.1300048828125,301.010009765625,6457300,Yahoo Finance daily
2025-04-10,us,CAT,,296.67999267578125,298.2699890136719,279.79998779296875,289.1600036621094,4116800,Yahoo Finance daily
2025-04-11,us,CAT,,288.95001220703125,295.4100036621094,284.1400146484375,293.45001220703125,3197900,Yahoo Finance daily
2025-04-14,us,CAT,,298.6700134277344,302.4800109863281,295.7099914550781,298.1199951171875,2758400,Yahoo Finance daily
2025-04-15,us,CAT,,296.8299865722656,301.7300109863281,292.3900146484375,293.42999267578125,3611300,Yahoo Finance daily
2025-04-16,us,CAT,,292.7099914550781,295.7300109863281,287.6099853515625,290.1400146484375,3017200,Yahoo Finance daily
2025-04-17,us,CAT,,292.1700134277344,297.70001220703125,291.8999938964844,294.25,2717600,Yahoo Finance daily
2025-04-21,us,CAT,,289.3299865722656,291.0,282.4599914550781,284.739990234375,2978300,Yahoo Finance daily
2025-04-22,us,CAT,,287.5,293.2300109863281,287.0,291.1700134277344,2231200,Yahoo Finance daily
2025-04-23,us,CAT,,301.3399963378906,305.3599853515625,295.17999267578125,295.7699890136719,2458300,Yahoo Finance daily
2025-04-24,us,CAT,,297.42999267578125,308.2099914550781,297.07000732421875,306.8599853515625,2874400,Yahoo Finance daily
2025-04-25,us,CAT,,305.1000061035156,307.989990234375,303.9100036621094,306.45001220703125,2162400,Yahoo Finance daily
2025-04-28,us,CAT,,306.45001220703125,311.42999267578125,303.8500061035156,307.0599975585937,2189600,Yahoo Finance daily
2025-04-29,us,CAT,,305.0,308.6700134277344,302.9100036621094,307.3999938964844,2651000,Yahoo Finance daily
2025-04-30,us,CAT,,315.2099914550781,316.04998779296875,302.17999267578125,309.2699890136719,5124800,Yahoo Finance daily
2025-05-01,us,CAT,,311.3800048828125,318.8900146484375,311.0199890136719,313.9599914550781,2961000,Yahoo Finance daily
2025-05-02,us,CAT,,318.4800109863281,324.6700134277344,318.4800109863281,323.67999267578125,3765200,Yahoo Finance daily
2025-05-05,us,CAT,,319.3800048828125,326.4700012207031,319.3800048828125,323.1099853515625,1829100,Yahoo Finance daily
2025-05-06,us,CAT,,321.54998779296875,324.1000061035156,319.8500061035156,320.8900146484375,1724200,Yahoo Finance daily
2025-05-07,us,CAT,,322.739990234375,322.79998779296875,318.1099853515625,320.2900085449219,1555500,Yahoo Finance daily
2025-05-08,us,CAT,,324.8800048828125,328.8699951171875,322.8999938964844,324.25,2553400,Yahoo Finance daily
2025-05-09,us,CAT,,325.6499938964844,327.739990234375,323.3099975585937,325.6199951171875,1646200,Yahoo Finance daily
2025-05-12,us,CAT,,343.1099853515625,351.0,339.7300109863281,342.54998779296875,4592000,Yahoo Finance daily
2025-05-13,us,CAT,,348.92999267578125,355.3299865722656,348.07000732421875,352.5400085449219,4132500,Yahoo Finance daily
2025-05-14,us,CAT,,351.7200012207031,352.42999267578125,348.7799987792969,349.6600036621094,2052200,Yahoo Finance daily
2025-05-15,us,CAT,,349.44000244140625,351.3399963378906,348.5,349.8099975585937,1580400,Yahoo Finance daily
2025-05-16,us,CAT,,351.5400085449219,354.2200012207031,348.239990234375,353.5799865722656,2561700,Yahoo Finance daily
2025-05-19,us,CAT,,349.70001220703125,352.9599914550781,348.5400085449219,352.57000732421875,2277700,Yahoo Finance daily
2025-05-20,us,CAT,,350.8399963378906,352.4599914550781,347.489990234375,349.489990234375,2266000,Yahoo Finance daily
2025-05-21,us,CAT,,346.6400146484375,348.4200134277344,341.6499938964844,342.510009765625,2093400,Yahoo Finance daily
2025-05-22,us,CAT,,342.0,347.3699951171875,340.5899963378906,345.19000244140625,2174100,Yahoo Finance daily
2025-05-23,us,CAT,,337.6300048828125,344.94000244140625,336.239990234375,343.3900146484375,1936600,Yahoo Finance daily
2025-05-27,us,CAT,,349.95001220703125,353.3399963378906,346.6199951171875,351.510009765625,2240100,Yahoo Finance daily
2025-05-28,us,CAT,,352.489990234375,352.79998779296875,348.8599853515625,349.489990234375,1924400,Yahoo Finance daily
2025-05-29,us,CAT,,352.20001220703125,353.0899963378906,348.739990234375,351.7900085449219,2290300,Yahoo Finance daily
2025-05-30,us,CAT,,351.8299865722656,353.239990234375,347.0199890136719,348.0299987792969,4867100,Yahoo Finance daily
2025-06-02,us,CAT,,346.4700012207031,346.4700012207031,339.5,344.6700134277344,2552700,Yahoo Finance daily
2025-06-03,us,CAT,,346.0,350.8399963378906,344.9200134277344,349.3999938964844,2614300,Yahoo Finance daily
2025-06-04,us,CAT,,350.29998779296875,351.7300109863281,349.3299865722656,349.3299865722656,1616300,Yahoo Finance daily
2025-06-05,us,CAT,,351.0,351.510009765625,345.8500061035156,348.9599914550781,1753300,Yahoo Finance daily
2025-06-06,us,CAT,,353.57000732421875,357.44000244140625,352.260009765625,353.3500061035156,1608000,Yahoo Finance daily
2025-06-09,us,CAT,,355.2200012207031,360.4599914550781,353.92999267578125,358.07000732421875,2147100,Yahoo Finance daily
2025-06-10,us,CAT,,359.44000244140625,360.3599853515625,356.0899963378906,358.57000732421875,1894300,Yahoo Finance daily
2025-06-11,us,CAT,,360.9400024414063,364.2900085449219,357.75,363.1400146484375,2551700,Yahoo Finance daily
2025-06-12,us,CAT,,359.8500061035156,362.0,357.8699951171875,360.9599914550781,1571800,Yahoo Finance daily
2025-06-13,us,CAT,,357.2300109863281,360.3800048828125,355.70001220703125,357.04998779296875,1609600,Yahoo Finance daily
2025-06-16,us,CAT,,361.0,364.6099853515625,360.20001220703125,362.4400024414063,1579800,Yahoo Finance daily
2025-06-17,us,CAT,,360.7200012207031,362.3900146484375,357.0299987792969,357.67999267578125,1560100,Yahoo Finance daily
2025-06-18,us,CAT,,357.1300048828125,364.2300109863281,356.9599914550781,359.79998779296875,2000500,Yahoo Finance daily
2025-06-20,us,CAT,,362.9500122070313,364.25,359.1400146484375,360.5199890136719,6268300,Yahoo Finance daily
2025-06-23,us,CAT,,359.9200134277344,367.1000061035156,357.7300109863281,366.2300109863281,2927400,Yahoo Finance daily
2025-06-24,us,CAT,,369.8900146484375,374.1099853515625,367.9200134277344,373.0199890136719,3841800,Yahoo Finance daily
2025-06-25,us,CAT,,373.0,374.1900024414063,369.510009765625,371.5799865722656,1737700,Yahoo Finance daily
2025-06-26,us,CAT,,374.0,382.3299865722656,373.0400085449219,381.8800048828125,2575100,Yahoo Finance daily
2025-06-27,us,CAT,,383.0199890136719,387.489990234375,382.75,384.7099914550781,4455000,Yahoo Finance daily
2025-06-30,us,CAT,,386.30999755859375,389.1499938964844,384.80999755859375,388.2099914550781,2791400,Yahoo Finance daily
2025-07-01,us,CAT,,386.5899963378906,393.8900146484375,384.25,390.9200134277344,2393600,Yahoo Finance daily
2025-07-02,us,CAT,,392.7000122070313,398.6400146484375,389.4200134277344,398.4299926757813,2713700,Yahoo Finance daily
2025-07-03,us,CAT,,398.9200134277344,402.4200134277344,397.5899963378906,397.8599853515625,1737800,Yahoo Finance daily
2025-07-07,us,CAT,,398.05999755859375,398.05999755859375,388.0899963378906,391.510009765625,3012900,Yahoo Finance daily
2025-07-08,us,CAT,,392.4299926757813,395.9500122070313,391.5199890136719,394.2900085449219,2003600,Yahoo Finance daily
2025-07-09,us,CAT,,399.7200012207031,403.760009765625,396.8800048828125,402.1799926757813,3101000,Yahoo Finance daily
2025-07-10,us,CAT,,404.6600036621094,412.0,403.4400024414063,408.3299865722656,3382800,Yahoo Finance daily
2025-07-11,us,CAT,,405.4500122070313,406.8800048828125,401.7000122070313,405.9200134277344,2072600,Yahoo Finance daily
2025-07-14,us,CAT,,404.0,406.7900085449219,402.2300109863281,405.7699890136719,2497500,Yahoo Finance daily
2025-07-15,us,CAT,,406.260009765625,408.75,403.0199890136719,404.6400146484375,2167000,Yahoo Finance daily
2025-07-16,us,CAT,,405.0,413.0700073242188,403.3200073242188,412.8800048828125,3242100,Yahoo Finance daily
2025-07-17,us,CAT,,414.8599853515625,419.8999938964844,412.8800048828125,418.0700073242188,2444700,Yahoo Finance daily
2025-07-18,us,CAT,,418.7000122070313,419.8999938964844,412.1600036621094,413.7099914550781,2526600,Yahoo Finance daily
2025-07-21,us,CAT,,417.2200012207031,417.4299926757813,409.8399963378906,410.0700073242188,1833300,Yahoo Finance daily
2025-07-22,us,CAT,,410.3800048828125,418.5199890136719,410.3800048828125,417.1900024414063,2185000,Yahoo Finance daily
2025-07-23,us,CAT,,420.0,428.1600036621094,419.4500122070313,427.5899963378906,3254900,Yahoo Finance daily
2025-07-24,us,CAT,,427.0400085449219,430.1600036621094,424.5,429.5199890136719,2511400,Yahoo Finance daily
2025-07-25,us,CAT,,429.6900024414063,434.8699951171875,428.6199951171875,433.75,2218400,Yahoo Finance daily
2025-07-28,us,CAT,,431.25,436.3999938964844,431.1199951171875,432.9400024414063,2550300,Yahoo Finance daily
2025-07-29,us,CAT,,434.5499877929688,435.2099914550781,424.7999877929688,430.0499877929688,2383700,Yahoo Finance daily
2025-07-30,us,CAT,,430.0,436.8299865722656,426.4299926757813,434.1199951171875,3172600,Yahoo Finance daily
2025-07-31,us,CAT,,434.1300048828125,441.1499938964844,433.6799926757813,438.0199890136719,4116400,Yahoo Finance daily
2025-08-01,us,CAT,,426.9700012207031,430.8599853515625,421.2900085449219,428.6900024414063,4027300,Yahoo Finance daily
2025-08-04,us,CAT,,430.8599853515625,436.8900146484375,429.989990234375,433.7000122070313,4059500,Yahoo Finance daily
2025-08-05,us,CAT,,427.6499938964844,439.739990234375,426.5700073242188,434.2300109863281,4329900,Yahoo Finance daily
2025-08-06,us,CAT,,433.3399963378906,434.7099914550781,425.5400085449219,427.7200012207031,2630800,Yahoo Finance daily
2025-08-07,us,CAT,,426.8399963378906,427.3299865722656,409.9599914550781,417.1199951171875,4261100,Yahoo Finance daily
2025-08-08,us,CAT,,420.5199890136719,421.8999938964844,415.760009765625,416.5199890136719,2965200,Yahoo Finance daily
2025-08-11,us,CAT,,416.9800109863281,418.2900085449219,406.7999877929688,408.5400085449219,3416000,Yahoo Finance daily
2025-08-12,us,CAT,,411.0,418.1900024414063,409.6400146484375,412.7099914550781,2765100,Yahoo Finance daily
2025-08-13,us,CAT,,415.1799926757813,415.5400085449219,410.5400085449219,413.7000122070313,4403000,Yahoo Finance daily
2025-08-14,us,CAT,,409.2999877929688,419.239990234375,407.0,417.5,3676000,Yahoo Finance daily
2025-08-15,us,CAT,,415.7200012207031,416.55999755859375,407.1000061035156,407.7900085449219,3107400,Yahoo Finance daily
2025-08-18,us,CAT,,407.0,413.1400146484375,405.4599914550781,412.6400146484375,3185200,Yahoo Finance daily
2025-08-19,us,CAT,,419.30999755859375,421.8800048828125,414.05999755859375,416.0899963378906,3543600,Yahoo Finance daily
2025-08-20,us,CAT,,414.7999877929688,421.9200134277344,412.0499877929688,420.5899963378906,4060200,Yahoo Finance daily
2025-08-21,us,CAT,,419.9299926757813,420.5799865722656,414.1600036621094,417.8900146484375,2504300,Yahoo Finance daily
2025-08-22,us,CAT,,421.6099853515625,437.8399963378906,420.0499877929688,435.6700134277344,3785100,Yahoo Finance daily
2025-08-25,us,CAT,,435.0,436.8999938964844,432.1700134277344,432.2999877929688,1857900,Yahoo Finance daily
2025-08-26,us,CAT,,431.3999938964844,432.1900024414063,427.239990234375,431.260009765625,2792200,Yahoo Finance daily
2025-08-27,us,CAT,,429.7300109863281,435.05999755859375,428.9500122070313,432.6700134277344,1970900,Yahoo Finance daily
2025-08-28,us,CAT,,434.9100036621094,435.9800109863281,432.6300048828125,434.9100036621094,1651700,Yahoo Finance daily
2025-08-29,us,CAT,,425.4100036621094,428.1000061035156,414.3699951171875,419.0400085449219,3673800,Yahoo Finance daily
2025-09-02,us,CAT,,413.9100036621094,417.2099914550781,410.5199890136719,416.0499877929688,2329500,Yahoo Finance daily
2025-09-03,us,CAT,,418.1300048828125,418.1300048828125,411.3699951171875,415.1199951171875,1496700,Yahoo Finance daily
2025-09-04,us,CAT,,415.80999755859375,420.7900085449219,414.2900085449219,420.2200012207031,1634600,Yahoo Finance daily
2025-09-05,us,CAT,,420.8399963378906,424.8999938964844,417.9100036621094,423.0799865722656,1843200,Yahoo Finance daily
2025-09-08,us,CAT,,422.6499938964844,423.9100036621094,416.7799987792969,422.7799987792969,1876700,Yahoo Finance daily
2025-09-09,us,CAT,,423.1600036621094,423.5499877929688,416.4400024414063,418.0899963378906,1710700,Yahoo Finance daily
2025-09-10,us,CAT,,419.8200073242188,426.5,419.5,422.9100036621094,2221000,Yahoo Finance daily
2025-09-11,us,CAT,,423.9200134277344,435.7900085449219,423.3200073242188,431.3800048828125,2737900,Yahoo Finance daily
2025-09-12,us,CAT,,429.05999755859375,432.6099853515625,427.75,431.5199890136719,2341800,Yahoo Finance daily
2025-09-15,us,CAT,,433.8299865722656,438.75,430.6099853515625,435.9400024414063,2255800,Yahoo Finance daily
2025-09-16,us,CAT,,436.1300048828125,440.7999877929688,434.2799987792969,440.6700134277344,2366300,Yahoo Finance daily
2025-09-17,us,CAT,,445.0,452.3399963378906,443.0,450.6600036621094,4512200,Yahoo Finance daily
2025-09-18,us,CAT,,450.9599914550781,467.7099914550781,448.8699951171875,466.9599914550781,4331900,Yahoo Finance daily
2025-09-19,us,CAT,,470.260009765625,472.1199951171875,462.7099914550781,466.5400085449219,5069300,Yahoo Finance daily
2025-09-22,us,CAT,,467.30999755859375,473.239990234375,459.6099853515625,472.1000061035156,3180000,Yahoo Finance daily
2025-09-23,us,CAT,,473.260009765625,485.3399963378906,468.1900024414063,471.260009765625,3856600,Yahoo Finance daily
2025-09-24,us,CAT,,472.7000122070313,476.5199890136719,468.6300048828125,469.7900085449219,2776700,Yahoo Finance daily
2025-09-25,us,CAT,,464.7099914550781,468.0,459.5799865722656,463.7200012207031,2979200,Yahoo Finance daily
2025-09-26,us,CAT,,465.4800109863281,468.4500122070313,462.3800048828125,465.760009765625,2329000,Yahoo Finance daily
2025-09-29,us,CAT,,468.0799865722656,472.489990234375,467.4599914550781,471.6099853515625,2892100,Yahoo Finance daily
2025-09-30,us,CAT,,471.6199951171875,477.4400024414063,470.239990234375,477.1499938964844,2315300,Yahoo Finance daily
2025-10-01,us,CAT,,474.010009765625,483.9299926757813,471.1400146484375,480.8200073242188,2964700,Yahoo Finance daily
2025-10-02,us,CAT,,486.8599853515625,495.9800109863281,484.1900024414063,490.5700073242188,2648600,Yahoo Finance daily
2025-10-03,us,CAT,,493.25,504.4800109863281,492.5299987792969,497.8500061035156,2996500,Yahoo Finance daily
2025-10-06,us,CAT,,500.4200134277344,505.5899963378906,493.0400085449219,495.3800048828125,2629200,Yahoo Finance daily
2025-10-07,us,CAT,,497.9299926757813,498.3800048828125,483.5499877929688,486.7099914550781,2135400,Yahoo Finance daily
2025-10-08,us,CAT,,490.989990234375,509.4800109863281,489.3399963378906,502.1199951171875,3959400,Yahoo Finance daily
2025-10-09,us,CAT,,504.05999755859375,506.5299987792969,497.1400146484375,500.3599853515625,3113900,Yahoo Finance daily
2025-10-10,us,CAT,,503.1199951171875,511.5,491.2999877929688,491.2999877929688,3889100,Yahoo Finance daily
2025-10-13,us,CAT,,502.1499938964844,506.3800048828125,495.4500122070313,504.760009765625,2618400,Yahoo Finance daily
2025-10-14,us,CAT,,500.5799865722656,531.5599975585938,499.010009765625,527.469970703125,5459800,Yahoo Finance daily
2025-10-15,us,CAT,,534.2000122070312,538.4500122070312,527.2100219726562,534.0499877929688,3447100,Yahoo Finance daily
2025-10-16,us,CAT,,538.0599975585938,544.989990234375,534.7000122070312,540.9600219726562,3463100,Yahoo Finance daily
2025-10-17,us,CAT,,537.3800048828125,542.2100219726562,526.969970703125,527.0800170898438,2814700,Yahoo Finance daily
2025-10-20,us,CAT,,529.5599975585938,534.2000122070312,526.9400024414062,531.1799926757812,2170800,Yahoo Finance daily
2025-10-21,us,CAT,,525.0700073242188,533.3800048828125,522.0399780273438,524.6500244140625,2259100,Yahoo Finance daily
2025-10-22,us,CAT,,525.72998046875,525.7999877929688,510.2099914550781,513.9099731445312,4149000,Yahoo Finance daily
2025-10-23,us,CAT,,518.3300170898438,522.8900146484375,513.010009765625,520.5,2619400,Yahoo Finance daily
2025-10-24,us,CAT,,522.8599853515625,527.22998046875,521.02001953125,522.72998046875,2392000,Yahoo Finance daily
2025-10-27,us,CAT,,527.0499877929688,529.469970703125,521.4299926757812,527.0700073242188,2493800,Yahoo Finance daily
2025-10-28,us,CAT,,525.9600219726562,530.2899780273438,521.6699829101562,524.469970703125,2775400,Yahoo Finance daily
2025-10-29,us,CAT,,558.1799926757812,596.2100219726562,558.0,585.489990234375,6948500,Yahoo Finance daily
2025-10-30,us,CAT,,577.8900146484375,593.77001953125,575.77001953125,583.1500244140625,2574800,Yahoo Finance daily
2025-10-31,us,CAT,,584.030029296875,587.0499877929688,571.3499755859375,577.260009765625,2974800,Yahoo Finance daily
2025-11-03,us,CAT,,575.9299926757812,576.219970703125,565.3900146484375,570.5900268554688,2439400,Yahoo Finance daily
2025-11-04,us,CAT,,565.0,566.5,545.2000122070312,547.5800170898438,3440700,Yahoo Finance daily
2025-11-05,us,CAT,,551.9400024414062,574.010009765625,550.3599853515625,569.1500244140625,2701300,Yahoo Finance daily
2025-11-06,us,CAT,,573.2000122070312,583.989990234375,564.22998046875,569.780029296875,2245800,Yahoo Finance daily
2025-11-07,us,CAT,,563.5499877929688,565.5800170898438,550.3300170898438,563.0999755859375,2320100,Yahoo Finance daily
2025-11-10,us,CAT,,570.0,574.1799926757812,561.510009765625,570.8499755859375,1829900,Yahoo Finance daily
2025-11-11,us,CAT,,568.719970703125,570.4500122070312,560.260009765625,567.9299926757812,1517400,Yahoo Finance daily
2025-11-12,us,CAT,,570.5,581.27001953125,570.5,573.02001953125,2645100,Yahoo Finance daily
2025-11-13,us,CAT,,572.77001953125,576.8200073242188,544.6300048828125,553.5499877929688,3458700,Yahoo Finance daily
2025-11-14,us,CAT,,548.9600219726562,558.3099975585938,541.0,554.030029296875,2764500,Yahoo Finance daily
2025-11-17,us,CAT,,552.5900268554688,561.5900268554688,547.5700073242188,552.0499877929688,1941100,Yahoo Finance daily
2025-11-18,us,CAT,,543.3499755859375,551.5700073242188,538.0499877929688,546.8800048828125,1918600,Yahoo Finance daily
2025-11-19,us,CAT,,550.0,560.9099731445312,547.6400146484375,553.1099853515625,1880900,Yahoo Finance daily
2025-11-20,us,CAT,,565.9500122070312,568.8699951171875,541.0,546.1300048828125,3195000,Yahoo Finance daily
2025-11-21,us,CAT,,545.8200073242188,554.989990234375,537.0800170898438,550.4299926757812,2921600,Yahoo Finance daily
2025-11-24,us,CAT,,552.1300048828125,565.739990234375,550.6699829101562,559.5999755859375,4653500,Yahoo Finance daily
2025-11-25,us,CAT,,564.5900268554688,567.1400146484375,547.5499877929688,566.6099853515625,3105100,Yahoo Finance daily
2025-11-26,us,CAT,,566.6099853515625,574.8800048828125,566.02001953125,573.72998046875,1995100,Yahoo Finance daily
2025-11-28,us,CAT,,573.7899780273438,577.3599853515625,572.4000244140625,575.760009765625,1019500,Yahoo Finance daily
2025-12-01,us,CAT,,570.4099731445312,575.5900268554688,567.0,568.0599975585938,1764500,Yahoo Finance daily
2025-12-02,us,CAT,,571.3300170898438,585.5599975585938,569.0599975585938,582.469970703125,2749500,Yahoo Finance daily
2025-12-03,us,CAT,,581.4000244140625,593.239990234375,562.2100219726562,591.489990234375,2545700,Yahoo Finance daily
2025-12-04,us,CAT,,590.1799926757812,602.719970703125,587.0,599.1500244140625,2313600,Yahoo Finance daily
2025-12-05,us,CAT,,604.0,607.0,597.739990234375,603.1699829101562,2177300,Yahoo Finance daily
2025-12-08,us,CAT,,604.6599731445312,604.8499755859375,591.9299926757812,596.5,1822500,Yahoo Finance daily
2025-12-09,us,CAT,,593.0499877929688,599.989990234375,592.22998046875,594.3599853515625,1755300,Yahoo Finance daily
2025-12-10,us,CAT,,600.1300048828125,617.22998046875,598.6900024414062,615.3499755859375,2797900,Yahoo Finance daily
2025-12-11,us,CAT,,610.4500122070312,626.8099975585938,604.260009765625,625.6099853515625,2779500,Yahoo Finance daily
2025-12-12,us,CAT,,626.0,627.5,595.780029296875,597.8900146484375,4581100,Yahoo Finance daily
2025-12-15,us,CAT,,602.530029296875,604.1500244140625,587.8900146484375,589.760009765625,3968600,Yahoo Finance daily
2025-12-16,us,CAT,,590.7000122070312,598.6599731445312,586.280029296875,588.9299926757812,2319400,Yahoo Finance daily
2025-12-17,us,CAT,,587.5900268554688,591.0,557.4600219726562,561.8900146484375,3753300,Yahoo Finance daily
2025-12-18,us,CAT,,568.5,574.6599731445312,561.9099731445312,565.8300170898438,2193000,Yahoo Finance daily
2025-12-19,us,CAT,,572.6900024414062,581.72998046875,570.3300170898438,576.219970703125,5355600,Yahoo Finance daily
2025-12-22,us,CAT,,584.489990234375,585.7899780273438,575.6900024414062,582.4099731445312,2387700,Yahoo Finance daily
2025-12-23,us,CAT,,580.5,588.7100219726562,580.5,582.4199829101562,1731000,Yahoo Finance daily
2025-12-24,us,CAT,,582.6599731445312,587.1300048828125,581.0,583.760009765625,947000,Yahoo Finance daily
2025-12-26,us,CAT,,583.2100219726562,583.8300170898438,578.6500244140625,583.0,954400,Yahoo Finance daily
2025-12-29,us,CAT,,580.0900268554688,583.969970703125,574.6400146484375,578.6099853515625,2585700,Yahoo Finance daily
2025-12-30,us,CAT,,580.010009765625,580.97998046875,575.510009765625,577.3900146484375,1216700,Yahoo Finance daily
2025-12-31,us,CAT,,577.2999877929688,578.9400024414062,572.0499877929688,572.8699951171875,1163900,Yahoo Finance daily
2026-01-02,us,CAT,,577.5900268554688,599.6099853515625,575.3099975585938,598.4099731445312,2761600,Yahoo Finance daily
2026-01-05,us,CAT,,607.8800048828125,621.75,606.219970703125,616.0999755859375,3444800,Yahoo Finance daily
2026-01-06,us,CAT,,616.0,626.77001953125,608.9000244140625,623.0900268554688,2706800,Yahoo Finance daily
2026-01-07,us,CAT,,623.0,625.0,595.780029296875,596.52001953125,3312400,Yahoo Finance daily
2026-01-08,us,CAT,,596.52001953125,609.5800170898438,594.1699829101562,608.1300048828125,2075400,Yahoo Finance daily
2026-01-09,us,CAT,,609.969970703125,619.1500244140625,608.2000122070312,617.6199951171875,1822000,Yahoo Finance daily
2026-01-12,us,CAT,,614.6500244140625,630.97998046875,612.9600219726562,629.77001953125,1856800,Yahoo Finance daily
2026-01-13,us,CAT,,633.2000122070312,644.5900268554688,633.0,636.530029296875,1959100,Yahoo Finance daily
2026-01-14,us,CAT,,634.0999755859375,639.72998046875,623.0700073242188,638.75,2105700,Yahoo Finance daily
2026-01-15,us,CAT,,644.9400024414062,652.3599853515625,644.0399780273438,647.1799926757812,2052800,Yahoo Finance daily
2026-01-16,us,CAT,,651.969970703125,655.6799926757812,641.010009765625,646.8900146484375,2554900,Yahoo Finance daily
2026-01-20,us,CAT,,642.0,644.0999755859375,625.1199951171875,629.0,2659000,Yahoo Finance daily
2026-01-21,us,CAT,,633.6699829101562,647.2000122070312,627.3200073242188,645.3800048828125,2490700,Yahoo Finance daily
2026-01-22,us,CAT,,649.1099853515625,655.780029296875,640.9000244140625,648.4099731445312,1565700,Yahoo Finance daily
2026-01-23,us,CAT,,644.1199951171875,646.5,623.5700073242188,626.6199951171875,2267800,Yahoo Finance daily
2026-01-26,us,CAT,,628.0,639.0,619.260009765625,635.9199829101562,2532900,Yahoo Finance daily
2026-01-27,us,CAT,,640.0,644.1300048828125,633.22998046875,638.9099731445312,1827500,Yahoo Finance daily
2026-01-28,us,CAT,,637.969970703125,647.280029296875,628.97998046875,643.280029296875,2720700,Yahoo Finance daily
2026-01-29,us,CAT,,655.1699829101562,679.989990234375,642.72998046875,665.239990234375,4441900,Yahoo Finance daily
2026-01-30,us,CAT,,655.6500244140625,677.8300170898438,650.3099975585938,657.3599853515625,3300100,Yahoo Finance daily
2026-02-02,us,CAT,,659.8200073242188,691.3800048828125,657.4299926757812,690.9099731445312,4450000,Yahoo Finance daily
2026-02-03,us,CAT,,694.3599853515625,710.030029296875,691.4000244140625,702.8900146484375,3524700,Yahoo Finance daily
2026-02-04,us,CAT,,707.0,723.1599731445312,675.0,691.8200073242188,7146700,Yahoo Finance daily
2026-02-05,us,CAT,,681.5399780273438,686.5,665.0700073242188,678.3099975585938,2792800,Yahoo Finance daily
2026-02-06,us,CAT,,692.5700073242188,727.4000244140625,690.52001953125,726.2000122070312,3359700,Yahoo Finance daily
2026-02-09,us,CAT,,724.5,743.5,721.6099853515625,742.1199951171875,2496800,Yahoo Finance daily
2026-02-10,us,CAT,,742.75,752.0,737.6699829101562,742.3699951171875,4008700,Yahoo Finance daily
2026-02-11,us,CAT,,758.6799926757812,775.5399780273438,756.0999755859375,775.0,3926300,Yahoo Finance daily
2026-02-12,us,CAT,,776.6900024414062,789.8099975585938,756.010009765625,758.2899780273438,4893400,Yahoo Finance daily
2026-02-13,us,CAT,,765.0,784.0,747.4199829101562,774.2000122070312,3232800,Yahoo Finance daily
2026-02-17,us,CAT,,765.0,774.4199829101562,750.0,764.760009765625,3450300,Yahoo Finance daily
2026-02-18,us,CAT,,765.1099853515625,772.7000122070312,750.3800048828125,751.969970703125,2563700,Yahoo Finance daily
2026-02-19,us,CAT,,752.0,762.0,744.1500244140625,760.530029296875,2908000,Yahoo Finance daily
2026-02-20,us,CAT,,755.0,771.969970703125,752.1099853515625,759.739990234375,2095100,Yahoo Finance daily
2026-02-23,us,CAT,,758.9500122070312,767.97998046875,752.780029296875,756.469970703125,2289600,Yahoo Finance daily
2026-02-24,us,CAT,,755.0,773.9400024414062,751.6900024414062,768.22998046875,2615300,Yahoo Finance daily
2026-02-25,us,CAT,,772.5,777.5999755859375,756.739990234375,766.6099853515625,2606500,Yahoo Finance daily
2026-02-26,us,CAT,,770.6099853515625,770.6099853515625,728.4000244140625,752.9299926757812,3350900,Yahoo Finance daily
2026-02-27,us,CAT,,745.219970703125,751.489990234375,731.0399780273438,742.8300170898438,3441900,Yahoo Finance daily
2026-03-02,us,CAT,,733.489990234375,755.72998046875,725.0599975585938,752.3200073242188,2473100,Yahoo Finance daily
2026-03-03,us,CAT,,728.27001953125,731.6699829101562,706.5999755859375,722.1799926757812,3332700,Yahoo Finance daily
2026-03-04,us,CAT,,737.0900268554688,746.010009765625,730.8400268554688,731.969970703125,2823700,Yahoo Finance daily
2026-03-05,us,CAT,,720.0,728.0700073242188,693.5800170898438,706.0800170898438,3713200,Yahoo Finance daily
2026-03-06,us,CAT,,682.469970703125,696.3300170898438,675.0700073242188,680.9000244140625,3564400,Yahoo Finance daily
2026-03-09,us,CAT,,665.219970703125,708.6300048828125,662.8499755859375,704.8200073242188,3584400,Yahoo Finance daily
2026-03-10,us,CAT,,712.780029296875,730.7899780273438,710.280029296875,716.6799926757812,3089100,Yahoo Finance daily
2026-03-11,us,CAT,,713.5,720.4199829101562,703.6300048828125,707.5900268554688,1947500,Yahoo Finance daily
2026-03-12,us,CAT,,693.0,703.77001953125,679.760009765625,700.6900024414062,3231800,Yahoo Finance daily
2026-03-13,us,CAT,,704.3400268554688,706.9299926757812,687.1799926757812,693.989990234375,2042200,Yahoo Finance daily
2026-03-16,us,CAT,,705.3699951171875,710.0,694.5999755859375,699.780029296875,2145500,Yahoo Finance daily
2026-03-17,us,CAT,,707.3599853515625,709.0,694.9099731445312,702.0,1824900,Yahoo Finance daily
2026-03-18,us,CAT,,701.3099975585938,711.8400268554688,692.7000122070312,693.6199951171875,1796200,Yahoo Finance daily
2026-03-19,us,CAT,,676.489990234375,693.489990234375,669.0,688.6500244140625,2240200,Yahoo Finance daily
2026-03-20,us,CAT,,686.6300048828125,694.0599975585938,670.4400024414062,680.8800048828125,5131100,Yahoo Finance daily
2026-03-23,us,CAT,,699.0,712.0,694.5599975585938,701.7000122070312,2981000,Yahoo Finance daily
2026-03-24,us,CAT,,693.7999877929688,721.1500244140625,693.030029296875,716.6300048828125,2098300,Yahoo Finance daily
2026-03-25,us,CAT,,727.25,729.3499755859375,717.0,719.0399780273438,1591500,Yahoo Finance daily
2026-03-26,us,CAT,,710.0700073242188,717.969970703125,696.4299926757812,703.1900024414062,2428700,Yahoo Finance daily
2026-03-27,us,CAT,,694.469970703125,708.3599853515625,692.3300170898438,695.4000244140625,2059800,Yahoo Finance daily
2026-03-30,us,CAT,,702.2100219726562,702.989990234375,664.5700073242188,667.4299926757812,2610000,Yahoo Finance daily
2026-03-31,us,CAT,,680.0,708.8900146484375,672.0,708.4600219726562,3002200,Yahoo Finance daily
2026-04-01,us,CAT,,722.0,740.010009765625,719.739990234375,730.3200073242188,2435800,Yahoo Finance daily
2026-04-02,us,CAT,,705.5700073242188,735.4099731445312,705.4500122070312,717.219970703125,1764300,Yahoo Finance daily
2026-04-06,us,CAT,,716.739990234375,722.5700073242188,704.27001953125,721.239990234375,1246500,Yahoo Finance daily
2026-04-07,us,CAT,,719.5900268554688,725.72998046875,708.9299926757812,724.4400024414062,1549100,Yahoo Finance daily
2026-04-08,us,CAT,,764.6199951171875,774.4000244140625,753.0999755859375,771.5800170898438,3014000,Yahoo Finance daily
2026-04-09,us,CAT,,773.0,795.52001953125,772.989990234375,787.0700073242188,2801900,Yahoo Finance daily
2026-04-10,us,CAT,,790.6699829101562,797.8499755859375,786.239990234375,790.6599731445312,1872000,Yahoo Finance daily
2026-04-13,us,CAT,,788.4199829101562,798.5399780273438,785.3300170898438,791.72998046875,1820100,Yahoo Finance daily
2026-04-14,us,CAT,,796.0,798.0,782.0399780273438,794.25,1866300,Yahoo Finance daily
2026-04-15,us,CAT,,787.0999755859375,789.969970703125,756.6500244140625,770.1699829101562,2764700,Yahoo Finance daily
2026-04-16,us,CAT,,768.0,772.8099975585938,754.4500122070312,772.6599731445312,2005100,Yahoo Finance daily
2026-04-17,us,CAT,,780.510009765625,801.77001953125,776.0,794.6500244140625,2818800,Yahoo Finance daily
2026-04-20,us,CAT,,790.9000244140625,799.6300048828125,786.8300170898438,798.4000244140625,1454100,Yahoo Finance daily
2026-04-21,us,CAT,,804.8800048828125,820.2000122070312,797.7899780273438,800.4500122070312,2293500,Yahoo Finance daily
2026-04-22,us,CAT,,812.5,817.8499755859375,805.47998046875,808.8699951171875,1628400,Yahoo Finance daily
2026-04-23,us,CAT,,817.1099853515625,845.27001953125,815.4600219726562,835.239990234375,2601800,Yahoo Finance daily
2026-04-24,us,CAT,,839.260009765625,839.5,826.6500244140625,830.7899780273438,2253900,Yahoo Finance daily
2026-04-27,us,CAT,,829.760009765625,836.02001953125,816.719970703125,828.7899780273438,1986700,Yahoo Finance daily
2026-04-28,us,CAT,,814.3499755859375,825.0,805.0,817.8699951171875,1875600,Yahoo Finance daily
2026-04-29,us,CAT,,822.9299926757812,823.2100219726562,809.0999755859375,810.0499877929688,2566300,Yahoo Finance daily
2026-04-30,us,CAT,,856.6300048828125,896.97998046875,850.7999877929688,890.1099853515625,5203300,Yahoo Finance daily
2026-05-01,us,CAT,,896.8400268554688,905.0,879.5800170898438,889.6699829101562,2376500,Yahoo Finance daily
2026-05-04,us,CAT,,887.280029296875,892.8400268554688,869.5900268554688,874.780029296875,2669900,Yahoo Finance daily
2026-05-05,us,CAT,,888.0999755859375,908.9000244140624,888.0999755859375,904.5900268554688,2581100,Yahoo Finance daily
2026-05-06,us,CAT,,913.5,930.5399780273438,905.3499755859376,926.9299926757812,3010600,Yahoo Finance daily
2026-05-07,us,CAT,,929.9600219726562,931.3499755859376,886.8800048828125,895.6900024414062,2957300,Yahoo Finance daily
2026-05-08,us,CAT,,911.0,914.77001953125,893.8499755859375,897.4500122070312,2030300,Yahoo Finance daily
2026-05-11,us,CAT,,903.6099853515624,929.0,895.0599975585938,926.7899780273438,2811700,Yahoo Finance daily
2026-05-12,us,CAT,,912.0,915.0900268554688,894.510009765625,912.1400146484376,2348900,Yahoo Finance daily
2026-05-13,us,CAT,,912.5,922.989990234375,897.3800048828125,902.2999877929688,1957100,Yahoo Finance daily
2026-05-14,us,CAT,,910.0,920.3499755859376,902.5,920.219970703125,2095600,Yahoo Finance daily
2026-05-15,us,CAT,,898.75,899.72998046875,880.2000122070312,888.3099975585938,2907900,Yahoo Finance daily
2026-05-18,us,CAT,,893.3200073242188,893.3200073242188,850.8300170898438,863.9500122070312,2720500,Yahoo Finance daily
2026-05-19,us,CAT,,861.5900268554688,869.8599853515625,845.5499877929688,860.1500244140625,3239700,Yahoo Finance daily
2026-05-20,us,CAT,,871.219970703125,877.760009765625,857.0599975585938,872.5599975585938,2415600,Yahoo Finance daily
2026-05-21,us,CAT,,864.9000244140625,872.6699829101562,858.5999755859375,865.9500122070312,1860700,Yahoo Finance daily
2026-05-22,us,CAT,,878.0,893.8400268554688,861.0599975585938,879.8900146484375,1987600,Yahoo Finance daily
2026-05-26,us,CAT,,884.9500122070312,909.5599975585938,878.02001953125,908.5499877929688,2255700,Yahoo Finance daily
2026-05-27,us,CAT,,905.1799926757812,911.6699829101562,889.8300170898438,909.9299926757812,2463400,Yahoo Finance daily
2026-05-28,us,CAT,,898.5599975585938,905.0,880.469970703125,887.6699829101562,2750600,Yahoo Finance daily
2026-05-29,us,CAT,,886.6900024414062,890.8099975585938,866.1900024414062,875.8699951171875,5195400,Yahoo Finance daily
2026-06-01,us,CAT,,860.1599731445312,873.77001953125,853.3699951171875,865.3599853515625,2675000,Yahoo Finance daily
2026-06-02,us,CAT,,876.6699829101562,911.9600219726562,873.1199951171875,909.8099975585938,2822600,Yahoo Finance daily
2026-06-03,us,CAT,,914.4299926757812,936.7100219726562,912.3900146484376,926.1799926757812,2511200,Yahoo Finance daily
2026-06-04,us,CAT,,913.989990234375,946.8300170898438,903.0,940.47998046875,3077000,Yahoo Finance daily
2026-06-05,us,CAT,,929.9299926757812,934.030029296875,901.5,904.280029296875,2780500,Yahoo Finance daily
2026-06-08,us,CAT,,917.0,927.3400268554688,902.739990234375,915.6400146484376,2550600,Yahoo Finance daily
2026-06-09,us,CAT,,927.489990234375,938.1799926757812,876.989990234375,914.7000122070312,3007300,Yahoo Finance daily
2026-06-10,us,CAT,,901.739990234375,906.0,854.72998046875,856.1599731445312,3611200,Yahoo Finance daily
2026-06-11,us,CAT,,872.4000244140625,900.6500244140625,870.030029296875,897.6300048828125,3463300,Yahoo Finance daily
2026-06-12,us,CAT,,905.239990234375,918.97998046875,899.2000122070312,910.5700073242188,2097200,Yahoo Finance daily
2026-06-15,us,CAT,,935.0,946.0999755859376,928.5,933.9299926757812,2449600,Yahoo Finance daily
2026-06-16,us,CAT,,942.7999877929688,961.3300170898438,939.1699829101562,945.4600219726562,2834400,Yahoo Finance daily
2026-06-17,us,CAT,,956.97998046875,975.6400146484376,953.0,955.9199829101562,2743900,Yahoo Finance daily
2026-06-18,us,CAT,,979.0,994.489990234375,976.3300170898438,985.8200073242188,6175000,Yahoo Finance daily
2026-06-22,us,CAT,,999.280029296875,1023.2899780273438,999.0,1022.280029296875,4033500,Yahoo Finance daily
2026-06-23,us,CAT,,985.25,994.5999755859376,972.6500244140624,984.239990234375,4286900,Yahoo Finance daily
2026-06-24,us,CAT,,981.6099853515624,1004.8699951171876,970.0499877929688,994.4500122070312,3526000,Yahoo Finance daily
2026-06-25,us,CAT,,1024.6400146484375,1057.0699462890625,1015.0,1057.010009765625,4642100,Yahoo Finance daily
2026-06-26,us,CAT,,1031.8499755859375,1031.8499755859375,989.6400146484376,997.469970703125,13948500,Yahoo Finance daily
2026-06-29,us,CAT,,998.4099731445312,1039.0699462890625,992.1099853515624,1033.18994140625,3146900,Yahoo Finance daily
2026-06-30,us,CAT,,1045.0,1073.4599609375,1037.2099609375,1064.9000244140625,3287500,Yahoo Finance daily
2026-07-01,us,CAT,,1033.9200439453125,1041.260009765625,985.0499877929688,991.4099731445312,3914100,Yahoo Finance daily
2026-07-02,us,CAT,,1001.280029296875,1001.280029296875,948.780029296875,963.530029296875,3568600,Yahoo Finance daily
2026-07-06,us,CAT,,979.0900268554688,991.0,963.3200073242188,969.9199829101562,2441700,Yahoo Finance daily
2026-07-07,us,CAT,,946.5,950.0,909.530029296875,940.1199951171876,3810200,Yahoo Finance daily
2026-07-08,,,,935.774027986887,953.2316321090701,923.5467112399381,946.324462890625,2741500,
2026-07-09,,,,973.2744686198736,981.3394630795779,932.6498203250138,936.6524047851562,3521200,
2026-07-10,,,,928.9566796429589,956.2161080745815,926.7807235961147,950.6464233398438,1959400,
2026-07-13,,,,937.4708973262046,944.9969136609404,922.6683408124034,929.7451782226562,1991000,
2026-07-14,,,,956.2260654912558,962.8437935531342,923.786245941709,931.6117553710938,2028600,
2026-07-15,,,,936.8420650237014,936.8420650237014,888.7512863907219,912.6069946289062,2703600,
2026-07-16,,,,890.1187789179534,900.329817104665,867.2711484279856,875.5457763671875,3586600,
2026-07-17,,,,840.171358288863,891.536092302809,836.7776905848835,878.6500244140625,3377200,
2026-07-20,,,,890.0,894.3699951171875,861.27001953125,864.2999877929688,2770000,
2026-07-21,,,,887.489990234375,898.0,876.010009765625,889.969970703125,3219600,
2026-07-22,us,CAT,CAT,877.2899780273438,902.5700073242188,872.9400024414062,889.3099975585938,1975700,Yahoo Finance CAT
2026-07-23,us,CAT,CAT,886.5599975585938,909.5999755859375,881.9500122070312,894.5399780273438,2676300,Yahoo Finance CAT
2026-07-24,us,CAT,CAT,895.0,900.1900024414062,888.0,896.47998046875,203518,Yahoo Finance CAT
2026-07-27,us,CAT,CAT,887.5,894.02001953125,839.5800170898438,873.280029296875,3150000,Yahoo Finance CAT
2026-07-28,us,CAT,CAT,855.760009765625,855.8200073242188,824.0,840.8499755859375,3808600,Yahoo Finance CAT
2026-07-29,us,CAT,CAT,810.22998046875,822.7999877929688,776.0,782.7100219726562,5966400,Yahoo Finance CAT
2026-07-30,us,CAT,CAT,810.75,822.760009765625,801.6799926757812,809.1400146484375,3505200,Yahoo Finance CAT
2026-07-31,us,CAT,CAT,843.3900146484375,845.0,807.3099975585938,814.8099975585938,2395800,Yahoo Finance CAT
2026-08-03,us,CAT,CAT,811.5800170898438,835.3400268554688,804.5700073242188,830.030029296875,3302800,Yahoo Finance CAT
2026-08-04,us,CAT,CAT,922.0,935.0,866.8499755859375,876.5399780273438,6225300,Yahoo Finance CAT
2026-08-05,us,CAT,CAT,874.9000244140625,905.719970703125,870.0,871.0800170898438,3363200,Yahoo Finance CAT
2026-08-06,us,CAT,CAT,862.0,879.3300170898438,856.9600219726562,856.9600219726562,2894700,Yahoo Finance CAT
2026-08-07,us,CAT,CAT,865.6300048828125,868.0,836.010009765625,842.1900024414062,2442900,Yahoo Finance CAT
2026-08-10,us,CAT,CAT,849.0399780273438,854.9299926757812,835.8599853515625,837.5800170898438,1900400,Yahoo Finance CAT
