date,market,symbol,name,open,high,low,close,volume,source
2016-09-22,us,ELF,,24.0,27.399999618530277,23.729999542236328,26.5,13591500,Yahoo Finance daily
2016-09-23,us,ELF,,25.670000076293945,26.049999237060547,24.1299991607666,25.32999992370605,2152500,Yahoo Finance daily
2016-09-26,us,ELF,,25.3799991607666,25.76000022888184,24.71999931335449,25.26000022888184,531800,Yahoo Finance daily
2016-09-27,us,ELF,,25.450000762939453,25.5,24.56999969482422,24.600000381469727,976700,Yahoo Finance daily
2016-09-28,us,ELF,,24.950000762939453,26.799999237060547,24.75,26.540000915527344,1071400,Yahoo Finance daily
2016-09-29,us,ELF,,26.239999771118164,28.920000076293945,25.700000762939453,26.850000381469727,2143800,Yahoo Finance daily
2016-09-30,us,ELF,,27.90999984741211,28.43000030517578,26.8700008392334,28.1200008392334,969000,Yahoo Finance daily
2016-10-03,us,ELF,,28.399999618530277,28.68000030517578,26.540000915527344,26.790000915527344,644500,Yahoo Finance daily
2016-10-04,us,ELF,,26.76000022888184,26.76000022888184,25.850000381469727,26.309999465942383,469600,Yahoo Finance daily
2016-10-05,us,ELF,,25.780000686645508,27.13999938964844,25.780000686645508,26.51000022888184,395800,Yahoo Finance daily
2016-10-06,us,ELF,,26.11000061035156,26.506999969482425,26.0,26.399999618530277,212000,Yahoo Finance daily
2016-10-07,us,ELF,,26.57999992370605,26.989999771118164,26.0,26.670000076293945,164300,Yahoo Finance daily
2016-10-10,us,ELF,,26.63999938964844,26.920000076293945,26.01000022888184,26.299999237060547,193400,Yahoo Finance daily
2016-10-11,us,ELF,,26.68000030517578,26.68000030517578,25.049999237060547,25.56999969482422,360200,Yahoo Finance daily
2016-10-12,us,ELF,,25.84000015258789,26.649999618530277,25.170000076293945,26.6299991607666,290000,Yahoo Finance daily
2016-10-13,us,ELF,,26.56999969482422,27.989999771118164,26.299999237060547,27.049999237060547,536000,Yahoo Finance daily
2016-10-14,us,ELF,,27.51000022888184,27.82999992370605,26.809999465942383,26.940000534057617,269900,Yahoo Finance daily
2016-10-17,us,ELF,,26.920000076293945,27.82999992370605,26.551000595092773,27.479999542236328,412400,Yahoo Finance daily
2016-10-18,us,ELF,,27.979999542236328,27.979999542236328,26.239999771118164,26.8799991607666,170100,Yahoo Finance daily
2016-10-19,us,ELF,,26.799999237060547,27.200000762939453,26.350000381469727,27.030000686645508,73600,Yahoo Finance daily
2016-10-20,us,ELF,,26.809999465942383,27.09000015258789,26.350000381469727,26.600000381469727,100200,Yahoo Finance daily
2016-10-21,us,ELF,,26.31999969482422,27.06999969482422,26.250999450683597,26.809999465942383,102200,Yahoo Finance daily
2016-10-24,us,ELF,,26.96999931335449,27.56999969482422,26.51000022888184,26.790000915527344,233600,Yahoo Finance daily
2016-10-25,us,ELF,,26.940000534057617,27.57900047302246,26.600000381469727,27.15999984741211,158900,Yahoo Finance daily
2016-10-26,us,ELF,,27.350000381469727,27.530000686645508,26.57999992370605,26.65999984741211,194500,Yahoo Finance daily
2016-10-27,us,ELF,,26.690000534057617,27.71999931335449,26.25,26.86000061035156,186500,Yahoo Finance daily
2016-10-28,us,ELF,,27.07999992370605,27.36000061035156,26.399999618530277,26.420000076293945,138400,Yahoo Finance daily
2016-10-31,us,ELF,,26.61000061035156,26.799999237060547,25.82999992370605,25.86000061035156,312800,Yahoo Finance daily
2016-11-01,us,ELF,,25.71999931335449,26.549999237060547,25.25,25.540000915527344,191100,Yahoo Finance daily
2016-11-02,us,ELF,,25.32999992370605,25.8799991607666,25.32999992370605,25.850000381469727,71300,Yahoo Finance daily
2016-11-03,us,ELF,,26.020000457763672,26.11899948120117,25.049999237060547,25.709999084472656,69700,Yahoo Finance daily
2016-11-04,us,ELF,,25.690000534057617,26.520000457763672,25.55599975585937,26.280000686645508,131600,Yahoo Finance daily
2016-11-07,us,ELF,,26.56999969482422,26.770000457763672,25.631999969482425,26.309999465942383,194200,Yahoo Finance daily
2016-11-08,us,ELF,,26.34000015258789,26.8799991607666,26.229999542236328,26.56999969482422,189100,Yahoo Finance daily
2016-11-09,us,ELF,,26.239999771118164,26.674999237060547,25.32999992370605,25.709999084472656,287300,Yahoo Finance daily
2016-11-10,us,ELF,,25.93000030517578,26.479999542236328,25.0,25.920000076293945,219600,Yahoo Finance daily
2016-11-11,us,ELF,,27.229999542236328,28.47100067138672,25.5,27.0,403400,Yahoo Finance daily
2016-11-14,us,ELF,,27.270000457763672,30.5,27.15999984741211,29.3700008392334,525900,Yahoo Finance daily
2016-11-15,us,ELF,,29.989999771118164,31.100000381469727,28.920000076293945,29.0,491400,Yahoo Finance daily
2016-11-16,us,ELF,,29.299999237060547,29.59000015258789,28.59000015258789,29.450000762939453,149500,Yahoo Finance daily
2016-11-17,us,ELF,,29.489999771118164,29.780000686645508,29.0,29.36000061035156,178800,Yahoo Finance daily
2016-11-18,us,ELF,,29.350000381469727,29.76499938964844,28.899999618530277,29.38999938964844,90000,Yahoo Finance daily
2016-11-21,us,ELF,,29.6200008392334,31.0,29.49399948120117,30.31999969482422,283300,Yahoo Finance daily
2016-11-22,us,ELF,,30.51000022888184,30.850000381469727,28.729999542236328,30.020000457763672,305500,Yahoo Finance daily
2016-11-23,us,ELF,,30.040000915527344,31.84000015258789,29.799999237060547,31.350000381469727,248100,Yahoo Finance daily
2016-11-25,us,ELF,,31.899999618530277,31.950000762939453,30.38999938964844,30.86000061035156,183200,Yahoo Finance daily
2016-11-28,us,ELF,,31.239999771118164,31.26000022888184,30.100000381469727,31.100000381469727,199100,Yahoo Finance daily
2016-11-29,us,ELF,,31.299999237060547,32.540000915527344,30.93000030517578,31.739999771118164,368900,Yahoo Finance daily
2016-11-30,us,ELF,,31.799999237060547,32.119998931884766,31.200000762939453,31.46999931335449,376700,Yahoo Finance daily
2016-12-01,us,ELF,,31.670000076293945,32.45000076293945,29.399999618530277,30.149999618530277,451200,Yahoo Finance daily
2016-12-02,us,ELF,,30.26000022888184,30.690000534057617,28.96999931335449,29.600000381469727,390400,Yahoo Finance daily
2016-12-05,us,ELF,,29.790000915527344,30.899999618530277,29.299999237060547,30.81999969482422,239100,Yahoo Finance daily
2016-12-06,us,ELF,,30.549999237060547,31.291000366210938,30.5,30.899999618530277,175300,Yahoo Finance daily
2016-12-07,us,ELF,,30.850000381469727,31.56999969482422,30.35300064086914,30.8799991607666,157700,Yahoo Finance daily
2016-12-08,us,ELF,,30.76000022888184,31.309999465942383,30.020000457763672,30.399999618530277,142700,Yahoo Finance daily
2016-12-09,us,ELF,,30.399999618530277,31.530000686645508,30.07999992370605,30.920000076293945,166300,Yahoo Finance daily
2016-12-12,us,ELF,,30.790000915527344,31.51000022888184,30.600000381469727,30.690000534057617,200800,Yahoo Finance daily
2016-12-13,us,ELF,,30.71999931335449,31.290000915527344,30.200000762939453,30.239999771118164,180500,Yahoo Finance daily
2016-12-14,us,ELF,,30.059999465942383,30.433000564575195,29.049999237060547,29.15999984741211,190200,Yahoo Finance daily
2016-12-15,us,ELF,,28.96999931335449,29.68000030517578,28.11000061035156,28.75,192800,Yahoo Finance daily
2016-12-16,us,ELF,,29.030000686645508,29.979999542236328,28.809999465942383,29.3700008392334,1698300,Yahoo Finance daily
2016-12-19,us,ELF,,29.549999237060547,29.799999237060547,29.030000686645508,29.3799991607666,236600,Yahoo Finance daily
2016-12-20,us,ELF,,29.170000076293945,29.920000076293945,29.149999618530277,29.530000686645508,232400,Yahoo Finance daily
2016-12-21,us,ELF,,29.520000457763672,29.684999465942383,29.21500015258789,29.600000381469727,126200,Yahoo Finance daily
2016-12-22,us,ELF,,29.209999084472656,29.739999771118164,29.209999084472656,29.51000022888184,144600,Yahoo Finance daily
2016-12-23,us,ELF,,29.459999084472656,29.739999771118164,29.270000457763672,29.51000022888184,163800,Yahoo Finance daily
2016-12-27,us,ELF,,29.450000762939453,29.700000762939453,29.100000381469727,29.36000061035156,96600,Yahoo Finance daily
2016-12-28,us,ELF,,29.36000061035156,29.600000381469727,28.5049991607666,29.290000915527344,570600,Yahoo Finance daily
2016-12-29,us,ELF,,29.200000762939453,29.86899948120117,28.709999084472656,29.040000915527344,161700,Yahoo Finance daily
2016-12-30,us,ELF,,29.18000030517578,29.399999618530277,28.670000076293945,28.940000534057617,117400,Yahoo Finance daily
2017-01-03,us,ELF,,28.84000015258789,29.65999984741211,28.76000022888184,28.940000534057617,171200,Yahoo Finance daily
2017-01-04,us,ELF,,29.239999771118164,29.770000457763672,28.850000381469727,28.989999771118164,285600,Yahoo Finance daily
2017-01-05,us,ELF,,28.979999542236328,29.25900077819824,28.420000076293945,28.950000762939453,937700,Yahoo Finance daily
2017-01-06,us,ELF,,29.040000915527344,29.81999969482422,28.56999969482422,29.63999938964844,496400,Yahoo Finance daily
2017-01-09,us,ELF,,29.93000030517578,30.559999465942383,28.90999984741211,29.059999465942383,393100,Yahoo Finance daily
2017-01-10,us,ELF,,29.21999931335449,29.295000076293945,28.229999542236328,28.8700008392334,432600,Yahoo Finance daily
2017-01-11,us,ELF,,28.979999542236328,29.309999465942383,28.780000686645508,29.280000686645508,418200,Yahoo Finance daily
2017-01-12,us,ELF,,29.239999771118164,29.25,28.3700008392334,28.93000030517578,392300,Yahoo Finance daily
2017-01-13,us,ELF,,29.059999465942383,29.30500030517578,28.729999542236328,28.84000015258789,240800,Yahoo Finance daily
2017-01-17,us,ELF,,28.86000061035156,29.0,28.350000381469727,28.5,172500,Yahoo Finance daily
2017-01-18,us,ELF,,28.549999237060547,28.93000030517578,27.584999084472656,27.8799991607666,345600,Yahoo Finance daily
2017-01-19,us,ELF,,27.739999771118164,27.899999618530277,26.86000061035156,27.100000381469727,401100,Yahoo Finance daily
2017-01-20,us,ELF,,27.06999969482422,27.645000457763672,26.549999237060547,26.65999984741211,299400,Yahoo Finance daily
2017-01-23,us,ELF,,26.51000022888184,26.8799991607666,25.99099922180176,26.299999237060547,163900,Yahoo Finance daily
2017-01-24,us,ELF,,26.25,26.770000457763672,26.15999984741211,26.43000030517578,173300,Yahoo Finance daily
2017-01-25,us,ELF,,26.3700008392334,26.74799919128418,25.959999084472656,26.07999992370605,179600,Yahoo Finance daily
2017-01-26,us,ELF,,25.950000762939453,25.97100067138672,24.559999465942383,25.549999237060547,397500,Yahoo Finance daily
2017-01-27,us,ELF,,25.459999084472656,25.459999084472656,25.0,25.290000915527344,552800,Yahoo Finance daily
2017-01-30,us,ELF,,25.18000030517578,25.459999084472656,24.68000030517578,25.229999542236328,341400,Yahoo Finance daily
2017-01-31,us,ELF,,25.1299991607666,25.600000381469727,24.399999618530277,24.959999084472656,545500,Yahoo Finance daily
2017-02-01,us,ELF,,25.01000022888184,25.229999542236328,24.290000915527344,24.75,238900,Yahoo Finance daily
2017-02-02,us,ELF,,24.790000915527344,24.923999786376957,24.030000686645508,24.600000381469727,522700,Yahoo Finance daily
2017-02-03,us,ELF,,24.82999992370605,25.100000381469727,24.309999465942383,24.940000534057617,196000,Yahoo Finance daily
2017-02-06,us,ELF,,25.020000457763672,25.38999938964844,24.82999992370605,25.31999969482422,194600,Yahoo Finance daily
2017-02-07,us,ELF,,25.450000762939453,27.1299991607666,25.450000762939453,26.690000534057617,988600,Yahoo Finance daily
2017-02-08,us,ELF,,26.479999542236328,26.63999938964844,26.100000381469727,26.5,441900,Yahoo Finance daily
2017-02-09,us,ELF,,26.31999969482422,26.700000762939453,26.040000915527344,26.40999984741211,480700,Yahoo Finance daily
2017-02-10,us,ELF,,26.34000015258789,26.920000076293945,26.25,26.6299991607666,364800,Yahoo Finance daily
2017-02-13,us,ELF,,26.6200008392334,27.0,26.420000076293945,26.959999084472656,293300,Yahoo Finance daily
2017-02-14,us,ELF,,26.81999969482422,26.950000762939453,26.209999084472656,26.84000015258789,388700,Yahoo Finance daily
2017-02-15,us,ELF,,26.739999771118164,27.04700088500977,26.5,26.8700008392334,273600,Yahoo Finance daily
2017-02-16,us,ELF,,26.8700008392334,27.327999114990234,26.309999465942383,26.51000022888184,283000,Yahoo Finance daily
2017-02-17,us,ELF,,26.520000457763672,27.309999465942383,26.36000061035156,26.940000534057617,405400,Yahoo Finance daily
2017-02-21,us,ELF,,27.61000061035156,28.729999542236328,27.209999084472656,28.59000015258789,470000,Yahoo Finance daily
2017-02-22,us,ELF,,28.770000457763672,28.82999992370605,27.989999771118164,28.11000061035156,238000,Yahoo Finance daily
2017-02-23,us,ELF,,28.06999969482422,28.26000022888184,27.6299991607666,28.040000915527344,214300,Yahoo Finance daily
2017-02-24,us,ELF,,27.780000686645508,28.25,27.700000762939453,28.170000076293945,190100,Yahoo Finance daily
2017-02-27,us,ELF,,28.18000030517578,28.399999618530277,27.649999618530277,28.21999931335449,248800,Yahoo Finance daily
2017-02-28,us,ELF,,28.239999771118164,28.239999771118164,27.670000076293945,27.700000762939453,197800,Yahoo Finance daily
2017-03-01,us,ELF,,27.799999237060547,28.46999931335449,27.51000022888184,28.399999618530277,267100,Yahoo Finance daily
2017-03-02,us,ELF,,28.51000022888184,28.51000022888184,27.920000076293945,28.0,197400,Yahoo Finance daily
2017-03-03,us,ELF,,27.770000457763672,28.020000457763672,27.020000457763672,27.26000022888184,243700,Yahoo Finance daily
2017-03-06,us,ELF,,27.0,27.229999542236328,26.40999984741211,26.690000534057617,470900,Yahoo Finance daily
2017-03-07,us,ELF,,26.479999542236328,26.549999237060547,25.690000534057617,25.920000076293945,803300,Yahoo Finance daily
2017-03-08,us,ELF,,26.11000061035156,26.167999267578125,25.040000915527344,25.299999237060547,689300,Yahoo Finance daily
2017-03-09,us,ELF,,31.030000686645508,31.100000381469727,28.01000022888184,28.420000076293945,4253900,Yahoo Finance daily
2017-03-10,us,ELF,,28.200000762939453,28.420000076293945,27.100000381469727,27.700000762939453,1367900,Yahoo Finance daily
2017-03-13,us,ELF,,27.88999938964844,27.88999938964844,27.100000381469727,27.15999984741211,611900,Yahoo Finance daily
2017-03-14,us,ELF,,27.1299991607666,27.32900047302246,25.940000534057617,25.979999542236328,854200,Yahoo Finance daily
2017-03-15,us,ELF,,25.96999931335449,26.790000915527344,25.75,26.239999771118164,685200,Yahoo Finance daily
2017-03-16,us,ELF,,26.43000030517578,26.799999237060547,26.06999969482422,26.190000534057617,399100,Yahoo Finance daily
2017-03-17,us,ELF,,26.25,26.59000015258789,26.020000457763672,26.309999465942383,462600,Yahoo Finance daily
2017-03-20,us,ELF,,26.36000061035156,26.63999938964844,26.11000061035156,26.200000762939453,313900,Yahoo Finance daily
2017-03-21,us,ELF,,26.040000915527344,26.540000915527344,25.809999465942383,26.06999969482422,447100,Yahoo Finance daily
2017-03-22,us,ELF,,26.01000022888184,26.22900009155273,25.56999969482422,25.86000061035156,449200,Yahoo Finance daily
2017-03-23,us,ELF,,25.75,26.3799991607666,25.75,26.15999984741211,413000,Yahoo Finance daily
2017-03-24,us,ELF,,26.200000762939453,26.90999984741211,26.200000762939453,26.38999938964844,324900,Yahoo Finance daily
2017-03-27,us,ELF,,25.940000534057617,26.36000061035156,25.75,25.850000381469727,389000,Yahoo Finance daily
2017-03-28,us,ELF,,25.86000061035156,26.84000015258789,25.770000457763672,26.40999984741211,465400,Yahoo Finance daily
2017-03-29,us,ELF,,26.530000686645508,27.36000061035156,26.28499984741211,26.6299991607666,479000,Yahoo Finance daily
2017-03-30,us,ELF,,26.729999542236328,27.96999931335449,26.729999542236328,27.61000061035156,1190200,Yahoo Finance daily
2017-03-31,us,ELF,,28.18000030517578,28.940000534057617,27.5,28.799999237060547,9349900,Yahoo Finance daily
2017-04-03,us,ELF,,28.84000015258789,28.899999618530277,28.0,28.25,1337400,Yahoo Finance daily
2017-04-04,us,ELF,,28.09000015258789,28.229999542236328,27.540000915527344,27.600000381469727,700900,Yahoo Finance daily
2017-04-05,us,ELF,,27.709999084472656,27.84000015258789,27.43000030517578,27.5,792500,Yahoo Finance daily
2017-04-06,us,ELF,,27.559999465942383,27.59000015258789,27.25,27.36000061035156,741100,Yahoo Finance daily
2017-04-07,us,ELF,,27.350000381469727,27.350000381469727,26.90999984741211,27.11000061035156,717500,Yahoo Finance daily
2017-04-10,us,ELF,,27.049999237060547,27.81999969482422,27.049999237060547,27.200000762939453,436300,Yahoo Finance daily
2017-04-11,us,ELF,,27.280000686645508,28.089000701904297,27.100000381469727,27.729999542236328,629200,Yahoo Finance daily
2017-04-12,us,ELF,,27.690000534057617,28.01499938964844,27.46999931335449,27.540000915527344,371700,Yahoo Finance daily
2017-04-13,us,ELF,,27.420000076293945,27.809999465942383,27.280000686645508,27.57999992370605,770500,Yahoo Finance daily
2017-04-17,us,ELF,,27.709999084472656,27.799999237060547,27.229999542236328,27.299999237060547,320900,Yahoo Finance daily
2017-04-18,us,ELF,,27.13999938964844,27.47100067138672,26.76000022888184,26.959999084472656,449000,Yahoo Finance daily
2017-04-19,us,ELF,,27.309999465942383,27.780000686645508,27.04700088500977,27.65999984741211,490800,Yahoo Finance daily
2017-04-20,us,ELF,,27.739999771118164,28.3700008392334,27.57999992370605,27.899999618530277,355000,Yahoo Finance daily
2017-04-21,us,ELF,,27.899999618530277,27.899999618530277,27.309999465942383,27.649999618530277,327800,Yahoo Finance daily
2017-04-24,us,ELF,,27.959999084472656,28.1299991607666,27.399999618530277,27.440000534057617,274200,Yahoo Finance daily
2017-04-25,us,ELF,,27.440000534057617,28.1200008392334,27.42300033569336,27.51000022888184,654500,Yahoo Finance daily
2017-04-26,us,ELF,,27.43000030517578,27.75,27.40999984741211,27.57999992370605,345600,Yahoo Finance daily
2017-04-27,us,ELF,,27.520000457763672,27.799999237060547,27.450000762939453,27.649999618530277,185400,Yahoo Finance daily
2017-04-28,us,ELF,,27.649999618530277,27.665000915527344,27.15999984741211,27.25,318800,Yahoo Finance daily
2017-05-01,us,ELF,,27.59000015258789,27.729999542236328,27.459999084472656,27.56999969482422,467100,Yahoo Finance daily
2017-05-02,us,ELF,,27.190000534057617,27.32999992370605,25.84000015258789,26.65999984741211,1776600,Yahoo Finance daily
2017-05-03,us,ELF,,26.709999084472656,26.899999618530277,26.600000381469727,26.790000915527344,309100,Yahoo Finance daily
2017-05-04,us,ELF,,26.790000915527344,27.0,26.700000762939453,26.799999237060547,283400,Yahoo Finance daily
2017-05-05,us,ELF,,26.75,27.0049991607666,26.63999938964844,26.850000381469727,315000,Yahoo Finance daily
2017-05-08,us,ELF,,26.959999084472656,27.93000030517578,26.959999084472656,27.93000030517578,720500,Yahoo Finance daily
2017-05-09,us,ELF,,27.850000381469727,28.799999237060547,27.850000381469727,28.729999542236328,725000,Yahoo Finance daily
2017-05-10,us,ELF,,29.0,29.299999237060547,28.81999969482422,29.07999992370605,1506700,Yahoo Finance daily
2017-05-11,us,ELF,,27.059999465942383,28.0,26.0,27.68000030517578,3128800,Yahoo Finance daily
2017-05-12,us,ELF,,27.459999084472656,27.489999771118164,26.924999237060547,27.030000686645508,716300,Yahoo Finance daily
2017-05-15,us,ELF,,27.059999465942383,27.1200008392334,25.690000534057617,25.75,1167700,Yahoo Finance daily
2017-05-16,us,ELF,,25.809999465942383,25.93199920654297,25.0,25.190000534057617,828600,Yahoo Finance daily
2017-05-17,us,ELF,,24.96999931335449,25.200000762939453,24.770000457763672,25.0,674100,Yahoo Finance daily
2017-05-18,us,ELF,,24.979999542236328,25.649999618530277,24.979999542236328,25.450000762939453,684300,Yahoo Finance daily
2017-05-19,us,ELF,,25.440000534057617,25.520000457763672,25.0,25.1200008392334,378700,Yahoo Finance daily
2017-05-22,us,ELF,,25.09000015258789,25.239999771118164,24.940000534057617,25.09000015258789,224700,Yahoo Finance daily
2017-05-23,us,ELF,,25.190000534057617,25.190000534057617,24.65999984741211,25.040000915527344,335600,Yahoo Finance daily
2017-05-24,us,ELF,,25.100000381469727,25.1200008392334,24.76000022888184,24.850000381469727,364500,Yahoo Finance daily
2017-05-25,us,ELF,,25.0,25.549999237060547,24.826000213623047,25.38999938964844,437200,Yahoo Finance daily
2017-05-26,us,ELF,,25.459999084472656,25.6200008392334,25.25,25.32999992370605,247400,Yahoo Finance daily
2017-05-30,us,ELF,,25.309999465942383,25.450000762939453,25.1200008392334,25.209999084472656,526200,Yahoo Finance daily
2017-05-31,us,ELF,,25.31999969482422,25.31999969482422,24.3700008392334,24.46999931335449,431600,Yahoo Finance daily
2017-06-01,us,ELF,,24.51000022888184,25.43000030517578,24.049999237060547,25.299999237060547,605900,Yahoo Finance daily
2017-06-02,us,ELF,,25.34000015258789,25.950000762939453,25.09000015258789,25.670000076293945,462500,Yahoo Finance daily
2017-06-05,us,ELF,,25.71999931335449,25.71999931335449,25.0,25.280000686645508,349200,Yahoo Finance daily
2017-06-06,us,ELF,,25.84000015258789,26.809999465942383,25.506999969482425,26.59000015258789,893200,Yahoo Finance daily
2017-06-07,us,ELF,,26.63999938964844,27.0,26.280000686645508,26.899999618530277,703800,Yahoo Finance daily
2017-06-08,us,ELF,,26.979999542236328,26.979999542236328,26.0,26.36000061035156,438600,Yahoo Finance daily
2017-06-09,us,ELF,,26.399999618530277,26.417999267578125,25.32999992370605,26.049999237060547,781000,Yahoo Finance daily
2017-06-12,us,ELF,,25.790000915527344,25.94300079345703,24.711000442504883,25.280000686645508,785500,Yahoo Finance daily
2017-06-13,us,ELF,,25.350000381469727,26.38999938964844,25.149999618530277,26.11000061035156,447900,Yahoo Finance daily
2017-06-14,us,ELF,,26.170000076293945,26.62700080871582,25.709999084472656,26.299999237060547,423000,Yahoo Finance daily
2017-06-15,us,ELF,,26.09000015258789,26.479999542236328,25.920000076293945,26.43000030517578,365700,Yahoo Finance daily
2017-06-16,us,ELF,,26.209999084472656,26.450000762939453,25.530000686645508,26.399999618530277,622600,Yahoo Finance daily
2017-06-19,us,ELF,,26.5,26.5,25.899999618530277,26.25,494100,Yahoo Finance daily
2017-06-20,us,ELF,,26.25,26.91900062561035,26.239999771118164,26.65999984741211,488500,Yahoo Finance daily
2017-06-21,us,ELF,,26.670000076293945,27.21999931335449,26.0,26.5,744400,Yahoo Finance daily
2017-06-22,us,ELF,,26.65999984741211,26.96999931335449,26.295000076293945,26.729999542236328,344700,Yahoo Finance daily
2017-06-23,us,ELF,,26.75,26.75,26.200000762939453,26.600000381469727,1673100,Yahoo Finance daily
2017-06-26,us,ELF,,26.57999992370605,26.700000762939453,26.309999465942383,26.520000457763672,534700,Yahoo Finance daily
2017-06-27,us,ELF,,26.61000061035156,28.5,26.5,27.899999618530277,2212900,Yahoo Finance daily
2017-06-28,us,ELF,,27.899999618530277,28.18000030517578,27.399999618530277,27.459999084472656,877300,Yahoo Finance daily
2017-06-29,us,ELF,,27.420000076293945,27.549999237060547,26.780000686645508,27.1200008392334,674600,Yahoo Finance daily
2017-06-30,us,ELF,,27.049999237060547,27.415000915527344,26.96999931335449,27.209999084472656,447000,Yahoo Finance daily
2017-07-03,us,ELF,,27.21999931335449,27.30699920654297,26.82999992370605,27.0,200400,Yahoo Finance daily
2017-07-05,us,ELF,,27.0,27.11000061035156,26.600000381469727,26.86000061035156,416300,Yahoo Finance daily
2017-07-06,us,ELF,,26.63999938964844,26.850000381469727,25.729999542236328,25.81999969482422,458500,Yahoo Finance daily
2017-07-07,us,ELF,,25.8799991607666,26.1299991607666,25.520000457763672,26.100000381469727,469400,Yahoo Finance daily
2017-07-10,us,ELF,,26.0,26.56999969482422,25.399999618530277,25.739999771118164,636500,Yahoo Finance daily
2017-07-11,us,ELF,,25.809999465942383,26.084999084472656,25.07999992370605,25.3799991607666,517500,Yahoo Finance daily
2017-07-12,us,ELF,,25.3700008392334,25.65999984741211,24.86100006103516,25.049999237060547,635200,Yahoo Finance daily
2017-07-13,us,ELF,,25.049999237060547,25.34000015258789,24.979999542236328,25.1299991607666,319400,Yahoo Finance daily
2017-07-14,us,ELF,,25.190000534057617,25.440000534057617,24.989999771118164,25.1299991607666,407400,Yahoo Finance daily
2017-07-17,us,ELF,,25.209999084472656,25.25,24.700000762939453,25.200000762939453,452300,Yahoo Finance daily
2017-07-18,us,ELF,,25.11000061035156,25.399999618530277,25.030000686645508,25.18000030517578,249800,Yahoo Finance daily
2017-07-19,us,ELF,,25.100000381469727,25.25,24.729999542236328,24.950000762939453,597600,Yahoo Finance daily
2017-07-20,us,ELF,,25.0,25.43000030517578,24.739999771118164,25.290000915527344,274300,Yahoo Finance daily
2017-07-21,us,ELF,,25.40999984741211,25.600000381469727,24.71999931335449,25.09000015258789,397100,Yahoo Finance daily
2017-07-24,us,ELF,,25.09000015258789,25.56999969482422,24.86000061035156,25.399999618530277,300000,Yahoo Finance daily
2017-07-25,us,ELF,,26.030000686645508,26.920000076293945,25.729999542236328,26.549999237060547,545700,Yahoo Finance daily
2017-07-26,us,ELF,,26.21999931335449,26.530000686645508,26.059999465942383,26.440000534057617,211800,Yahoo Finance daily
2017-07-27,us,ELF,,26.399999618530277,27.270999908447266,26.239999771118164,26.420000076293945,513000,Yahoo Finance daily
2017-07-28,us,ELF,,26.43000030517578,26.43000030517578,25.540000915527344,25.76000022888184,387600,Yahoo Finance daily
2017-07-31,us,ELF,,25.899999618530277,25.899999618530277,25.239999771118164,25.3700008392334,299700,Yahoo Finance daily
2017-08-01,us,ELF,,25.399999618530277,25.5,25.040000915527344,25.3799991607666,353800,Yahoo Finance daily
2017-08-02,us,ELF,,25.280000686645508,25.299999237060547,24.780000686645508,24.850000381469727,363800,Yahoo Finance daily
2017-08-03,us,ELF,,24.850000381469727,25.01000022888184,24.450000762939453,24.61000061035156,383300,Yahoo Finance daily
2017-08-04,us,ELF,,24.63999938964844,24.90999984741211,24.100000381469727,24.81999969482422,536600,Yahoo Finance daily
2017-08-07,us,ELF,,24.770000457763672,25.09000015258789,24.549999237060547,25.040000915527344,529300,Yahoo Finance daily
2017-08-08,us,ELF,,24.979999542236328,25.75,24.520000457763672,25.540000915527344,791800,Yahoo Finance daily
2017-08-09,us,ELF,,25.40999984741211,25.780000686645508,24.899999618530277,25.170000076293945,824400,Yahoo Finance daily
2017-08-10,us,ELF,,24.780000686645508,25.200000762939453,22.981000900268555,24.76000022888184,2287600,Yahoo Finance daily
2017-08-11,us,ELF,,24.850000381469727,25.989999771118164,24.81999969482422,25.190000534057617,942600,Yahoo Finance daily
2017-08-14,us,ELF,,25.559999465942383,26.0,25.21999931335449,25.5,564300,Yahoo Finance daily
2017-08-15,us,ELF,,25.559999465942383,25.559999465942383,25.030000686645508,25.11000061035156,660000,Yahoo Finance daily
2017-08-16,us,ELF,,25.190000534057617,25.375,25.0,25.030000686645508,476600,Yahoo Finance daily
2017-08-17,us,ELF,,25.0,25.0,23.950000762939453,23.989999771118164,630900,Yahoo Finance daily
2017-08-18,us,ELF,,24.0,24.100000381469727,22.5,23.01000022888184,1346500,Yahoo Finance daily
2017-08-21,us,ELF,,23.0,23.43000030517578,22.899999618530277,23.06999969482422,551400,Yahoo Finance daily
2017-08-22,us,ELF,,23.0,23.084999084472656,19.26000022888184,19.3700008392334,2564200,Yahoo Finance daily
2017-08-23,us,ELF,,19.51000022888184,21.030000686645508,19.149999618530277,20.989999771118164,1939100,Yahoo Finance daily
2017-08-24,us,ELF,,21.0,21.280000686645508,19.8799991607666,19.88999938964844,696000,Yahoo Finance daily
2017-08-25,us,ELF,,20.049999237060547,20.78899955749512,19.75,20.540000915527344,973300,Yahoo Finance daily
2017-08-28,us,ELF,,20.440000534057617,20.440000534057617,19.93000030517578,20.21999931335449,469200,Yahoo Finance daily
2017-08-29,us,ELF,,20.059999465942383,20.475000381469727,19.959999084472656,20.36000061035156,443900,Yahoo Finance daily
2017-08-30,us,ELF,,20.36000061035156,20.790000915527344,20.100000381469727,20.309999465942383,703800,Yahoo Finance daily
2017-08-31,us,ELF,,20.290000915527344,21.0,20.200000762939453,20.690000534057617,762100,Yahoo Finance daily
2017-09-01,us,ELF,,20.700000762939453,20.76000022888184,20.059999465942383,20.21999931335449,441100,Yahoo Finance daily
2017-09-05,us,ELF,,20.01000022888184,20.11000061035156,19.11000061035156,19.71999931335449,1108600,Yahoo Finance daily
2017-09-06,us,ELF,,20.239999771118164,20.72800064086914,19.729999542236328,20.38999938964844,546100,Yahoo Finance daily
2017-09-07,us,ELF,,20.399999618530277,20.450000762939453,19.940000534057617,20.07999992370605,465100,Yahoo Finance daily
2017-09-08,us,ELF,,20.01000022888184,20.350000381469727,19.690000534057617,20.26000022888184,500400,Yahoo Finance daily
2017-09-11,us,ELF,,20.26000022888184,20.450000762939453,19.920000076293945,20.01000022888184,545600,Yahoo Finance daily
2017-09-12,us,ELF,,20.09000015258789,20.3799991607666,19.71999931335449,20.149999618530277,485400,Yahoo Finance daily
2017-09-13,us,ELF,,20.07999992370605,20.3700008392334,19.729999542236328,19.809999465942383,743600,Yahoo Finance daily
2017-09-14,us,ELF,,20.40999984741211,20.5,20.01000022888184,20.34000015258789,1110600,Yahoo Finance daily
2017-09-15,us,ELF,,20.3700008392334,20.40999984741211,19.90999984741211,20.299999237060547,846300,Yahoo Finance daily
2017-09-18,us,ELF,,20.200000762939453,20.238000869750977,19.3700008392334,19.899999618530277,867700,Yahoo Finance daily
2017-09-19,us,ELF,,19.850000381469727,20.280000686645508,19.739999771118164,19.989999771118164,777700,Yahoo Finance daily
2017-09-20,us,ELF,,19.899999618530277,20.350000381469727,19.799999237060547,20.190000534057617,797600,Yahoo Finance daily
2017-09-21,us,ELF,,20.239999771118164,20.315000534057617,19.26000022888184,19.399999618530277,787200,Yahoo Finance daily
2017-09-22,us,ELF,,19.25,19.6200008392334,18.84000015258789,19.280000686645508,777600,Yahoo Finance daily
2017-09-25,us,ELF,,19.36000061035156,19.75,19.209999084472656,19.700000762939453,647600,Yahoo Finance daily
2017-09-26,us,ELF,,19.76000022888184,21.18000030517578,19.459999084472656,21.049999237060547,1819300,Yahoo Finance daily
2017-09-27,us,ELF,,21.270000457763672,21.40999984741211,20.270000457763672,21.149999618530277,723700,Yahoo Finance daily
2017-09-28,us,ELF,,21.1299991607666,22.09000015258789,20.82999992370605,22.06999969482422,551000,Yahoo Finance daily
2017-09-29,us,ELF,,21.93000030517578,22.59000015258789,21.850000381469727,22.549999237060547,753800,Yahoo Finance daily
2017-10-02,us,ELF,,22.61000061035156,22.68000030517578,21.38999938964844,21.86000061035156,851300,Yahoo Finance daily
2017-10-03,us,ELF,,21.950000762939453,21.950000762939453,21.440000534057617,21.84000015258789,614400,Yahoo Finance daily
2017-10-04,us,ELF,,21.8700008392334,21.93000030517578,21.399999618530277,21.399999618530277,335600,Yahoo Finance daily
2017-10-05,us,ELF,,21.229999542236328,21.770000457763672,20.899999618530277,21.65999984741211,338000,Yahoo Finance daily
2017-10-06,us,ELF,,21.780000686645508,21.82999992370605,21.559999465942383,21.790000915527344,333400,Yahoo Finance daily
2017-10-09,us,ELF,,21.690000534057617,21.90999984741211,21.020000457763672,21.190000534057617,437400,Yahoo Finance daily
2017-10-10,us,ELF,,21.15999984741211,21.549999237060547,20.88999938964844,21.11000061035156,520300,Yahoo Finance daily
2017-10-11,us,ELF,,21.030000686645508,21.13999938964844,20.549999237060547,21.01000022888184,579100,Yahoo Finance daily
2017-10-12,us,ELF,,20.84000015258789,21.25,20.290000915527344,20.8700008392334,767000,Yahoo Finance daily
2017-10-13,us,ELF,,20.84000015258789,21.299999237060547,20.834999084472656,21.18000030517578,542700,Yahoo Finance daily
2017-10-16,us,ELF,,21.26000022888184,21.5,21.020000457763672,21.299999237060547,499000,Yahoo Finance daily
2017-10-17,us,ELF,,21.21999931335449,21.38599967956543,21.020000457763672,21.239999771118164,350600,Yahoo Finance daily
2017-10-18,us,ELF,,21.01000022888184,21.190000534057617,19.81100082397461,20.15999984741211,747000,Yahoo Finance daily
2017-10-19,us,ELF,,19.950000762939453,20.56999969482422,19.75,20.43000030517578,861900,Yahoo Finance daily
2017-10-20,us,ELF,,20.56999969482422,20.56999969482422,20.149999618530277,20.51000022888184,372600,Yahoo Finance daily
2017-10-23,us,ELF,,20.600000381469727,21.3799991607666,20.3700008392334,21.200000762939453,600400,Yahoo Finance daily
2017-10-24,us,ELF,,21.5,22.27300071716309,21.5,22.07999992370605,645000,Yahoo Finance daily
2017-10-25,us,ELF,,22.040000915527344,22.38999938964844,21.770000457763672,21.989999771118164,561100,Yahoo Finance daily
2017-10-26,us,ELF,,22.13999938964844,23.170000076293945,22.0310001373291,22.21999931335449,408800,Yahoo Finance daily
2017-10-27,us,ELF,,22.229999542236328,22.739999771118164,21.84000015258789,22.670000076293945,401400,Yahoo Finance daily
2017-10-30,us,ELF,,22.670000076293945,22.739999771118164,21.60700035095215,21.75,398300,Yahoo Finance daily
2017-10-31,us,ELF,,21.709999084472656,22.040000915527344,21.100000381469727,21.190000534057617,529900,Yahoo Finance daily
2017-11-01,us,ELF,,21.25,21.475000381469727,20.53300094604492,20.82999992370605,641700,Yahoo Finance daily
2017-11-02,us,ELF,,20.76000022888184,20.95499992370605,20.51000022888184,20.850000381469727,304400,Yahoo Finance daily
2017-11-03,us,ELF,,20.84000015258789,21.030000686645508,20.600000381469727,20.6200008392334,271900,Yahoo Finance daily
2017-11-06,us,ELF,,20.549999237060547,20.94499969482422,20.21999931335449,20.21999931335449,468300,Yahoo Finance daily
2017-11-07,us,ELF,,20.11000061035156,20.709999084472656,20.030000686645508,20.6299991607666,630200,Yahoo Finance daily
2017-11-08,us,ELF,,20.100000381469727,20.46999931335449,18.520000457763672,19.200000762939453,1765500,Yahoo Finance daily
2017-11-09,us,ELF,,18.88999938964844,20.540000915527344,18.520000457763672,18.90999984741211,1506400,Yahoo Finance daily
2017-11-10,us,ELF,,19.020000457763672,19.5,18.979999542236328,19.049999237060547,649200,Yahoo Finance daily
2017-11-13,us,ELF,,19.049999237060547,19.709999084472656,18.899999618530277,19.61000061035156,884900,Yahoo Finance daily
2017-11-14,us,ELF,,19.729999542236328,19.729999542236328,18.96999931335449,19.13999938964844,418200,Yahoo Finance daily
2017-11-15,us,ELF,,18.950000762939453,19.3799991607666,18.82999992370605,19.229999542236328,420400,Yahoo Finance daily
2017-11-16,us,ELF,,19.280000686645508,19.809999465942383,19.049999237060547,19.56999969482422,365800,Yahoo Finance daily
2017-11-17,us,ELF,,19.420000076293945,20.149999618530277,19.420000076293945,20.07999992370605,313800,Yahoo Finance daily
2017-11-20,us,ELF,,20.209999084472656,20.56999969482422,20.11000061035156,20.34000015258789,310800,Yahoo Finance daily
2017-11-21,us,ELF,,20.38999938964844,20.73500061035156,20.13999938964844,20.31999969482422,670000,Yahoo Finance daily
2017-11-22,us,ELF,,20.280000686645508,20.75,20.26000022888184,20.65999984741211,156900,Yahoo Finance daily
2017-11-24,us,ELF,,20.84000015258789,20.950000762939453,20.489999771118164,20.549999237060547,68000,Yahoo Finance daily
2017-11-27,us,ELF,,20.600000381469727,20.899999618530277,20.38500022888184,20.780000686645508,185600,Yahoo Finance daily
2017-11-28,us,ELF,,20.75,22.0,20.75,21.5,358500,Yahoo Finance daily
2017-11-29,us,ELF,,21.5,21.768999099731445,21.239999771118164,21.61000061035156,178200,Yahoo Finance daily
2017-11-30,us,ELF,,21.8799991607666,22.700000762939453,21.540000915527344,22.15999984741211,329900,Yahoo Finance daily
2017-12-01,us,ELF,,21.979999542236328,22.450000762939453,21.25,21.739999771118164,355400,Yahoo Finance daily
2017-12-04,us,ELF,,21.940000534057617,23.850000381469727,21.88999938964844,23.520000457763672,621600,Yahoo Finance daily
2017-12-05,us,ELF,,23.46999931335449,23.75,23.06999969482422,23.530000686645508,298400,Yahoo Finance daily
2017-12-06,us,ELF,,23.5,23.66900062561035,22.350000381469727,22.43000030517578,364300,Yahoo Finance daily
2017-12-07,us,ELF,,22.25,22.549999237060547,21.049999237060547,21.13999938964844,516000,Yahoo Finance daily
2017-12-08,us,ELF,,21.229999542236328,22.290000915527344,21.200000762939453,21.82999992370605,291900,Yahoo Finance daily
2017-12-11,us,ELF,,21.76000022888184,22.299999237060547,21.6299991607666,21.739999771118164,168100,Yahoo Finance daily
2017-12-12,us,ELF,,20.950000762939453,21.690000534057617,20.756999969482425,20.90999984741211,410000,Yahoo Finance daily
2017-12-13,us,ELF,,20.81999969482422,21.59000015258789,20.81999969482422,21.5,329900,Yahoo Finance daily
2017-12-14,us,ELF,,21.59000015258789,22.280000686645508,21.420000076293945,22.1299991607666,331700,Yahoo Finance daily
2017-12-15,us,ELF,,21.11000061035156,22.59000015258789,21.11000061035156,22.46999931335449,487200,Yahoo Finance daily
2017-12-18,us,ELF,,22.399999618530277,23.26000022888184,22.399999618530277,22.979999542236328,292500,Yahoo Finance daily
2017-12-19,us,ELF,,22.780000686645508,23.209999084472656,22.70499992370605,22.950000762939453,309700,Yahoo Finance daily
2017-12-20,us,ELF,,23.0,23.11000061035156,22.75,23.030000686645508,270100,Yahoo Finance daily
2017-12-21,us,ELF,,22.93000030517578,23.06999969482422,22.43000030517578,22.75,427000,Yahoo Finance daily
2017-12-22,us,ELF,,22.709999084472656,22.940000534057617,22.280000686645508,22.399999618530277,170900,Yahoo Finance daily
2017-12-26,us,ELF,,22.399999618530277,23.0,22.1299991607666,22.950000762939453,181500,Yahoo Finance daily
2017-12-27,us,ELF,,22.65999984741211,23.32999992370605,22.040000915527344,22.13999938964844,260500,Yahoo Finance daily
2017-12-28,us,ELF,,22.209999084472656,22.81999969482422,21.92099952697754,22.6299991607666,194400,Yahoo Finance daily
2017-12-29,us,ELF,,22.46999931335449,22.899999618530277,22.25,22.309999465942383,226400,Yahoo Finance daily
2018-01-02,us,ELF,,22.46999931335449,23.06999969482422,22.32999992370605,22.420000076293945,232400,Yahoo Finance daily
2018-01-03,us,ELF,,22.3799991607666,22.632999420166016,21.6200008392334,21.709999084472656,200500,Yahoo Finance daily
2018-01-04,us,ELF,,21.63999938964844,21.899999618530277,21.3700008392334,21.3700008392334,270900,Yahoo Finance daily
2018-01-05,us,ELF,,21.26000022888184,22.059999465942383,21.100000381469727,21.780000686645508,568500,Yahoo Finance daily
2018-01-08,us,ELF,,21.76000022888184,22.100000381469727,21.3700008392334,22.020000457763672,367300,Yahoo Finance daily
2018-01-09,us,ELF,,20.5,21.09000015258789,18.81999969482422,19.51000022888184,4010900,Yahoo Finance daily
2018-01-10,us,ELF,,19.13999938964844,19.25,18.86000061035156,19.170000076293945,1068400,Yahoo Finance daily
2018-01-11,us,ELF,,18.989999771118164,19.729999542236328,18.82999992370605,19.71999931335449,1146800,Yahoo Finance daily
2018-01-12,us,ELF,,19.520000457763672,19.700000762939453,19.0,19.26000022888184,1008200,Yahoo Finance daily
2018-01-16,us,ELF,,19.299999237060547,19.6200008392334,19.059999465942383,19.51000022888184,403400,Yahoo Finance daily
2018-01-17,us,ELF,,19.649999618530277,19.950000762939453,19.399999618530277,19.450000762939453,270200,Yahoo Finance daily
2018-01-18,us,ELF,,19.309999465942383,19.43000030517578,18.229999542236328,18.26000022888184,865900,Yahoo Finance daily
2018-01-19,us,ELF,,18.200000762939453,19.2450008392334,18.200000762939453,19.149999618530277,674000,Yahoo Finance daily
2018-01-22,us,ELF,,19.07999992370605,20.06999969482422,18.83699989318848,19.979999542236328,480300,Yahoo Finance daily
2018-01-23,us,ELF,,19.959999084472656,20.26000022888184,19.75,20.26000022888184,399700,Yahoo Finance daily
2018-01-24,us,ELF,,20.209999084472656,21.13999938964844,20.041000366210938,21.11000061035156,431900,Yahoo Finance daily
2018-01-25,us,ELF,,21.040000915527344,21.190000534057617,20.6200008392334,20.63999938964844,192900,Yahoo Finance daily
2018-01-26,us,ELF,,20.530000686645508,20.549999237060547,20.049999237060547,20.049999237060547,273500,Yahoo Finance daily
2018-01-29,us,ELF,,20.100000381469727,20.350000381469727,19.791000366210938,20.270000457763672,276900,Yahoo Finance daily
2018-01-30,us,ELF,,20.049999237060547,20.6299991607666,19.910999298095703,20.3799991607666,198300,Yahoo Finance daily
2018-01-31,us,ELF,,20.649999618530277,20.82900047302246,20.25,20.559999465942383,228700,Yahoo Finance daily
2018-02-01,us,ELF,,20.540000915527344,20.540000915527344,20.299999237060547,20.479999542236328,211400,Yahoo Finance daily
2018-02-02,us,ELF,,20.459999084472656,20.88999938964844,20.07999992370605,20.57999992370605,242900,Yahoo Finance daily
2018-02-05,us,ELF,,20.709999084472656,20.81999969482422,19.84000015258789,20.200000762939453,404600,Yahoo Finance daily
2018-02-06,us,ELF,,20.01000022888184,20.59000015258789,19.850000381469727,19.8700008392334,459800,Yahoo Finance daily
2018-02-07,us,ELF,,19.88999938964844,19.959999084472656,19.31999969482422,19.850000381469727,251200,Yahoo Finance daily
2018-02-08,us,ELF,,20.0,20.13999938964844,19.40999984741211,19.600000381469727,395500,Yahoo Finance daily
2018-02-09,us,ELF,,19.649999618530277,19.88999938964844,19.209999084472656,19.790000915527344,151100,Yahoo Finance daily
2018-02-12,us,ELF,,19.790000915527344,20.030000686645508,19.5,19.850000381469727,204700,Yahoo Finance daily
2018-02-13,us,ELF,,19.780000686645508,19.809999465942383,19.18000030517578,19.46999931335449,518600,Yahoo Finance daily
2018-02-14,us,ELF,,19.36000061035156,20.299999237060547,19.280000686645508,19.899999618530277,277700,Yahoo Finance daily
2018-02-15,us,ELF,,19.770000457763672,20.21999931335449,19.68000030517578,20.209999084472656,257000,Yahoo Finance daily
2018-02-16,us,ELF,,20.229999542236328,20.670000076293945,19.8700008392334,20.239999771118164,272900,Yahoo Finance daily
2018-02-20,us,ELF,,20.190000534057617,20.482999801635746,20.100000381469727,20.190000534057617,147900,Yahoo Finance daily
2018-02-21,us,ELF,,20.26000022888184,20.61899948120117,20.1299991607666,20.18000030517578,197400,Yahoo Finance daily
2018-02-22,us,ELF,,20.229999542236328,20.93000030517578,20.155000686645508,20.84000015258789,148400,Yahoo Finance daily
2018-02-23,us,ELF,,20.989999771118164,21.5,20.937000274658203,21.43000030517578,327200,Yahoo Finance daily
2018-02-26,us,ELF,,21.57999992370605,21.979999542236328,21.24399948120117,21.34000015258789,325100,Yahoo Finance daily
2018-02-27,us,ELF,,21.1200008392334,21.5,19.940000534057617,20.34000015258789,692600,Yahoo Finance daily
2018-02-28,us,ELF,,18.030000686645508,18.950000762939453,17.760000228881836,18.440000534057617,2365500,Yahoo Finance daily
2018-03-01,us,ELF,,18.459999084472656,18.71999931335449,18.18000030517578,18.43000030517578,679400,Yahoo Finance daily
2018-03-02,us,ELF,,18.399999618530277,18.46999931335449,17.899999618530273,18.200000762939453,726000,Yahoo Finance daily
2018-03-05,us,ELF,,18.38999938964844,18.593000411987305,18.149999618530277,18.459999084472656,344200,Yahoo Finance daily
2018-03-06,us,ELF,,18.459999084472656,18.46999931335449,17.770000457763672,18.399999618530277,498700,Yahoo Finance daily
2018-03-07,us,ELF,,18.450000762939453,18.71999931335449,18.239999771118164,18.68000030517578,465200,Yahoo Finance daily
2018-03-08,us,ELF,,18.739999771118164,19.75,18.701000213623047,19.75,685300,Yahoo Finance daily
2018-03-09,us,ELF,,19.799999237060547,20.020000457763672,19.479999542236328,19.920000076293945,265000,Yahoo Finance daily
2018-03-12,us,ELF,,19.96999931335449,20.51000022888184,19.76000022888184,20.5,374500,Yahoo Finance daily
2018-03-13,us,ELF,,20.450000762939453,20.479999542236328,19.60400009155273,19.86000061035156,534200,Yahoo Finance daily
2018-03-14,us,ELF,,19.899999618530277,20.059999465942383,19.74099922180176,19.96999931335449,205400,Yahoo Finance daily
2018-03-15,us,ELF,,19.100000381469727,19.75,18.77899932861328,19.229999542236328,471300,Yahoo Finance daily
2018-03-16,us,ELF,,19.200000762939453,20.049999237060547,19.170000076293945,19.88999938964844,565300,Yahoo Finance daily
2018-03-19,us,ELF,,19.920000076293945,19.940000534057617,19.26000022888184,19.600000381469727,279400,Yahoo Finance daily
2018-03-20,us,ELF,,19.56999969482422,19.780000686645508,18.84000015258789,19.020000457763672,183200,Yahoo Finance daily
2018-03-21,us,ELF,,19.030000686645508,19.450000762939453,18.88999938964844,19.07999992370605,185100,Yahoo Finance daily
2018-03-22,us,ELF,,18.96999931335449,19.350000381469727,18.84000015258789,18.8700008392334,135500,Yahoo Finance daily
2018-03-23,us,ELF,,18.82999992370605,19.309999465942383,18.670000076293945,18.81999969482422,224300,Yahoo Finance daily
2018-03-26,us,ELF,,19.030000686645508,19.200000762939453,18.68000030517578,18.86000061035156,223800,Yahoo Finance daily
2018-03-27,us,ELF,,18.81999969482422,19.239999771118164,18.5,19.09000015258789,369900,Yahoo Finance daily
2018-03-28,us,ELF,,19.18000030517578,19.395000457763672,18.82999992370605,18.96999931335449,342700,Yahoo Finance daily
2018-03-29,us,ELF,,19.09000015258789,19.63999938964844,19.065000534057617,19.3700008392334,212900,Yahoo Finance daily
2018-04-02,us,ELF,,19.350000381469727,19.479999542236328,19.040000915527344,19.26000022888184,203700,Yahoo Finance daily
2018-04-03,us,ELF,,19.21999931335449,19.649999618530277,19.1200008392334,19.56999969482422,210400,Yahoo Finance daily
2018-04-04,us,ELF,,19.43000030517578,19.96999931335449,19.32999992370605,19.75,321100,Yahoo Finance daily
2018-04-05,us,ELF,,19.81999969482422,20.0,19.71999931335449,19.950000762939453,206300,Yahoo Finance daily
2018-04-06,us,ELF,,20.0,20.489999771118164,19.850000381469727,20.030000686645508,269500,Yahoo Finance daily
2018-04-09,us,ELF,,20.15999984741211,20.15999984741211,19.61000061035156,19.739999771118164,158200,Yahoo Finance daily
2018-04-10,us,ELF,,19.88999938964844,20.15999984741211,19.799999237060547,19.899999618530277,325000,Yahoo Finance daily
2018-04-11,us,ELF,,19.86000061035156,19.96999931335449,19.46999931335449,19.5,166700,Yahoo Finance daily
2018-04-12,us,ELF,,19.489999771118164,19.65999984741211,19.450000762939453,19.46999931335449,177600,Yahoo Finance daily
2018-04-13,us,ELF,,19.6200008392334,19.6200008392334,18.950000762939453,18.950000762939453,263300,Yahoo Finance daily
2018-04-16,us,ELF,,19.0,19.5,18.88500022888184,19.479999542236328,489600,Yahoo Finance daily
2018-04-17,us,ELF,,19.61000061035156,19.6200008392334,19.34000015258789,19.36000061035156,336700,Yahoo Finance daily
2018-04-18,us,ELF,,19.5,19.739999771118164,19.32999992370605,19.36000061035156,198900,Yahoo Finance daily
2018-04-19,us,ELF,,19.31999969482422,19.440000534057617,18.801000595092773,18.940000534057617,774100,Yahoo Finance daily
2018-04-20,us,ELF,,18.899999618530277,18.96999931335449,17.809999465942383,17.8799991607666,678800,Yahoo Finance daily
2018-04-23,us,ELF,,17.8700008392334,17.889999389648438,17.139999389648438,17.31999969482422,641300,Yahoo Finance daily
2018-04-24,us,ELF,,17.3700008392334,17.520000457763672,16.81999969482422,17.219999313354492,601000,Yahoo Finance daily
2018-04-25,us,ELF,,17.190000534057617,17.43000030517578,17.100000381469727,17.270000457763672,251200,Yahoo Finance daily
2018-04-26,us,ELF,,17.299999237060547,17.700000762939453,17.038999557495117,17.459999084472656,297000,Yahoo Finance daily
2018-04-27,us,ELF,,17.389999389648438,17.850000381469727,17.309999465942383,17.700000762939453,419400,Yahoo Finance daily
2018-04-30,us,ELF,,17.649999618530273,18.170000076293945,17.610000610351562,18.170000076293945,302800,Yahoo Finance daily
2018-05-01,us,ELF,,18.059999465942383,18.649999618530277,18.049999237060547,18.600000381469727,270500,Yahoo Finance daily
2018-05-02,us,ELF,,18.489999771118164,19.1299991607666,18.40999984741211,18.989999771118164,398900,Yahoo Finance daily
2018-05-03,us,ELF,,18.84000015258789,19.26099967956543,18.809999465942383,19.049999237060547,299000,Yahoo Finance daily
2018-05-04,us,ELF,,19.0,19.850000381469727,18.84000015258789,19.780000686645508,475500,Yahoo Finance daily
2018-05-07,us,ELF,,19.780000686645508,20.170000076293945,19.61000061035156,20.0,378900,Yahoo Finance daily
2018-05-08,us,ELF,,20.0,20.34000015258789,19.959999084472656,20.200000762939453,403400,Yahoo Finance daily
2018-05-09,us,ELF,,20.450000762939453,20.450000762939453,19.76000022888184,20.0,703800,Yahoo Finance daily
2018-05-10,us,ELF,,20.0,20.75,19.25,19.270000457763672,877800,Yahoo Finance daily
2018-05-11,us,ELF,,19.1200008392334,19.350000381469727,18.790000915527344,19.26000022888184,488400,Yahoo Finance daily
2018-05-14,us,ELF,,19.3700008392334,19.57999992370605,19.13999938964844,19.38999938964844,351700,Yahoo Finance daily
2018-05-15,us,ELF,,19.399999618530277,19.65999984741211,19.030000686645508,19.51000022888184,541300,Yahoo Finance daily
2018-05-16,us,ELF,,19.600000381469727,19.780000686645508,19.3799991607666,19.670000076293945,242700,Yahoo Finance daily
2018-05-17,us,ELF,,19.739999771118164,19.989999771118164,19.700000762939453,19.989999771118164,304800,Yahoo Finance daily
2018-05-18,us,ELF,,20.0,20.0,19.540000915527344,19.63999938964844,426300,Yahoo Finance daily
2018-05-21,us,ELF,,19.68000030517578,19.799999237060547,19.51000022888184,19.59000015258789,227800,Yahoo Finance daily
2018-05-22,us,ELF,,19.559999465942383,19.65999984741211,19.229999542236328,19.549999237060547,1054100,Yahoo Finance daily
2018-05-23,us,ELF,,19.649999618530277,19.940000534057617,19.61000061035156,19.790000915527344,211900,Yahoo Finance daily
2018-05-24,us,ELF,,20.190000534057617,20.21999931335449,19.559999465942383,19.709999084472656,349500,Yahoo Finance daily
2018-05-25,us,ELF,,19.6299991607666,19.850000381469727,19.31999969482422,19.6299991607666,175300,Yahoo Finance daily
2018-05-29,us,ELF,,19.43000030517578,19.43000030517578,18.36000061035156,18.420000076293945,795800,Yahoo Finance daily
2018-05-30,us,ELF,,18.440000534057617,18.9950008392334,18.350000381469727,18.81999969482422,658300,Yahoo Finance daily
2018-05-31,us,ELF,,18.76000022888184,19.0,18.299999237060547,18.850000381469727,337600,Yahoo Finance daily
2018-06-01,us,ELF,,18.8799991607666,18.8799991607666,18.309999465942383,18.3799991607666,210100,Yahoo Finance daily
2018-06-04,us,ELF,,18.59000015258789,18.76000022888184,18.350000381469727,18.65999984741211,343900,Yahoo Finance daily
2018-06-05,us,ELF,,18.65999984741211,18.81999969482422,18.43000030517578,18.700000762939453,459200,Yahoo Finance daily
2018-06-06,us,ELF,,18.700000762939453,19.38999938964844,18.700000762939453,19.239999771118164,496400,Yahoo Finance daily
2018-06-07,us,ELF,,19.229999542236328,19.68000030517578,19.049999237060547,19.209999084472656,460300,Yahoo Finance daily
2018-06-08,us,ELF,,19.149999618530277,19.559999465942383,19.149999618530277,19.32999992370605,458600,Yahoo Finance daily
2018-06-11,us,ELF,,19.399999618530277,19.81999969482422,19.391000747680664,19.6200008392334,311600,Yahoo Finance daily
2018-06-12,us,ELF,,19.479999542236328,20.190000534057617,19.25,19.899999618530277,544900,Yahoo Finance daily
2018-06-13,us,ELF,,20.0,20.0,19.170000076293945,19.38999938964844,377500,Yahoo Finance daily
2018-06-14,us,ELF,,19.40999984741211,19.549999237060547,19.1200008392334,19.5,233700,Yahoo Finance daily
2018-06-15,us,ELF,,19.299999237060547,20.07999992370605,19.229999542236328,19.780000686645508,668900,Yahoo Finance daily
2018-06-18,us,ELF,,19.76000022888184,19.81999969482422,19.46999931335449,19.56999969482422,252300,Yahoo Finance daily
2018-06-19,us,ELF,,19.57999992370605,19.93000030517578,18.81999969482422,19.11000061035156,567800,Yahoo Finance daily
2018-06-20,us,ELF,,19.18000030517578,19.309999465942383,18.729999542236328,18.950000762939453,551900,Yahoo Finance daily
2018-06-21,us,ELF,,19.0,19.149999618530277,18.559999465942383,18.59000015258789,357600,Yahoo Finance daily
2018-06-22,us,ELF,,18.71999931335449,19.100000381469727,18.450000762939453,18.56999969482422,656700,Yahoo Finance daily
2018-06-25,us,ELF,,18.5,18.649999618530277,17.7549991607666,17.899999618530273,563100,Yahoo Finance daily
2018-06-26,us,ELF,,17.639999389648438,17.790000915527344,16.770000457763672,17.0,624600,Yahoo Finance daily
2018-06-27,us,ELF,,17.0,17.149999618530273,16.25,16.440000534057617,765000,Yahoo Finance daily
2018-06-28,us,ELF,,16.440000534057617,16.6299991607666,15.800000190734863,15.989999771118164,719100,Yahoo Finance daily
2018-06-29,us,ELF,,16.030000686645508,16.110000610351562,15.1899995803833,15.239999771118164,1062900,Yahoo Finance daily
2018-07-02,us,ELF,,15.25,16.399999618530273,15.25,16.360000610351562,1197300,Yahoo Finance daily
2018-07-03,us,ELF,,16.329999923706055,16.6200008392334,16.09000015258789,16.489999771118164,553300,Yahoo Finance daily
2018-07-05,us,ELF,,16.530000686645508,16.700000762939453,15.989999771118164,16.290000915527344,564100,Yahoo Finance daily
2018-07-06,us,ELF,,16.290000915527344,16.719999313354492,16.200000762939453,16.690000534057617,542100,Yahoo Finance daily
2018-07-09,us,ELF,,16.709999084472656,16.905000686645508,16.489999771118164,16.700000762939453,520300,Yahoo Finance daily
2018-07-10,us,ELF,,16.540000915527344,16.81999969482422,16.489999771118164,16.610000610351562,562000,Yahoo Finance daily
2018-07-11,us,ELF,,16.5,16.5,16.020000457763672,16.139999389648438,720300,Yahoo Finance daily
2018-07-12,us,ELF,,16.18000030517578,16.18000030517578,15.90999984741211,16.06999969482422,313400,Yahoo Finance daily
2018-07-13,us,ELF,,16.030000686645508,16.31999969482422,15.729999542236328,15.739999771118164,314100,Yahoo Finance daily
2018-07-16,us,ELF,,15.75,15.960000038146973,15.329999923706056,15.460000038146973,446000,Yahoo Finance daily
2018-07-17,us,ELF,,15.5,15.699999809265137,15.34000015258789,15.420000076293944,391800,Yahoo Finance daily
2018-07-18,us,ELF,,15.25,15.420000076293944,15.050000190734863,15.329999923706056,476900,Yahoo Finance daily
2018-07-19,us,ELF,,15.0,15.369999885559082,14.729999542236328,15.149999618530272,561900,Yahoo Finance daily
2018-07-20,us,ELF,,15.149999618530272,15.399999618530272,14.789999961853027,14.920000076293944,378000,Yahoo Finance daily
2018-07-23,us,ELF,,14.84000015258789,14.899999618530272,14.53499984741211,14.729999542236328,341900,Yahoo Finance daily
2018-07-24,us,ELF,,14.720000267028809,14.729999542236328,13.6899995803833,13.93000030517578,1123900,Yahoo Finance daily
2018-07-25,us,ELF,,13.960000038146973,14.220000267028809,13.789999961853027,14.079999923706056,563300,Yahoo Finance daily
2018-07-26,us,ELF,,13.40999984741211,14.75,13.359999656677246,14.170000076293944,656500,Yahoo Finance daily
2018-07-27,us,ELF,,14.100000381469728,14.574999809265137,14.039999961853027,14.09000015258789,331900,Yahoo Finance daily
2018-07-30,us,ELF,,14.100000381469728,14.25,14.029999732971191,14.1899995803833,272800,Yahoo Finance daily
2018-07-31,us,ELF,,14.229999542236328,14.470000267028809,14.1899995803833,14.4399995803833,435100,Yahoo Finance daily
2018-08-01,us,ELF,,14.420000076293944,14.420000076293944,13.979999542236328,14.229999542236328,443400,Yahoo Finance daily
2018-08-02,us,ELF,,14.260000228881836,14.779999732971191,14.260000228881836,14.470000267028809,346700,Yahoo Finance daily
2018-08-03,us,ELF,,14.539999961853027,14.779999732971191,14.229999542236328,14.390000343322754,331700,Yahoo Finance daily
2018-08-06,us,ELF,,14.380000114440918,14.449999809265137,14.119999885559082,14.279999732971191,326600,Yahoo Finance daily
2018-08-07,us,ELF,,14.34000015258789,14.510000228881836,14.109999656677246,14.449999809265137,513700,Yahoo Finance daily
2018-08-08,us,ELF,,14.510000228881836,15.204999923706056,14.479999542236328,14.90999984741211,795900,Yahoo Finance daily
2018-08-09,us,ELF,,11.300000190734863,11.390000343322754,9.300000190734863,9.850000381469728,9200500,Yahoo Finance daily
2018-08-10,us,ELF,,9.779999732971191,10.869999885559082,9.550000190734863,10.18000030517578,2979600,Yahoo Finance daily
2018-08-13,us,ELF,,10.15999984741211,11.25,10.15999984741211,10.779999732971191,2165700,Yahoo Finance daily
2018-08-14,us,ELF,,10.920000076293944,11.3100004196167,10.829999923706056,11.18000030517578,1133700,Yahoo Finance daily
2018-08-15,us,ELF,,11.149999618530272,11.229999542236328,10.649999618530272,10.829999923706056,875200,Yahoo Finance daily
2018-08-16,us,ELF,,11.1899995803833,11.539999961853027,10.970000267028809,11.25,1280400,Yahoo Finance daily
2018-08-17,us,ELF,,11.25,11.770000457763672,11.100000381469728,11.670000076293944,815000,Yahoo Finance daily
2018-08-20,us,ELF,,11.75,12.420000076293944,11.6899995803833,12.109999656677246,603500,Yahoo Finance daily
2018-08-21,us,ELF,,12.0600004196167,12.600000381469728,11.979999542236328,12.529999732971191,823900,Yahoo Finance daily
2018-08-22,us,ELF,,12.529999732971191,12.529999732971191,11.791000366210938,11.960000038146973,642100,Yahoo Finance daily
2018-08-23,us,ELF,,12.079999923706056,12.40999984741211,11.960000038146973,12.390000343322754,712000,Yahoo Finance daily
2018-08-24,us,ELF,,12.4399995803833,12.800000190734863,12.40999984741211,12.619999885559082,828900,Yahoo Finance daily
2018-08-27,us,ELF,,12.619999885559082,12.8100004196167,12.600000381469728,12.65999984741211,642300,Yahoo Finance daily
2018-08-28,us,ELF,,12.539999961853027,13.25,12.420000076293944,13.239999771118164,685400,Yahoo Finance daily
2018-08-29,us,ELF,,13.270000457763672,13.350000381469728,12.949999809265137,13.300000190734863,477100,Yahoo Finance daily
2018-08-30,us,ELF,,13.239999771118164,13.649999618530272,13.0600004196167,13.550000190734863,800900,Yahoo Finance daily
2018-08-31,us,ELF,,13.579999923706056,13.960000038146973,13.460000038146973,13.890000343322754,813100,Yahoo Finance daily
2018-09-04,us,ELF,,13.880000114440918,14.140000343322754,13.720000267028809,13.779999732971191,686600,Yahoo Finance daily
2018-09-05,us,ELF,,13.8100004196167,13.928000450134276,13.479999542236328,13.56999969482422,604900,Yahoo Finance daily
2018-09-06,us,ELF,,13.56999969482422,13.56999969482422,13.050000190734863,13.239999771118164,976300,Yahoo Finance daily
2018-09-07,us,ELF,,13.25,13.609999656677246,13.039999961853027,13.539999961853027,524000,Yahoo Finance daily
2018-09-10,us,ELF,,13.609999656677246,13.630000114440918,13.279999732971191,13.359999656677246,471500,Yahoo Finance daily
2018-09-11,us,ELF,,13.40999984741211,13.479999542236328,13.1899995803833,13.399999618530272,428400,Yahoo Finance daily
2018-09-12,us,ELF,,13.739999771118164,14.043999671936035,13.130000114440918,13.4399995803833,1000900,Yahoo Finance daily
2018-09-13,us,ELF,,13.40999984741211,13.5,13.100000381469728,13.15999984741211,333500,Yahoo Finance daily
2018-09-14,us,ELF,,13.0,13.359999656677246,12.779999732971191,13.109999656677246,269900,Yahoo Finance daily
2018-09-17,us,ELF,,13.399999618530272,13.510000228881836,13.039999961853027,13.420000076293944,621400,Yahoo Finance daily
2018-09-18,us,ELF,,13.449999809265137,13.75,12.899999618530272,13.289999961853027,822000,Yahoo Finance daily
2018-09-19,us,ELF,,13.25,13.770000457763672,13.239999771118164,13.619999885559082,416200,Yahoo Finance daily
2018-09-20,us,ELF,,13.640000343322754,13.770000457763672,13.359999656677246,13.609999656677246,318300,Yahoo Finance daily
2018-09-21,us,ELF,,13.579999923706056,13.779999732971191,13.140000343322754,13.460000038146973,642100,Yahoo Finance daily
2018-09-24,us,ELF,,13.220000267028809,13.670000076293944,12.949999809265137,12.989999771118164,396700,Yahoo Finance daily
2018-09-25,us,ELF,,13.09000015258789,13.1899995803833,12.81999969482422,13.119999885559082,350600,Yahoo Finance daily
2018-09-26,us,ELF,,13.140000343322754,13.18000030517578,12.8100004196167,12.890000343322754,326400,Yahoo Finance daily
2018-09-27,us,ELF,,12.850000381469728,13.029999732971191,12.56999969482422,12.760000228881836,361400,Yahoo Finance daily
2018-09-28,us,ELF,,12.75,12.90999984741211,12.550000190734863,12.729999542236328,456000,Yahoo Finance daily
2018-10-01,us,ELF,,12.760000228881836,13.34000015258789,12.760000228881836,12.920000076293944,451000,Yahoo Finance daily
2018-10-02,us,ELF,,12.899999618530272,13.232000350952148,12.800000190734863,13.039999961853027,398300,Yahoo Finance daily
2018-10-03,us,ELF,,13.109999656677246,13.25100040435791,12.880000114440918,13.0,312900,Yahoo Finance daily
2018-10-04,us,ELF,,12.93000030517578,12.93000030517578,12.329999923706056,12.380000114440918,387000,Yahoo Finance daily
2018-10-05,us,ELF,,12.350000381469728,12.670000076293944,12.199999809265137,12.59000015258789,482600,Yahoo Finance daily
2018-10-08,us,ELF,,12.539999961853027,12.880000114440918,12.4399995803833,12.770000457763672,279200,Yahoo Finance daily
2018-10-09,us,ELF,,12.770000457763672,12.84000015258789,12.359999656677246,12.399999618530272,408400,Yahoo Finance daily
2018-10-10,us,ELF,,12.399999618530272,12.529999732971191,12.130000114440918,12.149999618530272,336200,Yahoo Finance daily
2018-10-11,us,ELF,,12.119999885559082,12.140000343322754,11.5600004196167,11.579999923706056,314800,Yahoo Finance daily
2018-10-12,us,ELF,,11.6899995803833,11.6899995803833,11.279999732971191,11.510000228881836,532300,Yahoo Finance daily
2018-10-15,us,ELF,,11.5,11.649999618530272,11.335000038146973,11.479999542236328,306000,Yahoo Finance daily
2018-10-16,us,ELF,,11.260000228881836,11.46500015258789,10.109999656677246,10.850000381469728,950100,Yahoo Finance daily
2018-10-17,us,ELF,,10.65999984741211,10.9399995803833,10.4399995803833,10.9399995803833,419000,Yahoo Finance daily
2018-10-18,us,ELF,,10.899999618530272,10.920000076293944,10.359999656677246,10.479999542236328,416400,Yahoo Finance daily
2018-10-19,us,ELF,,10.489999771118164,10.81999969482422,10.369999885559082,10.399999618530272,310000,Yahoo Finance daily
2018-10-22,us,ELF,,10.399999618530272,10.90999984741211,10.369999885559082,10.869999885559082,353800,Yahoo Finance daily
2018-10-23,us,ELF,,10.729999542236328,10.760000228881836,10.420000076293944,10.670000076293944,424700,Yahoo Finance daily
2018-10-24,us,ELF,,10.619999885559082,10.789999961853027,10.364999771118164,10.399999618530272,379800,Yahoo Finance daily
2018-10-25,us,ELF,,10.420000076293944,10.880000114440918,10.40999984741211,10.729999542236328,338800,Yahoo Finance daily
2018-10-26,us,ELF,,10.6899995803833,10.6899995803833,10.18000030517578,10.260000228881836,336100,Yahoo Finance daily
2018-10-29,us,ELF,,10.329999923706056,10.529999732971191,10.119999885559082,10.239999771118164,421200,Yahoo Finance daily
2018-10-30,us,ELF,,10.25,10.5,10.109999656677246,10.479999542236328,358700,Yahoo Finance daily
2018-10-31,us,ELF,,10.550000190734863,10.869999885559082,10.4399995803833,10.609999656677246,394500,Yahoo Finance daily
2018-11-01,us,ELF,,10.68000030517578,10.84000015258789,10.449999809265137,10.8100004196167,288700,Yahoo Finance daily
2018-11-02,us,ELF,,10.829999923706056,11.079999923706056,10.760000228881836,10.869999885559082,253700,Yahoo Finance daily
2018-11-05,us,ELF,,10.880000114440918,11.15999984741211,10.720000267028809,11.100000381469728,766200,Yahoo Finance daily
2018-11-06,us,ELF,,13.25,13.350000381469728,12.31999969482422,13.229999542236328,4716700,Yahoo Finance daily
2018-11-07,us,ELF,,13.34000015258789,13.989999771118164,13.130000114440918,13.4399995803833,1532800,Yahoo Finance daily
2018-11-08,us,ELF,,13.390000343322754,13.43000030517578,12.960000038146973,13.220000267028809,467100,Yahoo Finance daily
2018-11-09,us,ELF,,13.100000381469728,13.170000076293944,12.619999885559082,13.010000228881836,544100,Yahoo Finance daily
2018-11-12,us,ELF,,13.0,13.09000015258789,12.720000267028809,12.760000228881836,296300,Yahoo Finance daily
2018-11-13,us,ELF,,12.850000381469728,13.243000030517578,12.520000457763672,12.979999542236328,467000,Yahoo Finance daily
2018-11-14,us,ELF,,13.09000015258789,13.25,12.6899995803833,12.890000343322754,505500,Yahoo Finance daily
2018-11-15,us,ELF,,12.869999885559082,13.25,12.710000038146973,13.199999809265137,386700,Yahoo Finance daily
2018-11-16,us,ELF,,13.0,13.114999771118164,12.869999885559082,13.0,295800,Yahoo Finance daily
2018-11-19,us,ELF,,13.010000228881836,13.100000381469728,12.18000030517578,12.239999771118164,728800,Yahoo Finance daily
2018-11-20,us,ELF,,12.079999923706056,12.609999656677246,11.920000076293944,12.1899995803833,485100,Yahoo Finance daily
2018-11-21,us,ELF,,12.270000457763672,12.550000190734863,12.130000114440918,12.449999809265137,269900,Yahoo Finance daily
2018-11-23,us,ELF,,12.31999969482422,12.47700023651123,11.960000038146973,12.010000228881836,227200,Yahoo Finance daily
2018-11-26,us,ELF,,12.109999656677246,12.579999923706056,12.0600004196167,12.279999732971191,669300,Yahoo Finance daily
2018-11-27,us,ELF,,12.220000267028809,12.25,11.970000267028809,12.140000343322754,398000,Yahoo Finance daily
2018-11-28,us,ELF,,12.119999885559082,12.800000190734863,12.100000381469728,12.630000114440918,1072100,Yahoo Finance daily
2018-11-29,us,ELF,,12.600000381469728,12.75,12.390000343322754,12.489999771118164,434800,Yahoo Finance daily
2018-11-30,us,ELF,,12.43000030517578,12.850000381469728,12.390000343322754,12.760000228881836,537900,Yahoo Finance daily
2018-12-03,us,ELF,,12.890000343322754,12.899999618530272,12.220000267028809,12.479999542236328,417800,Yahoo Finance daily
2018-12-04,us,ELF,,12.520000457763672,12.520000457763672,11.609999656677246,11.630000114440918,355800,Yahoo Finance daily
2018-12-06,us,ELF,,11.4399995803833,11.479999542236328,10.711000442504885,11.210000038146973,629100,Yahoo Finance daily
2018-12-07,us,ELF,,11.100000381469728,11.43000030517578,11.0,11.119999885559082,451600,Yahoo Finance daily
2018-12-10,us,ELF,,11.100000381469728,11.239999771118164,10.619999885559082,10.960000038146973,461500,Yahoo Finance daily
2018-12-11,us,ELF,,11.119999885559082,11.149999618530272,10.8100004196167,10.869999885559082,353800,Yahoo Finance daily
2018-12-12,us,ELF,,10.899999618530272,11.210000038146973,10.899999618530272,10.970000267028809,409700,Yahoo Finance daily
2018-12-13,us,ELF,,10.899999618530272,11.006999969482422,10.529999732971191,10.670000076293944,296200,Yahoo Finance daily
2018-12-14,us,ELF,,10.489999771118164,10.49899959564209,9.890000343322754,9.899999618530272,458000,Yahoo Finance daily
2018-12-17,us,ELF,,9.90999984741211,10.18000030517578,9.529999732971191,9.600000381469728,709000,Yahoo Finance daily
2018-12-18,us,ELF,,9.630000114440918,10.010000228881836,9.479999542236328,9.550000190734863,388400,Yahoo Finance daily
2018-12-19,us,ELF,,9.550000190734863,9.75,9.291000366210938,9.399999618530272,529600,Yahoo Finance daily
2018-12-20,us,ELF,,9.31999969482422,9.399999618530272,8.359999656677246,8.470000267028809,774200,Yahoo Finance daily
2018-12-21,us,ELF,,8.510000228881836,8.75,8.069999694824219,8.3100004196167,882400,Yahoo Finance daily
2018-12-24,us,ELF,,8.260000228881836,8.3100004196167,7.710000038146973,7.849999904632568,651700,Yahoo Finance daily
2018-12-26,us,ELF,,7.949999809265137,8.380000114440918,7.699999809265137,8.369999885559082,471000,Yahoo Finance daily
2018-12-27,us,ELF,,8.210000038146973,8.5600004196167,8.069999694824219,8.520000457763672,334100,Yahoo Finance daily
2018-12-28,us,ELF,,8.579999923706055,8.800000190734863,8.434000015258789,8.729999542236328,384500,Yahoo Finance daily
2018-12-31,us,ELF,,8.65999984741211,8.75,8.335000038146973,8.65999984741211,555500,Yahoo Finance daily
2019-01-02,us,ELF,,8.529999732971191,9.329999923706056,8.420000076293945,9.170000076293944,410300,Yahoo Finance daily
2019-01-03,us,ELF,,9.149999618530272,9.199999809265137,8.869999885559082,9.010000228881836,271000,Yahoo Finance daily
2019-01-04,us,ELF,,9.149999618530272,9.529999732971191,9.130000114440918,9.34000015258789,322200,Yahoo Finance daily
2019-01-07,us,ELF,,9.31999969482422,9.890000343322754,9.300000190734863,9.6899995803833,323400,Yahoo Finance daily
2019-01-08,us,ELF,,9.75,10.020000457763672,9.600000381469728,9.970000267028809,239500,Yahoo Finance daily
2019-01-09,us,ELF,,9.8100004196167,10.039999961853027,9.520000457763672,9.829999923706056,1002200,Yahoo Finance daily
2019-01-10,us,ELF,,8.670000076293945,8.779999732971191,7.5,8.199999809265137,1741800,Yahoo Finance daily
2019-01-11,us,ELF,,8.260000228881836,8.289999961853027,7.909999847412109,8.210000038146973,457800,Yahoo Finance daily
2019-01-14,us,ELF,,8.239999771118164,8.489999771118164,8.029999732971191,8.3100004196167,486100,Yahoo Finance daily
2019-01-15,us,ELF,,8.319999694824219,8.550000190734863,8.194000244140625,8.300000190734863,350600,Yahoo Finance daily
2019-01-16,us,ELF,,8.3100004196167,8.380000114440918,7.940000057220459,8.119999885559082,632300,Yahoo Finance daily
2019-01-17,us,ELF,,8.050000190734863,8.350000381469727,8.050000190734863,8.270000457763672,306900,Yahoo Finance daily
2019-01-18,us,ELF,,8.25,8.609999656677246,8.25,8.359999656677246,230700,Yahoo Finance daily
2019-01-22,us,ELF,,8.350000381469727,8.449999809265137,8.100000381469727,8.149999618530273,237000,Yahoo Finance daily
2019-01-23,us,ELF,,8.239999771118164,8.34000015258789,8.0600004196167,8.260000228881836,406600,Yahoo Finance daily
2019-01-24,us,ELF,,8.279999732971191,8.444999694824219,8.081999778747559,8.239999771118164,168200,Yahoo Finance daily
2019-01-25,us,ELF,,8.5,8.670000076293945,8.359999656677246,8.4399995803833,188900,Yahoo Finance daily
2019-01-28,us,ELF,,8.3100004196167,8.600000381469727,8.220000267028809,8.529999732971191,195600,Yahoo Finance daily
2019-01-29,us,ELF,,8.600000381469727,8.619999885559082,8.40999984741211,8.4399995803833,119800,Yahoo Finance daily
2019-01-30,us,ELF,,8.520000457763672,8.59000015258789,8.298999786376953,8.449999809265137,140700,Yahoo Finance daily
2019-01-31,us,ELF,,8.430000305175781,8.710000038146973,8.3100004196167,8.399999618530273,517100,Yahoo Finance daily
2019-02-01,us,ELF,,8.399999618530273,8.489999771118164,8.220000267028809,8.430000305175781,343200,Yahoo Finance daily
2019-02-04,us,ELF,,8.460000038146973,8.597000122070312,8.369999885559082,8.4399995803833,172400,Yahoo Finance daily
2019-02-05,us,ELF,,8.579999923706055,9.109999656677246,8.550000190734863,8.600000381469727,948000,Yahoo Finance daily
2019-02-06,us,ELF,,8.460000038146973,8.710000038146973,8.40999984741211,8.59000015258789,536600,Yahoo Finance daily
2019-02-07,us,ELF,,8.529999732971191,9.020000457763672,8.489999771118164,8.609999656677246,568800,Yahoo Finance daily
2019-02-08,us,ELF,,8.649999618530273,9.279999732971191,8.628000259399414,9.239999771118164,253200,Yahoo Finance daily
2019-02-11,us,ELF,,9.239999771118164,9.460000038146973,9.239999771118164,9.34000015258789,392000,Yahoo Finance daily
2019-02-12,us,ELF,,9.529999732971191,9.699999809265137,9.28499984741211,9.40999984741211,400400,Yahoo Finance daily
2019-02-13,us,ELF,,9.479999542236328,9.890000343322754,9.479999542236328,9.5,895200,Yahoo Finance daily
2019-02-14,us,ELF,,9.380000114440918,9.579999923706056,9.3100004196167,9.43000030517578,205100,Yahoo Finance daily
2019-02-15,us,ELF,,9.489999771118164,9.630000114440918,9.329999923706056,9.380000114440918,301800,Yahoo Finance daily
2019-02-19,us,ELF,,9.350000381469728,9.489999771118164,8.819999694824219,9.40999984741211,623300,Yahoo Finance daily
2019-02-20,us,ELF,,9.43000030517578,9.65999984741211,9.420000076293944,9.5600004196167,263900,Yahoo Finance daily
2019-02-21,us,ELF,,9.579999923706056,9.777000427246094,9.43000030517578,9.5600004196167,321700,Yahoo Finance daily
2019-02-22,us,ELF,,9.600000381469728,9.850000381469728,9.489999771118164,9.850000381469728,443200,Yahoo Finance daily
2019-02-25,us,ELF,,9.920000076293944,9.979999542236328,9.31999969482422,9.449999809265137,587500,Yahoo Finance daily
2019-02-26,us,ELF,,9.489999771118164,9.859999656677246,9.359999656677246,9.479999542236328,513000,Yahoo Finance daily
2019-02-27,us,ELF,,7.199999809265137,7.989999771118164,6.704999923706055,7.300000190734863,3814200,Yahoo Finance daily
2019-02-28,us,ELF,,7.369999885559082,8.050000190734863,7.369999885559082,7.949999809265137,1271400,Yahoo Finance daily
2019-03-01,us,ELF,,8.0,8.6899995803833,7.933000087738037,7.949999809265137,1676200,Yahoo Finance daily
2019-03-04,us,ELF,,8.109999656677246,8.5,7.929999828338623,7.949999809265137,1348700,Yahoo Finance daily
2019-03-05,us,ELF,,7.920000076293945,8.239999771118164,7.909999847412109,8.0600004196167,1623400,Yahoo Finance daily
2019-03-06,us,ELF,,8.010000228881836,8.359999656677246,7.949999809265137,7.980000019073486,1315400,Yahoo Finance daily
2019-03-07,us,ELF,,8.0600004196167,8.15999984741211,7.789999961853027,7.789999961853027,550700,Yahoo Finance daily
2019-03-08,us,ELF,,7.760000228881836,8.010000228881836,7.550000190734863,8.0,583900,Yahoo Finance daily
2019-03-11,us,ELF,,8.0,8.180000305175781,7.869999885559082,8.09000015258789,1503500,Yahoo Finance daily
2019-03-12,us,ELF,,8.010000228881836,8.180000305175781,8.0,8.010000228881836,784600,Yahoo Finance daily
2019-03-13,us,ELF,,8.020000457763672,8.619999885559082,8.020000457763672,8.569999694824219,623300,Yahoo Finance daily
2019-03-14,us,ELF,,8.569999694824219,8.65999984741211,8.329999923706055,8.510000228881836,409600,Yahoo Finance daily
2019-03-15,us,ELF,,8.609999656677246,9.25,8.592000007629395,9.239999771118164,892400,Yahoo Finance daily
2019-03-18,us,ELF,,9.31999969482422,9.449999809265137,9.100000381469728,9.329999923706056,448200,Yahoo Finance daily
2019-03-19,us,ELF,,9.359999656677246,9.449999809265137,9.114999771118164,9.220000267028809,499000,Yahoo Finance daily
2019-03-20,us,ELF,,9.260000228881836,10.119999885559082,9.199999809265137,9.850000381469728,882100,Yahoo Finance daily
2019-03-21,us,ELF,,9.850000381469728,9.90999984741211,9.645000457763672,9.880000114440918,524800,Yahoo Finance daily
2019-03-22,us,ELF,,9.979999542236328,10.34000015258789,9.90999984741211,10.109999656677246,638800,Yahoo Finance daily
2019-03-25,us,ELF,,10.020000457763672,10.31999969482422,9.913999557495115,10.140000343322754,530900,Yahoo Finance daily
2019-03-26,us,ELF,,10.100000381469728,10.329999923706056,10.0600004196167,10.270000457763672,384000,Yahoo Finance daily
2019-03-27,us,ELF,,10.1899995803833,10.56999969482422,10.109999656677246,10.489999771118164,431400,Yahoo Finance daily
2019-03-28,us,ELF,,10.489999771118164,10.760000228881836,10.369999885559082,10.6899995803833,969300,Yahoo Finance daily
2019-03-29,us,ELF,,10.729999542236328,10.729999542236328,10.390000343322754,10.600000381469728,749400,Yahoo Finance daily
2019-04-01,us,ELF,,10.640000343322754,10.850000381469728,10.520000457763672,10.789999961853027,666700,Yahoo Finance daily
2019-04-02,us,ELF,,10.850000381469728,10.850000381469728,10.279999732971191,10.449999809265137,855800,Yahoo Finance daily
2019-04-03,us,ELF,,11.75,11.989999771118164,11.020000457763672,11.279999732971191,1868700,Yahoo Finance daily
2019-04-04,us,ELF,,11.31999969482422,11.729999542236328,11.170000076293944,11.529999732971191,718400,Yahoo Finance daily
2019-04-05,us,ELF,,11.550000190734863,12.0600004196167,11.470000267028809,11.869999885559082,1441200,Yahoo Finance daily
2019-04-08,us,ELF,,12.199999809265137,12.210000038146973,11.6899995803833,11.890000343322754,717000,Yahoo Finance daily
2019-04-09,us,ELF,,11.890000343322754,12.18000030517578,11.65999984741211,11.850000381469728,1498600,Yahoo Finance daily
2019-04-10,us,ELF,,11.859999656677246,11.890000343322754,11.579999923706056,11.59000015258789,783500,Yahoo Finance daily
2019-04-11,us,ELF,,11.640000343322754,11.651000022888184,11.149999618530272,11.550000190734863,1061900,Yahoo Finance daily
2019-04-12,us,ELF,,11.640000343322754,11.829999923706056,11.470000267028809,11.68000030517578,417300,Yahoo Finance daily
2019-04-15,us,ELF,,11.640000343322754,11.789999961853027,11.449999809265137,11.550000190734863,265000,Yahoo Finance daily
2019-04-16,us,ELF,,12.15999984741211,12.399999618530272,11.8100004196167,12.109999656677246,1004100,Yahoo Finance daily
2019-04-17,us,ELF,,12.18000030517578,12.710000038146973,12.050000190734863,12.510000228881836,797500,Yahoo Finance daily
2019-04-18,us,ELF,,12.619999885559082,13.12600040435791,12.5600004196167,12.960000038146973,1268700,Yahoo Finance daily
2019-04-22,us,ELF,,12.800000190734863,12.899999618530272,11.84000015258789,12.220000267028809,1058300,Yahoo Finance daily
2019-04-23,us,ELF,,12.229999542236328,12.270000457763672,12.06999969482422,12.199999809265137,655600,Yahoo Finance daily
2019-04-24,us,ELF,,12.149999618530272,12.359999656677246,12.010000228881836,12.039999961853027,812100,Yahoo Finance daily
2019-04-25,us,ELF,,12.130000114440918,12.350000381469728,11.800000190734863,12.029999732971191,609200,Yahoo Finance daily
2019-04-26,us,ELF,,11.880000114440918,12.859999656677246,11.75,12.6899995803833,1290800,Yahoo Finance daily
2019-04-29,us,ELF,,12.6899995803833,12.920000076293944,12.609999656677246,12.649999618530272,1153000,Yahoo Finance daily
2019-04-30,us,ELF,,12.699999809265137,13.0,12.520000457763672,12.789999961853027,1010100,Yahoo Finance daily
2019-05-01,us,ELF,,12.829999923706056,13.015000343322754,12.760000228881836,12.829999923706056,698400,Yahoo Finance daily
2019-05-02,us,ELF,,12.899999618530272,12.979999542236328,12.489999771118164,12.8100004196167,599800,Yahoo Finance daily
2019-05-03,us,ELF,,12.970000267028809,13.390000343322754,12.880000114440918,13.1899995803833,1068000,Yahoo Finance daily
2019-05-06,us,ELF,,12.84000015258789,13.079999923706056,12.68000030517578,12.960000038146973,725400,Yahoo Finance daily
2019-05-07,us,ELF,,12.760000228881836,13.149999618530272,12.145000457763672,12.239999771118164,975000,Yahoo Finance daily
2019-05-08,us,ELF,,12.1899995803833,12.529999732971191,12.079999923706056,12.369999885559082,1176200,Yahoo Finance daily
2019-05-09,us,ELF,,10.15999984741211,11.699999809265137,10.0,11.470000267028809,1928900,Yahoo Finance daily
2019-05-10,us,ELF,,11.380000114440918,11.970000267028809,11.239999771118164,11.380000114440918,950800,Yahoo Finance daily
2019-05-13,us,ELF,,11.18000030517578,11.859999656677246,10.949999809265137,11.760000228881836,1111900,Yahoo Finance daily
2019-05-14,us,ELF,,11.68000030517578,11.989999771118164,11.479999542236328,11.75,880800,Yahoo Finance daily
2019-05-15,us,ELF,,11.649999618530272,12.15999984741211,11.649999618530272,12.140000343322754,513500,Yahoo Finance daily
2019-05-16,us,ELF,,12.170000076293944,12.31999969482422,12.045000076293944,12.140000343322754,1015400,Yahoo Finance daily
2019-05-17,us,ELF,,12.050000190734863,12.369999885559082,11.970000267028809,11.970000267028809,350500,Yahoo Finance daily
2019-05-20,us,ELF,,11.859999656677246,11.989999771118164,11.78499984741211,11.8100004196167,286200,Yahoo Finance daily
2019-05-21,us,ELF,,11.920000076293944,12.18000030517578,11.920000076293944,12.149999618530272,337300,Yahoo Finance daily
2019-05-22,us,ELF,,12.09000015258789,12.15999984741211,11.710000038146973,11.710000038146973,249500,Yahoo Finance daily
2019-05-23,us,ELF,,11.630000114440918,11.710000038146973,11.335000038146973,11.5600004196167,479800,Yahoo Finance daily
2019-05-24,us,ELF,,11.619999885559082,11.710000038146973,11.399999618530272,11.460000038146973,274900,Yahoo Finance daily
2019-05-28,us,ELF,,11.5,11.779999732971191,11.489999771118164,11.5600004196167,631000,Yahoo Finance daily
2019-05-29,us,ELF,,10.84000015258789,10.899999618530272,10.399999618530272,10.520000457763672,1230300,Yahoo Finance daily
2019-05-30,us,ELF,,10.579999923706056,10.829999923706056,10.510000228881836,10.699999809265137,711800,Yahoo Finance daily
2019-05-31,us,ELF,,10.59000015258789,10.59000015258789,10.09000015258789,10.1899995803833,1045100,Yahoo Finance daily
2019-06-03,us,ELF,,10.15999984741211,10.6899995803833,10.15999984741211,10.539999961853027,545700,Yahoo Finance daily
2019-06-04,us,ELF,,10.729999542236328,10.989999771118164,10.710000038146973,10.989999771118164,479500,Yahoo Finance daily
2019-06-05,us,ELF,,11.529999732971191,11.529999732971191,10.989999771118164,11.25,615500,Yahoo Finance daily
2019-06-06,us,ELF,,11.18000030517578,11.859999656677246,11.18000030517578,11.84000015258789,704400,Yahoo Finance daily
2019-06-07,us,ELF,,11.859999656677246,12.050000190734863,11.68000030517578,11.90999984741211,679200,Yahoo Finance daily
2019-06-10,us,ELF,,11.920000076293944,12.399999618530272,11.920000076293944,12.329999923706056,596000,Yahoo Finance daily
2019-06-11,us,ELF,,12.489999771118164,12.720000267028809,12.399999618530272,12.550000190734863,528000,Yahoo Finance daily
2019-06-12,us,ELF,,12.550000190734863,12.736000061035156,12.029999732971191,12.119999885559082,383400,Yahoo Finance daily
2019-06-13,us,ELF,,12.15999984741211,12.510000228881836,12.079999923706056,12.4399995803833,487500,Yahoo Finance daily
2019-06-14,us,ELF,,12.43000030517578,12.449999809265137,12.09000015258789,12.239999771118164,238400,Yahoo Finance daily
2019-06-17,us,ELF,,12.239999771118164,12.43000030517578,12.039999961853027,12.420000076293944,369500,Yahoo Finance daily
2019-06-18,us,ELF,,12.390000343322754,12.9399995803833,12.390000343322754,12.5600004196167,432400,Yahoo Finance daily
2019-06-19,us,ELF,,12.529999732971191,12.8100004196167,12.31999969482422,12.75,593000,Yahoo Finance daily
2019-06-20,us,ELF,,12.9399995803833,13.15999984741211,12.770000457763672,13.15999984741211,477100,Yahoo Finance daily
2019-06-21,us,ELF,,13.050000190734863,13.29300022125244,12.979999542236328,13.06999969482422,528000,Yahoo Finance daily
2019-06-24,us,ELF,,13.100000381469728,13.395000457763672,13.010000228881836,13.109999656677246,562600,Yahoo Finance daily
2019-06-25,us,ELF,,13.109999656677246,14.020000457763672,13.020000457763672,13.890000343322754,772800,Yahoo Finance daily
2019-06-26,us,ELF,,13.850000381469728,14.100000381469728,13.649999618530272,13.8100004196167,844400,Yahoo Finance daily
2019-06-27,us,ELF,,13.890000343322754,14.390000343322754,13.725000381469728,14.210000038146973,824300,Yahoo Finance daily
2019-06-28,us,ELF,,14.25,14.4399995803833,13.949999809265137,14.100000381469728,1737800,Yahoo Finance daily
2019-07-01,us,ELF,,14.270000457763672,14.630000114440918,13.8100004196167,14.25,558900,Yahoo Finance daily
2019-07-02,us,ELF,,14.239999771118164,14.800000190734863,14.15999984741211,14.390000343322754,913200,Yahoo Finance daily
2019-07-03,us,ELF,,14.460000038146973,14.470000267028809,14.149999618530272,14.289999961853027,327900,Yahoo Finance daily
2019-07-05,us,ELF,,14.210000038146973,14.289999961853027,13.920000076293944,14.15999984741211,372400,Yahoo Finance daily
2019-07-08,us,ELF,,14.149999618530272,14.270000457763672,13.739999771118164,14.220000267028809,599400,Yahoo Finance daily
2019-07-09,us,ELF,,14.359999656677246,15.619999885559082,14.25,15.460000038146973,2659800,Yahoo Finance daily
2019-07-10,us,ELF,,15.800000190734863,16.979999542236328,15.697999954223633,16.950000762939453,1909500,Yahoo Finance daily
2019-07-11,us,ELF,,16.950000762939453,16.959999084472656,16.09000015258789,16.399999618530273,1061900,Yahoo Finance daily
2019-07-12,us,ELF,,16.559999465942383,16.75,16.3700008392334,16.440000534057617,639300,Yahoo Finance daily
2019-07-15,us,ELF,,16.610000610351562,16.93000030517578,16.450000762939453,16.6200008392334,511600,Yahoo Finance daily
2019-07-16,us,ELF,,16.670000076293945,16.8799991607666,16.6299991607666,16.799999237060547,333900,Yahoo Finance daily
2019-07-17,us,ELF,,16.790000915527344,17.270999908447266,16.790000915527344,16.899999618530273,635100,Yahoo Finance daily
2019-07-18,us,ELF,,16.84000015258789,16.889999389648438,16.520000457763672,16.84000015258789,451400,Yahoo Finance daily
2019-07-19,us,ELF,,16.829999923706055,17.010000228881836,16.6200008392334,16.670000076293945,386800,Yahoo Finance daily
2019-07-22,us,ELF,,16.700000762939453,16.729999542236328,16.40999984741211,16.420000076293945,404700,Yahoo Finance daily
2019-07-23,us,ELF,,16.520000457763672,16.610000610351562,16.135000228881836,16.139999389648438,680000,Yahoo Finance daily
2019-07-24,us,ELF,,16.100000381469727,16.75,16.097000122070312,16.729999542236328,553900,Yahoo Finance daily
2019-07-25,us,ELF,,16.68000030517578,17.020999908447266,16.670000076293945,16.829999923706055,529600,Yahoo Finance daily
2019-07-26,us,ELF,,17.0,17.040000915527344,16.690000534057617,16.899999618530273,501200,Yahoo Finance daily
2019-07-29,us,ELF,,16.979999542236328,17.299999237060547,16.8700008392334,17.09000015258789,523700,Yahoo Finance daily
2019-07-30,us,ELF,,17.1299991607666,17.350000381469727,16.899999618530273,17.25,344100,Yahoo Finance daily
2019-07-31,us,ELF,,17.18000030517578,17.290000915527344,16.469999313354492,16.59000015258789,417800,Yahoo Finance daily
2019-08-01,us,ELF,,16.729999542236328,16.889999389648438,15.949999809265137,16.0,626700,Yahoo Finance daily
2019-08-02,us,ELF,,15.949999809265137,16.1200008392334,15.770000457763672,16.020000457763672,658400,Yahoo Finance daily
2019-08-05,us,ELF,,15.899999618530272,16.155000686645508,15.399999618530272,15.84000015258789,641900,Yahoo Finance daily
2019-08-06,us,ELF,,15.989999771118164,16.690000534057617,15.84000015258789,16.670000076293945,534600,Yahoo Finance daily
2019-08-07,us,ELF,,16.420000076293945,16.770000457763672,16.1200008392334,16.549999237060547,508600,Yahoo Finance daily
2019-08-08,us,ELF,,17.399999618530273,18.61000061035156,17.190000534057617,17.309999465942383,2060100,Yahoo Finance daily
2019-08-09,us,ELF,,17.40999984741211,17.666000366210938,16.8700008392334,17.239999771118164,636500,Yahoo Finance daily
2019-08-12,us,ELF,,16.979999542236328,17.15999984741211,16.5,16.649999618530273,602600,Yahoo Finance daily
2019-08-13,us,ELF,,16.6299991607666,17.239999771118164,16.510000228881836,16.799999237060547,464200,Yahoo Finance daily
2019-08-14,us,ELF,,16.709999084472656,16.709999084472656,16.329999923706055,16.40999984741211,442100,Yahoo Finance daily
2019-08-15,us,ELF,,16.469999313354492,16.665000915527344,16.260000228881836,16.40999984741211,306100,Yahoo Finance daily
2019-08-16,us,ELF,,16.540000915527344,16.639999389648438,16.170000076293945,16.43000030517578,599300,Yahoo Finance daily
2019-08-19,us,ELF,,16.6200008392334,18.020000457763672,16.5,17.850000381469727,1159000,Yahoo Finance daily
2019-08-20,us,ELF,,17.809999465942383,17.809999465942383,16.739999771118164,17.709999084472656,954400,Yahoo Finance daily
2019-08-21,us,ELF,,17.719999313354492,18.18000030517578,17.690000534057617,17.979999542236328,563800,Yahoo Finance daily
2019-08-22,us,ELF,,18.200000762939453,19.07999992370605,18.125,18.239999771118164,880700,Yahoo Finance daily
2019-08-23,us,ELF,,18.100000381469727,18.34000015258789,17.389999389648438,17.479999542236328,383900,Yahoo Finance daily
2019-08-26,us,ELF,,17.639999389648438,18.07999992370605,17.43899917602539,17.799999237060547,722400,Yahoo Finance daily
2019-08-27,us,ELF,,17.84000015258789,17.979999542236328,17.31999969482422,17.459999084472656,351700,Yahoo Finance daily
2019-08-28,us,ELF,,17.40999984741211,17.899999618530273,17.3799991607666,17.56999969482422,949200,Yahoo Finance daily
2019-08-29,us,ELF,,17.639999389648438,17.799999237060547,16.329999923706055,16.75,2244900,Yahoo Finance daily
2019-08-30,us,ELF,,16.729999542236328,16.729999542236328,15.970000267028809,16.31999969482422,1556700,Yahoo Finance daily
2019-09-03,us,ELF,,16.299999237060547,16.795000076293945,16.190000534057617,16.65999984741211,995100,Yahoo Finance daily
2019-09-04,us,ELF,,16.700000762939453,17.28499984741211,16.700000762939453,17.059999465942383,779800,Yahoo Finance daily
2019-09-05,us,ELF,,17.209999084472656,17.510000228881836,16.920000076293945,17.309999465942383,440900,Yahoo Finance daily
2019-09-06,us,ELF,,17.290000915527344,18.010000228881836,17.264999389648438,17.520000457763672,594900,Yahoo Finance daily
2019-09-09,us,ELF,,17.420000076293945,17.479999542236328,16.68000030517578,16.81999969482422,559500,Yahoo Finance daily
2019-09-10,us,ELF,,16.600000381469727,16.700000762939453,15.8100004196167,15.979999542236328,671900,Yahoo Finance daily
2019-09-11,us,ELF,,15.970000267028809,16.06999969482422,15.81999969482422,15.93000030517578,511600,Yahoo Finance daily
2019-09-12,us,ELF,,15.9399995803833,16.299999237060547,15.90999984741211,16.020000457763672,284900,Yahoo Finance daily
2019-09-13,us,ELF,,15.989999771118164,16.190000534057617,15.6899995803833,15.739999771118164,284000,Yahoo Finance daily
2019-09-16,us,ELF,,15.539999961853027,15.880000114440918,15.520000457763672,15.720000267028809,475700,Yahoo Finance daily
2019-09-17,us,ELF,,15.520000457763672,16.270000457763672,15.520000457763672,16.18000030517578,687700,Yahoo Finance daily
2019-09-18,us,ELF,,16.299999237060547,16.639999389648438,15.9399995803833,16.469999313354492,1430600,Yahoo Finance daily
2019-09-19,us,ELF,,16.5,17.075000762939453,16.5,17.049999237060547,784900,Yahoo Finance daily
2019-09-20,us,ELF,,17.34000015258789,17.950000762939453,17.225000381469727,17.649999618530273,1232100,Yahoo Finance daily
2019-09-23,us,ELF,,17.360000610351562,18.6200008392334,17.219999313354492,18.399999618530277,1151900,Yahoo Finance daily
2019-09-24,us,ELF,,18.479999542236328,18.71999931335449,18.040000915527344,18.18000030517578,659700,Yahoo Finance daily
2019-09-25,us,ELF,,18.11000061035156,18.489999771118164,17.610000610351562,18.270000457763672,1112800,Yahoo Finance daily
2019-09-26,us,ELF,,18.270000457763672,18.604999542236328,17.950000762939453,17.969999313354492,587200,Yahoo Finance daily
2019-09-27,us,ELF,,18.040000915527344,18.040000915527344,17.3799991607666,17.510000228881836,455000,Yahoo Finance daily
2019-09-30,us,ELF,,17.549999237060547,17.75,17.420000076293945,17.510000228881836,840400,Yahoo Finance daily
2019-10-01,us,ELF,,17.450000762939453,17.954999923706055,17.260000228881836,17.459999084472656,900200,Yahoo Finance daily
2019-10-02,us,ELF,,17.389999389648438,17.56999969482422,16.649999618530273,16.8799991607666,394300,Yahoo Finance daily
2019-10-03,us,ELF,,16.84000015258789,17.520000457763672,16.84000015258789,17.5,460500,Yahoo Finance daily
2019-10-04,us,ELF,,17.5,18.149999618530277,17.40999984741211,18.049999237060547,396600,Yahoo Finance daily
2019-10-07,us,ELF,,18.149999618530277,18.2810001373291,17.920000076293945,18.1299991607666,326400,Yahoo Finance daily
2019-10-08,us,ELF,,17.950000762939453,17.950000762939453,17.3799991607666,17.59000015258789,359800,Yahoo Finance daily
2019-10-09,us,ELF,,17.799999237060547,17.812999725341797,17.440000534057617,17.530000686645508,281900,Yahoo Finance daily
2019-10-10,us,ELF,,17.559999465942383,17.666000366210938,16.850000381469727,17.059999465942383,496500,Yahoo Finance daily
2019-10-11,us,ELF,,17.1200008392334,17.479999542236328,16.979999542236328,17.139999389648438,291500,Yahoo Finance daily
2019-10-14,us,ELF,,17.3700008392334,17.8799991607666,17.30500030517578,17.59000015258789,250000,Yahoo Finance daily
2019-10-15,us,ELF,,17.670000076293945,17.8700008392334,17.25,17.520000457763672,236300,Yahoo Finance daily
2019-10-16,us,ELF,,17.489999771118164,17.780000686645508,17.31999969482422,17.700000762939453,386900,Yahoo Finance daily
2019-10-17,us,ELF,,17.920000076293945,18.06999969482422,17.729999542236328,18.030000686645508,430000,Yahoo Finance daily
2019-10-18,us,ELF,,17.969999313354492,18.020000457763672,17.5,17.670000076293945,275400,Yahoo Finance daily
2019-10-21,us,ELF,,17.739999771118164,17.899999618530273,17.3439998626709,17.3700008392334,316600,Yahoo Finance daily
2019-10-22,us,ELF,,17.420000076293945,17.6200008392334,16.850000381469727,16.899999618530273,305800,Yahoo Finance daily
2019-10-23,us,ELF,,16.899999618530273,17.059999465942383,16.510000228881836,16.68000030517578,246800,Yahoo Finance daily
2019-10-24,us,ELF,,16.719999313354492,16.889999389648438,16.559999465942383,16.579999923706055,259100,Yahoo Finance daily
2019-10-25,us,ELF,,16.520000457763672,17.040000915527344,16.34000015258789,16.809999465942383,411400,Yahoo Finance daily
2019-10-28,us,ELF,,16.889999389648438,17.6299991607666,16.889999389648438,17.360000610351562,473300,Yahoo Finance daily
2019-10-29,us,ELF,,17.5,17.8700008392334,17.25,17.770000457763672,671000,Yahoo Finance daily
2019-10-30,us,ELF,,17.780000686645508,17.84000015258789,17.510000228881836,17.540000915527344,559500,Yahoo Finance daily
2019-10-31,us,ELF,,17.34000015258789,17.389999389648438,16.739999771118164,16.799999237060547,534200,Yahoo Finance daily
2019-11-01,us,ELF,,16.8799991607666,17.40999984741211,16.8799991607666,17.399999618530273,340600,Yahoo Finance daily
2019-11-04,us,ELF,,17.450000762939453,18.149999618530277,17.450000762939453,17.84000015258789,475000,Yahoo Finance daily
2019-11-05,us,ELF,,17.889999389648438,18.21500015258789,17.280000686645508,17.3700008392334,297600,Yahoo Finance daily
2019-11-06,us,ELF,,17.459999084472656,17.9689998626709,17.450000762939453,17.889999389648438,478100,Yahoo Finance daily
2019-11-07,us,ELF,,19.75,19.959999084472656,16.864999771118164,17.290000915527344,2102600,Yahoo Finance daily
2019-11-08,us,ELF,,17.200000762939453,17.628000259399414,16.899999618530273,17.1200008392334,515400,Yahoo Finance daily
2019-11-11,us,ELF,,17.149999618530273,17.149999618530273,16.440000534057617,16.799999237060547,554600,Yahoo Finance daily
2019-11-12,us,ELF,,16.8700008392334,18.479999542236328,16.780000686645508,18.440000534057617,1390000,Yahoo Finance daily
2019-11-13,us,ELF,,17.610000610351562,17.75,16.920000076293945,17.09000015258789,1254800,Yahoo Finance daily
2019-11-14,us,ELF,,17.149999618530273,17.729999542236328,16.25,16.389999389648438,949400,Yahoo Finance daily
2019-11-15,us,ELF,,16.520000457763672,16.899999618530273,16.079999923706055,16.3799991607666,682400,Yahoo Finance daily
2019-11-18,us,ELF,,16.420000076293945,17.0,16.420000076293945,16.790000915527344,1110600,Yahoo Finance daily
2019-11-19,us,ELF,,17.139999389648438,17.739999771118164,17.06999969482422,17.260000228881836,928600,Yahoo Finance daily
2019-11-20,us,ELF,,17.139999389648438,17.40999984741211,16.920000076293945,17.139999389648438,388300,Yahoo Finance daily
2019-11-21,us,ELF,,17.100000381469727,17.290000915527344,16.709999084472656,16.850000381469727,255400,Yahoo Finance daily
2019-11-22,us,ELF,,16.979999542236328,17.100000381469727,16.649999618530273,16.739999771118164,315300,Yahoo Finance daily
2019-11-25,us,ELF,,16.670000076293945,16.93000030517578,16.43000030517578,16.469999313354492,1133100,Yahoo Finance daily
2019-11-26,us,ELF,,16.510000228881836,16.700000762939453,16.219999313354492,16.420000076293945,479600,Yahoo Finance daily
2019-11-27,us,ELF,,16.440000534057617,16.549999237060547,16.280000686645508,16.389999389648438,563700,Yahoo Finance daily
2019-11-29,us,ELF,,16.399999618530273,16.809999465942383,16.239999771118164,16.56999969482422,343000,Yahoo Finance daily
2019-12-02,us,ELF,,16.600000381469727,16.65999984741211,16.209999084472656,16.3799991607666,428400,Yahoo Finance daily
2019-12-03,us,ELF,,15.989999771118164,16.0,15.010000228881836,15.5600004196167,3051900,Yahoo Finance daily
2019-12-04,us,ELF,,15.720000267028809,15.859999656677246,15.385000228881836,15.579999923706056,603800,Yahoo Finance daily
2019-12-05,us,ELF,,15.600000381469728,15.770000457763672,14.789999961853027,14.90999984741211,1182000,Yahoo Finance daily
2019-12-06,us,ELF,,15.130000114440918,15.380000114440918,15.09000015258789,15.260000228881836,1151300,Yahoo Finance daily
2019-12-09,us,ELF,,15.260000228881836,15.364999771118164,15.0,15.15999984741211,364700,Yahoo Finance daily
2019-12-10,us,ELF,,15.170000076293944,15.210000038146973,14.800000190734863,14.84000015258789,549500,Yahoo Finance daily
2019-12-11,us,ELF,,14.829999923706056,14.920000076293944,14.56999969482422,14.6899995803833,443800,Yahoo Finance daily
2019-12-12,us,ELF,,14.649999618530272,15.029999732971191,14.59000015258789,14.75,507400,Yahoo Finance daily
2019-12-13,us,ELF,,14.75,15.109999656677246,14.630000114440918,14.84000015258789,1025400,Yahoo Finance daily
2019-12-16,us,ELF,,15.609999656677246,16.06999969482422,15.369999885559082,15.5,1494500,Yahoo Finance daily
2019-12-17,us,ELF,,15.489999771118164,15.829999923706056,15.210000038146973,15.75,719300,Yahoo Finance daily
2019-12-18,us,ELF,,15.720000267028809,15.890000343322754,15.109999656677246,15.4399995803833,584500,Yahoo Finance daily
2019-12-19,us,ELF,,15.479999542236328,15.600000381469728,15.010000228881836,15.270000457763672,745000,Yahoo Finance daily
2019-12-20,us,ELF,,15.40999984741211,15.920000076293944,15.15999984741211,15.770000457763672,602300,Yahoo Finance daily
2019-12-23,us,ELF,,15.770000457763672,15.869999885559082,15.53499984741211,15.6899995803833,466200,Yahoo Finance daily
2019-12-24,us,ELF,,15.630000114440918,15.8100004196167,15.545000076293944,15.8100004196167,295600,Yahoo Finance daily
2019-12-26,us,ELF,,15.84000015258789,15.989999771118164,15.5,15.739999771118164,604600,Yahoo Finance daily
2019-12-27,us,ELF,,15.850000381469728,16.1200008392334,15.699999809265137,15.960000038146973,568400,Yahoo Finance daily
2019-12-30,us,ELF,,15.890000343322754,15.890000343322754,15.40999984741211,15.720000267028809,366600,Yahoo Finance daily
2019-12-31,us,ELF,,15.56999969482422,16.225000381469727,15.520000457763672,16.1299991607666,731600,Yahoo Finance daily
2020-01-02,us,ELF,,16.229999542236328,16.239999771118164,15.645000457763672,15.699999809265137,470400,Yahoo Finance daily
2020-01-03,us,ELF,,15.520000457763672,15.84000015258789,15.399999618530272,15.710000038146973,342900,Yahoo Finance daily
2020-01-06,us,ELF,,15.670000076293944,15.890000343322754,15.56999969482422,15.68000030517578,322100,Yahoo Finance daily
2020-01-07,us,ELF,,15.529999732971191,15.600000381469728,14.199999809265137,14.859999656677246,1749100,Yahoo Finance daily
2020-01-08,us,ELF,,14.850000381469728,15.229999542236328,14.8100004196167,15.1899995803833,718400,Yahoo Finance daily
2020-01-09,us,ELF,,15.289999961853027,15.600000381469728,15.010000228881836,15.460000038146973,520500,Yahoo Finance daily
2020-01-10,us,ELF,,15.390000343322754,15.489999771118164,15.15999984741211,15.329999923706056,280500,Yahoo Finance daily
2020-01-13,us,ELF,,15.25,15.899999618530272,15.119999885559082,15.390000343322754,1258000,Yahoo Finance daily
2020-01-14,us,ELF,,15.390000343322754,15.4399995803833,14.859999656677246,15.119999885559082,577200,Yahoo Finance daily
2020-01-15,us,ELF,,15.06999969482422,15.300000190734863,14.44200038909912,14.720000267028809,759500,Yahoo Finance daily
2020-01-16,us,ELF,,14.829999923706056,15.039999961853027,14.739999771118164,14.75,596700,Yahoo Finance daily
2020-01-17,us,ELF,,14.979999542236328,15.369999885559082,14.899999618530272,15.140000343322754,634900,Yahoo Finance daily
2020-01-21,us,ELF,,15.06999969482422,15.9399995803833,15.024999618530272,15.859999656677246,772000,Yahoo Finance daily
2020-01-22,us,ELF,,16.040000915527344,16.040000915527344,15.460000038146973,15.5,748900,Yahoo Finance daily
2020-01-23,us,ELF,,15.449999809265137,15.494999885559082,15.010000228881836,15.020000457763672,407600,Yahoo Finance daily
2020-01-24,us,ELF,,15.020000457763672,15.210000038146973,14.774999618530272,14.920000076293944,367600,Yahoo Finance daily
2020-01-27,us,ELF,,15.31999969482422,15.479999542236328,14.850000381469728,15.34000015258789,588000,Yahoo Finance daily
2020-01-28,us,ELF,,15.40999984741211,15.800000190734863,15.40999984741211,15.65999984741211,460600,Yahoo Finance daily
2020-01-29,us,ELF,,15.739999771118164,15.770000457763672,15.479999542236328,15.710000038146973,505600,Yahoo Finance daily
2020-01-30,us,ELF,,15.720000267028809,15.720000267028809,15.18000030517578,15.520000457763672,556700,Yahoo Finance daily
2020-01-31,us,ELF,,15.5,16.040000915527344,15.5,15.68000030517578,1135000,Yahoo Finance daily
2020-02-03,us,ELF,,15.720000267028809,16.405000686645508,15.720000267028809,16.299999237060547,584600,Yahoo Finance daily
2020-02-04,us,ELF,,17.25,17.5,16.80500030517578,17.1299991607666,1549500,Yahoo Finance daily
2020-02-05,us,ELF,,17.260000228881836,17.889999389648438,17.030000686645508,17.34000015258789,1375200,Yahoo Finance daily
2020-02-06,us,ELF,,19.020000457763672,19.100000381469727,18.420000076293945,18.93000030517578,2767300,Yahoo Finance daily
2020-02-07,us,ELF,,18.899999618530277,19.07999992370605,18.450000762939453,18.959999084472656,1118200,Yahoo Finance daily
2020-02-10,us,ELF,,18.950000762939453,19.040000915527344,18.65999984741211,18.959999084472656,708100,Yahoo Finance daily
2020-02-11,us,ELF,,18.959999084472656,18.96999931335449,18.649999618530277,18.739999771118164,1154400,Yahoo Finance daily
2020-02-12,us,ELF,,18.899999618530277,19.440000534057617,18.739999771118164,19.059999465942383,1266200,Yahoo Finance daily
2020-02-13,us,ELF,,18.8700008392334,19.920000076293945,18.600000381469727,19.84000015258789,1796900,Yahoo Finance daily
2020-02-14,us,ELF,,19.940000534057617,20.0,19.520000457763672,19.75,1041200,Yahoo Finance daily
2020-02-18,us,ELF,,19.459999084472656,19.82999992370605,19.1200008392334,19.690000534057617,552900,Yahoo Finance daily
2020-02-19,us,ELF,,19.71999931335449,19.920000076293945,19.40999984741211,19.520000457763672,666800,Yahoo Finance daily
2020-02-20,us,ELF,,19.5,19.68000030517578,18.8700008392334,19.200000762939453,1195400,Yahoo Finance daily
2020-02-21,us,ELF,,19.200000762939453,19.26000022888184,18.780000686645508,19.06999969482422,595300,Yahoo Finance daily
2020-02-24,us,ELF,,18.46999931335449,18.57999992370605,18.059999465942383,18.149999618530277,731500,Yahoo Finance daily
2020-02-25,us,ELF,,18.440000534057617,18.540000915527344,17.31999969482422,17.489999771118164,1461200,Yahoo Finance daily
2020-02-26,us,ELF,,17.639999389648438,17.959999084472656,17.149999618530273,17.209999084472656,863200,Yahoo Finance daily
2020-02-27,us,ELF,,16.809999465942383,16.829999923706055,16.110000610351562,16.200000762939453,1229000,Yahoo Finance daily
2020-02-28,us,ELF,,15.699999809265137,16.059999465942383,15.513999938964844,15.960000038146973,1126900,Yahoo Finance daily
2020-03-02,us,ELF,,16.100000381469727,16.594999313354492,15.8100004196167,16.510000228881836,1253900,Yahoo Finance daily
2020-03-03,us,ELF,,16.059999465942383,16.649999618530273,15.449999809265137,16.280000686645508,1505200,Yahoo Finance daily
2020-03-04,us,ELF,,16.559999465942383,17.0,16.139999389648438,16.690000534057617,1198400,Yahoo Finance daily
2020-03-05,us,ELF,,16.25,16.600000381469727,16.040000915527344,16.049999237060547,742800,Yahoo Finance daily
2020-03-06,us,ELF,,15.65999984741211,15.829999923706056,15.25,15.649999618530272,713300,Yahoo Finance daily
2020-03-09,us,ELF,,14.579999923706056,14.90999984741211,13.854999542236328,14.039999961853027,850900,Yahoo Finance daily
2020-03-10,us,ELF,,14.4399995803833,14.84000015258789,14.220000267028809,14.619999885559082,1006400,Yahoo Finance daily
2020-03-11,us,ELF,,14.229999542236328,14.779999732971191,13.479999542236328,13.6899995803833,885200,Yahoo Finance daily
2020-03-12,us,ELF,,12.729999542236328,13.170000076293944,11.890000343322754,11.989999771118164,1110500,Yahoo Finance daily
2020-03-13,us,ELF,,12.489999771118164,12.850000381469728,11.050000190734863,11.710000038146973,987200,Yahoo Finance daily
2020-03-16,us,ELF,,10.5600004196167,10.914999961853027,9.079999923706056,9.220000267028809,1388500,Yahoo Finance daily
2020-03-17,us,ELF,,9.390000343322754,9.600000381469728,7.860000133514404,8.5,1804300,Yahoo Finance daily
2020-03-18,us,ELF,,8.029999732971191,8.576000213623047,7.869999885559082,8.130000114440918,1355900,Yahoo Finance daily
2020-03-19,us,ELF,,8.029999732971191,8.770000457763672,7.579999923706055,8.569999694824219,1247100,Yahoo Finance daily
2020-03-20,us,ELF,,8.65999984741211,9.5600004196167,8.34000015258789,8.729999542236328,1106900,Yahoo Finance daily
2020-03-23,us,ELF,,8.720000267028809,9.449999809265137,8.300000190734863,9.260000228881836,1317800,Yahoo Finance daily
2020-03-24,us,ELF,,9.5600004196167,10.149999618530272,9.1899995803833,9.380000114440918,1069700,Yahoo Finance daily
2020-03-25,us,ELF,,9.510000228881836,10.800000190734863,9.350000381469728,10.300000190734863,1583300,Yahoo Finance daily
2020-03-26,us,ELF,,10.359999656677246,11.399999618530272,10.350000381469728,11.260000228881836,1278700,Yahoo Finance daily
2020-03-27,us,ELF,,10.859999656677246,11.06999969482422,10.119999885559082,10.329999923706056,891800,Yahoo Finance daily
2020-03-30,us,ELF,,10.40999984741211,10.75,9.789999961853027,9.989999771118164,1242200,Yahoo Finance daily
2020-03-31,us,ELF,,9.960000038146973,10.4399995803833,9.479999542236328,9.84000015258789,831900,Yahoo Finance daily
2020-04-01,us,ELF,,9.640000343322754,9.779999732971191,8.979999542236328,9.369999885559082,922100,Yahoo Finance daily
2020-04-02,us,ELF,,9.359999656677246,9.550000190734863,8.680000305175781,8.949999809265137,1480000,Yahoo Finance daily
2020-04-03,us,ELF,,8.800000190734863,8.960000038146973,8.020000457763672,8.399999618530273,1281200,Yahoo Finance daily
2020-04-06,us,ELF,,8.800000190734863,9.93000030517578,8.73799991607666,9.699999809265137,782100,Yahoo Finance daily
2020-04-07,us,ELF,,10.09000015258789,10.40999984741211,9.359999656677246,9.489999771118164,906300,Yahoo Finance daily
2020-04-08,us,ELF,,10.039999961853027,11.15999984741211,9.529999732971191,11.050000190734863,990300,Yahoo Finance daily
2020-04-09,us,ELF,,11.079999923706056,11.343999862670898,10.670000076293944,10.760000228881836,769800,Yahoo Finance daily
2020-04-13,us,ELF,,10.699999809265137,10.75,10.3100004196167,10.56999969482422,612400,Yahoo Finance daily
2020-04-14,us,ELF,,10.779999732971191,11.4399995803833,10.65999984741211,11.43000030517578,1023500,Yahoo Finance daily
2020-04-15,us,ELF,,11.06999969482422,11.130000114440918,10.5600004196167,10.619999885559082,591800,Yahoo Finance daily
2020-04-16,us,ELF,,10.5,10.630000114440918,9.729999542236328,9.949999809265137,630500,Yahoo Finance daily
2020-04-17,us,ELF,,10.25,10.59000015258789,9.920000076293944,10.390000343322754,1469200,Yahoo Finance daily
2020-04-20,us,ELF,,10.220000267028809,10.779999732971191,9.970000267028809,10.520000457763672,790500,Yahoo Finance daily
2020-04-21,us,ELF,,10.18000030517578,10.640000343322754,10.050000190734863,10.550000190734863,533700,Yahoo Finance daily
2020-04-22,us,ELF,,10.609999656677246,10.949999809265137,10.550000190734863,10.859999656677246,867700,Yahoo Finance daily
2020-04-23,us,ELF,,10.920000076293944,11.289999961853027,10.899999618530272,11.199999809265137,706800,Yahoo Finance daily
2020-04-24,us,ELF,,11.109999656677246,11.43000030517578,10.56999969482422,10.670000076293944,1947600,Yahoo Finance daily
2020-04-27,us,ELF,,10.710000038146973,11.489999771118164,10.670000076293944,11.3100004196167,966400,Yahoo Finance daily
2020-04-28,us,ELF,,11.489999771118164,12.800000190734863,11.489999771118164,12.5,1314200,Yahoo Finance daily
2020-04-29,us,ELF,,12.789999961853027,13.25,12.609999656677246,13.170000076293944,1187500,Yahoo Finance daily
2020-04-30,us,ELF,,13.029999732971191,13.18000030517578,12.40999984741211,13.06999969482422,902500,Yahoo Finance daily
2020-05-01,us,ELF,,12.640000343322754,13.119999885559082,12.350000381469728,12.5,761800,Yahoo Finance daily
2020-05-04,us,ELF,,12.1899995803833,12.579999923706056,12.100000381469728,12.470000267028809,364000,Yahoo Finance daily
2020-05-05,us,ELF,,12.68000030517578,13.09000015258789,12.539999961853027,12.699999809265137,919500,Yahoo Finance daily
2020-05-06,us,ELF,,12.739999771118164,12.920000076293944,12.399999618530272,12.5600004196167,446800,Yahoo Finance daily
2020-05-07,us,ELF,,12.720000267028809,13.029999732971191,12.699999809265137,12.989999771118164,557300,Yahoo Finance daily
2020-05-08,us,ELF,,13.270000457763672,13.619999885559082,13.130000114440918,13.479999542236328,448200,Yahoo Finance daily
2020-05-11,us,ELF,,13.43000030517578,13.68000030517578,13.170000076293944,13.550000190734863,652900,Yahoo Finance daily
2020-05-12,us,ELF,,13.600000381469728,14.460000038146973,13.520000457763672,13.869999885559082,1026800,Yahoo Finance daily
2020-05-13,us,ELF,,13.779999732971191,13.920000076293944,12.699999809265137,12.869999885559082,764900,Yahoo Finance daily
2020-05-14,us,ELF,,12.619999885559082,13.039999961853027,12.300000190734863,13.029999732971191,646100,Yahoo Finance daily
2020-05-15,us,ELF,,12.960000038146973,14.15999984741211,12.824999809265137,13.779999732971191,891900,Yahoo Finance daily
2020-05-18,us,ELF,,14.149999618530272,14.9399995803833,13.960000038146973,14.84000015258789,1160900,Yahoo Finance daily
2020-05-19,us,ELF,,14.699999809265137,14.859999656677246,13.920000076293944,13.93000030517578,737500,Yahoo Finance daily
2020-05-20,us,ELF,,14.239999771118164,14.699999809265137,14.100000381469728,14.220000267028809,550500,Yahoo Finance daily
2020-05-21,us,ELF,,14.279999732971191,14.61400032043457,14.029999732971191,14.43000030517578,924900,Yahoo Finance daily
2020-05-22,us,ELF,,15.869999885559082,16.989999771118164,15.359999656677246,16.860000610351562,2784400,Yahoo Finance daily
2020-05-26,us,ELF,,17.579999923706055,17.6299991607666,16.450000762939453,16.68000030517578,1381800,Yahoo Finance daily
2020-05-27,us,ELF,,16.989999771118164,17.549999237060547,16.56999969482422,17.299999237060547,1099800,Yahoo Finance daily
2020-05-28,us,ELF,,17.350000381469727,17.513999938964844,16.489999771118164,16.56999969482422,806300,Yahoo Finance daily
2020-05-29,us,ELF,,16.5,17.170000076293945,16.365999221801758,17.139999389648438,922200,Yahoo Finance daily
2020-06-01,us,ELF,,17.3799991607666,17.57200050354004,16.69499969482422,16.75,777500,Yahoo Finance daily
2020-06-02,us,ELF,,16.889999389648438,17.350000381469727,16.760000228881836,16.860000610351562,553700,Yahoo Finance daily
2020-06-03,us,ELF,,17.0,17.729999542236328,16.860000610351562,17.280000686645508,994900,Yahoo Finance daily
2020-06-04,us,ELF,,17.1200008392334,17.729999542236328,17.010000228881836,17.639999389648438,933600,Yahoo Finance daily
2020-06-05,us,ELF,,18.0,18.34199905395508,17.510000228881836,17.6299991607666,955900,Yahoo Finance daily
2020-06-08,us,ELF,,17.920000076293945,18.88999938964844,17.899999618530273,18.709999084472656,958000,Yahoo Finance daily
2020-06-09,us,ELF,,18.5,18.709999084472656,17.93000030517578,18.3700008392334,595800,Yahoo Finance daily
2020-06-10,us,ELF,,18.36000061035156,18.450000762939453,17.510000228881836,17.649999618530273,566800,Yahoo Finance daily
2020-06-11,us,ELF,,16.850000381469727,17.440000534057617,16.5,16.579999923706055,715100,Yahoo Finance daily
2020-06-12,us,ELF,,17.31999969482422,17.31999969482422,16.5,16.899999618530273,381100,Yahoo Finance daily
2020-06-15,us,ELF,,16.34000015258789,17.079999923706055,16.209999084472656,16.959999084472656,364100,Yahoo Finance daily
2020-06-16,us,ELF,,17.780000686645508,17.780000686645508,17.165000915527344,17.389999389648438,594000,Yahoo Finance daily
2020-06-17,us,ELF,,17.479999542236328,18.030000686645508,17.395000457763672,17.84000015258789,634500,Yahoo Finance daily
2020-06-18,us,ELF,,17.600000381469727,18.440000534057617,17.56999969482422,18.31999969482422,601600,Yahoo Finance daily
2020-06-19,us,ELF,,18.51000022888184,18.61000061035156,18.06999969482422,18.200000762939453,609500,Yahoo Finance daily
2020-06-22,us,ELF,,18.010000228881836,18.030000686645508,17.6200008392334,18.0,492800,Yahoo Finance daily
2020-06-23,us,ELF,,18.170000076293945,18.21999931335449,17.860000610351562,18.170000076293945,641100,Yahoo Finance daily
2020-06-24,us,ELF,,17.8799991607666,18.040000915527344,17.139999389648438,17.40999984741211,377100,Yahoo Finance daily
2020-06-25,us,ELF,,17.600000381469727,18.600000381469727,17.56999969482422,18.600000381469727,1381200,Yahoo Finance daily
2020-06-26,us,ELF,,18.479999542236328,18.68000030517578,17.84000015258789,17.8799991607666,1457800,Yahoo Finance daily
2020-06-29,us,ELF,,18.290000915527344,18.790000915527344,17.979999542236328,18.739999771118164,830500,Yahoo Finance daily
2020-06-30,us,ELF,,18.46999931335449,19.100000381469727,18.40999984741211,19.06999969482422,1350200,Yahoo Finance daily
2020-07-01,us,ELF,,19.059999465942383,19.209999084472656,18.059999465942383,18.09000015258789,874200,Yahoo Finance daily
2020-07-02,us,ELF,,18.700000762939453,19.100000381469727,18.3799991607666,18.850000381469727,1971800,Yahoo Finance daily
2020-07-06,us,ELF,,18.799999237060547,19.13500022888184,18.51000022888184,19.059999465942383,1735900,Yahoo Finance daily
2020-07-07,us,ELF,,19.06999969482422,19.90999984741211,18.899999618530277,19.739999771118164,1030500,Yahoo Finance daily
2020-07-08,us,ELF,,19.780000686645508,20.84000015258789,19.600000381469727,20.809999465942383,1473700,Yahoo Finance daily
2020-07-09,us,ELF,,20.8700008392334,20.950000762939453,19.690000534057617,19.8799991607666,1337900,Yahoo Finance daily
2020-07-10,us,ELF,,19.899999618530277,20.200000762939453,19.63999938964844,20.059999465942383,943200,Yahoo Finance daily
2020-07-13,us,ELF,,20.34000015258789,20.790000915527344,19.309999465942383,19.31999969482422,904200,Yahoo Finance daily
2020-07-14,us,ELF,,19.209999084472656,19.3700008392334,18.76000022888184,19.18000030517578,1034400,Yahoo Finance daily
2020-07-15,us,ELF,,19.799999237060547,20.02300071716309,19.375,19.459999084472656,789900,Yahoo Finance daily
2020-07-16,us,ELF,,19.479999542236328,19.790000915527344,19.34000015258789,19.479999542236328,666800,Yahoo Finance daily
2020-07-17,us,ELF,,19.6299991607666,19.709999084472656,19.09000015258789,19.459999084472656,318400,Yahoo Finance daily
2020-07-20,us,ELF,,19.420000076293945,19.450000762939453,18.559999465942383,18.81999969482422,643500,Yahoo Finance daily
2020-07-21,us,ELF,,19.100000381469727,19.239999771118164,18.75,18.790000915527344,432900,Yahoo Finance daily
2020-07-22,us,ELF,,18.71999931335449,19.049999237060547,18.350000381469727,18.38999938964844,606600,Yahoo Finance daily
2020-07-23,us,ELF,,18.309999465942383,18.59000015258789,17.84000015258789,18.049999237060547,661000,Yahoo Finance daily
2020-07-24,us,ELF,,18.06999969482422,18.190000534057617,17.729999542236328,17.829999923706055,628700,Yahoo Finance daily
2020-07-27,us,ELF,,17.899999618530273,18.030000686645508,17.3700008392334,17.579999923706055,515000,Yahoo Finance daily
2020-07-28,us,ELF,,17.549999237060547,18.07999992370605,17.549999237060547,17.75,790800,Yahoo Finance daily
2020-07-29,us,ELF,,18.0,18.46999931335449,17.815000534057617,18.1299991607666,758900,Yahoo Finance daily
2020-07-30,us,ELF,,17.809999465942383,18.149999618530277,17.440000534057617,17.989999771118164,478200,Yahoo Finance daily
2020-07-31,us,ELF,,17.90999984741211,18.020000457763672,17.479999542236328,17.860000610351562,1248800,Yahoo Finance daily
2020-08-03,us,ELF,,17.850000381469727,18.71999931335449,17.84000015258789,18.690000534057617,728600,Yahoo Finance daily
2020-08-04,us,ELF,,18.450000762939453,18.5,17.989999771118164,18.15999984741211,717200,Yahoo Finance daily
2020-08-05,us,ELF,,18.489999771118164,19.209999084472656,18.36000061035156,18.959999084472656,1001200,Yahoo Finance daily
2020-08-06,us,ELF,,20.84000015258789,21.020000457763672,19.299999237060547,20.540000915527344,2238900,Yahoo Finance daily
2020-08-07,us,ELF,,20.200000762939453,20.325000762939453,19.729999542236328,20.01000022888184,883000,Yahoo Finance daily
2020-08-10,us,ELF,,19.96999931335449,20.149999618530277,19.43000030517578,20.030000686645508,817000,Yahoo Finance daily
2020-08-11,us,ELF,,20.100000381469727,20.280000686645508,19.1299991607666,19.13999938964844,597900,Yahoo Finance daily
2020-08-12,us,ELF,,19.209999084472656,20.450000762939453,19.15999984741211,20.200000762939453,611200,Yahoo Finance daily
2020-08-13,us,ELF,,20.13999938964844,20.43000030517578,20.107999801635746,20.13999938964844,392400,Yahoo Finance daily
2020-08-14,us,ELF,,20.13999938964844,20.36000061035156,19.920000076293945,20.18000030517578,377300,Yahoo Finance daily
2020-08-17,us,ELF,,20.21999931335449,20.780000686645508,19.80500030517578,19.940000534057617,566200,Yahoo Finance daily
2020-08-18,us,ELF,,19.90999984741211,20.040000915527344,18.8799991607666,18.96999931335449,745200,Yahoo Finance daily
2020-08-19,us,ELF,,18.88999938964844,19.59000015258789,18.886999130249023,19.239999771118164,489800,Yahoo Finance daily
2020-08-20,us,ELF,,18.979999542236328,19.239999771118164,18.729999542236328,18.850000381469727,345400,Yahoo Finance daily
2020-08-21,us,ELF,,18.709999084472656,18.8799991607666,18.3799991607666,18.549999237060547,305800,Yahoo Finance daily
2020-08-24,us,ELF,,18.86000061035156,19.479999542236328,18.86000061035156,19.290000915527344,445300,Yahoo Finance daily
2020-08-25,us,ELF,,19.25,19.524999618530277,19.15999984741211,19.420000076293945,746100,Yahoo Finance daily
2020-08-26,us,ELF,,19.34000015258789,19.790000915527344,19.1299991607666,19.149999618530277,343800,Yahoo Finance daily
2020-08-27,us,ELF,,19.11000061035156,19.350000381469727,18.709999084472656,18.729999542236328,548000,Yahoo Finance daily
2020-08-28,us,ELF,,19.100000381469727,19.540000915527344,19.01000022888184,19.540000915527344,709400,Yahoo Finance daily
2020-08-31,us,ELF,,19.40999984741211,19.90999984741211,19.229999542236328,19.530000686645508,603700,Yahoo Finance daily
2020-09-01,us,ELF,,19.76000022888184,20.11000061035156,19.57999992370605,19.899999618530277,663600,Yahoo Finance daily
2020-09-02,us,ELF,,19.90999984741211,19.979999542236328,19.20499992370605,19.84000015258789,467800,Yahoo Finance daily
2020-09-03,us,ELF,,19.6200008392334,19.8700008392334,19.1200008392334,19.3700008392334,563400,Yahoo Finance daily
2020-09-04,us,ELF,,19.43000030517578,19.59000015258789,18.63999938964844,19.09000015258789,408600,Yahoo Finance daily
2020-09-08,us,ELF,,18.6200008392334,19.059999465942383,18.479999542236328,18.559999465942383,495600,Yahoo Finance daily
2020-09-09,us,ELF,,18.81999969482422,18.920000076293945,18.31999969482422,18.770000457763672,497800,Yahoo Finance daily
2020-09-10,us,ELF,,18.81999969482422,19.239999771118164,18.46999931335449,18.530000686645508,451600,Yahoo Finance daily
2020-09-11,us,ELF,,18.75,18.790000915527344,17.780000686645508,17.799999237060547,642100,Yahoo Finance daily
2020-09-14,us,ELF,,18.07999992370605,18.38999938964844,17.8799991607666,18.1200008392334,443800,Yahoo Finance daily
2020-09-15,us,ELF,,18.290000915527344,18.420000076293945,17.6299991607666,17.760000228881836,539600,Yahoo Finance daily
2020-09-16,us,ELF,,17.75,18.0,17.479999542236328,17.670000076293945,568500,Yahoo Finance daily
2020-09-17,us,ELF,,17.5,18.350000381469727,17.43000030517578,18.1299991607666,661200,Yahoo Finance daily
2020-09-18,us,ELF,,18.25,18.790000915527344,17.729999542236328,17.959999084472656,3346400,Yahoo Finance daily
2020-09-21,us,ELF,,17.549999237060547,18.1200008392334,17.31999969482422,18.07999992370605,730400,Yahoo Finance daily
2020-09-22,us,ELF,,18.270000457763672,19.1299991607666,18.21500015258789,19.1200008392334,1151500,Yahoo Finance daily
2020-09-23,us,ELF,,19.01000022888184,19.225000381469727,18.690000534057617,18.790000915527344,923400,Yahoo Finance daily
2020-09-24,us,ELF,,18.6299991607666,18.834999084472656,17.899999618530273,18.40999984741211,515600,Yahoo Finance daily
2020-09-25,us,ELF,,18.270000457763672,18.489999771118164,18.07999992370605,18.31999969482422,350900,Yahoo Finance daily
2020-09-28,us,ELF,,18.56999969482422,18.96999931335449,18.459999084472656,18.75,447800,Yahoo Finance daily
2020-09-29,us,ELF,,18.75,18.90999984741211,18.07999992370605,18.31999969482422,616000,Yahoo Finance daily
2020-09-30,us,ELF,,18.36000061035156,18.71999931335449,18.125,18.3700008392334,479900,Yahoo Finance daily
2020-10-01,us,ELF,,18.440000534057617,19.200000762939453,18.299999237060547,18.959999084472656,596600,Yahoo Finance daily
2020-10-02,us,ELF,,18.56999969482422,18.93000030517578,18.3799991607666,18.76000022888184,418800,Yahoo Finance daily
2020-10-05,us,ELF,,18.90999984741211,19.709999084472656,18.899999618530277,19.600000381469727,630800,Yahoo Finance daily
2020-10-06,us,ELF,,19.799999237060547,20.709999084472656,19.799999237060547,20.309999465942383,839200,Yahoo Finance daily
2020-10-07,us,ELF,,20.40999984741211,21.030000686645508,20.08300018310547,20.5,2806100,Yahoo Finance daily
2020-10-08,us,ELF,,20.25,21.170000076293945,20.18000030517578,21.13999938964844,763900,Yahoo Finance daily
2020-10-09,us,ELF,,21.3799991607666,22.09000015258789,20.96999931335449,21.63999938964844,549500,Yahoo Finance daily
2020-10-12,us,ELF,,21.709999084472656,22.13999938964844,21.530000686645508,21.780000686645508,438200,Yahoo Finance daily
2020-10-13,us,ELF,,21.549999237060547,21.850000381469727,20.8799991607666,21.530000686645508,1249200,Yahoo Finance daily
2020-10-14,us,ELF,,21.649999618530277,21.989999771118164,21.34000015258789,21.3700008392334,640600,Yahoo Finance daily
2020-10-15,us,ELF,,21.020000457763672,21.405000686645508,20.979999542236328,21.18000030517578,487200,Yahoo Finance daily
2020-10-16,us,ELF,,21.36000061035156,21.63500022888184,20.959999084472656,21.020000457763672,671200,Yahoo Finance daily
2020-10-19,us,ELF,,21.25,21.46999931335449,20.940000534057617,21.049999237060547,354600,Yahoo Finance daily
2020-10-20,us,ELF,,21.290000915527344,21.3799991607666,20.600000381469727,20.63999938964844,424800,Yahoo Finance daily
2020-10-21,us,ELF,,20.850000381469727,21.290000915527344,20.5,20.51000022888184,690400,Yahoo Finance daily
2020-10-22,us,ELF,,20.489999771118164,21.299999237060547,20.200000762939453,20.950000762939453,788700,Yahoo Finance daily
2020-10-23,us,ELF,,21.18000030517578,21.6299991607666,20.700000762939453,21.6200008392334,387400,Yahoo Finance daily
2020-10-26,us,ELF,,21.32999992370605,21.56999969482422,20.81999969482422,21.5,876600,Yahoo Finance daily
2020-10-27,us,ELF,,21.32999992370605,21.559999465942383,20.959999084472656,20.959999084472656,1266400,Yahoo Finance daily
2020-10-28,us,ELF,,20.440000534057617,20.53300094604492,19.96999931335449,20.299999237060547,518400,Yahoo Finance daily
2020-10-29,us,ELF,,20.1200008392334,20.440000534057617,19.65999984741211,20.34000015258789,430400,Yahoo Finance daily
2020-10-30,us,ELF,,20.25,20.440000534057617,19.84499931335449,20.270000457763672,519500,Yahoo Finance daily
2020-11-02,us,ELF,,20.290000915527344,21.020000457763672,20.145000457763672,20.71999931335449,1228700,Yahoo Finance daily
2020-11-03,us,ELF,,21.01000022888184,21.14800071716309,20.309999465942383,20.780000686645508,830900,Yahoo Finance daily
2020-11-04,us,ELF,,20.399999618530277,21.450000762939453,20.399999618530277,21.350000381469727,1385400,Yahoo Finance daily
2020-11-05,us,ELF,,18.950000762939453,20.05900001525879,18.545000076293945,19.43000030517578,2895700,Yahoo Finance daily
2020-11-06,us,ELF,,19.3700008392334,19.520000457763672,18.86000061035156,19.09000015258789,720000,Yahoo Finance daily
2020-11-09,us,ELF,,19.739999771118164,21.290000915527344,19.450000762939453,20.739999771118164,1545100,Yahoo Finance daily
2020-11-10,us,ELF,,20.899999618530277,21.601999282836918,20.479999542236328,20.809999465942383,851700,Yahoo Finance daily
2020-11-11,us,ELF,,21.0,21.0,20.540000915527344,20.950000762939453,580100,Yahoo Finance daily
2020-11-12,us,ELF,,20.90999984741211,21.11000061035156,20.709999084472656,21.100000381469727,274200,Yahoo Finance daily
2020-11-13,us,ELF,,21.209999084472656,21.479999542236328,21.209999084472656,21.350000381469727,358800,Yahoo Finance daily
2020-11-16,us,ELF,,21.71999931335449,22.07999992370605,21.448999404907227,21.93000030517578,393700,Yahoo Finance daily
2020-11-17,us,ELF,,21.940000534057617,21.940000534057617,21.450000762939453,21.65999984741211,793400,Yahoo Finance daily
2020-11-18,us,ELF,,21.940000534057617,22.43000030517578,21.57999992370605,21.65999984741211,927600,Yahoo Finance daily
2020-11-19,us,ELF,,21.700000762939453,22.309999465942383,21.6299991607666,21.989999771118164,424800,Yahoo Finance daily
2020-11-20,us,ELF,,22.020000457763672,22.43000030517578,21.530000686645508,21.549999237060547,609300,Yahoo Finance daily
2020-11-23,us,ELF,,21.790000915527344,22.184999465942383,21.549999237060547,22.059999465942383,474500,Yahoo Finance daily
2020-11-24,us,ELF,,22.440000534057617,22.459999084472656,21.959999084472656,22.270000457763672,495500,Yahoo Finance daily
2020-11-25,us,ELF,,21.940000534057617,22.03400039672852,21.559999465942383,21.82999992370605,274700,Yahoo Finance daily
2020-11-27,us,ELF,,21.84000015258789,21.850000381469727,21.270000457763672,21.6200008392334,168200,Yahoo Finance daily
2020-11-30,us,ELF,,21.6299991607666,21.940000534057617,21.290000915527344,21.739999771118164,459000,Yahoo Finance daily
2020-12-01,us,ELF,,22.0,22.0,21.3700008392334,21.93000030517578,484100,Yahoo Finance daily
2020-12-02,us,ELF,,21.729999542236328,22.6200008392334,21.489999771118164,22.489999771118164,682800,Yahoo Finance daily
2020-12-03,us,ELF,,22.5,22.5,22.09000015258789,22.25,415700,Yahoo Finance daily
2020-12-04,us,ELF,,22.43000030517578,22.6299991607666,22.209999084472656,22.36000061035156,429000,Yahoo Finance daily
2020-12-07,us,ELF,,22.229999542236328,22.549999237060547,22.18000030517578,22.26000022888184,333600,Yahoo Finance daily
2020-12-08,us,ELF,,22.229999542236328,23.05500030517578,21.88999938964844,22.59000015258789,643200,Yahoo Finance daily
2020-12-09,us,ELF,,22.8700008392334,23.059999465942383,21.850000381469727,22.0,427100,Yahoo Finance daily
2020-12-10,us,ELF,,21.899999618530277,22.1299991607666,21.549999237060547,21.739999771118164,452400,Yahoo Finance daily
2020-12-11,us,ELF,,21.63999938964844,21.82999992370605,21.170000076293945,21.540000915527344,305200,Yahoo Finance daily
2020-12-14,us,ELF,,21.75,21.8700008392334,21.049999237060547,21.170000076293945,293800,Yahoo Finance daily
2020-12-15,us,ELF,,21.34000015258789,21.43000030517578,21.07999992370605,21.229999542236328,329100,Yahoo Finance daily
2020-12-16,us,ELF,,21.489999771118164,22.1299991607666,21.299999237060547,21.600000381469727,542300,Yahoo Finance daily
2020-12-17,us,ELF,,21.71999931335449,22.030000686645508,21.0,22.020000457763672,694500,Yahoo Finance daily
2020-12-18,us,ELF,,22.059999465942383,22.8700008392334,22.030000686645508,22.600000381469727,727300,Yahoo Finance daily
2020-12-21,us,ELF,,22.299999237060547,22.709999084472656,22.030000686645508,22.709999084472656,704400,Yahoo Finance daily
2020-12-22,us,ELF,,22.700000762939453,23.06999969482422,22.489999771118164,23.0,872900,Yahoo Finance daily
2020-12-23,us,ELF,,23.059999465942383,23.700000762939453,22.920000076293945,23.690000534057617,504000,Yahoo Finance daily
2020-12-24,us,ELF,,23.57999992370605,23.604999542236328,22.90999984741211,23.34000015258789,269400,Yahoo Finance daily
2020-12-28,us,ELF,,23.559999465942383,23.69499969482422,23.040000915527344,23.459999084472656,351700,Yahoo Finance daily
2020-12-29,us,ELF,,23.3700008392334,23.59000015258789,22.780000686645508,23.209999084472656,380000,Yahoo Finance daily
2020-12-30,us,ELF,,23.190000534057617,23.959999084472656,23.13999938964844,23.450000762939453,440200,Yahoo Finance daily
2020-12-31,us,ELF,,26.18000030517578,26.190000534057617,24.739999771118164,25.190000534057617,3811400,Yahoo Finance daily
2021-01-04,us,ELF,,25.309999465942383,25.850000381469727,24.020000457763672,25.100000381469727,1787300,Yahoo Finance daily
2021-01-05,us,ELF,,25.309999465942383,25.489999771118164,24.584999084472656,25.209999084472656,1195800,Yahoo Finance daily
2021-01-06,us,ELF,,25.07999992370605,25.530000686645508,23.780000686645508,24.209999084472656,8651300,Yahoo Finance daily
2021-01-07,us,ELF,,24.020000457763672,24.399999618530277,23.46999931335449,23.739999771118164,1359800,Yahoo Finance daily
2021-01-08,us,ELF,,23.850000381469727,24.040000915527344,23.21999931335449,23.399999618530277,1034700,Yahoo Finance daily
2021-01-11,us,ELF,,23.1299991607666,23.364999771118164,22.63999938964844,23.11000061035156,807400,Yahoo Finance daily
2021-01-12,us,ELF,,22.979999542236328,23.200000762939453,22.549999237060547,23.040000915527344,737200,Yahoo Finance daily
2021-01-13,us,ELF,,23.11000061035156,23.1299991607666,22.59000015258789,22.84000015258789,474200,Yahoo Finance daily
2021-01-14,us,ELF,,22.90999984741211,23.950000762939453,22.799999237060547,23.739999771118164,1284300,Yahoo Finance daily
2021-01-15,us,ELF,,23.68000030517578,23.76499938964844,23.01000022888184,23.459999084472656,716900,Yahoo Finance daily
2021-01-19,us,ELF,,23.75,24.040000915527344,23.479999542236328,24.01000022888184,759100,Yahoo Finance daily
2021-01-20,us,ELF,,23.65999984741211,24.149999618530277,23.030000686645508,23.809999465942383,1665800,Yahoo Finance daily
2021-01-21,us,ELF,,23.600000381469727,23.950000762939453,23.26000022888184,23.280000686645508,718000,Yahoo Finance daily
2021-01-22,us,ELF,,23.18000030517578,23.225000381469727,22.170000076293945,22.71999931335449,932100,Yahoo Finance daily
2021-01-25,us,ELF,,22.63999938964844,22.96999931335449,22.149999618530277,22.59000015258789,815900,Yahoo Finance daily
2021-01-26,us,ELF,,22.75,22.96999931335449,22.38500022888184,22.65999984741211,510900,Yahoo Finance daily
2021-01-27,us,ELF,,22.26000022888184,22.34000015258789,21.71999931335449,21.809999465942383,806500,Yahoo Finance daily
2021-01-28,us,ELF,,21.86000061035156,22.280000686645508,21.6200008392334,22.01000022888184,758200,Yahoo Finance daily
2021-01-29,us,ELF,,21.84000015258789,22.26000022888184,21.399999618530277,21.76000022888184,936300,Yahoo Finance daily
2021-02-01,us,ELF,,21.739999771118164,22.93000030517578,21.149999618530277,22.530000686645508,1245200,Yahoo Finance daily
2021-02-02,us,ELF,,22.93000030517578,22.93000030517578,22.1200008392334,22.649999618530277,1495400,Yahoo Finance daily
2021-02-03,us,ELF,,22.81999969482422,23.29400062561035,22.36000061035156,22.940000534057617,1809400,Yahoo Finance daily
2021-02-04,us,ELF,,22.239999771118164,24.149999618530277,21.290000915527344,23.1200008392334,2079400,Yahoo Finance daily
2021-02-05,us,ELF,,23.56999969482422,23.600000381469727,22.479999542236328,22.81999969482422,1228300,Yahoo Finance daily
2021-02-08,us,ELF,,23.020000457763672,23.32999992370605,22.56999969482422,23.32999992370605,1026200,Yahoo Finance daily
2021-02-09,us,ELF,,23.229999542236328,23.559999465942383,22.479999542236328,23.21999931335449,668400,Yahoo Finance daily
2021-02-10,us,ELF,,23.40999984741211,23.40999984741211,22.420000076293945,23.059999465942383,639400,Yahoo Finance daily
2021-02-11,us,ELF,,23.200000762939453,23.280000686645508,22.90999984741211,23.280000686645508,433300,Yahoo Finance daily
2021-02-12,us,ELF,,23.26000022888184,23.670000076293945,23.11000061035156,23.63999938964844,304400,Yahoo Finance daily
2021-02-16,us,ELF,,23.71999931335449,24.31999969482422,23.649999618530277,24.25,488700,Yahoo Finance daily
2021-02-17,us,ELF,,24.13999938964844,24.84000015258789,23.950000762939453,24.84000015258789,581200,Yahoo Finance daily
2021-02-18,us,ELF,,24.59000015258789,25.01000022888184,24.479999542236328,24.86000061035156,401400,Yahoo Finance daily
2021-02-19,us,ELF,,24.989999771118164,25.290000915527344,24.71999931335449,24.75,477400,Yahoo Finance daily
2021-02-22,us,ELF,,24.739999771118164,25.959999084472656,24.540000915527344,25.3799991607666,871500,Yahoo Finance daily
2021-02-23,us,ELF,,25.239999771118164,25.59199905395508,24.8799991607666,25.3799991607666,712900,Yahoo Finance daily
2021-02-24,us,ELF,,25.36000061035156,26.420000076293945,25.11000061035156,26.030000686645508,755200,Yahoo Finance daily
2021-02-25,us,ELF,,26.1299991607666,26.46999931335449,25.100000381469727,25.21999931335449,578200,Yahoo Finance daily
2021-02-26,us,ELF,,25.170000076293945,26.020000457763672,24.46500015258789,25.649999618530277,1225800,Yahoo Finance daily
2021-03-01,us,ELF,,26.31999969482422,27.290000915527344,25.920000076293945,27.200000762939453,1128100,Yahoo Finance daily
2021-03-02,us,ELF,,26.309999465942383,26.82999992370605,25.780000686645508,26.13999938964844,1089700,Yahoo Finance daily
2021-03-03,us,ELF,,26.209999084472656,26.5,25.3700008392334,25.6200008392334,734500,Yahoo Finance daily
2021-03-04,us,ELF,,25.3700008392334,25.790000915527344,24.20199966430664,24.959999084472656,826600,Yahoo Finance daily
2021-03-05,us,ELF,,25.190000534057617,25.81999969482422,24.55500030517578,25.780000686645508,867700,Yahoo Finance daily
2021-03-08,us,ELF,,25.8700008392334,26.68000030517578,25.790000915527344,26.07999992370605,832300,Yahoo Finance daily
2021-03-09,us,ELF,,26.540000915527344,26.899999618530277,26.25,26.32999992370605,411100,Yahoo Finance daily
2021-03-10,us,ELF,,27.479999542236328,27.809999465942383,27.0,27.40999984741211,688500,Yahoo Finance daily
2021-03-11,us,ELF,,27.84000015258789,28.780000686645508,27.40999984741211,28.71999931335449,624400,Yahoo Finance daily
2021-03-12,us,ELF,,28.649999618530277,29.100000381469727,28.600000381469727,28.61000061035156,801400,Yahoo Finance daily
2021-03-15,us,ELF,,28.5,28.82999992370605,27.71999931335449,28.790000915527344,426000,Yahoo Finance daily
2021-03-16,us,ELF,,28.88999938964844,28.959999084472656,28.239999771118164,28.25,730700,Yahoo Finance daily
2021-03-17,us,ELF,,28.149999618530277,28.225000381469727,27.6299991607666,27.8700008392334,578900,Yahoo Finance daily
2021-03-18,us,ELF,,27.8700008392334,28.11000061035156,27.600000381469727,27.75,721900,Yahoo Finance daily
2021-03-19,us,ELF,,28.1200008392334,28.1200008392334,27.399999618530277,27.670000076293945,539600,Yahoo Finance daily
2021-03-22,us,ELF,,28.88999938964844,29.239999771118164,28.290000915527344,28.350000381469727,770500,Yahoo Finance daily
2021-03-23,us,ELF,,28.15999984741211,28.315000534057617,27.11000061035156,27.239999771118164,558900,Yahoo Finance daily
2021-03-24,us,ELF,,27.559999465942383,27.674999237060547,26.030000686645508,26.13999938964844,865600,Yahoo Finance daily
2021-03-25,us,ELF,,25.850000381469727,26.65999984741211,25.26000022888184,26.649999618530277,859600,Yahoo Finance daily
2021-03-26,us,ELF,,26.76000022888184,27.38999938964844,26.5,27.11000061035156,692600,Yahoo Finance daily
2021-03-29,us,ELF,,27.049999237060547,27.65999984741211,26.350000381469727,26.57999992370605,571100,Yahoo Finance daily
2021-03-30,us,ELF,,26.43000030517578,27.100000381469727,26.299999237060547,27.040000915527344,360700,Yahoo Finance daily
2021-03-31,us,ELF,,27.32999992370605,27.440000534057617,26.82999992370605,26.82999992370605,447200,Yahoo Finance daily
2021-04-01,us,ELF,,26.799999237060547,27.15999984741211,26.420000076293945,26.940000534057617,388100,Yahoo Finance daily
2021-04-05,us,ELF,,27.25,27.299999237060547,26.791000366210938,27.01000022888184,281100,Yahoo Finance daily
2021-04-06,us,ELF,,27.01000022888184,27.61000061035156,26.989999771118164,27.020000457763672,372200,Yahoo Finance daily
2021-04-07,us,ELF,,27.15999984741211,27.440000534057617,26.75,27.25,410400,Yahoo Finance daily
2021-04-08,us,ELF,,27.36000061035156,27.649999618530277,26.979999542236328,27.540000915527344,608900,Yahoo Finance daily
2021-04-09,us,ELF,,27.61000061035156,27.899999618530277,27.07999992370605,27.850000381469727,371600,Yahoo Finance daily
2021-04-12,us,ELF,,28.0,28.43000030517578,27.57999992370605,28.32999992370605,514500,Yahoo Finance daily
2021-04-13,us,ELF,,28.670000076293945,28.99099922180176,28.15999984741211,28.239999771118164,493200,Yahoo Finance daily
2021-04-14,us,ELF,,28.479999542236328,29.11000061035156,28.26000022888184,29.06999969482422,609400,Yahoo Finance daily
2021-04-15,us,ELF,,29.25,29.38999938964844,28.82999992370605,29.07999992370605,585800,Yahoo Finance daily
2021-04-16,us,ELF,,29.399999618530277,29.979999542236328,29.1200008392334,29.899999618530277,408900,Yahoo Finance daily
2021-04-19,us,ELF,,29.75,29.950000762939453,29.200000762939453,29.75,447700,Yahoo Finance daily
2021-04-20,us,ELF,,29.76000022888184,30.06999969482422,29.25,29.56999969482422,522100,Yahoo Finance daily
2021-04-21,us,ELF,,29.38999938964844,30.0,29.299999237060547,29.809999465942383,443500,Yahoo Finance daily
2021-04-22,us,ELF,,30.170000076293945,30.559999465942383,29.809999465942383,30.21999931335449,566800,Yahoo Finance daily
2021-04-23,us,ELF,,30.25,31.290000915527344,30.1200008392334,31.1200008392334,612700,Yahoo Finance daily
2021-04-26,us,ELF,,31.190000534057617,31.190000534057617,30.200000762939453,30.32999992370605,589300,Yahoo Finance daily
2021-04-27,us,ELF,,30.6299991607666,30.82999992370605,29.709999084472656,30.209999084472656,770600,Yahoo Finance daily
2021-04-28,us,ELF,,30.059999465942383,30.55900001525879,29.51000022888184,30.049999237060547,619400,Yahoo Finance daily
2021-04-29,us,ELF,,30.350000381469727,30.530000686645508,29.809999465942383,30.290000915527344,379500,Yahoo Finance daily
2021-04-30,us,ELF,,30.030000686645508,30.63999938964844,30.030000686645508,30.25,460400,Yahoo Finance daily
2021-05-03,us,ELF,,30.239999771118164,30.63999938964844,29.459999084472656,29.540000915527344,946000,Yahoo Finance daily
2021-05-04,us,ELF,,29.38999938964844,29.899999618530277,29.15999984741211,29.729999542236328,358700,Yahoo Finance daily
2021-05-05,us,ELF,,29.770000457763672,30.3799991607666,29.614999771118164,29.93000030517578,300400,Yahoo Finance daily
2021-05-06,us,ELF,,29.920000076293945,30.57999992370605,29.76000022888184,30.56999969482422,338100,Yahoo Finance daily
2021-05-07,us,ELF,,30.479999542236328,30.600000381469727,30.1200008392334,30.1299991607666,417800,Yahoo Finance daily
2021-05-10,us,ELF,,30.1299991607666,30.1299991607666,29.0,29.040000915527344,539900,Yahoo Finance daily
2021-05-11,us,ELF,,28.709999084472656,29.01000022888184,28.1200008392334,28.56999969482422,685100,Yahoo Finance daily
2021-05-12,us,ELF,,28.399999618530277,28.61000061035156,27.71999931335449,27.71999931335449,572600,Yahoo Finance daily
2021-05-13,us,ELF,,27.8799991607666,28.3700008392334,27.46999931335449,27.8700008392334,577400,Yahoo Finance daily
2021-05-14,us,ELF,,28.1200008392334,29.030000686645508,27.770000457763672,28.86000061035156,549300,Yahoo Finance daily
2021-05-17,us,ELF,,28.75,29.32999992370605,28.520000457763672,29.270000457763672,290200,Yahoo Finance daily
2021-05-18,us,ELF,,29.270000457763672,29.75,29.209999084472656,29.21999931335449,295500,Yahoo Finance daily
2021-05-19,us,ELF,,28.76000022888184,29.229999542236328,28.479999542236328,28.93000030517578,437000,Yahoo Finance daily
2021-05-20,us,ELF,,28.950000762939453,29.350000381469727,28.63500022888184,29.290000915527344,337900,Yahoo Finance daily
2021-05-21,us,ELF,,29.479999542236328,29.729999542236328,28.780000686645508,28.799999237060547,291900,Yahoo Finance daily
2021-05-24,us,ELF,,28.8700008392334,29.209999084472656,28.725000381469727,29.149999618530277,427300,Yahoo Finance daily
2021-05-25,us,ELF,,29.09000015258789,29.63999938964844,28.459999084472656,28.5,468900,Yahoo Finance daily
2021-05-26,us,ELF,,28.51000022888184,29.75,28.459999084472656,29.649999618530277,697900,Yahoo Finance daily
2021-05-27,us,ELF,,28.059999465942383,29.450000762939453,27.36000061035156,28.520000457763672,1138100,Yahoo Finance daily
2021-05-28,us,ELF,,28.559999465942383,28.71999931335449,27.940000534057617,28.0,704100,Yahoo Finance daily
2021-06-01,us,ELF,,28.1299991607666,28.309999465942383,27.26000022888184,27.56999969482422,700700,Yahoo Finance daily
2021-06-02,us,ELF,,26.899999618530277,27.780000686645508,26.899999618530277,27.59000015258789,804300,Yahoo Finance daily
2021-06-03,us,ELF,,27.56999969482422,27.76000022888184,26.90999984741211,27.32999992370605,491800,Yahoo Finance daily
2021-06-04,us,ELF,,27.46999931335449,27.729999542236328,27.049999237060547,27.299999237060547,270800,Yahoo Finance daily
2021-06-07,us,ELF,,27.3700008392334,27.59000015258789,27.15999984741211,27.520000457763672,296700,Yahoo Finance daily
2021-06-08,us,ELF,,27.61000061035156,28.21999931335449,27.5,27.96999931335449,464700,Yahoo Finance daily
2021-06-09,us,ELF,,28.149999618530277,28.38999938964844,27.90999984741211,28.100000381469727,399300,Yahoo Finance daily
2021-06-10,us,ELF,,28.34000015258789,28.440000534057617,27.86000061035156,27.8700008392334,265300,Yahoo Finance daily
2021-06-11,us,ELF,,28.020000457763672,28.649999618530277,27.899999618530277,28.46999931335449,344900,Yahoo Finance daily
2021-06-14,us,ELF,,28.68000030517578,28.71999931335449,28.25,28.489999771118164,321000,Yahoo Finance daily
2021-06-15,us,ELF,,28.6299991607666,28.770000457763672,28.391000747680664,28.600000381469727,267800,Yahoo Finance daily
2021-06-16,us,ELF,,28.6299991607666,28.645000457763672,28.07999992370605,28.1299991607666,318600,Yahoo Finance daily
2021-06-17,us,ELF,,28.190000534057617,28.190000534057617,27.209999084472656,27.84000015258789,328200,Yahoo Finance daily
2021-06-18,us,ELF,,27.43000030517578,27.729999542236328,27.13999938964844,27.46999931335449,390200,Yahoo Finance daily
2021-06-21,us,ELF,,27.690000534057617,28.049999237060547,27.5,27.90999984741211,268300,Yahoo Finance daily
2021-06-22,us,ELF,,27.700000762939453,27.8700008392334,27.399999618530277,27.61000061035156,408600,Yahoo Finance daily
2021-06-23,us,ELF,,27.38999938964844,27.850000381469727,26.809999465942383,27.6200008392334,525300,Yahoo Finance daily
2021-06-24,us,ELF,,27.809999465942383,28.121999740600582,27.43000030517578,28.0,307900,Yahoo Finance daily
2021-06-25,us,ELF,,28.11000061035156,28.15999984741211,27.90999984741211,28.0,882600,Yahoo Finance daily
2021-06-28,us,ELF,,28.0,28.0,27.32999992370605,27.549999237060547,893700,Yahoo Finance daily
2021-06-29,us,ELF,,27.700000762939453,27.940000534057617,27.5,27.600000381469727,313700,Yahoo Finance daily
2021-06-30,us,ELF,,27.479999542236328,27.559999465942383,27.1299991607666,27.13999938964844,573600,Yahoo Finance daily
2021-07-01,us,ELF,,27.309999465942383,27.309999465942383,26.770000457763672,27.15999984741211,626300,Yahoo Finance daily
2021-07-02,us,ELF,,27.25,27.299999237060547,26.56999969482422,26.61000061035156,399800,Yahoo Finance daily
2021-07-06,us,ELF,,26.6200008392334,26.6200008392334,26.01000022888184,26.299999237060547,473300,Yahoo Finance daily
2021-07-07,us,ELF,,26.190000534057617,26.46999931335449,25.809999465942383,25.899999618530277,339500,Yahoo Finance daily
2021-07-08,us,ELF,,25.479999542236328,25.96500015258789,25.145000457763672,25.8799991607666,414500,Yahoo Finance daily
2021-07-09,us,ELF,,26.18000030517578,26.459999084472656,26.0,26.40999984741211,299500,Yahoo Finance daily
2021-07-12,us,ELF,,26.440000534057617,26.440000534057617,26.01000022888184,26.1299991607666,219000,Yahoo Finance daily
2021-07-13,us,ELF,,25.950000762939453,26.01000022888184,25.6200008392334,25.700000762939453,296600,Yahoo Finance daily
2021-07-14,us,ELF,,26.290000915527344,26.61000061035156,26.020000457763672,26.290000915527344,555900,Yahoo Finance daily
2021-07-15,us,ELF,,26.09000015258789,26.399999618530277,25.655000686645508,25.90999984741211,347300,Yahoo Finance daily
2021-07-16,us,ELF,,26.15999984741211,26.25,25.40999984741211,25.489999771118164,310700,Yahoo Finance daily
2021-07-19,us,ELF,,25.149999618530277,25.229999542236328,24.57999992370605,24.959999084472656,567100,Yahoo Finance daily
2021-07-20,us,ELF,,25.15999984741211,26.229999542236328,24.959999084472656,26.040000915527344,570300,Yahoo Finance daily
2021-07-21,us,ELF,,26.350000381469727,26.75,26.200000762939453,26.600000381469727,402500,Yahoo Finance daily
2021-07-22,us,ELF,,26.440000534057617,26.520000457763672,25.924999237060547,25.979999542236328,351400,Yahoo Finance daily
2021-07-23,us,ELF,,26.149999618530277,26.86000061035156,25.93000030517578,26.790000915527344,349400,Yahoo Finance daily
2021-07-26,us,ELF,,26.899999618530277,27.11000061035156,26.520000457763672,26.549999237060547,297800,Yahoo Finance daily
2021-07-27,us,ELF,,26.36000061035156,26.6200008392334,26.149999618530277,26.57999992370605,309400,Yahoo Finance daily
2021-07-28,us,ELF,,26.65999984741211,26.979999542236328,26.29199981689453,26.700000762939453,339400,Yahoo Finance daily
2021-07-29,us,ELF,,26.780000686645508,27.56999969482422,26.780000686645508,27.26000022888184,389000,Yahoo Finance daily
2021-07-30,us,ELF,,27.25,27.850000381469727,27.06999969482422,27.61000061035156,437000,Yahoo Finance daily
2021-08-02,us,ELF,,27.729999542236328,28.059999465942383,27.600000381469727,27.81999969482422,707300,Yahoo Finance daily
2021-08-03,us,ELF,,27.93000030517578,28.63999938964844,27.53499984741211,28.61000061035156,580500,Yahoo Finance daily
2021-08-04,us,ELF,,28.420000076293945,28.8700008392334,27.899999618530277,28.049999237060547,718300,Yahoo Finance daily
2021-08-05,us,ELF,,30.75,31.229999542236328,29.61000061035156,29.82999992370605,1240400,Yahoo Finance daily
2021-08-06,us,ELF,,30.040000915527344,30.540000915527344,29.915000915527344,30.020000457763672,496600,Yahoo Finance daily
2021-08-09,us,ELF,,29.799999237060547,29.90999984741211,29.459999084472656,29.75,270900,Yahoo Finance daily
2021-08-10,us,ELF,,29.670000076293945,30.559999465942383,29.670000076293945,30.549999237060547,453100,Yahoo Finance daily
2021-08-11,us,ELF,,30.65999984741211,30.73500061035156,30.0,30.059999465942383,318700,Yahoo Finance daily
2021-08-12,us,ELF,,30.20499992370605,30.20499992370605,29.5310001373291,29.71999931335449,275100,Yahoo Finance daily
2021-08-13,us,ELF,,29.725000381469727,30.15999984741211,29.489999771118164,29.920000076293945,276200,Yahoo Finance daily
2021-08-16,us,ELF,,29.75,30.100000381469727,29.299999237060547,29.309999465942383,295700,Yahoo Finance daily
2021-08-17,us,ELF,,28.979999542236328,29.0,28.209999084472656,28.31999969482422,432900,Yahoo Finance daily
2021-08-18,us,ELF,,28.13999938964844,28.799999237060547,28.13999938964844,28.209999084472656,342200,Yahoo Finance daily
2021-08-19,us,ELF,,27.940000534057617,28.989999771118164,27.8700008392334,28.959999084472656,403500,Yahoo Finance daily
2021-08-20,us,ELF,,29.030000686645508,29.51000022888184,28.90999984741211,29.31999969482422,329500,Yahoo Finance daily
2021-08-23,us,ELF,,29.56999969482422,30.01000022888184,29.46999931335449,29.850000381469727,348800,Yahoo Finance daily
2021-08-24,us,ELF,,29.8799991607666,30.020000457763672,29.57999992370605,29.799999237060547,269500,Yahoo Finance daily
2021-08-25,us,ELF,,29.920000076293945,30.520000457763672,29.76000022888184,30.020000457763672,270800,Yahoo Finance daily
2021-08-26,us,ELF,,29.459999084472656,30.461000442504883,29.459999084472656,30.030000686645508,352100,Yahoo Finance daily
2021-08-27,us,ELF,,30.01000022888184,30.8700008392334,29.90999984741211,30.690000534057617,472900,Yahoo Finance daily
2021-08-30,us,ELF,,30.81999969482422,31.0,30.51000022888184,30.82999992370605,402800,Yahoo Finance daily
2021-08-31,us,ELF,,30.799999237060547,30.979999542236328,30.530000686645508,30.950000762939453,356100,Yahoo Finance daily
2021-09-01,us,ELF,,31.049999237060547,31.07999992370605,30.520000457763672,31.049999237060547,619000,Yahoo Finance daily
2021-09-02,us,ELF,,31.100000381469727,31.440000534057617,30.90999984741211,31.049999237060547,443700,Yahoo Finance daily
2021-09-03,us,ELF,,30.90999984741211,30.90999984741211,30.450000762939453,30.65999984741211,260900,Yahoo Finance daily
2021-09-07,us,ELF,,30.549999237060547,31.670000076293945,30.549999237060547,30.88999938964844,608300,Yahoo Finance daily
2021-09-08,us,ELF,,30.71999931335449,30.82999992370605,30.030000686645508,30.21999931335449,304200,Yahoo Finance daily
2021-09-09,us,ELF,,30.270000457763672,30.6299991607666,29.809999465942383,29.81999969482422,445500,Yahoo Finance daily
2021-09-10,us,ELF,,30.1299991607666,30.6200008392334,29.93000030517578,30.280000686645508,401100,Yahoo Finance daily
2021-09-13,us,ELF,,30.520000457763672,30.75,30.18000030517578,30.68000030517578,429700,Yahoo Finance daily
2021-09-14,us,ELF,,30.780000686645508,30.780000686645508,29.350000381469727,29.649999618530277,489300,Yahoo Finance daily
2021-09-15,us,ELF,,29.649999618530277,30.280000686645508,29.520000457763672,30.270000457763672,541700,Yahoo Finance daily
2021-09-16,us,ELF,,30.3700008392334,30.43000030517578,29.799999237060547,30.21999931335449,388500,Yahoo Finance daily
2021-09-17,us,ELF,,30.43000030517578,30.920000076293945,29.950000762939453,29.979999542236328,2377000,Yahoo Finance daily
2021-09-20,us,ELF,,29.13999938964844,29.6299991607666,28.450000762939453,29.049999237060547,829800,Yahoo Finance daily
2021-09-21,us,ELF,,29.209999084472656,29.350000381469727,28.59000015258789,28.739999771118164,462100,Yahoo Finance daily
2021-09-22,us,ELF,,28.770000457763672,29.190000534057617,28.709999084472656,28.959999084472656,436800,Yahoo Finance daily
2021-09-23,us,ELF,,29.030000686645508,29.36000061035156,28.989999771118164,29.190000534057617,533600,Yahoo Finance daily
2021-09-24,us,ELF,,29.020000457763672,29.415000915527344,28.700000762939453,29.190000534057617,448500,Yahoo Finance daily
2021-09-27,us,ELF,,29.100000381469727,30.149999618530277,29.100000381469727,29.989999771118164,789800,Yahoo Finance daily
2021-09-28,us,ELF,,29.989999771118164,29.989999771118164,29.18000030517578,29.6299991607666,498400,Yahoo Finance daily
2021-09-29,us,ELF,,29.82999992370605,30.11000061035156,29.440000534057617,30.01000022888184,434900,Yahoo Finance daily
2021-09-30,us,ELF,,29.899999618530277,30.040000915527344,28.899999618530277,29.049999237060547,488900,Yahoo Finance daily
2021-10-01,us,ELF,,29.270000457763672,29.71999931335449,28.71999931335449,29.57999992370605,369500,Yahoo Finance daily
2021-10-04,us,ELF,,29.649999618530277,29.649999618530277,28.82999992370605,29.100000381469727,434900,Yahoo Finance daily
2021-10-05,us,ELF,,29.26000022888184,30.170000076293945,29.243000030517575,29.979999542236328,420000,Yahoo Finance daily
2021-10-06,us,ELF,,29.5,29.8799991607666,29.399999618530277,29.81999969482422,242100,Yahoo Finance daily
2021-10-07,us,ELF,,30.170000076293945,30.670000076293945,30.11000061035156,30.290000915527344,245000,Yahoo Finance daily
2021-10-08,us,ELF,,30.350000381469727,30.350000381469727,29.540000915527344,29.63999938964844,230000,Yahoo Finance daily
2021-10-11,us,ELF,,29.780000686645508,29.8700008392334,29.459999084472656,29.57999992370605,192500,Yahoo Finance daily
2021-10-12,us,ELF,,29.57999992370605,29.709999084472656,29.170000076293945,29.18000030517578,213800,Yahoo Finance daily
2021-10-13,us,ELF,,29.21999931335449,29.540000915527344,28.774999618530277,29.479999542236328,260500,Yahoo Finance daily
2021-10-14,us,ELF,,29.799999237060547,29.999000549316406,29.440000534057617,29.600000381469727,428200,Yahoo Finance daily
2021-10-15,us,ELF,,30.11000061035156,30.1299991607666,29.100000381469727,29.1200008392334,472400,Yahoo Finance daily
2021-10-18,us,ELF,,28.940000534057617,29.459999084472656,28.59000015258789,29.450000762939453,210600,Yahoo Finance daily
2021-10-19,us,ELF,,29.3700008392334,29.61000061035156,29.11000061035156,29.31999969482422,204200,Yahoo Finance daily
2021-10-20,us,ELF,,29.364999771118164,29.93000030517578,29.280000686645508,29.479999542236328,179900,Yahoo Finance daily
2021-10-21,us,ELF,,29.56999969482422,29.81999969482422,29.43000030517578,29.739999771118164,190600,Yahoo Finance daily
2021-10-22,us,ELF,,29.71999931335449,30.670000076293945,29.700000762939453,30.57999992370605,221000,Yahoo Finance daily
2021-10-25,us,ELF,,30.71999931335449,31.399999618530277,30.530000686645508,31.06999969482422,376000,Yahoo Finance daily
2021-10-26,us,ELF,,31.3799991607666,32.130001068115234,30.96999931335449,31.790000915527344,905200,Yahoo Finance daily
2021-10-27,us,ELF,,31.709999084472656,31.82999992370605,30.88999938964844,31.6200008392334,580400,Yahoo Finance daily
2021-10-28,us,ELF,,31.809999465942383,32.63999938964844,31.809999465942383,32.5099983215332,311600,Yahoo Finance daily
2021-10-29,us,ELF,,32.41999816894531,32.560001373291016,31.940000534057617,32.310001373291016,358700,Yahoo Finance daily
2021-11-01,us,ELF,,32.52000045776367,32.9630012512207,32.36000061035156,32.77000045776367,780400,Yahoo Finance daily
2021-11-02,us,ELF,,32.86000061035156,33.13999938964844,32.11000061035156,32.90999984741211,496400,Yahoo Finance daily
2021-11-03,us,ELF,,32.810001373291016,33.380001068115234,32.70399856567383,33.18000030517578,873300,Yahoo Finance daily
2021-11-04,us,ELF,,30.0,32.099998474121094,29.56999969482422,30.209999084472656,1964100,Yahoo Finance daily
2021-11-05,us,ELF,,30.57999992370605,32.20000076293945,30.489999771118164,31.32999992370605,744600,Yahoo Finance daily
2021-11-08,us,ELF,,31.71999931335449,32.040000915527344,30.84499931335449,30.959999084472656,450900,Yahoo Finance daily
2021-11-09,us,ELF,,31.059999465942383,31.48600006103516,30.88999938964844,31.020000457763672,360000,Yahoo Finance daily
2021-11-10,us,ELF,,30.8799991607666,31.09000015258789,30.549999237060547,30.780000686645508,295700,Yahoo Finance daily
2021-11-11,us,ELF,,30.854999542236328,31.26000022888184,30.559999465942383,31.239999771118164,265400,Yahoo Finance daily
2021-11-12,us,ELF,,31.18000030517578,31.665000915527344,31.11000061035156,31.36000061035156,222100,Yahoo Finance daily
2021-11-15,us,ELF,,31.690000534057617,31.690000534057617,31.145000457763672,31.6299991607666,371800,Yahoo Finance daily
2021-11-16,us,ELF,,31.690000534057617,32.41999816894531,31.690000534057617,32.369998931884766,292100,Yahoo Finance daily
2021-11-17,us,ELF,,32.380001068115234,33.06999969482422,32.27299880981445,32.70000076293945,469700,Yahoo Finance daily
2021-11-18,us,ELF,,32.65999984741211,32.65999984741211,31.8700008392334,32.41999816894531,221700,Yahoo Finance daily
2021-11-19,us,ELF,,32.2599983215332,32.849998474121094,32.2599983215332,32.439998626708984,223600,Yahoo Finance daily
2021-11-22,us,ELF,,32.77000045776367,33.099998474121094,32.02000045776367,32.040000915527344,328000,Yahoo Finance daily
2021-11-23,us,ELF,,31.75,32.09000015258789,31.229999542236328,32.0099983215332,386100,Yahoo Finance daily
2021-11-24,us,ELF,,31.540000915527344,31.82999992370605,31.170000076293945,31.780000686645508,249000,Yahoo Finance daily
2021-11-26,us,ELF,,30.940000534057617,31.239999771118164,30.40999984741211,31.06999969482422,342300,Yahoo Finance daily
2021-11-29,us,ELF,,31.40999984741211,31.420000076293945,30.32999992370605,30.920000076293945,396200,Yahoo Finance daily
2021-11-30,us,ELF,,30.68000030517578,30.739999771118164,29.770000457763672,30.1200008392334,357900,Yahoo Finance daily
2021-12-01,us,ELF,,30.75,30.75,29.59000015258789,29.59000015258789,690300,Yahoo Finance daily
2021-12-02,us,ELF,,29.8700008392334,30.96999931335449,29.299999237060547,30.850000381469727,359400,Yahoo Finance daily
2021-12-03,us,ELF,,31.170000076293945,31.270000457763672,29.729999542236328,30.149999618530277,654100,Yahoo Finance daily
2021-12-06,us,ELF,,30.354999542236328,30.809999465942383,29.979999542236328,30.38999938964844,400100,Yahoo Finance daily
2021-12-07,us,ELF,,30.8700008392334,31.614999771118164,30.549999237060547,31.049999237060547,575100,Yahoo Finance daily
2021-12-08,us,ELF,,31.020000457763672,31.90999984741211,31.0,31.770000457763672,333500,Yahoo Finance daily
2021-12-09,us,ELF,,31.420000076293945,31.920000076293945,31.25,31.280000686645508,298600,Yahoo Finance daily
2021-12-10,us,ELF,,31.31999969482422,31.770000457763672,30.96999931335449,31.399999618530277,402000,Yahoo Finance daily
2021-12-13,us,ELF,,31.21999931335449,31.540000915527344,30.09000015258789,30.1200008392334,574300,Yahoo Finance daily
2021-12-14,us,ELF,,29.8799991607666,30.81999969482422,29.8700008392334,30.780000686645508,383700,Yahoo Finance daily
2021-12-15,us,ELF,,30.63999938964844,31.36000061035156,30.3799991607666,31.239999771118164,351600,Yahoo Finance daily
2021-12-16,us,ELF,,31.440000534057617,31.5,30.229999542236328,30.440000534057617,468900,Yahoo Finance daily
2021-12-17,us,ELF,,30.1200008392334,30.690000534057617,29.82999992370605,30.290000915527344,1380600,Yahoo Finance daily
2021-12-20,us,ELF,,29.8700008392334,30.3700008392334,29.25,30.07999992370605,642100,Yahoo Finance daily
2021-12-21,us,ELF,,30.18000030517578,30.934999465942383,30.1299991607666,30.76000022888184,446600,Yahoo Finance daily
2021-12-22,us,ELF,,30.71999931335449,31.2450008392334,30.57999992370605,31.190000534057617,292500,Yahoo Finance daily
2021-12-23,us,ELF,,31.32999992370605,31.75,31.06999969482422,31.6200008392334,167000,Yahoo Finance daily
2021-12-27,us,ELF,,31.489999771118164,32.220001220703125,31.459999084472656,32.13999938964844,279700,Yahoo Finance daily
2021-12-28,us,ELF,,31.8799991607666,32.220001220703125,31.739999771118164,32.040000915527344,302800,Yahoo Finance daily
2021-12-29,us,ELF,,32.029998779296875,32.5099983215332,31.96999931335449,32.380001068115234,217200,Yahoo Finance daily
2021-12-30,us,ELF,,32.290000915527344,33.29999923706055,32.290000915527344,32.619998931884766,256500,Yahoo Finance daily
2021-12-31,us,ELF,,32.58000183105469,33.26499938964844,32.58000183105469,33.209999084472656,215000,Yahoo Finance daily
2022-01-03,us,ELF,,33.2599983215332,33.630001068115234,32.689998626708984,33.16999816894531,556800,Yahoo Finance daily
2022-01-04,us,ELF,,33.119998931884766,33.529998779296875,32.4900016784668,32.5099983215332,260700,Yahoo Finance daily
2022-01-05,us,ELF,,32.33000183105469,32.4900016784668,31.489999771118164,31.56999969482422,287800,Yahoo Finance daily
2022-01-06,us,ELF,,31.34000015258789,31.700000762939453,31.190000534057617,31.46999931335449,232000,Yahoo Finance daily
2022-01-07,us,ELF,,31.38999938964844,31.88999938964844,31.059999465942383,31.06999969482422,394500,Yahoo Finance daily
2022-01-10,us,ELF,,30.850000381469727,30.93000030517578,29.84000015258789,30.350000381469727,879100,Yahoo Finance daily
2022-01-11,us,ELF,,30.38999938964844,30.729999542236328,29.96999931335449,30.420000076293945,323400,Yahoo Finance daily
2022-01-12,us,ELF,,30.3799991607666,30.61000061035156,30.040000915527344,30.540000915527344,349100,Yahoo Finance daily
2022-01-13,us,ELF,,30.700000762939453,31.170000076293945,30.11000061035156,30.15999984741211,321800,Yahoo Finance daily
2022-01-14,us,ELF,,29.780000686645508,30.030000686645508,29.270000457763672,29.700000762939453,295700,Yahoo Finance daily
2022-01-18,us,ELF,,29.270000457763672,29.315000534057617,28.01000022888184,28.100000381469727,568300,Yahoo Finance daily
2022-01-19,us,ELF,,28.11000061035156,28.3700008392334,27.559999465942383,27.56999969482422,267800,Yahoo Finance daily
2022-01-20,us,ELF,,27.729999542236328,28.3700008392334,27.270000457763672,27.32999992370605,337900,Yahoo Finance daily
2022-01-21,us,ELF,,27.34000015258789,27.665000915527344,26.920000076293945,27.09000015258789,422000,Yahoo Finance daily
2022-01-24,us,ELF,,26.57999992370605,28.040000915527344,26.145000457763672,27.959999084472656,667100,Yahoo Finance daily
2022-01-25,us,ELF,,27.170000076293945,27.989999771118164,26.700000762939453,27.65999984741211,752400,Yahoo Finance daily
2022-01-26,us,ELF,,27.950000762939453,28.559999465942383,27.18000030517578,27.420000076293945,716400,Yahoo Finance daily
2022-01-27,us,ELF,,27.690000534057617,28.19499969482422,27.3700008392334,27.6299991607666,452700,Yahoo Finance daily
2022-01-28,us,ELF,,27.600000381469727,28.13999938964844,27.040000915527344,28.11000061035156,424400,Yahoo Finance daily
2022-01-31,us,ELF,,28.049999237060547,29.57999992370605,28.0,29.559999465942383,516800,Yahoo Finance daily
2022-02-01,us,ELF,,29.440000534057617,29.950000762939453,28.86000061035156,29.780000686645508,598100,Yahoo Finance daily
2022-02-02,us,ELF,,29.959999084472656,30.34000015258789,29.18000030517578,29.56999969482422,740300,Yahoo Finance daily
2022-02-03,us,ELF,,29.950000762939453,30.649999618530277,28.020000457763672,28.520000457763672,1525700,Yahoo Finance daily
2022-02-04,us,ELF,,28.559999465942383,29.020000457763672,28.43000030517578,28.540000915527344,1013600,Yahoo Finance daily
2022-02-07,us,ELF,,28.61000061035156,28.6299991607666,28.09000015258789,28.190000534057617,414700,Yahoo Finance daily
2022-02-08,us,ELF,,28.239999771118164,28.56999969482422,28.0049991607666,28.40999984741211,442000,Yahoo Finance daily
2022-02-09,us,ELF,,28.6200008392334,29.09000015258789,28.489999771118164,28.81999969482422,614700,Yahoo Finance daily
2022-02-10,us,ELF,,28.190000534057617,29.0,27.65999984741211,27.84000015258789,550300,Yahoo Finance daily
2022-02-11,us,ELF,,27.989999771118164,28.059999465942383,26.899999618530277,27.059999465942383,498200,Yahoo Finance daily
2022-02-14,us,ELF,,26.96999931335449,27.229999542236328,26.59000015258789,26.93000030517578,413000,Yahoo Finance daily
2022-02-15,us,ELF,,27.36000061035156,27.770000457763672,27.31999969482422,27.32999992370605,397800,Yahoo Finance daily
2022-02-16,us,ELF,,27.32999992370605,27.670000076293945,26.8799991607666,27.51000022888184,330500,Yahoo Finance daily
2022-02-17,us,ELF,,27.200000762939453,27.459999084472656,26.549999237060547,26.6200008392334,402100,Yahoo Finance daily
2022-02-18,us,ELF,,26.600000381469727,27.114999771118164,26.3700008392334,26.63999938964844,364000,Yahoo Finance daily
2022-02-22,us,ELF,,26.43000030517578,26.709999084472656,25.90999984741211,26.229999542236328,498700,Yahoo Finance daily
2022-02-23,us,ELF,,26.559999465942383,26.770000457763672,25.790000915527344,25.799999237060547,307900,Yahoo Finance daily
2022-02-24,us,ELF,,25.030000686645508,26.01000022888184,24.8799991607666,25.959999084472656,582900,Yahoo Finance daily
2022-02-25,us,ELF,,26.030000686645508,26.59000015258789,25.790000915527344,26.59000015258789,373600,Yahoo Finance daily
2022-02-28,us,ELF,,26.270000457763672,26.559999465942383,26.114999771118164,26.43000030517578,332800,Yahoo Finance daily
2022-03-01,us,ELF,,26.209999084472656,26.209999084472656,25.459999084472656,25.81999969482422,551300,Yahoo Finance daily
2022-03-02,us,ELF,,25.979999542236328,26.46999931335449,25.8799991607666,26.200000762939453,411900,Yahoo Finance daily
2022-03-03,us,ELF,,25.459999084472656,26.100000381469727,25.280000686645508,25.809999465942383,656100,Yahoo Finance daily
2022-03-04,us,ELF,,25.520000457763672,25.59000015258789,24.93000030517578,25.1200008392334,420800,Yahoo Finance daily
2022-03-07,us,ELF,,25.11000061035156,25.1299991607666,23.040000915527344,23.049999237060547,633900,Yahoo Finance daily
2022-03-08,us,ELF,,22.93000030517578,23.375,22.21500015258789,22.790000915527344,882800,Yahoo Finance daily
2022-03-09,us,ELF,,23.459999084472656,25.0,23.459999084472656,24.68000030517578,533100,Yahoo Finance daily
2022-03-10,us,ELF,,23.88999938964844,24.06999969482422,23.270000457763672,23.700000762939453,482000,Yahoo Finance daily
2022-03-11,us,ELF,,24.0,24.100000381469727,23.530000686645508,23.6200008392334,519300,Yahoo Finance daily
2022-03-14,us,ELF,,23.82999992370605,23.940000534057617,23.049999237060547,23.190000534057617,528200,Yahoo Finance daily
2022-03-15,us,ELF,,23.51000022888184,23.950000762939453,23.350000381469727,23.93000030517578,373200,Yahoo Finance daily
2022-03-16,us,ELF,,24.25,25.07999992370605,24.25,25.059999465942383,381900,Yahoo Finance daily
2022-03-17,us,ELF,,24.799999237060547,25.43000030517578,24.799999237060547,25.229999542236328,310900,Yahoo Finance daily
2022-03-18,us,ELF,,25.15999984741211,26.0,24.950000762939453,25.920000076293945,471500,Yahoo Finance daily
2022-03-21,us,ELF,,25.799999237060547,25.88999938964844,25.049999237060547,25.36000061035156,306300,Yahoo Finance daily
2022-03-22,us,ELF,,25.540000915527344,26.030000686645508,25.40999984741211,25.959999084472656,285200,Yahoo Finance daily
2022-03-23,us,ELF,,25.56999969482422,25.729999542236328,25.170000076293945,25.309999465942383,334000,Yahoo Finance daily
2022-03-24,us,ELF,,25.3700008392334,25.559999465942383,25.15999984741211,25.549999237060547,194800,Yahoo Finance daily
2022-03-25,us,ELF,,25.6299991607666,25.82999992370605,25.149999618530277,25.34000015258789,248200,Yahoo Finance daily
2022-03-28,us,ELF,,25.450000762939453,25.450000762939453,24.65999984741211,25.25,490000,Yahoo Finance daily
2022-03-29,us,ELF,,26.059999465942383,26.540000915527344,25.559999465942383,26.459999084472656,357100,Yahoo Finance daily
2022-03-30,us,ELF,,26.049999237060547,26.36000061035156,25.7549991607666,25.809999465942383,281400,Yahoo Finance daily
2022-03-31,us,ELF,,25.649999618530277,25.93000030517578,25.43000030517578,25.82999992370605,608500,Yahoo Finance daily
2022-04-01,us,ELF,,26.1299991607666,26.309999465942383,25.71999931335449,26.299999237060547,515200,Yahoo Finance daily
2022-04-04,us,ELF,,26.34000015258789,26.59000015258789,25.940000534057617,26.309999465942383,294500,Yahoo Finance daily
2022-04-05,us,ELF,,26.11000061035156,26.56999969482422,25.989999771118164,26.100000381469727,296300,Yahoo Finance daily
2022-04-06,us,ELF,,25.8799991607666,26.049999237060547,25.51000022888184,25.90999984741211,396300,Yahoo Finance daily
2022-04-07,us,ELF,,26.020000457763672,26.18000030517578,25.280000686645508,25.76000022888184,418500,Yahoo Finance daily
2022-04-08,us,ELF,,25.670000076293945,26.239999771118164,25.25,25.88999938964844,340600,Yahoo Finance daily
2022-04-11,us,ELF,,25.76000022888184,26.21999931335449,25.56999969482422,25.700000762939453,275200,Yahoo Finance daily
2022-04-12,us,ELF,,26.06999969482422,26.65999984741211,25.38999938964844,25.530000686645508,318300,Yahoo Finance daily
2022-04-13,us,ELF,,25.420000076293945,26.049999237060547,25.420000076293945,25.8700008392334,245100,Yahoo Finance daily
2022-04-14,us,ELF,,25.959999084472656,26.399999618530277,25.57999992370605,25.600000381469727,246200,Yahoo Finance daily
2022-04-18,us,ELF,,25.600000381469727,25.770000457763672,25.100000381469727,25.26000022888184,212600,Yahoo Finance daily
2022-04-19,us,ELF,,24.93000030517578,25.899999618530277,24.799999237060547,25.709999084472656,243200,Yahoo Finance daily
2022-04-20,us,ELF,,26.0,26.1299991607666,25.770000457763672,25.940000534057617,250100,Yahoo Finance daily
2022-04-21,us,ELF,,26.32999992370605,26.420000076293945,24.82999992370605,24.84000015258789,328600,Yahoo Finance daily
2022-04-22,us,ELF,,24.780000686645508,24.959999084472656,23.440000534057617,23.520000457763672,547600,Yahoo Finance daily
2022-04-25,us,ELF,,23.38999938964844,24.40999984741211,22.780000686645508,24.3799991607666,568400,Yahoo Finance daily
2022-04-26,us,ELF,,24.21999931335449,24.40999984741211,23.690000534057617,23.76000022888184,364300,Yahoo Finance daily
2022-04-27,us,ELF,,23.59000015258789,24.030000686645508,23.40999984741211,23.709999084472656,486200,Yahoo Finance daily
2022-04-28,us,ELF,,24.040000915527344,24.86000061035156,23.375,24.61000061035156,512100,Yahoo Finance daily
2022-04-29,us,ELF,,24.290000915527344,25.13999938964844,24.170000076293945,24.32999992370605,385000,Yahoo Finance daily
2022-05-02,us,ELF,,24.399999618530277,24.399999618530277,23.440000534057617,24.290000915527344,354500,Yahoo Finance daily
2022-05-03,us,ELF,,23.989999771118164,24.38999938964844,23.51000022888184,24.01000022888184,593200,Yahoo Finance daily
2022-05-04,us,ELF,,23.989999771118164,24.57999992370605,23.290000915527344,24.530000686645508,312300,Yahoo Finance daily
2022-05-05,us,ELF,,24.06999969482422,24.36000061035156,22.808000564575195,23.299999237060547,368900,Yahoo Finance daily
2022-05-06,us,ELF,,23.290000915527344,23.290000915527344,22.399999618530277,22.850000381469727,325300,Yahoo Finance daily
2022-05-09,us,ELF,,22.56999969482422,22.979999542236328,22.420000076293945,22.51000022888184,368600,Yahoo Finance daily
2022-05-10,us,ELF,,22.799999237060547,22.815000534057617,21.71999931335449,22.399999618530277,454600,Yahoo Finance daily
2022-05-11,us,ELF,,22.440000534057617,22.899999618530277,21.96500015258789,22.020000457763672,403000,Yahoo Finance daily
2022-05-12,us,ELF,,22.020000457763672,22.8700008392334,21.82999992370605,22.459999084472656,382200,Yahoo Finance daily
2022-05-13,us,ELF,,22.739999771118164,23.989999771118164,22.739999771118164,23.71999931335449,602700,Yahoo Finance daily
2022-05-16,us,ELF,,23.780000686645508,23.950000762939453,23.07999992370605,23.1200008392334,414300,Yahoo Finance daily
2022-05-17,us,ELF,,23.6200008392334,23.93000030517578,23.170000076293945,23.700000762939453,470700,Yahoo Finance daily
2022-05-18,us,ELF,,23.200000762939453,23.200000762939453,21.459999084472656,21.6200008392334,712400,Yahoo Finance daily
2022-05-19,us,ELF,,21.280000686645508,21.84000015258789,21.190000534057617,21.399999618530277,534700,Yahoo Finance daily
2022-05-20,us,ELF,,21.71999931335449,21.809999465942383,20.489999771118164,21.25,674700,Yahoo Finance daily
2022-05-23,us,ELF,,21.57999992370605,21.75,21.100000381469727,21.690000534057617,438600,Yahoo Finance daily
2022-05-24,us,ELF,,21.399999618530277,21.56999969482422,20.700000762939453,21.049999237060547,834800,Yahoo Finance daily
2022-05-25,us,ELF,,20.93000030517578,22.239999771118164,20.88999938964844,22.149999618530277,887800,Yahoo Finance daily
2022-05-26,us,ELF,,22.96999931335449,24.770000457763672,22.96999931335449,24.6299991607666,1021300,Yahoo Finance daily
2022-05-27,us,ELF,,24.8700008392334,26.200000762939453,24.850000381469727,25.979999542236328,1199100,Yahoo Finance daily
2022-05-31,us,ELF,,25.8700008392334,26.920000076293945,25.57999992370605,26.6200008392334,1164100,Yahoo Finance daily
2022-06-01,us,ELF,,26.61000061035156,26.61000061035156,25.81999969482422,26.31999969482422,529400,Yahoo Finance daily
2022-06-02,us,ELF,,26.46999931335449,27.559999465942383,26.13999938964844,27.309999465942383,682700,Yahoo Finance daily
2022-06-03,us,ELF,,26.489999771118164,26.65999984741211,25.8700008392334,26.420000076293945,728200,Yahoo Finance daily
2022-06-06,us,ELF,,26.540000915527344,26.540000915527344,25.81999969482422,26.290000915527344,482900,Yahoo Finance daily
2022-06-07,us,ELF,,25.700000762939453,27.71999931335449,25.56999969482422,27.6299991607666,799700,Yahoo Finance daily
2022-06-08,us,ELF,,27.350000381469727,27.649999618530277,26.690000534057617,26.690000534057617,450900,Yahoo Finance daily
2022-06-09,us,ELF,,26.459999084472656,26.989999771118164,26.149999618530277,26.290000915527344,499000,Yahoo Finance daily
2022-06-10,us,ELF,,25.690000534057617,26.90999984741211,25.540000915527344,26.600000381469727,572200,Yahoo Finance daily
2022-06-13,us,ELF,,25.709999084472656,26.040000915527344,24.6200008392334,24.71999931335449,488800,Yahoo Finance daily
2022-06-14,us,ELF,,24.75,25.850000381469727,24.63999938964844,25.63999938964844,586300,Yahoo Finance daily
2022-06-15,us,ELF,,25.8799991607666,26.76000022888184,25.8799991607666,26.32999992370605,500200,Yahoo Finance daily
2022-06-16,us,ELF,,25.649999618530277,25.86000061035156,25.34000015258789,25.5,471800,Yahoo Finance daily
2022-06-17,us,ELF,,25.63999938964844,26.229999542236328,25.43000030517578,25.6299991607666,604700,Yahoo Finance daily
2022-06-21,us,ELF,,26.11000061035156,26.75,25.7549991607666,26.51000022888184,378500,Yahoo Finance daily
2022-06-22,us,ELF,,26.239999771118164,27.100000381469727,26.15999984741211,26.700000762939453,424400,Yahoo Finance daily
2022-06-23,us,ELF,,26.8799991607666,27.350000381469727,26.732999801635746,27.200000762939453,551900,Yahoo Finance daily
2022-06-24,us,ELF,,27.6299991607666,28.34000015258789,27.6299991607666,28.32999992370605,1005100,Yahoo Finance daily
2022-06-27,us,ELF,,28.82999992370605,29.020000457763672,28.07999992370605,29.020000457763672,787300,Yahoo Finance daily
2022-06-28,us,ELF,,29.15999984741211,29.56999969482422,28.56999969482422,28.61000061035156,500000,Yahoo Finance daily
2022-06-29,us,ELF,,28.559999465942383,28.65999984741211,27.93000030517578,28.530000686645508,388300,Yahoo Finance daily
2022-06-30,us,ELF,,28.479999542236328,31.190000534057617,28.32999992370605,30.68000030517578,1898500,Yahoo Finance daily
2022-07-01,us,ELF,,30.3700008392334,30.6299991607666,29.34000015258789,30.6200008392334,869900,Yahoo Finance daily
2022-07-05,us,ELF,,30.1200008392334,32.900001525878906,30.0,32.88999938964844,1096100,Yahoo Finance daily
2022-07-06,us,ELF,,32.880001068115234,33.439998626708984,32.09000015258789,32.20000076293945,727500,Yahoo Finance daily
2022-07-07,us,ELF,,32.16999816894531,32.47999954223633,31.899999618530277,31.940000534057617,562600,Yahoo Finance daily
2022-07-08,us,ELF,,31.780000686645508,32.099998474121094,31.459999084472656,31.600000381469727,546200,Yahoo Finance daily
2022-07-11,us,ELF,,31.520000457763672,31.76000022888184,31.040000915527344,31.18000030517578,449800,Yahoo Finance daily
2022-07-12,us,ELF,,31.309999465942383,31.82999992370605,30.84000015258789,31.190000534057617,414300,Yahoo Finance daily
2022-07-13,us,ELF,,30.75,31.51499938964844,30.57999992370605,31.209999084472656,353300,Yahoo Finance daily
2022-07-14,us,ELF,,30.84000015258789,31.174999237060547,30.549999237060547,30.81999969482422,425700,Yahoo Finance daily
2022-07-15,us,ELF,,31.280000686645508,31.940000534057617,31.024999618530277,31.799999237060547,548900,Yahoo Finance daily
2022-07-18,us,ELF,,32.0,32.52000045776367,31.600000381469727,31.84000015258789,386100,Yahoo Finance daily
2022-07-19,us,ELF,,32.5,32.630001068115234,31.979999542236328,32.439998626708984,397600,Yahoo Finance daily
2022-07-20,us,ELF,,32.2599983215332,33.31999969482422,32.040000915527344,33.31999969482422,571900,Yahoo Finance daily
2022-07-21,us,ELF,,33.7400016784668,34.630001068115234,33.2400016784668,34.31999969482422,788100,Yahoo Finance daily
2022-07-22,us,ELF,,34.29999923706055,34.29999923706055,32.15999984741211,32.91999816894531,674900,Yahoo Finance daily
2022-07-25,us,ELF,,33.369998931884766,33.369998931884766,32.5099983215332,33.08000183105469,482600,Yahoo Finance daily
2022-07-26,us,ELF,,32.77000045776367,32.77000045776367,32.08300018310547,32.34000015258789,539600,Yahoo Finance daily
2022-07-27,us,ELF,,32.599998474121094,33.0099983215332,32.25,32.709999084472656,627900,Yahoo Finance daily
2022-07-28,us,ELF,,32.900001525878906,33.310001373291016,32.30899810791016,33.189998626708984,473100,Yahoo Finance daily
2022-07-29,us,ELF,,32.9900016784668,33.619998931884766,32.72999954223633,33.529998779296875,528500,Yahoo Finance daily
2022-08-01,us,ELF,,33.560001373291016,34.3390007019043,32.939998626708984,33.88999938964844,842600,Yahoo Finance daily
2022-08-02,us,ELF,,34.0099983215332,34.95000076293945,33.75,34.06999969482422,518800,Yahoo Finance daily
2022-08-03,us,ELF,,34.11000061035156,34.56700134277344,33.68000030517578,33.869998931884766,590900,Yahoo Finance daily
2022-08-04,us,ELF,,36.45000076293945,36.7400016784668,34.7599983215332,36.18000030517578,1978200,Yahoo Finance daily
2022-08-05,us,ELF,,35.31999969482422,37.77000045776367,35.11000061035156,37.45000076293945,1064400,Yahoo Finance daily
2022-08-08,us,ELF,,37.650001525878906,38.16999816894531,36.84999847412109,37.22999954223633,882100,Yahoo Finance daily
2022-08-09,us,ELF,,37.08000183105469,37.18000030517578,36.27999877929688,36.54999923706055,831100,Yahoo Finance daily
2022-08-10,us,ELF,,37.27999877929688,37.334999084472656,35.869998931884766,36.47999954223633,947800,Yahoo Finance daily
2022-08-11,us,ELF,,36.7400016784668,37.040000915527344,36.29499816894531,36.40999984741211,665300,Yahoo Finance daily
2022-08-12,us,ELF,,36.02999877929688,36.77000045776367,35.880001068115234,36.70000076293945,646500,Yahoo Finance daily
2022-08-15,us,ELF,,36.41999816894531,37.93000030517578,36.41999816894531,37.93000030517578,828100,Yahoo Finance daily
2022-08-16,us,ELF,,37.68000030517578,37.9900016784668,37.38100051879883,37.68000030517578,609400,Yahoo Finance daily
2022-08-17,us,ELF,,37.5,37.90999984741211,37.290000915527344,37.61000061035156,428500,Yahoo Finance daily
2022-08-18,us,ELF,,37.36000061035156,38.45000076293945,37.31999969482422,38.41999816894531,461700,Yahoo Finance daily
2022-08-19,us,ELF,,38.130001068115234,38.130001068115234,37.47999954223633,37.90999984741211,451000,Yahoo Finance daily
2022-08-22,us,ELF,,37.45000076293945,37.834999084472656,37.20000076293945,37.5,430000,Yahoo Finance daily
2022-08-23,us,ELF,,37.540000915527344,37.82699966430664,37.33000183105469,37.470001220703125,366600,Yahoo Finance daily
2022-08-24,us,ELF,,37.52000045776367,38.52000045776367,37.44499969482422,38.09999847412109,840200,Yahoo Finance daily
2022-08-25,us,ELF,,38.11000061035156,38.90999984741211,37.95000076293945,38.40999984741211,526200,Yahoo Finance daily
2022-08-26,us,ELF,,38.47999954223633,38.78900146484375,36.75,36.97999954223633,486800,Yahoo Finance daily
2022-08-29,us,ELF,,36.380001068115234,37.30500030517578,36.125,36.91999816894531,377300,Yahoo Finance daily
2022-08-30,us,ELF,,36.9900016784668,37.93000030517578,36.68000030517578,37.900001525878906,646800,Yahoo Finance daily
2022-08-31,us,ELF,,37.959999084472656,38.900001525878906,37.650001525878906,38.130001068115234,925000,Yahoo Finance daily
2022-09-01,us,ELF,,37.95000076293945,38.48500061035156,37.18000030517578,38.43999862670898,625900,Yahoo Finance daily
2022-09-02,us,ELF,,38.84000015258789,39.209999084472656,38.04399871826172,38.31999969482422,658200,Yahoo Finance daily
2022-09-06,us,ELF,,38.45000076293945,38.72999954223633,37.22999954223633,37.9900016784668,576200,Yahoo Finance daily
2022-09-07,us,ELF,,38.08000183105469,39.15499877929688,37.29999923706055,39.02999877929688,641900,Yahoo Finance daily
2022-09-08,us,ELF,,38.68999862670898,39.5,38.45000076293945,38.95000076293945,634800,Yahoo Finance daily
2022-09-09,us,ELF,,38.970001220703125,39.4010009765625,38.665000915527344,38.880001068115234,558900,Yahoo Finance daily
2022-09-12,us,ELF,,38.84999847412109,39.290000915527344,38.709999084472656,38.97999954223633,416800,Yahoo Finance daily
2022-09-13,us,ELF,,38.11000061035156,38.720001220703125,37.84999847412109,38.20000076293945,449500,Yahoo Finance daily
2022-09-14,us,ELF,,38.47999954223633,40.5,38.040000915527344,40.47999954223633,812900,Yahoo Finance daily
2022-09-15,us,ELF,,40.650001525878906,40.88999938964844,39.47999954223633,40.400001525878906,594800,Yahoo Finance daily
2022-09-16,us,ELF,,40.09999847412109,40.09999847412109,38.95000076293945,39.369998931884766,851300,Yahoo Finance daily
2022-09-19,us,ELF,,39.09999847412109,39.84999847412109,39.06999969482422,39.5099983215332,520100,Yahoo Finance daily
2022-09-20,us,ELF,,39.220001220703125,39.68999862670898,39.02999877929688,39.52000045776367,396600,Yahoo Finance daily
2022-09-21,us,ELF,,40.470001220703125,41.310001373291016,39.7400016784668,39.81999969482422,868800,Yahoo Finance daily
2022-09-22,us,ELF,,40.11000061035156,40.11000061035156,39.04999923706055,39.40999984741211,494400,Yahoo Finance daily
2022-09-23,us,ELF,,38.81999969482422,39.20199966430664,37.83700180053711,38.65999984741211,792400,Yahoo Finance daily
2022-09-26,us,ELF,,38.5099983215332,39.7599983215332,38.29999923706055,38.75,535100,Yahoo Finance daily
2022-09-27,us,ELF,,39.27000045776367,39.630001068115234,37.43999862670898,37.5,777600,Yahoo Finance daily
2022-09-28,us,ELF,,37.68000030517578,38.54999923706055,37.2400016784668,38.27999877929688,618700,Yahoo Finance daily
2022-09-29,us,ELF,,37.880001068115234,37.880001068115234,37.060001373291016,37.54999923706055,381900,Yahoo Finance daily
2022-09-30,us,ELF,,37.34000015258789,38.70000076293945,36.77000045776367,37.619998931884766,711700,Yahoo Finance daily
2022-10-03,us,ELF,,38.0099983215332,38.81999969482422,37.334999084472656,38.59000015258789,628900,Yahoo Finance daily
2022-10-04,us,ELF,,39.310001373291016,40.084999084472656,38.959999084472656,39.68000030517578,548500,Yahoo Finance daily
2022-10-05,us,ELF,,39.220001220703125,39.275001525878906,37.970001220703125,39.02999877929688,459200,Yahoo Finance daily
2022-10-06,us,ELF,,38.869998931884766,39.43000030517578,38.68000030517578,38.70000076293945,387300,Yahoo Finance daily
2022-10-07,us,ELF,,38.5,38.617000579833984,38.060001373291016,38.27000045776367,440100,Yahoo Finance daily
2022-10-10,us,ELF,,38.130001068115234,38.20000076293945,37.30500030517578,37.4900016784668,570900,Yahoo Finance daily
2022-10-11,us,ELF,,39.0,40.91999816894531,38.810001373291016,39.7400016784668,1707700,Yahoo Finance daily
2022-10-12,us,ELF,,39.810001373291016,40.560001373291016,39.31999969482422,40.08000183105469,813000,Yahoo Finance daily
2022-10-13,us,ELF,,39.31999969482422,40.34999847412109,38.77000045776367,39.810001373291016,444900,Yahoo Finance daily
2022-10-14,us,ELF,,40.209999084472656,40.5,39.25,39.380001068115234,404200,Yahoo Finance daily
2022-10-17,us,ELF,,40.09000015258789,41.90999984741211,40.0099983215332,41.5,855000,Yahoo Finance daily
2022-10-18,us,ELF,,42.2400016784668,43.34999847412109,41.79999923706055,41.84999847412109,835200,Yahoo Finance daily
2022-10-19,us,ELF,,41.68000030517578,41.77000045776367,40.09000015258789,40.16999816894531,600500,Yahoo Finance daily
2022-10-20,us,ELF,,40.060001373291016,40.970001220703125,39.86299896240234,40.08000183105469,459000,Yahoo Finance daily
2022-10-21,us,ELF,,40.560001373291016,41.560001373291016,40.06999969482422,41.560001373291016,449100,Yahoo Finance daily
2022-10-24,us,ELF,,41.58000183105469,41.81999969482422,40.64500045776367,41.65999984741211,478000,Yahoo Finance daily
2022-10-25,us,ELF,,42.04999923706055,43.84000015258789,42.04999923706055,43.36000061035156,730900,Yahoo Finance daily
2022-10-26,us,ELF,,43.09000015258789,43.7599983215332,42.130001068115234,42.16999816894531,588700,Yahoo Finance daily
2022-10-27,us,ELF,,42.290000915527344,43.54999923706055,42.15999984741211,42.95000076293945,665200,Yahoo Finance daily
2022-10-28,us,ELF,,42.880001068115234,43.86000061035156,42.59999847412109,43.81999969482422,707200,Yahoo Finance daily
2022-10-31,us,ELF,,43.81999969482422,44.06999969482422,43.13999938964844,43.2599983215332,652400,Yahoo Finance daily
2022-11-01,us,ELF,,43.54999923706055,44.22999954223633,42.93000030517578,43.70000076293945,551300,Yahoo Finance daily
2022-11-02,us,ELF,,42.5,43.63999938964844,41.52000045776367,41.65999984741211,883000,Yahoo Finance daily
2022-11-03,us,ELF,,45.310001373291016,48.43999862670898,44.27999877929688,48.09000015258789,2709900,Yahoo Finance daily
2022-11-04,us,ELF,,49.209999084472656,49.9900016784668,47.2400016784668,48.63999938964844,930000,Yahoo Finance daily
2022-11-07,us,ELF,,48.810001373291016,50.18000030517578,48.45000076293945,50.119998931884766,839700,Yahoo Finance daily
2022-11-08,us,ELF,,50.2599983215332,51.150001525878906,49.709999084472656,50.4900016784668,733900,Yahoo Finance daily
2022-11-09,us,ELF,,50.380001068115234,50.470001220703125,49.43000030517578,49.75,528300,Yahoo Finance daily
2022-11-10,us,ELF,,51.220001220703125,52.01499938964844,50.65999984741211,51.56999969482422,689100,Yahoo Finance daily
2022-11-11,us,ELF,,51.72999954223633,52.04999923706055,49.369998931884766,49.59000015258789,839400,Yahoo Finance daily
2022-11-14,us,ELF,,49.650001525878906,50.9900016784668,49.02000045776367,50.16999816894531,769800,Yahoo Finance daily
2022-11-15,us,ELF,,51.02999877929688,52.630001068115234,50.930999755859375,51.75,618300,Yahoo Finance daily
2022-11-16,us,ELF,,52.43000030517578,53.35499954223633,51.59999847412109,52.91999816894531,608200,Yahoo Finance daily
2022-11-17,us,ELF,,52.75,53.68000030517578,52.2400016784668,52.709999084472656,749200,Yahoo Finance daily
2022-11-18,us,ELF,,53.54999923706055,55.43000030517578,53.0,54.90999984741211,806400,Yahoo Finance daily
2022-11-21,us,ELF,,55.09000015258789,55.709999084472656,54.040000915527344,54.41999816894531,663200,Yahoo Finance daily
2022-11-22,us,ELF,,54.68000030517578,55.040000915527344,52.79999923706055,54.29999923706055,764500,Yahoo Finance daily
2022-11-23,us,ELF,,54.459999084472656,55.880001068115234,54.220001220703125,54.91999816894531,415400,Yahoo Finance daily
2022-11-25,us,ELF,,54.75,55.70000076293945,54.52000045776367,55.5099983215332,175300,Yahoo Finance daily
2022-11-28,us,ELF,,55.369998931884766,56.92499923706055,55.220001220703125,55.47999954223633,536500,Yahoo Finance daily
2022-11-29,us,ELF,,55.290000915527344,55.4900016784668,53.54199981689453,53.68000030517578,884000,Yahoo Finance daily
2022-11-30,us,ELF,,53.66999816894531,55.275001525878906,53.380001068115234,54.959999084472656,840700,Yahoo Finance daily
2022-12-01,us,ELF,,54.880001068115234,55.90299987792969,54.505001068115234,55.400001525878906,657100,Yahoo Finance daily
2022-12-02,us,ELF,,55.04999923706055,55.56999969482422,54.70000076293945,55.2599983215332,734700,Yahoo Finance daily
2022-12-05,us,ELF,,54.56999969482422,55.04999923706055,53.68000030517578,53.93000030517578,760200,Yahoo Finance daily
2022-12-06,us,ELF,,54.02999877929688,55.65999984741211,53.97999954223633,54.810001373291016,820300,Yahoo Finance daily
2022-12-07,us,ELF,,54.58000183105469,54.95000076293945,54.09999847412109,54.5,504600,Yahoo Finance daily
2022-12-08,us,ELF,,54.91999816894531,55.63999938964844,54.41999816894531,55.06999969482422,550800,Yahoo Finance daily
2022-12-09,us,ELF,,54.63999938964844,55.02000045776367,53.77999877929688,53.81999969482422,443600,Yahoo Finance daily
2022-12-12,us,ELF,,53.83000183105469,54.66999816894531,52.369998931884766,54.59000015258789,570500,Yahoo Finance daily
2022-12-13,us,ELF,,56.09999847412109,56.62300109863281,54.75,55.810001373291016,723500,Yahoo Finance daily
2022-12-14,us,ELF,,55.810001373291016,56.7869987487793,55.18999862670898,56.310001373291016,461500,Yahoo Finance daily
2022-12-15,us,ELF,,55.40999984741211,56.09000015258789,55.13999938964844,55.5,493500,Yahoo Finance daily
2022-12-16,us,ELF,,54.86000061035156,55.68000030517578,54.209999084472656,54.95000076293945,774400,Yahoo Finance daily
2022-12-19,us,ELF,,54.9900016784668,55.15800094604492,52.880001068115234,52.970001220703125,543200,Yahoo Finance daily
2022-12-20,us,ELF,,52.79999923706055,53.900001525878906,52.34000015258789,53.77999877929688,608300,Yahoo Finance daily
2022-12-21,us,ELF,,54.43000030517578,55.130001068115234,54.15999984741211,54.63999938964844,326900,Yahoo Finance daily
2022-12-22,us,ELF,,54.130001068115234,55.31800079345703,53.755001068115234,55.02000045776367,374500,Yahoo Finance daily
2022-12-23,us,ELF,,54.84999847412109,54.93000030517578,54.20000076293945,54.47999954223633,236600,Yahoo Finance daily
2022-12-27,us,ELF,,54.47999954223633,55.95000076293945,54.32799911499024,55.47999954223633,393200,Yahoo Finance daily
2022-12-28,us,ELF,,55.380001068115234,55.65599822998047,54.75,55.59000015258789,414000,Yahoo Finance daily
2022-12-29,us,ELF,,56.0,56.51800155639648,55.0099983215332,55.68000030517578,550200,Yahoo Finance daily
2022-12-30,us,ELF,,55.31999969482422,55.459999084472656,54.56999969482422,55.29999923706055,401700,Yahoo Finance daily
2023-01-03,us,ELF,,56.16999816894531,56.959999084472656,54.900001525878906,55.34000015258789,614400,Yahoo Finance daily
2023-01-04,us,ELF,,55.060001373291016,57.0,55.060001373291016,55.970001220703125,565600,Yahoo Finance daily
2023-01-05,us,ELF,,55.86000061035156,56.45500183105469,55.0,55.61000061035156,815900,Yahoo Finance daily
2023-01-06,us,ELF,,56.040000915527344,58.7599983215332,55.90299987792969,58.04999923706055,1604400,Yahoo Finance daily
2023-01-09,us,ELF,,57.95000076293945,58.4900016784668,55.59999847412109,55.7599983215332,1949400,Yahoo Finance daily
2023-01-10,us,ELF,,55.5,55.68999862670898,51.04999923706055,51.150001525878906,2456300,Yahoo Finance daily
2023-01-11,us,ELF,,51.0099983215332,51.290000915527344,48.4640007019043,49.20000076293945,2353200,Yahoo Finance daily
2023-01-12,us,ELF,,49.2400016784668,50.619998931884766,48.09999847412109,49.9900016784668,1278400,Yahoo Finance daily
2023-01-13,us,ELF,,50.59000015258789,53.25,50.20500183105469,52.75,1121300,Yahoo Finance daily
2023-01-17,us,ELF,,52.65999984741211,54.09999847412109,52.54999923706055,53.619998931884766,687700,Yahoo Finance daily
2023-01-18,us,ELF,,54.11000061035156,54.70000076293945,53.0,53.63999938964844,579500,Yahoo Finance daily
2023-01-19,us,ELF,,53.630001068115234,54.29999923706055,52.560001373291016,52.65999984741211,482500,Yahoo Finance daily
2023-01-20,us,ELF,,53.13999938964844,54.17499923706055,52.630001068115234,54.16999816894531,442800,Yahoo Finance daily
2023-01-23,us,ELF,,54.09000015258789,54.91999816894531,53.66999816894531,54.0,738700,Yahoo Finance daily
2023-01-24,us,ELF,,53.43000030517578,55.470001220703125,52.869998931884766,55.150001525878906,764800,Yahoo Finance daily
2023-01-25,us,ELF,,54.75,56.345001220703125,54.75,56.29999923706055,461300,Yahoo Finance daily
2023-01-26,us,ELF,,56.86000061035156,57.93000030517578,56.650001525878906,57.90999984741211,584000,Yahoo Finance daily
2023-01-27,us,ELF,,57.880001068115234,58.209999084472656,56.47999954223633,56.65999984741211,492400,Yahoo Finance daily
2023-01-30,us,ELF,,56.75,58.13999938964844,56.68999862670898,57.08000183105469,606200,Yahoo Finance daily
2023-01-31,us,ELF,,57.27000045776367,58.150001525878906,56.65999984741211,57.54999923706055,558600,Yahoo Finance daily
2023-02-01,us,ELF,,57.38999938964844,58.58000183105469,56.5,58.5099983215332,1020400,Yahoo Finance daily
2023-02-02,us,ELF,,69.26000213623047,69.29900360107422,62.34999847412109,67.29000091552734,3590100,Yahoo Finance daily
2023-02-03,us,ELF,,67.25,71.62000274658203,67.0,69.73999786376953,1825800,Yahoo Finance daily
2023-02-06,us,ELF,,69.54000091552734,70.5530014038086,67.4000015258789,68.66999816894531,1008000,Yahoo Finance daily
2023-02-07,us,ELF,,68.44999694824219,72.19999694824219,68.44999694824219,72.02999877929688,1247900,Yahoo Finance daily
2023-02-08,us,ELF,,71.80999755859375,72.1500015258789,70.44999694824219,71.56999969482422,778000,Yahoo Finance daily
2023-02-09,us,ELF,,72.62000274658203,73.0,71.55000305175781,72.81999969482422,697500,Yahoo Finance daily
2023-02-10,us,ELF,,71.91000366210938,72.8499984741211,71.23999786376953,71.31999969482422,560800,Yahoo Finance daily
2023-02-13,us,ELF,,71.5999984741211,73.83999633789062,71.41000366210938,73.44000244140625,588200,Yahoo Finance daily
2023-02-14,us,ELF,,73.0,75.41000366210938,72.66000366210938,73.7699966430664,621000,Yahoo Finance daily
2023-02-15,us,ELF,,73.25,74.9800033569336,72.7699966430664,74.62999725341797,455900,Yahoo Finance daily
2023-02-16,us,ELF,,74.12000274658203,75.12000274658203,73.6050033569336,74.0,436100,Yahoo Finance daily
2023-02-17,us,ELF,,73.81999969482422,74.37000274658203,73.01499938964844,73.6500015258789,636300,Yahoo Finance daily
2023-02-21,us,ELF,,72.66999816894531,73.72000122070312,71.72000122070312,73.19000244140625,709900,Yahoo Finance daily
2023-02-22,us,ELF,,73.63999938964844,73.63999938964844,71.93000030517578,73.12000274658203,607900,Yahoo Finance daily
2023-02-23,us,ELF,,72.91999816894531,74.12000274658203,72.91999816894531,73.75,531200,Yahoo Finance daily
2023-02-24,us,ELF,,72.75,73.83499908447266,72.25,73.33999633789062,454200,Yahoo Finance daily
2023-02-27,us,ELF,,73.66000366210938,74.43000030517578,73.18000030517578,74.06999969482422,866700,Yahoo Finance daily
2023-02-28,us,ELF,,73.68000030517578,75.7699966430664,73.54000091552734,74.75,914100,Yahoo Finance daily
2023-03-01,us,ELF,,75.06999969482422,75.41999816894531,73.44999694824219,74.19000244140625,570700,Yahoo Finance daily
2023-03-02,us,ELF,,72.83999633789062,75.77999877929688,71.63999938964844,75.22000122070312,954500,Yahoo Finance daily
2023-03-03,us,ELF,,75.44999694824219,76.01000213623047,74.5199966430664,75.19000244140625,1076900,Yahoo Finance daily
2023-03-06,us,ELF,,74.83999633789062,74.83999633789062,71.05000305175781,72.08000183105469,1947000,Yahoo Finance daily
2023-03-07,us,ELF,,71.0,74.08899688720703,70.25,73.69999694824219,1569900,Yahoo Finance daily
2023-03-08,us,ELF,,73.69999694824219,74.38999938964844,73.30999755859375,74.01000213623047,743700,Yahoo Finance daily
2023-03-09,us,ELF,,74.05000305175781,74.30000305175781,70.63999938964844,71.12999725341797,1309300,Yahoo Finance daily
2023-03-10,us,ELF,,71.0,71.30000305175781,69.55999755859375,69.56999969482422,1143500,Yahoo Finance daily
2023-03-13,us,ELF,,68.36000061035156,70.35299682617188,67.58999633789062,69.58000183105469,1586600,Yahoo Finance daily
2023-03-14,us,ELF,,71.33999633789062,72.5999984741211,70.63999938964844,72.0199966430664,767400,Yahoo Finance daily
2023-03-15,us,ELF,,71.66999816894531,73.7699966430664,71.02999877929688,73.33000183105469,1034300,Yahoo Finance daily
2023-03-16,us,ELF,,73.11000061035156,74.44000244140625,71.94000244140625,74.31999969482422,805900,Yahoo Finance daily
2023-03-17,us,ELF,,73.87999725341797,74.31999969482422,72.27999877929688,72.47000122070312,1227900,Yahoo Finance daily
2023-03-20,us,ELF,,73.06999969482422,74.9800033569336,72.62999725341797,74.51000213623047,660800,Yahoo Finance daily
2023-03-21,us,ELF,,75.0,75.77999877929688,73.08000183105469,74.30999755859375,1008100,Yahoo Finance daily
2023-03-22,us,ELF,,74.22000122070312,74.69999694824219,73.08000183105469,73.11000061035156,508700,Yahoo Finance daily
2023-03-23,us,ELF,,74.62999725341797,76.18000030517578,73.87000274658203,75.19000244140625,702400,Yahoo Finance daily
2023-03-24,us,ELF,,75.48999786376953,79.12300109863281,75.35399627685547,78.4800033569336,1390200,Yahoo Finance daily
2023-03-27,us,ELF,,78.52999877929688,79.87999725341797,77.36000061035156,79.30999755859375,782700,Yahoo Finance daily
2023-03-28,us,ELF,,79.38999938964844,80.47000122070312,78.70999908447266,79.70999908447266,724400,Yahoo Finance daily
2023-03-29,us,ELF,,80.4000015258789,81.62999725341797,79.3550033569336,80.41999816894531,978100,Yahoo Finance daily
2023-03-30,us,ELF,,80.06999969482422,81.0,78.62000274658203,78.91999816894531,691400,Yahoo Finance daily
2023-03-31,us,ELF,,80.75,83.94000244140625,80.53500366210938,82.3499984741211,1399800,Yahoo Finance daily
2023-04-03,us,ELF,,81.83999633789062,83.72000122070312,80.94999694824219,83.29000091552734,841100,Yahoo Finance daily
2023-04-04,us,ELF,,83.19000244140625,83.80999755859375,81.95999908447266,82.41999816894531,508000,Yahoo Finance daily
2023-04-05,us,ELF,,82.16000366210938,82.16000366210938,78.88999938964844,80.37999725341797,803400,Yahoo Finance daily
2023-04-06,us,ELF,,80.44000244140625,81.38999938964844,79.62000274658203,81.3499984741211,447800,Yahoo Finance daily
2023-04-10,us,ELF,,81.27999877929688,84.4229965209961,81.01000213623047,84.02999877929688,1014100,Yahoo Finance daily
2023-04-11,us,ELF,,84.13999938964844,85.5999984741211,83.86100006103516,84.16000366210938,753100,Yahoo Finance daily
2023-04-12,us,ELF,,84.16999816894531,86.16999816894531,83.9000015258789,85.61000061035156,917300,Yahoo Finance daily
2023-04-13,us,ELF,,86.0999984741211,87.58999633789062,85.08999633789062,87.12999725341797,733500,Yahoo Finance daily
2023-04-14,us,ELF,,87.33000183105469,90.43000030517578,87.30000305175781,90.13999938964844,1076300,Yahoo Finance daily
2023-04-17,us,ELF,,90.05000305175781,91.52999877929688,89.7300033569336,90.73999786376952,990900,Yahoo Finance daily
2023-04-18,us,ELF,,91.5500030517578,94.02999877929688,91.4000015258789,92.58000183105467,944200,Yahoo Finance daily
2023-04-19,us,ELF,,93.01000213623048,94.69000244140624,92.37000274658205,93.02999877929688,992200,Yahoo Finance daily
2023-04-20,us,ELF,,93.48999786376952,96.62000274658205,93.2509994506836,95.33000183105467,1025900,Yahoo Finance daily
2023-04-21,us,ELF,,95.68000030517578,96.8499984741211,94.38999938964844,96.68000030517578,987600,Yahoo Finance daily
2023-04-24,us,ELF,,96.61000061035156,97.02999877929688,93.86000061035156,94.83999633789062,1265200,Yahoo Finance daily
2023-04-25,us,ELF,,94.3000030517578,94.83000183105467,92.06700134277344,92.38999938964844,1049000,Yahoo Finance daily
2023-04-26,us,ELF,,92.58999633789062,93.93000030517578,92.06400299072266,93.8499984741211,717600,Yahoo Finance daily
2023-04-27,us,ELF,,93.68000030517578,94.33999633789062,91.16000366210938,92.8499984741211,869900,Yahoo Finance daily
2023-04-28,us,ELF,,92.3499984741211,93.0500030517578,91.66999816894533,92.76000213623048,659700,Yahoo Finance daily
2023-05-01,us,ELF,,93.1999969482422,94.87000274658205,92.02999877929688,92.72000122070312,825300,Yahoo Finance daily
2023-05-02,us,ELF,,93.0999984741211,93.19000244140624,91.1999969482422,91.73999786376952,588300,Yahoo Finance daily
2023-05-03,us,ELF,,88.0,93.75,87.01000213623047,92.47000122070312,1302100,Yahoo Finance daily
2023-05-04,us,ELF,,92.41000366210938,92.87999725341795,88.97000122070312,89.41999816894531,863000,Yahoo Finance daily
2023-05-05,us,ELF,,89.5,90.0,87.47000122070312,88.38999938964844,1112400,Yahoo Finance daily
2023-05-08,us,ELF,,88.93000030517578,90.64900207519533,88.38999938964844,90.01000213623047,702300,Yahoo Finance daily
2023-05-09,us,ELF,,90.0999984741211,90.1999969482422,86.23999786376953,86.55000305175781,1032900,Yahoo Finance daily
2023-05-10,us,ELF,,87.05000305175781,88.99299621582031,86.5250015258789,88.47000122070312,554400,Yahoo Finance daily
2023-05-11,us,ELF,,88.5,90.05999755859375,87.7300033569336,89.56999969482422,540400,Yahoo Finance daily
2023-05-12,us,ELF,,89.80000305175781,91.63999938964844,89.62000274658203,90.29000091552734,956800,Yahoo Finance daily
2023-05-15,us,ELF,,90.29000091552734,92.95999908447266,90.22000122070312,91.55999755859376,835700,Yahoo Finance daily
2023-05-16,us,ELF,,91.0999984741211,91.20500183105467,89.0199966430664,89.06999969482422,763000,Yahoo Finance daily
2023-05-17,us,ELF,,88.7699966430664,90.51000213623048,86.87999725341797,90.13999938964844,768900,Yahoo Finance daily
2023-05-18,us,ELF,,90.33000183105467,91.62999725341795,89.80000305175781,90.61000061035156,771900,Yahoo Finance daily
2023-05-19,us,ELF,,90.94000244140624,91.0,89.0,89.80999755859375,665500,Yahoo Finance daily
2023-05-22,us,ELF,,89.62000274658203,90.08999633789062,85.6500015258789,85.94999694824219,1282000,Yahoo Finance daily
2023-05-23,us,ELF,,85.55000305175781,86.66999816894531,84.6500015258789,85.01000213623047,988200,Yahoo Finance daily
2023-05-24,us,ELF,,84.38999938964844,86.70999908447266,83.80000305175781,86.44999694824219,2039500,Yahoo Finance daily
2023-05-25,us,ELF,,95.6999969482422,104.30999755859376,94.53199768066406,104.1500015258789,4106900,Yahoo Finance daily
2023-05-26,us,ELF,,103.33000183105467,104.08999633789062,100.2300033569336,101.27999877929688,1701400,Yahoo Finance daily
2023-05-30,us,ELF,,102.26000213623048,107.1500015258789,102.26000213623048,104.93000030517578,1389000,Yahoo Finance daily
2023-05-31,us,ELF,,104.61000061035156,105.44000244140624,101.37000274658205,104.0199966430664,1276000,Yahoo Finance daily
2023-06-01,us,ELF,,104.70999908447266,106.83000183105467,104.39800262451172,106.54000091552734,917200,Yahoo Finance daily
2023-06-02,us,ELF,,103.23999786376952,106.25,102.9000015258789,105.19000244140624,1356700,Yahoo Finance daily
2023-06-05,us,ELF,,103.25,106.37999725341795,103.25,105.11000061035156,692200,Yahoo Finance daily
2023-06-06,us,ELF,,104.62999725341795,107.73500061035156,104.41000366210938,106.98999786376952,794200,Yahoo Finance daily
2023-06-07,us,ELF,,106.72000122070312,108.43000030517578,103.41999816894533,103.4800033569336,943400,Yahoo Finance daily
2023-06-08,us,ELF,,103.58000183105467,106.56999969482422,103.5,106.1999969482422,709400,Yahoo Finance daily
2023-06-09,us,ELF,,106.2300033569336,106.66000366210938,104.22000122070312,104.51000213623048,714800,Yahoo Finance daily
2023-06-12,us,ELF,,106.9800033569336,108.4499969482422,105.4000015258789,105.44000244140624,739700,Yahoo Finance daily
2023-06-13,us,ELF,,105.26000213623048,105.26000213623048,100.5199966430664,102.51000213623048,1308400,Yahoo Finance daily
2023-06-14,us,ELF,,102.12999725341795,103.91000366210938,100.23999786376952,101.93000030517578,790200,Yahoo Finance daily
2023-06-15,us,ELF,,102.27999877929688,105.11000061035156,102.27999877929688,105.0999984741211,731300,Yahoo Finance daily
2023-06-16,us,ELF,,106.80999755859376,106.91999816894533,103.01000213623048,104.08000183105467,1508000,Yahoo Finance daily
2023-06-20,us,ELF,,105.54000091552734,109.0500030517578,105.01000213623048,107.19000244140624,1186400,Yahoo Finance daily
2023-06-21,us,ELF,,107.0,113.37999725341795,106.38999938964844,111.47000122070312,1854800,Yahoo Finance daily
2023-06-22,us,ELF,,110.91999816894533,113.33000183105467,110.23999786376952,112.80999755859376,1355900,Yahoo Finance daily
2023-06-23,us,ELF,,111.94000244140624,112.44000244140624,108.43000030517578,108.4499969482422,1072300,Yahoo Finance daily
2023-06-26,us,ELF,,108.2699966430664,110.38899993896484,105.5999984741211,107.41000366210938,831500,Yahoo Finance daily
2023-06-27,us,ELF,,108.0,110.75,107.16000366210938,110.08999633789062,960600,Yahoo Finance daily
2023-06-28,us,ELF,,109.6500015258789,113.43000030517578,109.41999816894533,110.55999755859376,993100,Yahoo Finance daily
2023-06-29,us,ELF,,110.52999877929688,114.3000030517578,110.52999877929688,112.5,871300,Yahoo Finance daily
2023-06-30,us,ELF,,113.87000274658205,115.79000091552734,113.08999633789062,114.2300033569336,2545500,Yahoo Finance daily
2023-07-03,us,ELF,,114.76000213623048,114.95500183105467,112.63999938964844,113.25,340500,Yahoo Finance daily
2023-07-05,us,ELF,,113.63999938964844,114.9499969482422,112.62000274658205,114.37000274658205,1336700,Yahoo Finance daily
2023-07-06,us,ELF,,113.54000091552734,114.0199966430664,110.7699966430664,111.0999984741211,817200,Yahoo Finance daily
2023-07-07,us,ELF,,111.0999984741211,112.66000366210938,109.51000213623048,110.0,934700,Yahoo Finance daily
2023-07-10,us,ELF,,110.3499984741211,113.3000030517578,110.3499984741211,112.33999633789062,783300,Yahoo Finance daily
2023-07-11,us,ELF,,112.62000274658205,114.26000213623048,111.41999816894533,113.48999786376952,753900,Yahoo Finance daily
2023-07-12,us,ELF,,114.0,115.27999877929688,112.68499755859376,114.44000244140624,727400,Yahoo Finance daily
2023-07-13,us,ELF,,114.79000091552734,116.83999633789062,113.51000213623048,115.61000061035156,653400,Yahoo Finance daily
2023-07-14,us,ELF,,115.8499984741211,116.79000091552734,115.08999633789062,115.5999984741211,615100,Yahoo Finance daily
2023-07-17,us,ELF,,115.44000244140624,118.68000030517578,115.25,118.66000366210938,771800,Yahoo Finance daily
2023-07-18,us,ELF,,118.01000213623048,120.61000061035156,117.31999969482422,119.51000213623048,761400,Yahoo Finance daily
2023-07-19,us,ELF,,119.5,119.6999969482422,113.4499969482422,113.62999725341795,1268900,Yahoo Finance daily
2023-07-20,us,ELF,,113.04000091552734,114.5500030517578,110.5500030517578,113.72000122070312,761400,Yahoo Finance daily
2023-07-21,us,ELF,,114.8000030517578,116.2300033569336,110.18000030517578,111.62000274658205,906600,Yahoo Finance daily
2023-07-24,us,ELF,,111.62000274658205,111.62000274658205,108.01000213623048,109.36000061035156,917100,Yahoo Finance daily
2023-07-25,us,ELF,,109.66999816894533,115.16000366210938,109.66999816894533,114.0999984741211,1577000,Yahoo Finance daily
2023-07-26,us,ELF,,113.36000061035156,114.0500030517578,111.61000061035156,113.06999969482422,722500,Yahoo Finance daily
2023-07-27,us,ELF,,114.0,114.25,110.91999816894533,111.48999786376952,890600,Yahoo Finance daily
2023-07-28,us,ELF,,113.2300033569336,116.97000122070312,112.41000366210938,115.94000244140624,1204900,Yahoo Finance daily
2023-07-31,us,ELF,,116.0,117.55999755859376,115.01000213623048,116.72000122070312,1037900,Yahoo Finance daily
2023-08-01,us,ELF,,116.0,117.68000030517578,114.66000366210938,116.5,1911400,Yahoo Finance daily
2023-08-02,us,ELF,,134.60000610351562,137.47999572753906,132.0,133.19000244140625,4262900,Yahoo Finance daily
2023-08-03,us,ELF,,133.1999969482422,134.3300018310547,130.0,132.05999755859375,1544400,Yahoo Finance daily
2023-08-04,us,ELF,,133.07000732421875,133.55999755859375,126.31999969482422,128.14999389648438,1472700,Yahoo Finance daily
2023-08-07,us,ELF,,129.49000549316406,131.79400634765625,128.38999938964844,130.89999389648438,1093100,Yahoo Finance daily
2023-08-08,us,ELF,,130.27000427246094,131.9600067138672,129.4530029296875,131.52999877929688,726200,Yahoo Finance daily
2023-08-09,us,ELF,,130.80999755859375,131.3000030517578,128.875,130.9600067138672,857500,Yahoo Finance daily
2023-08-10,us,ELF,,131.57000732421875,134.25,130.85000610351562,133.22000122070312,1116200,Yahoo Finance daily
2023-08-11,us,ELF,,132.92999267578125,135.30999755859375,131.75999450683594,132.4600067138672,979400,Yahoo Finance daily
2023-08-14,us,ELF,,133.75,134.38999938964844,132.22000122070312,134.16000366210938,846100,Yahoo Finance daily
2023-08-15,us,ELF,,133.69000244140625,134.4600067138672,131.29800415039062,132.3300018310547,713000,Yahoo Finance daily
2023-08-16,us,ELF,,132.58999633789062,132.64999389648438,129.5,129.50999450683594,931200,Yahoo Finance daily
2023-08-17,us,ELF,,129.3800048828125,129.83999633789062,117.29000091552734,117.33999633789062,1964300,Yahoo Finance daily
2023-08-18,us,ELF,,116.12999725341795,119.37000274658205,114.2979965209961,118.04000091552734,1583400,Yahoo Finance daily
2023-08-21,us,ELF,,118.8499984741211,120.6449966430664,116.37999725341795,119.3499984741211,989500,Yahoo Finance daily
2023-08-22,us,ELF,,119.9000015258789,121.16000366210938,117.63500213623048,118.41999816894533,823100,Yahoo Finance daily
2023-08-23,us,ELF,,118.9000015258789,126.7689971923828,118.30999755859376,124.83000183105467,1262100,Yahoo Finance daily
2023-08-24,us,ELF,,125.12000274658205,125.4250030517578,119.3000030517578,119.6999969482422,837100,Yahoo Finance daily
2023-08-25,us,ELF,,120.37999725341795,121.41999816894533,118.16000366210938,120.68000030517578,597500,Yahoo Finance daily
2023-08-28,us,ELF,,120.63999938964844,125.62999725341795,120.63999938964844,122.62999725341795,706600,Yahoo Finance daily
2023-08-29,us,ELF,,126.12999725341795,134.92999267578125,124.0,133.6300048828125,2072400,Yahoo Finance daily
2023-08-30,us,ELF,,135.14999389648438,139.75,134.17599487304688,136.69000244140625,1572800,Yahoo Finance daily
2023-08-31,us,ELF,,136.60000610351562,139.85000610351562,135.50999450683594,138.7100067138672,915100,Yahoo Finance daily
2023-09-01,us,ELF,,139.10000610351562,139.6699981689453,136.0030059814453,136.97000122070312,898000,Yahoo Finance daily
2023-09-05,us,ELF,,136.8699951171875,138.33999633789062,134.80999755859375,136.25,910200,Yahoo Finance daily
2023-09-06,us,ELF,,135.94000244140625,137.0850067138672,132.94000244140625,133.77999877929688,749300,Yahoo Finance daily
2023-09-07,us,ELF,,132.32000732421875,138.2899932861328,132.0500030517578,137.85000610351562,946700,Yahoo Finance daily
2023-09-08,us,ELF,,136.5399932861328,138.1199951171875,134.9499969482422,136.0399932861328,656800,Yahoo Finance daily
2023-09-11,us,ELF,,137.4199981689453,138.19900512695312,134.0260009765625,135.4499969482422,584900,Yahoo Finance daily
2023-09-12,us,ELF,,134.07000732421875,136.2259979248047,132.72000122070312,133.8300018310547,832400,Yahoo Finance daily
2023-09-13,us,ELF,,133.0,134.3179931640625,130.69000244140625,131.99000549316406,810200,Yahoo Finance daily
2023-09-14,us,ELF,,132.39999389648438,134.10000610351562,129.77999877929688,130.17999267578125,719100,Yahoo Finance daily
2023-09-15,us,ELF,,130.19000244140625,130.55999755859375,121.76000213623048,125.7699966430664,2675000,Yahoo Finance daily
2023-09-18,us,ELF,,124.75,125.6999969482422,121.52999877929688,123.0,1030100,Yahoo Finance daily
2023-09-19,us,ELF,,122.29000091552734,122.48999786376952,110.7300033569336,112.4800033569336,2840300,Yahoo Finance daily
2023-09-20,us,ELF,,113.0,113.30999755859376,105.54000091552734,105.6500015258789,2238400,Yahoo Finance daily
2023-09-21,us,ELF,,104.08000183105467,106.375,100.5,106.01000213623048,3319300,Yahoo Finance daily
2023-09-22,us,ELF,,107.12999725341795,108.5,104.62999725341795,105.16000366210938,1883600,Yahoo Finance daily
2023-09-25,us,ELF,,104.16000366210938,108.58999633789062,103.44000244140624,106.8000030517578,1425600,Yahoo Finance daily
2023-09-26,us,ELF,,104.66999816894533,110.62000274658205,103.8030014038086,109.29000091552734,1948100,Yahoo Finance daily
2023-09-27,us,ELF,,110.83999633789062,112.25,108.51000213623048,110.36000061035156,1701900,Yahoo Finance daily
2023-09-28,us,ELF,,111.0,113.9499969482422,110.62000274658205,112.08000183105467,1263300,Yahoo Finance daily
2023-09-29,us,ELF,,113.45999908447266,114.08000183105467,109.36000061035156,109.83000183105467,1047400,Yahoo Finance daily
2023-10-02,us,ELF,,110.3499984741211,110.3499984741211,107.91000366210938,108.20999908447266,917300,Yahoo Finance daily
2023-10-03,us,ELF,,107.0,107.12000274658205,96.66999816894533,99.11000061035156,2732100,Yahoo Finance daily
2023-10-04,us,ELF,,100.01000213623048,100.23999786376952,96.3499984741211,99.4800033569336,1197100,Yahoo Finance daily
2023-10-05,us,ELF,,97.5199966430664,98.3000030517578,95.625,96.5500030517578,1001800,Yahoo Finance daily
2023-10-06,us,ELF,,100.31999969482422,102.0500030517578,98.44000244140624,99.93000030517578,1550500,Yahoo Finance daily
2023-10-09,us,ELF,,98.76000213623048,101.81999969482422,98.44000244140624,100.26000213623048,877600,Yahoo Finance daily
2023-10-10,us,ELF,,100.18000030517578,104.0780029296875,99.23500061035156,101.81999969482422,1318700,Yahoo Finance daily
2023-10-11,us,ELF,,102.31999969482422,105.62000274658205,102.2249984741211,105.0999984741211,1275000,Yahoo Finance daily
2023-10-12,us,ELF,,105.0999984741211,105.33000183105467,100.3000030517578,100.79000091552734,983300,Yahoo Finance daily
2023-10-13,us,ELF,,100.63999938964844,101.55999755859376,98.58000183105467,101.38999938964844,893900,Yahoo Finance daily
2023-10-16,us,ELF,,102.58999633789062,104.16999816894533,100.05999755859376,103.6999969482422,1056200,Yahoo Finance daily
2023-10-17,us,ELF,,103.4000015258789,109.4499969482422,102.5999984741211,108.72000122070312,2100200,Yahoo Finance daily
2023-10-18,us,ELF,,108.11000061035156,108.6500015258789,106.0199966430664,106.36000061035156,1241700,Yahoo Finance daily
2023-10-19,us,ELF,,107.08999633789062,107.72000122070312,103.54000091552734,104.72000122070312,991300,Yahoo Finance daily
2023-10-20,us,ELF,,105.04000091552734,105.04000091552734,101.11000061035156,101.87999725341795,1231800,Yahoo Finance daily
2023-10-23,us,ELF,,103.58000183105467,107.90899658203124,101.20999908447266,105.5199966430664,1362500,Yahoo Finance daily
2023-10-24,us,ELF,,106.91000366210938,112.47000122070312,106.91000366210938,110.2300033569336,1139900,Yahoo Finance daily
2023-10-25,us,ELF,,109.9000015258789,110.69000244140624,107.06500244140624,108.44000244140624,808700,Yahoo Finance daily
2023-10-26,us,ELF,,109.38999938964844,109.59700012207033,102.30999755859376,102.95999908447266,1031400,Yahoo Finance daily
2023-10-27,us,ELF,,102.9499969482422,104.0,101.01000213623048,102.23999786376952,958900,Yahoo Finance daily
2023-10-30,us,ELF,,103.04000091552734,104.4000015258789,101.01000213623048,103.1500015258789,836000,Yahoo Finance daily
2023-10-31,us,ELF,,101.62999725341795,101.62999725341795,88.47000122070312,92.62999725341795,4253500,Yahoo Finance daily
2023-11-01,us,ELF,,91.4800033569336,94.5500030517578,89.50299835205078,94.54000091552734,2703300,Yahoo Finance daily
2023-11-02,us,ELF,,105.58399963378906,109.0,90.33999633789062,98.01000213623048,5094100,Yahoo Finance daily
2023-11-03,us,ELF,,99.5500030517578,100.4499969482422,93.12000274658205,96.1500015258789,2809900,Yahoo Finance daily
2023-11-06,us,ELF,,97.66000366210938,102.75,95.5199966430664,101.68000030517578,1985700,Yahoo Finance daily
2023-11-07,us,ELF,,101.38999938964844,103.23999786376952,98.1999969482422,102.01000213623048,1548200,Yahoo Finance daily
2023-11-08,us,ELF,,101.55999755859376,102.79000091552734,97.62999725341795,98.13999938964844,1720500,Yahoo Finance daily
2023-11-09,us,ELF,,97.62000274658205,101.98999786376952,95.7699966430664,99.4499969482422,1726200,Yahoo Finance daily
2023-11-10,us,ELF,,98.9800033569336,99.48500061035156,92.16000366210938,95.08999633789062,2631400,Yahoo Finance daily
2023-11-13,us,ELF,,94.9800033569336,97.75,93.5500030517578,97.27999877929688,1140200,Yahoo Finance daily
2023-11-14,us,ELF,,101.0,107.52999877929688,100.04000091552734,106.20999908447266,1840200,Yahoo Finance daily
2023-11-15,us,ELF,,106.8000030517578,114.41999816894533,106.76000213623048,113.20999908447266,2272500,Yahoo Finance daily
2023-11-16,us,ELF,,110.16000366210938,113.62999725341795,108.94000244140624,111.87999725341795,1306300,Yahoo Finance daily
2023-11-17,us,ELF,,112.75,117.12899780273438,111.0,112.8499984741211,2331100,Yahoo Finance daily
2023-11-20,us,ELF,,111.87000274658205,112.31500244140624,108.3000030517578,111.12999725341795,1532100,Yahoo Finance daily
2023-11-21,us,ELF,,111.0,113.43000030517578,110.96199798583984,111.70999908447266,960800,Yahoo Finance daily
2023-11-22,us,ELF,,112.11000061035156,116.37000274658205,112.01000213623048,113.76000213623048,770700,Yahoo Finance daily
2023-11-24,us,ELF,,114.08999633789062,115.38500213623048,113.05999755859376,114.37999725341795,406100,Yahoo Finance daily
2023-11-27,us,ELF,,115.30999755859376,121.01000213623048,115.0,117.44000244140624,1542400,Yahoo Finance daily
2023-11-28,us,ELF,,117.06999969482422,121.26499938964844,116.58999633789062,118.19000244140624,1402400,Yahoo Finance daily
2023-11-29,us,ELF,,119.1999969482422,120.44000244140624,117.6259994506836,118.88999938964844,1126700,Yahoo Finance daily
2023-11-30,us,ELF,,119.72000122070312,121.75,117.01000213623048,118.08999633789062,1250300,Yahoo Finance daily
2023-12-01,us,ELF,,119.98999786376952,124.31099700927734,119.0999984741211,122.44000244140624,1400900,Yahoo Finance daily
2023-12-04,us,ELF,,121.8000030517578,127.33000183105467,121.8000030517578,126.58999633789062,1636200,Yahoo Finance daily
2023-12-05,us,ELF,,123.88999938964844,126.4499969482422,122.51000213623048,125.86000061035156,999700,Yahoo Finance daily
2023-12-06,us,ELF,,125.69000244140624,128.89500427246094,125.47000122070312,125.48999786376952,905400,Yahoo Finance daily
2023-12-07,us,ELF,,125.5500030517578,127.62999725341795,125.16999816894533,126.9000015258789,725900,Yahoo Finance daily
2023-12-08,us,ELF,,127.31999969482422,128.33999633789062,124.27999877929688,127.2699966430664,776000,Yahoo Finance daily
2023-12-11,us,ELF,,127.94000244140624,128.88400268554688,125.20500183105467,128.61000061035156,873400,Yahoo Finance daily
2023-12-12,us,ELF,,129.3699951171875,131.14999389648438,126.0500030517578,131.07000732421875,1262600,Yahoo Finance daily
2023-12-13,us,ELF,,132.00999450683594,142.10000610351562,131.97999572753906,141.7899932861328,2308500,Yahoo Finance daily
2023-12-14,us,ELF,,142.5,146.9499969482422,139.8800048828125,143.2100067138672,1986600,Yahoo Finance daily
2023-12-15,us,ELF,,143.3699951171875,144.91000366210938,140.72999572753906,144.3699951171875,1559000,Yahoo Finance daily
2023-12-18,us,ELF,,145.52999877929688,148.0800018310547,144.38999938964844,147.77999877929688,1033000,Yahoo Finance daily
2023-12-19,us,ELF,,149.0,152.61900329589844,148.7100067138672,152.52999877929688,1096600,Yahoo Finance daily
2023-12-20,us,ELF,,151.27999877929688,153.52999877929688,143.2100067138672,144.64999389648438,1203200,Yahoo Finance daily
2023-12-21,us,ELF,,147.57000732421875,149.94000244140625,143.75999450683594,145.1999969482422,858700,Yahoo Finance daily
2023-12-22,us,ELF,,144.9499969482422,145.3800048828125,140.0800018310547,143.83999633789062,1061800,Yahoo Finance daily
2023-12-26,us,ELF,,144.25999450683594,145.1199951171875,142.3000030517578,143.74000549316406,666600,Yahoo Finance daily
2023-12-27,us,ELF,,143.9199981689453,144.3419952392578,141.61000061035156,144.0500030517578,607200,Yahoo Finance daily
2023-12-28,us,ELF,,143.67999267578125,147.32000732421875,143.02999877929688,145.11000061035156,637700,Yahoo Finance daily
2023-12-29,us,ELF,,144.99000549316406,146.31500244140625,143.75,144.33999633789062,642800,Yahoo Finance daily
2024-01-02,us,ELF,,141.58999633789062,141.82000732421875,131.5,139.66000366210938,1732800,Yahoo Finance daily
2024-01-03,us,ELF,,138.00999450683594,138.64999389648438,131.77000427246094,132.16000366210938,996900,Yahoo Finance daily
2024-01-04,us,ELF,,132.10000610351562,139.0,131.5500030517578,137.27000427246094,821900,Yahoo Finance daily
2024-01-05,us,ELF,,135.9499969482422,142.75,135.13999938964844,138.02000427246094,1019300,Yahoo Finance daily
2024-01-08,us,ELF,,139.3000030517578,152.5970001220703,139.10899353027344,150.64999389648438,1654500,Yahoo Finance daily
2024-01-09,us,ELF,,149.25,155.90199279785156,148.50999450683594,154.67999267578125,1138200,Yahoo Finance daily
2024-01-10,us,ELF,,154.6699981689453,156.41000366210938,151.5959930419922,155.6300048828125,972300,Yahoo Finance daily
2024-01-11,us,ELF,,157.89999389648438,160.2100067138672,153.50999450683594,159.07000732421875,1120800,Yahoo Finance daily
2024-01-12,us,ELF,,159.66000366210938,161.05999755859375,157.47000122070312,157.61000061035156,704900,Yahoo Finance daily
2024-01-16,us,ELF,,157.74000549316406,164.7100067138672,156.27000427246094,163.92999267578125,1154900,Yahoo Finance daily
2024-01-17,us,ELF,,161.55999755859375,163.25999450683594,158.80999755859375,163.10000610351562,1000100,Yahoo Finance daily
2024-01-18,us,ELF,,160.52000427246094,161.57000732421875,151.24000549316406,156.3800048828125,2588900,Yahoo Finance daily
2024-01-19,us,ELF,,161.1699981689453,161.1699981689453,153.5,157.7899932861328,1721400,Yahoo Finance daily
2024-01-22,us,ELF,,153.22000122070312,154.27000427246094,143.08999633789062,153.86000061035156,11977100,Yahoo Finance daily
2024-01-23,us,ELF,,155.6199951171875,158.02000427246094,153.36000061035156,156.17999267578125,1009100,Yahoo Finance daily
2024-01-24,us,ELF,,158.63999938964844,159.0,154.5500030517578,154.8699951171875,782300,Yahoo Finance daily
2024-01-25,us,ELF,,157.4600067138672,159.98800659179688,154.22999572753906,156.5500030517578,926800,Yahoo Finance daily
2024-01-26,us,ELF,,159.5500030517578,159.5500030517578,155.8300018310547,157.13999938964844,591400,Yahoo Finance daily
2024-01-29,us,ELF,,157.8800048828125,159.0,152.14999389648438,158.83999633789062,1252600,Yahoo Finance daily
2024-01-30,us,ELF,,157.0399932861328,161.1699981689453,156.67999267578125,161.00999450683594,1197700,Yahoo Finance daily
2024-01-31,us,ELF,,159.72999572753906,163.57000732421875,158.35000610351562,159.52999877929688,1053100,Yahoo Finance daily
2024-02-01,us,ELF,,161.5,162.78900146484375,158.93499755859375,162.5,802900,Yahoo Finance daily
2024-02-02,us,ELF,,161.9600067138672,170.3300018310547,160.6699981689453,169.75999450683594,1093800,Yahoo Finance daily
2024-02-05,us,ELF,,172.58999633789062,174.32200622558594,161.0399932861328,169.74000549316406,1906900,Yahoo Finance daily
2024-02-06,us,ELF,,169.72999572753906,174.64999389648438,168.5800018310547,173.32000732421875,2485400,Yahoo Finance daily
2024-02-07,us,ELF,,171.16000366210938,172.9199981689453,160.52999877929688,164.82000732421875,4177800,Yahoo Finance daily
2024-02-08,us,ELF,,167.6699981689453,174.1999969482422,167.6699981689453,171.5399932861328,1911700,Yahoo Finance daily
2024-02-09,us,ELF,,172.75,175.74000549316406,170.66000366210938,174.52000427246094,1517600,Yahoo Finance daily
2024-02-12,us,ELF,,173.8800048828125,179.5800018310547,171.55999755859375,171.91000366210938,1404700,Yahoo Finance daily
2024-02-13,us,ELF,,165.0,172.83999633789062,163.80999755859375,167.86000061035156,1342800,Yahoo Finance daily
2024-02-14,us,ELF,,170.5500030517578,172.02999877929688,165.0500030517578,166.77999877929688,1199900,Yahoo Finance daily
2024-02-15,us,ELF,,168.0,175.5399932861328,168.0,175.25999450683594,1256700,Yahoo Finance daily
2024-02-16,us,ELF,,175.47000122070312,177.1699981689453,172.22000122070312,173.97999572753906,857700,Yahoo Finance daily
2024-02-20,us,ELF,,173.0,175.1300048828125,168.77999877929688,171.3699951171875,959300,Yahoo Finance daily
2024-02-21,us,ELF,,170.13999938964844,176.26600646972656,170.00999450683594,172.3300018310547,729800,Yahoo Finance daily
2024-02-22,us,ELF,,176.58999633789062,183.61599731445312,176.24200439453125,182.3699951171875,1163400,Yahoo Finance daily
2024-02-23,us,ELF,,182.0,186.9600067138672,179.5019989013672,185.94000244140625,1201900,Yahoo Finance daily
2024-02-26,us,ELF,,188.17999267578125,200.4900054931641,188.0,199.6100006103516,1602000,Yahoo Finance daily
2024-02-27,us,ELF,,200.91000366210935,204.72000122070312,197.70700073242188,202.0,1504100,Yahoo Finance daily
2024-02-28,us,ELF,,200.3600006103516,206.6000061035156,199.41400146484372,204.75,1271900,Yahoo Finance daily
2024-02-29,us,ELF,,206.0,209.97000122070312,203.58999633789065,208.52999877929688,1213700,Yahoo Finance daily
2024-03-01,us,ELF,,210.0,217.70700073242188,207.6000061035156,217.3999938964844,1314200,Yahoo Finance daily
2024-03-04,us,ELF,,219.97000122070312,221.8300018310547,205.6300048828125,208.9600067138672,1901000,Yahoo Finance daily
2024-03-05,us,ELF,,206.07000732421875,206.5,192.52999877929688,201.6199951171875,2488700,Yahoo Finance daily
2024-03-06,us,ELF,,207.44000244140625,212.8950042724609,206.5399932861328,207.00999450683597,1296200,Yahoo Finance daily
2024-03-07,us,ELF,,207.72999572753903,212.1000061035156,207.0800018310547,209.92999267578125,755900,Yahoo Finance daily
2024-03-08,us,ELF,,210.72999572753903,213.83999633789065,200.75,200.91000366210935,1480600,Yahoo Finance daily
2024-03-11,us,ELF,,199.05999755859372,199.3000030517578,192.67999267578125,193.97999572753903,1366200,Yahoo Finance daily
2024-03-12,us,ELF,,195.25,206.57000732421875,194.1300048828125,205.30999755859372,1180100,Yahoo Finance daily
2024-03-13,us,ELF,,204.9900054931641,209.72000122070312,203.64599609375,206.4199981689453,827100,Yahoo Finance daily
2024-03-14,us,ELF,,206.91000366210935,207.81300354003903,198.2400054931641,200.2899932861328,794800,Yahoo Finance daily
2024-03-15,us,ELF,,198.3600006103516,201.51199340820312,194.83999633789065,199.3699951171875,1655600,Yahoo Finance daily
2024-03-18,us,ELF,,202.0,206.41000366210935,195.63999938964844,196.8600006103516,1178700,Yahoo Finance daily
2024-03-19,us,ELF,,194.5,195.2350006103516,187.1300048828125,190.6699981689453,1495700,Yahoo Finance daily
2024-03-20,us,ELF,,190.7700042724609,201.41000366210935,187.6699981689453,200.5399932861328,1100800,Yahoo Finance daily
2024-03-21,us,ELF,,203.4199981689453,209.3600006103516,196.72000122070312,207.30999755859372,1363200,Yahoo Finance daily
2024-03-22,us,ELF,,207.0,209.6999969482422,202.19000244140625,205.6000061035156,991500,Yahoo Finance daily
2024-03-25,us,ELF,,204.3500061035156,207.00799560546875,199.3999938964844,200.0399932861328,1124600,Yahoo Finance daily
2024-03-26,us,ELF,,202.4600067138672,206.02999877929688,197.6300048828125,197.82000732421875,865000,Yahoo Finance daily
2024-03-27,us,ELF,,199.5500030517578,200.0500030517578,192.9199981689453,196.25,923500,Yahoo Finance daily
2024-03-28,us,ELF,,197.3699951171875,200.6499938964844,193.8999938964844,196.02999877929688,957700,Yahoo Finance daily
2024-04-01,us,ELF,,195.9900054931641,196.36099243164065,187.0500030517578,191.97000122070312,1706100,Yahoo Finance daily
2024-04-02,us,ELF,,185.44000244140625,186.4600067138672,181.2100067138672,185.92999267578125,1706300,Yahoo Finance daily
2024-04-03,us,ELF,,174.9600067138672,179.75,163.33999633789062,163.77000427246094,4094800,Yahoo Finance daily
2024-04-04,us,ELF,,165.89999389648438,169.89999389648438,162.2899932861328,162.52999877929688,2345300,Yahoo Finance daily
2024-04-05,us,ELF,,163.33999633789062,165.3300018310547,160.61300659179688,161.3800048828125,2635700,Yahoo Finance daily
2024-04-08,us,ELF,,161.5399932861328,168.7899932861328,161.5399932861328,165.66000366210938,1336500,Yahoo Finance daily
2024-04-09,us,ELF,,168.5,170.89999389648438,165.82000732421875,170.14999389648438,1941800,Yahoo Finance daily
2024-04-10,us,ELF,,168.49000549316406,174.4199981689453,166.39999389648438,167.17999267578125,1658600,Yahoo Finance daily
2024-04-11,us,ELF,,168.3000030517578,171.60000610351562,166.14199829101562,167.22000122070312,1155700,Yahoo Finance daily
2024-04-12,us,ELF,,165.0,168.07000732421875,161.77000427246094,162.91000366210938,1235000,Yahoo Finance daily
2024-04-15,us,ELF,,165.16000366210938,167.93899536132812,162.6999969482422,163.39999389648438,1161100,Yahoo Finance daily
2024-04-16,us,ELF,,163.0,167.39999389648438,162.61000061035156,165.67999267578125,1146100,Yahoo Finance daily
2024-04-17,us,ELF,,169.75,173.64999389648438,163.60000610351562,166.25999450683594,1729600,Yahoo Finance daily
2024-04-18,us,ELF,,163.97999572753906,172.08999633789062,162.63999938964844,167.50999450683594,2232500,Yahoo Finance daily
2024-04-19,us,ELF,,165.80999755859375,165.8800048828125,154.4199981689453,156.72999572753906,2667900,Yahoo Finance daily
2024-04-22,us,ELF,,155.14999389648438,162.52999877929688,153.72000122070312,161.4600067138672,1560000,Yahoo Finance daily
2024-04-23,us,ELF,,164.47999572753906,178.1300048828125,163.10000610351562,176.99000549316406,2511400,Yahoo Finance daily
2024-04-24,us,ELF,,177.50999450683594,181.97000122070312,172.69900512695312,176.97999572753906,2516100,Yahoo Finance daily
2024-04-25,us,ELF,,173.44000244140625,178.9600067138672,169.5,176.02999877929688,2059300,Yahoo Finance daily
2024-04-26,us,ELF,,176.72000122070312,179.74000549316406,172.0,179.6300048828125,1512200,Yahoo Finance daily
2024-04-29,us,ELF,,180.3699951171875,182.72999572753903,170.67999267578125,171.86000061035156,1524900,Yahoo Finance daily
2024-04-30,us,ELF,,171.00999450683594,172.22000122070312,162.22999572753906,162.52999877929688,1701300,Yahoo Finance daily
2024-05-01,us,ELF,,161.55999755859375,162.5800018310547,154.5,158.52000427246094,1591700,Yahoo Finance daily
2024-05-02,us,ELF,,161.1999969482422,161.24000549316406,156.27000427246094,160.52999877929688,1153100,Yahoo Finance daily
2024-05-03,us,ELF,,162.97999572753906,164.89999389648438,158.7899932861328,160.1199951171875,1024800,Yahoo Finance daily
2024-05-06,us,ELF,,162.36000061035156,166.2899932861328,161.44000244140625,164.69000244140625,914800,Yahoo Finance daily
2024-05-07,us,ELF,,161.83999633789062,165.75999450683594,160.2899932861328,163.61000061035156,893600,Yahoo Finance daily
2024-05-08,us,ELF,,162.47000122070312,164.67999267578125,159.6300048828125,161.3800048828125,803600,Yahoo Finance daily
2024-05-09,us,ELF,,162.36000061035156,170.88999938964844,160.9080047607422,170.42999267578125,1221000,Yahoo Finance daily
2024-05-10,us,ELF,,171.4499969482422,171.50999450683594,162.25999450683594,164.08999633789062,1064600,Yahoo Finance daily
2024-05-13,us,ELF,,165.3000030517578,165.73800659179688,160.6699981689453,161.72999572753906,734300,Yahoo Finance daily
2024-05-14,us,ELF,,162.0,163.6199951171875,158.08999633789062,161.5500030517578,1082400,Yahoo Finance daily
2024-05-15,us,ELF,,166.49000549316406,169.76499938964844,164.3300018310547,168.32000732421875,1330700,Yahoo Finance daily
2024-05-16,us,ELF,,167.5,168.6199951171875,162.25,162.25999450683594,1318600,Yahoo Finance daily
2024-05-17,us,ELF,,163.3300018310547,164.97999572753906,157.66000366210938,158.4499969482422,1372400,Yahoo Finance daily
2024-05-20,us,ELF,,157.0500030517578,158.0,150.49000549316406,153.77000427246094,1873400,Yahoo Finance daily
2024-05-21,us,ELF,,154.30999755859375,159.11500549316406,154.11000061035156,158.97000122070312,1339100,Yahoo Finance daily
2024-05-22,us,ELF,,157.67999267578125,159.80999755859375,155.3800048828125,155.6300048828125,2871800,Yahoo Finance daily
2024-05-23,us,ELF,,172.7899932861328,191.16000366210935,169.67999267578125,184.7700042724609,7666900,Yahoo Finance daily
2024-05-24,us,ELF,,185.50999450683597,197.8500061035156,184.0,191.4199981689453,2549400,Yahoo Finance daily
2024-05-28,us,ELF,,192.8000030517578,193.63999938964844,183.6100006103516,193.2400054931641,1481300,Yahoo Finance daily
2024-05-29,us,ELF,,191.38999938964844,191.9900054931641,183.4199981689453,183.7700042724609,1143500,Yahoo Finance daily
2024-05-30,us,ELF,,183.6000061035156,187.3000030517578,181.75,182.3999938964844,1145000,Yahoo Finance daily
2024-05-31,us,ELF,,185.1999969482422,187.41000366210935,177.99000549316406,186.91000366210935,1432300,Yahoo Finance daily
2024-06-03,us,ELF,,188.00999450683597,201.8600006103516,188.00999450683597,196.4499969482422,1839000,Yahoo Finance daily
2024-06-04,us,ELF,,198.1699981689453,198.4900054931641,189.4199981689453,189.7400054931641,1054700,Yahoo Finance daily
2024-06-05,us,ELF,,189.4149932861328,189.4149932861328,181.50999450683597,184.72999572753903,1438900,Yahoo Finance daily
2024-06-06,us,ELF,,185.22999572753903,187.33999633789065,182.47999572753903,183.50999450683597,1021800,Yahoo Finance daily
2024-06-07,us,ELF,,184.69000244140625,184.69000244140625,177.08999633789062,177.6300048828125,917100,Yahoo Finance daily
2024-06-10,us,ELF,,174.19000244140625,182.6199951171875,173.10000610351562,182.47999572753903,949800,Yahoo Finance daily
2024-06-11,us,ELF,,182.42999267578125,191.0,178.4199981689453,189.5800018310547,1593400,Yahoo Finance daily
2024-06-12,us,ELF,,192.57000732421875,202.47000122070312,192.22999572753903,197.32000732421875,1486500,Yahoo Finance daily
2024-06-13,us,ELF,,199.72999572753903,202.29400634765625,195.625,200.44000244140625,932500,Yahoo Finance daily
2024-06-14,us,ELF,,200.3800048828125,200.572998046875,190.5,192.6300048828125,815100,Yahoo Finance daily
2024-06-17,us,ELF,,191.30999755859372,198.00999450683597,189.00999450683597,195.41000366210935,692200,Yahoo Finance daily
2024-06-18,us,ELF,,199.91000366210935,214.6100006103516,199.1199951171875,213.72999572753903,1777500,Yahoo Finance daily
2024-06-20,us,ELF,,213.92999267578125,214.7899932861328,205.6999969482422,209.22999572753903,1569200,Yahoo Finance daily
2024-06-21,us,ELF,,208.1699981689453,209.0,203.05999755859372,205.91000366210935,1319400,Yahoo Finance daily
2024-06-24,us,ELF,,202.72000122070312,215.94000244140625,202.69000244140625,204.19000244140625,1336800,Yahoo Finance daily
2024-06-25,us,ELF,,204.25999450683597,211.5399932861328,201.27999877929688,208.75999450683597,965000,Yahoo Finance daily
2024-06-26,us,ELF,,206.1999969482422,213.47999572753903,203.8070068359375,204.58999633789065,1271400,Yahoo Finance daily
2024-06-27,us,ELF,,204.63999938964844,218.5,202.6499938964844,218.0,1425500,Yahoo Finance daily
2024-06-28,us,ELF,,213.6000061035156,215.9900054931641,207.18499755859372,210.72000122070312,8234600,Yahoo Finance daily
2024-07-01,us,ELF,,215.76499938964844,219.5200042724609,200.83999633789065,204.16000366210935,1773100,Yahoo Finance daily
2024-07-02,us,ELF,,202.57000732421875,206.91000366210935,200.16000366210935,204.22999572753903,904600,Yahoo Finance daily
2024-07-03,us,ELF,,204.63999938964844,205.3500061035156,200.16000366210935,202.0200042724609,580300,Yahoo Finance daily
2024-07-05,us,ELF,,201.0,204.07000732421875,197.5800018310547,200.2400054931641,894300,Yahoo Finance daily
2024-07-08,us,ELF,,199.0,206.3800048828125,198.6300048828125,203.0800018310547,878700,Yahoo Finance daily
2024-07-09,us,ELF,,203.1499938964844,210.3800048828125,202.00999450683597,206.4199981689453,1036000,Yahoo Finance daily
2024-07-10,us,ELF,,208.0500030517578,211.1999969482422,196.3699951171875,199.4600067138672,1106400,Yahoo Finance daily
2024-07-11,us,ELF,,202.5800018310547,210.8500061035156,201.02999877929688,208.9199981689453,1134300,Yahoo Finance daily
2024-07-12,us,ELF,,211.97999572753903,219.7700042724609,209.38999938964844,210.8999938964844,1893800,Yahoo Finance daily
2024-07-15,us,ELF,,210.00999450683597,210.8800048828125,193.07000732421875,194.19000244140625,2038400,Yahoo Finance daily
2024-07-16,us,ELF,,195.25999450683597,195.25999450683597,185.2100067138672,189.0200042724609,2046000,Yahoo Finance daily
2024-07-17,us,ELF,,185.2899932861328,185.5200042724609,170.5500030517578,170.6999969482422,1988400,Yahoo Finance daily
2024-07-18,us,ELF,,178.5,179.94000244140625,168.02000427246094,170.94000244140625,1972100,Yahoo Finance daily
2024-07-19,us,ELF,,171.0500030517578,177.97999572753906,170.14999389648438,177.52000427246094,1602300,Yahoo Finance daily
2024-07-22,us,ELF,,177.52999877929688,178.62600708007812,164.5500030517578,169.57000732421875,2618500,Yahoo Finance daily
2024-07-23,us,ELF,,174.75999450683594,180.65899658203125,172.4199981689453,177.42999267578125,1502800,Yahoo Finance daily
2024-07-24,us,ELF,,172.86000061035156,176.36000061035156,171.7740020751953,174.50999450683594,1144000,Yahoo Finance daily
2024-07-25,us,ELF,,174.36000061035156,174.4600067138672,165.16000366210938,170.35000610351562,1289400,Yahoo Finance daily
2024-07-26,us,ELF,,175.0,183.3300018310547,173.81500244140625,182.82000732421875,1520600,Yahoo Finance daily
2024-07-29,us,ELF,,183.77999877929688,184.91000366210935,171.3699951171875,172.57000732421875,1222300,Yahoo Finance daily
2024-07-30,us,ELF,,172.75,175.9600067138672,166.0,170.2899932861328,1338600,Yahoo Finance daily
2024-07-31,us,ELF,,175.47999572753906,176.67999267578125,168.97999572753906,172.5800018310547,949300,Yahoo Finance daily
2024-08-01,us,ELF,,173.25,176.72000122070312,163.6199951171875,167.6199951171875,1257100,Yahoo Finance daily
2024-08-02,us,ELF,,161.49000549316406,166.41000366210938,154.39999389648438,165.9499969482422,1797900,Yahoo Finance daily
2024-08-05,us,ELF,,154.8000030517578,175.7100067138672,152.02499389648438,175.64999389648438,2322300,Yahoo Finance daily
2024-08-06,us,ELF,,181.22999572753903,186.75,175.64999389648438,183.7400054931641,1584000,Yahoo Finance daily
2024-08-07,us,ELF,,187.16000366210935,190.3800048828125,180.2570037841797,181.75,1395200,Yahoo Finance daily
2024-08-08,us,ELF,,182.4900054931641,188.1499938964844,182.1000061035156,187.9499969482422,2592900,Yahoo Finance daily
2024-08-09,us,ELF,,167.27000427246094,169.0,155.60000610351562,160.8300018310547,7408600,Yahoo Finance daily
2024-08-12,us,ELF,,158.5800018310547,158.6199951171875,142.6999969482422,143.6300048828125,5162500,Yahoo Finance daily
2024-08-13,us,ELF,,143.6300048828125,150.08999633789062,142.0,148.63999938964844,2690700,Yahoo Finance daily
2024-08-14,us,ELF,,147.8300018310547,150.27000427246094,143.25999450683594,145.42999267578125,1634700,Yahoo Finance daily
2024-08-15,us,ELF,,151.39999389648438,157.94900512695312,150.60000610351562,155.5399932861328,2634800,Yahoo Finance daily
2024-08-16,us,ELF,,154.0,159.2899932861328,153.0,159.1999969482422,2168900,Yahoo Finance daily
2024-08-19,us,ELF,,162.0,172.2469940185547,160.0,160.08999633789062,2029000,Yahoo Finance daily
2024-08-20,us,ELF,,159.8000030517578,162.19000244140625,156.3470001220703,161.3300018310547,1487900,Yahoo Finance daily
2024-08-21,us,ELF,,163.14999389648438,170.17999267578125,162.5500030517578,170.11000061035156,1621500,Yahoo Finance daily
2024-08-22,us,ELF,,170.5500030517578,171.6999969482422,167.4250030517578,170.44000244140625,1230900,Yahoo Finance daily
2024-08-23,us,ELF,,171.3000030517578,172.49000549316406,167.47000122070312,170.9499969482422,997500,Yahoo Finance daily
2024-08-26,us,ELF,,162.33999633789062,162.33999633789062,152.83999633789062,156.08999633789062,3441400,Yahoo Finance daily
2024-08-27,us,ELF,,155.00999450683594,155.17999267578125,148.78900146484375,151.27999877929688,1810100,Yahoo Finance daily
2024-08-28,us,ELF,,156.24000549316406,159.2209930419922,152.0500030517578,153.32000732421875,1559600,Yahoo Finance daily
2024-08-29,us,ELF,,153.02999877929688,155.3300018310547,149.0,150.07000732421875,1363800,Yahoo Finance daily
2024-08-30,us,ELF,,151.3000030517578,151.9499969482422,146.47000122070312,149.7899932861328,1257200,Yahoo Finance daily
2024-09-03,us,ELF,,147.0,147.4499969482422,137.9550018310547,140.22999572753906,2592400,Yahoo Finance daily
2024-09-04,us,ELF,,138.3699951171875,140.42999267578125,134.6999969482422,137.32000732421875,1612700,Yahoo Finance daily
2024-09-05,us,ELF,,136.24000549316406,137.97999572753906,134.89999389648438,135.69000244140625,1228100,Yahoo Finance daily
2024-09-06,us,ELF,,136.0,136.97300720214844,122.29000091552734,122.5999984741211,4259100,Yahoo Finance daily
2024-09-09,us,ELF,,119.66999816894533,120.40899658203124,112.90899658203124,113.9800033569336,5486800,Yahoo Finance daily
2024-09-10,us,ELF,,114.61000061035156,117.66300201416016,108.375,110.45999908447266,3924900,Yahoo Finance daily
2024-09-11,us,ELF,,110.3000030517578,114.8499984741211,108.23200225830078,114.08000183105467,2940000,Yahoo Finance daily
2024-09-12,us,ELF,,113.4000015258789,116.18000030517578,110.63999938964844,114.66999816894533,2426400,Yahoo Finance daily
2024-09-13,us,ELF,,114.36000061035156,122.98999786376952,114.36000061035156,116.62999725341795,2785200,Yahoo Finance daily
2024-09-16,us,ELF,,110.0,116.72000122070312,109.3499984741211,113.19000244140624,2762700,Yahoo Finance daily
2024-09-17,us,ELF,,113.5,115.5,112.26000213623048,112.43000030517578,1770500,Yahoo Finance daily
2024-09-18,us,ELF,,112.43000030517578,118.4800033569336,112.43000030517578,114.6500015258789,2564700,Yahoo Finance daily
2024-09-19,us,ELF,,117.51000213623048,120.7300033569336,114.04000091552734,114.58999633789062,2445000,Yahoo Finance daily
2024-09-20,us,ELF,,115.72000122070312,116.20500183105467,111.3000030517578,112.91000366210938,2980500,Yahoo Finance daily
2024-09-23,us,ELF,,110.7300033569336,114.62999725341795,108.77200317382812,111.83000183105467,2203300,Yahoo Finance daily
2024-09-24,us,ELF,,113.75,115.6999969482422,110.45999908447266,111.41999816894533,2325600,Yahoo Finance daily
2024-09-25,us,ELF,,111.66000366210938,112.80999755859376,107.6500015258789,109.58999633789062,2842800,Yahoo Finance daily
2024-09-26,us,ELF,,111.80999755859376,113.35199737548828,110.25,111.37000274658205,2376200,Yahoo Finance daily
2024-09-27,us,ELF,,112.3000030517578,115.2300033569336,111.22000122070312,112.55999755859376,2572600,Yahoo Finance daily
2024-09-30,us,ELF,,114.5,116.5,108.0199966430664,109.02999877929688,3464900,Yahoo Finance daily
2024-10-01,us,ELF,,109.0199966430664,110.4800033569336,104.72000122070312,105.97000122070312,2888500,Yahoo Finance daily
2024-10-02,us,ELF,,105.51000213623048,107.0250015258789,105.08000183105467,105.62000274658205,1685800,Yahoo Finance daily
2024-10-03,us,ELF,,104.69000244140624,106.1500015258789,103.3000030517578,105.18000030517578,1610900,Yahoo Finance daily
2024-10-04,us,ELF,,107.1999969482422,108.5999984741211,105.80999755859376,105.88999938964844,1412900,Yahoo Finance daily
2024-10-07,us,ELF,,105.01000213623048,105.37000274658205,100.0999984741211,101.51000213623048,2866000,Yahoo Finance daily
2024-10-08,us,ELF,,101.51000213623048,104.08000183105467,100.69400024414062,104.01000213623048,1523100,Yahoo Finance daily
2024-10-09,us,ELF,,104.66999816894533,108.22000122070312,104.41000366210938,105.41000366210938,2254000,Yahoo Finance daily
2024-10-10,us,ELF,,104.7699966430664,107.95999908447266,103.0,107.45999908447266,1796300,Yahoo Finance daily
2024-10-11,us,ELF,,107.11000061035156,110.70999908447266,106.37999725341795,109.72000122070312,2010200,Yahoo Finance daily
2024-10-14,us,ELF,,111.25,116.58999633789062,110.5,115.43000030517578,2992900,Yahoo Finance daily
2024-10-15,us,ELF,,113.87999725341795,114.98999786376952,106.83999633789062,109.94000244140624,3228600,Yahoo Finance daily
2024-10-16,us,ELF,,109.02999877929688,109.48999786376952,105.4499969482422,107.08000183105467,2630000,Yahoo Finance daily
2024-10-17,us,ELF,,107.5,108.1999969482422,105.37000274658205,107.94000244140624,1758100,Yahoo Finance daily
2024-10-18,us,ELF,,108.4000015258789,109.58000183105467,106.86000061035156,108.1999969482422,1732400,Yahoo Finance daily
2024-10-21,us,ELF,,113.11000061035156,116.41000366210938,111.80999755859376,112.51000213623048,3404800,Yahoo Finance daily
2024-10-22,us,ELF,,110.0,111.56999969482422,104.51000213623048,106.62999725341795,2669700,Yahoo Finance daily
2024-10-23,us,ELF,,105.91000366210938,106.52999877929688,103.58999633789062,105.56999969482422,1515100,Yahoo Finance daily
2024-10-24,us,ELF,,105.91999816894533,107.8000030517578,104.6500015258789,107.1999969482422,1456600,Yahoo Finance daily
2024-10-25,us,ELF,,107.1999969482422,110.5,106.38999938964844,110.37999725341795,1852300,Yahoo Finance daily
2024-10-28,us,ELF,,111.48999786376952,113.04499816894533,109.79000091552734,110.05999755859376,1834200,Yahoo Finance daily
2024-10-29,us,ELF,,109.23999786376952,114.61000061035156,107.87000274658205,113.2699966430664,2521400,Yahoo Finance daily
2024-10-30,us,ELF,,112.13999938964844,113.87999725341795,109.01000213623048,109.22000122070312,1742400,Yahoo Finance daily
2024-10-31,us,ELF,,106.26000213623048,107.8479995727539,104.63999938964844,105.25,2032900,Yahoo Finance daily
2024-11-01,us,ELF,,105.8000030517578,108.77999877929688,103.12000274658205,103.12000274658205,2458100,Yahoo Finance daily
2024-11-04,us,ELF,,103.62999725341795,107.66999816894533,103.62999725341795,103.88999938964844,1861500,Yahoo Finance daily
2024-11-05,us,ELF,,104.01000213623048,107.5500030517578,103.3000030517578,107.12999725341795,1751900,Yahoo Finance daily
2024-11-06,us,ELF,,107.0,107.36000061035156,98.5,104.16000366210938,6604300,Yahoo Finance daily
2024-11-07,us,ELF,,110.25,125.24099731445312,109.1230010986328,116.06999969482422,9411200,Yahoo Finance daily
2024-11-08,us,ELF,,117.0,120.33000183105467,114.2699966430664,120.1999969482422,3876900,Yahoo Finance daily
2024-11-11,us,ELF,,126.26000213623048,134.55999755859375,125.71499633789062,134.14999389648438,4212500,Yahoo Finance daily
2024-11-12,us,ELF,,131.35000610351562,133.8800048828125,126.62999725341795,131.3300018310547,2771300,Yahoo Finance daily
2024-11-13,us,ELF,,132.25,132.52000427246094,122.1750030517578,122.95999908447266,2150800,Yahoo Finance daily
2024-11-14,us,ELF,,123.0999984741211,125.4499969482422,120.875,123.11000061035156,1319200,Yahoo Finance daily
2024-11-15,us,ELF,,123.75,127.5500030517578,120.80999755859376,121.33000183105467,3169500,Yahoo Finance daily
2024-11-18,us,ELF,,118.0,122.88999938964844,115.1500015258789,122.66000366210938,3181800,Yahoo Finance daily
2024-11-19,us,ELF,,120.25,122.98999786376952,117.8000030517578,121.70999908447266,2454400,Yahoo Finance daily
2024-11-20,us,ELF,,121.4000015258789,122.31999969482422,102.7699966430664,119.0,11724100,Yahoo Finance daily
2024-11-21,us,ELF,,120.51000213623048,127.06999969482422,118.0999984741211,122.47000122070312,4224800,Yahoo Finance daily
2024-11-22,us,ELF,,122.72000122070312,128.25999450683594,118.7300033569336,126.41999816894533,2367600,Yahoo Finance daily
2024-11-25,us,ELF,,130.0,135.42999267578125,128.8699951171875,129.92999267578125,3205600,Yahoo Finance daily
2024-11-26,us,ELF,,128.05999755859375,131.6300048828125,124.2699966430664,124.29000091552734,2050300,Yahoo Finance daily
2024-11-27,us,ELF,,126.2699966430664,129.75,125.61100006103516,127.1500015258789,1169600,Yahoo Finance daily
2024-11-29,us,ELF,,130.0,130.5,127.5500030517578,129.52000427246094,901900,Yahoo Finance daily
2024-12-02,us,ELF,,129.3699951171875,131.27000427246094,121.5199966430664,130.7100067138672,2413500,Yahoo Finance daily
2024-12-03,us,ELF,,131.08999633789062,131.5800018310547,126.62899780273438,127.41000366210938,1165200,Yahoo Finance daily
2024-12-04,us,ELF,,128.5399932861328,138.02999877929688,128.5,136.39999389648438,2202800,Yahoo Finance daily
2024-12-05,us,ELF,,135.13999938964844,136.35000610351562,131.07000732421875,131.22999572753906,1222500,Yahoo Finance daily
2024-12-06,us,ELF,,137.60000610351562,144.5399932861328,134.8699951171875,139.60000610351562,2656200,Yahoo Finance daily
2024-12-09,us,ELF,,142.8800048828125,147.3300018310547,140.35000610351562,140.4600067138672,1942000,Yahoo Finance daily
2024-12-10,us,ELF,,140.0,140.75,136.50999450683594,137.60000610351562,1235100,Yahoo Finance daily
2024-12-11,us,ELF,,139.22999572753906,139.47999572753906,135.0,138.47000122070312,1036900,Yahoo Finance daily
2024-12-12,us,ELF,,136.8000030517578,136.8000030517578,130.42999267578125,131.50999450683594,1536400,Yahoo Finance daily
2024-12-13,us,ELF,,134.44000244140625,141.19900512695312,132.89999389648438,140.6300048828125,1565600,Yahoo Finance daily
2024-12-16,us,ELF,,138.91000366210938,140.89999389648438,136.00999450683594,140.27000427246094,1930000,Yahoo Finance daily
2024-12-17,us,ELF,,138.7899932861328,139.75999450683594,134.6199951171875,134.88999938964844,1093900,Yahoo Finance daily
2024-12-18,us,ELF,,135.11000061035156,136.7100067138672,126.04000091552734,127.1999969482422,1334400,Yahoo Finance daily
2024-12-19,us,ELF,,127.01000213623048,129.36000061035156,123.49099731445312,129.08999633789062,1143200,Yahoo Finance daily
2024-12-20,us,ELF,,126.19000244140624,132.07000732421875,125.0,128.66000366210938,2162900,Yahoo Finance daily
2024-12-23,us,ELF,,129.47000122070312,131.22000122070312,127.2239990234375,128.9499969482422,733000,Yahoo Finance daily
2024-12-24,us,ELF,,129.5500030517578,132.37600708007812,128.60699462890625,131.91000366210938,495200,Yahoo Finance daily
2024-12-26,us,ELF,,130.75999450683594,132.39999389648438,129.6999969482422,130.89999389648438,589300,Yahoo Finance daily
2024-12-27,us,ELF,,130.52000427246094,133.3000030517578,126.73699951171876,127.76000213623048,855000,Yahoo Finance daily
2024-12-30,us,ELF,,125.9499969482422,129.0050048828125,124.0,127.11000061035156,926100,Yahoo Finance daily
2024-12-31,us,ELF,,127.72000122070312,128.8000030517578,123.80999755859376,125.5500030517578,870800,Yahoo Finance daily
2025-01-02,us,ELF,,126.66000366210938,127.6999969482422,122.9499969482422,122.98999786376952,1083800,Yahoo Finance daily
2025-01-03,us,ELF,,124.0,125.79000091552734,122.88999938964844,125.38999938964844,961500,Yahoo Finance daily
2025-01-06,us,ELF,,129.1999969482422,132.97999572753906,125.41999816894533,125.7300033569336,1126200,Yahoo Finance daily
2025-01-07,us,ELF,,128.97000122070312,133.3300018310547,126.45500183105467,127.73999786376952,1261400,Yahoo Finance daily
2025-01-08,us,ELF,,125.7300033569336,127.93000030517578,124.0,127.5999984741211,1396300,Yahoo Finance daily
2025-01-10,us,ELF,,125.0,128.99000549316406,123.88999938964844,124.88999938964844,1232500,Yahoo Finance daily
2025-01-13,us,ELF,,125.9000015258789,132.38999938964844,124.36000061035156,132.1199951171875,1925600,Yahoo Finance daily
2025-01-14,us,ELF,,133.5,136.0,131.21499633789062,131.47999572753906,995700,Yahoo Finance daily
2025-01-15,us,ELF,,136.30999755859375,137.19000244140625,127.06500244140624,128.41000366210938,2341500,Yahoo Finance daily
2025-01-16,us,ELF,,131.99000549316406,135.86000061035156,129.72999572753906,133.91000366210938,1359400,Yahoo Finance daily
2025-01-17,us,ELF,,135.3300018310547,136.0,126.9000015258789,126.9499969482422,1973700,Yahoo Finance daily
2025-01-21,us,ELF,,126.0,127.9800033569336,118.18000030517578,118.48999786376952,3645800,Yahoo Finance daily
2025-01-22,us,ELF,,119.16000366210938,119.16000366210938,114.81199645996094,116.69000244140624,1813000,Yahoo Finance daily
2025-01-23,us,ELF,,115.52999877929688,119.0749969482422,115.31999969482422,118.37999725341795,1224000,Yahoo Finance daily
2025-01-24,us,ELF,,119.0999984741211,120.19000244140624,110.1999969482422,110.5500030517578,2344400,Yahoo Finance daily
2025-01-27,us,ELF,,109.0,109.88999938964844,103.72000122070312,104.41000366210938,2628500,Yahoo Finance daily
2025-01-28,us,ELF,,105.13999938964844,107.9499969482422,101.5,106.16000366210938,1746300,Yahoo Finance daily
2025-01-29,us,ELF,,106.16000366210938,107.25,104.58999633789062,105.95999908447266,1227200,Yahoo Finance daily
2025-01-30,us,ELF,,107.02999877929688,108.33000183105467,105.5999984741211,107.0500030517578,1567800,Yahoo Finance daily
2025-01-31,us,ELF,,107.11000061035156,107.4749984741211,99.91000366210938,99.91000366210938,2923100,Yahoo Finance daily
2025-02-03,us,ELF,,94.73999786376952,96.9800033569336,92.1999969482422,93.44000244140624,3250900,Yahoo Finance daily
2025-02-04,us,ELF,,92.69000244140624,92.69000244140624,86.13999938964844,88.44000244140625,5603500,Yahoo Finance daily
2025-02-05,us,ELF,,89.37000274658203,89.61900329589844,85.41000366210938,87.31999969482422,3272400,Yahoo Finance daily
2025-02-06,us,ELF,,87.93000030517578,88.87999725341797,86.29000091552734,88.48999786376953,7251900,Yahoo Finance daily
2025-02-07,us,ELF,,66.30000305175781,73.62999725341797,63.5,71.12999725341797,23546500,Yahoo Finance daily
2025-02-10,us,ELF,,70.80999755859375,73.86000061035156,69.04000091552734,73.86000061035156,7156600,Yahoo Finance daily
2025-02-11,us,ELF,,73.02999877929688,77.30999755859375,71.25,76.94000244140625,4694000,Yahoo Finance daily
2025-02-12,us,ELF,,75.0,76.4000015258789,72.552001953125,75.08000183105469,4009900,Yahoo Finance daily
2025-02-13,us,ELF,,75.87999725341797,78.29000091552734,73.83000183105469,74.94999694824219,3471200,Yahoo Finance daily
2025-02-14,us,ELF,,74.98999786376953,75.11000061035156,71.38999938964844,73.0,3055300,Yahoo Finance daily
2025-02-18,us,ELF,,73.31999969482422,75.7699966430664,71.91000366210938,72.2699966430664,3578100,Yahoo Finance daily
2025-02-19,us,ELF,,72.9000015258789,74.16000366210938,71.77999877929688,73.11000061035156,2163800,Yahoo Finance daily
2025-02-20,us,ELF,,72.94999694824219,73.22699737548828,70.98999786376953,71.11000061035156,2861300,Yahoo Finance daily
2025-02-21,us,ELF,,72.08999633789062,76.3499984741211,71.83999633789062,74.91999816894531,2960700,Yahoo Finance daily
2025-02-24,us,ELF,,76.13999938964844,76.71499633789062,72.83000183105469,75.3499984741211,2583300,Yahoo Finance daily
2025-02-25,us,ELF,,74.8499984741211,77.18000030517578,71.0999984741211,72.80000305175781,2541300,Yahoo Finance daily
2025-02-26,us,ELF,,74.13999938964844,74.62000274658203,71.1500015258789,71.76000213623047,1501700,Yahoo Finance daily
2025-02-27,us,ELF,,71.87000274658203,72.94000244140625,69.52999877929688,69.9000015258789,2539200,Yahoo Finance daily
2025-02-28,us,ELF,,69.56999969482422,70.87999725341797,68.87999725341797,70.25,2153900,Yahoo Finance daily
2025-03-03,us,ELF,,70.74500274658203,70.87000274658203,63.7400016784668,63.810001373291016,3061700,Yahoo Finance daily
2025-03-04,us,ELF,,63.15999984741211,65.55000305175781,61.900001525878906,63.93000030517578,2994800,Yahoo Finance daily
2025-03-05,us,ELF,,65.0,65.58999633789062,63.470001220703125,64.66999816894531,2235000,Yahoo Finance daily
2025-03-06,us,ELF,,63.67499923706055,66.01000213623047,63.0,64.41999816894531,1779400,Yahoo Finance daily
2025-03-07,us,ELF,,64.0,70.98200225830078,64.0,70.68000030517578,4074700,Yahoo Finance daily
2025-03-10,us,ELF,,70.1500015258789,78.0,70.0,74.04000091552734,4783300,Yahoo Finance daily
2025-03-11,us,ELF,,73.1500015258789,73.86000061035156,67.77200317382812,69.5199966430664,2853900,Yahoo Finance daily
2025-03-12,us,ELF,,69.5199966430664,69.80999755859375,65.625,68.20999908447266,2173200,Yahoo Finance daily
2025-03-13,us,ELF,,67.94999694824219,68.73999786376953,62.93000030517578,62.970001220703125,2370800,Yahoo Finance daily
2025-03-14,us,ELF,,66.12999725341797,68.5199966430664,64.30999755859375,68.18000030517578,2317100,Yahoo Finance daily
2025-03-17,us,ELF,,66.87000274658203,67.77999877929688,64.97000122070312,66.13999938964844,1872700,Yahoo Finance daily
2025-03-18,us,ELF,,65.91999816894531,65.99299621582031,62.40999984741211,63.619998931884766,2245700,Yahoo Finance daily
2025-03-19,us,ELF,,63.540000915527344,65.68000030517578,62.54999923706055,63.630001068115234,2136600,Yahoo Finance daily
2025-03-20,us,ELF,,63.470001220703125,64.20999908447266,62.400001525878906,62.40999984741211,2043800,Yahoo Finance daily
2025-03-21,us,ELF,,61.63999938964844,63.31999969482422,60.35100173950195,62.84999847412109,2297400,Yahoo Finance daily
2025-03-24,us,ELF,,64.19000244140625,65.375,63.7400016784668,64.87000274658203,1758500,Yahoo Finance daily
2025-03-25,us,ELF,,64.86000061035156,66.87000274658203,63.75,65.0999984741211,1998200,Yahoo Finance daily
2025-03-26,us,ELF,,64.7699966430664,65.69499969482422,63.334999084472656,64.44000244140625,1252100,Yahoo Finance daily
2025-03-27,us,ELF,,64.06999969482422,66.29000091552734,63.5099983215332,65.16000366210938,1321600,Yahoo Finance daily
2025-03-28,us,ELF,,64.13999938964844,67.69999694824219,63.93999862670898,64.83000183105469,2664500,Yahoo Finance daily
2025-03-31,us,ELF,,62.880001068115234,64.79000091552734,62.24399948120117,62.790000915527344,2238700,Yahoo Finance daily
2025-04-01,us,ELF,,64.41000366210938,66.125,62.93999862670898,64.25,1794400,Yahoo Finance daily
2025-04-02,us,ELF,,63.09999847412109,68.98999786376953,63.0,67.88999938964844,3127500,Yahoo Finance daily
2025-04-03,us,ELF,,62.84000015258789,62.95000076293945,54.375,55.02000045776367,6366800,Yahoo Finance daily
2025-04-04,us,ELF,,53.09999847412109,55.5,49.900001525878906,54.93000030517578,5022900,Yahoo Finance daily
2025-04-07,us,ELF,,51.09999847412109,58.70000076293945,50.2599983215332,53.880001068115234,3481700,Yahoo Finance daily
2025-04-08,us,ELF,,55.84999847412109,56.0,50.04999923706055,51.0,3056800,Yahoo Finance daily
2025-04-09,us,ELF,,51.400001525878906,57.16999816894531,50.810001373291016,55.7400016784668,6754300,Yahoo Finance daily
2025-04-10,us,ELF,,54.84000015258789,55.37699890136719,51.459999084472656,53.790000915527344,3282000,Yahoo Finance daily
2025-04-11,us,ELF,,53.0,53.65999984741211,51.0099983215332,53.61000061035156,3528600,Yahoo Finance daily
2025-04-14,us,ELF,,56.2599983215332,56.79999923706055,53.13999938964844,53.459999084472656,2183600,Yahoo Finance daily
2025-04-15,us,ELF,,53.0,54.0,51.7599983215332,52.16999816894531,1618200,Yahoo Finance daily
2025-04-16,us,ELF,,51.29999923706055,52.25,49.400001525878906,49.95000076293945,1992800,Yahoo Finance daily
2025-04-17,us,ELF,,49.75,52.68999862670898,49.540000915527344,52.650001525878906,2241800,Yahoo Finance daily
2025-04-21,us,ELF,,51.650001525878906,53.869998931884766,50.790000915527344,53.470001220703125,2294700,Yahoo Finance daily
2025-04-22,us,ELF,,53.125,55.38999938964844,52.04999923706055,55.33000183105469,2601600,Yahoo Finance daily
2025-04-23,us,ELF,,59.0,61.84000015258789,56.720001220703125,56.84000015258789,3018700,Yahoo Finance daily
2025-04-24,us,ELF,,57.09999847412109,60.9900016784668,56.5,60.65999984741211,2644600,Yahoo Finance daily
2025-04-25,us,ELF,,61.18999862670898,62.20000076293945,59.11399841308594,61.150001525878906,2211000,Yahoo Finance daily
2025-04-28,us,ELF,,60.790000915527344,62.900001525878906,60.59999847412109,61.97999954223633,2392900,Yahoo Finance daily
2025-04-29,us,ELF,,62.22999954223633,62.29999923706055,61.0099983215332,62.16999816894531,1041900,Yahoo Finance daily
2025-04-30,us,ELF,,60.7400016784668,62.11000061035156,60.23099899291992,61.869998931884766,1498100,Yahoo Finance daily
2025-05-01,us,ELF,,62.20000076293945,63.0,61.209999084472656,62.25,1892300,Yahoo Finance daily
2025-05-02,us,ELF,,63.02000045776367,68.25,63.02000045776367,68.05000305175781,2588900,Yahoo Finance daily
2025-05-05,us,ELF,,67.05999755859375,68.80999755859375,66.3740005493164,67.79000091552734,1721200,Yahoo Finance daily
2025-05-06,us,ELF,,66.31999969482422,68.1500015258789,65.83000183105469,67.69000244140625,1438300,Yahoo Finance daily
2025-05-07,us,ELF,,68.0199966430664,68.28800201416016,64.87000274658203,66.55999755859375,1720300,Yahoo Finance daily
2025-05-08,us,ELF,,67.69999694824219,69.06999969482422,66.23999786376953,67.9000015258789,3601400,Yahoo Finance daily
2025-05-09,us,ELF,,67.5999984741211,69.5250015258789,66.83999633789062,66.83999633789062,1564600,Yahoo Finance daily
2025-05-12,us,ELF,,74.5,76.30000305175781,71.76100158691406,74.06999969482422,3751500,Yahoo Finance daily
2025-05-13,us,ELF,,75.58999633789062,78.56999969482422,75.23999786376953,78.20999908447266,3451800,Yahoo Finance daily
2025-05-14,us,ELF,,78.9800033569336,79.8499984741211,76.58000183105469,77.1500015258789,2545500,Yahoo Finance daily
2025-05-15,us,ELF,,75.61000061035156,78.2699966430664,74.48999786376953,78.18000030517578,1479000,Yahoo Finance daily
2025-05-16,us,ELF,,78.75,79.5999984741211,76.80999755859375,79.30000305175781,1751600,Yahoo Finance daily
2025-05-19,us,ELF,,77.54000091552734,79.63999938964844,77.51399993896484,79.56999969482422,1481500,Yahoo Finance daily
2025-05-20,us,ELF,,79.41000366210938,81.76799774169922,78.83499908447266,81.51000213623047,1838500,Yahoo Finance daily
2025-05-21,us,ELF,,80.25,81.31999969482422,78.19999694824219,79.05999755859375,2373600,Yahoo Finance daily
2025-05-22,us,ELF,,80.5,83.22000122070312,79.5199966430664,82.77999877929688,1869100,Yahoo Finance daily
2025-05-23,us,ELF,,80.0,84.3949966430664,79.26000213623047,83.93000030517578,2981600,Yahoo Finance daily
2025-05-27,us,ELF,,86.04000091552734,92.01000213623048,84.66999816894531,91.72000122070312,4331500,Yahoo Finance daily
2025-05-28,us,ELF,,91.52999877929688,92.95500183105467,90.41000366210938,90.5,6225700,Yahoo Finance daily
2025-05-29,us,ELF,,108.87000274658205,120.80999755859376,108.58000183105467,111.83999633789062,16420100,Yahoo Finance daily
2025-05-30,us,ELF,,112.16000366210938,115.97000122070312,110.6500015258789,112.48999786376952,5865500,Yahoo Finance daily
2025-06-02,us,ELF,,112.97000122070312,115.4000015258789,109.87999725341795,113.7699966430664,3547800,Yahoo Finance daily
2025-06-03,us,ELF,,114.98999786376952,115.54900360107422,112.3499984741211,114.77999877929688,2291700,Yahoo Finance daily
2025-06-04,us,ELF,,114.27999877929688,117.8499984741211,113.68299865722656,117.23999786376952,2372600,Yahoo Finance daily
2025-06-05,us,ELF,,117.55999755859376,118.72000122070312,113.80999755859376,115.8000030517578,2232900,Yahoo Finance daily
2025-06-06,us,ELF,,119.41999816894533,119.4499969482422,116.55999755859376,117.66000366210938,1997500,Yahoo Finance daily
2025-06-09,us,ELF,,119.0,120.52999877929688,115.66000366210938,116.51000213623048,1667800,Yahoo Finance daily
2025-06-10,us,ELF,,117.25,122.25299835205078,116.5999984741211,117.95999908447266,2093800,Yahoo Finance daily
2025-06-11,us,ELF,,118.76000213623048,125.3499984741211,118.6750030517578,124.5199966430664,2920600,Yahoo Finance daily
2025-06-12,us,ELF,,123.5500030517578,129.77000427246094,123.1500015258789,128.5399932861328,2552200,Yahoo Finance daily
2025-06-13,us,ELF,,127.11000061035156,130.66700744628906,123.47000122070312,125.26000213623048,2221800,Yahoo Finance daily
2025-06-16,us,ELF,,127.4800033569336,128.22999572753906,125.29000091552734,126.20999908447266,1625500,Yahoo Finance daily
2025-06-17,us,ELF,,124.06999969482422,126.9000015258789,121.0,125.56999969482422,1999000,Yahoo Finance daily
2025-06-18,us,ELF,,125.58999633789062,126.1750030517578,121.83499908447266,122.23999786376952,2159400,Yahoo Finance daily
2025-06-20,us,ELF,,122.31999969482422,122.7750015258789,116.87000274658205,119.8499984741211,2451400,Yahoo Finance daily
2025-06-23,us,ELF,,116.7300033569336,123.76000213623048,115.1999969482422,123.11000061035156,1534000,Yahoo Finance daily
2025-06-24,us,ELF,,124.54000091552734,125.58999633789062,120.55999755859376,121.87000274658205,1402900,Yahoo Finance daily
2025-06-25,us,ELF,,121.66000366210938,125.91000366210938,119.5,125.41000366210938,1627100,Yahoo Finance daily
2025-06-26,us,ELF,,125.6500015258789,127.05799865722656,122.33000183105467,124.88999938964844,1502600,Yahoo Finance daily
2025-06-27,us,ELF,,126.36000061035156,126.9000015258789,122.94000244140624,126.33000183105467,2436200,Yahoo Finance daily
2025-06-30,us,ELF,,126.68000030517578,128.26199340820312,124.41999816894533,124.44000244140624,1177900,Yahoo Finance daily
2025-07-01,us,ELF,,123.75,129.60000610351562,123.33999633789062,126.66999816894533,1633200,Yahoo Finance daily
2025-07-02,us,ELF,,126.7699966430664,130.4199981689453,125.7969970703125,129.47999572753906,1484300,Yahoo Finance daily
2025-07-03,us,ELF,,130.80499267578125,132.47999572753906,130.0,130.97999572753906,789400,Yahoo Finance daily
2025-07-07,us,ELF,,127.41000366210938,128.14500427246094,120.81999969482422,122.38999938964844,2013800,Yahoo Finance daily
2025-07-08,us,ELF,,122.23999786376952,122.5,113.87999725341795,116.98999786376952,3481700,Yahoo Finance daily
2025-07-09,us,ELF,,118.2699966430664,118.80999755859376,114.95999908447266,117.66000366210938,1580000,Yahoo Finance daily
2025-07-10,us,ELF,,117.9000015258789,117.9000015258789,114.3000030517578,115.37000274658205,2221100,Yahoo Finance daily
2025-07-11,us,ELF,,113.29000091552734,113.6500015258789,109.5500030517578,109.9800033569336,2015300,Yahoo Finance daily
2025-07-14,us,ELF,,109.25,109.6999969482422,105.93000030517578,106.0199966430664,2192500,Yahoo Finance daily
2025-07-15,us,ELF,,107.01000213623048,109.45999908447266,106.0,106.86000061035156,2120000,Yahoo Finance daily
2025-07-16,us,ELF,,107.12000274658205,108.66999816894533,105.25,108.51000213623048,1629400,Yahoo Finance daily
2025-07-17,us,ELF,,108.1999969482422,111.8000030517578,108.02999877929688,110.9000015258789,1767000,Yahoo Finance daily
2025-07-18,us,ELF,,111.51000213623048,118.8000030517578,110.70999908447266,117.62999725341795,2541500,Yahoo Finance daily
2025-07-21,us,ELF,,118.0,118.12999725341795,111.45999908447266,111.61000061035156,1809900,Yahoo Finance daily
2025-07-22,us,ELF,,112.08000183105467,116.51000213623048,111.98999786376952,116.0500030517578,1533500,Yahoo Finance daily
2025-07-23,us,ELF,,117.83999633789062,120.88999938964844,117.0199966430664,117.66000366210938,1288800,Yahoo Finance daily
2025-07-24,us,ELF,,117.86000061035156,119.41000366210938,116.87000274658205,119.22000122070312,1216100,Yahoo Finance daily
2025-07-25,us,ELF,,119.88999938964844,121.8499984741211,117.62999725341795,120.86000061035156,1355200,Yahoo Finance daily
2025-07-28,us,ELF,,121.41999816894533,122.65499877929688,119.73500061035156,120.9499969482422,1403100,Yahoo Finance daily
2025-07-29,us,ELF,,121.0,121.94000244140624,118.33999633789062,119.93000030517578,1388300,Yahoo Finance daily
2025-07-30,us,ELF,,120.81999969482422,124.30999755859376,118.96600341796876,123.27999877929688,1276000,Yahoo Finance daily
2025-07-31,us,ELF,,123.0,123.1500015258789,120.22000122070312,121.19000244140624,1031400,Yahoo Finance daily
2025-08-01,us,ELF,,118.5999984741211,119.52999877929688,115.06999969482422,116.41999816894533,1372900,Yahoo Finance daily
2025-08-04,us,ELF,,117.51000213623048,117.51000213623048,113.0,116.27999877929688,1355900,Yahoo Finance daily
2025-08-05,us,ELF,,115.16000366210938,115.78500366210938,108.88999938964844,109.83999633789062,2270200,Yahoo Finance daily
2025-08-06,us,ELF,,110.12000274658205,112.3499984741211,108.04900360107422,110.38999938964844,3504300,Yahoo Finance daily
2025-08-07,us,ELF,,97.68000030517578,102.48999786376952,94.0,99.91999816894533,7626200,Yahoo Finance daily
2025-08-08,us,ELF,,104.77999877929688,105.89700317382812,100.58000183105467,101.7699966430664,3436300,Yahoo Finance daily
2025-08-11,us,ELF,,107.37000274658205,115.68000030517578,106.30699920654295,111.66999816894533,6186800,Yahoo Finance daily
2025-08-12,us,ELF,,113.0,118.94000244140624,112.0,116.75,2718900,Yahoo Finance daily
2025-08-13,us,ELF,,118.0,123.87999725341795,117.56999969482422,122.91999816894533,2356200,Yahoo Finance daily
2025-08-14,us,ELF,,120.5,121.8000030517578,117.3000030517578,119.5999984741211,1864200,Yahoo Finance daily
2025-08-15,us,ELF,,119.5,120.0,114.95999908447266,116.37000274658205,2125300,Yahoo Finance daily
2025-08-18,us,ELF,,117.0,123.86000061035156,116.58999633789062,123.73999786376952,2125100,Yahoo Finance daily
2025-08-19,us,ELF,,123.6999969482422,123.94000244140624,119.7699966430664,119.83000183105467,1757500,Yahoo Finance daily
2025-08-20,us,ELF,,118.0,120.58000183105467,117.62200164794922,120.44000244140624,1554400,Yahoo Finance daily
2025-08-21,us,ELF,,118.1999969482422,118.1999969482422,113.58999633789062,116.30999755859376,2385600,Yahoo Finance daily
2025-08-22,us,ELF,,117.23999786376952,119.01000213623048,116.22000122070312,118.1500015258789,1454600,Yahoo Finance daily
2025-08-25,us,ELF,,115.58999633789062,116.23799896240234,112.41999816894533,113.94000244140624,1571500,Yahoo Finance daily
2025-08-26,us,ELF,,114.37000274658205,115.79000091552734,112.8000030517578,115.04000091552734,1270500,Yahoo Finance daily
2025-08-27,us,ELF,,115.11000061035156,125.5999984741211,114.79499816894533,124.9000015258789,1988900,Yahoo Finance daily
2025-08-28,us,ELF,,126.0,131.10000610351562,125.9000015258789,129.35000610351562,2200200,Yahoo Finance daily
2025-08-29,us,ELF,,129.22999572753906,132.3000030517578,123.70999908447266,125.0,1811900,Yahoo Finance daily
2025-09-02,us,ELF,,120.45500183105467,125.88999938964844,119.01699829101562,125.5999984741211,1987200,Yahoo Finance daily
2025-09-03,us,ELF,,125.2300033569336,130.9499969482422,125.2300033569336,130.16000366210938,1521500,Yahoo Finance daily
2025-09-04,us,ELF,,133.0,136.7100067138672,132.00999450683594,133.72000122070312,1996300,Yahoo Finance daily
2025-09-05,us,ELF,,134.08999633789062,138.77499389648438,131.16000366210938,133.97000122070312,2400600,Yahoo Finance daily
2025-09-08,us,ELF,,135.6300048828125,139.80999755859375,133.13999938964844,138.0,2355800,Yahoo Finance daily
2025-09-09,us,ELF,,137.1300048828125,139.60499572753906,135.22000122070312,138.8300018310547,1523700,Yahoo Finance daily
2025-09-10,us,ELF,,139.10000610351562,139.1750030517578,131.82000732421875,134.44000244140625,1903400,Yahoo Finance daily
2025-09-11,us,ELF,,135.0,138.1199951171875,133.63099670410156,138.07000732421875,1290700,Yahoo Finance daily
2025-09-12,us,ELF,,137.6199951171875,140.83999633789062,133.8699951171875,135.22000122070312,1242800,Yahoo Finance daily
2025-09-15,us,ELF,,136.38999938964844,144.9199981689453,135.3000030517578,144.3699951171875,1705700,Yahoo Finance daily
2025-09-16,us,ELF,,145.0,146.8000030517578,140.4499969482422,143.27999877929688,1784100,Yahoo Finance daily
2025-09-17,us,ELF,,145.91000366210938,150.99000549316406,144.1300048828125,146.11000061035156,2321300,Yahoo Finance daily
2025-09-18,us,ELF,,147.52000427246094,149.47999572753906,144.68499755859375,146.6699981689453,1730000,Yahoo Finance daily
2025-09-19,us,ELF,,146.3800048828125,147.45700073242188,139.5,139.9600067138672,2373100,Yahoo Finance daily
2025-09-22,us,ELF,,139.24000549316406,139.8000030517578,136.50100708007812,137.32000732421875,1572400,Yahoo Finance daily
2025-09-23,us,ELF,,138.5,140.7100067138672,135.47000122070312,136.07000732421875,1408000,Yahoo Finance daily
2025-09-24,us,ELF,,135.60000610351562,135.60000610351562,128.75999450683594,128.82000732421875,1852000,Yahoo Finance daily
2025-09-25,us,ELF,,127.7300033569336,130.74000549316406,125.13999938964844,130.6999969482422,1702400,Yahoo Finance daily
2025-09-26,us,ELF,,128.41000366210938,132.4600067138672,127.77999877929688,129.77000427246094,1353900,Yahoo Finance daily
2025-09-29,us,ELF,,130.66000366210938,133.7899932861328,129.00999450683594,131.1999969482422,1185100,Yahoo Finance daily
2025-09-30,us,ELF,,131.80999755859375,137.50999450683594,131.7050018310547,132.47999572753906,1358100,Yahoo Finance daily
2025-10-01,us,ELF,,131.88999938964844,135.2899932861328,130.05999755859375,135.1999969482422,1261200,Yahoo Finance daily
2025-10-02,us,ELF,,135.77000427246094,136.75,132.47000122070312,135.91000366210938,1018100,Yahoo Finance daily
2025-10-03,us,ELF,,136.5500030517578,138.22000122070312,133.7989959716797,134.61000061035156,1055000,Yahoo Finance daily
2025-10-06,us,ELF,,136.52999877929688,140.11000061035156,136.33999633789062,138.32000732421875,1392400,Yahoo Finance daily
2025-10-07,us,ELF,,139.11000061035156,141.88999938964844,138.25,140.60000610351562,964200,Yahoo Finance daily
2025-10-08,us,ELF,,147.75,147.75,142.5,145.07000732421875,1423600,Yahoo Finance daily
2025-10-09,us,ELF,,145.07000732421875,146.6439971923828,141.50999450683594,144.97000122070312,788200,Yahoo Finance daily
2025-10-10,us,ELF,,146.50999450683594,147.0,129.27499389648438,129.69000244140625,3102800,Yahoo Finance daily
2025-10-13,us,ELF,,134.0,141.27499389648438,132.6199951171875,132.69000244140625,1383300,Yahoo Finance daily
2025-10-14,us,ELF,,129.92999267578125,135.44000244140625,128.33999633789062,132.49000549316406,1198900,Yahoo Finance daily
2025-10-15,us,ELF,,134.64999389648438,139.6199951171875,133.46499633789062,134.0800018310547,1261300,Yahoo Finance daily
2025-10-16,us,ELF,,135.39999389648438,141.5,133.6999969482422,135.85000610351562,1319400,Yahoo Finance daily
2025-10-17,us,ELF,,134.83999633789062,139.35000610351562,134.00100708007812,136.9199981689453,1375300,Yahoo Finance daily
2025-10-20,us,ELF,,136.80999755859375,137.52499389648438,125.88999938964844,127.41999816894533,2796800,Yahoo Finance daily
2025-10-21,us,ELF,,128.39999389648438,129.5,124.25,127.12999725341795,1158900,Yahoo Finance daily
2025-10-22,us,ELF,,127.1500015258789,127.43000030517578,122.52999877929688,123.66000366210938,1160800,Yahoo Finance daily
2025-10-23,us,ELF,,124.4800033569336,126.0999984741211,123.20500183105467,125.0199966430664,1125800,Yahoo Finance daily
2025-10-24,us,ELF,,126.63999938964844,127.75,122.52999877929688,122.80999755859376,1004100,Yahoo Finance daily
2025-10-27,us,ELF,,125.44000244140624,128.7899932861328,124.91000366210938,126.18000030517578,1122700,Yahoo Finance daily
2025-10-28,us,ELF,,127.0,132.36500549316406,124.77999877929688,131.6999969482422,1518000,Yahoo Finance daily
2025-10-29,us,ELF,,131.35000610351562,131.88999938964844,126.5999984741211,126.98999786376952,1045900,Yahoo Finance daily
2025-10-30,us,ELF,,125.29000091552734,126.25299835205078,123.02999877929688,123.11000061035156,890000,Yahoo Finance daily
2025-10-31,us,ELF,,124.72000122070312,124.98999786376952,121.94000244140624,122.13999938964844,1828800,Yahoo Finance daily
2025-11-03,us,ELF,,122.3000030517578,123.06500244140624,118.73200225830078,120.94000244140624,1303700,Yahoo Finance daily
2025-11-04,us,ELF,,117.44000244140624,119.29000091552734,115.93000030517578,118.29000091552734,1514800,Yahoo Finance daily
2025-11-05,us,ELF,,115.7699966430664,122.36000061035156,115.51000213623048,117.83000183105467,4628300,Yahoo Finance daily
2025-11-06,us,ELF,,89.44000244140625,94.98999786376952,74.11000061035156,76.54000091552734,19361100,Yahoo Finance daily
2025-11-07,us,ELF,,75.6500015258789,77.20800018310547,69.05000305175781,73.73999786376953,8311000,Yahoo Finance daily
2025-11-10,us,ELF,,75.9000015258789,81.0,75.9000015258789,79.8499984741211,6603800,Yahoo Finance daily
2025-11-11,us,ELF,,79.88999938964844,80.61900329589844,77.0,77.97000122070312,3078200,Yahoo Finance daily
2025-11-12,us,ELF,,78.0,79.44999694824219,77.19000244140625,77.73999786376953,2603800,Yahoo Finance daily
2025-11-13,us,ELF,,77.0,78.0,73.875,74.38999938964844,2776400,Yahoo Finance daily
2025-11-14,us,ELF,,72.52999877929688,76.0,72.01000213623047,73.51000213623047,2923300,Yahoo Finance daily
2025-11-17,us,ELF,,73.8499984741211,76.77999877929688,72.41999816894531,72.79000091552734,3153300,Yahoo Finance daily
2025-11-18,us,ELF,,72.0,73.81999969482422,70.55999755859375,73.05999755859375,1946400,Yahoo Finance daily
2025-11-19,us,ELF,,72.61000061035156,73.0,70.3499984741211,71.23999786376953,2241300,Yahoo Finance daily
2025-11-20,us,ELF,,72.0,72.4800033569336,68.06999969482422,68.41999816894531,2561000,Yahoo Finance daily
2025-11-21,us,ELF,,68.11000061035156,70.80000305175781,67.37000274658203,70.05000305175781,2120800,Yahoo Finance daily
2025-11-24,us,ELF,,69.30999755859375,71.83000183105469,69.16999816894531,71.25,1806200,Yahoo Finance daily
2025-11-25,us,ELF,,71.13999938964844,72.18499755859375,69.69000244140625,72.11000061035156,1654000,Yahoo Finance daily
2025-11-26,us,ELF,,72.22000122070312,75.7300033569336,71.4000015258789,75.2300033569336,1625200,Yahoo Finance daily
2025-11-28,us,ELF,,75.0,77.37000274658203,74.58000183105469,76.16999816894531,1055700,Yahoo Finance daily
2025-12-01,us,ELF,,74.94999694824219,79.97000122070312,74.94000244140625,76.66000366210938,2216600,Yahoo Finance daily
2025-12-02,us,ELF,,77.27999877929688,77.88700103759766,73.73999786376953,74.19999694824219,1782500,Yahoo Finance daily
2025-12-03,us,ELF,,75.27999877929688,81.93000030517578,75.13099670410156,80.37000274658203,4350600,Yahoo Finance daily
2025-12-04,us,ELF,,79.83000183105469,81.72000122070312,78.4800033569336,81.62000274658203,1994900,Yahoo Finance daily
2025-12-05,us,ELF,,82.05999755859375,84.37999725341797,80.02999877929688,81.4000015258789,2595900,Yahoo Finance daily
2025-12-08,us,ELF,,80.83000183105469,80.83000183105469,76.91000366210938,77.27999877929688,2370900,Yahoo Finance daily
2025-12-09,us,ELF,,77.45999908447266,79.55000305175781,76.3949966430664,77.41999816894531,1886500,Yahoo Finance daily
2025-12-10,us,ELF,,76.51000213623047,79.83999633789062,75.9749984741211,78.62000274658203,1674800,Yahoo Finance daily
2025-12-11,us,ELF,,78.43000030517578,79.30999755859375,77.41999816894531,77.98999786376953,1559700,Yahoo Finance daily
2025-12-12,us,ELF,,77.70999908447266,79.30000305175781,76.26000213623047,76.36000061035156,1407200,Yahoo Finance daily
2025-12-15,us,ELF,,76.70999908447266,79.2699966430664,76.30000305175781,78.5999984741211,1777300,Yahoo Finance daily
2025-12-16,us,ELF,,79.06999969482422,81.0,77.9800033569336,78.7699966430664,1626700,Yahoo Finance daily
2025-12-17,us,ELF,,79.18000030517578,80.64299774169922,78.69000244140625,78.8499984741211,1481300,Yahoo Finance daily
2025-12-18,us,ELF,,79.8499984741211,81.19999694824219,76.30999755859375,77.26000213623047,1514600,Yahoo Finance daily
2025-12-19,us,ELF,,78.0,80.87999725341797,77.62000274658203,80.44000244140625,2304200,Yahoo Finance daily
2025-12-22,us,ELF,,80.08000183105469,82.19000244140625,78.2229995727539,79.13999938964844,1560300,Yahoo Finance daily
2025-12-23,us,ELF,,78.58000183105469,79.11000061035156,76.51000213623047,78.45999908447266,1352900,Yahoo Finance daily
2025-12-24,us,ELF,,78.25,80.13800048828125,77.05000305175781,79.76000213623047,630400,Yahoo Finance daily
2025-12-26,us,ELF,,79.5,80.87000274658203,79.04000091552734,80.41999816894531,839900,Yahoo Finance daily
2025-12-29,us,ELF,,79.5,80.30000305175781,78.09500122070312,79.43000030517578,1506900,Yahoo Finance daily
2025-12-30,us,ELF,,79.37000274658203,79.37000274658203,76.7300033569336,76.80000305175781,1742100,Yahoo Finance daily
2025-12-31,us,ELF,,76.77999877929688,77.27999877929688,75.96600341796875,76.04000091552734,1349600,Yahoo Finance daily
2026-01-02,us,ELF,,76.75,78.30000305175781,75.7300033569336,77.80999755859375,1510700,Yahoo Finance daily
2026-01-05,us,ELF,,78.86000061035156,80.12000274658203,76.61000061035156,76.83999633789062,1929500,Yahoo Finance daily
2026-01-06,us,ELF,,78.05000305175781,80.56999969482422,76.80000305175781,79.12000274658203,2279800,Yahoo Finance daily
2026-01-07,us,ELF,,79.37000274658203,82.69999694824219,77.55999755859375,82.0999984741211,1879800,Yahoo Finance daily
2026-01-08,us,ELF,,82.16000366210938,87.62999725341797,80.12999725341797,86.05000305175781,3035100,Yahoo Finance daily
2026-01-09,us,ELF,,87.97000122070312,88.19999694824219,83.73500061035156,87.0199966430664,1739700,Yahoo Finance daily
2026-01-12,us,ELF,,86.0,87.80000305175781,83.8499984741211,86.58000183105469,1520300,Yahoo Finance daily
2026-01-13,us,ELF,,86.5,88.33999633789062,85.0,87.55999755859375,1466900,Yahoo Finance daily
2026-01-14,us,ELF,,87.08000183105469,88.37999725341797,84.66999816894531,86.26000213623047,1939700,Yahoo Finance daily
2026-01-15,us,ELF,,86.41000366210938,89.63999938964844,85.25,89.18000030517578,1563200,Yahoo Finance daily
2026-01-16,us,ELF,,90.0,90.77999877929688,88.52999877929688,89.98999786376953,1818600,Yahoo Finance daily
2026-01-20,us,ELF,,87.20999908447266,91.91699981689452,86.91600036621094,89.04000091552734,1853800,Yahoo Finance daily
2026-01-21,us,ELF,,90.9800033569336,92.91999816894533,89.44999694824219,91.81999969482422,1498900,Yahoo Finance daily
2026-01-22,us,ELF,,93.0,94.98999786376952,92.33699798583984,93.61000061035156,1457900,Yahoo Finance daily
2026-01-23,us,ELF,,95.58000183105467,96.40799713134766,92.87000274658205,94.16000366210938,1475800,Yahoo Finance daily
2026-01-26,us,ELF,,93.55999755859376,93.55999755859376,87.54000091552734,88.80000305175781,2461700,Yahoo Finance daily
2026-01-27,us,ELF,,88.87999725341797,89.12999725341797,86.47000122070312,86.7300033569336,1454000,Yahoo Finance daily
2026-01-28,us,ELF,,87.69000244140625,87.88999938964844,84.87000274658203,84.9800033569336,1842100,Yahoo Finance daily
2026-01-29,us,ELF,,84.56999969482422,87.0,82.91999816894531,85.02999877929688,1638700,Yahoo Finance daily
2026-01-30,us,ELF,,85.80999755859375,87.45099639892578,83.77799987792969,84.98999786376953,1697300,Yahoo Finance daily
2026-02-02,us,ELF,,85.06999969482422,88.11000061035156,82.48999786376953,86.1500015258789,1774400,Yahoo Finance daily
2026-02-03,us,ELF,,86.19999694824219,89.5999984741211,83.11000061035156,84.80999755859375,2266200,Yahoo Finance daily
2026-02-04,us,ELF,,84.58000183105469,88.8499984741211,84.0,84.62999725341797,4127500,Yahoo Finance daily
2026-02-05,us,ELF,,92.0,95.0,76.51000213623047,76.86000061035156,5552800,Yahoo Finance daily
2026-02-06,us,ELF,,77.11000061035156,84.4000015258789,76.09200286865234,82.08999633789062,3172600,Yahoo Finance daily
2026-02-09,us,ELF,,81.77999877929688,82.19999694824219,74.05999755859375,74.45999908447266,4121900,Yahoo Finance daily
2026-02-10,us,ELF,,75.61000061035156,78.19999694824219,73.19999694824219,73.26000213623047,2909900,Yahoo Finance daily
2026-02-11,us,ELF,,74.08000183105469,77.83000183105469,73.12000274658203,76.81999969482422,2522500,Yahoo Finance daily
2026-02-12,us,ELF,,77.05000305175781,78.93000030517578,74.01000213623047,74.33000183105469,1948100,Yahoo Finance daily
2026-02-13,us,ELF,,75.58999633789062,81.62000274658203,74.5,81.5,2937100,Yahoo Finance daily
2026-02-17,us,ELF,,83.12999725341797,88.55000305175781,83.125,87.27999877929688,3122400,Yahoo Finance daily
2026-02-18,us,ELF,,88.72000122070312,88.88999938964844,86.11000061035156,88.04000091552734,2004500,Yahoo Finance daily
2026-02-19,us,ELF,,87.13999938964844,91.30999755859376,86.69999694824219,91.12999725341795,1916800,Yahoo Finance daily
2026-02-20,us,ELF,,90.48999786376952,95.58000183105467,89.5,94.0199966430664,2967000,Yahoo Finance daily
2026-02-23,us,ELF,,93.3499984741211,95.36000061035156,88.6500015258789,90.06999969482422,1666800,Yahoo Finance daily
2026-02-24,us,ELF,,92.0199966430664,95.5,91.20999908447266,94.83000183105467,1470200,Yahoo Finance daily
2026-02-25,us,ELF,,93.9499969482422,94.5500030517578,91.5,93.08999633789062,1717100,Yahoo Finance daily
2026-02-26,us,ELF,,93.58999633789062,97.50499725341795,93.58999633789062,94.6500015258789,1569300,Yahoo Finance daily
2026-02-27,us,ELF,,92.76000213623048,95.5,89.87000274658203,92.0500030517578,1723000,Yahoo Finance daily
2026-03-02,us,ELF,,88.56999969482422,89.0,80.95999908447266,81.63999938964844,3428700,Yahoo Finance daily
2026-03-03,us,ELF,,80.41999816894531,82.66000366210938,78.75,81.08999633789062,1819000,Yahoo Finance daily
2026-03-04,us,ELF,,82.2300033569336,82.5,79.54000091552734,80.30000305175781,1468800,Yahoo Finance daily
2026-03-05,us,ELF,,79.36000061035156,82.62999725341797,79.0,82.54000091552734,1519300,Yahoo Finance daily
2026-03-06,us,ELF,,81.22000122070312,83.69999694824219,80.0,82.44000244140625,1403600,Yahoo Finance daily
2026-03-09,us,ELF,,79.72000122070312,79.80500030517578,73.55500030517578,77.1500015258789,4109200,Yahoo Finance daily
2026-03-10,us,ELF,,77.01000213623047,81.47000122070312,76.4800033569336,80.48999786376953,2233000,Yahoo Finance daily
2026-03-11,us,ELF,,80.69999694824219,82.30000305175781,79.3499984741211,79.94999694824219,1467600,Yahoo Finance daily
2026-03-12,us,ELF,,77.7699966430664,77.7699966430664,72.05000305175781,72.58000183105469,3050000,Yahoo Finance daily
2026-03-13,us,ELF,,72.25,75.91000366210938,71.80000305175781,73.41000366210938,3013200,Yahoo Finance daily
2026-03-16,us,ELF,,73.33999633789062,74.77999877929688,72.3499984741211,73.62000274658203,1695500,Yahoo Finance daily
2026-03-17,us,ELF,,73.61000061035156,76.18000030517578,73.61000061035156,74.66000366210938,1309300,Yahoo Finance daily
2026-03-18,us,ELF,,73.5,75.43900299072266,70.04000091552734,70.30999755859375,2960000,Yahoo Finance daily
2026-03-19,us,ELF,,69.4000015258789,73.44999694824219,68.87200164794922,73.4000015258789,1960000,Yahoo Finance daily
2026-03-20,us,ELF,,72.97000122070312,74.18000030517578,71.69100189208984,72.5,2013700,Yahoo Finance daily
2026-03-23,us,ELF,,74.5,75.0999984741211,70.99500274658203,71.91999816894531,2367800,Yahoo Finance daily
2026-03-24,us,ELF,,71.0,71.5,67.4800033569336,67.55999755859375,2555300,Yahoo Finance daily
2026-03-25,us,ELF,,68.62999725341797,69.70999908447266,67.16000366210938,69.6500015258789,1808400,Yahoo Finance daily
2026-03-26,us,ELF,,68.25,69.98999786376953,66.73999786376953,66.87999725341797,1540100,Yahoo Finance daily
2026-03-27,us,ELF,,65.70999908447266,66.1500015258789,60.900001525878906,61.04999923706055,2763600,Yahoo Finance daily
2026-03-30,us,ELF,,61.310001373291016,62.75,59.0,59.34999847412109,3095800,Yahoo Finance daily
2026-03-31,us,ELF,,60.22999954223633,61.32899856567383,58.04999923706055,60.61000061035156,3593300,Yahoo Finance daily
2026-04-01,us,ELF,,61.75,63.77000045776367,61.2599983215332,62.29999923706055,3795500,Yahoo Finance daily
2026-04-02,us,ELF,,59.13999938964844,62.1349983215332,58.540000915527344,61.15999984741211,3084300,Yahoo Finance daily
2026-04-06,us,ELF,,60.5,64.05999755859375,60.41999816894531,63.220001220703125,2148600,Yahoo Finance daily
2026-04-07,us,ELF,,62.31999969482422,63.07500076293945,59.97999954223633,61.13999938964844,2541600,Yahoo Finance daily
2026-04-08,us,ELF,,65.6500015258789,67.20999908447266,61.70000076293945,61.77000045776367,3418100,Yahoo Finance daily
2026-04-09,us,ELF,,61.060001373291016,65.01000213623047,59.90999984741211,63.93000030517578,2097800,Yahoo Finance daily
2026-04-10,us,ELF,,63.72999954223633,65.46299743652344,63.11000061035156,65.12999725341797,2143300,Yahoo Finance daily
2026-04-13,us,ELF,,64.08999633789062,67.19000244140625,64.05999755859375,65.62000274658203,2249300,Yahoo Finance daily
2026-04-14,us,ELF,,66.22000122070312,69.29000091552734,66.22000122070312,68.9000015258789,2290000,Yahoo Finance daily
2026-04-15,us,ELF,,69.1500015258789,70.30000305175781,68.25,69.86000061035156,1635500,Yahoo Finance daily
2026-04-16,us,ELF,,69.86000061035156,71.12000274658203,68.11000061035156,69.25,1597400,Yahoo Finance daily
2026-04-17,us,ELF,,70.94000244140625,71.2300033569336,66.50499725341797,66.81999969482422,2798500,Yahoo Finance daily
2026-04-20,us,ELF,,66.66999816894531,68.6500015258789,65.5999984741211,68.41999816894531,1748600,Yahoo Finance daily
2026-04-21,us,ELF,,68.2699966430664,70.19999694824219,66.61000061035156,66.9800033569336,1767000,Yahoo Finance daily
2026-04-22,us,ELF,,67.58999633789062,67.5999984741211,65.04499816894531,65.58000183105469,2293300,Yahoo Finance daily
2026-04-23,us,ELF,,65.30999755859375,67.87999725341797,65.30999755859375,66.2300033569336,1828300,Yahoo Finance daily
2026-04-24,us,ELF,,66.87000274658203,67.81999969482422,65.80000305175781,66.27999877929688,1714200,Yahoo Finance daily
2026-04-27,us,ELF,,66.1500015258789,66.1500015258789,62.7400016784668,63.720001220703125,2842700,Yahoo Finance daily
2026-04-28,us,ELF,,63.0,63.66999816894531,61.90999984741211,63.0,2483400,Yahoo Finance daily
2026-04-29,us,ELF,,62.150001525878906,62.77999877929688,60.70000076293945,61.08000183105469,2272200,Yahoo Finance daily
2026-04-30,us,ELF,,61.5,64.47000122070312,61.23600006103516,63.970001220703125,2175200,Yahoo Finance daily
2026-05-01,us,ELF,,63.09999847412109,64.0,59.7400016784668,60.4900016784668,4069600,Yahoo Finance daily
2026-05-04,us,ELF,,60.060001373291016,62.60499954223633,60.0,61.84999847412109,2663500,Yahoo Finance daily
2026-05-05,us,ELF,,62.29999923706055,62.43000030517578,59.084999084472656,59.41999816894531,2826600,Yahoo Finance daily
2026-05-06,us,ELF,,61.18000030517578,61.709999084472656,60.0,61.43000030517578,2479400,Yahoo Finance daily
2026-05-07,us,ELF,,62.09000015258789,63.56999969482422,61.25,61.790000915527344,2354700,Yahoo Finance daily
2026-05-08,us,ELF,,62.2599983215332,62.45000076293945,60.415000915527344,60.86000061035156,2260800,Yahoo Finance daily
2026-05-11,us,ELF,,60.0,60.30500030517578,54.70000076293945,55.18999862670898,6412600,Yahoo Finance daily
2026-05-12,us,ELF,,55.11000061035156,55.97999954223633,53.970001220703125,55.65999984741211,3772300,Yahoo Finance daily
2026-05-13,us,ELF,,55.66999816894531,56.45000076293945,52.78300094604492,53.7400016784668,4699400,Yahoo Finance daily
2026-05-14,us,ELF,,53.38999938964844,56.72999954223633,53.15999984741211,55.470001220703125,2868100,Yahoo Finance daily
2026-05-15,us,ELF,,55.5,57.09999847412109,54.900001525878906,56.43000030517578,2459300,Yahoo Finance daily
2026-05-18,us,ELF,,56.11000061035156,57.97999954223633,54.810001373291016,54.86000061035156,2591000,Yahoo Finance daily
2026-05-19,us,ELF,,54.560001373291016,55.0,52.400001525878906,52.97999954223633,4221700,Yahoo Finance daily
2026-05-20,us,ELF,,53.0,53.06999969482422,50.130001068115234,50.720001220703125,9885100,Yahoo Finance daily
2026-05-21,us,ELF,,54.060001373291016,54.5,49.720001220703125,53.119998931884766,9799800,Yahoo Finance daily
2026-05-22,us,ELF,,53.20000076293945,56.4900016784668,52.08000183105469,52.900001525878906,5181900,Yahoo Finance daily
2026-05-26,us,ELF,,52.79999923706055,54.47999954223633,51.08000183105469,54.130001068115234,4848900,Yahoo Finance daily
2026-05-27,us,ELF,,55.220001220703125,59.76499938964844,55.220001220703125,57.36000061035156,5110000,Yahoo Finance daily
2026-05-28,us,ELF,,56.900001525878906,57.41899871826172,55.310001373291016,57.400001525878906,3193700,Yahoo Finance daily
2026-05-29,us,ELF,,57.18999862670898,57.345001220703125,55.7400016784668,56.0,3245800,Yahoo Finance daily
2026-06-01,us,ELF,,56.540000915527344,56.75,53.119998931884766,53.4900016784668,4115400,Yahoo Finance daily
2026-06-02,us,ELF,,53.150001525878906,53.4900016784668,51.744998931884766,51.97999954223633,3902500,Yahoo Finance daily
2026-06-03,us,ELF,,52.02000045776367,52.55899810791016,50.20000076293945,51.9900016784668,4212900,Yahoo Finance daily
2026-06-04,us,ELF,,52.63999938964844,53.06999969482422,50.619998931884766,51.43999862670898,4158500,Yahoo Finance daily
2026-06-05,us,ELF,,51.79999923706055,53.27000045776367,48.81999969482422,49.56999969482422,5655900,Yahoo Finance daily
2026-06-08,us,ELF,,50.04999923706055,54.09600067138672,49.220001220703125,52.27999877929688,4816100,Yahoo Finance daily
2026-06-09,us,ELF,,52.52000045776367,57.26499938964844,52.310001373291016,55.66999816894531,4931100,Yahoo Finance daily
2026-06-10,us,ELF,,55.65999984741211,60.84999847412109,55.59999847412109,58.119998931884766,5185200,Yahoo Finance daily
2026-06-11,us,ELF,,58.060001373291016,60.83000183105469,56.52000045776367,60.68000030517578,3794100,Yahoo Finance daily
2026-06-12,us,ELF,,60.84999847412109,61.79999923706055,60.0,61.150001525878906,3024700,Yahoo Finance daily
2026-06-15,us,ELF,,62.93000030517578,65.33999633789062,62.58000183105469,63.9900016784668,3138500,Yahoo Finance daily
2026-06-16,us,ELF,,65.0,70.30000305175781,64.86000061035156,66.93000030517578,6179000,Yahoo Finance daily
2026-06-17,us,ELF,,66.5199966430664,68.9800033569336,61.900001525878906,62.27999877929688,4035100,Yahoo Finance daily
2026-06-18,us,ELF,,63.540000915527344,65.41000366210938,63.0,64.19999694824219,3013200,Yahoo Finance daily
2026-06-22,us,ELF,,63.5,65.0999984741211,62.09999847412109,63.18000030517578,2779800,Yahoo Finance daily
2026-06-23,us,ELF,,61.970001220703125,63.84000015258789,61.52999877929688,63.4900016784668,2192900,Yahoo Finance daily
2026-06-24,us,ELF,,64.01000213623047,66.31999969482422,63.45000076293945,64.54000091552734,2954700,Yahoo Finance daily
2026-06-25,us,ELF,,63.880001068115234,65.93499755859375,63.244998931884766,65.08999633789062,2640100,Yahoo Finance daily
2026-06-26,us,ELF,,64.58000183105469,67.73500061035156,64.44999694824219,67.43000030517578,3204000,Yahoo Finance daily
2026-06-29,us,ELF,,67.66000366210938,69.95999908447266,65.5999984741211,69.91000366210938,3407000,Yahoo Finance daily
2026-06-30,us,ELF,,69.5,74.48999786376953,67.87000274658203,74.0,7877100,Yahoo Finance daily
2026-07-01,us,ELF,,73.81999969482422,80.41000366210938,72.2750015258789,78.75,4625600,Yahoo Finance daily
2026-07-02,us,ELF,,77.56999969482422,79.90499877929688,74.32099914550781,76.41999816894531,3888800,Yahoo Finance daily
2026-07-06,us,ELF,,76.0,76.87000274658203,72.8499984741211,73.48999786376953,2852000,Yahoo Finance daily
2026-07-07,us,ELF,,73.4800033569336,75.4800033569336,71.25,75.33999633789062,3375600,Yahoo Finance daily
2026-07-08,,,,75.5199966430664,75.5199966430664,72.16999816894531,74.1500015258789,2543300,
2026-07-09,,,,73.23999786376953,77.4800033569336,72.69999694824219,75.76000213623047,2515800,
2026-07-10,,,,75.76000213623047,78.06199645996094,75.26000213623047,76.75,1632900,
2026-07-13,,,,77.5199966430664,77.80999755859375,74.0199966430664,75.0999984741211,2114500,
2026-07-14,,,,76.45999908447266,76.56500244140625,71.79000091552734,72.25,1783900,
2026-07-15,,,,73.0,76.0999984741211,72.55000305175781,74.22000122070312,2045000,
2026-07-16,,,,75.45999908447266,77.76000213623047,74.12000274658203,74.48999786376953,2009300,
2026-07-17,,,,73.25,75.52999877929688,72.16500091552734,73.69000244140625,2127100,
2026-07-20,,,,73.47000122070312,80.0,73.23500061035156,79.6500015258789,3197600,
2026-07-21,,,,77.91000366210938,80.47000122070312,76.58000183105469,79.9000015258789,2754900,
2026-07-22,us,ELF,ELF,80.80000305175781,81.5,78.34200286865234,79.02999877929688,1963000,Yahoo Finance ELF
2026-07-23,us,ELF,ELF,77.22000122070312,78.76499938964844,75.30500030517578,76.1500015258789,2085600,Yahoo Finance ELF
2026-07-24,us,ELF,ELF,75.66999816894531,77.5,74.2300033569336,75.0468978881836,183721,Yahoo Finance ELF
2026-07-27,us,ELF,ELF,78.80000305175781,84.1050033569336,78.7699966430664,84.01000213623047,2436200,Yahoo Finance ELF
2026-07-28,us,ELF,ELF,84.4000015258789,86.91000366210938,82.91500091552734,84.0999984741211,2600600,Yahoo Finance ELF
2026-07-29,us,ELF,ELF,82.19999694824219,84.5199966430664,80.83499908447266,80.9000015258789,1895800,Yahoo Finance ELF
2026-07-30,us,ELF,ELF,79.06500244140625,83.27999877929688,78.0,82.26000213623047,1740300,Yahoo Finance ELF
2026-07-31,us,ELF,ELF,81.9000015258789,84.11000061035156,81.87999725341797,82.88999938964844,1669600,Yahoo Finance ELF
2026-08-03,us,ELF,ELF,85.18000030517578,86.9000015258789,82.20999908447266,82.63999938964844,2543600,Yahoo Finance ELF
2026-08-04,us,ELF,ELF,82.83000183105469,89.38999938964844,82.55000305175781,87.83999633789062,4471300,Yahoo Finance ELF
2026-08-05,us,ELF,ELF,88.83000183105469,90.36000061035156,86.27999877929688,86.37000274658203,5072400,Yahoo Finance ELF
2026-08-06,us,ELF,ELF,89.3499984741211,96.12000274658203,88.5199966430664,92.30999755859375,5696300,Yahoo Finance ELF
2026-08-07,us,ELF,ELF,92.30999755859375,99.48999786376953,91.3499984741211,98.48999786376953,4485000,Yahoo Finance ELF
2026-08-10,us,ELF,ELF,97.5,97.66999816894531,92.41999816894531,95.23999786376953,2586300,Yahoo Finance ELF
2026-08-11,us,ELF,ELF,94.80999755859375,95.66999816894531,93.63999938964844,94.98999786376953,1839600,Yahoo Finance ELF
2026-08-12,us,ELF,ELF,94.05000305175781,94.80000305175781,92.5999984741211,92.62000274658203,1845900,Yahoo Finance ELF
2026-08-13,us,ELF,ELF,92.31999969482422,93.33999633789062,90.5,92.05000305175781,1595200,Yahoo Finance ELF
2026-08-14,us,ELF,ELF,91.61000061035156,94.5,91.16999816894531,91.44000244140625,1781500,Yahoo Finance ELF
2026-08-17,us,ELF,ELF,90.54000091552734,95.0999984741211,89.37999725341797,93.66000366210938,1665400,Yahoo Finance ELF
2026-08-18,us,ELF,ELF,93.44000244140625,94.17900085449219,92.37999725341797,92.51000213623047,1022000,Yahoo Finance ELF
2026-08-19,us,ELF,ELF,96.0,100.69000244140625,94.55500030517578,99.6500015258789,3075900,Yahoo Finance ELF
2026-08-20,us,ELF,ELF,98.1500015258789,102.22000122070312,97.80000305175781,98.45999908447266,2105600,Yahoo Finance ELF
2026-08-21,us,ELF,ELF,99.0199966430664,101.96900177001953,98.1500015258789,101.94000244140625,1442400,Yahoo Finance ELF
