date,market,symbol,name,open,high,low,close,volume,source
2021-01-04,us,IONQ,,11.125,11.25,10.5,10.800000190734863,150500,Yahoo Finance daily
2021-01-05,us,IONQ,,10.850000381469728,11.829999923706056,10.75,11.109999656677246,165300,Yahoo Finance daily
2021-01-06,us,IONQ,,11.5,11.5,11.0,11.050000190734863,175600,Yahoo Finance daily
2021-01-07,us,IONQ,,11.5,11.5,11.050000190734863,11.109999656677246,94200,Yahoo Finance daily
2021-01-08,us,IONQ,,11.649999618530272,12.350000381469728,11.0,11.010000228881836,137500,Yahoo Finance daily
2021-01-11,us,IONQ,,11.800000190734863,11.800000190734863,10.800000190734863,11.170000076293944,162600,Yahoo Finance daily
2021-01-12,us,IONQ,,11.800000190734863,11.800000190734863,11.06999969482422,11.18000030517578,210700,Yahoo Finance daily
2021-01-13,us,IONQ,,11.34000015258789,11.369999885559082,10.970000267028809,11.199999809265137,386100,Yahoo Finance daily
2021-01-14,us,IONQ,,11.3100004196167,11.699999809265137,11.225000381469728,11.4399995803833,291000,Yahoo Finance daily
2021-01-15,us,IONQ,,11.56999969482422,11.789999961853027,11.109999656677246,11.220000267028809,269600,Yahoo Finance daily
2021-01-19,us,IONQ,,11.399999618530272,11.479999542236328,11.09000015258789,11.31999969482422,573900,Yahoo Finance daily
2021-01-20,us,IONQ,,11.329999923706056,11.449999809265137,11.25,11.31999969482422,434000,Yahoo Finance daily
2021-01-21,us,IONQ,,11.390000343322754,11.720000267028809,11.239999771118164,11.5,401600,Yahoo Finance daily
2021-01-22,us,IONQ,,11.550000190734863,12.199999809265137,11.5,12.0,503900,Yahoo Finance daily
2021-01-25,us,IONQ,,12.5,12.579999923706056,11.800000190734863,12.09000015258789,621100,Yahoo Finance daily
2021-01-26,us,IONQ,,12.380000114440918,12.449999809265137,11.829999923706056,11.90999984741211,695000,Yahoo Finance daily
2021-01-27,us,IONQ,,11.520000457763672,11.68000030517578,11.260000228881836,11.449999809265137,919500,Yahoo Finance daily
2021-01-28,us,IONQ,,11.5,11.68000030517578,11.350000381469728,11.369999885559082,183400,Yahoo Finance daily
2021-01-29,us,IONQ,,11.420000076293944,11.449999809265137,11.100000381469728,11.350000381469728,230900,Yahoo Finance daily
2021-02-01,us,IONQ,,11.449999809265137,11.68000030517578,11.399999618530272,11.550000190734863,244800,Yahoo Finance daily
2021-02-02,us,IONQ,,11.770000457763672,12.119999885559082,11.720000267028809,11.899999618530272,159600,Yahoo Finance daily
2021-02-03,us,IONQ,,11.979999542236328,12.210000038146973,11.960000038146973,12.0,164600,Yahoo Finance daily
2021-02-04,us,IONQ,,12.149999618530272,12.210000038146973,11.93000030517578,11.989999771118164,142000,Yahoo Finance daily
2021-02-05,us,IONQ,,12.199999809265137,12.199999809265137,11.739999771118164,11.760000228881836,162400,Yahoo Finance daily
2021-02-08,us,IONQ,,11.979999542236328,11.979999542236328,11.579999923706056,11.779999732971191,527500,Yahoo Finance daily
2021-02-09,us,IONQ,,11.770000457763672,11.989999771118164,11.5600004196167,11.989999771118164,240500,Yahoo Finance daily
2021-02-10,us,IONQ,,11.859999656677246,11.90999984741211,11.649999618530272,11.880000114440918,151300,Yahoo Finance daily
2021-02-11,us,IONQ,,11.880000114440918,11.9399995803833,11.5600004196167,11.770000457763672,83200,Yahoo Finance daily
2021-02-12,us,IONQ,,11.649999618530272,11.800000190734863,11.609999656677246,11.800000190734863,117200,Yahoo Finance daily
2021-02-16,us,IONQ,,11.800000190734863,11.890000343322754,11.609999656677246,11.699999809265137,265500,Yahoo Finance daily
2021-02-17,us,IONQ,,11.850000381469728,11.850000381469728,11.670000076293944,11.8100004196167,177400,Yahoo Finance daily
2021-02-18,us,IONQ,,12.270000457763672,12.460000038146973,12.109999656677246,12.239999771118164,460300,Yahoo Finance daily
2021-02-19,us,IONQ,,12.369999885559082,13.1899995803833,12.369999885559082,12.710000038146973,424300,Yahoo Finance daily
2021-02-22,us,IONQ,,12.65999984741211,13.289999961853027,12.55799961090088,12.75,506900,Yahoo Finance daily
2021-02-23,us,IONQ,,12.25,12.31999969482422,11.399999618530272,12.140000343322754,379700,Yahoo Finance daily
2021-02-24,us,IONQ,,14.050000190734863,15.390000343322754,13.609999656677246,14.4399995803833,7375300,Yahoo Finance daily
2021-02-25,us,IONQ,,14.0,14.5600004196167,13.032999992370604,13.119999885559082,2067400,Yahoo Finance daily
2021-02-26,us,IONQ,,13.34000015258789,14.800000190734863,12.600000381469728,14.470000267028809,1714800,Yahoo Finance daily
2021-03-01,us,IONQ,,14.609999656677246,14.84000015258789,13.699999809265137,14.600000381469728,959500,Yahoo Finance daily
2021-03-02,us,IONQ,,14.5,14.75,12.859999656677246,12.859999656677246,830100,Yahoo Finance daily
2021-03-03,us,IONQ,,13.0,13.149999618530272,11.729999542236328,11.869999885559082,1067100,Yahoo Finance daily
2021-03-04,us,IONQ,,11.949999809265137,12.149999618530272,10.859999656677246,11.970000267028809,1296400,Yahoo Finance daily
2021-03-05,us,IONQ,,12.050000190734863,12.800000190734863,11.520000457763672,12.699999809265137,959800,Yahoo Finance daily
2021-03-08,us,IONQ,,12.149999618530272,12.289999961853027,10.760000228881836,10.899999618530272,5674000,Yahoo Finance daily
2021-03-09,us,IONQ,,11.31999969482422,11.5,10.90999984741211,11.3100004196167,2175400,Yahoo Finance daily
2021-03-10,us,IONQ,,11.699999809265137,11.880000114440918,10.800000190734863,11.079999923706056,2130500,Yahoo Finance daily
2021-03-11,us,IONQ,,11.199999809265137,11.359999656677246,11.0,11.199999809265137,1644300,Yahoo Finance daily
2021-03-12,us,IONQ,,11.06999969482422,11.600000381469728,11.050000190734863,11.510000228881836,1135900,Yahoo Finance daily
2021-03-15,us,IONQ,,11.920000076293944,11.93000030517578,11.199999809265137,11.529999732971191,1467500,Yahoo Finance daily
2021-03-16,us,IONQ,,11.380000114440918,11.579999923706056,10.960000038146973,11.020000457763672,1387300,Yahoo Finance daily
2021-03-17,us,IONQ,,10.9399995803833,11.220000267028809,10.899999618530272,11.0,1278700,Yahoo Finance daily
2021-03-18,us,IONQ,,10.949999809265137,11.149999618530272,10.779999732971191,10.8100004196167,873200,Yahoo Finance daily
2021-03-19,us,IONQ,,10.770000457763672,11.050000190734863,10.75,11.050000190734863,475200,Yahoo Finance daily
2021-03-22,us,IONQ,,11.25,11.25,10.859999656677246,10.9399995803833,564300,Yahoo Finance daily
2021-03-23,us,IONQ,,10.890000343322754,10.960000038146973,10.5,10.630000114440918,732200,Yahoo Finance daily
2021-03-24,us,IONQ,,10.649999618530272,10.779999732971191,10.5,10.520000457763672,972300,Yahoo Finance daily
2021-03-25,us,IONQ,,10.5,10.619999885559082,10.18000030517578,10.5600004196167,1178200,Yahoo Finance daily
2021-03-26,us,IONQ,,10.510000228881836,10.729999542236328,10.329999923706056,10.520000457763672,647300,Yahoo Finance daily
2021-03-29,us,IONQ,,10.56999969482422,10.789999961853027,10.460000038146973,10.729999542236328,317300,Yahoo Finance daily
2021-03-30,us,IONQ,,10.640000343322754,10.6899995803833,10.3100004196167,10.5,447100,Yahoo Finance daily
2021-03-31,us,IONQ,,10.520000457763672,10.770000457763672,10.40999984741211,10.770000457763672,398700,Yahoo Finance daily
2021-04-01,us,IONQ,,10.869999885559082,10.9399995803833,10.449999809265137,10.56999969482422,481200,Yahoo Finance daily
2021-04-05,us,IONQ,,10.770000457763672,10.789999961853027,10.600000381469728,10.6899995803833,362000,Yahoo Finance daily
2021-04-06,us,IONQ,,10.5600004196167,10.779999732971191,10.550000190734863,10.779999732971191,370700,Yahoo Finance daily
2021-04-07,us,IONQ,,10.779999732971191,10.960000038146973,10.619999885559082,10.6899995803833,435700,Yahoo Finance daily
2021-04-08,us,IONQ,,10.789999961853027,11.039999961853027,10.729999542236328,11.0,648400,Yahoo Finance daily
2021-04-09,us,IONQ,,10.970000267028809,11.08899974822998,10.920000076293944,11.029999732971191,299700,Yahoo Finance daily
2021-04-12,us,IONQ,,11.0,11.020000457763672,10.779999732971191,10.84000015258789,450000,Yahoo Finance daily
2021-04-13,us,IONQ,,10.75,10.899999618530272,10.699999809265137,10.75,465500,Yahoo Finance daily
2021-04-14,us,IONQ,,10.699999809265137,10.788999557495115,10.479999542236328,10.59000015258789,435900,Yahoo Finance daily
2021-04-15,us,IONQ,,10.489999771118164,10.630000114440918,10.449999809265137,10.539999961853027,299300,Yahoo Finance daily
2021-04-16,us,IONQ,,10.5,10.579999923706056,10.25,10.369999885559082,545500,Yahoo Finance daily
2021-04-19,us,IONQ,,10.420000076293944,10.489999771118164,10.229999542236328,10.25,694700,Yahoo Finance daily
2021-04-20,us,IONQ,,10.25,10.366999626159668,10.119999885559082,10.300000190734863,526300,Yahoo Finance daily
2021-04-21,us,IONQ,,10.199999809265137,10.479999542236328,10.170000076293944,10.479999542236328,249200,Yahoo Finance daily
2021-04-22,us,IONQ,,10.380000114440918,10.609999656677246,10.130000114440918,10.390000343322754,479200,Yahoo Finance daily
2021-04-23,us,IONQ,,10.31999969482422,10.5,10.300000190734863,10.489999771118164,156100,Yahoo Finance daily
2021-04-26,us,IONQ,,10.5,10.550000190734863,10.479999542236328,10.539999961853027,230900,Yahoo Finance daily
2021-04-27,us,IONQ,,10.5,10.595000267028809,10.289999961853027,10.5,214600,Yahoo Finance daily
2021-04-28,us,IONQ,,10.420000076293944,10.630000114440918,10.420000076293944,10.600000381469728,181100,Yahoo Finance daily
2021-04-29,us,IONQ,,10.5,10.65999984741211,10.5,10.65999984741211,322700,Yahoo Finance daily
2021-04-30,us,IONQ,,10.649999618530272,10.800000190734863,10.630000114440918,10.779999732971191,275900,Yahoo Finance daily
2021-05-03,us,IONQ,,10.850000381469728,10.850000381469728,10.65999984741211,10.8100004196167,266500,Yahoo Finance daily
2021-05-04,us,IONQ,,10.779999732971191,10.779999732971191,10.5,10.630000114440918,145300,Yahoo Finance daily
2021-05-05,us,IONQ,,10.630000114440918,10.68000030517578,10.350000381469728,10.399999618530272,154700,Yahoo Finance daily
2021-05-06,us,IONQ,,10.34000015258789,10.369999885559082,10.25,10.260000228881836,200000,Yahoo Finance daily
2021-05-07,us,IONQ,,10.279999732971191,10.34000015258789,9.989999771118164,10.210000038146973,407500,Yahoo Finance daily
2021-05-10,us,IONQ,,10.199999809265137,10.289999961853027,10.109999656677246,10.140000343322754,224500,Yahoo Finance daily
2021-05-11,us,IONQ,,10.0,10.09000015258789,9.920000076293944,10.020000457763672,885300,Yahoo Finance daily
2021-05-12,us,IONQ,,9.949999809265137,10.100000381469728,9.9399995803833,10.020000457763672,753700,Yahoo Finance daily
2021-05-13,us,IONQ,,10.0,10.149999618530272,10.0,10.079999923706056,247700,Yahoo Finance daily
2021-05-14,us,IONQ,,10.109999656677246,10.140000343322754,10.010000228881836,10.050000190734863,160000,Yahoo Finance daily
2021-05-17,us,IONQ,,10.0,10.020000457763672,9.960000038146973,10.0,674400,Yahoo Finance daily
2021-05-18,us,IONQ,,10.029999732971191,10.029999732971191,9.9399995803833,9.949999809265137,352700,Yahoo Finance daily
2021-05-19,us,IONQ,,9.949999809265137,9.949999809265137,9.880000114440918,9.90999984741211,437700,Yahoo Finance daily
2021-05-20,us,IONQ,,9.93000030517578,9.989999771118164,9.899999618530272,9.9399995803833,1701000,Yahoo Finance daily
2021-05-21,us,IONQ,,9.989999771118164,10.020000457763672,9.960000038146973,10.0,907700,Yahoo Finance daily
2021-05-24,us,IONQ,,10.020000457763672,10.020000457763672,9.970000267028809,10.0,163000,Yahoo Finance daily
2021-05-25,us,IONQ,,10.0,10.029999732971191,9.970000267028809,9.970000267028809,345100,Yahoo Finance daily
2021-05-26,us,IONQ,,9.989999771118164,10.029999732971191,9.949999809265137,10.0,328400,Yahoo Finance daily
2021-05-27,us,IONQ,,10.0,10.039999961853027,9.920000076293944,9.93000030517578,63300,Yahoo Finance daily
2021-05-28,us,IONQ,,9.960000038146973,10.029999732971191,9.960000038146973,9.979999542236328,265600,Yahoo Finance daily
2021-06-01,us,IONQ,,10.0,10.020000457763672,9.960000038146973,9.979999542236328,344600,Yahoo Finance daily
2021-06-02,us,IONQ,,9.979999542236328,10.020000457763672,9.979999542236328,10.0,185100,Yahoo Finance daily
2021-06-03,us,IONQ,,10.029999732971191,10.109999656677246,9.979999542236328,10.050000190734863,177000,Yahoo Finance daily
2021-06-04,us,IONQ,,10.100000381469728,10.109999656677246,10.06999969482422,10.100000381469728,184400,Yahoo Finance daily
2021-06-07,us,IONQ,,10.210000038146973,10.289999961853027,10.125,10.239999771118164,464900,Yahoo Finance daily
2021-06-08,us,IONQ,,10.34000015258789,10.489999771118164,10.229999542236328,10.4399995803833,939900,Yahoo Finance daily
2021-06-09,us,IONQ,,10.630000114440918,10.890000343322754,10.489999771118164,10.600000381469728,1145400,Yahoo Finance daily
2021-06-10,us,IONQ,,10.600000381469728,10.84000015258789,10.510000228881836,10.550000190734863,626100,Yahoo Finance daily
2021-06-11,us,IONQ,,10.760000228881836,10.885000228881836,10.539999961853027,10.56999969482422,338100,Yahoo Finance daily
2021-06-14,us,IONQ,,10.670000076293944,10.770000457763672,10.5,10.520000457763672,193500,Yahoo Finance daily
2021-06-15,us,IONQ,,10.550000190734863,10.600000381469728,10.43000030517578,10.449999809265137,98100,Yahoo Finance daily
2021-06-16,us,IONQ,,10.40999984741211,10.449999809265137,10.260000228881836,10.43000030517578,164500,Yahoo Finance daily
2021-06-17,us,IONQ,,10.4399995803833,10.460000038146973,10.270000457763672,10.3100004196167,182900,Yahoo Finance daily
2021-06-18,us,IONQ,,10.239999771118164,10.31999969482422,10.239999771118164,10.289999961853027,112700,Yahoo Finance daily
2021-06-21,us,IONQ,,10.34000015258789,10.350000381469728,10.140000343322754,10.15999984741211,195700,Yahoo Finance daily
2021-06-22,us,IONQ,,10.15999984741211,10.15999984741211,10.0,10.100000381469728,554000,Yahoo Finance daily
2021-06-23,us,IONQ,,10.109999656677246,10.130000114440918,10.079999923706056,10.109999656677246,124200,Yahoo Finance daily
2021-06-24,us,IONQ,,10.15999984741211,10.3100004196167,10.154999732971191,10.300000190734863,700500,Yahoo Finance daily
2021-06-25,us,IONQ,,10.260000228881836,10.4399995803833,10.260000228881836,10.390000343322754,348100,Yahoo Finance daily
2021-06-28,us,IONQ,,10.539999961853027,10.800000190734863,10.449999809265137,10.489999771118164,551200,Yahoo Finance daily
2021-06-29,us,IONQ,,10.489999771118164,10.579999923706056,10.3100004196167,10.550000190734863,285900,Yahoo Finance daily
2021-06-30,us,IONQ,,10.800000190734863,10.800000190734863,10.350000381469728,10.6899995803833,440200,Yahoo Finance daily
2021-07-01,us,IONQ,,10.640000343322754,10.710000038146973,10.612000465393066,10.699999809265137,247300,Yahoo Finance daily
2021-07-02,us,IONQ,,10.699999809265137,10.729999542236328,10.454999923706056,10.479999542236328,147100,Yahoo Finance daily
2021-07-06,us,IONQ,,10.529999732971191,10.649999618530272,10.329999923706056,10.529999732971191,356100,Yahoo Finance daily
2021-07-07,us,IONQ,,10.600000381469728,10.649999618530272,10.390000343322754,10.4399995803833,274500,Yahoo Finance daily
2021-07-08,us,IONQ,,10.4399995803833,10.520000457763672,10.350000381469728,10.420000076293944,341200,Yahoo Finance daily
2021-07-09,us,IONQ,,10.380000114440918,10.510000228881836,10.359999656677246,10.5,325500,Yahoo Finance daily
2021-07-12,us,IONQ,,10.529999732971191,10.59000015258789,10.420000076293944,10.460000038146973,173900,Yahoo Finance daily
2021-07-13,us,IONQ,,10.460000038146973,10.460000038146973,10.279999732971191,10.3100004196167,118400,Yahoo Finance daily
2021-07-14,us,IONQ,,10.399999618530272,10.399999618530272,10.039999961853027,10.130000114440918,339900,Yahoo Finance daily
2021-07-15,us,IONQ,,10.15999984741211,10.350000381469728,10.100000381469728,10.109999656677246,276600,Yahoo Finance daily
2021-07-16,us,IONQ,,10.109999656677246,10.25,10.09000015258789,10.119999885559082,214800,Yahoo Finance daily
2021-07-19,us,IONQ,,10.199999809265137,10.199999809265137,9.9399995803833,9.949999809265137,701800,Yahoo Finance daily
2021-07-20,us,IONQ,,9.989999771118164,10.03499984741211,9.93000030517578,9.949999809265137,728400,Yahoo Finance daily
2021-07-21,us,IONQ,,9.949999809265137,9.970000267028809,9.899999618530272,9.920000076293944,626900,Yahoo Finance daily
2021-07-22,us,IONQ,,9.93000030517578,9.970000267028809,9.899999618530272,9.960000038146973,709500,Yahoo Finance daily
2021-07-23,us,IONQ,,9.979999542236328,9.979999542236328,9.920000076293944,9.949999809265137,240900,Yahoo Finance daily
2021-07-26,us,IONQ,,9.9399995803833,10.029999732971191,9.93000030517578,9.949999809265137,243000,Yahoo Finance daily
2021-07-27,us,IONQ,,9.949999809265137,9.979999542236328,9.920000076293944,9.93000030517578,200000,Yahoo Finance daily
2021-07-28,us,IONQ,,9.949999809265137,9.960000038146973,9.90999984741211,9.93000030517578,302000,Yahoo Finance daily
2021-07-29,us,IONQ,,9.90999984741211,10.0,9.90999984741211,9.90999984741211,282700,Yahoo Finance daily
2021-07-30,us,IONQ,,9.90999984741211,9.960000038146973,9.90999984741211,9.920000076293944,139100,Yahoo Finance daily
2021-08-02,us,IONQ,,9.93000030517578,9.979999542236328,9.90999984741211,9.93000030517578,197400,Yahoo Finance daily
2021-08-03,us,IONQ,,9.949999809265137,9.960000038146973,9.920000076293944,9.9399995803833,142600,Yahoo Finance daily
2021-08-04,us,IONQ,,9.970000267028809,9.979999542236328,9.920000076293944,9.960000038146973,185100,Yahoo Finance daily
2021-08-05,us,IONQ,,9.9399995803833,9.979999542236328,9.93000030517578,9.979999542236328,372300,Yahoo Finance daily
2021-08-06,us,IONQ,,9.989999771118164,10.0,9.93000030517578,9.9399995803833,283400,Yahoo Finance daily
2021-08-09,us,IONQ,,9.989999771118164,10.005000114440918,9.979999542236328,10.0,540100,Yahoo Finance daily
2021-08-10,us,IONQ,,9.979999542236328,10.010000228881836,9.970000267028809,10.0,201600,Yahoo Finance daily
2021-08-11,us,IONQ,,10.050000190734863,10.050000190734863,9.989999771118164,10.0,400300,Yahoo Finance daily
2021-08-12,us,IONQ,,10.0,10.050000190734863,9.949999809265137,10.010000228881836,1199600,Yahoo Finance daily
2021-08-13,us,IONQ,,10.039999961853027,10.050000190734863,9.949999809265137,10.020000457763672,631400,Yahoo Finance daily
2021-08-16,us,IONQ,,10.029999732971191,10.039999961853027,9.970000267028809,10.0,243700,Yahoo Finance daily
2021-08-17,us,IONQ,,10.0,10.010000228881836,9.96500015258789,10.010000228881836,442700,Yahoo Finance daily
2021-08-18,us,IONQ,,10.010000228881836,10.010000228881836,9.970000267028809,9.979999542236328,164400,Yahoo Finance daily
2021-08-19,us,IONQ,,10.0,10.010000228881836,9.979999542236328,10.0,359500,Yahoo Finance daily
2021-08-20,us,IONQ,,10.0,10.020000457763672,9.94499969482422,9.989999771118164,797300,Yahoo Finance daily
2021-08-23,us,IONQ,,9.989999771118164,9.989999771118164,9.93000030517578,9.960000038146973,728000,Yahoo Finance daily
2021-08-24,us,IONQ,,9.949999809265137,9.989999771118164,9.9399995803833,9.979999542236328,686400,Yahoo Finance daily
2021-08-25,us,IONQ,,9.960000038146973,10.0,9.920000076293944,9.920000076293944,619100,Yahoo Finance daily
2021-08-26,us,IONQ,,9.949999809265137,9.979999542236328,9.949999809265137,9.960000038146973,366800,Yahoo Finance daily
2021-08-27,us,IONQ,,9.960000038146973,9.984999656677246,9.9399995803833,9.979999542236328,186300,Yahoo Finance daily
2021-08-30,us,IONQ,,9.970000267028809,9.989999771118164,9.949999809265137,9.979999542236328,218500,Yahoo Finance daily
2021-08-31,us,IONQ,,9.989999771118164,10.0,9.960000038146973,9.989999771118164,260700,Yahoo Finance daily
2021-09-01,us,IONQ,,9.960000038146973,10.0,9.960000038146973,9.970000267028809,459000,Yahoo Finance daily
2021-09-02,us,IONQ,,9.979999542236328,10.0,9.960000038146973,9.970000267028809,744900,Yahoo Finance daily
2021-09-03,us,IONQ,,10.0,10.0,9.970000267028809,9.979999542236328,273300,Yahoo Finance daily
2021-09-07,us,IONQ,,10.0,10.010000228881836,9.989999771118164,10.010000228881836,549000,Yahoo Finance daily
2021-09-08,us,IONQ,,10.010000228881836,10.010000228881836,9.979999542236328,10.0,274600,Yahoo Finance daily
2021-09-09,us,IONQ,,10.010000228881836,10.09000015258789,9.989999771118164,10.06999969482422,1582800,Yahoo Finance daily
2021-09-10,us,IONQ,,10.06999969482422,10.09000015258789,10.0,10.0,368300,Yahoo Finance daily
2021-09-13,us,IONQ,,10.039999961853027,10.079999923706056,10.0,10.020000457763672,616900,Yahoo Finance daily
2021-09-14,us,IONQ,,10.029999732971191,10.039999961853027,9.989999771118164,10.0,394500,Yahoo Finance daily
2021-09-15,us,IONQ,,10.010000228881836,10.050000190734863,9.989999771118164,10.010000228881836,1452100,Yahoo Finance daily
2021-09-16,us,IONQ,,10.029999732971191,10.460000038146973,10.020000457763672,10.050000190734863,3042800,Yahoo Finance daily
2021-09-17,us,IONQ,,10.079999923706056,10.140000343322754,10.0,10.0600004196167,1997200,Yahoo Finance daily
2021-09-20,us,IONQ,,10.0,10.029999732971191,9.989999771118164,10.010000228881836,1738100,Yahoo Finance daily
2021-09-21,us,IONQ,,10.020000457763672,10.100000381469728,10.0,10.050000190734863,1601400,Yahoo Finance daily
2021-09-22,us,IONQ,,10.09000015258789,10.18000030517578,9.979999542236328,9.989999771118164,3418500,Yahoo Finance daily
2021-09-23,us,IONQ,,10.079999923706056,10.079999923706056,9.979999542236328,10.010000228881836,4097200,Yahoo Finance daily
2021-09-24,us,IONQ,,10.020000457763672,11.470000267028809,10.0,11.300000190734863,12876900,Yahoo Finance daily
2021-09-27,us,IONQ,,11.449999809265137,12.949999809265137,11.4399995803833,11.9399995803833,9964500,Yahoo Finance daily
2021-09-28,us,IONQ,,11.850000381469728,11.880000114440918,10.829999923706056,11.06999969482422,5386700,Yahoo Finance daily
2021-09-29,us,IONQ,,11.640000343322754,11.640000343322754,10.65999984741211,10.93000030517578,3136900,Yahoo Finance daily
2021-09-30,us,IONQ,,11.140000343322754,11.220000267028809,9.920000076293944,10.399999618530272,4857900,Yahoo Finance daily
2021-10-01,us,IONQ,,10.600000381469728,10.600000381469728,8.329999923706055,9.199999809265137,6513300,Yahoo Finance daily
2021-10-04,us,IONQ,,9.399999618530272,9.5,7.5,7.510000228881836,7298600,Yahoo Finance daily
2021-10-05,us,IONQ,,7.710000038146973,8.079999923706055,7.510000228881836,7.730000019073486,3638700,Yahoo Finance daily
2021-10-06,us,IONQ,,7.800000190734863,7.980000019073486,7.070000171661377,7.25,3871700,Yahoo Finance daily
2021-10-07,us,IONQ,,7.389999866485596,7.860000133514404,7.099999904632568,7.630000114440918,2684100,Yahoo Finance daily
2021-10-08,us,IONQ,,7.860000133514404,8.479999542236328,7.789999961853027,8.40999984741211,3956200,Yahoo Finance daily
2021-10-11,us,IONQ,,8.770000457763672,9.399999618530272,8.390000343322754,8.4399995803833,3385700,Yahoo Finance daily
2021-10-12,us,IONQ,,8.699999809265137,8.927000045776367,8.420000076293945,8.529999732971191,1668500,Yahoo Finance daily
2021-10-13,us,IONQ,,8.619999885559082,9.244999885559082,8.609999656677246,9.239999771118164,2721600,Yahoo Finance daily
2021-10-14,us,IONQ,,9.81999969482422,10.359999656677246,9.68000030517578,9.81999969482422,4451400,Yahoo Finance daily
2021-10-15,us,IONQ,,10.3100004196167,10.5,9.899999618530272,10.050000190734863,4353500,Yahoo Finance daily
2021-10-18,us,IONQ,,10.050000190734863,10.800000190734863,10.029999732971191,10.6899995803833,2827000,Yahoo Finance daily
2021-10-19,us,IONQ,,11.140000343322754,11.869999885559082,10.729999542236328,10.90999984741211,5952900,Yahoo Finance daily
2021-10-20,us,IONQ,,11.149999618530272,11.5,10.029999732971191,10.4399995803833,4248300,Yahoo Finance daily
2021-10-21,us,IONQ,,10.270000457763672,10.850000381469728,10.079999923706056,10.18000030517578,1729600,Yahoo Finance daily
2021-10-22,us,IONQ,,10.1899995803833,10.289999961853027,9.380000114440918,9.65999984741211,2485300,Yahoo Finance daily
2021-10-25,us,IONQ,,9.600000381469728,10.869999885559082,9.510000228881836,10.279999732971191,7722700,Yahoo Finance daily
2021-10-26,us,IONQ,,10.449999809265137,11.449999809265137,10.31999969482422,10.520000457763672,4744600,Yahoo Finance daily
2021-10-27,us,IONQ,,10.449999809265137,12.850000381469728,10.449999809265137,12.279999732971191,7887100,Yahoo Finance daily
2021-10-28,us,IONQ,,12.489999771118164,14.079999923706056,11.84000015258789,13.630000114440918,7731000,Yahoo Finance daily
2021-10-29,us,IONQ,,14.260000228881836,16.02899932861328,13.850000381469728,15.039999961853027,12903100,Yahoo Finance daily
2021-11-01,us,IONQ,,15.869999885559082,17.219999313354492,14.65999984741211,15.65999984741211,9343000,Yahoo Finance daily
2021-11-02,us,IONQ,,15.960000038146973,16.099000930786133,14.210000038146973,15.0,4109200,Yahoo Finance daily
2021-11-03,us,IONQ,,15.529999732971191,15.989999771118164,14.75,15.350000381469728,3012900,Yahoo Finance daily
2021-11-04,us,IONQ,,15.869999885559082,16.8799991607666,15.770000457763672,16.43000030517578,4775600,Yahoo Finance daily
2021-11-05,us,IONQ,,17.260000228881836,19.38999938964844,17.200000762939453,19.270000457763672,12845700,Yahoo Finance daily
2021-11-08,us,IONQ,,21.450000762939453,21.63999938964844,19.600000381469727,21.350000381469727,10373300,Yahoo Finance daily
2021-11-09,us,IONQ,,22.790000915527344,23.13999938964844,20.114999771118164,22.530000686645508,11675300,Yahoo Finance daily
2021-11-10,us,IONQ,,20.450000762939453,21.88999938964844,17.017000198364258,18.229999542236328,12954700,Yahoo Finance daily
2021-11-11,us,IONQ,,19.940000534057617,20.299999237060547,18.26000022888184,19.25,6233000,Yahoo Finance daily
2021-11-12,us,IONQ,,19.450000762939453,20.200000762939453,18.434999465942383,20.149999618530277,4841100,Yahoo Finance daily
2021-11-15,us,IONQ,,20.690000534057617,21.38999938964844,19.09000015258789,19.81999969482422,5145400,Yahoo Finance daily
2021-11-16,us,IONQ,,19.670000076293945,26.88999938964844,19.6200008392334,26.3799991607666,24684700,Yahoo Finance daily
2021-11-17,us,IONQ,,26.299999237060547,31.790000915527344,24.01000022888184,31.0,20327400,Yahoo Finance daily
2021-11-18,us,IONQ,,33.7400016784668,35.900001525878906,27.030000686645508,27.959999084472656,22398400,Yahoo Finance daily
2021-11-19,us,IONQ,,29.21999931335449,29.3700008392334,27.06999969482422,28.01000022888184,8276000,Yahoo Finance daily
2021-11-22,us,IONQ,,27.11000061035156,27.780000686645508,22.31999969482422,23.18000030517578,12180100,Yahoo Finance daily
2021-11-23,us,IONQ,,22.790000915527344,25.690000534057617,21.600000381469727,24.959999084472656,10641200,Yahoo Finance daily
2021-11-24,us,IONQ,,24.01000022888184,27.0,23.51000022888184,25.959999084472656,6161900,Yahoo Finance daily
2021-11-26,us,IONQ,,24.26000022888184,25.940000534057617,23.76000022888184,24.18000030517578,3736300,Yahoo Finance daily
2021-11-29,us,IONQ,,25.0,25.049999237060547,22.40999984741211,24.07999992370605,5822400,Yahoo Finance daily
2021-11-30,us,IONQ,,23.540000915527344,25.850000381469727,22.63999938964844,23.81999969482422,6891700,Yahoo Finance daily
2021-12-01,us,IONQ,,24.190000534057617,24.5,20.049999237060547,20.75,6745500,Yahoo Finance daily
2021-12-02,us,IONQ,,20.65999984741211,21.780000686645508,19.09000015258789,21.450000762939453,6549800,Yahoo Finance daily
2021-12-03,us,IONQ,,21.1200008392334,21.350000381469727,18.5,18.780000686645508,6736800,Yahoo Finance daily
2021-12-06,us,IONQ,,18.200000762939453,19.649999618530277,17.200000762939453,18.790000915527344,5532400,Yahoo Finance daily
2021-12-07,us,IONQ,,19.5,21.96999931335449,19.5,21.530000686645508,6462900,Yahoo Finance daily
2021-12-08,us,IONQ,,21.270000457763672,22.200000762939453,20.520000457763672,20.96999931335449,4611600,Yahoo Finance daily
2021-12-09,us,IONQ,,21.40999984741211,22.31999969482422,18.51000022888184,18.61000061035156,6264300,Yahoo Finance daily
2021-12-10,us,IONQ,,19.01000022888184,19.583999633789062,18.1299991607666,18.56999969482422,3626900,Yahoo Finance daily
2021-12-13,us,IONQ,,18.56999969482422,19.229999542236328,16.610000610351562,16.670000076293945,5657300,Yahoo Finance daily
2021-12-14,us,IONQ,,16.06999969482422,16.989999771118164,15.850000381469728,16.100000381469727,5066300,Yahoo Finance daily
2021-12-15,us,IONQ,,16.0,18.100000381469727,15.529999732971191,17.84000015258789,6809000,Yahoo Finance daily
2021-12-16,us,IONQ,,18.540000915527344,18.549999237060547,15.795000076293944,16.059999465942383,7132400,Yahoo Finance daily
2021-12-17,us,IONQ,,15.920000076293944,17.719999313354492,15.56999969482422,16.770000457763672,11570300,Yahoo Finance daily
2021-12-20,us,IONQ,,16.299999237060547,16.75,15.149999618530272,15.279999732971191,5446000,Yahoo Finance daily
2021-12-21,us,IONQ,,15.829999923706056,16.2450008392334,15.229999542236328,16.18000030517578,3845800,Yahoo Finance daily
2021-12-22,us,IONQ,,16.09000015258789,17.75,16.010000228881836,16.81999969482422,3889800,Yahoo Finance daily
2021-12-23,us,IONQ,,16.850000381469727,18.29599952697754,16.799999237060547,17.860000610351562,3379900,Yahoo Finance daily
2021-12-27,us,IONQ,,18.5,18.850000381469727,17.770000457763672,18.299999237060547,3519800,Yahoo Finance daily
2021-12-28,us,IONQ,,18.450000762939453,18.479999542236328,16.781999588012695,17.06999969482422,3904800,Yahoo Finance daily
2021-12-29,us,IONQ,,17.0,17.84000015258789,16.1299991607666,17.700000762939453,3245800,Yahoo Finance daily
2021-12-30,us,IONQ,,17.399999618530273,18.149999618530277,17.059999465942383,17.729999542236328,2498800,Yahoo Finance daily
2021-12-31,us,IONQ,,17.600000381469727,18.0,16.6200008392334,16.700000762939453,2184500,Yahoo Finance daily
2022-01-03,us,IONQ,,17.06999969482422,17.68000030517578,16.600000381469727,17.469999313354492,2687900,Yahoo Finance daily
2022-01-04,us,IONQ,,17.709999084472656,17.860000610351562,15.760000228881836,16.440000534057617,4880600,Yahoo Finance daily
2022-01-05,us,IONQ,,16.260000228881836,16.440000534057617,15.3100004196167,15.380000114440918,3054000,Yahoo Finance daily
2022-01-06,us,IONQ,,14.989999771118164,15.510000228881836,14.279999732971191,14.84000015258789,4682000,Yahoo Finance daily
2022-01-07,us,IONQ,,14.93000030517578,15.029999732971191,14.109999656677246,14.369999885559082,3140800,Yahoo Finance daily
2022-01-10,us,IONQ,,13.75,13.897000312805176,12.904000282287598,13.710000038146973,4965600,Yahoo Finance daily
2022-01-11,us,IONQ,,13.68000030517578,14.789999961853027,13.670000076293944,14.6899995803833,2954800,Yahoo Finance daily
2022-01-12,us,IONQ,,14.880000114440918,15.024999618530272,13.90999984741211,14.09000015258789,2333900,Yahoo Finance daily
2022-01-13,us,IONQ,,14.0,14.260000228881836,12.920000076293944,12.979999542236328,3362300,Yahoo Finance daily
2022-01-14,us,IONQ,,12.989999771118164,13.489999771118164,12.619999885559082,12.93000030517578,2596900,Yahoo Finance daily
2022-01-18,us,IONQ,,12.43000030517578,12.81999969482422,12.079999923706056,12.199999809265137,2938300,Yahoo Finance daily
2022-01-19,us,IONQ,,12.369999885559082,12.510000228881836,11.779999732971191,11.789999961853027,3349000,Yahoo Finance daily
2022-01-20,us,IONQ,,11.859999656677246,12.670000076293944,11.649999618530272,11.720000267028809,3009500,Yahoo Finance daily
2022-01-21,us,IONQ,,11.5600004196167,11.800000190734863,10.779999732971191,10.880000114440918,3816900,Yahoo Finance daily
2022-01-24,us,IONQ,,10.300000190734863,10.90999984741211,9.5,10.890000343322754,6162600,Yahoo Finance daily
2022-01-25,us,IONQ,,10.609999656677246,10.890000343322754,10.18000030517578,10.4399995803833,2847700,Yahoo Finance daily
2022-01-26,us,IONQ,,11.140000343322754,11.609999656677246,10.4399995803833,10.710000038146973,4183400,Yahoo Finance daily
2022-01-27,us,IONQ,,10.93000030517578,10.979999542236328,9.5,9.510000228881836,4061400,Yahoo Finance daily
2022-01-28,us,IONQ,,9.670000076293944,10.149999618530272,9.15999984741211,10.09000015258789,3457400,Yahoo Finance daily
2022-01-31,us,IONQ,,10.09000015258789,11.4399995803833,10.0,11.4399995803833,3802500,Yahoo Finance daily
2022-02-01,us,IONQ,,11.420000076293944,12.210000038146973,11.119999885559082,12.199999809265137,2885100,Yahoo Finance daily
2022-02-02,us,IONQ,,12.350000381469728,12.399999618530272,11.140000343322754,11.489999771118164,3767200,Yahoo Finance daily
2022-02-03,us,IONQ,,10.989999771118164,11.710000038146973,10.899999618530272,11.390000343322754,2914000,Yahoo Finance daily
2022-02-04,us,IONQ,,11.420000076293944,13.0,11.329999923706056,12.899999618530272,4387100,Yahoo Finance daily
2022-02-07,us,IONQ,,13.09000015258789,13.600000381469728,12.56999969482422,13.1899995803833,2845200,Yahoo Finance daily
2022-02-08,us,IONQ,,12.9399995803833,13.3100004196167,12.529999732971191,12.960000038146973,2744500,Yahoo Finance daily
2022-02-09,us,IONQ,,13.119999885559082,14.270000457763672,12.800000190734863,14.270000457763672,2659000,Yahoo Finance daily
2022-02-10,us,IONQ,,13.579999923706056,16.190000534057617,13.56999969482422,14.760000228881836,5497100,Yahoo Finance daily
2022-02-11,us,IONQ,,15.149999618530272,17.229999542236328,14.859999656677246,16.81999969482422,7508400,Yahoo Finance daily
2022-02-14,us,IONQ,,16.149999618530273,17.65999984741211,15.970000267028809,16.540000915527344,4931400,Yahoo Finance daily
2022-02-15,us,IONQ,,16.809999465942383,17.1200008392334,15.600000381469728,16.579999923706055,4535100,Yahoo Finance daily
2022-02-16,us,IONQ,,16.1200008392334,16.360000610351562,15.31999969482422,15.81999969482422,2547500,Yahoo Finance daily
2022-02-17,us,IONQ,,15.4399995803833,16.034000396728516,14.850000381469728,15.479999542236328,3007700,Yahoo Finance daily
2022-02-18,us,IONQ,,15.329999923706056,15.399999618530272,14.140000343322754,14.68000030517578,3160100,Yahoo Finance daily
2022-02-22,us,IONQ,,14.079999923706056,15.449999809265137,14.01200008392334,14.529999732971191,2664300,Yahoo Finance daily
2022-02-23,us,IONQ,,14.869999885559082,15.052000045776367,13.640000343322754,13.720000267028809,2404000,Yahoo Finance daily
2022-02-24,us,IONQ,,12.90999984741211,15.600000381469728,12.90999984741211,15.600000381469728,3690500,Yahoo Finance daily
2022-02-25,us,IONQ,,15.199999809265137,15.720000267028809,14.829999923706056,15.100000381469728,2505300,Yahoo Finance daily
2022-02-28,us,IONQ,,15.279999732971191,16.565000534057617,15.210000038146973,15.979999542236328,2709400,Yahoo Finance daily
2022-03-01,us,IONQ,,15.8100004196167,15.93000030517578,14.34000015258789,14.5,2457900,Yahoo Finance daily
2022-03-02,us,IONQ,,14.720000267028809,15.039999961853027,14.34000015258789,14.65999984741211,2193600,Yahoo Finance daily
2022-03-03,us,IONQ,,14.699999809265137,14.864999771118164,13.210000038146973,13.279999732971191,2759600,Yahoo Finance daily
2022-03-04,us,IONQ,,13.5,13.699999809265137,12.18000030517578,12.390000343322754,3533400,Yahoo Finance daily
2022-03-07,us,IONQ,,12.40999984741211,12.899999618530272,11.850000381469728,11.890000343322754,3152300,Yahoo Finance daily
2022-03-08,us,IONQ,,11.899999618530272,12.232999801635742,11.520000457763672,11.770000457763672,2954000,Yahoo Finance daily
2022-03-09,us,IONQ,,12.06999969482422,12.619999885559082,11.770000457763672,12.5,2301600,Yahoo Finance daily
2022-03-10,us,IONQ,,12.300000190734863,12.869999885559082,11.833000183105469,12.75,1848400,Yahoo Finance daily
2022-03-11,us,IONQ,,12.989999771118164,13.0,12.253000259399414,12.329999923706056,1498100,Yahoo Finance daily
2022-03-14,us,IONQ,,12.09000015258789,12.369999885559082,11.220000267028809,11.40999984741211,2160800,Yahoo Finance daily
2022-03-15,us,IONQ,,11.630000114440918,12.579999923706056,11.289999961853027,12.489999771118164,1845100,Yahoo Finance daily
2022-03-16,us,IONQ,,12.510000228881836,13.18000030517578,12.369999885559082,13.06999969482422,2280300,Yahoo Finance daily
2022-03-17,us,IONQ,,12.899999618530272,14.0,12.869999885559082,13.829999923706056,2409500,Yahoo Finance daily
2022-03-18,us,IONQ,,13.68000030517578,14.359999656677246,13.609999656677246,14.359999656677246,2877800,Yahoo Finance daily
2022-03-21,us,IONQ,,14.5,15.4399995803833,13.979999542236328,14.640000343322754,3419500,Yahoo Finance daily
2022-03-22,us,IONQ,,14.5600004196167,15.289999961853027,14.5600004196167,14.8100004196167,2224000,Yahoo Finance daily
2022-03-23,us,IONQ,,14.670000076293944,14.699999809265137,13.899999618530272,14.199999809265137,2126600,Yahoo Finance daily
2022-03-24,us,IONQ,,14.279999732971191,14.399999618530272,13.682000160217283,13.949999809265137,2040800,Yahoo Finance daily
2022-03-25,us,IONQ,,13.949999809265137,14.0,12.949999809265137,13.18000030517578,2366000,Yahoo Finance daily
2022-03-28,us,IONQ,,13.25,13.571999549865724,12.710000038146973,13.140000343322754,2445600,Yahoo Finance daily
2022-03-29,us,IONQ,,13.260000228881836,13.350000381469728,12.0,12.390000343322754,10204400,Yahoo Finance daily
2022-03-30,us,IONQ,,12.399999618530272,13.260000228881836,12.119999885559082,12.369999885559082,6765300,Yahoo Finance daily
2022-03-31,us,IONQ,,12.420000076293944,13.220000267028809,12.199999809265137,12.760000228881836,4205300,Yahoo Finance daily
2022-04-01,us,IONQ,,12.84000015258789,13.06999969482422,12.399999618530272,13.0,2982500,Yahoo Finance daily
2022-04-04,us,IONQ,,13.0,13.760000228881836,12.845000267028809,13.579999923706056,3026600,Yahoo Finance daily
2022-04-05,us,IONQ,,13.40999984741211,13.470000267028809,12.399999618530272,12.529999732971191,3675200,Yahoo Finance daily
2022-04-06,us,IONQ,,12.470000267028809,12.529999732971191,11.729999542236328,12.300000190734863,3262800,Yahoo Finance daily
2022-04-07,us,IONQ,,12.34000015258789,12.75,12.114999771118164,12.4399995803833,1941600,Yahoo Finance daily
2022-04-08,us,IONQ,,12.350000381469728,12.510000228881836,12.0600004196167,12.31999969482422,1376400,Yahoo Finance daily
2022-04-11,us,IONQ,,11.850000381469728,11.859999656677246,10.774999618530272,10.789999961853027,6097900,Yahoo Finance daily
2022-04-12,us,IONQ,,11.350000381469728,11.369999885559082,10.899999618530272,10.989999771118164,3298000,Yahoo Finance daily
2022-04-13,us,IONQ,,11.020000457763672,11.68000030517578,10.829999923706056,11.369999885559082,3345000,Yahoo Finance daily
2022-04-14,us,IONQ,,11.359999656677246,11.399999618530272,10.630000114440918,10.65999984741211,3465000,Yahoo Finance daily
2022-04-18,us,IONQ,,10.81999969482422,10.906000137329102,10.25,10.600000381469728,4208900,Yahoo Finance daily
2022-04-19,us,IONQ,,10.65999984741211,11.020000457763672,10.149999618530272,10.920000076293944,3792700,Yahoo Finance daily
2022-04-20,us,IONQ,,10.920000076293944,10.960000038146973,9.789999961853027,9.800000190734863,17009100,Yahoo Finance daily
2022-04-21,us,IONQ,,10.050000190734863,10.100000381469728,9.40999984741211,9.5,5955300,Yahoo Finance daily
2022-04-22,us,IONQ,,9.710000038146973,9.710000038146973,8.8100004196167,9.18000030517578,6286900,Yahoo Finance daily
2022-04-25,us,IONQ,,9.029999732971191,9.359999656677246,8.824999809265137,9.140000343322754,5347900,Yahoo Finance daily
2022-04-26,us,IONQ,,9.149999618530272,9.199999809265137,8.100000381469727,8.100000381469727,7300000,Yahoo Finance daily
2022-04-27,us,IONQ,,8.149999618530273,8.539999961853027,8.100000381469727,8.199999809265137,4767800,Yahoo Finance daily
2022-04-28,us,IONQ,,8.390000343322754,8.40999984741211,7.769999980926514,8.3100004196167,5371700,Yahoo Finance daily
2022-04-29,us,IONQ,,8.270000457763672,8.529999732971191,7.860000133514404,7.869999885559082,4226200,Yahoo Finance daily
2022-05-02,us,IONQ,,7.880000114440918,8.109999656677246,7.630000114440918,7.860000133514404,6120200,Yahoo Finance daily
2022-05-03,us,IONQ,,7.489999771118164,7.800000190734863,6.889999866485596,7.150000095367432,17096000,Yahoo Finance daily
2022-05-04,us,IONQ,,6.710000038146973,7.510000228881836,6.46999979019165,7.5,13141900,Yahoo Finance daily
2022-05-05,us,IONQ,,7.25,7.25,6.179999828338623,6.230000019073486,8710900,Yahoo Finance daily
2022-05-06,us,IONQ,,6.199999809265137,6.300000190734863,5.659999847412109,5.920000076293945,7052600,Yahoo Finance daily
2022-05-09,us,IONQ,,5.739999771118164,5.829999923706055,5.050000190734863,5.079999923706055,8236800,Yahoo Finance daily
2022-05-10,us,IONQ,,5.289999961853027,5.329999923706055,4.78000020980835,4.880000114440918,7071800,Yahoo Finance daily
2022-05-11,us,IONQ,,4.880000114440918,4.894999980926514,4.289999961853027,4.340000152587891,7444400,Yahoo Finance daily
2022-05-12,us,IONQ,,4.239999771118164,5.014999866485596,4.159999847412109,4.760000228881836,7428000,Yahoo Finance daily
2022-05-13,us,IONQ,,5.0,5.320000171661377,4.900000095367432,5.199999809265137,6825000,Yahoo Finance daily
2022-05-16,us,IONQ,,5.289999961853027,5.340000152587891,4.820000171661377,4.860000133514404,6070000,Yahoo Finance daily
2022-05-17,us,IONQ,,5.210000038146973,5.78000020980835,5.119999885559082,5.710000038146973,7037600,Yahoo Finance daily
2022-05-18,us,IONQ,,5.630000114440918,6.340000152587891,5.389999866485596,5.449999809265137,8711900,Yahoo Finance daily
2022-05-19,us,IONQ,,5.5,5.949999809265137,5.434999942779541,5.829999923706055,6715400,Yahoo Finance daily
2022-05-20,us,IONQ,,5.920000076293945,6.0,5.309999942779541,5.630000114440918,5048400,Yahoo Finance daily
2022-05-23,us,IONQ,,5.599999904632568,5.797999858856201,5.400000095367432,5.760000228881836,3717100,Yahoo Finance daily
2022-05-24,us,IONQ,,5.619999885559082,5.730000019073486,5.28000020980835,5.389999866485596,3973200,Yahoo Finance daily
2022-05-25,us,IONQ,,5.389999866485596,5.730000019073486,5.320000171661377,5.71999979019165,3486700,Yahoo Finance daily
2022-05-26,us,IONQ,,5.53000020980835,6.068999767303467,5.510000228881836,5.760000228881836,5036500,Yahoo Finance daily
2022-05-27,us,IONQ,,5.829999923706055,6.116000175476074,5.672999858856201,5.929999828338623,6495500,Yahoo Finance daily
2022-05-31,us,IONQ,,6.039999961853027,6.119999885559082,5.480000019073486,5.75,7839700,Yahoo Finance daily
2022-06-01,us,IONQ,,5.739999771118164,5.85099983215332,5.224999904632568,5.289999961853027,5081500,Yahoo Finance daily
2022-06-02,us,IONQ,,5.289999961853027,5.840000152587891,5.239999771118164,5.800000190734863,4385100,Yahoo Finance daily
2022-06-03,us,IONQ,,5.670000076293945,5.739999771118164,5.445000171661377,5.53000020980835,3319900,Yahoo Finance daily
2022-06-06,us,IONQ,,5.739999771118164,5.980000019073486,5.585000038146973,5.639999866485596,5976700,Yahoo Finance daily
2022-06-07,us,IONQ,,5.579999923706055,5.78000020980835,5.289999961853027,5.519999980926514,5055400,Yahoo Finance daily
2022-06-08,us,IONQ,,5.53000020980835,6.034999847412109,5.519999980926514,5.840000152587891,5453800,Yahoo Finance daily
2022-06-09,us,IONQ,,5.860000133514404,5.860000133514404,5.320000171661377,5.320000171661377,4089600,Yahoo Finance daily
2022-06-10,us,IONQ,,5.179999828338623,5.349999904632568,4.900000095367432,4.909999847412109,5176100,Yahoo Finance daily
2022-06-13,us,IONQ,,4.630000114440918,4.789999961853027,4.5,4.519999980926514,5082700,Yahoo Finance daily
2022-06-14,us,IONQ,,4.630000114440918,4.695000171661377,4.385000228881836,4.610000133514404,3952000,Yahoo Finance daily
2022-06-15,us,IONQ,,4.650000095367432,5.110000133514404,4.639999866485596,5.0,6368100,Yahoo Finance daily
2022-06-16,us,IONQ,,4.739999771118164,4.925000190734863,4.599999904632568,4.760000228881836,5456000,Yahoo Finance daily
2022-06-17,us,IONQ,,4.960000038146973,5.119999885559082,4.800000190734863,5.039999961853027,6562600,Yahoo Finance daily
2022-06-21,us,IONQ,,5.179999828338623,5.46999979019165,5.119999885559082,5.139999866485596,5844000,Yahoo Finance daily
2022-06-22,us,IONQ,,5.010000228881836,5.320000171661377,4.940000057220459,4.989999771118164,4738900,Yahoo Finance daily
2022-06-23,us,IONQ,,5.019999980926514,5.130000114440918,4.840000152587891,5.119999885559082,3056700,Yahoo Finance daily
2022-06-24,us,IONQ,,5.130000114440918,5.320000171661377,5.090000152587891,5.110000133514404,18820700,Yahoo Finance daily
2022-06-27,us,IONQ,,5.210000038146973,5.28000020980835,4.809999942779541,4.829999923706055,3395500,Yahoo Finance daily
2022-06-28,us,IONQ,,4.909999847412109,5.079999923706055,4.664999961853027,4.690000057220459,2874700,Yahoo Finance daily
2022-06-29,us,IONQ,,4.699999809265137,4.699999809265137,4.420000076293945,4.460000038146973,3166200,Yahoo Finance daily
2022-06-30,us,IONQ,,4.420000076293945,4.480000019073486,4.215000152587891,4.380000114440918,3177100,Yahoo Finance daily
2022-07-01,us,IONQ,,4.380000114440918,4.489999771118164,4.300000190734863,4.389999866485596,2211500,Yahoo Finance daily
2022-07-05,us,IONQ,,4.320000171661377,4.550000190734863,4.21999979019165,4.550000190734863,2319200,Yahoo Finance daily
2022-07-06,us,IONQ,,4.519999980926514,4.650000095367432,4.454999923706055,4.610000133514404,2414000,Yahoo Finance daily
2022-07-07,us,IONQ,,4.679999828338623,5.059999942779541,4.510000228881836,5.050000190734863,2772300,Yahoo Finance daily
2022-07-08,us,IONQ,,4.889999866485596,5.119999885559082,4.815000057220459,5.070000171661377,2286300,Yahoo Finance daily
2022-07-11,us,IONQ,,4.960000038146973,4.994999885559082,4.610000133514404,4.610000133514404,2197500,Yahoo Finance daily
2022-07-12,us,IONQ,,4.639999866485596,4.77899980545044,4.460000038146973,4.46999979019165,2144900,Yahoo Finance daily
2022-07-13,us,IONQ,,4.329999923706055,4.53000020980835,4.289999961853027,4.429999828338623,1950200,Yahoo Finance daily
2022-07-14,us,IONQ,,4.429999828338623,4.480000019073486,4.309999942779541,4.389999866485596,1965500,Yahoo Finance daily
2022-07-15,us,IONQ,,4.480000019073486,4.53000020980835,4.340000152587891,4.53000020980835,1910100,Yahoo Finance daily
2022-07-18,us,IONQ,,4.630000114440918,4.769999980926514,4.559999942779541,4.590000152587891,2542100,Yahoo Finance daily
2022-07-19,us,IONQ,,4.690000057220459,4.869999885559082,4.599999904632568,4.730000019073486,2264900,Yahoo Finance daily
2022-07-20,us,IONQ,,4.769999980926514,5.21999979019165,4.760000228881836,5.119999885559082,3309200,Yahoo Finance daily
2022-07-21,us,IONQ,,5.059999942779541,5.260000228881836,4.980000019073486,5.260000228881836,2389600,Yahoo Finance daily
2022-07-22,us,IONQ,,5.210000038146973,5.230000019073486,4.784999847412109,4.880000114440918,2083000,Yahoo Finance daily
2022-07-25,us,IONQ,,4.929999828338623,5.008999824523926,4.829999923706055,4.940000057220459,1535200,Yahoo Finance daily
2022-07-26,us,IONQ,,4.889999866485596,4.909999847412109,4.670000076293945,4.71999979019165,2001000,Yahoo Finance daily
2022-07-27,us,IONQ,,4.840000152587891,5.144999980926514,4.760000228881836,5.099999904632568,1607800,Yahoo Finance daily
2022-07-28,us,IONQ,,5.090000152587891,5.289999961853027,5.010000228881836,5.289999961853027,2223100,Yahoo Finance daily
2022-07-29,us,IONQ,,5.190000057220459,5.409999847412109,5.139999866485596,5.400000095367432,1921300,Yahoo Finance daily
2022-08-01,us,IONQ,,5.409999847412109,5.440000057220459,5.190000057220459,5.25,2756200,Yahoo Finance daily
2022-08-02,us,IONQ,,5.170000076293945,5.610000133514404,5.150000095367432,5.510000228881836,2105300,Yahoo Finance daily
2022-08-03,us,IONQ,,5.610000133514404,5.929999828338623,5.579999923706055,5.900000095367432,3126700,Yahoo Finance daily
2022-08-04,us,IONQ,,6.03000020980835,6.28000020980835,5.949999809265137,6.199999809265137,3978200,Yahoo Finance daily
2022-08-05,us,IONQ,,6.179999828338623,6.434999942779541,6.059999942779541,6.420000076293945,4247800,Yahoo Finance daily
2022-08-08,us,IONQ,,6.519999980926514,6.650000095367432,6.110000133514404,6.130000114440918,3667400,Yahoo Finance daily
2022-08-09,us,IONQ,,6.010000228881836,6.03000020980835,5.610000133514404,5.71999979019165,3070400,Yahoo Finance daily
2022-08-10,us,IONQ,,6.039999961853027,6.400000095367432,5.980000019073486,6.329999923706055,4736100,Yahoo Finance daily
2022-08-11,us,IONQ,,6.460000038146973,6.559999942779541,6.054999828338623,6.070000171661377,2952000,Yahoo Finance daily
2022-08-12,us,IONQ,,6.289999961853027,6.289999961853027,5.980000019073486,6.210000038146973,3073500,Yahoo Finance daily
2022-08-15,us,IONQ,,6.239999771118164,6.5,6.190000057220459,6.360000133514404,3837700,Yahoo Finance daily
2022-08-16,us,IONQ,,7.110000133514404,8.609999656677246,7.079999923706055,8.380000114440918,21302900,Yahoo Finance daily
2022-08-17,us,IONQ,,8.039999961853027,8.229999542236328,7.610000133514404,7.860000133514404,6813600,Yahoo Finance daily
2022-08-18,us,IONQ,,8.239999771118164,8.260000228881836,7.619999885559082,7.630000114440918,5666600,Yahoo Finance daily
2022-08-19,us,IONQ,,7.25,7.339000225067139,6.590000152587891,6.619999885559082,5497200,Yahoo Finance daily
2022-08-22,us,IONQ,,6.429999828338623,6.639999866485596,6.28000020980835,6.420000076293945,3411700,Yahoo Finance daily
2022-08-23,us,IONQ,,6.5,6.71999979019165,6.400000095367432,6.429999828338623,2341200,Yahoo Finance daily
2022-08-24,us,IONQ,,6.46999979019165,7.114999771118164,6.380000114440918,6.579999923706055,4483900,Yahoo Finance daily
2022-08-25,us,IONQ,,6.739999771118164,6.869999885559082,6.539999961853027,6.840000152587891,2887900,Yahoo Finance daily
2022-08-26,us,IONQ,,6.829999923706055,6.849999904632568,6.150000095367432,6.190000057220459,4455700,Yahoo Finance daily
2022-08-29,us,IONQ,,6.0,6.364999771118164,6.0,6.190000057220459,2057600,Yahoo Finance daily
2022-08-30,us,IONQ,,6.300000190734863,6.300000190734863,5.800000190734863,5.880000114440918,3319700,Yahoo Finance daily
2022-08-31,us,IONQ,,6.010000228881836,6.047999858856201,5.769999980926514,5.940000057220459,2732200,Yahoo Finance daily
2022-09-01,us,IONQ,,5.840000152587891,5.860000133514404,5.590000152587891,5.789999961853027,2442600,Yahoo Finance daily
2022-09-02,us,IONQ,,5.900000095367432,5.900000095367432,5.60099983215332,5.699999809265137,2116600,Yahoo Finance daily
2022-09-06,us,IONQ,,5.789999961853027,5.800000190734863,5.565000057220459,5.630000114440918,2140000,Yahoo Finance daily
2022-09-07,us,IONQ,,5.579999923706055,5.659999847412109,5.150000095367432,5.300000190734863,4190000,Yahoo Finance daily
2022-09-08,us,IONQ,,5.300000190734863,5.360000133514404,5.090000152587891,5.239999771118164,2949700,Yahoo Finance daily
2022-09-09,us,IONQ,,5.289999961853027,5.489999771118164,5.239999771118164,5.389999866485596,3018200,Yahoo Finance daily
2022-09-12,us,IONQ,,5.449999809265137,5.925000190734863,5.429999828338623,5.920000076293945,3295400,Yahoo Finance daily
2022-09-13,us,IONQ,,5.570000171661377,5.75,5.480000019073486,5.590000152587891,2841400,Yahoo Finance daily
2022-09-14,us,IONQ,,5.630000114440918,5.960000038146973,5.460000038146973,5.789999961853027,2474700,Yahoo Finance daily
2022-09-15,us,IONQ,,5.679999828338623,5.980000019073486,5.590000152587891,5.760000228881836,2272800,Yahoo Finance daily
2022-09-16,us,IONQ,,5.679999828338623,5.679999828338623,5.409999847412109,5.489999771118164,4046500,Yahoo Finance daily
2022-09-19,us,IONQ,,5.409999847412109,5.510000228881836,5.230000019073486,5.389999866485596,1897200,Yahoo Finance daily
2022-09-20,us,IONQ,,5.360000133514404,5.420000076293945,5.210000038146973,5.269999980926514,1587400,Yahoo Finance daily
2022-09-21,us,IONQ,,5.329999923706055,5.519999980926514,5.175000190734863,5.199999809265137,1994200,Yahoo Finance daily
2022-09-22,us,IONQ,,5.25,5.25,4.855000019073486,4.96999979019165,2815000,Yahoo Finance daily
2022-09-23,us,IONQ,,4.820000171661377,4.902999877929688,4.650000095367432,4.769999980926514,2464100,Yahoo Finance daily
2022-09-26,us,IONQ,,4.75,5.03000020980835,4.730000019073486,4.789999961853027,1960900,Yahoo Finance daily
2022-09-27,us,IONQ,,4.980000019073486,5.050000190734863,4.769999980926514,4.840000152587891,1459900,Yahoo Finance daily
2022-09-28,us,IONQ,,4.75,5.119999885559082,4.730000019073486,5.070000171661377,1598700,Yahoo Finance daily
2022-09-29,us,IONQ,,4.920000076293945,4.989999771118164,4.659999847412109,4.78000020980835,1630100,Yahoo Finance daily
2022-09-30,us,IONQ,,5.090000152587891,5.5,4.929999828338623,5.070000171661377,8108900,Yahoo Finance daily
2022-10-03,us,IONQ,,5.179999828338623,5.309999942779541,4.965000152587891,5.260000228881836,2732100,Yahoo Finance daily
2022-10-04,us,IONQ,,5.429999828338623,5.980000019073486,5.409999847412109,5.880000114440918,4339500,Yahoo Finance daily
2022-10-05,us,IONQ,,5.610000133514404,5.789999961853027,5.489999771118164,5.710000038146973,2577600,Yahoo Finance daily
2022-10-06,us,IONQ,,5.730000019073486,5.920000076293945,5.610000133514404,5.639999866485596,1822400,Yahoo Finance daily
2022-10-07,us,IONQ,,5.449999809265137,5.53000020980835,5.25,5.28000020980835,2564300,Yahoo Finance daily
2022-10-10,us,IONQ,,5.320000171661377,5.340000152587891,4.980000019073486,5.070000171661377,2163200,Yahoo Finance daily
2022-10-11,us,IONQ,,5.010000228881836,5.059999942779541,4.519999980926514,4.889999866485596,2791900,Yahoo Finance daily
2022-10-12,us,IONQ,,4.920000076293945,5.054999828338623,4.809999942779541,5.050000190734863,1882900,Yahoo Finance daily
2022-10-13,us,IONQ,,4.78000020980835,5.199999809265137,4.679999828338623,5.179999828338623,2844500,Yahoo Finance daily
2022-10-14,us,IONQ,,5.269999980926514,5.335000038146973,4.860000133514404,4.869999885559082,1725400,Yahoo Finance daily
2022-10-17,us,IONQ,,5.050000190734863,5.25600004196167,5.039999961853027,5.139999866485596,1911600,Yahoo Finance daily
2022-10-18,us,IONQ,,5.340000152587891,5.389999866485596,5.005000114440918,5.079999923706055,1966500,Yahoo Finance daily
2022-10-19,us,IONQ,,5.019999980926514,5.079999923706055,4.8979997634887695,5.010000228881836,1571500,Yahoo Finance daily
2022-10-20,us,IONQ,,5.0,5.25,4.96999979019165,5.070000171661377,1771200,Yahoo Finance daily
2022-10-21,us,IONQ,,5.070000171661377,5.150000095367432,4.954999923706055,5.130000114440918,1309700,Yahoo Finance daily
2022-10-24,us,IONQ,,5.150000095367432,5.150000095367432,4.920000076293945,5.059999942779541,1746500,Yahoo Finance daily
2022-10-25,us,IONQ,,5.110000133514404,5.479000091552734,5.099999904632568,5.400000095367432,2707200,Yahoo Finance daily
2022-10-26,us,IONQ,,5.28000020980835,5.599999904632568,5.25,5.53000020980835,2849100,Yahoo Finance daily
2022-10-27,us,IONQ,,5.590000152587891,5.739999771118164,5.400000095367432,5.46999979019165,2447500,Yahoo Finance daily
2022-10-28,us,IONQ,,5.460000038146973,5.699999809265137,5.449999809265137,5.690000057220459,1878400,Yahoo Finance daily
2022-10-31,us,IONQ,,5.650000095367432,5.934999942779541,5.650000095367432,5.889999866485596,2494000,Yahoo Finance daily
2022-11-01,us,IONQ,,6.0,6.090000152587891,5.599999904632568,5.610000133514404,2143400,Yahoo Finance daily
2022-11-02,us,IONQ,,5.630000114440918,5.704999923706055,5.324999809265137,5.329999923706055,1868300,Yahoo Finance daily
2022-11-03,us,IONQ,,5.320000171661377,5.400000095367432,5.150000095367432,5.159999847412109,1658300,Yahoo Finance daily
2022-11-04,us,IONQ,,5.349999904632568,5.369999885559082,5.019999980926514,5.159999847412109,2237700,Yahoo Finance daily
2022-11-07,us,IONQ,,5.210000038146973,5.28000020980835,5.064000129699707,5.269999980926514,1461400,Yahoo Finance daily
2022-11-08,us,IONQ,,5.300000190734863,5.309999942779541,4.929999828338623,4.960000038146973,3762100,Yahoo Finance daily
2022-11-09,us,IONQ,,5.0,5.0,4.610000133514404,4.610000133514404,3297900,Yahoo Finance daily
2022-11-10,us,IONQ,,5.059999942779541,5.559999942779541,5.059999942779541,5.559999942779541,4050800,Yahoo Finance daily
2022-11-11,us,IONQ,,5.519999980926514,5.929999828338623,5.369999885559082,5.829999923706055,3027400,Yahoo Finance daily
2022-11-14,us,IONQ,,5.78000020980835,6.079999923706055,5.639999866485596,5.989999771118164,3930500,Yahoo Finance daily
2022-11-15,us,IONQ,,5.820000171661377,6.269999980926514,5.46999979019165,5.650000095367432,6816900,Yahoo Finance daily
2022-11-16,us,IONQ,,5.599999904632568,5.630000114440918,5.199999809265137,5.25,2695800,Yahoo Finance daily
2022-11-17,us,IONQ,,5.0,5.099999904632568,4.800000190734863,4.909999847412109,5582500,Yahoo Finance daily
2022-11-18,us,IONQ,,5.070000171661377,5.070000171661377,4.829999923706055,4.920000076293945,3034500,Yahoo Finance daily
2022-11-21,us,IONQ,,4.940000057220459,4.940000057220459,4.75,4.800000190734863,2345600,Yahoo Finance daily
2022-11-22,us,IONQ,,4.869999885559082,4.889999866485596,4.739999771118164,4.849999904632568,1689300,Yahoo Finance daily
2022-11-23,us,IONQ,,4.920000076293945,4.989999771118164,4.829999923706055,4.980000019073486,2242200,Yahoo Finance daily
2022-11-25,us,IONQ,,4.949999809265137,5.010000228881836,4.909999847412109,4.909999847412109,756700,Yahoo Finance daily
2022-11-28,us,IONQ,,4.880000114440918,5.019999980926514,4.849999904632568,4.940000057220459,1998900,Yahoo Finance daily
2022-11-29,us,IONQ,,4.989999771118164,5.0,4.809999942779541,4.829999923706055,1631500,Yahoo Finance daily
2022-11-30,us,IONQ,,4.909999847412109,5.159999847412109,4.789999961853027,5.159999847412109,3408600,Yahoo Finance daily
2022-12-01,us,IONQ,,5.119999885559082,5.260000228881836,4.949999809265137,4.960000038146973,2318800,Yahoo Finance daily
2022-12-02,us,IONQ,,4.849999904632568,4.980000019073486,4.744999885559082,4.940000057220459,2881700,Yahoo Finance daily
2022-12-05,us,IONQ,,4.860000133514404,4.900000095367432,4.610000133514404,4.650000095367432,3261300,Yahoo Finance daily
2022-12-06,us,IONQ,,4.679999828338623,4.710000038146973,4.329999923706055,4.349999904632568,3876800,Yahoo Finance daily
2022-12-07,us,IONQ,,4.369999885559082,4.440000057220459,4.311999797821045,4.349999904632568,2317300,Yahoo Finance daily
2022-12-08,us,IONQ,,4.449999809265137,4.690000057220459,4.34499979019165,4.619999885559082,2050700,Yahoo Finance daily
2022-12-09,us,IONQ,,4.590000152587891,4.679999828338623,4.480000019073486,4.480000019073486,1617800,Yahoo Finance daily
2022-12-12,us,IONQ,,4.429999828338623,4.489999771118164,4.375,4.46999979019165,2150300,Yahoo Finance daily
2022-12-13,us,IONQ,,4.699999809265137,4.755000114440918,4.269999980926514,4.320000171661377,3858800,Yahoo Finance daily
2022-12-14,us,IONQ,,4.369999885559082,4.505000114440918,4.170000076293945,4.230000019073486,3240600,Yahoo Finance daily
2022-12-15,us,IONQ,,4.159999847412109,4.199999809265137,3.880000114440918,3.910000085830689,5457100,Yahoo Finance daily
2022-12-16,us,IONQ,,3.9600000381469727,3.9700000286102295,3.775000095367432,3.859999895095825,4233000,Yahoo Finance daily
2022-12-19,us,IONQ,,3.869999885559082,3.910000085830689,3.640000104904175,3.700000047683716,3166000,Yahoo Finance daily
2022-12-20,us,IONQ,,3.700000047683716,3.809999942779541,3.625,3.7100000381469727,2835700,Yahoo Finance daily
2022-12-21,us,IONQ,,3.7699999809265137,3.829999923706055,3.660000085830689,3.690000057220459,2052700,Yahoo Finance daily
2022-12-22,us,IONQ,,3.619999885559082,3.634999990463257,3.359999895095825,3.369999885559082,5613300,Yahoo Finance daily
2022-12-23,us,IONQ,,3.390000104904175,3.400000095367432,3.2699999809265137,3.299999952316284,4519200,Yahoo Finance daily
2022-12-27,us,IONQ,,3.2799999713897705,3.299999952316284,3.049999952316284,3.0999999046325684,4232500,Yahoo Finance daily
2022-12-28,us,IONQ,,3.119999885559082,3.2049999237060547,3.039999961853028,3.119999885559082,3397600,Yahoo Finance daily
2022-12-29,us,IONQ,,3.180000066757202,3.680000066757202,3.130000114440918,3.539999961853028,4854400,Yahoo Finance daily
2022-12-30,us,IONQ,,3.450000047683716,3.5299999713897705,3.380000114440918,3.450000047683716,2348600,Yahoo Finance daily
2023-01-03,us,IONQ,,3.569999933242798,3.714999914169312,3.4100000858306885,3.4600000381469727,2736600,Yahoo Finance daily
2023-01-04,us,IONQ,,3.509999990463257,3.700000047683716,3.450000047683716,3.609999895095825,2001400,Yahoo Finance daily
2023-01-05,us,IONQ,,3.549999952316284,3.690000057220459,3.5199999809265137,3.640000104904175,1883500,Yahoo Finance daily
2023-01-06,us,IONQ,,3.680000066757202,3.7799999713897705,3.5899999141693115,3.7699999809265137,1728800,Yahoo Finance daily
2023-01-09,us,IONQ,,3.890000104904175,4.010000228881836,3.785000085830689,3.809999942779541,3357800,Yahoo Finance daily
2023-01-10,us,IONQ,,3.829999923706055,3.858999967575073,3.680000066757202,3.809999942779541,2284500,Yahoo Finance daily
2023-01-11,us,IONQ,,3.910000085830689,3.990000009536743,3.7799999713897705,3.859999895095825,2697800,Yahoo Finance daily
2023-01-12,us,IONQ,,3.900000095367432,4.050000190734863,3.700000047683716,4.050000190734863,2986600,Yahoo Finance daily
2023-01-13,us,IONQ,,3.9700000286102295,4.420000076293945,3.944999933242798,4.409999847412109,4058400,Yahoo Finance daily
2023-01-17,us,IONQ,,4.400000095367432,4.429999828338623,4.195000171661377,4.349999904632568,3102200,Yahoo Finance daily
2023-01-18,us,IONQ,,4.400000095367432,4.550000190734863,4.199999809265137,4.199999809265137,2382900,Yahoo Finance daily
2023-01-19,us,IONQ,,4.090000152587891,4.150000095367432,4.010000228881836,4.019999980926514,1799600,Yahoo Finance daily
2023-01-20,us,IONQ,,4.239999771118164,4.440000057220459,4.139999866485596,4.340000152587891,3701100,Yahoo Finance daily
2023-01-23,us,IONQ,,4.510000228881836,4.619999885559082,4.364999771118164,4.5,3860000,Yahoo Finance daily
2023-01-24,us,IONQ,,4.460000038146973,4.730000019073486,4.369999885559082,4.440000057220459,1794800,Yahoo Finance daily
2023-01-25,us,IONQ,,4.309999942779541,4.539999961853027,4.26200008392334,4.5,1582700,Yahoo Finance daily
2023-01-26,us,IONQ,,4.630000114440918,4.679999828338623,4.304999828338623,4.539999961853027,3110200,Yahoo Finance daily
2023-01-27,us,IONQ,,4.480000019073486,4.565000057220459,4.429999828338623,4.489999771118164,4102600,Yahoo Finance daily
2023-01-30,us,IONQ,,4.46999979019165,4.590000152587891,4.400000095367432,4.460000038146973,2272700,Yahoo Finance daily
2023-01-31,us,IONQ,,4.5,4.574999809265137,4.421999931335449,4.440000057220459,2490900,Yahoo Finance daily
2023-02-01,us,IONQ,,4.449999809265137,4.789999961853027,4.400000095367432,4.760000228881836,4175100,Yahoo Finance daily
2023-02-02,us,IONQ,,4.929999828338623,5.570000171661377,4.90399980545044,5.489999771118164,7545200,Yahoo Finance daily
2023-02-03,us,IONQ,,5.260000228881836,5.71999979019165,5.21999979019165,5.5,4767500,Yahoo Finance daily
2023-02-06,us,IONQ,,5.800000190734863,6.0,5.340000152587891,5.409999847412109,9931600,Yahoo Finance daily
2023-02-07,us,IONQ,,5.440000057220459,5.440000057220459,4.949999809265137,5.150000095367432,5826600,Yahoo Finance daily
2023-02-08,us,IONQ,,5.150000095367432,5.480000019073486,5.099999904632568,5.130000114440918,3321200,Yahoo Finance daily
2023-02-09,us,IONQ,,5.210000038146973,5.21999979019165,4.664999961853027,4.690000057220459,4728600,Yahoo Finance daily
2023-02-10,us,IONQ,,4.71999979019165,4.940000057220459,4.679999828338623,4.809999942779541,2746900,Yahoo Finance daily
2023-02-13,us,IONQ,,4.869999885559082,4.909999847412109,4.679999828338623,4.889999866485596,2522000,Yahoo Finance daily
2023-02-14,us,IONQ,,4.760000228881836,5.070000171661377,4.670000076293945,4.989999771118164,3956000,Yahoo Finance daily
2023-02-15,us,IONQ,,5.0,5.650000095367432,5.0,5.650000095367432,5529600,Yahoo Finance daily
2023-02-16,us,IONQ,,5.480000019073486,5.590000152587891,5.260000228881836,5.28000020980835,3491500,Yahoo Finance daily
2023-02-17,us,IONQ,,5.170000076293945,5.199999809265137,4.800000190734863,4.880000114440918,3684500,Yahoo Finance daily
2023-02-21,us,IONQ,,4.869999885559082,4.920000076293945,4.614999771118164,4.639999866485596,2904900,Yahoo Finance daily
2023-02-22,us,IONQ,,4.679999828338623,4.78000020980835,4.550000190734863,4.760000228881836,2515200,Yahoo Finance daily
2023-02-23,us,IONQ,,4.869999885559082,4.900000095367432,4.610000133514404,4.78000020980835,2380900,Yahoo Finance daily
2023-02-24,us,IONQ,,4.599999904632568,4.699999809265137,4.510000228881836,4.570000171661377,2326900,Yahoo Finance daily
2023-02-27,us,IONQ,,4.599999904632568,4.670000076293945,4.579999923706055,4.630000114440918,1413200,Yahoo Finance daily
2023-02-28,us,IONQ,,4.650000095367432,4.820000171661377,4.59499979019165,4.739999771118164,1745300,Yahoo Finance daily
2023-03-01,us,IONQ,,4.760000228881836,4.769999980926514,4.559999942779541,4.619999885559082,1927000,Yahoo Finance daily
2023-03-02,us,IONQ,,4.539999961853027,4.769999980926514,4.460000038146973,4.760000228881836,2179000,Yahoo Finance daily
2023-03-03,us,IONQ,,4.800000190734863,5.050000190734863,4.784999847412109,5.03000020980835,2405800,Yahoo Finance daily
2023-03-06,us,IONQ,,5.070000171661377,5.210000038146973,4.900000095367432,4.929999828338623,2333700,Yahoo Finance daily
2023-03-07,us,IONQ,,4.960000038146973,5.130000114440918,4.820000171661377,4.940000057220459,2225500,Yahoo Finance daily
2023-03-08,us,IONQ,,4.96999979019165,5.150000095367432,4.863999843597412,5.059999942779541,2135800,Yahoo Finance daily
2023-03-09,us,IONQ,,5.050000190734863,5.190000057220459,4.769999980926514,4.829999923706055,3300100,Yahoo Finance daily
2023-03-10,us,IONQ,,4.829999923706055,4.840000152587891,4.489999771118164,4.559999942779541,3782800,Yahoo Finance daily
2023-03-13,us,IONQ,,4.46999979019165,4.789999961853027,4.380000114440918,4.710000038146973,3784400,Yahoo Finance daily
2023-03-14,us,IONQ,,4.769999980926514,4.929999828338623,4.730000019073486,4.789999961853027,2361400,Yahoo Finance daily
2023-03-15,us,IONQ,,4.639999866485596,4.800000190734863,4.630000114440918,4.769999980926514,2366100,Yahoo Finance daily
2023-03-16,us,IONQ,,4.769999980926514,4.880000114440918,4.679999828338623,4.800000190734863,1816700,Yahoo Finance daily
2023-03-17,us,IONQ,,4.820000171661377,4.889999866485596,4.635000228881836,4.730000019073486,2666100,Yahoo Finance daily
2023-03-20,us,IONQ,,4.71999979019165,4.758999824523926,4.610000133514404,4.610000133514404,2310000,Yahoo Finance daily
2023-03-21,us,IONQ,,4.650000095367432,4.940000057220459,4.630000114440918,4.869999885559082,5128100,Yahoo Finance daily
2023-03-22,us,IONQ,,4.880000114440918,4.980000019073486,4.650000095367432,4.650000095367432,2518200,Yahoo Finance daily
2023-03-23,us,IONQ,,4.71999979019165,5.079999923706055,4.710000038146973,4.840000152587891,3364700,Yahoo Finance daily
2023-03-24,us,IONQ,,4.840000152587891,4.954999923706055,4.744999885559082,4.880000114440918,2341100,Yahoo Finance daily
2023-03-27,us,IONQ,,4.940000057220459,5.235000133514404,4.840000152587891,5.119999885559082,3741600,Yahoo Finance daily
2023-03-28,us,IONQ,,5.119999885559082,5.130000114440918,4.650000095367432,4.699999809265137,4003700,Yahoo Finance daily
2023-03-29,us,IONQ,,4.820000171661377,5.139999866485596,4.800000190734863,5.130000114440918,3382800,Yahoo Finance daily
2023-03-30,us,IONQ,,5.199999809265137,5.349999904632568,5.039999961853027,5.079999923706055,4318500,Yahoo Finance daily
2023-03-31,us,IONQ,,5.349999904632568,6.769999980926514,5.25,6.150000095367432,33616000,Yahoo Finance daily
2023-04-03,us,IONQ,,6.269999980926514,6.539999961853027,5.909999847412109,6.150000095367432,10188100,Yahoo Finance daily
2023-04-04,us,IONQ,,6.309999942779541,7.179999828338623,6.300000190734863,7.070000171661377,18441900,Yahoo Finance daily
2023-04-05,us,IONQ,,7.210000038146973,7.210000038146973,6.409999847412109,6.659999847412109,12436300,Yahoo Finance daily
2023-04-06,us,IONQ,,6.300000190734863,6.960000038146973,6.210000038146973,6.809999942779541,6841100,Yahoo Finance daily
2023-04-10,us,IONQ,,6.840000152587891,7.0,6.639999866485596,6.849999904632568,5715400,Yahoo Finance daily
2023-04-11,us,IONQ,,6.920000076293945,7.349999904632568,6.679999828338623,6.78000020980835,7215000,Yahoo Finance daily
2023-04-12,us,IONQ,,7.039999961853027,7.059999942779541,6.510000228881836,6.590000152587891,4389000,Yahoo Finance daily
2023-04-13,us,IONQ,,6.670000076293945,6.940000057220459,6.610000133514404,6.820000171661377,3771700,Yahoo Finance daily
2023-04-14,us,IONQ,,6.710000038146973,6.954999923706055,6.53000020980835,6.710000038146973,3389300,Yahoo Finance daily
2023-04-17,us,IONQ,,6.679999828338623,6.869999885559082,6.420000076293945,6.550000190734863,3321700,Yahoo Finance daily
2023-04-18,us,IONQ,,6.590000152587891,6.610000133514404,6.269999980926514,6.400000095367432,3666500,Yahoo Finance daily
2023-04-19,us,IONQ,,6.210000038146973,6.364999771118164,6.159999847412109,6.28000020980835,2708400,Yahoo Finance daily
2023-04-20,us,IONQ,,6.070000171661377,6.239999771118164,6.0,6.099999904632568,3137100,Yahoo Finance daily
2023-04-21,us,IONQ,,6.099999904632568,6.269999980926514,6.0,6.25,2363000,Yahoo Finance daily
2023-04-24,us,IONQ,,6.28000020980835,6.340000152587891,5.820000171661377,5.840000152587891,4702000,Yahoo Finance daily
2023-04-25,us,IONQ,,5.710000038146973,5.739999771118164,5.440000057220459,5.510000228881836,3922400,Yahoo Finance daily
2023-04-26,us,IONQ,,5.519999980926514,5.599999904632568,5.369999885559082,5.400000095367432,3079300,Yahoo Finance daily
2023-04-27,us,IONQ,,5.5,5.658999919891357,5.449999809265137,5.550000190734863,2497900,Yahoo Finance daily
2023-04-28,us,IONQ,,5.599999904632568,5.599999904632568,5.409999847412109,5.510000228881836,2645100,Yahoo Finance daily
2023-05-01,us,IONQ,,5.53000020980835,5.659999847412109,5.449999809265137,5.489999771118164,3298400,Yahoo Finance daily
2023-05-02,us,IONQ,,5.449999809265137,5.585000038146973,5.300000190734863,5.309999942779541,2767400,Yahoo Finance daily
2023-05-03,us,IONQ,,5.340000152587891,5.53000020980835,5.289999961853027,5.409999847412109,2418500,Yahoo Finance daily
2023-05-04,us,IONQ,,5.449999809265137,5.599999904632568,5.380000114440918,5.570000171661377,2591500,Yahoo Finance daily
2023-05-05,us,IONQ,,5.739999771118164,5.960000038146973,5.699999809265137,5.900000095367432,4138300,Yahoo Finance daily
2023-05-08,us,IONQ,,6.130000114440918,6.239999771118164,6.0,6.150000095367432,4032600,Yahoo Finance daily
2023-05-09,us,IONQ,,6.119999885559082,6.460000038146973,6.070000171661377,6.380000114440918,3731900,Yahoo Finance daily
2023-05-10,us,IONQ,,6.539999961853027,6.96999979019165,6.429999828338623,6.949999809265137,5292600,Yahoo Finance daily
2023-05-11,us,IONQ,,6.840000152587891,7.119999885559082,6.650000095367432,7.019999980926514,9256500,Yahoo Finance daily
2023-05-12,us,IONQ,,6.389999866485596,6.659999847412109,6.0,6.349999904632568,9156500,Yahoo Finance daily
2023-05-15,us,IONQ,,6.340000152587891,7.460000038146973,6.330999851226807,7.340000152587891,7741700,Yahoo Finance daily
2023-05-16,us,IONQ,,7.039999961853027,8.0600004196167,7.019999980926514,7.989999771118164,12604300,Yahoo Finance daily
2023-05-17,us,IONQ,,7.989999771118164,9.149999618530272,7.909999847412109,8.960000038146973,13777000,Yahoo Finance daily
2023-05-18,us,IONQ,,8.979999542236328,9.449999809265137,8.529999732971191,9.09000015258789,14432000,Yahoo Finance daily
2023-05-19,us,IONQ,,9.140000343322754,9.31999969482422,8.765000343322754,8.880000114440918,7209900,Yahoo Finance daily
2023-05-22,us,IONQ,,9.010000228881836,11.31999969482422,8.890000343322754,10.859999656677246,26211100,Yahoo Finance daily
2023-05-23,us,IONQ,,10.93000030517578,11.649999618530272,10.65999984741211,10.829999923706056,17921000,Yahoo Finance daily
2023-05-24,us,IONQ,,9.68000030517578,10.359999656677246,9.149999618530272,10.239999771118164,15813900,Yahoo Finance daily
2023-05-25,us,IONQ,,10.510000228881836,10.630000114440918,9.229999542236328,9.350000381469728,16432900,Yahoo Finance daily
2023-05-26,us,IONQ,,9.479999542236328,10.220000267028809,9.449999809265137,10.0,10870900,Yahoo Finance daily
2023-05-30,us,IONQ,,10.199999809265137,11.100000381469728,9.859999656677246,10.989999771118164,15712400,Yahoo Finance daily
2023-05-31,us,IONQ,,10.529999732971191,11.06999969482422,10.3100004196167,10.789999961853027,11492000,Yahoo Finance daily
2023-06-01,us,IONQ,,10.56999969482422,11.34000015258789,10.399999618530272,10.720000267028809,13483100,Yahoo Finance daily
2023-06-02,us,IONQ,,10.630000114440918,10.699999809265137,9.0600004196167,9.220000267028809,16664500,Yahoo Finance daily
2023-06-05,us,IONQ,,9.460000038146973,9.899999618530272,8.899999618530273,9.84000015258789,7733400,Yahoo Finance daily
2023-06-06,us,IONQ,,9.550000190734863,10.050000190734863,9.300000190734863,9.8100004196167,8085400,Yahoo Finance daily
2023-06-07,us,IONQ,,9.93000030517578,10.479999542236328,9.40999984741211,9.449999809265137,9282500,Yahoo Finance daily
2023-06-08,us,IONQ,,9.640000343322754,10.869999885559082,9.449999809265137,10.649999618530272,12100100,Yahoo Finance daily
2023-06-09,us,IONQ,,10.449999809265137,11.3100004196167,10.329999923706056,10.550000190734863,10983200,Yahoo Finance daily
2023-06-12,us,IONQ,,10.649999618530272,11.220000267028809,10.25100040435791,10.539999961853027,8750800,Yahoo Finance daily
2023-06-13,us,IONQ,,10.850000381469728,10.850000381469728,9.9399995803833,10.630000114440918,10530400,Yahoo Finance daily
2023-06-14,us,IONQ,,10.520000457763672,11.5600004196167,9.720000267028809,9.9399995803833,19989300,Yahoo Finance daily
2023-06-15,us,IONQ,,9.93000030517578,10.048999786376951,9.729999542236328,9.9399995803833,5935200,Yahoo Finance daily
2023-06-16,us,IONQ,,10.119999885559082,10.170000076293944,9.619999885559082,9.699999809265137,5951300,Yahoo Finance daily
2023-06-20,us,IONQ,,9.649999618530272,9.708999633789062,9.119999885559082,9.3100004196167,6751900,Yahoo Finance daily
2023-06-21,us,IONQ,,9.149999618530272,9.380000114440918,8.829999923706055,9.220000267028809,7078000,Yahoo Finance daily
2023-06-22,us,IONQ,,9.010000228881836,9.539999961853027,8.975000381469727,9.43000030517578,7220200,Yahoo Finance daily
2023-06-23,us,IONQ,,10.0600004196167,10.670000076293944,9.199999809265137,9.369999885559082,22404100,Yahoo Finance daily
2023-06-26,us,IONQ,,9.760000228881836,10.779999732971191,9.520000457763672,10.329999923706056,17817700,Yahoo Finance daily
2023-06-27,us,IONQ,,10.460000038146973,10.880000114440918,10.260000228881836,10.8100004196167,8606700,Yahoo Finance daily
2023-06-28,us,IONQ,,10.670000076293944,13.55500030517578,10.65999984741211,13.350000381469728,34141700,Yahoo Finance daily
2023-06-29,us,IONQ,,13.199999809265137,14.06999969482422,12.859999656677246,13.529999732971191,17017600,Yahoo Finance daily
2023-06-30,us,IONQ,,13.81999969482422,14.800000190734863,13.414999961853027,13.529999732971191,17052300,Yahoo Finance daily
2023-07-03,us,IONQ,,13.789999961853027,14.300000190734863,13.31999969482422,13.5,6078600,Yahoo Finance daily
2023-07-05,us,IONQ,,13.489999771118164,15.06999969482422,13.34000015258789,14.119999885559082,13877200,Yahoo Finance daily
2023-07-06,us,IONQ,,13.859999656677246,13.890000343322754,12.6899995803833,13.289999961853027,10174800,Yahoo Finance daily
2023-07-07,us,IONQ,,13.720000267028809,14.130000114440918,13.220000267028809,13.279999732971191,8341600,Yahoo Finance daily
2023-07-10,us,IONQ,,13.5,14.149999618530272,12.93000030517578,14.029999732971191,9416800,Yahoo Finance daily
2023-07-11,us,IONQ,,14.06999969482422,14.550000190734863,13.510000228881836,13.859999656677246,10789100,Yahoo Finance daily
2023-07-12,us,IONQ,,14.170000076293944,14.824999809265137,13.609999656677246,14.720000267028809,12558700,Yahoo Finance daily
2023-07-13,us,IONQ,,14.600000381469728,14.880000114440918,14.010000228881836,14.460000038146973,10442000,Yahoo Finance daily
2023-07-14,us,IONQ,,14.619999885559082,15.359999656677246,13.41100025177002,13.550000190734863,13973000,Yahoo Finance daily
2023-07-17,us,IONQ,,13.760000228881836,14.9399995803833,13.470000267028809,14.899999618530272,10548600,Yahoo Finance daily
2023-07-18,us,IONQ,,14.800000190734863,15.850000381469728,14.779999732971191,15.710000038146973,13808700,Yahoo Finance daily
2023-07-19,us,IONQ,,16.020000457763672,16.299999237060547,14.890000343322754,15.520000457763672,12203100,Yahoo Finance daily
2023-07-20,us,IONQ,,15.380000114440918,16.07900047302246,14.770000457763672,14.920000076293944,7778400,Yahoo Finance daily
2023-07-21,us,IONQ,,15.329999923706056,15.479999542236328,14.19499969482422,14.420000076293944,7128000,Yahoo Finance daily
2023-07-24,us,IONQ,,14.579999923706056,14.800000190734863,14.149999618530272,14.390000343322754,4571100,Yahoo Finance daily
2023-07-25,us,IONQ,,14.56999969482422,15.869999885559082,14.470999717712402,15.220000267028809,9280000,Yahoo Finance daily
2023-07-26,us,IONQ,,15.43000030517578,16.3799991607666,14.93000030517578,16.190000534057617,10018200,Yahoo Finance daily
2023-07-27,us,IONQ,,16.610000610351562,17.049999237060547,15.270000457763672,15.529999732971191,11511100,Yahoo Finance daily
2023-07-28,us,IONQ,,15.859999656677246,18.010000228881836,15.770000457763672,17.93000030517578,14818600,Yahoo Finance daily
2023-07-31,us,IONQ,,18.81999969482422,19.32999992370605,18.059999465942383,19.25,13950900,Yahoo Finance daily
2023-08-01,us,IONQ,,18.479999542236328,20.13999938964844,18.43000030517578,19.86000061035156,15524800,Yahoo Finance daily
2023-08-02,us,IONQ,,19.1299991607666,19.46999931335449,17.299999237060547,18.32999992370605,13988200,Yahoo Finance daily
2023-08-03,us,IONQ,,18.0,19.020000457763672,17.85099983215332,18.290000915527344,7780900,Yahoo Finance daily
2023-08-04,us,IONQ,,18.350000381469727,18.61000061035156,17.15999984741211,17.389999389648438,10845200,Yahoo Finance daily
2023-08-07,us,IONQ,,17.40999984741211,17.40999984741211,15.0,15.579999923706056,15512300,Yahoo Finance daily
2023-08-08,us,IONQ,,14.850000381469728,15.5,14.75,15.329999923706056,8051700,Yahoo Finance daily
2023-08-09,us,IONQ,,15.84000015258789,15.84000015258789,14.100000381469728,14.489999771118164,12370400,Yahoo Finance daily
2023-08-10,us,IONQ,,14.850000381469728,15.279999732971191,14.149999618530272,14.1899995803833,12999600,Yahoo Finance daily
2023-08-11,us,IONQ,,14.9399995803833,17.739999771118164,14.90999984741211,15.710000038146973,51478100,Yahoo Finance daily
2023-08-14,us,IONQ,,16.549999237060547,16.639999389648438,14.65999984741211,14.880000114440918,16876600,Yahoo Finance daily
2023-08-15,us,IONQ,,14.729999542236328,16.780000686645508,14.529999732971191,15.5600004196167,25775800,Yahoo Finance daily
2023-08-16,us,IONQ,,15.18000030517578,15.5,13.609999656677246,13.6899995803833,16770800,Yahoo Finance daily
2023-08-17,us,IONQ,,14.020000457763672,14.020000457763672,13.0,13.010000228881836,11812200,Yahoo Finance daily
2023-08-18,us,IONQ,,12.369999885559082,13.657999992370604,12.1899995803833,13.420000076293944,11928600,Yahoo Finance daily
2023-08-21,us,IONQ,,13.720000267028809,14.479999542236328,13.354999542236328,14.420000076293944,9703500,Yahoo Finance daily
2023-08-22,us,IONQ,,14.899999618530272,15.06999969482422,14.170000076293944,14.920000076293944,9444600,Yahoo Finance daily
2023-08-23,us,IONQ,,14.789999961853027,16.270000457763672,14.640000343322754,16.100000381469727,10681100,Yahoo Finance daily
2023-08-24,us,IONQ,,16.3799991607666,16.420000076293945,14.18000030517578,14.619999885559082,11746800,Yahoo Finance daily
2023-08-25,us,IONQ,,14.65999984741211,15.34000015258789,14.1899995803833,14.670000076293944,10050600,Yahoo Finance daily
2023-08-28,us,IONQ,,14.859999656677246,15.43000030517578,14.31999969482422,15.270000457763672,8170300,Yahoo Finance daily
2023-08-29,us,IONQ,,15.140000343322754,16.600000381469727,14.951000213623049,16.5,13203500,Yahoo Finance daily
2023-08-30,us,IONQ,,16.31999969482422,17.42799949645996,16.110000610351562,17.1200008392334,11589200,Yahoo Finance daily
2023-08-31,us,IONQ,,17.1200008392334,17.530000686645508,16.56100082397461,17.190000534057617,7682000,Yahoo Finance daily
2023-09-01,us,IONQ,,17.34000015258789,17.6200008392334,16.530000686645508,17.510000228881836,7835800,Yahoo Finance daily
2023-09-05,us,IONQ,,17.280000686645508,19.06999969482422,17.270000457763672,18.96999931335449,12119100,Yahoo Finance daily
2023-09-06,us,IONQ,,18.84000015258789,20.049999237060547,18.6299991607666,19.57999992370605,13193800,Yahoo Finance daily
2023-09-07,us,IONQ,,18.520000457763672,18.520000457763672,16.600000381469727,17.489999771118164,16134600,Yahoo Finance daily
2023-09-08,us,IONQ,,17.600000381469727,19.350000381469727,17.591999053955078,19.34000015258789,13070300,Yahoo Finance daily
2023-09-11,us,IONQ,,19.200000762939453,19.770000457763672,18.76000022888184,19.68000030517578,11040900,Yahoo Finance daily
2023-09-12,us,IONQ,,19.209999084472656,21.600000381469727,19.1200008392334,19.309999465942383,21368900,Yahoo Finance daily
2023-09-13,us,IONQ,,19.3700008392334,19.959999084472656,18.56999969482422,18.690000534057617,13052500,Yahoo Finance daily
2023-09-14,us,IONQ,,18.770000457763672,19.290000915527344,17.770000457763672,18.030000686645508,11911100,Yahoo Finance daily
2023-09-15,us,IONQ,,17.969999313354492,18.06999969482422,16.75,17.079999923706055,13729900,Yahoo Finance daily
2023-09-18,us,IONQ,,17.030000686645508,17.68000030517578,16.079999923706055,16.15999984741211,10492000,Yahoo Finance daily
2023-09-19,us,IONQ,,16.350000381469727,16.600000381469727,15.720000267028809,15.779999732971191,9755800,Yahoo Finance daily
2023-09-20,us,IONQ,,15.949999809265137,16.440000534057617,14.774999618530272,14.800000190734863,14212600,Yahoo Finance daily
2023-09-21,us,IONQ,,14.399999618530272,14.64900016784668,13.510000228881836,13.529999732971191,15438600,Yahoo Finance daily
2023-09-22,us,IONQ,,14.079999923706056,14.359999656677246,13.18000030517578,13.279999732971191,11661300,Yahoo Finance daily
2023-09-25,us,IONQ,,13.210000038146973,13.649999618530272,12.960000038146973,13.40999984741211,8908500,Yahoo Finance daily
2023-09-26,us,IONQ,,13.239999771118164,13.6899995803833,12.979999542236328,13.100000381469728,8431100,Yahoo Finance daily
2023-09-27,us,IONQ,,13.329999923706056,14.520000457763672,13.25,14.239999771118164,15092400,Yahoo Finance daily
2023-09-28,us,IONQ,,14.449999809265137,15.619999885559082,13.93000030517578,15.390000343322754,15513900,Yahoo Finance daily
2023-09-29,us,IONQ,,15.489999771118164,15.875,14.59000015258789,14.880000114440918,13846200,Yahoo Finance daily
2023-10-02,us,IONQ,,14.93000030517578,15.145000457763672,14.470000267028809,14.8100004196167,7661500,Yahoo Finance daily
2023-10-03,us,IONQ,,14.470000267028809,14.630000114440918,13.699999809265137,13.920000076293944,8441400,Yahoo Finance daily
2023-10-04,us,IONQ,,13.859999656677246,14.875,13.829999923706056,14.770000457763672,8775500,Yahoo Finance daily
2023-10-05,us,IONQ,,14.5,14.869999885559082,14.170000076293944,14.6899995803833,6183600,Yahoo Finance daily
2023-10-06,us,IONQ,,14.390000343322754,15.350000381469728,14.170000076293944,15.289999961853027,8895000,Yahoo Finance daily
2023-10-09,us,IONQ,,14.5600004196167,15.130000114440918,14.329999923706056,14.640000343322754,8915900,Yahoo Finance daily
2023-10-10,us,IONQ,,14.739999771118164,16.3799991607666,14.710000038146973,16.0,16382200,Yahoo Finance daily
2023-10-11,us,IONQ,,16.190000534057617,16.600000381469727,15.31999969482422,15.6899995803833,9986700,Yahoo Finance daily
2023-10-12,us,IONQ,,15.779999732971191,16.229999542236328,14.970000267028809,15.210000038146973,9742900,Yahoo Finance daily
2023-10-13,us,IONQ,,15.010000228881836,15.229999542236328,14.1850004196167,14.289999961853027,8337800,Yahoo Finance daily
2023-10-16,us,IONQ,,14.199999809265137,14.765999794006348,14.020000457763672,14.40999984741211,6725400,Yahoo Finance daily
2023-10-17,us,IONQ,,14.119999885559082,14.710000038146973,13.8100004196167,14.380000114440918,6852700,Yahoo Finance daily
2023-10-18,us,IONQ,,14.18000030517578,14.529999732971191,13.510000228881836,13.6899995803833,7830900,Yahoo Finance daily
2023-10-19,us,IONQ,,13.789999961853027,14.06999969482422,13.329999923706056,13.470000267028809,7664900,Yahoo Finance daily
2023-10-20,us,IONQ,,13.289999961853027,13.520000457763672,12.515000343322754,12.59000015258789,9586900,Yahoo Finance daily
2023-10-23,us,IONQ,,12.34000015258789,12.880000114440918,11.829999923706056,12.640000343322754,11506300,Yahoo Finance daily
2023-10-24,us,IONQ,,11.130000114440918,11.829999923706056,10.90999984741211,11.010000228881836,18483500,Yahoo Finance daily
2023-10-25,us,IONQ,,11.149999618530272,11.210000038146973,10.270000457763672,10.399999618530272,12868700,Yahoo Finance daily
2023-10-26,us,IONQ,,10.289999961853027,10.449999809265137,9.850000381469728,9.920000076293944,12436500,Yahoo Finance daily
2023-10-27,us,IONQ,,10.199999809265137,10.390000343322754,10.0600004196167,10.140000343322754,7936500,Yahoo Finance daily
2023-10-30,us,IONQ,,10.399999618530272,10.43000030517578,9.350000381469728,9.5,12284700,Yahoo Finance daily
2023-10-31,us,IONQ,,9.460000038146973,9.720000267028809,9.229999542236328,9.640000343322754,7301700,Yahoo Finance daily
2023-11-01,us,IONQ,,9.729999542236328,10.289999961853027,9.600000381469728,10.220000267028809,9031500,Yahoo Finance daily
2023-11-02,us,IONQ,,10.920000076293944,11.34000015258789,10.75,11.140000343322754,11769000,Yahoo Finance daily
2023-11-03,us,IONQ,,11.239999771118164,12.09000015258789,11.239999771118164,11.579999923706056,9590600,Yahoo Finance daily
2023-11-06,us,IONQ,,11.8100004196167,11.920000076293944,10.968999862670898,11.210000038146973,10032100,Yahoo Finance daily
2023-11-07,us,IONQ,,11.1899995803833,11.609999656677246,11.029999732971191,11.470000267028809,7873200,Yahoo Finance daily
2023-11-08,us,IONQ,,11.5600004196167,11.56999969482422,11.104999542236328,11.40999984741211,7449400,Yahoo Finance daily
2023-11-09,us,IONQ,,11.18000030517578,12.579999923706056,10.90999984741211,11.229999542236328,16070300,Yahoo Finance daily
2023-11-10,us,IONQ,,11.270000457763672,11.270000457763672,10.149999618530272,10.65999984741211,11916300,Yahoo Finance daily
2023-11-13,us,IONQ,,10.59000015258789,11.739999771118164,10.529999732971191,11.550000190734863,12006000,Yahoo Finance daily
2023-11-14,us,IONQ,,11.869999885559082,12.734999656677246,11.65999984741211,12.6899995803833,10069500,Yahoo Finance daily
2023-11-15,us,IONQ,,12.8100004196167,13.579999923706056,12.279999732971191,12.989999771118164,12077300,Yahoo Finance daily
2023-11-16,us,IONQ,,12.789999961853027,12.789999961853027,12.0600004196167,12.199999809265137,7567900,Yahoo Finance daily
2023-11-17,us,IONQ,,12.4399995803833,12.850000381469728,12.270000457763672,12.699999809265137,7095800,Yahoo Finance daily
2023-11-20,us,IONQ,,12.859999656677246,13.289999961853027,12.75,12.850000381469728,5971700,Yahoo Finance daily
2023-11-21,us,IONQ,,12.56999969482422,12.59000015258789,12.170000076293944,12.289999961853027,5387300,Yahoo Finance daily
2023-11-22,us,IONQ,,12.529999732971191,13.380000114440918,12.21500015258789,12.420000076293944,7312600,Yahoo Finance daily
2023-11-24,us,IONQ,,12.460000038146973,12.5,12.079999923706056,12.359999656677246,3057800,Yahoo Finance daily
2023-11-27,us,IONQ,,12.1899995803833,12.600000381469728,12.029999732971191,12.100000381469728,5517500,Yahoo Finance daily
2023-11-28,us,IONQ,,12.039999961853027,12.270000457763672,11.6899995803833,12.210000038146973,6430700,Yahoo Finance daily
2023-11-29,us,IONQ,,12.619999885559082,13.239999771118164,12.375,12.479999542236328,8847700,Yahoo Finance daily
2023-11-30,us,IONQ,,12.729999542236328,12.829999923706056,12.170000076293944,12.229999542236328,6469400,Yahoo Finance daily
2023-12-01,us,IONQ,,12.210000038146973,13.65999984741211,11.920000076293944,13.609999656677246,9840700,Yahoo Finance daily
2023-12-04,us,IONQ,,13.31999969482422,14.09000015258789,13.300000190734863,13.760000228881836,9841500,Yahoo Finance daily
2023-12-05,us,IONQ,,13.550000190734863,13.600000381469728,12.880000114440918,13.010000228881836,6930500,Yahoo Finance daily
2023-12-06,us,IONQ,,13.460000038146973,14.0,12.9399995803833,12.970000267028809,8686400,Yahoo Finance daily
2023-12-07,us,IONQ,,13.050000190734863,13.210000038146973,12.649999618530272,13.199999809265137,6021300,Yahoo Finance daily
2023-12-08,us,IONQ,,13.0600004196167,13.789999961853027,12.979999542236328,13.6899995803833,8181400,Yahoo Finance daily
2023-12-11,us,IONQ,,13.170000076293944,13.399999618530272,12.664999961853027,13.050000190734863,10634000,Yahoo Finance daily
2023-12-12,us,IONQ,,13.029999732971191,13.234999656677246,12.649999618530272,12.760000228881836,7545500,Yahoo Finance daily
2023-12-13,us,IONQ,,12.75,13.43000030517578,12.270000457763672,13.43000030517578,11648900,Yahoo Finance daily
2023-12-14,us,IONQ,,13.640000343322754,14.899999618530272,13.619999885559082,14.760000228881836,15617200,Yahoo Finance daily
2023-12-15,us,IONQ,,14.630000114440918,15.494999885559082,14.59000015258789,14.93000030517578,12601500,Yahoo Finance daily
2023-12-18,us,IONQ,,14.600000381469728,15.024999618530272,14.406999588012695,14.56999969482422,6809400,Yahoo Finance daily
2023-12-19,us,IONQ,,14.68000030517578,15.229999542236328,14.229999542236328,14.31999969482422,7388700,Yahoo Finance daily
2023-12-20,us,IONQ,,14.18000030517578,14.609999656677246,13.329999923706056,13.390000343322754,8701200,Yahoo Finance daily
2023-12-21,us,IONQ,,13.829999923706056,14.0,13.515000343322754,13.789999961853027,4937300,Yahoo Finance daily
2023-12-22,us,IONQ,,13.90999984741211,14.149999618530272,13.529999732971191,13.640000343322754,4895900,Yahoo Finance daily
2023-12-26,us,IONQ,,13.670000076293944,13.739999771118164,13.0,13.520000457763672,8866800,Yahoo Finance daily
2023-12-27,us,IONQ,,13.640000343322754,13.90999984741211,13.170000076293944,13.210000038146973,7445200,Yahoo Finance daily
2023-12-28,us,IONQ,,13.149999618530272,13.395000457763672,13.020000457763672,13.229999542236328,5065100,Yahoo Finance daily
2023-12-29,us,IONQ,,13.170000076293944,13.18000030517578,12.329999923706056,12.390000343322754,8605300,Yahoo Finance daily
2024-01-02,us,IONQ,,12.350000381469728,12.59000015258789,12.100000381469728,12.15999984741211,5951100,Yahoo Finance daily
2024-01-03,us,IONQ,,11.8100004196167,12.09000015258789,11.770000457763672,11.93000030517578,6225700,Yahoo Finance daily
2024-01-04,us,IONQ,,12.0600004196167,12.609999656677246,11.850000381469728,12.279999732971191,7264400,Yahoo Finance daily
2024-01-05,us,IONQ,,12.09000015258789,12.380000114440918,11.949999809265137,12.0,6103600,Yahoo Finance daily
2024-01-08,us,IONQ,,12.119999885559082,12.729999542236328,12.024999618530272,12.640000343322754,6044300,Yahoo Finance daily
2024-01-09,us,IONQ,,12.420000076293944,12.640000343322754,12.170000076293944,12.449999809265137,4920900,Yahoo Finance daily
2024-01-10,us,IONQ,,12.460000038146973,12.489999771118164,11.609999656677246,12.09000015258789,7384800,Yahoo Finance daily
2024-01-11,us,IONQ,,12.06999969482422,12.270000457763672,11.359999656677246,11.5600004196167,7131300,Yahoo Finance daily
2024-01-12,us,IONQ,,11.739999771118164,11.96500015258789,11.369999885559082,11.399999618530272,4476900,Yahoo Finance daily
2024-01-16,us,IONQ,,11.199999809265137,11.270000457763672,10.869999885559082,10.970000267028809,5654500,Yahoo Finance daily
2024-01-17,us,IONQ,,10.699999809265137,10.890000343322754,10.460000038146973,10.850000381469728,4866400,Yahoo Finance daily
2024-01-18,us,IONQ,,11.390000343322754,11.399999618530272,10.470000267028809,10.720000267028809,6329300,Yahoo Finance daily
2024-01-19,us,IONQ,,10.84000015258789,10.859999656677246,10.31999969482422,10.850000381469728,5365700,Yahoo Finance daily
2024-01-22,us,IONQ,,11.18000030517578,11.864999771118164,11.149999618530272,11.720000267028809,7254900,Yahoo Finance daily
2024-01-23,us,IONQ,,12.100000381469728,12.119999885559082,11.541999816894531,11.75,5291400,Yahoo Finance daily
2024-01-24,us,IONQ,,12.050000190734863,12.100000381469728,11.0600004196167,11.06999969482422,5092400,Yahoo Finance daily
2024-01-25,us,IONQ,,11.449999809265137,11.989999771118164,11.15999984741211,11.279999732971191,7254600,Yahoo Finance daily
2024-01-26,us,IONQ,,11.380000114440918,11.56999969482422,10.954999923706056,11.010000228881836,4796100,Yahoo Finance daily
2024-01-29,us,IONQ,,10.890000343322754,11.220000267028809,10.75,11.210000038146973,4820100,Yahoo Finance daily
2024-01-30,us,IONQ,,11.0600004196167,11.119999885559082,10.550000190734863,10.6899995803833,5563700,Yahoo Finance daily
2024-01-31,us,IONQ,,10.619999885559082,10.9350004196167,10.270000457763672,10.270000457763672,7529500,Yahoo Finance daily
2024-02-01,us,IONQ,,10.470000267028809,10.479999542236328,9.9350004196167,10.239999771118164,7506000,Yahoo Finance daily
2024-02-02,us,IONQ,,10.020000457763672,10.338000297546388,9.890000343322754,10.270000457763672,5139700,Yahoo Finance daily
2024-02-05,us,IONQ,,10.119999885559082,10.15999984741211,9.600000381469728,9.869999885559082,5647800,Yahoo Finance daily
2024-02-06,us,IONQ,,9.899999618530272,10.460000038146973,9.789999961853027,10.4399995803833,5669500,Yahoo Finance daily
2024-02-07,us,IONQ,,10.369999885559082,10.5,10.15999984741211,10.40999984741211,4608700,Yahoo Finance daily
2024-02-08,us,IONQ,,10.449999809265137,10.989999771118164,10.380000114440918,10.899999618530272,5687700,Yahoo Finance daily
2024-02-09,us,IONQ,,11.229999542236328,11.25,10.760000228881836,11.15999984741211,5637300,Yahoo Finance daily
2024-02-12,us,IONQ,,11.130000114440918,12.024999618530272,11.0600004196167,11.619999885559082,7744300,Yahoo Finance daily
2024-02-13,us,IONQ,,10.729999542236328,10.899999618530272,10.449999809265137,10.539999961853027,7615500,Yahoo Finance daily
2024-02-14,us,IONQ,,10.9399995803833,10.979999542236328,10.5,10.93000030517578,5604400,Yahoo Finance daily
2024-02-15,us,IONQ,,11.170000076293944,11.279999732971191,10.770000457763672,11.010000228881836,5129300,Yahoo Finance daily
2024-02-16,us,IONQ,,11.260000228881836,11.260000228881836,10.699999809265137,10.81999969482422,5774500,Yahoo Finance daily
2024-02-20,us,IONQ,,10.869999885559082,11.010000228881836,10.350000381469728,10.619999885559082,5079700,Yahoo Finance daily
2024-02-21,us,IONQ,,10.420000076293944,10.710000038146973,10.350000381469728,10.630000114440918,4071900,Yahoo Finance daily
2024-02-22,us,IONQ,,10.90999984741211,11.164999961853027,10.760000228881836,10.989999771118164,5899600,Yahoo Finance daily
2024-02-23,us,IONQ,,11.109999656677246,11.119999885559082,10.529999732971191,10.649999618530272,4680200,Yahoo Finance daily
2024-02-26,us,IONQ,,10.81999969482422,11.300000190734863,10.770000457763672,11.239999771118164,6379300,Yahoo Finance daily
2024-02-27,us,IONQ,,11.43000030517578,11.675999641418455,11.239999771118164,11.56999969482422,7447000,Yahoo Finance daily
2024-02-28,us,IONQ,,11.300000190734863,11.628999710083008,11.15999984741211,11.260000228881836,12725100,Yahoo Finance daily
2024-02-29,us,IONQ,,11.710000038146973,11.720000267028809,10.199999809265137,10.359999656677246,26317500,Yahoo Finance daily
2024-03-01,us,IONQ,,10.3100004196167,10.859999656677246,10.170000076293944,10.65999984741211,10199100,Yahoo Finance daily
2024-03-04,us,IONQ,,10.489999771118164,10.65999984741211,9.850000381469728,10.09000015258789,10708600,Yahoo Finance daily
2024-03-05,us,IONQ,,9.93000030517578,10.0,9.151000022888184,9.369999885559082,13959100,Yahoo Finance daily
2024-03-06,us,IONQ,,9.890000343322754,10.154999732971191,9.3100004196167,9.920000076293944,9924300,Yahoo Finance daily
2024-03-07,us,IONQ,,10.399999618530272,11.31999969482422,10.175000190734863,10.899999618530272,12945000,Yahoo Finance daily
2024-03-08,us,IONQ,,11.15999984741211,12.31999969482422,10.800000190734863,10.8100004196167,17133600,Yahoo Finance daily
2024-03-11,us,IONQ,,10.770000457763672,10.770000457763672,9.699999809265137,9.789999961853027,11908300,Yahoo Finance daily
2024-03-12,us,IONQ,,10.010000228881836,10.25,9.609999656677246,9.869999885559082,8330300,Yahoo Finance daily
2024-03-13,us,IONQ,,9.770000457763672,10.0649995803833,9.600000381469728,9.630000114440918,7588000,Yahoo Finance daily
2024-03-14,us,IONQ,,9.68000030517578,9.699999809265137,9.109999656677246,9.199999809265137,7697100,Yahoo Finance daily
2024-03-15,us,IONQ,,9.15999984741211,9.380000114440918,9.06999969482422,9.3100004196167,6442900,Yahoo Finance daily
2024-03-18,us,IONQ,,9.390000343322754,9.675000190734863,9.06999969482422,9.539999961853027,5450600,Yahoo Finance daily
2024-03-19,us,IONQ,,9.210000038146973,9.479999542236328,9.0600004196167,9.239999771118164,6808900,Yahoo Finance daily
2024-03-20,us,IONQ,,9.170000076293944,9.59000015258789,9.09000015258789,9.579999923706056,5210900,Yahoo Finance daily
2024-03-21,us,IONQ,,9.739999771118164,9.789999961853027,9.329999923706056,9.420000076293944,4876200,Yahoo Finance daily
2024-03-22,us,IONQ,,9.380000114440918,9.550000190734863,9.26200008392334,9.390000343322754,3168800,Yahoo Finance daily
2024-03-25,us,IONQ,,9.350000381469728,9.699999809265137,9.329999923706056,9.550000190734863,3969800,Yahoo Finance daily
2024-03-26,us,IONQ,,9.614999771118164,9.6899995803833,9.100000381469728,9.109999656677246,5806300,Yahoo Finance daily
2024-03-27,us,IONQ,,9.229999542236328,9.5600004196167,9.145000457763672,9.550000190734863,4185900,Yahoo Finance daily
2024-03-28,us,IONQ,,9.489999771118164,10.010000228881836,9.40999984741211,9.989999771118164,5696600,Yahoo Finance daily
2024-04-01,us,IONQ,,9.979999542236328,10.09000015258789,9.65999984741211,9.989999771118164,4462300,Yahoo Finance daily
2024-04-02,us,IONQ,,9.630000114440918,9.725000381469728,9.260000228881836,9.359999656677246,5192300,Yahoo Finance daily
2024-04-03,us,IONQ,,9.31999969482422,9.539999961853027,9.279999732971191,9.31999969482422,4364100,Yahoo Finance daily
2024-04-04,us,IONQ,,9.470000267028809,9.720000267028809,9.09000015258789,9.119999885559082,5102000,Yahoo Finance daily
2024-04-05,us,IONQ,,9.220000267028809,9.369999885559082,9.027999877929688,9.210000038146973,4363100,Yahoo Finance daily
2024-04-08,us,IONQ,,9.270000457763672,9.359999656677246,8.319999694824219,8.369999885559082,12103400,Yahoo Finance daily
2024-04-09,us,IONQ,,8.279999732971191,8.609999656677246,8.170000076293945,8.399999618530273,5140200,Yahoo Finance daily
2024-04-10,us,IONQ,,8.0,8.25,7.940000057220459,8.0,6775300,Yahoo Finance daily
2024-04-11,us,IONQ,,8.020000457763672,8.380000114440918,7.960999965667725,8.239999771118164,4254500,Yahoo Finance daily
2024-04-12,us,IONQ,,8.079999923706055,8.222000122070312,7.929999828338623,8.029999732971191,3625900,Yahoo Finance daily
2024-04-15,us,IONQ,,8.010000228881836,8.020999908447266,7.449999809265137,7.53000020980835,6593600,Yahoo Finance daily
2024-04-16,us,IONQ,,7.323999881744385,7.71999979019165,7.260000228881836,7.519999980926514,5415200,Yahoo Finance daily
2024-04-17,us,IONQ,,7.550000190734863,7.789999961853027,7.264999866485596,7.28000020980835,4039000,Yahoo Finance daily
2024-04-18,us,IONQ,,7.28000020980835,7.590000152587891,7.139999866485596,7.369999885559082,4138700,Yahoo Finance daily
2024-04-19,us,IONQ,,7.210000038146973,7.340000152587891,6.980000019073486,7.090000152587891,4877800,Yahoo Finance daily
2024-04-22,us,IONQ,,7.179999828338623,7.614999771118164,7.119999885559082,7.489999771118164,6174900,Yahoo Finance daily
2024-04-23,us,IONQ,,7.550000190734863,8.210000038146973,7.53000020980835,7.96999979019165,6747600,Yahoo Finance daily
2024-04-24,us,IONQ,,8.15999984741211,8.369999885559082,8.010000228881836,8.199999809265137,5987300,Yahoo Finance daily
2024-04-25,us,IONQ,,7.889999866485596,8.229999542236328,7.840000152587891,8.180000305175781,3453500,Yahoo Finance daily
2024-04-26,us,IONQ,,8.220000267028809,8.970000267028809,8.154999732971191,8.970000267028809,6782500,Yahoo Finance daily
2024-04-29,us,IONQ,,8.960000038146973,9.149999618530272,8.819999694824219,8.920000076293945,5880000,Yahoo Finance daily
2024-04-30,us,IONQ,,8.729999542236328,8.798999786376953,8.520000457763672,8.550000190734863,3785200,Yahoo Finance daily
2024-05-01,us,IONQ,,8.489999771118164,9.21500015258789,8.449999809265137,8.75,3702000,Yahoo Finance daily
2024-05-02,us,IONQ,,9.09000015258789,9.140000343322754,8.65999984741211,9.0,4342700,Yahoo Finance daily
2024-05-03,us,IONQ,,9.25,9.3100004196167,8.90999984741211,8.9399995803833,3924300,Yahoo Finance daily
2024-05-06,us,IONQ,,9.170000076293944,9.329999923706056,9.140000343322754,9.279999732971191,7959600,Yahoo Finance daily
2024-05-07,us,IONQ,,9.15999984741211,9.189000129699709,8.619999885559082,8.630000114440918,6884400,Yahoo Finance daily
2024-05-08,us,IONQ,,8.600000381469727,8.795000076293945,8.479999542236328,8.779999732971191,4531500,Yahoo Finance daily
2024-05-09,us,IONQ,,9.050000190734863,9.470000267028809,8.630000114440918,9.199999809265137,6360700,Yahoo Finance daily
2024-05-10,us,IONQ,,9.210000038146973,9.3100004196167,8.609999656677246,8.710000038146973,3888600,Yahoo Finance daily
2024-05-13,us,IONQ,,8.789999961853027,9.234999656677246,8.670000076293945,8.770000457763672,4937600,Yahoo Finance daily
2024-05-14,us,IONQ,,8.960000038146973,9.414999961853027,8.960000038146973,9.220000267028809,6765400,Yahoo Finance daily
2024-05-15,us,IONQ,,9.460000038146973,9.5600004196167,8.880000114440918,9.0,4588600,Yahoo Finance daily
2024-05-16,us,IONQ,,8.970000267028809,9.020000457763672,8.699999809265137,8.710000038146973,3187000,Yahoo Finance daily
2024-05-17,us,IONQ,,8.8100004196167,8.90999984741211,8.649999618530273,8.779999732971191,2834700,Yahoo Finance daily
2024-05-20,us,IONQ,,8.8100004196167,9.005000114440918,8.722999572753906,8.880000114440918,3894800,Yahoo Finance daily
2024-05-21,us,IONQ,,8.84000015258789,8.859000205993652,8.359999656677246,8.479999542236328,4747000,Yahoo Finance daily
2024-05-22,us,IONQ,,8.489999771118164,8.854999542236328,8.460000038146973,8.600000381469727,3189600,Yahoo Finance daily
2024-05-23,us,IONQ,,8.6899995803833,8.739999771118164,8.270000457763672,8.319999694824219,3948400,Yahoo Finance daily
2024-05-24,us,IONQ,,8.4399995803833,8.555999755859375,8.369999885559082,8.430000305175781,2592500,Yahoo Finance daily
2024-05-28,us,IONQ,,8.420000076293945,8.479999542236328,8.180000305175781,8.279999732971191,3529900,Yahoo Finance daily
2024-05-29,us,IONQ,,8.100000381469727,8.21500015258789,8.03499984741211,8.140000343322754,3103200,Yahoo Finance daily
2024-05-30,us,IONQ,,8.25,8.470000267028809,8.170000076293945,8.399999618530273,3281900,Yahoo Finance daily
2024-05-31,us,IONQ,,8.510000228881836,8.619999885559082,8.09000015258789,8.149999618530273,3052900,Yahoo Finance daily
2024-06-03,us,IONQ,,8.289999961853027,8.319999694824219,7.769999980926514,7.78000020980835,4488800,Yahoo Finance daily
2024-06-04,us,IONQ,,7.78000020980835,7.909999847412109,7.670000076293945,7.710000038146973,3448000,Yahoo Finance daily
2024-06-05,us,IONQ,,7.880000114440918,7.96999979019165,7.699999809265137,7.929999828338623,3083100,Yahoo Finance daily
2024-06-06,us,IONQ,,7.860000133514404,7.869999885559082,7.699999809265137,7.829999923706055,2526400,Yahoo Finance daily
2024-06-07,us,IONQ,,7.710000038146973,8.119999885559082,7.670000076293945,7.860000133514404,3649300,Yahoo Finance daily
2024-06-10,us,IONQ,,7.800000190734863,8.305000305175781,7.739999771118164,8.220000267028809,3626200,Yahoo Finance daily
2024-06-11,us,IONQ,,8.079999923706055,8.130000114440918,7.809999942779541,7.869999885559082,3125400,Yahoo Finance daily
2024-06-12,us,IONQ,,8.15999984741211,8.369999885559082,7.929999828338623,7.949999809265137,4556300,Yahoo Finance daily
2024-06-13,us,IONQ,,8.0,8.130000114440918,7.590000152587891,7.710000038146973,4324500,Yahoo Finance daily
2024-06-14,us,IONQ,,7.590000152587891,7.764999866485596,7.556000232696533,7.699999809265137,2994100,Yahoo Finance daily
2024-06-17,us,IONQ,,7.610000133514404,7.639999866485596,7.295000076293945,7.559999942779541,5442800,Yahoo Finance daily
2024-06-18,us,IONQ,,7.329999923706055,7.409999847412109,7.184000015258789,7.210000038146973,4767600,Yahoo Finance daily
2024-06-20,us,IONQ,,7.099999904632568,7.114999771118164,6.769999980926514,6.800000190734863,7648000,Yahoo Finance daily
2024-06-21,us,IONQ,,6.739999771118164,6.809999942779541,6.329999923706055,6.760000228881836,8500600,Yahoo Finance daily
2024-06-24,us,IONQ,,6.840000152587891,7.090000152587891,6.659999847412109,6.760000228881836,4598500,Yahoo Finance daily
2024-06-25,us,IONQ,,6.829999923706055,6.840000152587891,6.579999923706055,6.590000152587891,3519300,Yahoo Finance daily
2024-06-26,us,IONQ,,6.630000114440918,6.764999866485596,6.53000020980835,6.730000019073486,4537400,Yahoo Finance daily
2024-06-27,us,IONQ,,6.800000190734863,7.150000095367432,6.659999847412109,7.099999904632568,4772300,Yahoo Finance daily
2024-06-28,us,IONQ,,7.179999828338623,7.190000057220459,6.840000152587891,7.03000020980835,13443600,Yahoo Finance daily
2024-07-01,us,IONQ,,7.070000171661377,7.119999885559082,6.789999961853027,6.840000152587891,3906100,Yahoo Finance daily
2024-07-02,us,IONQ,,6.840000152587891,7.179999828338623,6.840000152587891,7.139999866485596,3466700,Yahoo Finance daily
2024-07-03,us,IONQ,,7.139999866485596,7.315000057220459,7.065000057220459,7.170000076293945,2206100,Yahoo Finance daily
2024-07-05,us,IONQ,,7.199999809265137,7.609000205993652,7.0929999351501465,7.409999847412109,4368000,Yahoo Finance daily
2024-07-08,us,IONQ,,7.519999980926514,7.800000190734863,7.494999885559082,7.670000076293945,5026500,Yahoo Finance daily
2024-07-09,us,IONQ,,7.690000057220459,7.945000171661377,7.449999809265137,7.929999828338623,4133400,Yahoo Finance daily
2024-07-10,us,IONQ,,7.929999828338623,8.460000038146973,7.760000228881836,8.449999809265137,6353800,Yahoo Finance daily
2024-07-11,us,IONQ,,8.404999732971191,8.770000457763672,7.78000020980835,8.020000457763672,9838400,Yahoo Finance daily
2024-07-12,us,IONQ,,8.170000076293945,8.449999809265137,8.0,8.449999809265137,5800900,Yahoo Finance daily
2024-07-15,us,IONQ,,8.529999732971191,9.03499984741211,8.454999923706055,8.949999809265137,6298300,Yahoo Finance daily
2024-07-16,us,IONQ,,9.0,9.050000190734863,8.630000114440918,9.029999732971191,5359700,Yahoo Finance daily
2024-07-17,us,IONQ,,8.680000305175781,8.90999984741211,8.359999656677246,8.5600004196167,4774400,Yahoo Finance daily
2024-07-18,us,IONQ,,8.630000114440918,8.84000015258789,8.079999923706055,8.210000038146973,4660900,Yahoo Finance daily
2024-07-19,us,IONQ,,8.069999694824219,8.071000099182129,7.369999885559082,7.429999828338623,6323800,Yahoo Finance daily
2024-07-22,us,IONQ,,7.679999828338623,8.079999923706055,7.545000076293945,8.079999923706055,4471300,Yahoo Finance daily
2024-07-23,us,IONQ,,7.96999979019165,8.375,7.909999847412109,8.300000190734863,3943200,Yahoo Finance daily
2024-07-24,us,IONQ,,8.140000343322754,8.359999656677246,7.619999885559082,7.619999885559082,4827500,Yahoo Finance daily
2024-07-25,us,IONQ,,7.570000171661377,8.154999732971191,7.480000019073486,7.929999828338623,4338900,Yahoo Finance daily
2024-07-26,us,IONQ,,8.119999885559082,8.270000457763672,7.820000171661377,8.210000038146973,4307800,Yahoo Finance daily
2024-07-29,us,IONQ,,8.34000015258789,8.4399995803833,7.800000190734863,7.889999866485596,3420300,Yahoo Finance daily
2024-07-30,us,IONQ,,7.940000057220459,8.0,7.610000133514404,7.800000190734863,3040900,Yahoo Finance daily
2024-07-31,us,IONQ,,7.980000019073486,8.46500015258789,7.920000076293945,8.149999618530273,4221400,Yahoo Finance daily
2024-08-01,us,IONQ,,8.029999732971191,8.100000381469727,7.380000114440918,7.519999980926514,4867100,Yahoo Finance daily
2024-08-02,us,IONQ,,7.010000228881836,7.264999866485596,6.945000171661377,7.079999923706055,5137400,Yahoo Finance daily
2024-08-05,us,IONQ,,6.269999980926514,6.929999828338623,6.21999979019165,6.570000171661377,7189400,Yahoo Finance daily
2024-08-06,us,IONQ,,6.840000152587891,7.349999904632568,6.585000038146973,7.210000038146973,6742100,Yahoo Finance daily
2024-08-07,us,IONQ,,7.340000152587891,7.369999885559082,6.78000020980835,6.800000190734863,6279100,Yahoo Finance daily
2024-08-08,us,IONQ,,7.239999771118164,7.28000020980835,6.894999980926514,7.110000133514404,6603600,Yahoo Finance daily
2024-08-09,us,IONQ,,7.199999809265137,7.519999980926514,6.940000057220459,7.119999885559082,4208100,Yahoo Finance daily
2024-08-12,us,IONQ,,7.130000114440918,7.210000038146973,6.679999828338623,6.71999979019165,4990200,Yahoo Finance daily
2024-08-13,us,IONQ,,6.849999904632568,7.320000171661377,6.775000095367432,7.28000020980835,4266400,Yahoo Finance daily
2024-08-14,us,IONQ,,7.380000114440918,7.440000057220459,7.059999942779541,7.309999942779541,3273800,Yahoo Finance daily
2024-08-15,us,IONQ,,7.429999828338623,7.659999847412109,7.389999866485596,7.420000076293945,3579600,Yahoo Finance daily
2024-08-16,us,IONQ,,7.360000133514404,7.53000020980835,7.239999771118164,7.28000020980835,2604200,Yahoo Finance daily
2024-08-19,us,IONQ,,7.320000171661377,7.329999923706055,7.130000114440918,7.289999961853027,2608100,Yahoo Finance daily
2024-08-20,us,IONQ,,7.269999980926514,7.364999771118164,7.080999851226807,7.210000038146973,2536500,Yahoo Finance daily
2024-08-21,us,IONQ,,7.300000190734863,7.789999961853027,7.25,7.769999980926514,4247300,Yahoo Finance daily
2024-08-22,us,IONQ,,7.699999809265137,7.752999782562256,7.300000190734863,7.309999942779541,3946800,Yahoo Finance daily
2024-08-23,us,IONQ,,7.369999885559082,7.679999828338623,7.34499979019165,7.380000114440918,4239900,Yahoo Finance daily
2024-08-26,us,IONQ,,7.5,7.650000095367432,7.389999866485596,7.510000228881836,3604500,Yahoo Finance daily
2024-08-27,us,IONQ,,7.409999847412109,7.46999979019165,7.099999904632568,7.28000020980835,3729100,Yahoo Finance daily
2024-08-28,us,IONQ,,7.260000228881836,7.349999904632568,6.909999847412109,7.010000228881836,3713900,Yahoo Finance daily
2024-08-29,us,IONQ,,7.230000019073486,7.539999961853027,7.179999828338623,7.320000171661377,3114600,Yahoo Finance daily
2024-08-30,us,IONQ,,7.440000057220459,7.539999961853027,7.329999923706055,7.420000076293945,2892200,Yahoo Finance daily
2024-09-03,us,IONQ,,7.300000190734863,7.364999771118164,6.940000057220459,6.960000038146973,4483800,Yahoo Finance daily
2024-09-04,us,IONQ,,6.889999866485596,7.139999866485596,6.78000020980835,7.010000228881836,3324600,Yahoo Finance daily
2024-09-05,us,IONQ,,7.03000020980835,7.239999771118164,6.980000019073486,7.039999961853027,2062300,Yahoo Finance daily
2024-09-06,us,IONQ,,7.059999942779541,7.110000133514404,6.710000038146973,6.800000190734863,3790000,Yahoo Finance daily
2024-09-09,us,IONQ,,6.949999809265137,7.0,6.550000190734863,6.619999885559082,4046600,Yahoo Finance daily
2024-09-10,us,IONQ,,6.699999809265137,6.96999979019165,6.539999961853027,6.900000095367432,3811300,Yahoo Finance daily
2024-09-11,us,IONQ,,6.869999885559082,7.309999942779541,6.800000190734863,7.230000019073486,4276200,Yahoo Finance daily
2024-09-12,us,IONQ,,7.210000038146973,7.429999828338623,7.091000080108643,7.380000114440918,4543300,Yahoo Finance daily
2024-09-13,us,IONQ,,7.400000095367432,7.829999923706055,7.400000095367432,7.760000228881836,4402200,Yahoo Finance daily
2024-09-16,us,IONQ,,7.699999809265137,7.860000133514404,7.400000095367432,7.820000171661377,4029800,Yahoo Finance daily
2024-09-17,us,IONQ,,7.920000076293945,8.25,7.869999885559082,8.119999885559082,4870500,Yahoo Finance daily
2024-09-18,us,IONQ,,8.079999923706055,8.270000457763672,7.763999938964844,7.829999923706055,5114900,Yahoo Finance daily
2024-09-19,us,IONQ,,8.130000114440918,8.178999900817871,7.639999866485596,7.71999979019165,4509100,Yahoo Finance daily
2024-09-20,us,IONQ,,7.789999961853027,8.25,7.739999771118164,8.220000267028809,6914800,Yahoo Finance daily
2024-09-23,us,IONQ,,8.229999542236328,8.519000053405762,7.980000019073486,8.010000228881836,5432400,Yahoo Finance daily
2024-09-24,us,IONQ,,8.079999923706055,8.270000457763672,7.78000020980835,8.119999885559082,4222800,Yahoo Finance daily
2024-09-25,us,IONQ,,8.079999923706055,8.09000015258789,7.500999927520752,7.590000152587891,5402000,Yahoo Finance daily
2024-09-26,us,IONQ,,7.789999961853027,8.09000015258789,7.585000038146973,8.0600004196167,4472700,Yahoo Finance daily
2024-09-27,us,IONQ,,8.899999618530273,10.0,8.579999923706055,9.710000038146973,45245500,Yahoo Finance daily
2024-09-30,us,IONQ,,9.760000228881836,10.109999656677246,8.579999923706055,8.739999771118164,19954400,Yahoo Finance daily
2024-10-01,us,IONQ,,8.890000343322754,8.970000267028809,8.039999961853027,8.170000076293945,12275500,Yahoo Finance daily
2024-10-02,us,IONQ,,8.09000015258789,9.300000190734863,7.989999771118164,9.199999809265137,13016500,Yahoo Finance daily
2024-10-03,us,IONQ,,9.020000457763672,9.359999656677246,8.789999961853027,9.25,8820100,Yahoo Finance daily
2024-10-04,us,IONQ,,9.399999618530272,9.5,9.140000343322754,9.3100004196167,7485300,Yahoo Finance daily
2024-10-07,us,IONQ,,9.489999771118164,9.609999656677246,8.854999542236328,9.06999969482422,8757000,Yahoo Finance daily
2024-10-08,us,IONQ,,9.020000457763672,9.664999961853027,8.970000267028809,9.550000190734863,8995000,Yahoo Finance daily
2024-10-09,us,IONQ,,9.59000015258789,9.739999771118164,9.270000457763672,9.539999961853027,6781800,Yahoo Finance daily
2024-10-10,us,IONQ,,9.3100004196167,9.84000015258789,9.098999977111816,9.8100004196167,9533300,Yahoo Finance daily
2024-10-11,us,IONQ,,9.65999984741211,10.720000267028809,9.619999885559082,10.65999984741211,11705900,Yahoo Finance daily
2024-10-14,us,IONQ,,10.699999809265137,11.0,10.329999923706056,10.84000015258789,10807600,Yahoo Finance daily
2024-10-15,us,IONQ,,10.710000038146973,11.3100004196167,10.359999656677246,10.489999771118164,12716400,Yahoo Finance daily
2024-10-16,us,IONQ,,10.739999771118164,12.345000267028809,10.699999809265137,12.300000190734863,17236200,Yahoo Finance daily
2024-10-17,us,IONQ,,11.789999961853027,12.670000076293944,11.619999885559082,12.5,13790400,Yahoo Finance daily
2024-10-18,us,IONQ,,12.5600004196167,13.795000076293944,12.5600004196167,13.300000190734863,21236800,Yahoo Finance daily
2024-10-21,us,IONQ,,13.220000267028809,15.229999542236328,12.989999771118164,14.760000228881836,29875000,Yahoo Finance daily
2024-10-22,us,IONQ,,14.890000343322754,15.289999961853027,13.890000343322754,15.010000228881836,21299200,Yahoo Finance daily
2024-10-23,us,IONQ,,14.619999885559082,16.1299991607666,14.06999969482422,14.739999771118164,29995900,Yahoo Finance daily
2024-10-24,us,IONQ,,15.289999961853027,16.139999389648438,14.579999923706056,15.710000038146973,22086500,Yahoo Finance daily
2024-10-25,us,IONQ,,15.800000190734863,17.049999237060547,15.710000038146973,16.959999084472656,25259600,Yahoo Finance daily
2024-10-28,us,IONQ,,17.520000457763672,18.200000762939453,16.549999237060547,17.809999465942383,31529500,Yahoo Finance daily
2024-10-29,us,IONQ,,17.5,17.799999237060547,15.729999542236328,16.739999771118164,32312900,Yahoo Finance daily
2024-10-30,us,IONQ,,15.760000228881836,17.545000076293945,15.760000228881836,16.8700008392334,23685200,Yahoo Finance daily
2024-10-31,us,IONQ,,16.709999084472656,16.975000381469727,14.755000114440918,15.029999732971191,22506900,Yahoo Finance daily
2024-11-01,us,IONQ,,15.270000457763672,15.505000114440918,14.53499984741211,14.850000381469728,15847000,Yahoo Finance daily
2024-11-04,us,IONQ,,14.899999618530272,15.109999656677246,14.149999618530272,14.369999885559082,12424200,Yahoo Finance daily
2024-11-05,us,IONQ,,14.789999961853027,15.550000190734863,14.630000114440918,15.350000381469728,12942800,Yahoo Finance daily
2024-11-06,us,IONQ,,16.729999542236328,16.829999923706055,15.850000381469728,16.450000762939453,20834500,Yahoo Finance daily
2024-11-07,us,IONQ,,16.43000030517578,22.6200008392334,16.290000915527344,22.11000061035156,70733400,Yahoo Finance daily
2024-11-08,us,IONQ,,21.690000534057617,25.68000030517578,21.309999465942383,24.790000915527344,64845200,Yahoo Finance daily
2024-11-11,us,IONQ,,24.38999938964844,24.489999771118164,21.299999237060547,23.520000457763672,35693700,Yahoo Finance daily
2024-11-12,us,IONQ,,22.0,25.440000534057617,22.0,23.01000022888184,28019200,Yahoo Finance daily
2024-11-13,us,IONQ,,23.8799991607666,27.649999618530277,23.670000076293945,26.76000022888184,41306100,Yahoo Finance daily
2024-11-14,us,IONQ,,27.899999618530277,28.049999237060547,24.8700008392334,26.15999984741211,35122500,Yahoo Finance daily
2024-11-15,us,IONQ,,26.290000915527344,29.479999542236328,25.030000686645508,29.13999938964844,37576000,Yahoo Finance daily
2024-11-18,us,IONQ,,28.149999618530277,28.46999931335449,22.270000457763672,25.229999542236328,54116400,Yahoo Finance daily
2024-11-19,us,IONQ,,25.200000762939453,28.299999237060547,24.8700008392334,27.88999938964844,30086600,Yahoo Finance daily
2024-11-20,us,IONQ,,27.90999984741211,30.5,27.42799949645996,28.86000061035156,28874800,Yahoo Finance daily
2024-11-21,us,IONQ,,28.799999237060547,33.80099868774414,28.479999542236328,32.779998779296875,43881800,Yahoo Finance daily
2024-11-22,us,IONQ,,32.4900016784668,33.06999969482422,30.299999237060547,31.799999237060547,28146300,Yahoo Finance daily
2024-11-25,us,IONQ,,33.93000030517578,35.2400016784668,30.461000442504883,30.8799991607666,31379300,Yahoo Finance daily
2024-11-26,us,IONQ,,30.5,32.86000061035156,29.700000762939453,30.649999618530277,22521800,Yahoo Finance daily
2024-11-27,us,IONQ,,31.100000381469727,32.369998931884766,28.31999969482422,32.209999084472656,24277900,Yahoo Finance daily
2024-11-29,us,IONQ,,32.209999084472656,37.27999877929688,31.959999084472656,36.5,23227400,Yahoo Finance daily
2024-12-02,us,IONQ,,36.540000915527344,37.0,31.770000457763672,32.060001373291016,28440400,Yahoo Finance daily
2024-12-03,us,IONQ,,31.799999237060547,33.68000030517578,30.81999969482422,32.790000915527344,20329100,Yahoo Finance daily
2024-12-04,us,IONQ,,32.68000030517578,34.95000076293945,31.170000076293945,33.41999816894531,17219600,Yahoo Finance daily
2024-12-05,us,IONQ,,33.95000076293945,37.63999938964844,32.650001525878906,35.95000076293945,28954000,Yahoo Finance daily
2024-12-06,us,IONQ,,36.310001373291016,38.44900131225586,34.900001525878906,37.970001220703125,19783600,Yahoo Finance daily
2024-12-09,us,IONQ,,38.0,38.25,34.15999984741211,34.2400016784668,22414900,Yahoo Finance daily
2024-12-10,us,IONQ,,33.0,36.75,32.625,32.970001220703125,25017800,Yahoo Finance daily
2024-12-11,us,IONQ,,32.9900016784668,32.9900016784668,28.040000915527344,29.82999992370605,36443900,Yahoo Finance daily
2024-12-12,us,IONQ,,29.36000061035156,32.779998779296875,28.940000534057617,29.989999771118164,21879500,Yahoo Finance daily
2024-12-13,us,IONQ,,30.229999542236328,34.03499984741211,29.520000457763672,33.83000183105469,24677300,Yahoo Finance daily
2024-12-16,us,IONQ,,32.470001220703125,42.810001373291016,32.38999938964844,41.810001373291016,42539400,Yahoo Finance daily
2024-12-17,us,IONQ,,41.63999938964844,43.93999862670898,39.25,43.84000015258789,31560500,Yahoo Finance daily
2024-12-18,us,IONQ,,41.650001525878906,44.9900016784668,37.0,37.5,37488600,Yahoo Finance daily
2024-12-19,us,IONQ,,40.709999084472656,42.400001525878906,36.540000915527344,37.7599983215332,27705800,Yahoo Finance daily
2024-12-20,us,IONQ,,36.959999084472656,47.40999984741211,36.70000076293945,44.41999816894531,47711400,Yahoo Finance daily
2024-12-23,us,IONQ,,45.33000183105469,45.5,41.29999923706055,41.31999969482422,27057200,Yahoo Finance daily
2024-12-24,us,IONQ,,41.9900016784668,45.400001525878906,39.84000015258789,44.58000183105469,18418400,Yahoo Finance daily
2024-12-26,us,IONQ,,44.5,48.560001373291016,42.560001373291016,48.2400016784668,24726600,Yahoo Finance daily
2024-12-27,us,IONQ,,46.869998931884766,48.25,44.5,45.47999954223633,22491400,Yahoo Finance daily
2024-12-30,us,IONQ,,44.59999847412109,45.790000915527344,41.5099983215332,44.290000915527344,17610900,Yahoo Finance daily
2024-12-31,us,IONQ,,44.52000045776367,45.13999938964844,40.900001525878906,41.77000045776367,15311400,Yahoo Finance daily
2025-01-02,us,IONQ,,41.27999877929688,43.790000915527344,38.459999084472656,43.09999847412109,22986200,Yahoo Finance daily
2025-01-03,us,IONQ,,43.09999847412109,47.90900039672852,43.0,47.77000045776367,28235500,Yahoo Finance daily
2025-01-06,us,IONQ,,48.29999923706055,51.65999984741211,47.13399887084961,51.06999969482422,23299900,Yahoo Finance daily
2025-01-07,us,IONQ,,51.27999877929688,54.7400016784668,48.72999954223633,49.59000015258789,27090300,Yahoo Finance daily
2025-01-08,us,IONQ,,38.75,39.0,25.923999786376957,30.25,128343800,Yahoo Finance daily
2025-01-10,us,IONQ,,31.989999771118164,33.97999954223633,28.51000022888184,32.33000183105469,69769800,Yahoo Finance daily
2025-01-13,us,IONQ,,29.549999237060547,32.83000183105469,27.163000106811523,27.86000061035156,52751700,Yahoo Finance daily
2025-01-14,us,IONQ,,28.200000762939453,30.200000762939453,26.625,29.51000022888184,43673200,Yahoo Finance daily
2025-01-15,us,IONQ,,32.779998779296875,40.5,32.40999984741211,39.38999938964844,74872100,Yahoo Finance daily
2025-01-16,us,IONQ,,36.86000061035156,42.0,36.130001068115234,41.54999923706055,46324600,Yahoo Finance daily
2025-01-17,us,IONQ,,40.02999877929688,42.34999847412109,38.77000045776367,38.88999938964844,30697700,Yahoo Finance daily
2025-01-21,us,IONQ,,39.18999862670898,45.560001373291016,38.79999923706055,45.310001373291016,35231900,Yahoo Finance daily
2025-01-22,us,IONQ,,45.2400016784668,45.34999847412109,40.93999862670898,42.040000915527344,26440200,Yahoo Finance daily
2025-01-23,us,IONQ,,41.43999862670898,43.93999862670898,40.33000183105469,41.34999847412109,17140800,Yahoo Finance daily
2025-01-24,us,IONQ,,41.68999862670898,44.22999954223633,40.5099983215332,40.7599983215332,19665900,Yahoo Finance daily
2025-01-27,us,IONQ,,38.02000045776367,42.119998931884766,37.0,38.540000915527344,21461100,Yahoo Finance daily
2025-01-28,us,IONQ,,40.0099983215332,40.36000061035156,35.75,38.86000061035156,15725200,Yahoo Finance daily
2025-01-29,us,IONQ,,39.2599983215332,40.59999847412109,38.38999938964844,39.540000915527344,13098600,Yahoo Finance daily
2025-01-30,us,IONQ,,40.45000076293945,41.67900085449219,38.23099899291992,38.810001373291016,12505500,Yahoo Finance daily
2025-01-31,us,IONQ,,38.959999084472656,42.97999954223633,38.79999923706055,39.4900016784668,20046600,Yahoo Finance daily
2025-02-03,us,IONQ,,37.400001525878906,42.37699890136719,37.209999084472656,41.470001220703125,16578800,Yahoo Finance daily
2025-02-04,us,IONQ,,41.88999938964844,44.59000015258789,41.43000030517578,41.86000061035156,16434500,Yahoo Finance daily
2025-02-05,us,IONQ,,42.27000045776367,43.59000015258789,39.650001525878906,42.31999969482422,13473000,Yahoo Finance daily
2025-02-06,us,IONQ,,42.66999816894531,44.34000015258789,40.650001525878906,41.27000045776367,10405900,Yahoo Finance daily
2025-02-07,us,IONQ,,41.65999984741211,43.970001220703125,40.04999923706055,40.56999969482422,15951700,Yahoo Finance daily
2025-02-10,us,IONQ,,39.4900016784668,42.84999847412109,39.18000030517578,41.06999969482422,13666900,Yahoo Finance daily
2025-02-11,us,IONQ,,41.79999923706055,42.4900016784668,37.54999923706055,37.70000076293945,15568800,Yahoo Finance daily
2025-02-12,us,IONQ,,38.0,39.33000183105469,37.5099983215332,38.0,11894500,Yahoo Finance daily
2025-02-13,us,IONQ,,38.58000183105469,38.84999847412109,36.52000045776367,38.650001525878906,14220200,Yahoo Finance daily
2025-02-14,us,IONQ,,38.400001525878906,38.58000183105469,37.040000915527344,37.459999084472656,8178200,Yahoo Finance daily
2025-02-18,us,IONQ,,36.0,36.31999969482422,32.81999969482422,33.939998626708984,20116100,Yahoo Finance daily
2025-02-19,us,IONQ,,33.33000183105469,35.93000030517578,32.34000015258789,34.13999938964844,20531200,Yahoo Finance daily
2025-02-20,us,IONQ,,35.63999938964844,35.70899963378906,32.84000015258789,33.75,13058700,Yahoo Finance daily
2025-02-21,us,IONQ,,34.810001373291016,35.5,31.36000061035156,31.739999771118164,15788800,Yahoo Finance daily
2025-02-24,us,IONQ,,31.15999984741211,32.540000915527344,30.01000022888184,31.239999771118164,12451800,Yahoo Finance daily
2025-02-25,us,IONQ,,30.8799991607666,31.11000061035156,28.1200008392334,29.729999542236328,13278400,Yahoo Finance daily
2025-02-26,us,IONQ,,30.780000686645508,31.07200050354004,29.549999237060547,29.93000030517578,13883600,Yahoo Finance daily
2025-02-27,us,IONQ,,28.040000915527344,28.989999771118164,24.32999992370605,24.90999984741211,34732800,Yahoo Finance daily
2025-02-28,us,IONQ,,24.040000915527344,25.6200008392334,23.01000022888184,24.56999969482422,21996100,Yahoo Finance daily
2025-03-03,us,IONQ,,25.31999969482422,25.57999992370605,22.649999618530277,23.11000061035156,18253700,Yahoo Finance daily
2025-03-04,us,IONQ,,21.450000762939453,23.19599914550781,20.84000015258789,22.350000381469727,21074800,Yahoo Finance daily
2025-03-05,us,IONQ,,22.90999984741211,23.200000762939453,21.65999984741211,22.6299991607666,16067800,Yahoo Finance daily
2025-03-06,us,IONQ,,21.989999771118164,22.059999465942383,20.31999969482422,20.479999542236328,16639300,Yahoo Finance daily
2025-03-07,us,IONQ,,20.51000022888184,21.290000915527344,19.915000915527344,20.549999237060547,16189200,Yahoo Finance daily
2025-03-10,us,IONQ,,20.0,20.11000061035156,17.934999465942383,18.270000457763672,15686800,Yahoo Finance daily
2025-03-11,us,IONQ,,18.3799991607666,19.177000045776367,17.8799991607666,18.700000762939453,17836200,Yahoo Finance daily
2025-03-12,us,IONQ,,20.270000457763672,22.190000534057617,19.59000015258789,21.81999969482422,27255100,Yahoo Finance daily
2025-03-13,us,IONQ,,21.700000762939453,22.56999969482422,20.56999969482422,21.3700008392334,32423200,Yahoo Finance daily
2025-03-14,us,IONQ,,22.1299991607666,25.239999771118164,22.059999465942383,25.0,37795900,Yahoo Finance daily
2025-03-17,us,IONQ,,24.979999542236328,25.5,24.030000686645508,24.93000030517578,30552900,Yahoo Finance daily
2025-03-18,us,IONQ,,23.649999618530277,24.458999633789062,22.63500022888184,22.68000030517578,20876300,Yahoo Finance daily
2025-03-19,us,IONQ,,23.59000015258789,24.11899948120117,22.18000030517578,23.299999237060547,16600500,Yahoo Finance daily
2025-03-20,us,IONQ,,23.325000762939453,24.5,20.61000061035156,21.13999938964844,29478500,Yahoo Finance daily
2025-03-21,us,IONQ,,20.959999084472656,22.71999931335449,20.86000061035156,22.26000022888184,21965900,Yahoo Finance daily
2025-03-24,us,IONQ,,23.229999542236328,26.31999969482422,23.07999992370605,26.1200008392334,34724200,Yahoo Finance daily
2025-03-25,us,IONQ,,25.770000457763672,26.190000534057617,25.040000915527344,25.549999237060547,17186900,Yahoo Finance daily
2025-03-26,us,IONQ,,26.729999542236328,27.82999992370605,24.65999984741211,24.799999237060547,29897400,Yahoo Finance daily
2025-03-27,us,IONQ,,24.09000015258789,25.200000762939453,23.44499969482422,23.649999618530277,14119000,Yahoo Finance daily
2025-03-28,us,IONQ,,23.65999984741211,23.65999984741211,21.920000076293945,22.850000381469727,15453500,Yahoo Finance daily
2025-03-31,us,IONQ,,21.670000076293945,23.097999572753903,21.5,22.06999969482422,15046800,Yahoo Finance daily
2025-04-01,us,IONQ,,24.309999465942383,24.6200008392334,22.21999931335449,23.190000534057617,22958100,Yahoo Finance daily
2025-04-02,us,IONQ,,23.07999992370605,25.834999084472656,22.690000534057617,25.049999237060547,25696300,Yahoo Finance daily
2025-04-03,us,IONQ,,23.125,23.77899932861328,22.530000686645508,23.25,19912800,Yahoo Finance daily
2025-04-04,us,IONQ,,22.600000381469727,22.8700008392334,19.3700008392334,20.68000030517578,26829500,Yahoo Finance daily
2025-04-07,us,IONQ,,19.61000061035156,24.0,18.809999465942383,22.75,29250700,Yahoo Finance daily
2025-04-08,us,IONQ,,24.049999237060547,24.599000930786133,20.649999618530277,21.280000686645508,26233100,Yahoo Finance daily
2025-04-09,us,IONQ,,21.875,26.559999465942383,21.36100006103516,26.3700008392334,31936100,Yahoo Finance daily
2025-04-10,us,IONQ,,25.32999992370605,26.614999771118164,24.450000762939453,25.88999938964844,18742100,Yahoo Finance daily
2025-04-11,us,IONQ,,26.239999771118164,27.25,25.371000289916992,26.09000015258789,15810600,Yahoo Finance daily
2025-04-14,us,IONQ,,27.700000762939453,28.25,24.75,25.350000381469727,19201300,Yahoo Finance daily
2025-04-15,us,IONQ,,25.59000015258789,26.075000762939453,24.665000915527344,25.399999618530277,9735200,Yahoo Finance daily
2025-04-16,us,IONQ,,24.450000762939453,25.36000061035156,23.801000595092773,24.56999969482422,9711300,Yahoo Finance daily
2025-04-17,us,IONQ,,24.93000030517578,25.8700008392334,24.479999542236328,25.739999771118164,10178700,Yahoo Finance daily
2025-04-21,us,IONQ,,25.155000686645508,25.200000762939453,23.48500061035156,24.030000686645508,11771300,Yahoo Finance daily
2025-04-22,us,IONQ,,24.489999771118164,25.93000030517578,23.93000030517578,25.559999465942383,12158500,Yahoo Finance daily
2025-04-23,us,IONQ,,27.09000015258789,27.84000015258789,26.270000457763672,26.799999237060547,14517900,Yahoo Finance daily
2025-04-24,us,IONQ,,27.0,29.57999992370605,26.959999084472656,28.38999938964844,17959300,Yahoo Finance daily
2025-04-25,us,IONQ,,28.420000076293945,31.850000381469727,27.709999084472656,28.899999618530277,27672300,Yahoo Finance daily
2025-04-28,us,IONQ,,29.290000915527344,29.959999084472656,27.26799964904785,28.700000762939453,13570800,Yahoo Finance daily
2025-04-29,us,IONQ,,28.899999618530277,29.13999938964844,27.6879997253418,28.09000015258789,8214700,Yahoo Finance daily
2025-04-30,us,IONQ,,26.71999931335449,27.5,26.32999992370605,27.459999084472656,9548200,Yahoo Finance daily
2025-05-01,us,IONQ,,28.334999084472656,28.459999084472656,27.15999984741211,27.3799991607666,9987400,Yahoo Finance daily
2025-05-02,us,IONQ,,27.799999237060547,31.32999992370605,27.649999618530277,30.920000076293945,24011700,Yahoo Finance daily
2025-05-05,us,IONQ,,30.1299991607666,30.82999992370605,29.61000061035156,29.81999969482422,9584900,Yahoo Finance daily
2025-05-06,us,IONQ,,28.549999237060547,29.5,27.96999931335449,29.420000076293945,10913300,Yahoo Finance daily
2025-05-07,us,IONQ,,29.024999618530277,29.354999542236328,28.4950008392334,29.13999938964844,8906100,Yahoo Finance daily
2025-05-08,us,IONQ,,31.739999771118164,33.5,28.11000061035156,31.84000015258789,39187700,Yahoo Finance daily
2025-05-09,us,IONQ,,31.43000030517578,32.63999938964844,29.93000030517578,31.270000457763672,19086400,Yahoo Finance daily
2025-05-12,us,IONQ,,33.119998931884766,33.93000030517578,31.93099975585937,32.88999938964844,16465600,Yahoo Finance daily
2025-05-13,us,IONQ,,32.61000061035156,34.099998474121094,32.33000183105469,33.220001220703125,13943100,Yahoo Finance daily
2025-05-14,us,IONQ,,33.70000076293945,35.290000915527344,32.75,33.40999984741211,18701800,Yahoo Finance daily
2025-05-15,us,IONQ,,32.93000030517578,34.39500045776367,32.22999954223633,32.540000915527344,11151400,Yahoo Finance daily
2025-05-16,us,IONQ,,33.52000045776367,35.150001525878906,32.970001220703125,34.9900016784668,17643800,Yahoo Finance daily
2025-05-19,us,IONQ,,33.599998474121094,35.1349983215332,32.83000183105469,35.09000015258789,13255300,Yahoo Finance daily
2025-05-20,us,IONQ,,35.88999938964844,35.9900016784668,34.189998626708984,35.310001373291016,17686200,Yahoo Finance daily
2025-05-21,us,IONQ,,35.08000183105469,36.61000061035156,33.33000183105469,33.540000915527344,21395200,Yahoo Finance daily
2025-05-22,us,IONQ,,33.81999969482422,48.91999816894531,33.72999954223633,45.790000915527344,105188100,Yahoo Finance daily
2025-05-23,us,IONQ,,41.959999084472656,47.86800003051758,41.209999084472656,45.68999862670898,53827300,Yahoo Finance daily
2025-05-27,us,IONQ,,46.54999923706055,48.08000183105469,43.59999847412109,48.040000915527344,30147600,Yahoo Finance daily
2025-05-28,us,IONQ,,46.0,48.93999862670898,44.650001525878906,47.560001373291016,28831300,Yahoo Finance daily
2025-05-29,us,IONQ,,48.0,48.81999969482422,42.93999862670898,43.20000076293945,25706100,Yahoo Finance daily
2025-05-30,us,IONQ,,40.459999084472656,41.61000061035156,39.29999923706055,40.34000015258789,27156200,Yahoo Finance daily
2025-06-02,us,IONQ,,40.0099983215332,41.06999969482422,38.34999847412109,40.56999969482422,15261800,Yahoo Finance daily
2025-06-03,us,IONQ,,41.7400016784668,42.38999938964844,39.52000045776367,39.810001373291016,12476200,Yahoo Finance daily
2025-06-04,us,IONQ,,40.040000915527344,40.150001525878906,37.93000030517578,39.63999938964844,12079000,Yahoo Finance daily
2025-06-05,us,IONQ,,39.09999847412109,39.25,35.926998138427734,36.65999984741211,17201700,Yahoo Finance daily
2025-06-06,us,IONQ,,37.66999816894531,39.95000076293945,36.79999923706055,39.02000045776367,16146100,Yahoo Finance daily
2025-06-09,us,IONQ,,42.53499984741211,42.54999923706055,38.84999847412109,40.060001373291016,36305100,Yahoo Finance daily
2025-06-10,us,IONQ,,40.63999938964844,44.04999923706055,39.459999084472656,39.7400016784668,31977900,Yahoo Finance daily
2025-06-11,us,IONQ,,41.59000015258789,43.959999084472656,38.93999862670898,39.70000076293945,53397300,Yahoo Finance daily
2025-06-12,us,IONQ,,39.4900016784668,40.86000061035156,38.62099838256836,38.709999084472656,20079600,Yahoo Finance daily
2025-06-13,us,IONQ,,37.59000015258789,39.83000183105469,37.43999862670898,37.84000015258789,19404600,Yahoo Finance daily
2025-06-16,us,IONQ,,37.2400016784668,39.2599983215332,36.02999877929688,38.43000030517578,29311100,Yahoo Finance daily
2025-06-17,us,IONQ,,37.86000061035156,38.65599822998047,36.86000061035156,38.040000915527344,18889300,Yahoo Finance daily
2025-06-18,us,IONQ,,37.52000045776367,39.66999816894531,37.310001373291016,39.630001068115234,18288700,Yahoo Finance daily
2025-06-20,us,IONQ,,39.61000061035156,41.43999862670898,38.91999816894531,40.36000061035156,33099000,Yahoo Finance daily
2025-06-23,us,IONQ,,38.869998931884766,41.209999084472656,37.380001068115234,41.13999938964844,24966100,Yahoo Finance daily
2025-06-24,us,IONQ,,41.90499877929688,42.810001373291016,40.52999877929688,40.86000061035156,19999100,Yahoo Finance daily
2025-06-25,us,IONQ,,41.720001220703125,42.130001068115234,38.060001373291016,38.11000061035156,16075700,Yahoo Finance daily
2025-06-26,us,IONQ,,39.56999969482422,41.70000076293945,39.0099983215332,41.119998931884766,21786400,Yahoo Finance daily
2025-06-27,us,IONQ,,41.29999923706055,41.869998931884766,38.970001220703125,40.25,21643300,Yahoo Finance daily
2025-06-30,us,IONQ,,41.209999084472656,44.09999847412109,41.08000183105469,42.970001220703125,29526400,Yahoo Finance daily
2025-07-01,us,IONQ,,42.369998931884766,42.66999816894531,39.720001220703125,40.09999847412109,21237900,Yahoo Finance daily
2025-07-02,us,IONQ,,41.18999862670898,44.91999816894531,40.470001220703125,44.75,24757100,Yahoo Finance daily
2025-07-03,us,IONQ,,44.22499847412109,45.57799911499024,43.220001220703125,44.38999938964844,13345300,Yahoo Finance daily
2025-07-07,us,IONQ,,46.380001068115234,47.209999084472656,42.84999847412109,45.20000076293945,33850900,Yahoo Finance daily
2025-07-08,us,IONQ,,46.650001525878906,47.880001068115234,44.68000030517578,44.970001220703125,25675900,Yahoo Finance daily
2025-07-09,us,IONQ,,45.72999954223633,47.25,44.47999954223633,45.560001373291016,24574200,Yahoo Finance daily
2025-07-10,us,IONQ,,45.560001373291016,46.34999847412109,44.525001525878906,45.93000030517578,19544600,Yahoo Finance daily
2025-07-11,us,IONQ,,45.0,45.56999969482422,41.77000045776367,41.810001373291016,23363600,Yahoo Finance daily
2025-07-14,us,IONQ,,42.09000015258789,42.720001220703125,41.375,42.40999984741211,16527600,Yahoo Finance daily
2025-07-15,us,IONQ,,42.54999923706055,43.13999938964844,41.08000183105469,41.470001220703125,15889200,Yahoo Finance daily
2025-07-16,us,IONQ,,42.25,43.66999816894531,40.84000015258789,43.540000915527344,24133200,Yahoo Finance daily
2025-07-17,us,IONQ,,43.435001373291016,44.86000061035156,43.119998931884766,44.84000015258789,20228800,Yahoo Finance daily
2025-07-18,us,IONQ,,44.869998931884766,47.63999938964844,44.02000045776367,46.5099983215332,25760400,Yahoo Finance daily
2025-07-21,us,IONQ,,46.810001373291016,47.72499847412109,44.41999816894531,44.43000030517578,23907000,Yahoo Finance daily
2025-07-22,us,IONQ,,44.52000045776367,44.540000915527344,41.290000915527344,41.93999862670898,18995700,Yahoo Finance daily
2025-07-23,us,IONQ,,42.7400016784668,43.540000915527344,41.78499984741211,43.27999877929688,14455100,Yahoo Finance daily
2025-07-24,us,IONQ,,42.88999938964844,44.63999938964844,42.25,43.900001525878906,18006300,Yahoo Finance daily
2025-07-25,us,IONQ,,44.2400016784668,44.25,42.93999862670898,43.16999816894531,13392000,Yahoo Finance daily
2025-07-28,us,IONQ,,43.91999816894531,44.52999877929688,41.435001373291016,42.34000015258789,16976700,Yahoo Finance daily
2025-07-29,us,IONQ,,43.0099983215332,44.209999084472656,40.34999847412109,40.52999877929688,21070300,Yahoo Finance daily
2025-07-30,us,IONQ,,40.97499847412109,41.86000061035156,39.22999954223633,39.880001068115234,17861400,Yahoo Finance daily
2025-07-31,us,IONQ,,41.119998931884766,42.275001525878906,39.619998931884766,39.869998931884766,21572700,Yahoo Finance daily
2025-08-01,us,IONQ,,38.93999862670898,39.19300079345703,37.25,38.119998931884766,20028200,Yahoo Finance daily
2025-08-04,us,IONQ,,38.9900016784668,40.69599914550781,38.41999816894531,39.86000061035156,16131400,Yahoo Finance daily
2025-08-05,us,IONQ,,40.63999938964844,42.43999862670898,40.130001068115234,42.02000045776367,22060500,Yahoo Finance daily
2025-08-06,us,IONQ,,43.59999847412109,43.59999847412109,40.77999877929688,41.22999954223633,23969600,Yahoo Finance daily
2025-08-07,us,IONQ,,38.97999954223633,41.57799911499024,38.61000061035156,40.4900016784668,27970400,Yahoo Finance daily
2025-08-08,us,IONQ,,40.5099983215332,42.36899948120117,40.40999984741211,41.84999847412109,20441500,Yahoo Finance daily
2025-08-11,us,IONQ,,41.95000076293945,46.81999969482422,41.40999984741211,44.93999862670898,35598800,Yahoo Finance daily
2025-08-12,us,IONQ,,44.650001525878906,44.970001220703125,42.630001068115234,43.0,20775300,Yahoo Finance daily
2025-08-13,us,IONQ,,43.22999954223633,43.5,40.75,41.209999084472656,20702300,Yahoo Finance daily
2025-08-14,us,IONQ,,40.5099983215332,41.119998931884766,39.27999877929688,41.02999877929688,16638200,Yahoo Finance daily
2025-08-15,us,IONQ,,40.77999877929688,40.82899856567383,39.41999816894531,40.22999954223633,10334800,Yahoo Finance daily
2025-08-18,us,IONQ,,40.0,40.5,39.0099983215332,40.22999954223633,8204300,Yahoo Finance daily
2025-08-19,us,IONQ,,40.220001220703125,40.290000915527344,36.584999084472656,36.79999923706055,18738400,Yahoo Finance daily
2025-08-20,us,IONQ,,37.380001068115234,37.40999984741211,34.77000045776367,36.790000915527344,16401300,Yahoo Finance daily
2025-08-21,us,IONQ,,37.25,37.37699890136719,36.45000076293945,37.16999816894531,10121000,Yahoo Finance daily
2025-08-22,us,IONQ,,37.09999847412109,39.91999816894531,36.650001525878906,39.77999877929688,15199400,Yahoo Finance daily
2025-08-25,us,IONQ,,39.70000076293945,39.81999969482422,38.52999877929688,38.68000030517578,12158700,Yahoo Finance daily
2025-08-26,us,IONQ,,38.84999847412109,40.91999816894531,38.709999084472656,40.75,13548900,Yahoo Finance daily
2025-08-27,us,IONQ,,41.02000045776367,42.66999816894531,40.77000045776367,41.41999816894531,17335700,Yahoo Finance daily
2025-08-28,us,IONQ,,41.54999923706055,43.72999954223633,41.45000076293945,43.29999923706055,16109100,Yahoo Finance daily
2025-08-29,us,IONQ,,42.54999923706055,43.27000045776367,41.810001373291016,42.7400016784668,11540600,Yahoo Finance daily
2025-09-02,us,IONQ,,41.03499984741211,43.04999923706055,40.220001220703125,42.9900016784668,13787100,Yahoo Finance daily
2025-09-03,us,IONQ,,42.64500045776367,43.209999084472656,40.58000183105469,40.970001220703125,10369800,Yahoo Finance daily
2025-09-04,us,IONQ,,41.22999954223633,43.02999877929688,40.790000915527344,42.11000061035156,13213900,Yahoo Finance daily
2025-09-05,us,IONQ,,42.459999084472656,42.72999954223633,40.5099983215332,41.79999923706055,11508900,Yahoo Finance daily
2025-09-08,us,IONQ,,42.09000015258789,42.59000015258789,40.380001068115234,41.0099983215332,10501700,Yahoo Finance daily
2025-09-09,us,IONQ,,41.38999938964844,44.2599983215332,41.04499816894531,44.0,17694900,Yahoo Finance daily
2025-09-10,us,IONQ,,44.310001373291016,45.18000030517578,43.560001373291016,43.86000061035156,14430000,Yahoo Finance daily
2025-09-11,us,IONQ,,44.20000076293945,47.22999954223633,43.380001068115234,47.04999923706055,21599100,Yahoo Finance daily
2025-09-12,us,IONQ,,47.29999923706055,56.06999969482422,47.150001525878906,55.61000061035156,68818800,Yahoo Finance daily
2025-09-15,us,IONQ,,56.880001068115234,59.88999938964844,55.95000076293945,59.11000061035156,34677000,Yahoo Finance daily
2025-09-16,us,IONQ,,58.97999954223633,62.84999847412109,57.13100051879883,62.2599983215332,30636600,Yahoo Finance daily
2025-09-17,us,IONQ,,63.310001373291016,66.38999938964844,61.08000183105469,65.44000244140625,49629900,Yahoo Finance daily
2025-09-18,us,IONQ,,68.56999969482422,70.43000030517578,65.41999816894531,66.80999755859375,45892900,Yahoo Finance daily
2025-09-19,us,IONQ,,65.9800033569336,71.30000305175781,65.63999938964844,70.41000366210938,50959400,Yahoo Finance daily
2025-09-22,us,IONQ,,68.11000061035156,73.16999816894531,66.1500015258789,71.94000244140625,35675500,Yahoo Finance daily
2025-09-23,us,IONQ,,74.08000183105469,76.12899780273438,71.44999694824219,75.13999938964844,40011900,Yahoo Finance daily
2025-09-24,us,IONQ,,75.25,75.94999694824219,71.01000213623047,73.86000061035156,33075600,Yahoo Finance daily
2025-09-25,us,IONQ,,71.16000366210938,72.29000091552734,66.91000366210938,69.43000030517578,44799700,Yahoo Finance daily
2025-09-26,us,IONQ,,68.41000366210938,70.41999816894531,65.33000183105469,67.27999877929688,32156900,Yahoo Finance daily
2025-09-29,us,IONQ,,68.37999725341797,68.87999725341797,63.220001220703125,64.26000213623047,27595300,Yahoo Finance daily
2025-09-30,us,IONQ,,63.59000015258789,65.0,60.59000015258789,61.5,22600600,Yahoo Finance daily
2025-10-01,us,IONQ,,61.3849983215332,64.8499984741211,60.13999938964844,63.09000015258789,33912400,Yahoo Finance daily
2025-10-02,us,IONQ,,64.80999755859375,69.5999984741211,64.41000366210938,69.5999984741211,37383600,Yahoo Finance daily
2025-10-03,us,IONQ,,70.58999633789062,73.76000213623047,68.3499984741211,73.27999877929688,37681800,Yahoo Finance daily
2025-10-06,us,IONQ,,72.0,79.2300033569336,71.87999725341797,78.98999786376953,36301000,Yahoo Finance daily
2025-10-07,us,IONQ,,80.95999908447266,82.97000122070312,75.4800033569336,79.2300033569336,47589100,Yahoo Finance daily
2025-10-08,us,IONQ,,78.94999694824219,82.41000366210938,72.5989990234375,74.30000305175781,40788200,Yahoo Finance daily
2025-10-09,us,IONQ,,74.87000274658203,78.0,73.6500015258789,77.5,25016200,Yahoo Finance daily
2025-10-10,us,IONQ,,77.0,77.37999725341797,70.6449966430664,70.6500015258789,41146800,Yahoo Finance daily
2025-10-13,us,IONQ,,74.11000061035156,84.63999938964844,72.80000305175781,82.08999633789062,49458800,Yahoo Finance daily
2025-10-14,us,IONQ,,79.8499984741211,81.08000183105469,75.91999816894531,77.55000305175781,34459600,Yahoo Finance daily
2025-10-15,us,IONQ,,79.94000244140625,80.2300033569336,70.80000305175781,72.41000366210938,31348000,Yahoo Finance daily
2025-10-16,us,IONQ,,73.87000274658203,73.87000274658203,65.5,65.58999633789062,35988400,Yahoo Finance daily
2025-10-17,us,IONQ,,65.4020004272461,65.72000122070312,61.20600128173828,62.93999862670898,33423300,Yahoo Finance daily
2025-10-20,us,IONQ,,65.30999755859375,65.5,58.68999862670898,59.93999862670898,28516100,Yahoo Finance daily
2025-10-21,us,IONQ,,60.435001373291016,60.900001525878906,57.209999084472656,59.5,26167000,Yahoo Finance daily
2025-10-22,us,IONQ,,58.20000076293945,59.34999847412109,52.27000045776367,55.45000076293945,39326800,Yahoo Finance daily
2025-10-23,us,IONQ,,61.09999847412109,62.93000030517578,57.0,59.369998931884766,65822800,Yahoo Finance daily
2025-10-24,us,IONQ,,62.0099983215332,64.11000061035156,59.91999816894531,60.29999923706055,27501700,Yahoo Finance daily
2025-10-27,us,IONQ,,63.0,65.5,62.27999877929688,62.79999923706055,25766700,Yahoo Finance daily
2025-10-28,us,IONQ,,62.79999923706055,64.56999969482422,57.06999969482422,57.150001525878906,35730100,Yahoo Finance daily
2025-10-29,us,IONQ,,58.84999847412109,62.09999847412109,57.91999816894531,61.11000061035156,25520900,Yahoo Finance daily
2025-10-30,us,IONQ,,59.38999938964844,61.84000015258789,58.20000076293945,60.16999816894531,16098700,Yahoo Finance daily
2025-10-31,us,IONQ,,61.0,62.970001220703125,59.959999084472656,62.380001068115234,19319900,Yahoo Finance daily
2025-11-03,us,IONQ,,62.34999847412109,62.68999862670898,56.560001373291016,58.400001525878906,23850500,Yahoo Finance daily
2025-11-04,us,IONQ,,55.77000045776367,57.15999984741211,53.08000183105469,53.380001068115234,22044300,Yahoo Finance daily
2025-11-05,us,IONQ,,55.0,56.40999984741211,53.09999847412109,55.40999984741211,21843100,Yahoo Finance daily
2025-11-06,us,IONQ,,57.27999877929688,58.9900016784668,54.09999847412109,57.43000030517578,35400200,Yahoo Finance daily
2025-11-07,us,IONQ,,54.619998931884766,59.29999923706055,51.060001373291016,59.27000045776367,32829800,Yahoo Finance daily
2025-11-10,us,IONQ,,58.5,59.02000045776367,54.81999969482422,55.369998931884766,26986800,Yahoo Finance daily
2025-11-11,us,IONQ,,54.56999969482422,56.02999877929688,53.720001220703125,54.41999816894531,17370000,Yahoo Finance daily
2025-11-12,us,IONQ,,54.7599983215332,55.59999847412109,49.88999938964844,50.709999084472656,23096500,Yahoo Finance daily
2025-11-13,us,IONQ,,49.43999862670898,49.900001525878906,44.29999923706055,45.400001525878906,37229500,Yahoo Finance daily
2025-11-14,us,IONQ,,42.97999954223633,48.77999877929688,42.81999969482422,47.18000030517578,29451100,Yahoo Finance daily
2025-11-17,us,IONQ,,46.72999954223633,49.25,45.93999862670898,47.790000915527344,22630800,Yahoo Finance daily
2025-11-18,us,IONQ,,47.20000076293945,50.28499984741211,47.20000076293945,49.119998931884766,20780000,Yahoo Finance daily
2025-11-19,us,IONQ,,49.150001525878906,50.68000030517578,47.33000183105469,47.880001068115234,19458100,Yahoo Finance daily
2025-11-20,us,IONQ,,48.56999969482422,49.56999969482422,40.68999862670898,41.0,33669500,Yahoo Finance daily
2025-11-21,us,IONQ,,42.560001373291016,42.7599983215332,38.0,41.709999084472656,29301400,Yahoo Finance daily
2025-11-24,us,IONQ,,42.75,47.334999084472656,42.4900016784668,46.7599983215332,40440600,Yahoo Finance daily
2025-11-25,us,IONQ,,46.56999969482422,47.90999984741211,44.220001220703125,47.060001373291016,18007200,Yahoo Finance daily
2025-11-26,us,IONQ,,47.400001525878906,48.25,46.0099983215332,46.900001525878906,12482000,Yahoo Finance daily
2025-11-28,us,IONQ,,47.70000076293945,49.84999847412109,47.56999969482422,49.29999923706055,10307400,Yahoo Finance daily
2025-12-01,us,IONQ,,48.63999938964844,48.869998931884766,46.61199951171875,47.119998931884766,13654200,Yahoo Finance daily
2025-12-02,us,IONQ,,47.56999969482422,49.68000030517578,46.82500076293945,46.93000030517578,12670200,Yahoo Finance daily
2025-12-03,us,IONQ,,46.91999816894531,48.90399932861328,45.310001373291016,48.650001525878906,17183100,Yahoo Finance daily
2025-12-04,us,IONQ,,48.66999816894531,55.31999969482422,48.310001373291016,54.7599983215332,33399900,Yahoo Finance daily
2025-12-05,us,IONQ,,54.0,54.2599983215332,51.130001068115234,52.68999862670898,17478700,Yahoo Finance daily
2025-12-08,us,IONQ,,53.9900016784668,54.81999969482422,51.459999084472656,54.36000061035156,16359700,Yahoo Finance daily
2025-12-09,us,IONQ,,53.80500030517578,55.65999984741211,52.93000030517578,54.43999862670898,12985500,Yahoo Finance daily
2025-12-10,us,IONQ,,53.20000076293945,53.608001708984375,51.25,51.66999816894531,14899800,Yahoo Finance daily
2025-12-11,us,IONQ,,51.900001525878906,52.880001068115234,49.0620002746582,52.54999923706055,19063200,Yahoo Finance daily
2025-12-12,us,IONQ,,52.08000183105469,53.0,49.0,50.34999847412109,14308200,Yahoo Finance daily
2025-12-15,us,IONQ,,50.77999877929688,51.0,45.18000030517578,46.06999969482422,22526900,Yahoo Finance daily
2025-12-16,us,IONQ,,46.93999862670898,49.900001525878906,46.900001525878906,49.66999816894531,16642300,Yahoo Finance daily
2025-12-17,us,IONQ,,50.220001220703125,52.1510009765625,45.7599983215332,45.84999847412109,20237900,Yahoo Finance daily
2025-12-18,us,IONQ,,48.130001068115234,48.71599960327149,46.040000915527344,46.43999862670898,16218500,Yahoo Finance daily
2025-12-19,us,IONQ,,47.13999938964844,49.43999862670898,46.880001068115234,48.47999954223633,30432900,Yahoo Finance daily
2025-12-22,us,IONQ,,49.880001068115234,55.59999847412109,49.66999816894531,53.86000061035156,28897200,Yahoo Finance daily
2025-12-23,us,IONQ,,52.72499847412109,54.540000915527344,51.150001525878906,51.38999938964844,15263300,Yahoo Finance daily
2025-12-24,us,IONQ,,51.70000076293945,51.880001068115234,48.72999954223633,49.81999969482422,10354100,Yahoo Finance daily
2025-12-26,us,IONQ,,49.59000015258789,49.68000030517578,45.7599983215332,46.0,19679600,Yahoo Finance daily
2025-12-29,us,IONQ,,45.459999084472656,46.7599983215332,44.65999984741211,45.25,17259800,Yahoo Finance daily
2025-12-30,us,IONQ,,46.40999984741211,46.83000183105469,45.095001220703125,45.310001373291016,13552200,Yahoo Finance daily
2025-12-31,us,IONQ,,45.66999816894531,46.4379997253418,44.68000030517578,44.869998931884766,11437000,Yahoo Finance daily
2026-01-02,us,IONQ,,46.0099983215332,47.09000015258789,43.79999923706055,46.77000045776367,17122100,Yahoo Finance daily
2026-01-05,us,IONQ,,47.650001525878906,50.31999969482422,46.52000045776367,48.709999084472656,20311300,Yahoo Finance daily
2026-01-06,us,IONQ,,48.77000045776367,50.77000045776367,47.20000076293945,50.7599983215332,16937500,Yahoo Finance daily
2026-01-07,us,IONQ,,50.0,51.86000061035156,49.31999969482422,49.77999877929688,14297200,Yahoo Finance daily
2026-01-08,us,IONQ,,49.619998931884766,52.5099983215332,48.5,50.45000076293945,16618400,Yahoo Finance daily
2026-01-09,us,IONQ,,51.45000076293945,52.61600112915039,49.28200149536133,49.45000076293945,13686000,Yahoo Finance daily
2026-01-12,us,IONQ,,48.59000015258789,51.02000045776367,47.77999877929688,50.95000076293945,16782300,Yahoo Finance daily
2026-01-13,us,IONQ,,51.15999984741211,51.915000915527344,47.97999954223633,48.93999862670898,14487700,Yahoo Finance daily
2026-01-14,us,IONQ,,48.540000915527344,50.91999816894531,47.33000183105469,50.880001068115234,16602100,Yahoo Finance daily
2026-01-15,us,IONQ,,51.27999877929688,51.58000183105469,47.540000915527344,47.560001373291016,21022800,Yahoo Finance daily
2026-01-16,us,IONQ,,48.09000015258789,51.88999938964844,47.52000045776367,50.79999923706055,23266200,Yahoo Finance daily
2026-01-20,us,IONQ,,49.27999877929688,54.2400016784668,48.560001373291016,50.65999984741211,24568200,Yahoo Finance daily
2026-01-21,us,IONQ,,51.709999084472656,52.65999984741211,45.68999862670898,48.33000183105469,31821400,Yahoo Finance daily
2026-01-22,us,IONQ,,49.13999938964844,50.18000030517578,47.93999862670898,49.33000183105469,17661900,Yahoo Finance daily
2026-01-23,us,IONQ,,49.2400016784668,49.5099983215332,46.59999847412109,47.25,14734200,Yahoo Finance daily
2026-01-26,us,IONQ,,48.31999969482422,50.59000015258789,42.84000015258789,43.369998931884766,39551400,Yahoo Finance daily
2026-01-27,us,IONQ,,44.560001373291016,46.43999862670898,43.03499984741211,45.4900016784668,25181300,Yahoo Finance daily
2026-01-28,us,IONQ,,46.22499847412109,46.900001525878906,45.0,45.79999923706055,18945000,Yahoo Finance daily
2026-01-29,us,IONQ,,45.86000061035156,45.86000061035156,42.15999984741211,43.2400016784668,22225500,Yahoo Finance daily
2026-01-30,us,IONQ,,43.400001525878906,43.4900016784668,38.915000915527344,39.97999954223633,23741900,Yahoo Finance daily
2026-02-02,us,IONQ,,40.630001068115234,40.72600173950195,37.720001220703125,38.560001373291016,21598100,Yahoo Finance daily
2026-02-03,us,IONQ,,39.61000061035156,39.81999969482422,36.630001068115234,38.470001220703125,19966100,Yahoo Finance daily
2026-02-04,us,IONQ,,38.5,38.54999923706055,33.630001068115234,35.34000015258789,32378000,Yahoo Finance daily
2026-02-05,us,IONQ,,33.91999816894531,34.380001068115234,29.989999771118164,30.43000030517578,33123400,Yahoo Finance daily
2026-02-06,us,IONQ,,31.899999618530277,36.10499954223633,31.34499931335449,34.9900016784668,32508100,Yahoo Finance daily
2026-02-09,us,IONQ,,34.67499923706055,35.63999938964844,33.65999984741211,35.47999954223633,16620800,Yahoo Finance daily
2026-02-10,us,IONQ,,35.099998474121094,36.56999969482422,34.810001373291016,35.189998626708984,13807900,Yahoo Finance daily
2026-02-11,us,IONQ,,36.04999923706055,36.060001373291016,33.0099983215332,33.61000061035156,16057000,Yahoo Finance daily
2026-02-12,us,IONQ,,33.70000076293945,33.70000076293945,30.88999938964844,31.299999237060547,18115200,Yahoo Finance daily
2026-02-13,us,IONQ,,32.314998626708984,34.650001525878906,30.850000381469727,34.11000061035156,21567100,Yahoo Finance daily
2026-02-17,us,IONQ,,33.47999954223633,34.31800079345703,31.850000381469727,33.18000030517578,13735200,Yahoo Finance daily
2026-02-18,us,IONQ,,33.32500076293945,34.8849983215332,32.38999938964844,33.34000015258789,13374800,Yahoo Finance daily
2026-02-19,us,IONQ,,32.720001220703125,33.58000183105469,31.979999542236328,33.43000030517578,13722100,Yahoo Finance daily
2026-02-20,us,IONQ,,32.66999816894531,33.880001068115234,31.3799991607666,31.899999618530277,15804300,Yahoo Finance daily
2026-02-23,us,IONQ,,31.020000457763672,31.67300033569336,30.170000076293945,30.780000686645508,14580100,Yahoo Finance daily
2026-02-24,us,IONQ,,31.09000015258789,31.959999084472656,30.190000534057617,31.6200008392334,15049400,Yahoo Finance daily
2026-02-25,us,IONQ,,32.185001373291016,34.400001525878906,31.84000015258789,33.59000015258789,26860100,Yahoo Finance daily
2026-02-26,us,IONQ,,39.04999923706055,41.900001525878906,38.75,40.880001068115234,70334600,Yahoo Finance daily
2026-02-27,us,IONQ,,39.41999816894531,39.560001373291016,36.45100021362305,38.369998931884766,28768400,Yahoo Finance daily
2026-03-02,us,IONQ,,36.43000030517578,38.43999862670898,36.400001525878906,38.34000015258789,16563500,Yahoo Finance daily
2026-03-03,us,IONQ,,36.69499969482422,38.119998931884766,35.290000915527344,37.04999923706055,19852600,Yahoo Finance daily
2026-03-04,us,IONQ,,37.68000030517578,38.2400016784668,36.540000915527344,37.130001068115234,47410200,Yahoo Finance daily
2026-03-05,us,IONQ,,36.59999847412109,36.68000030517578,34.310001373291016,36.02000045776367,21173500,Yahoo Finance daily
2026-03-06,us,IONQ,,35.40999984741211,37.47999954223633,35.099998474121094,35.72999954223633,18481800,Yahoo Finance daily
2026-03-09,us,IONQ,,34.77000045776367,36.08000183105469,33.810001373291016,35.869998931884766,16385600,Yahoo Finance daily
2026-03-10,us,IONQ,,35.95000076293945,36.91999816894531,35.029998779296875,35.119998931884766,22204000,Yahoo Finance daily
2026-03-11,us,IONQ,,35.290000915527344,35.88999938964844,33.5,34.27000045776367,29303700,Yahoo Finance daily
2026-03-12,us,IONQ,,33.97999954223633,34.71500015258789,33.029998779296875,33.029998779296875,22093100,Yahoo Finance daily
2026-03-13,us,IONQ,,33.58000183105469,34.58000183105469,32.834999084472656,32.97999954223633,15353600,Yahoo Finance daily
2026-03-16,us,IONQ,,33.52000045776367,34.40999984741211,32.38999938964844,33.290000915527344,19347200,Yahoo Finance daily
2026-03-17,us,IONQ,,33.29999923706055,34.150001525878906,33.060001373291016,33.310001373291016,19488400,Yahoo Finance daily
2026-03-18,us,IONQ,,33.04999923706055,34.0,32.36000061035156,32.380001068115234,16185000,Yahoo Finance daily
2026-03-19,us,IONQ,,31.540000915527344,32.54999923706055,30.729999542236328,31.899999618530277,16994300,Yahoo Finance daily
2026-03-20,us,IONQ,,31.799999237060547,32.25,30.5,31.200000762939453,17191400,Yahoo Finance daily
2026-03-23,us,IONQ,,31.63999938964844,33.630001068115234,31.290000915527344,33.11000061035156,19150800,Yahoo Finance daily
2026-03-24,us,IONQ,,32.380001068115234,33.459999084472656,31.8799991607666,32.70000076293945,13518700,Yahoo Finance daily
2026-03-25,us,IONQ,,33.380001068115234,34.18000030517578,31.65999984741211,31.959999084472656,15634000,Yahoo Finance daily
2026-03-26,us,IONQ,,31.395000457763672,31.61000061035156,29.709999084472656,29.84000015258789,17726800,Yahoo Finance daily
2026-03-27,us,IONQ,,29.549999237060547,29.600000381469727,27.375,27.51000022888184,19502400,Yahoo Finance daily
2026-03-30,us,IONQ,,27.790000915527344,28.15999984741211,25.88999938964844,26.59000015258789,18695300,Yahoo Finance daily
2026-03-31,us,IONQ,,27.200000762939453,29.18000030517578,27.05500030517578,28.82999992370605,23148900,Yahoo Finance daily
2026-04-01,us,IONQ,,29.63999938964844,29.90999984741211,27.56999969482422,27.790000915527344,19072900,Yahoo Finance daily
2026-04-02,us,IONQ,,26.799999237060547,29.489999771118164,26.739999771118164,29.299999237060547,15521800,Yahoo Finance daily
2026-04-06,us,IONQ,,29.32999992370605,30.29599952697754,28.709999084472656,29.239999771118164,11775700,Yahoo Finance daily
2026-04-07,us,IONQ,,28.71999931335449,28.8799991607666,27.290000915527344,28.489999771118164,19722700,Yahoo Finance daily
2026-04-08,us,IONQ,,30.65999984741211,31.100000381469727,28.51000022888184,28.989999771118164,20132500,Yahoo Finance daily
2026-04-09,us,IONQ,,28.75,29.25,27.815000534057617,28.07999992370605,16356800,Yahoo Finance daily
2026-04-10,us,IONQ,,28.28499984741211,29.3700008392334,28.1299991607666,28.790000915527344,13036500,Yahoo Finance daily
2026-04-13,us,IONQ,,28.2549991607666,29.84000015258789,27.871000289916992,29.76000022888184,15259800,Yahoo Finance daily
2026-04-14,us,IONQ,,31.780000686645508,35.875,31.059999465942383,35.7599983215332,68012600,Yahoo Finance daily
2026-04-15,us,IONQ,,38.36000061035156,43.34000015258789,37.459999084472656,43.25,96973000,Yahoo Finance daily
2026-04-16,us,IONQ,,44.5099983215332,45.43000030517578,40.84000015258789,44.68000030517578,79286200,Yahoo Finance daily
2026-04-17,us,IONQ,,44.09000015258789,46.68999862670898,43.68000030517578,46.09000015258789,48967100,Yahoo Finance daily
2026-04-20,us,IONQ,,45.34000015258789,48.56499862670898,45.119998931884766,48.31999969482422,47873500,Yahoo Finance daily
2026-04-21,us,IONQ,,48.59999847412109,48.72999954223633,45.720001220703125,46.27999877929688,38384100,Yahoo Finance daily
2026-04-22,us,IONQ,,47.2599983215332,49.130001068115234,46.540000915527344,47.36000061035156,34667700,Yahoo Finance daily
2026-04-23,us,IONQ,,46.61000061035156,47.84000015258789,41.91999816894531,43.630001068115234,35984300,Yahoo Finance daily
2026-04-24,us,IONQ,,44.380001068115234,44.38999938964844,41.2599983215332,42.68999862670898,20671100,Yahoo Finance daily
2026-04-27,us,IONQ,,42.18000030517578,44.06999969482422,41.11000061035156,43.84000015258789,22968700,Yahoo Finance daily
2026-04-28,us,IONQ,,42.54999923706055,44.27000045776367,42.25,43.08000183105469,21447700,Yahoo Finance daily
2026-04-29,us,IONQ,,42.630001068115234,42.630001068115234,39.76499938964844,42.11000061035156,24594100,Yahoo Finance daily
2026-04-30,us,IONQ,,41.935001373291016,45.47999954223633,41.4900016784668,45.119998931884766,23258800,Yahoo Finance daily
2026-05-01,us,IONQ,,44.85499954223633,46.30899810791016,43.79999923706055,46.20000076293945,20621900,Yahoo Finance daily
2026-05-04,us,IONQ,,46.52999877929688,49.13999938964844,45.310001373291016,45.75,26396700,Yahoo Finance daily
2026-05-05,us,IONQ,,46.61000061035156,48.34000015258789,44.790000915527344,48.0,33457000,Yahoo Finance daily
2026-05-06,us,IONQ,,49.09999847412109,53.48500061035156,48.56999969482422,52.56999969482422,58397500,Yahoo Finance daily
2026-05-07,us,IONQ,,50.03499984741211,51.900001525878906,46.27000045776367,47.68000030517578,42874600,Yahoo Finance daily
2026-05-08,us,IONQ,,48.685001373291016,49.43999862670898,45.720001220703125,49.2400016784668,25990700,Yahoo Finance daily
2026-05-11,us,IONQ,,48.13999938964844,58.540000915527344,47.88999938964844,56.88999938964844,61486200,Yahoo Finance daily
2026-05-12,us,IONQ,,57.25,59.150001525878906,52.16999816894531,55.869998931884766,51692800,Yahoo Finance daily
2026-05-13,us,IONQ,,55.93999862670898,56.18000030517578,52.93999862670898,55.2599983215332,24146500,Yahoo Finance daily
2026-05-14,us,IONQ,,54.400001525878906,58.18000030517578,53.90999984741211,57.470001220703125,26379200,Yahoo Finance daily
2026-05-15,us,IONQ,,54.5,54.70000076293945,51.28499984741211,51.95000076293945,27273200,Yahoo Finance daily
2026-05-18,us,IONQ,,51.810001373291016,52.20000076293945,47.47999954223633,49.310001373291016,31649800,Yahoo Finance daily
2026-05-19,us,IONQ,,47.63999938964844,49.43999862670898,45.5099983215332,48.43999862670898,22197000,Yahoo Finance daily
2026-05-20,us,IONQ,,49.25,52.7400016784668,48.34999847412109,52.470001220703125,22745900,Yahoo Finance daily
2026-05-21,us,IONQ,,54.61000061035156,61.119998931884766,53.93000030517578,58.88999938964844,62941400,Yahoo Finance daily
2026-05-22,us,IONQ,,58.0,65.80000305175781,58.0,63.63999938964844,52650100,Yahoo Finance daily
2026-05-26,us,IONQ,,64.30000305175781,65.0,60.09000015258789,63.619998931884766,30128800,Yahoo Finance daily
2026-05-27,us,IONQ,,62.66999816894531,66.80999755859375,59.709999084472656,65.4000015258789,29691000,Yahoo Finance daily
2026-05-28,us,IONQ,,64.87000274658203,71.47000122070312,64.72000122070312,70.13999938964844,31801200,Yahoo Finance daily
2026-05-29,us,IONQ,,69.63999938964844,72.16999816894531,66.80000305175781,72.06999969482422,28460800,Yahoo Finance daily
2026-06-01,us,IONQ,,69.6449966430664,72.41999816894531,66.97000122070312,69.27999877929688,28317600,Yahoo Finance daily
2026-06-02,us,IONQ,,69.3499984741211,72.62999725341797,69.08999633789062,71.4000015258789,27651000,Yahoo Finance daily
2026-06-03,us,IONQ,,70.32499694824219,73.6500015258789,67.51000213623047,68.2300033569336,30856300,Yahoo Finance daily
2026-06-04,us,IONQ,,67.05000305175781,69.46399688720703,64.18000030517578,65.66000366210938,40211400,Yahoo Finance daily
2026-06-05,us,IONQ,,63.5099983215332,63.790000915527344,55.84000015258789,56.77999877929688,32124900,Yahoo Finance daily
2026-06-08,us,IONQ,,59.540000915527344,64.9000015258789,57.959999084472656,62.79999923706055,28561700,Yahoo Finance daily
2026-06-09,us,IONQ,,62.400001525878906,63.948001861572266,53.26499938964844,56.68999862670898,35304000,Yahoo Finance daily
2026-06-10,us,IONQ,,57.7400016784668,60.75,56.5,56.630001068115234,23605600,Yahoo Finance daily
2026-06-11,us,IONQ,,56.540000915527344,59.46500015258789,54.75,57.9900016784668,25218800,Yahoo Finance daily
2026-06-12,us,IONQ,,57.70000076293945,60.22999954223633,56.15999984741211,57.84999847412109,24732300,Yahoo Finance daily
2026-06-15,us,IONQ,,61.400001525878906,63.560001373291016,60.59000015258789,61.18000030517578,25313600,Yahoo Finance daily
2026-06-16,us,IONQ,,59.95000076293945,60.88999938964844,55.90999984741211,56.060001373291016,21916300,Yahoo Finance daily
2026-06-17,us,IONQ,,56.900001525878906,57.72800064086914,54.45500183105469,54.68999862670898,19556500,Yahoo Finance daily
2026-06-18,us,IONQ,,55.790000915527344,56.65999984741211,52.92100143432617,56.54999923706055,20362600,Yahoo Finance daily
2026-06-22,us,IONQ,,56.58000183105469,61.9900016784668,55.52999877929688,58.31999969482422,28045000,Yahoo Finance daily
2026-06-23,us,IONQ,,56.61000061035156,61.470001220703125,56.0,57.84999847412109,26838900,Yahoo Finance daily
2026-06-24,us,IONQ,,57.34999847412109,57.34999847412109,52.36000061035156,53.59999847412109,25170000,Yahoo Finance daily
2026-06-25,us,IONQ,,54.625,55.07600021362305,50.15999984741211,50.560001373291016,21891200,Yahoo Finance daily
2026-06-26,us,IONQ,,49.650001525878906,52.47800064086914,48.4900016784668,49.310001373291016,67767400,Yahoo Finance daily
2026-06-29,us,IONQ,,50.619998931884766,54.20000076293945,49.650001525878906,53.880001068115234,22875200,Yahoo Finance daily
2026-06-30,us,IONQ,,52.69499969482422,54.84000015258789,52.402000427246094,53.2599983215332,14832600,Yahoo Finance daily
2026-07-01,us,IONQ,,52.17499923706055,54.7599983215332,51.400001525878906,51.400001525878906,14440800,Yahoo Finance daily
2026-07-02,us,IONQ,,51.11000061035156,54.400001525878906,48.18000030517578,49.119998931884766,16972900,Yahoo Finance daily
2026-07-06,us,IONQ,,49.040000915527344,51.33000183105469,48.790000915527344,48.869998931884766,12476700,Yahoo Finance daily
2026-07-07,us,IONQ,,47.540000915527344,47.95000076293945,44.02399826049805,45.36000061035156,18921600,Yahoo Finance daily
2026-07-08,,,,44.36000061035156,46.22999954223633,43.720001220703125,45.08000183105469,15213700,
2026-07-09,,,,45.5,46.0,44.369998931884766,44.77000045776367,13051600,
2026-07-10,,,,45.31999969482422,45.45000076293945,42.400001525878906,42.86000061035156,14548400,
2026-07-13,,,,42.06999969482422,42.180999755859375,38.619998931884766,38.880001068115234,23873300,
2026-07-14,,,,40.040000915527344,40.44200134277344,38.720001220703125,39.290000915527344,17284300,
2026-07-15,,,,40.0,40.06999969482422,36.86000061035156,37.5099983215332,20413000,
2026-07-16,,,,37.0,37.24300003051758,34.67100143432617,35.099998474121094,24564600,
2026-07-17,,,,34.9900016784668,35.90999984741211,33.290000915527344,34.779998779296875,23953800,
2026-07-20,,,,35.04999923706055,36.29999923706055,34.209999084472656,34.2400016784668,16492800,
2026-07-21,,,,35.459999084472656,36.064998626708984,34.70000076293945,35.5099983215332,20478400,
2026-07-22,us,IONQ,IONQ,34.88999938964844,35.9900016784668,34.654998779296875,34.68000030517578,14904000,Yahoo Finance IONQ
2026-07-23,us,IONQ,IONQ,34.0,35.518001556396484,33.564998626708984,34.06999969482422,17622900,Yahoo Finance IONQ
2026-07-24,us,IONQ,IONQ,34.099998474121094,34.29999923706055,32.709999084472656,32.91999816894531,2972572,Yahoo Finance IONQ
2026-07-27,us,IONQ,IONQ,34.470001220703125,37.16999816894531,34.29999923706055,35.91999816894531,28363300,Yahoo Finance IONQ
2026-07-28,us,IONQ,IONQ,34.18000030517578,34.650001525878906,32.119998931884766,33.880001068115234,19875900,Yahoo Finance IONQ
2026-07-29,us,IONQ,IONQ,33.720001220703125,34.31999969482422,31.809999465942383,31.989999771118164,21993300,Yahoo Finance IONQ
2026-07-30,us,IONQ,IONQ,33.165000915527344,36.18000030517578,33.0,35.77000045776367,23331300,Yahoo Finance IONQ
2026-07-31,us,IONQ,IONQ,36.4900016784668,37.64500045776367,35.58399963378906,36.439998626708984,18149700,Yahoo Finance IONQ
2026-08-03,us,IONQ,IONQ,35.83000183105469,40.15999984741211,35.42599868774414,38.849998474121094,23234100,Yahoo Finance IONQ
2026-08-04,us,IONQ,IONQ,39.6349983215332,42.04999923706055,39.58000183105469,41.720001220703125,25285300,Yahoo Finance IONQ
2026-08-05,us,IONQ,IONQ,40.95000076293945,41.900001525878906,39.70000076293945,39.93000030517578,24176800,Yahoo Finance IONQ
2026-08-06,us,IONQ,IONQ,41.369998931884766,41.880001068115234,39.654998779296875,39.720001220703125,26168600,Yahoo Finance IONQ
2026-08-07,us,IONQ,IONQ,40.3849983215332,44.6150016784668,40.0,44.43000030517578,34382100,Yahoo Finance IONQ
2026-08-10,us,IONQ,IONQ,43.2400016784668,44.20000076293945,42.20000076293945,42.529998779296875,16959400,Yahoo Finance IONQ
2026-08-11,us,IONQ,IONQ,43.02000045776367,43.65510177612305,42.18000030517578,43.06999969482422,2738763,Yahoo Finance IONQ
