date,market,symbol,name,open,high,low,close,volume,source
2012-06-29,us,NOW,,4.75,4.949999809265137,4.565999984741211,4.920000076293945,54612000,Yahoo Finance daily
2012-07-02,us,NOW,,4.949999809265137,5.039999961853027,4.820000171661377,4.953999996185303,3283500,Yahoo Finance daily
2012-07-03,us,NOW,,4.96999979019165,5.064000129699707,4.920000076293945,5.061999797821045,2005500,Yahoo Finance daily
2012-07-05,us,NOW,,5.099999904632568,5.251999855041504,5.027999877929688,5.191999912261963,2705000,Yahoo Finance daily
2012-07-06,us,NOW,,5.150000095367432,5.223999977111816,5.019999980926514,5.168000221252441,1775500,Yahoo Finance daily
2012-07-09,us,NOW,,5.191999912261963,5.260000228881836,5.035999774932861,5.053999900817871,762000,Yahoo Finance daily
2012-07-10,us,NOW,,5.044000148773193,5.138000011444092,5.010000228881836,5.010000228881836,1520000,Yahoo Finance daily
2012-07-11,us,NOW,,5.004000186920166,5.070000171661377,4.697999954223633,4.748000144958496,1482500,Yahoo Finance daily
2012-07-12,us,NOW,,4.659999847412109,4.894000053405762,4.52400016784668,4.815999984741211,1627500,Yahoo Finance daily
2012-07-13,us,NOW,,4.938000202178955,4.984000205993652,4.796000003814697,4.835999965667725,445500,Yahoo Finance daily
2012-07-16,us,NOW,,4.815999984741211,4.912000179290772,4.760000228881836,4.875999927520752,590500,Yahoo Finance daily
2012-07-17,us,NOW,,4.895999908447266,4.895999908447266,4.785999774932861,4.854000091552734,1137500,Yahoo Finance daily
2012-07-18,us,NOW,,4.886000156402588,4.938000202178955,4.800000190734863,4.8460001945495605,519000,Yahoo Finance daily
2012-07-19,us,NOW,,4.934000015258789,4.934000015258789,4.78000020980835,4.800000190734863,1272500,Yahoo Finance daily
2012-07-20,us,NOW,,4.808000087738037,5.046000003814697,4.78000020980835,5.046000003814697,1304500,Yahoo Finance daily
2012-07-23,us,NOW,,5.001999855041504,5.001999855041504,4.7820000648498535,4.869999885559082,3017000,Yahoo Finance daily
2012-07-24,us,NOW,,4.966000080108643,5.191999912261963,4.920000076293945,4.9679999351501465,1457500,Yahoo Finance daily
2012-07-25,us,NOW,,5.01200008392334,5.093999862670898,4.9679999351501465,4.986000061035156,554000,Yahoo Finance daily
2012-07-26,us,NOW,,4.986000061035156,5.070000171661377,4.800000190734863,4.883999824523926,790000,Yahoo Finance daily
2012-07-27,us,NOW,,4.895999908447266,5.0879998207092285,4.863999843597412,5.065999984741211,500500,Yahoo Finance daily
2012-07-30,us,NOW,,5.050000190734863,5.090000152587891,5.010000228881836,5.078000068664551,421500,Yahoo Finance daily
2012-07-31,us,NOW,,5.0879998207092285,5.51200008392334,5.081999778747559,5.400000095367432,1420000,Yahoo Finance daily
2012-08-01,us,NOW,,5.464000225067139,5.5960001945495605,5.352000236511231,5.541999816894531,559500,Yahoo Finance daily
2012-08-02,us,NOW,,5.5,5.860000133514404,5.400000095367432,5.815999984741211,2784500,Yahoo Finance daily
2012-08-03,us,NOW,,5.886000156402588,6.285999774932861,5.716000080108643,5.734000205993652,2155000,Yahoo Finance daily
2012-08-06,us,NOW,,5.800000190734863,5.831999778747559,5.446000099182129,5.604000091552734,2919000,Yahoo Finance daily
2012-08-07,us,NOW,,5.659999847412109,5.75,5.558000087738037,5.599999904632568,990000,Yahoo Finance daily
2012-08-08,us,NOW,,5.581999778747559,5.581999778747559,5.401999950408936,5.513999938964844,1483500,Yahoo Finance daily
2012-08-09,us,NOW,,5.495999813079834,6.004000186920166,5.460000038146973,5.901999950408936,677500,Yahoo Finance daily
2012-08-10,us,NOW,,5.874000072479248,6.400000095367432,5.874000072479248,6.329999923706055,1100000,Yahoo Finance daily
2012-08-13,us,NOW,,6.406000137329102,6.510000228881836,6.343999862670898,6.486000061035156,1074500,Yahoo Finance daily
2012-08-14,us,NOW,,6.53000020980835,6.791999816894531,6.440000057220459,6.455999851226807,2762000,Yahoo Finance daily
2012-08-15,us,NOW,,6.421999931335449,6.421999931335449,5.894000053405762,5.935999870300293,2339000,Yahoo Finance daily
2012-08-16,us,NOW,,6.01200008392334,6.113999843597412,5.920000076293945,5.949999809265137,1502500,Yahoo Finance daily
2012-08-17,us,NOW,,6.0,6.007999897003174,5.888000011444092,5.920000076293945,1946500,Yahoo Finance daily
2012-08-20,us,NOW,,5.909999847412109,5.989999771118164,5.909999847412109,5.978000164031982,1388500,Yahoo Finance daily
2012-08-21,us,NOW,,6.038000106811523,6.122000217437744,5.989999771118164,6.052000045776367,983500,Yahoo Finance daily
2012-08-22,us,NOW,,6.053999900817871,6.104000091552734,5.966000080108643,5.96999979019165,3089000,Yahoo Finance daily
2012-08-23,us,NOW,,5.986000061035156,6.133999824523926,5.76200008392334,5.806000232696533,1461000,Yahoo Finance daily
2012-08-24,us,NOW,,5.757999897003174,5.98799991607666,5.757999897003174,5.940000057220459,728000,Yahoo Finance daily
2012-08-27,us,NOW,,5.940000057220459,6.26200008392334,5.826000213623047,5.854000091552734,1300000,Yahoo Finance daily
2012-08-28,us,NOW,,5.854000091552734,5.940000057220459,5.809999942779541,5.863999843597412,762500,Yahoo Finance daily
2012-08-29,us,NOW,,5.877999782562256,5.958000183105469,5.849999904632568,5.8979997634887695,583000,Yahoo Finance daily
2012-08-30,us,NOW,,5.8480000495910645,6.199999809265137,5.806000232696533,5.955999851226807,932500,Yahoo Finance daily
2012-08-31,us,NOW,,6.047999858856201,6.300000190734863,5.984000205993652,6.21999979019165,1430000,Yahoo Finance daily
2012-09-04,us,NOW,,6.2220001220703125,6.76800012588501,6.2220001220703125,6.734000205993652,1664000,Yahoo Finance daily
2012-09-05,us,NOW,,6.73199987411499,6.866000175476074,6.602000236511231,6.8379998207092285,1658500,Yahoo Finance daily
2012-09-06,us,NOW,,6.840000152587891,7.216000080108643,6.822000026702881,7.211999893188477,1981000,Yahoo Finance daily
2012-09-07,us,NOW,,7.300000190734863,7.461999893188477,7.124000072479248,7.309999942779541,2055000,Yahoo Finance daily
2012-09-10,us,NOW,,7.400000095367432,7.400000095367432,6.8480000495910645,6.877999782562256,2286500,Yahoo Finance daily
2012-09-11,us,NOW,,6.960000038146973,7.033999919891357,6.567999839782715,6.602000236511231,1442500,Yahoo Finance daily
2012-09-12,us,NOW,,6.708000183105469,7.0879998207092285,6.651999950408936,7.010000228881836,1752500,Yahoo Finance daily
2012-09-13,us,NOW,,7.026000022888184,7.664000034332275,6.941999912261963,7.501999855041504,2302000,Yahoo Finance daily
2012-09-14,us,NOW,,7.576000213623047,7.866000175476074,7.544000148773193,7.811999797821045,3620500,Yahoo Finance daily
2012-09-17,us,NOW,,7.800000190734863,7.953999996185303,7.605999946594238,7.638000011444092,4061500,Yahoo Finance daily
2012-09-18,us,NOW,,7.730000019073486,7.730000019073486,7.276000022888184,7.360000133514404,3390000,Yahoo Finance daily
2012-09-19,us,NOW,,7.375999927520752,7.745999813079834,7.368000030517578,7.730000019073486,2031500,Yahoo Finance daily
2012-09-20,us,NOW,,7.699999809265137,7.72599983215332,7.435999870300293,7.599999904632568,3697000,Yahoo Finance daily
2012-09-21,us,NOW,,7.696000099182129,7.966000080108643,7.619999885559082,7.926000118255615,1767000,Yahoo Finance daily
2012-09-24,us,NOW,,7.980000019073486,8.140000343322754,7.716000080108643,8.074000358581543,1893500,Yahoo Finance daily
2012-09-25,us,NOW,,8.180000305175781,8.354000091552734,7.921999931335449,7.998000144958496,3027000,Yahoo Finance daily
2012-09-26,us,NOW,,7.96999979019165,7.96999979019165,7.354000091552734,7.616000175476074,4269500,Yahoo Finance daily
2012-09-27,us,NOW,,7.679999828338623,8.065999984741211,7.679999828338623,8.008000373840332,2394000,Yahoo Finance daily
2012-09-28,us,NOW,,7.998000144958496,7.998000144958496,7.23199987411499,7.736000061035156,7912500,Yahoo Finance daily
2012-10-01,us,NOW,,7.59600019454956,7.627999782562256,6.923999786376953,7.296000003814697,4519500,Yahoo Finance daily
2012-10-02,us,NOW,,7.214000225067139,7.349999904632568,7.118000030517578,7.300000190734863,2933500,Yahoo Finance daily
2012-10-03,us,NOW,,7.306000232696533,7.535999774932861,7.303999900817871,7.406000137329102,1415500,Yahoo Finance daily
2012-10-04,us,NOW,,7.340000152587891,7.440000057220459,7.340000152587891,7.429999828338623,728500,Yahoo Finance daily
2012-10-05,us,NOW,,7.440000057220459,7.489999771118164,7.300000190734863,7.400000095367432,2247500,Yahoo Finance daily
2012-10-08,us,NOW,,7.320000171661377,7.331999778747559,7.193999767303467,7.306000232696533,1257000,Yahoo Finance daily
2012-10-09,us,NOW,,7.322000026702881,7.360000133514404,7.156000137329102,7.199999809265137,2526500,Yahoo Finance daily
2012-10-10,us,NOW,,7.190000057220459,7.211999893188477,6.923999786376953,6.955999851226807,2230000,Yahoo Finance daily
2012-10-11,us,NOW,,7.001999855041504,7.058000087738037,6.872000217437744,6.900000095367432,1336500,Yahoo Finance daily
2012-10-12,us,NOW,,6.966000080108643,6.966000080108643,6.578000068664551,6.664000034332275,2988500,Yahoo Finance daily
2012-10-15,us,NOW,,6.576000213623047,6.98199987411499,6.559999942779541,6.901999950408936,3774000,Yahoo Finance daily
2012-10-16,us,NOW,,6.927999973297119,6.927999973297119,6.739999771118164,6.861999988555908,2516500,Yahoo Finance daily
2012-10-17,us,NOW,,6.866000175476074,7.0920000076293945,6.803999900817871,6.953999996185303,3422500,Yahoo Finance daily
2012-10-18,us,NOW,,6.953999996185303,6.97599983215332,6.900000095367432,6.958000183105469,1307500,Yahoo Finance daily
2012-10-19,us,NOW,,6.960000038146973,7.0960001945495605,6.78000020980835,6.869999885559082,2673000,Yahoo Finance daily
2012-10-22,us,NOW,,6.889999866485596,6.900000095367432,6.507999897003174,6.688000202178955,3606000,Yahoo Finance daily
2012-10-23,us,NOW,,6.664000034332275,6.9720001220703125,6.521999835968018,6.912000179290772,2200500,Yahoo Finance daily
2012-10-24,us,NOW,,6.912000179290772,7.15399980545044,6.808000087738037,7.130000114440918,3023000,Yahoo Finance daily
2012-10-25,us,NOW,,7.130000114440918,7.51800012588501,6.142000198364258,6.277999877929688,9769500,Yahoo Finance daily
2012-10-26,us,NOW,,6.335999965667725,6.5960001945495605,6.277999877929688,6.377999782562256,3008500,Yahoo Finance daily
2012-10-31,us,NOW,,6.421999931335449,6.547999858856201,6.02400016784668,6.130000114440918,2844500,Yahoo Finance daily
2012-11-01,us,NOW,,6.265999794006348,6.328000068664551,5.909999847412109,6.208000183105469,3943000,Yahoo Finance daily
2012-11-02,us,NOW,,6.245999813079834,6.546000003814697,6.122000217437744,6.427999973297119,2251000,Yahoo Finance daily
2012-11-05,us,NOW,,6.429999828338623,6.515999794006348,6.23199987411499,6.455999851226807,1725500,Yahoo Finance daily
2012-11-06,us,NOW,,6.48199987411499,6.705999851226807,6.435999870300293,6.590000152587891,2311500,Yahoo Finance daily
2012-11-07,us,NOW,,6.50600004196167,6.546000003814697,6.199999809265137,6.25,2663500,Yahoo Finance daily
2012-11-08,us,NOW,,6.173999786376953,6.317999839782715,6.136000156402588,6.179999828338623,1440000,Yahoo Finance daily
2012-11-09,us,NOW,,6.182000160217285,6.309999942779541,5.941999912261963,6.013999938964844,2051000,Yahoo Finance daily
2012-11-12,us,NOW,,6.0,6.197999954223633,5.90399980545044,5.932000160217285,2686500,Yahoo Finance daily
2012-11-13,us,NOW,,6.0980000495910645,6.0980000495910645,5.676000118255615,5.895999908447266,2755000,Yahoo Finance daily
2012-11-14,us,NOW,,6.078000068664551,6.119999885559082,5.630000114440918,5.742000102996826,2514500,Yahoo Finance daily
2012-11-15,us,NOW,,5.668000221252441,6.395999908447266,5.656000137329102,6.357999801635742,35254000,Yahoo Finance daily
2012-11-16,us,NOW,,6.685999870300293,6.900000095367432,5.889999866485596,6.070000171661377,8993000,Yahoo Finance daily
2012-11-19,us,NOW,,6.104000091552734,6.288000106811523,5.763999938964844,6.211999893188477,6193000,Yahoo Finance daily
2012-11-20,us,NOW,,6.185999870300293,6.75,6.142000198364258,6.334000110626221,4906000,Yahoo Finance daily
2012-11-21,us,NOW,,6.205999851226807,6.434000015258789,5.97599983215332,6.236000061035156,8292500,Yahoo Finance daily
2012-11-23,us,NOW,,6.236000061035156,6.239999771118164,6.102000236511231,6.15399980545044,933500,Yahoo Finance daily
2012-11-26,us,NOW,,5.7220001220703125,6.171999931335449,5.7220001220703125,6.099999904632568,3954000,Yahoo Finance daily
2012-11-27,us,NOW,,6.105999946594238,6.159999847412109,5.840000152587891,6.059999942779541,5487000,Yahoo Finance daily
2012-11-28,us,NOW,,6.104000091552734,6.276000022888184,5.995999813079834,6.242000102996826,2231000,Yahoo Finance daily
2012-11-29,us,NOW,,6.309999942779541,6.564000129699707,6.2220001220703125,6.460000038146973,3579000,Yahoo Finance daily
2012-11-30,us,NOW,,6.446000099182129,6.604000091552734,6.216000080108643,6.526000022888184,12302000,Yahoo Finance daily
2012-12-03,us,NOW,,6.276000022888184,6.53000020980835,6.23199987411499,6.4079999923706055,5061000,Yahoo Finance daily
2012-12-04,us,NOW,,6.395999908447266,6.478000164031982,5.949999809265137,6.038000106811523,6395000,Yahoo Finance daily
2012-12-05,us,NOW,,6.0980000495910645,6.0980000495910645,5.703999996185303,5.881999969482422,6574000,Yahoo Finance daily
2012-12-06,us,NOW,,5.877999782562256,5.929999828338623,5.817999839782715,5.894000053405762,3257500,Yahoo Finance daily
2012-12-07,us,NOW,,5.900000095367432,5.923999786376953,5.77400016784668,5.860000133514404,1869500,Yahoo Finance daily
2012-12-10,us,NOW,,5.883999824523926,5.949999809265137,5.849999904632568,5.889999866485596,955000,Yahoo Finance daily
2012-12-11,us,NOW,,5.932000160217285,6.047999858856201,5.875999927520752,5.966000080108643,2359500,Yahoo Finance daily
2012-12-12,us,NOW,,6.00600004196167,6.25600004196167,5.881999969482422,6.125999927520752,4173000,Yahoo Finance daily
2012-12-13,us,NOW,,6.070000171661377,6.191999912261963,5.964000225067139,6.065999984741211,2051500,Yahoo Finance daily
2012-12-14,us,NOW,,6.058000087738037,6.188000202178955,6.004000186920166,6.107999801635742,1870000,Yahoo Finance daily
2012-12-17,us,NOW,,6.099999904632568,6.22599983215332,6.0,6.21999979019165,1914000,Yahoo Finance daily
2012-12-18,us,NOW,,6.202000141143799,6.599999904632568,6.202000141143799,6.526000022888184,4170000,Yahoo Finance daily
2012-12-19,us,NOW,,6.570000171661377,6.570000171661377,6.392000198364258,6.486000061035156,2197000,Yahoo Finance daily
2012-12-20,us,NOW,,6.455999851226807,6.570000171661377,6.449999809265137,6.565999984741211,1719500,Yahoo Finance daily
2012-12-21,us,NOW,,6.495999813079834,6.547999858856201,6.446000099182129,6.498000144958496,3113000,Yahoo Finance daily
2012-12-24,us,NOW,,6.447999954223633,6.513999938964844,6.179999828338623,6.331999778747559,3377000,Yahoo Finance daily
2012-12-26,us,NOW,,6.168000221252441,6.188000202178955,5.877999782562256,5.989999771118164,17152000,Yahoo Finance daily
2012-12-27,us,NOW,,5.8979997634887695,5.998000144958496,5.849999904632568,5.90399980545044,6174500,Yahoo Finance daily
2012-12-28,us,NOW,,5.831999778747559,5.895999908447266,5.78000020980835,5.809999942779541,5535000,Yahoo Finance daily
2012-12-31,us,NOW,,5.788000106811523,6.050000190734863,5.78000020980835,6.00600004196167,6236500,Yahoo Finance daily
2013-01-02,us,NOW,,6.150000095367432,6.150000095367432,5.835999965667725,6.039999961853027,7627500,Yahoo Finance daily
2013-01-03,us,NOW,,6.019999980926514,6.079999923706055,5.881999969482422,5.938000202178955,4315500,Yahoo Finance daily
2013-01-04,us,NOW,,5.960000038146973,5.9679999351501465,5.791999816894531,5.803999900817871,5172000,Yahoo Finance daily
2013-01-07,us,NOW,,5.708000183105469,5.820000171661377,5.40399980545044,5.4720001220703125,12585000,Yahoo Finance daily
2013-01-08,us,NOW,,5.4720001220703125,5.521999835968018,5.122000217437744,5.239999771118164,14134000,Yahoo Finance daily
2013-01-09,us,NOW,,5.269999980926514,5.334000110626221,5.107999801635742,5.27400016784668,7152000,Yahoo Finance daily
2013-01-10,us,NOW,,5.289999961853027,5.323999881744385,5.230000019073486,5.291999816894531,3456000,Yahoo Finance daily
2013-01-11,us,NOW,,5.320000171661377,5.5,5.291999816894531,5.492000102996826,5669000,Yahoo Finance daily
2013-01-14,us,NOW,,5.443999767303467,5.455999851226807,5.188000202178955,5.214000225067139,5235500,Yahoo Finance daily
2013-01-15,us,NOW,,5.208000183105469,5.495999813079834,5.118000030517578,5.443999767303467,6195500,Yahoo Finance daily
2013-01-16,us,NOW,,5.446000099182129,5.495999813079834,5.369999885559082,5.4679999351501465,3990000,Yahoo Finance daily
2013-01-17,us,NOW,,5.484000205993652,5.556000232696533,5.449999809265137,5.519999980926514,4765500,Yahoo Finance daily
2013-01-18,us,NOW,,5.50600004196167,5.550000190734863,5.432000160217285,5.480000019073486,1960000,Yahoo Finance daily
2013-01-22,us,NOW,,5.432000160217285,5.544000148773193,5.366000175476074,5.52400016784668,4528500,Yahoo Finance daily
2013-01-23,us,NOW,,5.51200008392334,5.602000236511231,5.489999771118164,5.585999965667725,3008000,Yahoo Finance daily
2013-01-24,us,NOW,,5.527999877929688,5.918000221252441,5.400000095367432,5.90399980545044,8650500,Yahoo Finance daily
2013-01-25,us,NOW,,5.9079999923706055,6.300000190734863,5.877999782562256,6.21999979019165,7647000,Yahoo Finance daily
2013-01-28,us,NOW,,6.176000118255615,6.294000148773193,6.144000053405762,6.25,4724500,Yahoo Finance daily
2013-01-29,us,NOW,,6.176000118255615,6.245999813079834,5.980000019073486,6.039999961853027,5555000,Yahoo Finance daily
2013-01-30,us,NOW,,6.013999938964844,6.099999904632568,5.714000225067139,5.794000148773193,12510000,Yahoo Finance daily
2013-01-31,us,NOW,,5.550000190734863,6.099999904632568,5.53000020980835,5.544000148773193,17697000,Yahoo Finance daily
2013-02-01,us,NOW,,5.265999794006348,5.76800012588501,5.142000198364258,5.613999843597412,41217000,Yahoo Finance daily
2013-02-04,us,NOW,,5.599999904632568,5.829999923706055,5.539999961853027,5.791999816894531,8251500,Yahoo Finance daily
2013-02-05,us,NOW,,5.78000020980835,5.984000205993652,5.7220001220703125,5.955999851226807,9548500,Yahoo Finance daily
2013-02-06,us,NOW,,5.872000217437744,5.958000183105469,5.872000217437744,5.943999767303467,3787000,Yahoo Finance daily
2013-02-07,us,NOW,,5.883999824523926,5.889999866485596,5.716000080108643,5.883999824523926,5330000,Yahoo Finance daily
2013-02-08,us,NOW,,5.869999885559082,5.966000080108643,5.8480000495910645,5.966000080108643,5106500,Yahoo Finance daily
2013-02-11,us,NOW,,5.949999809265137,5.949999809265137,5.829999923706055,5.909999847412109,3607000,Yahoo Finance daily
2013-02-12,us,NOW,,5.900000095367432,5.949999809265137,5.808000087738037,5.849999904632568,3396500,Yahoo Finance daily
2013-02-13,us,NOW,,5.809999942779541,5.978000164031982,5.739999771118164,5.955999851226807,13521000,Yahoo Finance daily
2013-02-14,us,NOW,,6.125999927520752,6.642000198364258,6.079999923706055,6.576000213623047,28439000,Yahoo Finance daily
2013-02-15,us,NOW,,6.599999904632568,6.823999881744385,6.4679999351501465,6.771999835968018,17566500,Yahoo Finance daily
2013-02-19,us,NOW,,6.73199987411499,6.866000175476074,6.572000026702881,6.691999912261963,16138500,Yahoo Finance daily
2013-02-20,us,NOW,,6.679999828338623,6.783999919891357,6.567999839782715,6.5920000076293945,7380000,Yahoo Finance daily
2013-02-21,us,NOW,,6.426000118255615,6.579999923706055,6.228000164031982,6.308000087738037,12862500,Yahoo Finance daily
2013-02-22,us,NOW,,6.289999961853027,6.771999835968018,6.2220001220703125,6.696000099182129,10644000,Yahoo Finance daily
2013-02-25,us,NOW,,6.696000099182129,6.75,6.400000095367432,6.434000015258789,6788000,Yahoo Finance daily
2013-02-26,us,NOW,,6.375999927520752,6.421999931335449,6.177999973297119,6.25,10627500,Yahoo Finance daily
2013-02-27,us,NOW,,6.317999839782715,6.72599983215332,6.251999855041504,6.440000057220459,9752000,Yahoo Finance daily
2013-02-28,us,NOW,,6.427999973297119,6.510000228881836,6.355999946594238,6.49399995803833,4687500,Yahoo Finance daily
2013-03-01,us,NOW,,6.412000179290772,6.602000236511231,6.3379998207092285,6.558000087738037,7811500,Yahoo Finance daily
2013-03-04,us,NOW,,6.498000144958496,6.75600004196167,6.495999813079834,6.736000061035156,6493500,Yahoo Finance daily
2013-03-05,us,NOW,,6.730000019073486,7.363999843597412,6.665999889373779,7.314000129699707,18568000,Yahoo Finance daily
2013-03-06,us,NOW,,7.282000064849853,7.49399995803833,7.144000053405762,7.389999866485596,12003500,Yahoo Finance daily
2013-03-07,us,NOW,,7.363999843597412,7.400000095367432,7.289999961853027,7.354000091552734,2861000,Yahoo Finance daily
2013-03-08,us,NOW,,7.389999866485596,7.389999866485596,7.265999794006348,7.331999778747559,3054000,Yahoo Finance daily
2013-03-11,us,NOW,,7.381999969482422,7.427999973297119,7.144000053405762,7.400000095367432,5925500,Yahoo Finance daily
2013-03-12,us,NOW,,7.400000095367432,7.644000053405762,7.400000095367432,7.565999984741211,9283500,Yahoo Finance daily
2013-03-13,us,NOW,,7.576000213623047,7.636000156402588,7.401999950408935,7.521999835968018,4983500,Yahoo Finance daily
2013-03-14,us,NOW,,7.565999984741211,7.573999881744385,7.314000129699707,7.489999771118164,5648000,Yahoo Finance daily
2013-03-15,us,NOW,,7.515999794006348,7.550000190734863,7.418000221252441,7.420000076293945,7758500,Yahoo Finance daily
2013-03-18,us,NOW,,7.328000068664551,7.328000068664551,7.079999923706055,7.125999927520752,7697000,Yahoo Finance daily
2013-03-19,us,NOW,,7.15399980545044,7.205999851226807,6.877999782562256,6.892000198364258,5937000,Yahoo Finance daily
2013-03-20,us,NOW,,7.072000026702881,7.0879998207092285,6.888000011444092,6.952000141143799,4389500,Yahoo Finance daily
2013-03-21,us,NOW,,6.920000076293945,7.234000205993652,6.888000011444092,7.199999809265137,7489000,Yahoo Finance daily
2013-03-22,us,NOW,,7.26200008392334,7.297999858856201,7.165999889373779,7.254000186920166,3616000,Yahoo Finance daily
2013-03-25,us,NOW,,7.276000022888184,7.302000045776367,7.1479997634887695,7.210000038146973,2365000,Yahoo Finance daily
2013-03-26,us,NOW,,7.269999980926514,7.276000022888184,7.136000156402588,7.228000164031982,2917500,Yahoo Finance daily
2013-03-27,us,NOW,,7.223999977111816,7.3379998207092285,7.185999870300293,7.242000102996826,3042500,Yahoo Finance daily
2013-03-28,us,NOW,,7.348000049591064,7.447999954223633,7.184000015258789,7.239999771118164,3720500,Yahoo Finance daily
2013-04-01,us,NOW,,7.239999771118164,7.297999858856201,6.955999851226807,7.046000003814697,6957000,Yahoo Finance daily
2013-04-02,us,NOW,,7.208000183105469,7.211999893188477,7.064000129699707,7.142000198364258,4198500,Yahoo Finance daily
2013-04-03,us,NOW,,7.127999782562256,7.162000179290772,6.789999961853027,6.906000137329102,5503000,Yahoo Finance daily
2013-04-04,us,NOW,,6.889999866485596,7.027999877929688,6.829999923706055,7.010000228881836,3605500,Yahoo Finance daily
2013-04-05,us,NOW,,6.855999946594238,7.039999961853027,6.855999946594238,7.033999919891357,2719000,Yahoo Finance daily
2013-04-08,us,NOW,,7.047999858856201,7.118000030517578,7.013999938964844,7.110000133514404,3581000,Yahoo Finance daily
2013-04-09,us,NOW,,7.102000236511231,7.22599983215332,7.058000087738037,7.151999950408936,3003000,Yahoo Finance daily
2013-04-10,us,NOW,,7.138000011444092,7.193999767303467,7.050000190734863,7.170000076293945,3824500,Yahoo Finance daily
2013-04-11,us,NOW,,7.133999824523926,7.159999847412109,6.9720001220703125,6.998000144958496,4334500,Yahoo Finance daily
2013-04-12,us,NOW,,7.010000228881836,7.113999843597412,6.952000141143799,7.038000106811523,5853500,Yahoo Finance daily
2013-04-15,us,NOW,,6.995999813079834,7.107999801635742,6.927999973297119,6.98799991607666,3702000,Yahoo Finance daily
2013-04-16,us,NOW,,7.007999897003174,7.388000011444092,6.989999771118164,7.269999980926514,7195500,Yahoo Finance daily
2013-04-17,us,NOW,,7.165999889373779,7.217999935150146,6.995999813079834,7.125999927520752,3468000,Yahoo Finance daily
2013-04-18,us,NOW,,7.162000179290772,7.302000045776367,7.0920000076293945,7.214000225067139,6240500,Yahoo Finance daily
2013-04-19,us,NOW,,7.26200008392334,7.570000171661377,7.222000122070312,7.257999897003174,8146000,Yahoo Finance daily
2013-04-22,us,NOW,,7.254000186920166,7.374000072479248,7.197999954223633,7.334000110626221,4515500,Yahoo Finance daily
2013-04-23,us,NOW,,7.400000095367432,7.676000118255615,7.369999885559082,7.466000080108643,9673000,Yahoo Finance daily
2013-04-24,us,NOW,,7.501999855041504,7.642000198364258,7.484000205993652,7.52400016784668,5799000,Yahoo Finance daily
2013-04-25,us,NOW,,8.092000007629395,8.79800033569336,7.952000141143799,8.678000450134277,30148500,Yahoo Finance daily
2013-04-26,us,NOW,,8.619999885559082,8.65999984741211,8.369999885559082,8.501999855041504,14038500,Yahoo Finance daily
2013-04-29,us,NOW,,8.479999542236328,8.60200023651123,8.413999557495117,8.418000221252441,5150500,Yahoo Finance daily
2013-04-30,us,NOW,,8.392000198364258,8.394000053405762,8.053999900817871,8.192000389099121,8899500,Yahoo Finance daily
2013-05-01,us,NOW,,8.149999618530273,8.154000282287598,7.730000019073486,7.760000228881836,14723000,Yahoo Finance daily
2013-05-02,us,NOW,,7.941999912261963,8.034000396728516,7.739999771118164,7.828000068664551,6560000,Yahoo Finance daily
2013-05-03,us,NOW,,7.946000099182129,8.199999809265137,7.73799991607666,8.1899995803833,7636000,Yahoo Finance daily
2013-05-06,us,NOW,,8.199999809265137,8.199999809265137,7.989999771118164,8.079999923706055,3617000,Yahoo Finance daily
2013-05-07,us,NOW,,8.116000175476074,8.116000175476074,7.802000045776367,7.903999805450439,9232000,Yahoo Finance daily
2013-05-08,us,NOW,,7.923999786376953,8.050000190734863,7.857999801635742,7.915999889373779,7202000,Yahoo Finance daily
2013-05-09,us,NOW,,7.8520002365112305,7.920000076293945,7.703999996185303,7.769999980926514,9475500,Yahoo Finance daily
2013-05-10,us,NOW,,7.708000183105469,8.043999671936035,7.6620001792907715,7.797999858856201,12636500,Yahoo Finance daily
2013-05-13,us,NOW,,7.843999862670898,8.027999877929688,7.809999942779541,7.894000053405762,7789000,Yahoo Finance daily
2013-05-14,us,NOW,,7.889999866485596,8.067999839782715,7.886000156402588,8.04800033569336,12491500,Yahoo Finance daily
2013-05-15,us,NOW,,8.015999794006348,8.196000099182129,8.005999565124512,8.105999946594238,10434500,Yahoo Finance daily
2013-05-16,us,NOW,,8.119999885559082,8.215999603271484,7.929999828338623,7.980000019073486,9337500,Yahoo Finance daily
2013-05-17,us,NOW,,7.949999809265137,8.095999717712402,7.888000011444092,8.07800006866455,7096000,Yahoo Finance daily
2013-05-20,us,NOW,,8.095999717712402,8.199999809265137,7.992000102996826,8.062000274658203,9145000,Yahoo Finance daily
2013-05-21,us,NOW,,8.026000022888184,8.07800006866455,7.8520002365112305,8.008000373840332,6030000,Yahoo Finance daily
2013-05-22,us,NOW,,8.01200008392334,8.196000099182129,7.619999885559082,7.684000015258789,6878000,Yahoo Finance daily
2013-05-23,us,NOW,,7.544000148773193,7.6479997634887695,7.300000190734863,7.53000020980835,5618000,Yahoo Finance daily
2013-05-24,us,NOW,,7.532000064849853,7.572000026702881,7.409999847412109,7.561999797821045,3357000,Yahoo Finance daily
2013-05-28,us,NOW,,7.714000225067139,7.776000022888184,7.449999809265137,7.461999893188477,3122000,Yahoo Finance daily
2013-05-29,us,NOW,,7.357999801635742,7.414000034332275,7.041999816894531,7.343999862670898,12416500,Yahoo Finance daily
2013-05-30,us,NOW,,7.368000030517578,7.533999919891357,7.322000026702881,7.354000091552734,6802000,Yahoo Finance daily
2013-05-31,us,NOW,,7.28000020980835,7.434000015258789,7.230000019073486,7.3520002365112305,5579500,Yahoo Finance daily
2013-06-03,us,NOW,,7.308000087738037,7.354000091552734,7.182000160217285,7.349999904632568,8723000,Yahoo Finance daily
2013-06-04,us,NOW,,7.377999782562256,7.461999893188477,7.177999973297119,7.217999935150146,4866000,Yahoo Finance daily
2013-06-05,us,NOW,,7.197999954223633,7.222000122070312,7.124000072479248,7.182000160217285,3919500,Yahoo Finance daily
2013-06-06,us,NOW,,7.1579999923706055,7.349999904632568,7.116000175476074,7.348000049591064,3229000,Yahoo Finance daily
2013-06-07,us,NOW,,7.400000095367432,7.84600019454956,7.322000026702881,7.831999778747559,7993000,Yahoo Finance daily
2013-06-10,us,NOW,,7.868000030517578,7.952000141143799,7.789999961853027,7.929999828338623,7660500,Yahoo Finance daily
2013-06-11,us,NOW,,7.888000011444092,8.04800033569336,7.78000020980835,7.989999771118164,14061000,Yahoo Finance daily
2013-06-12,us,NOW,,8.067999839782715,8.097999572753906,7.645999908447266,7.673999786376953,14387500,Yahoo Finance daily
2013-06-13,us,NOW,,7.665999889373779,7.665999889373779,7.179999828338623,7.585999965667725,10213500,Yahoo Finance daily
2013-06-14,us,NOW,,7.584000110626221,7.659999847412109,7.447999954223633,7.449999809265137,3229000,Yahoo Finance daily
2013-06-17,us,NOW,,7.552000045776367,7.636000156402588,7.492000102996826,7.607999801635742,4064500,Yahoo Finance daily
2013-06-18,us,NOW,,7.673999786376953,7.688000202178955,7.446000099182129,7.533999919891357,6799500,Yahoo Finance daily
2013-06-19,us,NOW,,7.556000232696533,7.921999931335449,7.556000232696533,7.73799991607666,8074500,Yahoo Finance daily
2013-06-20,us,NOW,,7.6620001792907715,7.703999996185303,7.556000232696533,7.665999889373779,5685500,Yahoo Finance daily
2013-06-21,us,NOW,,7.771999835968018,7.855999946594238,7.521999835968018,7.848000049591064,8385000,Yahoo Finance daily
2013-06-24,us,NOW,,7.783999919891357,8.003999710083008,7.624000072479248,7.886000156402588,8503000,Yahoo Finance daily
2013-06-25,us,NOW,,7.949999809265137,8.001999855041504,7.808000087738037,7.920000076293945,4529000,Yahoo Finance daily
2013-06-26,us,NOW,,8.0,8.199999809265137,7.964000225067139,8.178000450134277,8191500,Yahoo Finance daily
2013-06-27,us,NOW,,8.199999809265137,8.279999732971191,8.038000106811523,8.185999870300293,10508500,Yahoo Finance daily
2013-06-28,us,NOW,,8.17199993133545,8.270000457763672,8.041999816894531,8.07800006866455,23695000,Yahoo Finance daily
2013-07-01,us,NOW,,8.041999816894531,8.279999732971191,7.966000080108643,8.157999992370605,7522500,Yahoo Finance daily
2013-07-02,us,NOW,,8.157999992370605,8.258000373840332,8.105999946594238,8.241999626159668,5182500,Yahoo Finance daily
2013-07-03,us,NOW,,8.185999870300293,8.36400032043457,8.185999870300293,8.347999572753906,5075500,Yahoo Finance daily
2013-07-05,us,NOW,,8.354000091552734,8.668000221252441,8.336000442504883,8.661999702453613,6969500,Yahoo Finance daily
2013-07-08,us,NOW,,8.628000259399414,8.800000190734863,8.557999610900879,8.574000358581543,7701500,Yahoo Finance daily
2013-07-09,us,NOW,,8.609999656677246,8.6899995803833,8.435999870300293,8.657999992370605,5601500,Yahoo Finance daily
2013-07-10,us,NOW,,8.595999717712402,8.800000190734863,8.57800006866455,8.694000244140625,4740500,Yahoo Finance daily
2013-07-11,us,NOW,,8.803999900817871,8.961999893188477,8.779999732971191,8.88599967956543,9198000,Yahoo Finance daily
2013-07-12,us,NOW,,8.968000411987305,9.30799961090088,8.96399974822998,9.092000007629396,16705500,Yahoo Finance daily
2013-07-15,us,NOW,,9.086000442504885,9.184000015258787,8.991999626159668,9.052000045776367,4799500,Yahoo Finance daily
2013-07-16,us,NOW,,9.062000274658203,9.076000213623049,8.781999588012695,8.79800033569336,9442000,Yahoo Finance daily
2013-07-17,us,NOW,,8.871999740600586,8.923999786376953,8.739999771118164,8.746000289916992,5676500,Yahoo Finance daily
2013-07-18,us,NOW,,8.746000289916992,9.013999938964844,8.706000328063965,8.968000411987305,6792500,Yahoo Finance daily
2013-07-19,us,NOW,,8.90999984741211,8.90999984741211,8.767999649047852,8.777999877929688,3591000,Yahoo Finance daily
2013-07-22,us,NOW,,8.800000190734863,8.802000045776367,8.723999977111816,8.765999794006348,3935500,Yahoo Finance daily
2013-07-23,us,NOW,,8.800000190734863,8.800000190734863,8.682000160217285,8.704000473022461,3354000,Yahoo Finance daily
2013-07-24,us,NOW,,8.789999961853027,8.98799991607666,8.789999961853027,8.907999992370605,5339000,Yahoo Finance daily
2013-07-25,us,NOW,,8.894000053405762,9.11400032043457,8.894000053405762,9.076000213623049,4037500,Yahoo Finance daily
2013-07-26,us,NOW,,9.017999649047852,9.05799961090088,8.8100004196167,8.82800006866455,3556000,Yahoo Finance daily
2013-07-29,us,NOW,,8.819999694824219,8.923999786376953,8.720000267028809,8.75,667000,Yahoo Finance daily
2013-07-30,us,NOW,,8.75,8.781999588012695,8.57800006866455,8.642000198364258,5305500,Yahoo Finance daily
2013-07-31,us,NOW,,8.657999992370605,8.781999588012695,8.631999969482422,8.715999603271484,8214500,Yahoo Finance daily
2013-08-01,us,NOW,,9.218000411987305,9.486000061035156,8.513999938964844,9.279999732971191,24632500,Yahoo Finance daily
2013-08-02,us,NOW,,9.119999885559082,9.199999809265137,9.038000106811523,9.12399959564209,19558000,Yahoo Finance daily
2013-08-05,us,NOW,,9.071999549865724,9.071999549865724,8.781999588012695,8.802000045776367,5734500,Yahoo Finance daily
2013-08-06,us,NOW,,8.699999809265137,8.736000061035156,8.38599967956543,8.460000038146973,10112000,Yahoo Finance daily
2013-08-07,us,NOW,,8.447999954223633,8.461999893188477,8.270000457763672,8.32800006866455,6857500,Yahoo Finance daily
2013-08-08,us,NOW,,8.342000007629395,8.576000213623047,8.265999794006348,8.53600025177002,4644500,Yahoo Finance daily
2013-08-09,us,NOW,,8.520000457763672,8.592000007629395,8.434000015258789,8.498000144958496,5616500,Yahoo Finance daily
2013-08-12,us,NOW,,8.380000114440918,8.600000381469727,8.354000091552734,8.411999702453613,4822500,Yahoo Finance daily
2013-08-13,us,NOW,,8.432000160217285,8.432000160217285,8.270000457763672,8.317999839782715,3453500,Yahoo Finance daily
2013-08-14,us,NOW,,8.317999839782715,8.711999893188477,8.305999755859375,8.70199966430664,8562000,Yahoo Finance daily
2013-08-15,us,NOW,,8.583999633789062,8.722000122070312,8.53600025177002,8.722000122070312,9454500,Yahoo Finance daily
2013-08-16,us,NOW,,8.73799991607666,8.92199993133545,8.663999557495117,8.894000053405762,11455500,Yahoo Finance daily
2013-08-19,us,NOW,,8.869999885559082,8.87600040435791,8.732000350952148,8.776000022888184,8737000,Yahoo Finance daily
2013-08-20,us,NOW,,8.729999542236328,8.92199993133545,8.704000473022461,8.895999908447266,4470500,Yahoo Finance daily
2013-08-21,us,NOW,,8.84000015258789,9.206000328063965,8.803999900817871,9.092000007629396,17636000,Yahoo Finance daily
2013-08-22,us,NOW,,9.027999877929688,9.31999969482422,9.008000373840332,9.112000465393066,9074000,Yahoo Finance daily
2013-08-23,us,NOW,,9.09000015258789,9.253999710083008,9.09000015258789,9.14799976348877,8938500,Yahoo Finance daily
2013-08-26,us,NOW,,9.163999557495115,9.565999984741213,9.116000175476074,9.470000267028809,11237500,Yahoo Finance daily
2013-08-27,us,NOW,,9.343999862670898,9.343999862670898,9.121999740600586,9.215999603271484,8642500,Yahoo Finance daily
2013-08-28,us,NOW,,9.291999816894531,9.366000175476074,9.173999786376951,9.28600025177002,5134000,Yahoo Finance daily
2013-08-29,us,NOW,,9.184000015258787,9.406000137329102,9.18000030517578,9.399999618530272,3834500,Yahoo Finance daily
2013-08-30,us,NOW,,9.380000114440918,9.40999984741211,9.196000099182127,9.37600040435791,10900000,Yahoo Finance daily
2013-09-03,us,NOW,,9.420000076293944,9.527999877929688,9.281999588012695,9.380000114440918,9656500,Yahoo Finance daily
2013-09-04,us,NOW,,9.520000457763672,9.520000457763672,9.223999977111816,9.4399995803833,6065500,Yahoo Finance daily
2013-09-05,us,NOW,,9.449999809265137,9.618000030517578,9.359999656677246,9.520000457763672,6255500,Yahoo Finance daily
2013-09-06,us,NOW,,9.562000274658203,9.600000381469728,9.303999900817873,9.390000343322754,9901500,Yahoo Finance daily
2013-09-09,us,NOW,,9.404000282287598,9.894000053405762,9.321999549865724,9.82800006866455,9007500,Yahoo Finance daily
2013-09-10,us,NOW,,9.859999656677246,9.994000434875488,9.829999923706056,9.97599983215332,4636000,Yahoo Finance daily
2013-09-11,us,NOW,,9.972000122070312,10.053999900817873,9.90999984741211,9.977999687194824,5925500,Yahoo Finance daily
2013-09-12,us,NOW,,10.0,10.06999969482422,9.881999969482422,9.890000343322754,6232000,Yahoo Finance daily
2013-09-13,us,NOW,,9.887999534606934,9.90999984741211,9.468000411987305,9.758000373840332,8335500,Yahoo Finance daily
2013-09-16,us,NOW,,9.791999816894531,9.970000267028809,9.644000053405762,9.75,6618000,Yahoo Finance daily
2013-09-17,us,NOW,,9.723999977111816,9.881999969482422,9.723999977111816,9.868000030517578,7274000,Yahoo Finance daily
2013-09-18,us,NOW,,10.133999824523926,10.329999923706056,10.088000297546388,10.244000434875488,10927500,Yahoo Finance daily
2013-09-19,us,NOW,,10.279999732971191,10.350000381469728,10.215999603271484,10.314000129699709,4951000,Yahoo Finance daily
2013-09-20,us,NOW,,10.326000213623049,10.45199966430664,10.251999855041504,10.446000099182127,19375500,Yahoo Finance daily
2013-09-23,us,NOW,,10.399999618530272,10.477999687194824,10.300000190734863,10.36400032043457,7072000,Yahoo Finance daily
2013-09-24,us,NOW,,10.343999862670898,10.621999740600586,10.314000129699709,10.517999649047852,5322000,Yahoo Finance daily
2013-09-25,us,NOW,,10.53600025177002,10.621999740600586,10.435999870300291,10.470000267028809,5049500,Yahoo Finance daily
2013-09-26,us,NOW,,10.515999794006348,10.555999755859377,10.425999641418455,10.477999687194824,5737000,Yahoo Finance daily
2013-09-27,us,NOW,,10.48799991607666,10.600000381469728,10.472000122070312,10.503999710083008,4192000,Yahoo Finance daily
2013-09-30,us,NOW,,10.420000076293944,10.468000411987305,10.234000205993652,10.390000343322754,6915500,Yahoo Finance daily
2013-10-01,us,NOW,,10.31999969482422,10.378000259399414,10.121999740600586,10.29800033569336,6443000,Yahoo Finance daily
2013-10-02,us,NOW,,10.270000457763672,10.484000205993652,10.244000434875488,10.45400047302246,5791000,Yahoo Finance daily
2013-10-03,us,NOW,,10.477999687194824,10.579999923706056,10.312000274658203,10.43000030517578,7564000,Yahoo Finance daily
2013-10-04,us,NOW,,10.618000030517578,11.092000007629396,10.562000274658203,10.88599967956543,8444000,Yahoo Finance daily
2013-10-07,us,NOW,,10.85200023651123,11.092000007629396,10.628000259399414,10.649999618530272,6178500,Yahoo Finance daily
2013-10-08,us,NOW,,10.612000465393066,10.612000465393066,9.527999877929688,9.781999588012695,21291000,Yahoo Finance daily
2013-10-09,us,NOW,,9.784000396728516,9.815999984741213,9.473999977111816,9.616000175476074,7915500,Yahoo Finance daily
2013-10-10,us,NOW,,9.8100004196167,10.36400032043457,9.739999771118164,10.31999969482422,7112000,Yahoo Finance daily
2013-10-11,us,NOW,,10.329999923706056,10.378000259399414,10.175999641418455,10.317999839782717,3634000,Yahoo Finance daily
2013-10-14,us,NOW,,10.236000061035156,10.579999923706056,10.154000282287598,10.380000114440918,3582500,Yahoo Finance daily
2013-10-15,us,NOW,,10.383999824523926,10.383999824523926,9.935999870300291,9.937999725341797,5403500,Yahoo Finance daily
2013-10-16,us,NOW,,10.022000312805176,10.460000038146973,10.008000373840332,10.369999885559082,6024500,Yahoo Finance daily
2013-10-17,us,NOW,,10.314000129699709,10.399999618530272,10.175999641418455,10.342000007629396,6627000,Yahoo Finance daily
2013-10-18,us,NOW,,10.43000030517578,10.47599983215332,10.248000144958496,10.366000175476074,3143500,Yahoo Finance daily
2013-10-21,us,NOW,,10.53600025177002,10.80799961090088,10.53600025177002,10.776000022888184,5543500,Yahoo Finance daily
2013-10-22,us,NOW,,10.843999862670898,10.913999557495115,10.517999649047852,10.815999984741213,6409000,Yahoo Finance daily
2013-10-23,us,NOW,,10.800000190734863,10.800000190734863,10.5,10.592000007629396,7091500,Yahoo Finance daily
2013-10-24,us,NOW,,10.949999809265137,11.682000160217283,10.949999809265137,11.673999786376951,15160500,Yahoo Finance daily
2013-10-25,us,NOW,,11.510000228881836,11.5600004196167,11.210000038146973,11.338000297546388,10254500,Yahoo Finance daily
2013-10-28,us,NOW,,11.31999969482422,11.387999534606934,10.935999870300291,10.968000411987305,5604000,Yahoo Finance daily
2013-10-29,us,NOW,,10.961999893188477,11.097999572753906,10.78600025177002,10.8100004196167,5897000,Yahoo Finance daily
2013-10-30,us,NOW,,10.805999755859377,11.034000396728516,10.739999771118164,10.81999969482422,5290500,Yahoo Finance daily
2013-10-31,us,NOW,,10.833999633789062,10.984000205993652,10.564000129699709,10.92199993133545,4861000,Yahoo Finance daily
2013-11-01,us,NOW,,10.843999862670898,10.902000427246094,10.60200023651123,10.76200008392334,6089500,Yahoo Finance daily
2013-11-04,us,NOW,,10.82800006866455,10.881999969482422,10.741999626159668,10.83199977874756,5292500,Yahoo Finance daily
2013-11-05,us,NOW,,10.83199977874756,11.272000312805176,10.784000396728516,11.071999549865724,6473500,Yahoo Finance daily
2013-11-06,us,NOW,,11.005999565124512,11.06999969482422,10.359999656677246,10.746000289916992,12778000,Yahoo Finance daily
2013-11-07,us,NOW,,10.82800006866455,10.883999824523926,10.303999900817873,10.357999801635742,18835000,Yahoo Finance daily
2013-11-08,us,NOW,,10.305999755859377,10.597999572753906,10.239999771118164,10.371999740600586,9815000,Yahoo Finance daily
2013-11-11,us,NOW,,10.36400032043457,10.498000144958496,10.342000007629396,10.392000198364258,5706000,Yahoo Finance daily
2013-11-12,us,NOW,,10.399999618530272,10.562000274658203,10.300000190734863,10.470000267028809,6946500,Yahoo Finance daily
2013-11-13,us,NOW,,10.399999618530272,10.71399974822998,10.30799961090088,10.708000183105469,5725000,Yahoo Finance daily
2013-11-14,us,NOW,,10.673999786376951,10.772000312805176,10.482000350952148,10.52400016784668,5631500,Yahoo Finance daily
2013-11-15,us,NOW,,10.609999656677246,10.697999954223633,10.526000022888184,10.619999885559082,3829000,Yahoo Finance daily
2013-11-18,us,NOW,,10.654000282287598,10.736000061035156,10.28600025177002,10.33199977874756,5650500,Yahoo Finance daily
2013-11-19,us,NOW,,10.402000427246094,10.550000190734863,10.215999603271484,10.369999885559082,11637000,Yahoo Finance daily
2013-11-20,us,NOW,,10.368000030517578,10.503999710083008,10.107999801635742,10.229999542236328,7285000,Yahoo Finance daily
2013-11-21,us,NOW,,10.32800006866455,10.57800006866455,10.227999687194824,10.567999839782717,6136500,Yahoo Finance daily
2013-11-22,us,NOW,,10.649999618530272,11.163999557495115,10.567999839782717,11.083999633789062,12856500,Yahoo Finance daily
2013-11-25,us,NOW,,11.097999572753906,11.100000381469728,10.434000015258787,10.522000312805176,9165000,Yahoo Finance daily
2013-11-26,us,NOW,,10.644000053405762,11.01200008392334,10.527999877929688,10.899999618530272,37991500,Yahoo Finance daily
2013-11-27,us,NOW,,10.890000343322754,10.892000198364258,10.68000030517578,10.751999855041504,3703000,Yahoo Finance daily
2013-11-29,us,NOW,,10.791999816894531,10.887999534606934,10.484000205993652,10.621999740600586,2949500,Yahoo Finance daily
2013-12-02,us,NOW,,10.640000343322754,10.649999618530272,10.380000114440918,10.468000411987305,5603000,Yahoo Finance daily
2013-12-03,us,NOW,,10.411999702453612,10.505999565124512,10.343999862670898,10.395999908447266,3191500,Yahoo Finance daily
2013-12-04,us,NOW,,10.303999900817873,10.663999557495115,10.303999900817873,10.640000343322754,6770000,Yahoo Finance daily
2013-12-05,us,NOW,,10.592000007629396,10.812000274658203,10.498000144958496,10.697999954223633,5469000,Yahoo Finance daily
2013-12-06,us,NOW,,10.82800006866455,10.857999801635742,10.505999565124512,10.541999816894531,4307000,Yahoo Finance daily
2013-12-09,us,NOW,,10.595999717712402,10.600000381469728,10.244000434875488,10.326000213623049,8024500,Yahoo Finance daily
2013-12-10,us,NOW,,10.18000030517578,10.270000457763672,10.14799976348877,10.17199993133545,6501000,Yahoo Finance daily
2013-12-11,us,NOW,,10.197999954223633,10.236000061035156,9.862000465393066,9.869999885559082,9069500,Yahoo Finance daily
2013-12-12,us,NOW,,9.869999885559082,9.91800022125244,9.644000053405762,9.800000190734863,11327500,Yahoo Finance daily
2013-12-13,us,NOW,,9.89799976348877,10.16800022125244,9.850000381469728,10.105999946594238,9643000,Yahoo Finance daily
2013-12-16,us,NOW,,10.20400047302246,10.39799976348877,10.12399959564209,10.27400016784668,9211500,Yahoo Finance daily
2013-12-17,us,NOW,,10.220000267028809,10.321999549865724,10.156000137329102,10.28600025177002,6191500,Yahoo Finance daily
2013-12-18,us,NOW,,10.305999755859377,10.37600040435791,10.031999588012695,10.20199966430664,5524000,Yahoo Finance daily
2013-12-19,us,NOW,,10.166000366210938,10.3100004196167,10.029999732971191,10.16800022125244,5787500,Yahoo Finance daily
2013-12-20,us,NOW,,10.246000289916992,10.854000091552734,10.222000122070312,10.842000007629396,16004500,Yahoo Finance daily
2013-12-23,us,NOW,,10.949999809265137,11.16800022125244,10.925999641418455,11.04800033569336,7690500,Yahoo Finance daily
2013-12-24,us,NOW,,10.968000411987305,11.043999671936035,10.887999534606934,11.010000228881836,2176000,Yahoo Finance daily
2013-12-26,us,NOW,,10.98799991607666,11.026000022888184,10.906000137329102,11.013999938964844,2249500,Yahoo Finance daily
2013-12-27,us,NOW,,11.041999816894531,11.12600040435791,11.003999710083008,11.100000381469728,3031500,Yahoo Finance daily
2013-12-30,us,NOW,,11.105999946594238,11.133999824523926,11.04599952697754,11.10200023651123,3741500,Yahoo Finance daily
2013-12-31,us,NOW,,11.07800006866455,11.208000183105469,11.07800006866455,11.20199966430664,2114500,Yahoo Finance daily
2014-01-02,us,NOW,,11.11400032043457,11.342000007629396,11.029999732971191,11.137999534606934,4586500,Yahoo Finance daily
2014-01-03,us,NOW,,10.934000015258787,11.140000343322754,10.871999740600586,11.03600025177002,3340500,Yahoo Finance daily
2014-01-06,us,NOW,,11.020000457763672,11.293999671936035,11.020000457763672,11.145999908447266,5719000,Yahoo Finance daily
2014-01-07,us,NOW,,11.21399974822998,11.770000457763672,11.208000183105469,11.555999755859377,11531000,Yahoo Finance daily
2014-01-08,us,NOW,,11.652000427246094,11.815999984741213,11.510000228881836,11.57800006866455,7724000,Yahoo Finance daily
2014-01-09,us,NOW,,11.779999732971191,11.815999984741213,11.489999771118164,11.531999588012695,9000500,Yahoo Finance daily
2014-01-10,us,NOW,,11.604000091552734,11.899999618530272,11.501999855041504,11.87600040435791,6454000,Yahoo Finance daily
2014-01-13,us,NOW,,11.935999870300291,11.996000289916992,11.35200023651123,11.41800022125244,9893500,Yahoo Finance daily
2014-01-14,us,NOW,,11.489999771118164,11.607999801635742,11.289999961853027,11.526000022888184,7164500,Yahoo Finance daily
2014-01-15,us,NOW,,11.600000381469728,12.097999572753906,11.600000381469728,12.062000274658203,7652500,Yahoo Finance daily
2014-01-16,us,NOW,,12.0,12.446000099182127,11.937999725341797,12.378000259399414,7664500,Yahoo Finance daily
2014-01-17,us,NOW,,12.333999633789062,12.607999801635742,12.315999984741213,12.40999984741211,5995000,Yahoo Finance daily
2014-01-21,us,NOW,,12.447999954223633,12.553999900817873,12.130000114440918,12.15999984741211,8443000,Yahoo Finance daily
2014-01-22,us,NOW,,12.15999984741211,12.336000442504885,12.097999572753906,12.29599952697754,4661500,Yahoo Finance daily
2014-01-23,us,NOW,,12.218000411987305,12.496000289916992,12.130000114440918,12.491999626159668,3978000,Yahoo Finance daily
2014-01-24,us,NOW,,12.517999649047852,12.564000129699709,11.612000465393066,11.711999893188477,9754500,Yahoo Finance daily
2014-01-27,us,NOW,,11.812000274658203,11.833999633789062,11.21399974822998,11.600000381469728,12385000,Yahoo Finance daily
2014-01-28,us,NOW,,11.654000282287598,11.89799976348877,11.597999572753906,11.791999816894531,7637500,Yahoo Finance daily
2014-01-29,us,NOW,,11.637999534606934,11.644000053405762,11.288000106811523,11.520000457763672,9994500,Yahoo Finance daily
2014-01-30,us,NOW,,13.6899995803833,14.095999717712402,13.053999900817873,13.121999740600586,34607500,Yahoo Finance daily
2014-01-31,us,NOW,,12.79800033569336,12.937999725341797,12.461999893188477,12.685999870300291,16264000,Yahoo Finance daily
2014-02-03,us,NOW,,12.61400032043457,13.038000106811523,12.291999816894531,12.592000007629396,14710500,Yahoo Finance daily
2014-02-04,us,NOW,,12.722000122070312,12.925999641418455,12.628000259399414,12.829999923706056,11309500,Yahoo Finance daily
2014-02-05,us,NOW,,12.868000030517578,12.937999725341797,12.37399959564209,12.706000328063965,9967500,Yahoo Finance daily
2014-02-06,us,NOW,,12.736000061035156,12.781999588012695,12.39799976348877,12.529999732971191,7701000,Yahoo Finance daily
2014-02-07,us,NOW,,12.404000282287598,13.541999816894531,12.404000282287598,13.258000373840332,14821500,Yahoo Finance daily
2014-02-10,us,NOW,,13.19200038909912,13.215999603271484,13.041999816894531,13.16800022125244,7620000,Yahoo Finance daily
2014-02-11,us,NOW,,13.100000381469728,13.305999755859377,13.008000373840332,13.22599983215332,4310000,Yahoo Finance daily
2014-02-12,us,NOW,,13.236000061035156,13.368000030517578,13.10200023651123,13.23799991607666,4086000,Yahoo Finance daily
2014-02-13,us,NOW,,13.07800006866455,13.696000099182127,13.027999877929688,13.529999732971191,6058000,Yahoo Finance daily
2014-02-14,us,NOW,,13.510000228881836,13.600000381469728,13.333999633789062,13.505999565124512,4861500,Yahoo Finance daily
2014-02-18,us,NOW,,13.420000076293944,13.57800006866455,13.399999618530272,13.503999710083008,6338500,Yahoo Finance daily
2014-02-19,us,NOW,,13.456000328063965,13.491999626159668,13.20400047302246,13.350000381469728,4088500,Yahoo Finance daily
2014-02-20,us,NOW,,13.399999618530272,13.47599983215332,13.208000183105469,13.416000366210938,3951500,Yahoo Finance daily
2014-02-21,us,NOW,,13.489999771118164,14.220000267028809,13.446000099182127,13.855999946594238,11621000,Yahoo Finance daily
2014-02-24,us,NOW,,13.776000022888184,13.970000267028809,13.70199966430664,13.779999732971191,4652500,Yahoo Finance daily
2014-02-25,us,NOW,,13.800000190734863,13.859999656677246,13.562000274658203,13.751999855041504,4432000,Yahoo Finance daily
2014-02-26,us,NOW,,13.72599983215332,14.083999633789062,13.640000343322754,13.736000061035156,6889500,Yahoo Finance daily
2014-02-27,us,NOW,,13.784000396728516,14.359999656677246,13.784000396728516,14.02400016784668,10615500,Yahoo Finance daily
2014-02-28,us,NOW,,13.937999725341797,14.039999961853027,13.156000137329102,13.612000465393066,9022000,Yahoo Finance daily
2014-03-03,us,NOW,,13.355999946594238,13.595999717712402,13.116000175476074,13.59000015258789,8191000,Yahoo Finance daily
2014-03-04,us,NOW,,13.755999565124512,14.267999649047852,13.748000144958496,14.161999702453612,8904000,Yahoo Finance daily
2014-03-05,us,NOW,,14.144000053405762,14.291999816894531,13.88599967956543,14.005999565124512,6613000,Yahoo Finance daily
2014-03-06,us,NOW,,14.050000190734863,14.079999923706056,13.666000366210938,13.71399974822998,7253000,Yahoo Finance daily
2014-03-07,us,NOW,,13.850000381469728,13.86400032043457,13.251999855041504,13.428000450134276,6869000,Yahoo Finance daily
2014-03-10,us,NOW,,13.387999534606934,13.444000244140623,13.08199977874756,13.380000114440918,7649000,Yahoo Finance daily
2014-03-11,us,NOW,,13.435999870300291,13.63599967956543,13.246000289916992,13.387999534606934,6073500,Yahoo Finance daily
2014-03-12,us,NOW,,13.288000106811523,13.79800033569336,13.15999984741211,13.763999938964844,6118500,Yahoo Finance daily
2014-03-13,us,NOW,,13.857999801635742,13.881999969482422,13.20199966430664,13.54800033569336,6164500,Yahoo Finance daily
2014-03-14,us,NOW,,13.527999877929688,13.607999801635742,13.21399974822998,13.236000061035156,5753500,Yahoo Finance daily
2014-03-17,us,NOW,,13.359999656677246,13.593999862670898,13.270000457763672,13.39799976348877,3755500,Yahoo Finance daily
2014-03-18,us,NOW,,13.416000366210938,13.890000343322754,13.302000045776367,13.69200038909912,6671500,Yahoo Finance daily
2014-03-19,us,NOW,,13.69200038909912,13.777999877929688,13.399999618530272,13.48799991607666,4128500,Yahoo Finance daily
2014-03-20,us,NOW,,13.37399959564209,13.715999603271484,13.28600025177002,13.31999969482422,5548000,Yahoo Finance daily
2014-03-21,us,NOW,,13.32800006866455,13.32800006866455,12.505999565124512,12.51200008392334,14981000,Yahoo Finance daily
2014-03-24,us,NOW,,12.526000022888184,12.612000465393066,11.916000366210938,12.30799961090088,13823500,Yahoo Finance daily
2014-03-25,us,NOW,,12.359999656677246,12.449999809265137,11.513999938964844,11.842000007629396,16986500,Yahoo Finance daily
2014-03-26,us,NOW,,12.0,12.142000198364258,11.477999687194824,11.510000228881836,9463000,Yahoo Finance daily
2014-03-27,us,NOW,,11.4399995803833,11.850000381469728,11.027999877929688,11.802000045776367,15639500,Yahoo Finance daily
2014-03-28,us,NOW,,11.855999946594238,11.937999725341797,11.5600004196167,11.58199977874756,7632000,Yahoo Finance daily
2014-03-31,us,NOW,,11.675999641418455,11.989999771118164,11.571999549865724,11.984000205993652,9385500,Yahoo Finance daily
2014-04-01,us,NOW,,12.013999938964844,12.510000228881836,11.94200038909912,12.505999565124512,11270000,Yahoo Finance daily
2014-04-02,us,NOW,,12.645999908447266,12.791999816894531,12.100000381469728,12.253999710083008,8186000,Yahoo Finance daily
2014-04-03,us,NOW,,12.215999603271484,12.265999794006348,10.753999710083008,10.935999870300291,26421000,Yahoo Finance daily
2014-04-04,us,NOW,,11.100000381469728,11.15999984741211,10.37399959564209,10.46399974822998,29451000,Yahoo Finance daily
2014-04-07,us,NOW,,10.350000381469728,10.53600025177002,9.842000007629396,10.187999725341797,20992500,Yahoo Finance daily
2014-04-08,us,NOW,,10.241999626159668,10.449999809265137,10.052000045776367,10.17199993133545,41846500,Yahoo Finance daily
2014-04-09,us,NOW,,10.406000137329102,11.0,10.229999542236328,10.97599983215332,22472000,Yahoo Finance daily
2014-04-10,us,NOW,,10.947999954223633,10.977999687194824,9.968000411987305,10.12600040435791,20351500,Yahoo Finance daily
2014-04-11,us,NOW,,9.982000350952148,10.16800022125244,9.81999969482422,9.934000015258787,12821500,Yahoo Finance daily
2014-04-14,us,NOW,,10.02400016784668,10.227999687194824,9.760000228881836,9.93000030517578,10652500,Yahoo Finance daily
2014-04-15,us,NOW,,9.98799991607666,10.39799976348877,9.72599983215332,10.342000007629396,12688500,Yahoo Finance daily
2014-04-16,us,NOW,,10.423999786376951,10.70199966430664,10.1899995803833,10.657999992370604,16050500,Yahoo Finance daily
2014-04-17,us,NOW,,10.630000114440918,10.793999671936035,10.380000114440918,10.652000427246094,8580500,Yahoo Finance daily
2014-04-21,us,NOW,,10.420000076293944,10.673999786376951,10.260000228881836,10.630000114440918,9034500,Yahoo Finance daily
2014-04-22,us,NOW,,10.694000244140623,11.065999984741213,10.631999969482422,11.04599952697754,11646500,Yahoo Finance daily
2014-04-23,us,NOW,,11.017999649047852,11.029999732971191,10.503999710083008,10.61400032043457,16595000,Yahoo Finance daily
2014-04-24,us,NOW,,10.9399995803833,10.9399995803833,9.013999938964844,9.97599983215332,52203500,Yahoo Finance daily
2014-04-25,us,NOW,,9.91800022125244,9.972000122070312,9.407999992370604,9.446000099182127,22158000,Yahoo Finance daily
2014-04-28,us,NOW,,9.520000457763672,9.815999984741213,8.833999633789062,9.284000396728516,28737000,Yahoo Finance daily
2014-04-29,us,NOW,,9.279999732971191,10.083999633789062,9.279999732971191,9.833999633789062,20450000,Yahoo Finance daily
2014-04-30,us,NOW,,9.829999923706056,10.020000457763672,9.567999839782717,9.944000244140623,15420000,Yahoo Finance daily
2014-05-01,us,NOW,,9.850000381469728,10.607999801635742,9.803999900817873,10.095999717712402,15012000,Yahoo Finance daily
2014-05-02,us,NOW,,10.145999908447266,10.387999534606934,9.86400032043457,10.236000061035156,13267000,Yahoo Finance daily
2014-05-05,us,NOW,,10.112000465393066,10.447999954223633,9.96399974822998,10.444000244140623,12612500,Yahoo Finance daily
2014-05-06,us,NOW,,10.447999954223633,10.54800033569336,9.892000198364258,9.89799976348877,10998500,Yahoo Finance daily
2014-05-07,us,NOW,,9.928000450134276,9.947999954223633,9.105999946594238,9.411999702453612,30485000,Yahoo Finance daily
2014-05-08,us,NOW,,9.29800033569336,9.633999824523926,9.133999824523926,9.347999572753906,15326000,Yahoo Finance daily
2014-05-09,us,NOW,,9.300000190734863,9.505999565124512,9.173999786376951,9.291999816894531,12073000,Yahoo Finance daily
2014-05-12,us,NOW,,9.366000175476074,9.788000106811523,9.215999603271484,9.70199966430664,11045000,Yahoo Finance daily
2014-05-13,us,NOW,,9.656000137329102,9.800000190734863,9.461999893188477,9.465999603271484,9600500,Yahoo Finance daily
2014-05-14,us,NOW,,9.434000015258787,9.75,9.362000465393066,9.513999938964844,5978000,Yahoo Finance daily
2014-05-15,us,NOW,,9.437999725341797,9.607999801635742,9.19200038909912,9.564000129699709,10896000,Yahoo Finance daily
2014-05-16,us,NOW,,9.600000381469728,9.621999740600586,9.267999649047852,9.477999687194824,10581000,Yahoo Finance daily
2014-05-19,us,NOW,,9.435999870300291,9.78600025177002,9.359999656677246,9.68000030517578,8027000,Yahoo Finance daily
2014-05-20,us,NOW,,9.68000030517578,9.85200023651123,9.402000427246094,9.697999954223633,8583000,Yahoo Finance daily
2014-05-21,us,NOW,,9.72599983215332,9.88599967956543,9.539999961853027,9.673999786376951,5962500,Yahoo Finance daily
2014-05-22,us,NOW,,9.685999870300291,10.161999702453612,9.600000381469728,10.088000297546388,8580000,Yahoo Finance daily
2014-05-23,us,NOW,,10.100000381469728,10.592000007629396,9.972000122070312,10.505999565124512,13121000,Yahoo Finance daily
2014-05-27,us,NOW,,10.550000190734863,10.890000343322754,10.520000457763672,10.859999656677246,15654500,Yahoo Finance daily
2014-05-28,us,NOW,,10.842000007629396,10.87600040435791,10.425999641418455,10.76200008392334,15139500,Yahoo Finance daily
2014-05-29,us,NOW,,10.79599952697754,10.956000328063965,10.70400047302246,10.878000259399414,8233500,Yahoo Finance daily
2014-05-30,us,NOW,,10.812000274658203,10.871999740600586,10.302000045776367,10.461999893188477,11925500,Yahoo Finance daily
2014-06-02,us,NOW,,10.465999603271484,10.468000411987305,9.892000198364258,10.052000045776367,15345500,Yahoo Finance daily
2014-06-03,us,NOW,,9.979999542236328,10.149999618530272,9.734000205993652,10.08199977874756,14271000,Yahoo Finance daily
2014-06-04,us,NOW,,10.020000457763672,10.284000396728516,9.855999946594238,10.277999877929688,6993500,Yahoo Finance daily
2014-06-05,us,NOW,,10.28600025177002,10.79599952697754,10.157999992370604,10.777999877929688,14417500,Yahoo Finance daily
2014-06-06,us,NOW,,10.814000129699709,11.39799976348877,10.781999588012695,11.321999549865724,17466500,Yahoo Finance daily
2014-06-09,us,NOW,,11.354000091552734,11.498000144958496,11.128000259399414,11.187999725341797,7773500,Yahoo Finance daily
2014-06-10,us,NOW,,11.175999641418455,11.369999885559082,10.989999771118164,11.194000244140623,6176000,Yahoo Finance daily
2014-06-11,us,NOW,,11.12600040435791,11.56999969482422,11.043999671936035,11.5600004196167,8786500,Yahoo Finance daily
2014-06-12,us,NOW,,11.446000099182127,11.779999732971191,11.248000144958496,11.496000289916992,11892000,Yahoo Finance daily
2014-06-13,us,NOW,,11.51200008392334,11.842000007629396,11.392000198364258,11.84000015258789,9345500,Yahoo Finance daily
2014-06-16,us,NOW,,11.791999816894531,12.02400016784668,11.67199993133545,11.991999626159668,8151000,Yahoo Finance daily
2014-06-17,us,NOW,,11.95199966430664,12.086000442504885,11.77400016784668,12.0,8937000,Yahoo Finance daily
2014-06-18,us,NOW,,12.052000045776367,12.142000198364258,11.850000381469728,12.104000091552734,6333000,Yahoo Finance daily
2014-06-19,us,NOW,,12.149999618530272,12.149999618530272,11.842000007629396,12.003999710083008,5183500,Yahoo Finance daily
2014-06-20,us,NOW,,12.039999961853027,12.104000091552734,11.817999839782717,12.093999862670898,6072000,Yahoo Finance daily
2014-06-23,us,NOW,,12.013999938964844,12.260000228881836,11.904000282287598,12.246000289916992,7713500,Yahoo Finance daily
2014-06-24,us,NOW,,12.187999725341797,12.562000274658203,12.187999725341797,12.218000411987305,6767000,Yahoo Finance daily
2014-06-25,us,NOW,,12.178000450134276,12.404000282287598,12.119999885559082,12.38599967956543,4426500,Yahoo Finance daily
2014-06-26,us,NOW,,12.355999946594238,12.435999870300291,12.166000366210938,12.326000213623049,6179500,Yahoo Finance daily
2014-06-27,us,NOW,,12.302000045776367,12.501999855041504,12.130000114440918,12.279999732971191,22328500,Yahoo Finance daily
2014-06-30,us,NOW,,12.279999732971191,12.468000411987305,12.279999732971191,12.392000198364258,7607500,Yahoo Finance daily
2014-07-01,us,NOW,,12.472000122070312,12.92199993133545,12.437999725341797,12.715999603271484,12030500,Yahoo Finance daily
2014-07-02,us,NOW,,12.633999824523926,12.696000099182127,12.34000015258789,12.423999786376951,5965500,Yahoo Finance daily
2014-07-03,us,NOW,,12.465999603271484,12.465999603271484,12.23799991607666,12.31999969482422,2990500,Yahoo Finance daily
2014-07-07,us,NOW,,12.265999794006348,12.342000007629396,11.934000015258787,11.986000061035156,6502000,Yahoo Finance daily
2014-07-08,us,NOW,,11.928000450134276,11.946000099182127,11.104000091552734,11.175999641418455,16206000,Yahoo Finance daily
2014-07-09,us,NOW,,11.234000205993652,11.37600040435791,11.062000274658203,11.32800006866455,6247000,Yahoo Finance daily
2014-07-10,us,NOW,,11.13599967956543,11.65999984741211,10.824000358581545,11.5,7558500,Yahoo Finance daily
2014-07-11,us,NOW,,11.517999649047852,11.604000091552734,11.258000373840332,11.404000282287598,5129000,Yahoo Finance daily
2014-07-14,us,NOW,,11.543999671936035,11.800000190734863,11.416000366210938,11.510000228881836,5339000,Yahoo Finance daily
2014-07-15,us,NOW,,11.534000396728516,11.630000114440918,11.154000282287598,11.20400047302246,7164000,Yahoo Finance daily
2014-07-16,us,NOW,,11.329999923706056,11.432000160217283,11.12399959564209,11.263999938964844,5873500,Yahoo Finance daily
2014-07-17,us,NOW,,11.1899995803833,11.444000244140623,11.1899995803833,11.321999549865724,11233500,Yahoo Finance daily
2014-07-18,us,NOW,,11.387999534606934,11.682000160217283,11.369999885559082,11.503999710083008,7290000,Yahoo Finance daily
2014-07-21,us,NOW,,11.406000137329102,11.80799961090088,11.338000297546388,11.776000022888184,7542500,Yahoo Finance daily
2014-07-22,us,NOW,,11.855999946594238,12.062000274658203,11.67199993133545,11.710000038146973,6791000,Yahoo Finance daily
2014-07-23,us,NOW,,11.815999984741213,11.833999633789062,11.574000358581545,11.645999908447266,4881500,Yahoo Finance daily
2014-07-24,us,NOW,,11.673999786376951,11.923999786376951,11.62399959564209,11.88599967956543,5843500,Yahoo Finance daily
2014-07-25,us,NOW,,11.803999900817873,11.996000289916992,11.70400047302246,11.946000099182127,3270000,Yahoo Finance daily
2014-07-28,us,NOW,,11.911999702453612,11.994000434875488,11.529999732971191,11.666000366210938,10018000,Yahoo Finance daily
2014-07-29,us,NOW,,11.654000282287598,11.970000267028809,11.576000213623049,11.9399995803833,6110000,Yahoo Finance daily
2014-07-30,us,NOW,,12.0,12.633999824523926,11.944000244140623,12.527999877929688,16880500,Yahoo Finance daily
2014-07-31,us,NOW,,11.473999977111816,12.289999961853027,11.411999702453612,11.760000228881836,15022500,Yahoo Finance daily
2014-08-01,us,NOW,,11.670000076293944,11.8100004196167,11.206000328063965,11.333999633789062,9799000,Yahoo Finance daily
2014-08-04,us,NOW,,11.366000175476074,11.586000442504885,11.293999671936035,11.541999816894531,5980000,Yahoo Finance daily
2014-08-05,us,NOW,,11.411999702453612,11.621999740600586,11.284000396728516,11.326000213623049,5830000,Yahoo Finance daily
2014-08-06,us,NOW,,11.208000183105469,11.338000297546388,11.038000106811523,11.074000358581545,8087500,Yahoo Finance daily
2014-08-07,us,NOW,,11.154000282287598,11.232000350952148,10.977999687194824,11.071999549865724,5180000,Yahoo Finance daily
2014-08-08,us,NOW,,11.154000282287598,11.154000282287598,10.902000427246094,11.0,5289500,Yahoo Finance daily
2014-08-11,us,NOW,,11.08199977874756,11.21399974822998,10.977999687194824,11.197999954223633,3976500,Yahoo Finance daily
2014-08-12,us,NOW,,11.199999809265137,11.253999710083008,10.869999885559082,10.92199993133545,4642000,Yahoo Finance daily
2014-08-13,us,NOW,,11.0,11.07800006866455,10.906000137329102,11.062000274658203,7197000,Yahoo Finance daily
2014-08-14,us,NOW,,11.08199977874756,11.093999862670898,10.911999702453612,10.977999687194824,3628500,Yahoo Finance daily
2014-08-15,us,NOW,,11.020000457763672,11.092000007629396,10.821999549865724,10.9399995803833,4687000,Yahoo Finance daily
2014-08-18,us,NOW,,11.06999969482422,11.220000267028809,11.043999671936035,11.199999809265137,7252500,Yahoo Finance daily
2014-08-19,us,NOW,,11.227999687194824,11.555999755859377,11.227999687194824,11.541999816894531,8704000,Yahoo Finance daily
2014-08-20,us,NOW,,11.562000274658203,11.70400047302246,11.428000450134276,11.505999565124512,6231000,Yahoo Finance daily
2014-08-21,us,NOW,,11.527999877929688,11.586000442504885,11.314000129699709,11.380000114440918,4167500,Yahoo Finance daily
2014-08-22,us,NOW,,11.394000053405762,12.079999923706056,11.324000358581545,11.923999786376951,10406000,Yahoo Finance daily
2014-08-25,us,NOW,,12.0,12.0,11.694000244140623,11.763999938964844,4971500,Yahoo Finance daily
2014-08-26,us,NOW,,11.776000022888184,11.998000144958496,11.644000053405762,11.946000099182127,5195000,Yahoo Finance daily
2014-08-27,us,NOW,,12.022000312805176,12.133999824523926,11.911999702453612,12.015999794006348,6731500,Yahoo Finance daily
2014-08-28,us,NOW,,12.0,12.0,11.871999740600586,11.906000137329102,4423500,Yahoo Finance daily
2014-08-29,us,NOW,,11.956000328063965,12.315999984741213,11.95199966430664,12.22599983215332,8349500,Yahoo Finance daily
2014-09-02,us,NOW,,12.253999710083008,12.576000213623049,12.10200023651123,12.56999969482422,7845000,Yahoo Finance daily
2014-09-03,us,NOW,,12.663999557495115,12.75,12.45199966430664,12.54800033569336,7608500,Yahoo Finance daily
2014-09-04,us,NOW,,12.5600004196167,12.597999572753906,12.178000450134276,12.251999855041504,5579500,Yahoo Finance daily
2014-09-05,us,NOW,,12.241999626159668,12.53600025177002,12.13599967956543,12.494000434875488,4416500,Yahoo Finance daily
2014-09-08,us,NOW,,12.550000190734863,12.996000289916992,12.543999671936035,12.862000465393066,9808000,Yahoo Finance daily
2014-09-09,us,NOW,,12.767999649047852,12.793999671936035,12.392000198364258,12.446000099182127,5950500,Yahoo Finance daily
2014-09-10,us,NOW,,12.4399995803833,12.531999588012695,12.288000106811523,12.496000289916992,7416500,Yahoo Finance daily
2014-09-11,us,NOW,,12.449999809265137,12.678000450134276,12.326000213623049,12.67199993133545,7498000,Yahoo Finance daily
2014-09-12,us,NOW,,12.630000114440918,12.631999969482422,12.227999687194824,12.321999549865724,7247500,Yahoo Finance daily
2014-09-15,us,NOW,,12.486000061035156,12.486000061035156,11.57800006866455,11.79599952697754,7211500,Yahoo Finance daily
2014-09-16,us,NOW,,11.69200038909912,12.052000045776367,11.640000343322754,11.982000350952148,7577500,Yahoo Finance daily
2014-09-17,us,NOW,,11.960000038146973,12.293999671936035,11.937999725341797,12.20199966430664,7089500,Yahoo Finance daily
2014-09-18,us,NOW,,12.20400047302246,12.289999961853027,12.04599952697754,12.26200008392334,4233000,Yahoo Finance daily
2014-09-19,us,NOW,,12.35200023651123,12.734000205993652,12.32800006866455,12.468000411987305,15006500,Yahoo Finance daily
2014-09-22,us,NOW,,12.392000198364258,12.392000198364258,12.022000312805176,12.119999885559082,4334000,Yahoo Finance daily
2014-09-23,us,NOW,,12.04599952697754,12.13599967956543,11.83199977874756,11.833999633789062,6154500,Yahoo Finance daily
2014-09-24,us,NOW,,11.833999633789062,12.071999549865724,11.776000022888184,12.013999938964844,4372500,Yahoo Finance daily
2014-09-25,us,NOW,,11.991999626159668,12.029999732971191,11.649999618530272,11.68000030517578,4667000,Yahoo Finance daily
2014-09-26,us,NOW,,11.685999870300291,11.958000183105469,11.661999702453612,11.911999702453612,3042000,Yahoo Finance daily
2014-09-29,us,NOW,,11.779999732971191,11.960000038146973,11.748000144958496,11.958000183105469,2654000,Yahoo Finance daily
2014-09-30,us,NOW,,11.972000122070312,12.043999671936035,11.633999824523926,11.755999565124512,5538000,Yahoo Finance daily
2014-10-01,us,NOW,,11.697999954223633,11.697999954223633,11.31999969482422,11.460000038146973,5395000,Yahoo Finance daily
2014-10-02,us,NOW,,11.48799991607666,11.618000030517578,11.15999984741211,11.583999633789062,4375500,Yahoo Finance daily
2014-10-03,us,NOW,,11.649999618530272,12.076000213623049,11.642000198364258,12.05799961090088,5009500,Yahoo Finance daily
2014-10-06,us,NOW,,12.050000190734863,12.378000259399414,11.991999626159668,12.105999946594238,5548000,Yahoo Finance daily
2014-10-07,us,NOW,,12.010000228881836,12.010000228881836,11.543999671936035,11.564000129699709,3568000,Yahoo Finance daily
2014-10-08,us,NOW,,11.597999572753906,11.902000427246094,11.260000228881836,11.871999740600586,3973500,Yahoo Finance daily
2014-10-09,us,NOW,,11.855999946594238,12.161999702453612,11.66800022125244,11.67199993133545,6378500,Yahoo Finance daily
2014-10-10,us,NOW,,11.58199977874756,11.732000350952148,11.293999671936035,11.293999671936035,5099500,Yahoo Finance daily
2014-10-13,us,NOW,,11.366000175476074,11.503999710083008,10.821999549865724,10.84000015258789,9665000,Yahoo Finance daily
2014-10-14,us,NOW,,10.986000061035156,11.29599952697754,10.826000213623049,11.206000328063965,9715500,Yahoo Finance daily
2014-10-15,us,NOW,,11.008000373840332,11.593999862670898,10.8100004196167,11.479999542236328,6348000,Yahoo Finance daily
2014-10-16,us,NOW,,11.173999786376951,11.640000343322754,11.112000465393066,11.449999809265137,6044500,Yahoo Finance daily
2014-10-17,us,NOW,,11.642000198364258,12.220000267028809,11.550000190734863,12.076000213623049,7786000,Yahoo Finance daily
2014-10-20,us,NOW,,12.04599952697754,12.22599983215332,11.78600025177002,11.855999946594238,5231500,Yahoo Finance daily
2014-10-21,us,NOW,,11.923999786376951,12.260000228881836,11.907999992370604,12.095999717712402,7596000,Yahoo Finance daily
2014-10-22,us,NOW,,12.095999717712402,12.133999824523926,11.574000358581545,11.61400032043457,8996000,Yahoo Finance daily
2014-10-23,us,NOW,,11.949999809265137,13.095999717712402,11.904000282287598,12.907999992370604,26762000,Yahoo Finance daily
2014-10-24,us,NOW,,12.779999732971191,13.29800033569336,12.739999771118164,13.09000015258789,11603000,Yahoo Finance daily
2014-10-27,us,NOW,,13.027999877929688,13.088000297546388,12.793999671936035,12.817999839782717,5727500,Yahoo Finance daily
2014-10-28,us,NOW,,12.89799976348877,13.43000030517578,12.842000007629396,13.394000053405762,8145500,Yahoo Finance daily
2014-10-29,us,NOW,,13.368000030517578,13.394000053405762,12.989999771118164,13.005999565124512,6203000,Yahoo Finance daily
2014-10-30,us,NOW,,12.937999725341797,13.387999534606934,12.772000312805176,13.284000396728516,5600000,Yahoo Finance daily
2014-10-31,us,NOW,,13.491999626159668,13.973999977111816,13.437999725341797,13.586000442504885,8561500,Yahoo Finance daily
2014-11-03,us,NOW,,13.48799991607666,13.597999572753906,13.20199966430664,13.241999626159668,6449000,Yahoo Finance daily
2014-11-04,us,NOW,,13.22599983215332,13.416000366210938,13.19200038909912,13.37600040435791,4195000,Yahoo Finance daily
2014-11-05,us,NOW,,13.43000030517578,13.447999954223633,13.04800033569336,13.109999656677246,4610000,Yahoo Finance daily
2014-11-06,us,NOW,,13.137999534606934,13.501999855041504,13.12399959564209,13.369999885559082,7045000,Yahoo Finance daily
2014-11-07,us,NOW,,13.33199977874756,13.656000137329102,13.223999977111816,13.55799961090088,3858500,Yahoo Finance daily
2014-11-10,us,NOW,,13.479999542236328,13.868000030517578,13.41800022125244,13.781999588012695,6678500,Yahoo Finance daily
2014-11-11,us,NOW,,13.723999977111816,13.800000190734863,13.588000297546388,13.630000114440918,4038500,Yahoo Finance daily
2014-11-12,us,NOW,,13.553999900817873,13.727999687194824,13.470000267028809,13.53600025177002,6238000,Yahoo Finance daily
2014-11-13,us,NOW,,13.52400016784668,13.652000427246094,13.302000045776367,13.394000053405762,3865500,Yahoo Finance daily
2014-11-14,us,NOW,,13.354000091552734,13.522000312805176,13.302000045776367,13.501999855041504,3072000,Yahoo Finance daily
2014-11-17,us,NOW,,13.402000427246094,13.479999542236328,12.87399959564209,13.064000129699709,5647500,Yahoo Finance daily
2014-11-18,us,NOW,,13.041999816894531,13.196000099182127,12.923999786376951,12.996000289916992,4595500,Yahoo Finance daily
2014-11-19,us,NOW,,12.98799991607666,13.013999938964844,12.538000106811523,12.744000434875488,4013000,Yahoo Finance daily
2014-11-20,us,NOW,,12.656000137329102,12.920000076293944,12.538000106811523,12.826000213623049,5974500,Yahoo Finance daily
2014-11-21,us,NOW,,13.01200008392334,13.149999618530272,12.748000144958496,12.79599952697754,4620500,Yahoo Finance daily
2014-11-24,us,NOW,,12.871999740600586,12.913999557495115,12.70199966430664,12.793999671936035,4625000,Yahoo Finance daily
2014-11-25,us,NOW,,12.779999732971191,12.79599952697754,12.552000045776367,12.595999717712402,4244500,Yahoo Finance daily
2014-11-26,us,NOW,,12.604000091552734,12.90999984741211,12.571999549865724,12.793999671936035,4151000,Yahoo Finance daily
2014-11-28,us,NOW,,12.534000396728516,12.932000160217283,12.399999618530272,12.791999816894531,2392500,Yahoo Finance daily
2014-12-01,us,NOW,,12.682000160217283,12.687999725341797,12.232000350952148,12.369999885559082,5570500,Yahoo Finance daily
2014-12-02,us,NOW,,12.355999946594238,12.395999908447266,12.095999717712402,12.345999717712402,7148500,Yahoo Finance daily
2014-12-03,us,NOW,,12.333999633789062,12.420000076293944,12.116000175476074,12.366000175476074,5588500,Yahoo Finance daily
2014-12-04,us,NOW,,12.279999732971191,12.53600025177002,12.229999542236328,12.5,4437500,Yahoo Finance daily
2014-12-05,us,NOW,,12.531999588012695,12.562000274658203,12.395999908447266,12.526000022888184,3838500,Yahoo Finance daily
2014-12-08,us,NOW,,12.39799976348877,12.64799976348877,12.263999938964844,12.338000297546388,5682000,Yahoo Finance daily
2014-12-09,us,NOW,,12.178000450134276,12.435999870300291,11.916000366210938,12.406000137329102,3624500,Yahoo Finance daily
2014-12-10,us,NOW,,12.505999565124512,12.696000099182127,12.194000244140623,12.251999855041504,7011000,Yahoo Finance daily
2014-12-11,us,NOW,,12.378000259399414,12.515999794006348,12.229999542236328,12.270000457763672,4619000,Yahoo Finance daily
2014-12-12,us,NOW,,12.149999618530272,12.366000175476074,12.10200023651123,12.25,6082500,Yahoo Finance daily
2014-12-15,us,NOW,,12.550000190734863,12.760000228881836,12.41800022125244,12.687999725341797,8032000,Yahoo Finance daily
2014-12-16,us,NOW,,12.779999732971191,13.088000297546388,12.529999732971191,12.715999603271484,8771500,Yahoo Finance daily
2014-12-17,us,NOW,,12.8100004196167,13.20400047302246,12.600000381469728,13.137999534606934,6569500,Yahoo Finance daily
2014-12-18,us,NOW,,13.350000381469728,13.62399959564209,13.336000442504885,13.616000175476074,7335500,Yahoo Finance daily
2014-12-19,us,NOW,,13.644000053405762,13.868000030517578,13.612000465393066,13.81999969482422,7776000,Yahoo Finance daily
2014-12-22,us,NOW,,13.800000190734863,14.107999801635742,13.79800033569336,13.94200038909912,5018500,Yahoo Finance daily
2014-12-23,us,NOW,,14.0,14.128000259399414,13.904000282287598,13.913999557495115,4884000,Yahoo Finance daily
2014-12-24,us,NOW,,13.92199993133545,14.09000015258789,13.866000175476074,13.937999725341797,1343500,Yahoo Finance daily
2014-12-26,us,NOW,,13.95400047302246,14.18000030517578,13.906000137329102,14.02400016784668,1934000,Yahoo Finance daily
2014-12-29,us,NOW,,13.991999626159668,13.991999626159668,13.649999618530272,13.772000312805176,2303500,Yahoo Finance daily
2014-12-30,us,NOW,,13.6899995803833,13.833999633789062,13.41800022125244,13.576000213623049,4047000,Yahoo Finance daily
2014-12-31,us,NOW,,13.588000297546388,13.78600025177002,13.52400016784668,13.56999969482422,2869500,Yahoo Finance daily
2015-01-02,us,NOW,,13.562000274658203,13.697999954223633,13.253999710083008,13.47599983215332,4079000,Yahoo Finance daily
2015-01-05,us,NOW,,13.314000129699709,13.673999786376951,13.28600025177002,13.43000030517578,4002500,Yahoo Finance daily
2015-01-06,us,NOW,,13.435999870300291,13.574000358581545,13.034000396728516,13.265999794006348,4279500,Yahoo Finance daily
2015-01-07,us,NOW,,13.381999969482422,13.494000434875488,13.199999809265137,13.41800022125244,3115000,Yahoo Finance daily
2015-01-08,us,NOW,,13.574000358581545,13.815999984741213,13.48799991607666,13.777999877929688,3185500,Yahoo Finance daily
2015-01-09,us,NOW,,13.855999946594238,13.855999946594238,13.246000289916992,13.42199993133545,5185500,Yahoo Finance daily
2015-01-12,us,NOW,,13.423999786376951,13.687999725341797,13.300000190734863,13.637999534606934,3996500,Yahoo Finance daily
2015-01-13,us,NOW,,13.5600004196167,13.887999534606934,13.291999816894531,13.45400047302246,3142000,Yahoo Finance daily
2015-01-14,us,NOW,,13.23799991607666,13.31999969482422,13.083999633789062,13.267999649047852,3778000,Yahoo Finance daily
2015-01-15,us,NOW,,13.338000297546388,13.338000297546388,12.687999725341797,12.72599983215332,5086500,Yahoo Finance daily
2015-01-16,us,NOW,,12.723999977111816,12.842000007629396,12.619999885559082,12.791999816894531,4186000,Yahoo Finance daily
2015-01-20,us,NOW,,12.767999649047852,13.010000228881836,12.510000228881836,12.965999603271484,4396000,Yahoo Finance daily
2015-01-21,us,NOW,,12.94200038909912,13.368000030517578,12.87399959564209,13.104000091552734,3778000,Yahoo Finance daily
2015-01-22,us,NOW,,13.23799991607666,13.3100004196167,12.913999557495115,13.227999687194824,2451000,Yahoo Finance daily
2015-01-23,us,NOW,,13.317999839782717,13.899999618530272,13.3100004196167,13.748000144958496,5149000,Yahoo Finance daily
2015-01-26,us,NOW,,13.739999771118164,13.739999771118164,13.300000190734863,13.60200023651123,4417000,Yahoo Finance daily
2015-01-27,us,NOW,,13.45199966430664,13.63599967956543,13.281999588012695,13.58199977874756,4398500,Yahoo Finance daily
2015-01-28,us,NOW,,13.699999809265137,14.041999816894531,13.387999534606934,13.781999588012695,13367500,Yahoo Finance daily
2015-01-29,us,NOW,,14.609999656677246,14.869999885559082,14.008000373840332,14.776000022888184,18760000,Yahoo Finance daily
2015-01-30,us,NOW,,14.522000312805176,14.6899995803833,14.100000381469728,14.579999923706056,11167500,Yahoo Finance daily
2015-02-02,us,NOW,,14.465999603271484,14.600000381469728,14.013999938964844,14.597999572753906,10424000,Yahoo Finance daily
2015-02-03,us,NOW,,14.597999572753906,14.687999725341797,14.345999717712402,14.529999732971191,6679500,Yahoo Finance daily
2015-02-04,us,NOW,,14.5,14.949999809265137,14.392000198364258,14.92199993133545,8044000,Yahoo Finance daily
2015-02-05,us,NOW,,14.979999542236328,15.053999900817873,14.758000373840332,14.843999862670898,7747500,Yahoo Finance daily
2015-02-06,us,NOW,,14.784000396728516,15.029999732971191,14.67199993133545,14.98799991607666,5269000,Yahoo Finance daily
2015-02-09,us,NOW,,14.854000091552734,14.93000030517578,14.553999900817873,14.576000213623049,4653000,Yahoo Finance daily
2015-02-10,us,NOW,,14.62600040435791,14.708000183105469,14.510000228881836,14.663999557495115,5740000,Yahoo Finance daily
2015-02-11,us,NOW,,14.564000129699709,14.800000190734863,14.491999626159668,14.776000022888184,5199000,Yahoo Finance daily
2015-02-12,us,NOW,,14.776000022888184,15.194000244140623,14.770000457763672,15.1899995803833,7444500,Yahoo Finance daily
2015-02-13,us,NOW,,15.25,15.527999877929688,14.998000144958496,15.510000228881836,7354500,Yahoo Finance daily
2015-02-17,us,NOW,,15.423999786376951,15.449999809265137,15.092000007629396,15.37600040435791,4748500,Yahoo Finance daily
2015-02-18,us,NOW,,15.399999618530272,15.543999671936035,15.220000267028809,15.496000289916992,4356000,Yahoo Finance daily
2015-02-19,us,NOW,,15.47599983215332,15.79800033569336,15.413999557495115,15.631999969482422,5288000,Yahoo Finance daily
2015-02-20,us,NOW,,15.58199977874756,15.859999656677246,15.503999710083008,15.812000274658203,5021500,Yahoo Finance daily
2015-02-23,us,NOW,,15.753999710083008,15.87399959564209,15.67199993133545,15.734000205993652,5621000,Yahoo Finance daily
2015-02-24,us,NOW,,15.755999565124512,15.800000190734863,15.586000442504885,15.75,5782500,Yahoo Finance daily
2015-02-25,us,NOW,,15.633999824523926,15.881999969482422,15.61400032043457,15.805999755859377,7113000,Yahoo Finance daily
2015-02-26,us,NOW,,16.00200080871582,16.24799919128418,15.772000312805176,15.906000137329102,9801000,Yahoo Finance daily
2015-02-27,us,NOW,,15.84000015258789,15.84000015258789,15.1899995803833,15.251999855041504,17710000,Yahoo Finance daily
2015-03-02,us,NOW,,15.194000244140623,15.359999656677246,15.026000022888184,15.288000106811523,6910000,Yahoo Finance daily
2015-03-03,us,NOW,,15.223999977111816,15.387999534606934,14.92199993133545,15.09000015258789,5740500,Yahoo Finance daily
2015-03-04,us,NOW,,14.994000434875488,15.01200008392334,14.673999786376951,14.720000267028809,5951500,Yahoo Finance daily
2015-03-05,us,NOW,,14.720000267028809,15.088000297546388,14.6899995803833,14.9399995803833,5260500,Yahoo Finance daily
2015-03-06,us,NOW,,14.855999946594238,15.05799961090088,14.70400047302246,14.812000274658203,4537000,Yahoo Finance daily
2015-03-09,us,NOW,,14.800000190734863,14.86400032043457,14.484000205993652,14.847999572753906,3608500,Yahoo Finance daily
2015-03-10,us,NOW,,14.720000267028809,14.814000129699709,14.522000312805176,14.718000411987305,4367500,Yahoo Finance daily
2015-03-11,us,NOW,,14.75,14.961999893188477,14.687999725341797,14.847999572753906,3551000,Yahoo Finance daily
2015-03-12,us,NOW,,14.869999885559082,15.33199977874756,14.847999572753906,15.33199977874756,8906500,Yahoo Finance daily
2015-03-13,us,NOW,,15.324000358581545,15.460000038146973,15.194000244140623,15.383999824523926,5583500,Yahoo Finance daily
2015-03-16,us,NOW,,15.45199966430664,15.836000442504885,15.390000343322754,15.729999542236328,6064500,Yahoo Finance daily
2015-03-17,us,NOW,,15.833999633789062,16.030000686645508,15.779999732971191,15.979999542236328,7845500,Yahoo Finance daily
2015-03-18,us,NOW,,16.0,16.200000762939453,15.812000274658203,16.010000228881836,5630500,Yahoo Finance daily
2015-03-19,us,NOW,,15.97599983215332,16.197999954223633,15.970000267028809,16.091999053955078,3511000,Yahoo Finance daily
2015-03-20,us,NOW,,16.107999801635742,16.200000762939453,15.800000190734863,15.87600040435791,6524500,Yahoo Finance daily
2015-03-23,us,NOW,,15.87399959564209,15.96399974822998,15.751999855041504,15.855999946594238,2851000,Yahoo Finance daily
2015-03-24,us,NOW,,15.855999946594238,16.077999114990234,15.8100004196167,15.850000381469728,3274500,Yahoo Finance daily
2015-03-25,us,NOW,,15.89799976348877,15.89799976348877,15.222000122070312,15.239999771118164,7154000,Yahoo Finance daily
2015-03-26,us,NOW,,15.112000465393066,15.53600025177002,15.0,15.406000137329102,8105000,Yahoo Finance daily
2015-03-27,us,NOW,,15.461999893188477,15.760000228881836,15.380000114440918,15.694000244140623,3912500,Yahoo Finance daily
2015-03-30,us,NOW,,15.791999816894531,16.0,15.765999794006348,15.887999534606934,3058000,Yahoo Finance daily
2015-03-31,us,NOW,,15.85200023651123,16.007999420166016,15.722000122070312,15.755999565124512,4875000,Yahoo Finance daily
2015-04-01,us,NOW,,15.710000038146973,15.753999710083008,15.026000022888184,15.130000114440918,9934000,Yahoo Finance daily
2015-04-02,us,NOW,,15.149999618530272,15.246000289916992,15.027999877929688,15.223999977111816,5646000,Yahoo Finance daily
2015-04-06,us,NOW,,15.38599967956543,15.81999969482422,15.196000099182127,15.64799976348877,8950000,Yahoo Finance daily
2015-04-07,us,NOW,,15.73799991607666,15.989999771118164,15.666000366210938,15.694000244140623,4210500,Yahoo Finance daily
2015-04-08,us,NOW,,15.751999855041504,16.200000762939453,15.751999855041504,16.167999267578125,5687000,Yahoo Finance daily
2015-04-09,us,NOW,,16.143999099731445,16.3799991607666,15.956000328063965,16.347999572753906,4364500,Yahoo Finance daily
2015-04-10,us,NOW,,16.354000091552734,16.472000122070312,16.222000122070312,16.468000411987305,3494500,Yahoo Finance daily
2015-04-13,us,NOW,,16.558000564575195,16.70400047302246,16.131999969482422,16.145999908447266,6092500,Yahoo Finance daily
2015-04-14,us,NOW,,16.148000717163086,16.218000411987305,15.902000427246094,16.040000915527344,5017500,Yahoo Finance daily
2015-04-15,us,NOW,,16.091999053955078,16.190000534057617,15.94200038909912,16.149999618530273,5792000,Yahoo Finance daily
2015-04-16,us,NOW,,16.07200050354004,16.690000534057617,16.062000274658203,16.56800079345703,21520500,Yahoo Finance daily
2015-04-17,us,NOW,,14.949999809265137,14.998000144958496,14.064000129699709,14.657999992370604,65228500,Yahoo Finance daily
2015-04-20,us,NOW,,14.720000267028809,15.131999969482422,14.555999755859377,14.928000450134276,18917500,Yahoo Finance daily
2015-04-21,us,NOW,,15.10200023651123,15.562000274658203,15.10200023651123,15.5,18156000,Yahoo Finance daily
2015-04-22,us,NOW,,15.586000442504885,15.645999908447266,15.34000015258789,15.543999671936035,11218500,Yahoo Finance daily
2015-04-23,us,NOW,,15.420000076293944,15.541999816894531,15.350000381469728,15.37600040435791,9018500,Yahoo Finance daily
2015-04-24,us,NOW,,15.461999893188477,15.470000267028809,15.20199966430664,15.218000411987305,6904500,Yahoo Finance daily
2015-04-27,us,NOW,,15.357999801635742,15.357999801635742,14.883999824523926,14.95199966430664,6712500,Yahoo Finance daily
2015-04-28,us,NOW,,14.996000289916992,15.19200038909912,14.800000190734863,14.998000144958496,5636000,Yahoo Finance daily
2015-04-29,us,NOW,,14.923999786376951,15.899999618530272,14.727999687194824,15.494000434875488,14089500,Yahoo Finance daily
2015-04-30,us,NOW,,15.33199977874756,15.513999938964844,14.913999557495115,14.972000122070312,8640500,Yahoo Finance daily
2015-05-01,us,NOW,,14.913999557495115,15.097999572753906,14.70400047302246,14.75,7279000,Yahoo Finance daily
2015-05-04,us,NOW,,14.746000289916992,14.907999992370604,14.685999870300291,14.722000122070312,4343000,Yahoo Finance daily
2015-05-05,us,NOW,,14.600000381469728,14.758000373840332,14.284000396728516,14.656000137329102,9431500,Yahoo Finance daily
2015-05-06,us,NOW,,14.699999809265137,14.79599952697754,14.468000411987305,14.65999984741211,4448000,Yahoo Finance daily
2015-05-07,us,NOW,,14.657999992370604,14.881999969482422,14.609999656677246,14.802000045776367,3412000,Yahoo Finance daily
2015-05-08,us,NOW,,14.970000267028809,15.251999855041504,14.779999732971191,14.781999588012695,9313500,Yahoo Finance daily
2015-05-11,us,NOW,,14.741999626159668,14.932000160217283,14.678000450134276,14.79800033569336,3793000,Yahoo Finance daily
2015-05-12,us,NOW,,14.600000381469728,14.996000289916992,14.41800022125244,14.85200023651123,4186000,Yahoo Finance daily
2015-05-13,us,NOW,,14.878000259399414,15.062000274658203,14.69200038909912,15.022000312805176,8005000,Yahoo Finance daily
2015-05-14,us,NOW,,15.067999839782717,15.428000450134276,14.892000198364258,15.210000038146973,7858500,Yahoo Finance daily
2015-05-15,us,NOW,,15.20199966430664,15.270000457763672,15.008000373840332,15.142000198364258,4335000,Yahoo Finance daily
2015-05-18,us,NOW,,15.064000129699709,15.505999565124512,15.064000129699709,15.45199966430664,4950000,Yahoo Finance daily
2015-05-19,us,NOW,,15.447999954223633,15.654000282287598,15.354000091552734,15.555999755859377,7608000,Yahoo Finance daily
2015-05-20,us,NOW,,15.543999671936035,15.58199977874756,15.251999855041504,15.489999771118164,9133000,Yahoo Finance daily
2015-05-21,us,NOW,,15.54800033569336,15.791999816894531,15.510000228881836,15.77400016784668,5770000,Yahoo Finance daily
2015-05-22,us,NOW,,15.715999603271484,15.800000190734863,15.520000457763672,15.751999855041504,6072000,Yahoo Finance daily
2015-05-26,us,NOW,,15.66800022125244,15.73799991607666,15.390000343322754,15.541999816894531,5099500,Yahoo Finance daily
2015-05-27,us,NOW,,15.449999809265137,15.729999542236328,15.131999969482422,15.678000450134276,7440500,Yahoo Finance daily
2015-05-28,us,NOW,,15.600000381469728,15.826000213623049,15.52400016784668,15.68000030517578,6824500,Yahoo Finance daily
2015-05-29,us,NOW,,15.593999862670898,15.609999656677246,15.20400047302246,15.321999549865724,14613000,Yahoo Finance daily
2015-06-01,us,NOW,,15.32800006866455,15.380000114440918,15.003999710083008,15.13599967956543,6801000,Yahoo Finance daily
2015-06-02,us,NOW,,15.119999885559082,15.182000160217283,15.008000373840332,15.076000213623049,5673000,Yahoo Finance daily
2015-06-03,us,NOW,,15.07800006866455,15.362000465393066,15.04599952697754,15.321999549865724,4491500,Yahoo Finance daily
2015-06-04,us,NOW,,15.239999771118164,15.42199993133545,14.989999771118164,15.092000007629396,4769500,Yahoo Finance daily
2015-06-05,us,NOW,,14.982000350952148,15.432000160217283,14.982000350952148,15.378000259399414,5698500,Yahoo Finance daily
2015-06-08,us,NOW,,15.355999946594238,15.42199993133545,14.934000015258787,14.934000015258787,5774500,Yahoo Finance daily
2015-06-09,us,NOW,,15.022000312805176,15.236000061035156,14.732000350952148,15.131999969482422,6445000,Yahoo Finance daily
2015-06-10,us,NOW,,15.18000030517578,15.564000129699709,15.04800033569336,15.539999961853027,6317500,Yahoo Finance daily
2015-06-11,us,NOW,,15.600000381469728,15.736000061035156,15.42199993133545,15.54599952697754,4110000,Yahoo Finance daily
2015-06-12,us,NOW,,15.465999603271484,15.656000137329102,15.465999603271484,15.588000297546388,2903000,Yahoo Finance daily
2015-06-15,us,NOW,,15.413999557495115,15.574000358581545,15.291999816894531,15.527999877929688,3368500,Yahoo Finance daily
2015-06-16,us,NOW,,15.513999938964844,15.88599967956543,15.470000267028809,15.880000114440918,4706500,Yahoo Finance daily
2015-06-17,us,NOW,,15.902000427246094,16.17799949645996,15.87399959564209,15.984000205993652,6568000,Yahoo Finance daily
2015-06-18,us,NOW,,16.038000106811523,16.229999542236328,15.84000015258789,16.194000244140625,7990500,Yahoo Finance daily
2015-06-19,us,NOW,,16.263999938964844,16.263999938964844,16.00200080871582,16.076000213623047,9660000,Yahoo Finance daily
2015-06-22,us,NOW,,16.200000762939453,16.333999633789062,15.925999641418455,16.06399917602539,4644500,Yahoo Finance daily
2015-06-23,us,NOW,,16.18000030517578,16.18000030517578,16.007999420166016,16.149999618530273,3372000,Yahoo Finance daily
2015-06-24,us,NOW,,16.077999114990234,16.128000259399414,15.425999641418455,15.494000434875488,8464500,Yahoo Finance daily
2015-06-25,us,NOW,,15.564000129699709,15.86400032043457,15.550000190734863,15.784000396728516,5358500,Yahoo Finance daily
2015-06-26,us,NOW,,15.854000091552734,15.854000091552734,15.062000274658203,15.404000282287598,10433000,Yahoo Finance daily
2015-06-29,us,NOW,,15.161999702453612,15.321999549865724,14.69200038909912,14.753999710083008,6546500,Yahoo Finance daily
2015-06-30,us,NOW,,14.859999656677246,14.94200038909912,14.720000267028809,14.862000465393066,5563000,Yahoo Finance daily
2015-07-01,us,NOW,,15.083999633789062,15.12600040435791,14.694000244140623,14.779999732971191,5365000,Yahoo Finance daily
2015-07-02,us,NOW,,14.77400016784668,14.920000076293944,14.631999969482422,14.906000137329102,4010000,Yahoo Finance daily
2015-07-06,us,NOW,,14.68000030517578,14.944000244140623,14.61400032043457,14.739999771118164,5396500,Yahoo Finance daily
2015-07-07,us,NOW,,14.77400016784668,15.17199993133545,14.416000366210938,15.13599967956543,6902000,Yahoo Finance daily
2015-07-08,us,NOW,,14.998000144958496,15.208000183105469,14.842000007629396,14.965999603271484,3516000,Yahoo Finance daily
2015-07-09,us,NOW,,15.121999740600586,15.40999984741211,15.121999740600586,15.236000061035156,4655500,Yahoo Finance daily
2015-07-10,us,NOW,,15.43000030517578,15.515999794006348,15.324000358581545,15.347999572753906,3282500,Yahoo Finance daily
2015-07-13,us,NOW,,15.468000411987305,15.510000228881836,15.161999702453612,15.31999969482422,4997000,Yahoo Finance daily
2015-07-14,us,NOW,,15.34000015258789,15.770000457763672,15.34000015258789,15.482000350952148,4991500,Yahoo Finance daily
2015-07-15,us,NOW,,15.520000457763672,15.684000015258787,15.392000198364258,15.515999794006348,4557500,Yahoo Finance daily
2015-07-16,us,NOW,,15.630000114440918,15.829999923706056,15.565999984741213,15.784000396728516,3329500,Yahoo Finance daily
2015-07-17,us,NOW,,15.824000358581545,16.04599952697754,15.71399974822998,15.784000396728516,4047500,Yahoo Finance daily
2015-07-20,us,NOW,,15.833999633789062,15.866000175476074,15.71399974822998,15.767999649047852,2265000,Yahoo Finance daily
2015-07-21,us,NOW,,15.76200008392334,15.935999870300291,15.593999862670898,15.71399974822998,2873500,Yahoo Finance daily
2015-07-22,us,NOW,,15.621999740600586,15.788000106811523,15.553999900817873,15.56999969482422,3113500,Yahoo Finance daily
2015-07-23,us,NOW,,15.663999557495115,15.850000381469728,15.494000434875488,15.604000091552734,4602500,Yahoo Finance daily
2015-07-24,us,NOW,,15.694000244140623,16.194000244140625,15.501999855041504,15.928000450134276,7184000,Yahoo Finance daily
2015-07-27,us,NOW,,15.770000457763672,15.777999877929688,15.223999977111816,15.267999649047852,7897000,Yahoo Finance daily
2015-07-28,us,NOW,,15.354000091552734,15.776000022888184,15.215999603271484,15.72599983215332,5276500,Yahoo Finance daily
2015-07-29,us,NOW,,15.380000114440918,15.699999809265137,14.989999771118164,15.595999717712402,19715500,Yahoo Finance daily
2015-07-30,us,NOW,,15.696000099182127,16.242000579833984,15.31999969482422,16.20599937438965,16323500,Yahoo Finance daily
2015-07-31,us,NOW,,16.04800033569336,16.22599983215332,15.87600040435791,16.100000381469727,9138000,Yahoo Finance daily
2015-08-03,us,NOW,,16.100000381469727,16.191999435424805,15.711999893188477,15.829999923706056,5962500,Yahoo Finance daily
2015-08-04,us,NOW,,15.855999946594238,15.895999908447266,15.4399995803833,15.58199977874756,9866000,Yahoo Finance daily
2015-08-05,us,NOW,,15.644000053405762,15.977999687194824,15.604000091552734,15.682000160217283,5860000,Yahoo Finance daily
2015-08-06,us,NOW,,15.656000137329102,15.656000137329102,15.083999633789062,15.197999954223633,8391500,Yahoo Finance daily
2015-08-07,us,NOW,,15.182000160217283,15.399999618530272,14.982000350952148,15.390000343322754,4663000,Yahoo Finance daily
2015-08-10,us,NOW,,15.508000373840332,15.567999839782717,15.263999938964844,15.317999839782717,4397500,Yahoo Finance daily
2015-08-11,us,NOW,,15.15999984741211,15.420000076293944,15.0600004196167,15.333999633789062,3554500,Yahoo Finance daily
2015-08-12,us,NOW,,15.18000030517578,15.381999969482422,14.887999534606934,15.369999885559082,5333000,Yahoo Finance daily
2015-08-13,us,NOW,,15.342000007629396,15.40999984741211,14.946000099182127,15.140000343322754,4564500,Yahoo Finance daily
2015-08-14,us,NOW,,15.100000381469728,15.350000381469728,14.91800022125244,15.326000213623049,4029500,Yahoo Finance daily
2015-08-17,us,NOW,,15.206000328063965,15.456000328063965,15.163999557495115,15.449999809265137,3171000,Yahoo Finance daily
2015-08-18,us,NOW,,15.456000328063965,15.576000213623049,15.163999557495115,15.178000450134276,2940500,Yahoo Finance daily
2015-08-19,us,NOW,,15.300000190734863,15.30799961090088,14.960000038146973,15.12600040435791,5778500,Yahoo Finance daily
2015-08-20,us,NOW,,14.97599983215332,14.989999771118164,14.031999588012695,14.062000274658203,8402000,Yahoo Finance daily
2015-08-21,us,NOW,,13.88599967956543,14.199999809265137,13.710000038146973,13.982000350952148,9160000,Yahoo Finance daily
2015-08-24,us,NOW,,13.194000244140623,14.392000198364258,12.857999801635742,13.600000381469728,16499000,Yahoo Finance daily
2015-08-25,us,NOW,,14.15999984741211,14.425999641418455,13.64799976348877,13.734000205993652,9636000,Yahoo Finance daily
2015-08-26,us,NOW,,14.067999839782717,14.338000297546388,13.776000022888184,14.281999588012695,8370500,Yahoo Finance daily
2015-08-27,us,NOW,,14.387999534606934,14.652000427246094,14.083999633789062,14.472000122070312,7903500,Yahoo Finance daily
2015-08-28,us,NOW,,14.472000122070312,14.673999786376951,14.30799961090088,14.508000373840332,4282500,Yahoo Finance daily
2015-08-31,us,NOW,,14.43000030517578,14.555999755859377,14.16800022125244,14.19200038909912,5023000,Yahoo Finance daily
2015-09-01,us,NOW,,13.91800022125244,14.173999786376951,13.729999542236328,13.784000396728516,7867500,Yahoo Finance daily
2015-09-02,us,NOW,,13.913999557495115,13.991999626159668,13.56999969482422,13.989999771118164,8908500,Yahoo Finance daily
2015-09-03,us,NOW,,14.067999839782717,14.38599967956543,14.013999938964844,14.244000434875488,7723000,Yahoo Finance daily
2015-09-04,us,NOW,,14.041999816894531,14.149999618530272,13.850000381469728,13.958000183105469,5345500,Yahoo Finance daily
2015-09-08,us,NOW,,14.196000099182127,14.6899995803833,14.140000343322754,14.666000366210938,6768500,Yahoo Finance daily
2015-09-09,us,NOW,,14.75,14.887999534606934,14.362000465393066,14.404000282287598,6251000,Yahoo Finance daily
2015-09-10,us,NOW,,14.32800006866455,14.64799976348877,14.32800006866455,14.531999588012695,4356000,Yahoo Finance daily
2015-09-11,us,NOW,,14.550000190734863,14.732000350952148,14.37600040435791,14.720000267028809,4193500,Yahoo Finance daily
2015-09-14,us,NOW,,14.71399974822998,14.77400016784668,14.470000267028809,14.711999893188477,5223000,Yahoo Finance daily
2015-09-15,us,NOW,,14.729999542236328,14.871999740600586,14.605999946594238,14.85200023651123,4137000,Yahoo Finance daily
2015-09-16,us,NOW,,14.881999969482422,14.923999786376951,14.673999786376951,14.788000106811523,4474000,Yahoo Finance daily
2015-09-17,us,NOW,,14.722000122070312,15.107999801635742,14.71399974822998,14.92199993133545,3604500,Yahoo Finance daily
2015-09-18,us,NOW,,14.744000434875488,15.003999710083008,14.72599983215332,14.871999740600586,7121500,Yahoo Finance daily
2015-09-21,us,NOW,,14.956000328063965,15.12399959564209,14.727999687194824,14.881999969482422,5052000,Yahoo Finance daily
2015-09-22,us,NOW,,14.654000282287598,14.75,14.434000015258787,14.612000465393066,5319000,Yahoo Finance daily
2015-09-23,us,NOW,,14.63599967956543,14.850000381469728,14.47599983215332,14.597999572753906,3990500,Yahoo Finance daily
2015-09-24,us,NOW,,14.538000106811523,14.54599952697754,14.194000244140623,14.423999786376951,5540000,Yahoo Finance daily
2015-09-25,us,NOW,,14.62600040435791,14.895999908447266,14.387999534606934,14.571999549865724,11848000,Yahoo Finance daily
2015-09-28,us,NOW,,14.526000022888184,14.562000274658203,13.751999855041504,13.805999755859377,8807000,Yahoo Finance daily
2015-09-29,us,NOW,,13.793999671936035,13.93000030517578,13.552000045776367,13.788000106811523,5416000,Yahoo Finance daily
2015-09-30,us,NOW,,13.944000244140623,14.0600004196167,13.413999557495115,13.890000343322754,8465000,Yahoo Finance daily
2015-10-01,us,NOW,,13.82800006866455,14.329999923706056,13.529999732971191,14.315999984741213,8887000,Yahoo Finance daily
2015-10-02,us,NOW,,14.06999969482422,14.45199966430664,13.979999542236328,14.446000099182127,4620000,Yahoo Finance daily
2015-10-05,us,NOW,,14.52400016784668,15.305999755859377,14.479999542236328,15.293999671936035,9133000,Yahoo Finance daily
2015-10-06,us,NOW,,15.18000030517578,15.381999969482422,14.850000381469728,14.916000366210938,6362000,Yahoo Finance daily
2015-10-07,us,NOW,,15.04599952697754,15.053999900817873,14.604000091552734,14.994000434875488,9229000,Yahoo Finance daily
2015-10-08,us,NOW,,14.986000061035156,14.986000061035156,14.354000091552734,14.604000091552734,8397000,Yahoo Finance daily
2015-10-09,us,NOW,,14.62399959564209,14.944000244140623,14.435999870300291,14.883999824523926,4711500,Yahoo Finance daily
2015-10-12,us,NOW,,14.868000030517578,15.04800033569336,14.711999893188477,14.855999946594238,2778000,Yahoo Finance daily
2015-10-13,us,NOW,,14.815999984741213,15.241999626159668,14.720000267028809,14.83199977874756,3839500,Yahoo Finance daily
2015-10-14,us,NOW,,14.803999900817873,15.003999710083008,14.685999870300291,14.779999732971191,5115000,Yahoo Finance daily
2015-10-15,us,NOW,,14.79800033569336,15.260000228881836,14.784000396728516,15.128000259399414,6445500,Yahoo Finance daily
2015-10-16,us,NOW,,15.076000213623049,15.29800033569336,15.013999938964844,15.291999816894531,5273500,Yahoo Finance daily
2015-10-19,us,NOW,,15.267999649047852,15.345999717712402,14.973999977111816,15.157999992370604,5199000,Yahoo Finance daily
2015-10-20,us,NOW,,15.184000015258787,15.317999839782717,14.86400032043457,14.946000099182127,5803500,Yahoo Finance daily
2015-10-21,us,NOW,,14.98799991607666,15.026000022888184,14.592000007629396,14.604000091552734,12413000,Yahoo Finance daily
2015-10-22,us,NOW,,14.461999893188477,15.722000122070312,14.458000183105469,15.59000015258789,20111000,Yahoo Finance daily
2015-10-23,us,NOW,,15.637999534606934,15.791999816894531,15.064000129699709,15.777999877929688,13104500,Yahoo Finance daily
2015-10-26,us,NOW,,15.77400016784668,15.859999656677246,15.550000190734863,15.760000228881836,4691000,Yahoo Finance daily
2015-10-27,us,NOW,,15.673999786376951,16.0939998626709,15.633999824523926,16.034000396728516,8997000,Yahoo Finance daily
2015-10-28,us,NOW,,16.016000747680664,16.43600082397461,15.944000244140623,16.43000030517578,8713000,Yahoo Finance daily
2015-10-29,us,NOW,,16.402000427246094,16.582000732421875,16.275999069213867,16.312000274658203,4078000,Yahoo Finance daily
2015-10-30,us,NOW,,16.38800048828125,16.469999313354492,16.18000030517578,16.329999923706055,7163500,Yahoo Finance daily
2015-11-02,us,NOW,,16.336000442504883,16.483999252319336,16.128000259399414,16.40399932861328,3994000,Yahoo Finance daily
2015-11-03,us,NOW,,16.399999618530273,16.736000061035156,16.236000061035156,16.506000518798828,6331500,Yahoo Finance daily
2015-11-04,us,NOW,,16.534000396728516,16.8799991607666,16.43199920654297,16.76799964904785,8674500,Yahoo Finance daily
2015-11-05,us,NOW,,16.645999908447266,16.898000717163086,16.558000564575195,16.781999588012695,6544500,Yahoo Finance daily
2015-11-06,us,NOW,,16.823999404907227,17.176000595092773,16.799999237060547,17.04800033569336,6724500,Yahoo Finance daily
2015-11-09,us,NOW,,17.0,17.106000900268555,16.81399917602539,16.920000076293945,6778000,Yahoo Finance daily
2015-11-10,us,NOW,,16.746000289916992,16.899999618530273,16.642000198364258,16.829999923706055,6510000,Yahoo Finance daily
2015-11-11,us,NOW,,16.799999237060547,16.93400001525879,16.615999221801758,16.780000686645508,4280500,Yahoo Finance daily
2015-11-12,us,NOW,,16.697999954223633,17.049999237060547,16.577999114990234,16.899999618530273,5263500,Yahoo Finance daily
2015-11-13,us,NOW,,16.808000564575195,16.92799949645996,16.464000701904297,16.576000213623047,5556000,Yahoo Finance daily
2015-11-16,us,NOW,,16.513999938964844,16.92799949645996,16.408000946044922,16.874000549316406,3817500,Yahoo Finance daily
2015-11-17,us,NOW,,16.8799991607666,17.106000900268555,16.799999237060547,16.98200035095215,4607000,Yahoo Finance daily
2015-11-18,us,NOW,,17.0,17.190000534057617,16.856000900268555,17.149999618530273,9840500,Yahoo Finance daily
2015-11-19,us,NOW,,17.200000762939453,17.398000717163086,17.110000610351562,17.149999618530273,8004000,Yahoo Finance daily
2015-11-20,us,NOW,,17.22800064086914,17.441999435424805,17.15399932861328,17.238000869750977,7177500,Yahoo Finance daily
2015-11-23,us,NOW,,17.214000701904297,17.540000915527344,17.163999557495117,17.29199981689453,4400500,Yahoo Finance daily
2015-11-24,us,NOW,,17.142000198364258,17.371999740600586,17.030000686645508,17.34000015258789,4160500,Yahoo Finance daily
2015-11-25,us,NOW,,17.333999633789062,17.54599952697754,17.332000732421875,17.378000259399414,3325500,Yahoo Finance daily
2015-11-27,us,NOW,,17.347999572753906,17.54800033569336,17.332000732421875,17.45800018310547,2103000,Yahoo Finance daily
2015-11-30,us,NOW,,17.516000747680664,17.516000747680664,17.229999542236328,17.402000427246094,6056500,Yahoo Finance daily
2015-12-01,us,NOW,,17.45400047302246,17.483999252319336,17.22599983215332,17.29400062561035,7103000,Yahoo Finance daily
2015-12-02,us,NOW,,17.399999618530273,17.780000686645508,17.360000610351562,17.506000518798828,9281500,Yahoo Finance daily
2015-12-03,us,NOW,,17.663999557495117,18.107999801635746,17.511999130249023,17.618000030517578,11389500,Yahoo Finance daily
2015-12-04,us,NOW,,17.6200008392334,18.256000518798828,17.6200008392334,17.99799919128418,9107500,Yahoo Finance daily
2015-12-07,us,NOW,,17.9060001373291,17.98200035095215,17.525999069213867,17.59600067138672,6186000,Yahoo Finance daily
2015-12-08,us,NOW,,17.413999557495117,17.694000244140625,17.1299991607666,17.54400062561035,6928000,Yahoo Finance daily
2015-12-09,us,NOW,,17.45599937438965,17.531999588012695,17.143999099731445,17.219999313354492,5836000,Yahoo Finance daily
2015-12-10,us,NOW,,17.214000701904297,17.576000213623047,17.194000244140625,17.38800048828125,5576500,Yahoo Finance daily
2015-12-11,us,NOW,,17.194000244140625,17.399999618530273,16.634000778198242,16.697999954223633,9505500,Yahoo Finance daily
2015-12-14,us,NOW,,16.694000244140625,16.850000381469727,16.423999786376953,16.714000701904297,8217500,Yahoo Finance daily
2015-12-15,us,NOW,,16.805999755859375,17.257999420166016,16.805999755859375,17.1200008392334,7113000,Yahoo Finance daily
2015-12-16,us,NOW,,17.197999954223633,17.520000457763672,16.988000869750977,17.47800064086914,7834500,Yahoo Finance daily
2015-12-17,us,NOW,,17.50200080871582,17.643999099731445,17.13800048828125,17.45400047302246,7852500,Yahoo Finance daily
2015-12-18,us,NOW,,17.43600082397461,17.56399917602539,17.143999099731445,17.145999908447266,15218000,Yahoo Finance daily
2015-12-21,us,NOW,,17.38599967956543,17.420000076293945,17.224000930786133,17.40399932861328,7283000,Yahoo Finance daily
2015-12-22,us,NOW,,17.5,17.510000228881836,17.214000701904297,17.29599952697754,5163500,Yahoo Finance daily
2015-12-23,us,NOW,,17.393999099731445,17.525999069213867,17.280000686645508,17.378000259399414,4600000,Yahoo Finance daily
2015-12-24,us,NOW,,17.360000610351562,17.472000122070312,17.31800079345703,17.392000198364258,1256500,Yahoo Finance daily
2015-12-28,us,NOW,,17.327999114990234,17.45199966430664,17.257999420166016,17.378000259399414,2358000,Yahoo Finance daily
2015-12-29,us,NOW,,17.493999481201172,17.711999893188477,17.472000122070312,17.624000549316406,5609000,Yahoo Finance daily
2015-12-30,us,NOW,,17.639999389648438,17.672000885009766,17.426000595092773,17.47599983215332,3460000,Yahoo Finance daily
2015-12-31,us,NOW,,17.47599983215332,17.52199935913086,17.197999954223633,17.312000274658203,3541000,Yahoo Finance daily
2016-01-04,us,NOW,,16.996000289916992,17.134000778198242,16.634000778198242,16.81399917602539,6367500,Yahoo Finance daily
2016-01-05,us,NOW,,16.902000427246094,17.110000610351562,16.694000244140625,16.799999237060547,6643500,Yahoo Finance daily
2016-01-06,us,NOW,,16.576000213623047,16.61400032043457,16.139999389648438,16.284000396728516,7091000,Yahoo Finance daily
2016-01-07,us,NOW,,15.935999870300291,16.329999923706055,15.78600025177002,15.928000450134276,7765500,Yahoo Finance daily
2016-01-08,us,NOW,,16.02199935913086,16.1299991607666,15.57800006866455,15.62399959564209,6099500,Yahoo Finance daily
2016-01-11,us,NOW,,15.744000434875488,15.812000274658203,15.4399995803833,15.706000328063965,5568000,Yahoo Finance daily
2016-01-12,us,NOW,,15.946000099182127,16.29800033569336,15.946000099182127,16.197999954223633,8326000,Yahoo Finance daily
2016-01-13,us,NOW,,16.218000411987305,16.357999801635742,15.097999572753906,15.357999801635742,9447500,Yahoo Finance daily
2016-01-14,us,NOW,,15.446000099182127,15.699999809265137,14.781999588012695,15.642000198364258,7557000,Yahoo Finance daily
2016-01-15,us,NOW,,15.223999977111816,15.45199966430664,14.944000244140623,15.267999649047852,8869000,Yahoo Finance daily
2016-01-19,us,NOW,,15.432000160217283,15.55799961090088,14.734000205993652,14.86400032043457,9965500,Yahoo Finance daily
2016-01-20,us,NOW,,14.649999618530272,15.064000129699709,14.027999877929688,14.862000465393066,10556500,Yahoo Finance daily
2016-01-21,us,NOW,,14.947999954223633,15.222000122070312,14.723999977111816,14.881999969482422,9609000,Yahoo Finance daily
2016-01-22,us,NOW,,15.116000175476074,15.35200023651123,15.116000175476074,15.333999633789062,6355000,Yahoo Finance daily
2016-01-25,us,NOW,,15.288000106811523,15.432000160217283,15.01200008392334,15.220000267028809,9203500,Yahoo Finance daily
2016-01-26,us,NOW,,15.223999977111816,15.637999534606934,15.053999900817873,15.592000007629396,12484000,Yahoo Finance daily
2016-01-27,us,NOW,,15.423999786376951,15.520000457763672,14.906000137329102,15.074000358581545,21361000,Yahoo Finance daily
2016-01-28,us,NOW,,11.564000129699709,12.87600040435791,11.534000396728516,12.71399974822998,98876000,Yahoo Finance daily
2016-01-29,us,NOW,,12.79800033569336,13.10200023651123,12.142000198364258,12.44200038909912,36455000,Yahoo Finance daily
2016-02-01,us,NOW,,12.31999969482422,12.565999984741213,12.288000106811523,12.392000198364258,13336500,Yahoo Finance daily
2016-02-02,us,NOW,,12.29599952697754,12.32800006866455,11.366000175476074,11.449999809265137,23965500,Yahoo Finance daily
2016-02-03,us,NOW,,11.513999938964844,11.887999534606934,11.333999633789062,11.859999656677246,18258500,Yahoo Finance daily
2016-02-04,us,NOW,,11.770000457763672,12.050000190734863,11.678000450134276,11.723999977111816,18237000,Yahoo Finance daily
2016-02-05,us,NOW,,10.824000358581545,11.093999862670898,9.892000198364258,10.461999893188477,36286500,Yahoo Finance daily
2016-02-08,us,NOW,,10.184000015258787,10.223999977111816,9.199999809265137,9.428000450134276,32734000,Yahoo Finance daily
2016-02-09,us,NOW,,9.31999969482422,9.866000175476074,9.223999977111816,9.70400047302246,28093500,Yahoo Finance daily
2016-02-10,us,NOW,,9.734000205993652,10.359999656677246,9.734000205993652,9.998000144958496,15468000,Yahoo Finance daily
2016-02-11,us,NOW,,9.855999946594238,9.928000450134276,9.461999893188477,9.805999755859377,14564000,Yahoo Finance daily
2016-02-12,us,NOW,,9.895999908447266,10.05799961090088,9.621999740600586,10.015999794006348,10496500,Yahoo Finance daily
2016-02-16,us,NOW,,10.118000030517578,10.45199966430664,9.989999771118164,10.407999992370604,13594500,Yahoo Finance daily
2016-02-17,us,NOW,,10.5,11.109999656677246,10.461999893188477,11.052000045776367,26546000,Yahoo Finance daily
2016-02-18,us,NOW,,11.105999946594238,11.16800022125244,10.843999862670898,10.85200023651123,16538500,Yahoo Finance daily
2016-02-19,us,NOW,,10.843999862670898,11.12399959564209,10.812000274658203,10.947999954223633,14200500,Yahoo Finance daily
2016-02-22,us,NOW,,11.020000457763672,11.270000457763672,10.850000381469728,10.937999725341797,12305500,Yahoo Finance daily
2016-02-23,us,NOW,,10.847999572753906,10.878000259399414,10.289999961853027,10.60200023651123,14362500,Yahoo Finance daily
2016-02-24,us,NOW,,10.404000282287598,10.550000190734863,10.0,10.510000228881836,13448500,Yahoo Finance daily
2016-02-25,us,NOW,,10.621999740600586,11.0,10.553999900817873,10.83199977874756,13517500,Yahoo Finance daily
2016-02-26,us,NOW,,10.916000366210938,11.239999771118164,10.854000091552734,11.10200023651123,12932000,Yahoo Finance daily
2016-02-29,us,NOW,,11.050000190734863,11.246000289916992,10.98799991607666,10.998000144958496,9836500,Yahoo Finance daily
2016-03-01,us,NOW,,11.16800022125244,11.56999969482422,11.071999549865724,11.56999969482422,18261500,Yahoo Finance daily
2016-03-02,us,NOW,,11.5,11.621999740600586,11.324000358581545,11.531999588012695,10318500,Yahoo Finance daily
2016-03-03,us,NOW,,11.472000122070312,11.68000030517578,11.347999572753906,11.67199993133545,11540000,Yahoo Finance daily
2016-03-04,us,NOW,,11.77400016784668,11.911999702453612,11.62600040435791,11.699999809265137,9530500,Yahoo Finance daily
2016-03-07,us,NOW,,11.597999572753906,11.760000228881836,11.315999984741213,11.644000053405762,6968500,Yahoo Finance daily
2016-03-08,us,NOW,,11.682000160217283,12.211999893188477,11.630000114440918,12.067999839782717,15700500,Yahoo Finance daily
2016-03-09,us,NOW,,12.107999801635742,12.116000175476074,11.850000381469728,12.097999572753906,11128000,Yahoo Finance daily
2016-03-10,us,NOW,,12.279999732971191,12.46399974822998,11.95199966430664,12.144000053405762,11478500,Yahoo Finance daily
2016-03-11,us,NOW,,12.220000267028809,12.736000061035156,12.187999725341797,12.670000076293944,10607000,Yahoo Finance daily
2016-03-14,us,NOW,,12.567999839782717,12.621999740600586,12.371999740600586,12.470000267028809,8977500,Yahoo Finance daily
2016-03-15,us,NOW,,12.378000259399414,12.413999557495115,12.149999618530272,12.329999923706056,7616500,Yahoo Finance daily
2016-03-16,us,NOW,,12.270000457763672,12.527999877929688,12.194000244140623,12.473999977111816,5965500,Yahoo Finance daily
2016-03-17,us,NOW,,12.465999603271484,12.552000045776367,12.029999732971191,12.15999984741211,12340500,Yahoo Finance daily
2016-03-18,us,NOW,,12.210000038146973,12.267999649047852,11.98799991607666,12.029999732971191,13679500,Yahoo Finance daily
2016-03-21,us,NOW,,12.050000190734863,12.263999938964844,11.982000350952148,12.210000038146973,6889000,Yahoo Finance daily
2016-03-22,us,NOW,,12.083999633789062,12.564000129699709,12.050000190734863,12.46399974822998,8115000,Yahoo Finance daily
2016-03-23,us,NOW,,12.4399995803833,12.62399959564209,12.399999618530272,12.449999809265137,10179000,Yahoo Finance daily
2016-03-24,us,NOW,,12.305999755859377,12.343999862670898,12.166000366210938,12.338000297546388,5261000,Yahoo Finance daily
2016-03-28,us,NOW,,12.32800006866455,12.333999633789062,11.95400047302246,12.067999839782717,8083500,Yahoo Finance daily
2016-03-29,us,NOW,,12.04800033569336,12.27400016784668,11.986000061035156,12.227999687194824,7785000,Yahoo Finance daily
2016-03-30,us,NOW,,12.300000190734863,12.486000061035156,12.20400047302246,12.21399974822998,8307000,Yahoo Finance daily
2016-03-31,us,NOW,,12.18000030517578,12.281999588012695,11.986000061035156,12.236000061035156,11941500,Yahoo Finance daily
2016-04-01,us,NOW,,12.22599983215332,12.449999809265137,12.010000228881836,12.406000137329102,7682500,Yahoo Finance daily
2016-04-04,us,NOW,,12.413999557495115,12.87399959564209,12.392000198364258,12.855999946594238,11360500,Yahoo Finance daily
2016-04-05,us,NOW,,12.694000244140623,12.881999969482422,12.621999740600586,12.729999542236328,8354000,Yahoo Finance daily
2016-04-06,us,NOW,,12.748000144958496,12.821999549865724,12.58199977874756,12.767999649047852,8878500,Yahoo Finance daily
2016-04-07,us,NOW,,12.718000411987305,12.96399974822998,12.663999557495115,12.803999900817873,6509000,Yahoo Finance daily
2016-04-08,us,NOW,,12.871999740600586,13.005999565124512,12.758000373840332,12.899999618530272,6180500,Yahoo Finance daily
2016-04-11,us,NOW,,12.973999977111816,13.065999984741213,12.63599967956543,12.661999702453612,6741000,Yahoo Finance daily
2016-04-12,us,NOW,,12.597999572753906,12.663999557495115,12.3100004196167,12.350000381469728,12306500,Yahoo Finance daily
2016-04-13,us,NOW,,12.494000434875488,12.78600025177002,12.28600025177002,12.753999710083008,8877000,Yahoo Finance daily
2016-04-14,us,NOW,,12.616000175476074,12.699999809265137,12.380000114440918,12.600000381469728,17218000,Yahoo Finance daily
2016-04-15,us,NOW,,12.63599967956543,12.684000015258787,12.491999626159668,12.656000137329102,5943000,Yahoo Finance daily
2016-04-18,us,NOW,,12.640000343322754,12.979999542236328,12.604000091552734,12.894000053405762,11296000,Yahoo Finance daily
2016-04-19,us,NOW,,12.894000053405762,12.947999954223633,12.510000228881836,12.734000205993652,10458500,Yahoo Finance daily
2016-04-20,us,NOW,,12.836000442504885,13.100000381469728,12.776000022888184,13.022000312805176,14012500,Yahoo Finance daily
2016-04-21,us,NOW,,14.95400047302246,15.368000030517578,14.642000198364258,14.854000091552734,41977500,Yahoo Finance daily
2016-04-22,us,NOW,,14.687999725341797,14.75,14.359999656677246,14.621999740600586,16268000,Yahoo Finance daily
2016-04-25,us,NOW,,14.670000076293944,14.913999557495115,14.600000381469728,14.682000160217283,12625500,Yahoo Finance daily
2016-04-26,us,NOW,,14.684000015258787,14.697999954223633,14.413999557495115,14.531999588012695,7046500,Yahoo Finance daily
2016-04-27,us,NOW,,14.449999809265137,14.76200008392334,14.449999809265137,14.630000114440918,7613500,Yahoo Finance daily
2016-04-28,us,NOW,,14.62399959564209,14.727999687194824,14.223999977111816,14.27400016784668,7070000,Yahoo Finance daily
2016-04-29,us,NOW,,14.267999649047852,14.425999641418455,14.034000396728516,14.29599952697754,8900500,Yahoo Finance daily
2016-05-02,us,NOW,,14.289999961853027,14.420000076293944,14.17199993133545,14.404000282287598,5783000,Yahoo Finance daily
2016-05-03,us,NOW,,14.16800022125244,14.218000411987305,13.82800006866455,13.968000411987305,7990000,Yahoo Finance daily
2016-05-04,us,NOW,,13.895999908447266,13.965999603271484,13.503999710083008,13.522000312805176,8517000,Yahoo Finance daily
2016-05-05,us,NOW,,13.61400032043457,13.72599983215332,13.45400047302246,13.55799961090088,7552000,Yahoo Finance daily
2016-05-06,us,NOW,,13.40999984741211,13.54800033569336,13.166000366210938,13.456000328063965,8064000,Yahoo Finance daily
2016-05-09,us,NOW,,13.369999885559082,13.65999984741211,13.359999656677246,13.486000061035156,4594000,Yahoo Finance daily
2016-05-10,us,NOW,,13.48799991607666,13.739999771118164,13.435999870300291,13.706000328063965,7004500,Yahoo Finance daily
2016-05-11,us,NOW,,13.70199966430664,14.02400016784668,13.684000015258787,13.727999687194824,7801000,Yahoo Finance daily
2016-05-12,us,NOW,,13.857999801635742,13.916000366210938,13.4399995803833,13.494000434875488,8438000,Yahoo Finance daily
2016-05-13,us,NOW,,13.45199966430664,13.675999641418455,13.368000030517578,13.48799991607666,7385000,Yahoo Finance daily
2016-05-16,us,NOW,,13.51200008392334,14.09000015258789,13.458000183105469,14.0600004196167,9719000,Yahoo Finance daily
2016-05-17,us,NOW,,14.034000396728516,14.10200023651123,13.791999816894531,13.899999618530272,5901000,Yahoo Finance daily
2016-05-18,us,NOW,,13.91800022125244,14.210000038146973,13.845999717712402,14.005999565124512,5032500,Yahoo Finance daily
2016-05-19,us,NOW,,14.199999809265137,14.399999618530272,13.92199993133545,13.949999809265137,9601500,Yahoo Finance daily
2016-05-20,us,NOW,,14.076000213623049,14.154000282287598,13.616000175476074,14.0,14416000,Yahoo Finance daily
2016-05-23,us,NOW,,13.913999557495115,14.22599983215332,13.878000259399414,14.04599952697754,5903500,Yahoo Finance daily
2016-05-24,us,NOW,,14.107999801635742,14.362000465393066,14.017999649047852,14.196000099182127,7512000,Yahoo Finance daily
2016-05-25,us,NOW,,14.270000457763672,14.300000190734863,14.12600040435791,14.152000427246094,5580000,Yahoo Finance daily
2016-05-26,us,NOW,,14.142000198364258,14.211999893188477,13.98799991607666,14.010000228881836,5859000,Yahoo Finance daily
2016-05-27,us,NOW,,13.982000350952148,14.178000450134276,13.781999588012695,14.145999908447266,6748500,Yahoo Finance daily
2016-05-31,us,NOW,,14.116000175476074,14.338000297546388,14.053999900817873,14.326000213623049,11477000,Yahoo Finance daily
2016-06-01,us,NOW,,14.276000022888184,14.699999809265137,14.211999893188477,14.633999824523926,9448500,Yahoo Finance daily
2016-06-02,us,NOW,,14.55799961090088,14.85200023651123,14.501999855041504,14.845999717712402,5923500,Yahoo Finance daily
2016-06-03,us,NOW,,14.763999938964844,14.800000190734863,14.571999549865724,14.706000328063965,5513500,Yahoo Finance daily
2016-06-06,us,NOW,,14.73799991607666,15.050000190734863,14.69200038909912,15.01200008392334,5396500,Yahoo Finance daily
2016-06-07,us,NOW,,14.97599983215332,15.21399974822998,14.8100004196167,15.20400047302246,9890500,Yahoo Finance daily
2016-06-08,us,NOW,,15.19200038909912,15.552000045776367,15.079999923706056,15.407999992370604,12655000,Yahoo Finance daily
2016-06-09,us,NOW,,15.28600025177002,15.45199966430664,15.079999923706056,15.112000465393066,4280000,Yahoo Finance daily
2016-06-10,us,NOW,,14.935999870300291,15.017999649047852,14.758000373840332,14.805999755859377,6952500,Yahoo Finance daily
2016-06-13,us,NOW,,14.663999557495115,14.87600040435791,14.510000228881836,14.541999816894531,8768000,Yahoo Finance daily
2016-06-14,us,NOW,,14.501999855041504,14.70400047302246,14.437999725341797,14.595999717712402,4674000,Yahoo Finance daily
2016-06-15,us,NOW,,14.62399959564209,15.017999649047852,14.60200023651123,14.894000053405762,5402000,Yahoo Finance daily
2016-06-16,us,NOW,,14.76200008392334,14.791999816894531,14.53600025177002,14.736000061035156,3884500,Yahoo Finance daily
2016-06-17,us,NOW,,14.654000282287598,14.906000137329102,14.324000358581545,14.413999557495115,8872000,Yahoo Finance daily
2016-06-20,us,NOW,,14.633999824523926,14.72599983215332,14.5,14.520000457763672,5546000,Yahoo Finance daily
2016-06-21,us,NOW,,14.571999549865724,14.628000259399414,14.37399959564209,14.54599952697754,4637000,Yahoo Finance daily
2016-06-22,us,NOW,,14.494000434875488,14.52400016784668,14.359999656677246,14.383999824523926,3757500,Yahoo Finance daily
2016-06-23,us,NOW,,14.43000030517578,15.038000106811523,14.350000381469728,15.03600025177002,6818000,Yahoo Finance daily
2016-06-24,us,NOW,,14.513999938964844,14.644000053405762,14.041999816894531,14.065999984741213,13232000,Yahoo Finance daily
2016-06-27,us,NOW,,13.934000015258787,13.972000122070312,12.70199966430664,12.734000205993652,15169000,Yahoo Finance daily
2016-06-28,us,NOW,,13.0,13.140000343322754,12.776000022888184,13.026000022888184,11279000,Yahoo Finance daily
2016-06-29,us,NOW,,13.166000366210938,13.395999908447266,13.11400032043457,13.288000106811523,7424000,Yahoo Finance daily
2016-06-30,us,NOW,,13.399999618530272,13.399999618530272,12.979999542236328,13.279999732971191,8578500,Yahoo Finance daily
2016-07-01,us,NOW,,13.303999900817873,13.489999771118164,13.20199966430664,13.241999626159668,4085000,Yahoo Finance daily
2016-07-05,us,NOW,,13.182000160217283,13.182000160217283,12.95400047302246,13.053999900817873,7696000,Yahoo Finance daily
2016-07-06,us,NOW,,13.010000228881836,13.112000465393066,12.862000465393066,13.065999984741213,5859500,Yahoo Finance daily
2016-07-07,us,NOW,,13.109999656677246,13.137999534606934,12.949999809265137,13.001999855041504,6519500,Yahoo Finance daily
2016-07-08,us,NOW,,13.08199977874756,13.925999641418455,13.08199977874756,13.824000358581545,10481500,Yahoo Finance daily
2016-07-11,us,NOW,,13.881999969482422,14.055999755859377,13.760000228881836,13.770000457763672,5677500,Yahoo Finance daily
2016-07-12,us,NOW,,13.868000030517578,14.465999603271484,13.621999740600586,14.092000007629396,9270500,Yahoo Finance daily
2016-07-13,us,NOW,,14.333999633789062,14.552000045776367,14.013999938964844,14.029999732971191,9105500,Yahoo Finance daily
2016-07-14,us,NOW,,14.170000076293944,14.251999855041504,14.029999732971191,14.031999588012695,4214000,Yahoo Finance daily
2016-07-15,us,NOW,,14.293999671936035,14.326000213623049,14.065999984741213,14.20400047302246,6142000,Yahoo Finance daily
2016-07-18,us,NOW,,14.163999557495115,14.18000030517578,13.935999870300291,13.965999603271484,7148500,Yahoo Finance daily
2016-07-19,us,NOW,,13.965999603271484,14.182000160217283,13.925999641418455,13.998000144958496,4697000,Yahoo Finance daily
2016-07-20,us,NOW,,14.13599967956543,14.684000015258787,14.022000312805176,14.529999732971191,8777500,Yahoo Finance daily
2016-07-21,us,NOW,,14.479999542236328,14.586000442504885,14.121999740600586,14.210000038146973,6678500,Yahoo Finance daily
2016-07-22,us,NOW,,14.3100004196167,14.628000259399414,14.152000427246094,14.534000396728516,5669500,Yahoo Finance daily
2016-07-25,us,NOW,,14.567999839782717,14.836000442504885,14.522000312805176,14.711999893188477,6916000,Yahoo Finance daily
2016-07-26,us,NOW,,14.711999893188477,14.79800033569336,14.592000007629396,14.66800022125244,5579500,Yahoo Finance daily
2016-07-27,us,NOW,,14.800000190734863,15.0,14.496000289916992,14.595999717712402,10697000,Yahoo Finance daily
2016-07-28,us,NOW,,15.079999923706056,15.753999710083008,14.829999923706056,15.276000022888184,19959500,Yahoo Finance daily
2016-07-29,us,NOW,,15.18000030517578,15.18000030517578,14.687999725341797,14.984000205993652,12462500,Yahoo Finance daily
2016-08-01,us,NOW,,14.958000183105469,15.09000015258789,14.8100004196167,15.013999938964844,6431000,Yahoo Finance daily
2016-08-02,us,NOW,,14.91800022125244,14.96399974822998,14.338000297546388,14.645999908447266,10742500,Yahoo Finance daily
2016-08-03,us,NOW,,14.562000274658203,14.878000259399414,14.5,14.854000091552734,10052000,Yahoo Finance daily
2016-08-04,us,NOW,,14.77400016784668,15.005999565124512,14.77400016784668,14.98799991607666,8581500,Yahoo Finance daily
2016-08-05,us,NOW,,15.017999649047852,15.197999954223633,14.977999687194824,15.166000366210938,4417000,Yahoo Finance daily
2016-08-08,us,NOW,,15.0,15.12600040435791,14.928000450134276,14.98799991607666,5605000,Yahoo Finance daily
2016-08-09,us,NOW,,14.96399974822998,15.055999755859377,14.934000015258787,15.0,3665500,Yahoo Finance daily
2016-08-10,us,NOW,,15.0,15.015999794006348,14.854000091552734,14.90999984741211,3339500,Yahoo Finance daily
2016-08-11,us,NOW,,14.928000450134276,15.258000373840332,14.899999618530272,15.218000411987305,6324000,Yahoo Finance daily
2016-08-12,us,NOW,,15.105999946594238,15.15999984741211,14.991999626159668,15.154000282287598,5398000,Yahoo Finance daily
2016-08-15,us,NOW,,15.16800022125244,15.362000465393066,15.029999732971191,15.347999572753906,4308000,Yahoo Finance daily
2016-08-16,us,NOW,,15.281999588012695,15.29599952697754,14.899999618530272,14.904000282287598,4475000,Yahoo Finance daily
2016-08-17,us,NOW,,14.842000007629396,14.9399995803833,14.53600025177002,14.61400032043457,5829000,Yahoo Finance daily
2016-08-18,us,NOW,,14.64799976348877,14.72599983215332,14.496000289916992,14.61400032043457,5220000,Yahoo Finance daily
2016-08-19,us,NOW,,14.571999549865724,14.791999816894531,14.515999794006348,14.73799991607666,3681500,Yahoo Finance daily
2016-08-22,us,NOW,,14.72599983215332,14.739999771118164,14.25,14.277999877929688,6752500,Yahoo Finance daily
2016-08-23,us,NOW,,14.399999618530272,14.600000381469728,14.359999656677246,14.52400016784668,5035000,Yahoo Finance daily
2016-08-24,us,NOW,,14.48799991607666,14.69200038909912,14.48799991607666,14.553999900817873,5087500,Yahoo Finance daily
2016-08-25,us,NOW,,14.633999824523926,14.982000350952148,14.555999755859377,14.720000267028809,5087500,Yahoo Finance daily
2016-08-26,us,NOW,,14.684000015258787,14.815999984741213,14.576000213623049,14.699999809265137,3732000,Yahoo Finance daily
2016-08-29,us,NOW,,14.722000122070312,14.765999794006348,14.583999633789062,14.678000450134276,4425000,Yahoo Finance daily
2016-08-30,us,NOW,,14.65999984741211,14.75,14.618000030517578,14.687999725341797,4380500,Yahoo Finance daily
2016-08-31,us,NOW,,14.539999961853027,14.5600004196167,14.347999572753906,14.534000396728516,4785000,Yahoo Finance daily
2016-09-01,us,NOW,,14.425999641418455,14.817999839782717,14.38599967956543,14.800000190734863,7740500,Yahoo Finance daily
2016-09-02,us,NOW,,14.81999969482422,15.371999740600586,14.81999969482422,15.248000144958496,9946500,Yahoo Finance daily
2016-09-06,us,NOW,,15.345999717712402,15.597999572753906,15.196000099182127,15.543999671936035,10698500,Yahoo Finance daily
2016-09-07,us,NOW,,15.47599983215332,15.678000450134276,15.29599952697754,15.312000274658203,8607000,Yahoo Finance daily
2016-09-08,us,NOW,,15.279999732971191,15.329999923706056,14.98799991607666,15.079999923706056,5774500,Yahoo Finance daily
2016-09-09,us,NOW,,14.96399974822998,15.071999549865724,14.670000076293944,14.715999603271484,4222500,Yahoo Finance daily
2016-09-12,us,NOW,,14.644000053405762,14.94200038909912,14.538000106811523,14.906000137329102,3520000,Yahoo Finance daily
2016-09-13,us,NOW,,14.722000122070312,14.854000091552734,14.267999649047852,14.484000205993652,9986500,Yahoo Finance daily
2016-09-14,us,NOW,,14.494000434875488,14.656000137329102,14.395999908447266,14.51200008392334,6478000,Yahoo Finance daily
2016-09-15,us,NOW,,14.654000282287598,15.550000190734863,14.595999717712402,15.541999816894531,15420500,Yahoo Finance daily
2016-09-16,us,NOW,,15.40999984741211,15.670000076293944,15.355999946594238,15.458000183105469,10568500,Yahoo Finance daily
2016-09-19,us,NOW,,15.576000213623049,15.640000343322754,15.18000030517578,15.197999954223633,4619500,Yahoo Finance daily
2016-09-20,us,NOW,,15.104000091552734,15.218000411987305,14.956000328063965,15.055999755859377,5618000,Yahoo Finance daily
2016-09-21,us,NOW,,15.184000015258787,15.383999824523926,14.991999626159668,15.37600040435791,5725000,Yahoo Finance daily
2016-09-22,us,NOW,,15.489999771118164,15.633999824523926,15.381999969482422,15.583999633789062,7032000,Yahoo Finance daily
2016-09-23,us,NOW,,15.52400016784668,15.555999755859377,15.359999656677246,15.489999771118164,6028000,Yahoo Finance daily
2016-09-26,us,NOW,,15.425999641418455,15.446000099182127,15.281999588012695,15.350000381469728,4545500,Yahoo Finance daily
2016-09-27,us,NOW,,15.29800033569336,15.838000297546388,15.270000457763672,15.80799961090088,7532500,Yahoo Finance daily
2016-09-28,us,NOW,,15.817999839782717,16.062000274658203,15.817999839782717,15.95400047302246,9465000,Yahoo Finance daily
2016-09-29,us,NOW,,15.881999969482422,16.020000457763672,15.54599952697754,15.696000099182127,5142000,Yahoo Finance daily
2016-09-30,us,NOW,,15.751999855041504,15.9399995803833,15.612000465393066,15.829999923706056,7842000,Yahoo Finance daily
2016-10-03,us,NOW,,15.814000129699709,15.944000244140623,15.68000030517578,15.913999557495115,5281500,Yahoo Finance daily
2016-10-04,us,NOW,,15.91800022125244,15.968000411987305,15.685999870300291,15.855999946594238,7211500,Yahoo Finance daily
2016-10-05,us,NOW,,15.789999961853027,16.003999710083008,15.760000228881836,15.88599967956543,5432000,Yahoo Finance daily
2016-10-06,us,NOW,,15.89799976348877,15.982000350952148,15.593999862670898,15.675999641418455,5840000,Yahoo Finance daily
2016-10-07,us,NOW,,15.630000114440918,15.789999961853027,15.494000434875488,15.70400047302246,6467500,Yahoo Finance daily
2016-10-10,us,NOW,,15.80799961090088,16.097999572753906,15.80799961090088,16.006000518798828,5285000,Yahoo Finance daily
2016-10-11,us,NOW,,16.049999237060547,16.15999984741211,15.67199993133545,15.760000228881836,8374500,Yahoo Finance daily
2016-10-12,us,NOW,,15.326000213623049,15.413999557495115,14.604000091552734,15.053999900817873,16010000,Yahoo Finance daily
2016-10-13,us,NOW,,14.949999809265137,15.12399959564209,14.770000457763672,15.07800006866455,7448000,Yahoo Finance daily
2016-10-14,us,NOW,,15.229999542236328,15.288000106811523,15.01200008392334,15.12399959564209,7914500,Yahoo Finance daily
2016-10-17,us,NOW,,15.145999908447266,15.14799976348877,14.85200023651123,14.928000450134276,5166000,Yahoo Finance daily
2016-10-18,us,NOW,,15.277999877929688,15.593999862670898,15.121999740600586,15.232000350952148,5001500,Yahoo Finance daily
2016-10-19,us,NOW,,15.833999633789062,16.030000686645508,15.631999969482422,15.784000396728516,17410000,Yahoo Finance daily
2016-10-20,us,NOW,,15.741999626159668,15.800000190734863,15.637999534606934,15.770000457763672,7807000,Yahoo Finance daily
2016-10-21,us,NOW,,15.6899995803833,16.052000045776367,15.637999534606934,16.011999130249023,7276500,Yahoo Finance daily
2016-10-24,us,NOW,,16.077999114990234,16.31599998474121,16.031999588012695,16.200000762939453,10638000,Yahoo Finance daily
2016-10-25,us,NOW,,16.22599983215332,16.389999389648438,15.881999969482422,15.958000183105469,10585000,Yahoo Finance daily
2016-10-26,us,NOW,,15.902000427246094,15.996000289916992,15.722000122070312,15.779999732971191,11460000,Yahoo Finance daily
2016-10-27,us,NOW,,17.36400032043457,17.95800018310547,16.91200065612793,16.992000579833984,55561500,Yahoo Finance daily
2016-10-28,us,NOW,,17.04199981689453,17.47800064086914,16.916000366210938,17.224000930786133,15511500,Yahoo Finance daily
2016-10-31,us,NOW,,17.22599983215332,17.607999801635742,17.17799949645996,17.582000732421875,13953500,Yahoo Finance daily
2016-11-01,us,NOW,,17.489999771118164,17.511999130249023,17.18199920654297,17.378000259399414,12812500,Yahoo Finance daily
2016-11-02,us,NOW,,17.20400047302246,17.384000778198242,16.90999984741211,16.917999267578125,8233000,Yahoo Finance daily
2016-11-03,us,NOW,,16.913999557495117,17.01799964904785,16.70599937438965,16.775999069213867,8146500,Yahoo Finance daily
2016-11-04,us,NOW,,16.799999237060547,16.95400047302246,16.6200008392334,16.642000198364258,8154000,Yahoo Finance daily
2016-11-07,us,NOW,,16.95400047302246,17.163999557495117,16.878000259399414,17.01799964904785,7046500,Yahoo Finance daily
2016-11-08,us,NOW,,16.893999099731445,17.200000762939453,16.75,17.100000381469727,5680500,Yahoo Finance daily
2016-11-09,us,NOW,,16.79800033569336,17.209999084472656,16.667999267578125,16.996000289916992,6786500,Yahoo Finance daily
2016-11-10,us,NOW,,17.149999618530273,17.540000915527344,16.40999984741211,16.42799949645996,13004500,Yahoo Finance daily
2016-11-11,us,NOW,,16.36199951171875,16.56599998474121,16.100000381469727,16.525999069213867,9260000,Yahoo Finance daily
2016-11-14,us,NOW,,16.577999114990234,16.784000396728516,16.459999084472656,16.65399932861328,6796000,Yahoo Finance daily
2016-11-15,us,NOW,,16.68600082397461,17.243999481201172,16.639999389648438,17.124000549316406,8268500,Yahoo Finance daily
2016-11-16,us,NOW,,17.04800033569336,17.20599937438965,16.97800064086914,17.134000778198242,5325000,Yahoo Finance daily
2016-11-17,us,NOW,,17.15399932861328,17.43400001525879,17.101999282836914,17.365999221801758,4585500,Yahoo Finance daily
2016-11-18,us,NOW,,17.402000427246094,17.558000564575195,17.100000381469727,17.149999618530273,6241500,Yahoo Finance daily
2016-11-21,us,NOW,,17.15999984741211,17.399999618530273,17.149999618530273,17.309999465942383,7527500,Yahoo Finance daily
2016-11-22,us,NOW,,17.25200080871582,17.336000442504883,17.083999633789062,17.246000289916992,6720500,Yahoo Finance daily
2016-11-23,us,NOW,,17.18600082397461,17.531999588012695,17.18600082397461,17.40999984741211,6751500,Yahoo Finance daily
2016-11-25,us,NOW,,17.381999969482422,17.67799949645996,17.299999237060547,17.54800033569336,3594000,Yahoo Finance daily
2016-11-28,us,NOW,,17.540000915527344,17.68000030517578,16.91200065612793,16.964000701904297,9084000,Yahoo Finance daily
2016-11-29,us,NOW,,16.969999313354492,17.100000381469727,16.65399932861328,16.68400001525879,7811000,Yahoo Finance daily
2016-11-30,us,NOW,,16.850000381469727,16.95400047302246,16.531999588012695,16.6299991607666,7820000,Yahoo Finance daily
2016-12-01,us,NOW,,16.639999389648438,16.700000762939453,15.267999649047852,15.41800022125244,15621000,Yahoo Finance daily
2016-12-02,us,NOW,,14.56999969482422,15.342000007629396,14.5600004196167,15.312000274658203,15514500,Yahoo Finance daily
2016-12-05,us,NOW,,15.465999603271484,15.994000434875488,15.45199966430664,15.973999977111816,10865500,Yahoo Finance daily
2016-12-06,us,NOW,,16.0,16.0,15.694000244140623,15.92199993133545,8286500,Yahoo Finance daily
2016-12-07,us,NOW,,16.034000396728516,16.034000396728516,15.644000053405762,15.996000289916992,7070500,Yahoo Finance daily
2016-12-08,us,NOW,,16.079999923706055,16.1560001373291,15.904000282287598,16.02199935913086,6494500,Yahoo Finance daily
2016-12-09,us,NOW,,16.145999908447266,16.31800079345703,15.843999862670898,15.880000114440918,4515000,Yahoo Finance daily
2016-12-12,us,NOW,,15.770000457763672,15.770000457763672,15.35200023651123,15.576000213623049,8457500,Yahoo Finance daily
2016-12-13,us,NOW,,15.73799991607666,16.139999389648438,15.73799991607666,15.878000259399414,4320500,Yahoo Finance daily
2016-12-14,us,NOW,,15.923999786376951,15.93000030517578,15.715999603271484,15.789999961853027,5038500,Yahoo Finance daily
2016-12-15,us,NOW,,15.78600025177002,16.054000854492188,15.772000312805176,15.88599967956543,3707500,Yahoo Finance daily
2016-12-16,us,NOW,,15.892000198364258,15.97599983215332,15.45199966430664,15.571999549865724,6690500,Yahoo Finance daily
2016-12-19,us,NOW,,15.543999671936035,15.616000175476074,15.4399995803833,15.5,4874000,Yahoo Finance daily
2016-12-20,us,NOW,,15.619999885559082,15.70400047302246,15.435999870300291,15.65999984741211,4540000,Yahoo Finance daily
2016-12-21,us,NOW,,15.607999801635742,15.607999801635742,15.206000328063965,15.449999809265137,5095000,Yahoo Finance daily
2016-12-22,us,NOW,,15.383999824523926,15.40999984741211,14.833999633789062,14.90999984741211,6828000,Yahoo Finance daily
2016-12-23,us,NOW,,14.920000076293944,15.21399974822998,14.871999740600586,15.20400047302246,3031000,Yahoo Finance daily
2016-12-27,us,NOW,,15.20199966430664,15.479999542236328,15.199999809265137,15.37600040435791,2743500,Yahoo Finance daily
2016-12-28,us,NOW,,15.35200023651123,15.40999984741211,15.027999877929688,15.043999671936035,4892000,Yahoo Finance daily
2016-12-29,us,NOW,,15.034000396728516,15.121999740600586,14.84000015258789,14.98799991607666,3796500,Yahoo Finance daily
2016-12-30,us,NOW,,15.022000312805176,15.088000297546388,14.732000350952148,14.868000030517578,5257500,Yahoo Finance daily
2017-01-03,us,NOW,,15.062000274658203,15.39799976348877,14.925999641418455,15.131999969482422,5509000,Yahoo Finance daily
2017-01-04,us,NOW,,15.218000411987305,15.79599952697754,15.178000450134276,15.765999794006348,10076500,Yahoo Finance daily
2017-01-05,us,NOW,,15.741999626159668,15.934000015258787,15.66800022125244,15.826000213623049,7820000,Yahoo Finance daily
2017-01-06,us,NOW,,15.847999572753906,16.47800064086914,15.779999732971191,16.420000076293945,8433000,Yahoo Finance daily
2017-01-09,us,NOW,,16.360000610351562,16.513999938964844,16.260000228881836,16.399999618530273,6696000,Yahoo Finance daily
2017-01-10,us,NOW,,16.450000762939453,16.486000061035156,16.22800064086914,16.333999633789062,6344000,Yahoo Finance daily
2017-01-11,us,NOW,,16.25200080871582,16.979999542236328,16.25200080871582,16.780000686645508,10423500,Yahoo Finance daily
2017-01-12,us,NOW,,16.604000091552734,16.75200080871582,16.18199920654297,16.691999435424805,6990000,Yahoo Finance daily
2017-01-13,us,NOW,,16.763999938964844,16.799999237060547,16.525999069213867,16.70599937438965,3729000,Yahoo Finance daily
2017-01-17,us,NOW,,16.615999221801758,16.649999618530273,16.257999420166016,16.281999588012695,4399500,Yahoo Finance daily
2017-01-18,us,NOW,,16.601999282836914,16.8700008392334,16.538000106811523,16.56999969482422,7330500,Yahoo Finance daily
2017-01-19,us,NOW,,16.591999053955078,16.719999313354492,16.47800064086914,16.540000915527344,6510500,Yahoo Finance daily
2017-01-20,us,NOW,,16.624000549316406,16.854000091552734,16.621999740600586,16.68000030517578,6259500,Yahoo Finance daily
2017-01-23,us,NOW,,16.76799964904785,16.781999588012695,16.45199966430664,16.649999618530273,4944000,Yahoo Finance daily
2017-01-24,us,NOW,,16.77199935913086,16.917999267578125,16.42799949645996,16.79400062561035,7439000,Yahoo Finance daily
2017-01-25,us,NOW,,16.98200035095215,17.392000198364258,16.898000717163086,17.27199935913086,13432000,Yahoo Finance daily
2017-01-26,us,NOW,,18.402000427246094,18.59600067138672,17.881999969482422,17.895999908447266,21847000,Yahoo Finance daily
2017-01-27,us,NOW,,17.802000045776367,18.100000381469727,17.742000579833984,18.01799964904785,9904500,Yahoo Finance daily
2017-01-30,us,NOW,,17.920000076293945,18.06599998474121,17.601999282836914,18.02400016784668,7928500,Yahoo Finance daily
2017-01-31,us,NOW,,18.020000457763672,18.13400077819824,17.790000915527344,18.124000549316406,6634500,Yahoo Finance daily
2017-02-01,us,NOW,,18.233999252319336,18.233999252319336,17.878000259399414,17.940000534057617,14421000,Yahoo Finance daily
2017-02-02,us,NOW,,17.850000381469727,17.968000411987305,17.645999908447266,17.77199935913086,10627000,Yahoo Finance daily
2017-02-03,us,NOW,,17.836000442504883,17.99799919128418,17.823999404907227,17.893999099731445,12274000,Yahoo Finance daily
2017-02-06,us,NOW,,17.83799934387207,18.142000198364254,17.72599983215332,18.100000381469727,7208500,Yahoo Finance daily
2017-02-07,us,NOW,,18.16200065612793,18.23200035095215,18.06999969482422,18.131999969482425,8234500,Yahoo Finance daily
2017-02-08,us,NOW,,17.95199966430664,18.08799934387207,17.878000259399414,18.01799964904785,9436500,Yahoo Finance daily
2017-02-09,us,NOW,,18.027999877929688,18.46199989318848,18.00200080871582,18.459999084472656,9100000,Yahoo Finance daily
2017-02-10,us,NOW,,18.516000747680664,18.56399917602539,18.34000015258789,18.492000579833984,8237000,Yahoo Finance daily
2017-02-13,us,NOW,,18.43600082397461,18.5,18.299999237060547,18.347999572753903,4799000,Yahoo Finance daily
2017-02-14,us,NOW,,18.336000442504883,18.65999984741211,18.270000457763672,18.577999114990234,7112500,Yahoo Finance daily
2017-02-15,us,NOW,,18.488000869750977,18.944000244140625,18.465999603271484,18.79400062561035,7922500,Yahoo Finance daily
2017-02-16,us,NOW,,18.788000106811523,18.83799934387207,18.308000564575195,18.3700008392334,7056000,Yahoo Finance daily
2017-02-17,us,NOW,,18.374000549316406,18.5939998626709,18.246000289916992,18.54800033569336,5585000,Yahoo Finance daily
2017-02-21,us,NOW,,18.60400009155273,18.70199966430664,18.43400001525879,18.63599967956543,3088500,Yahoo Finance daily
2017-02-22,us,NOW,,18.54199981689453,18.733999252319336,18.43400001525879,18.59600067138672,2738500,Yahoo Finance daily
2017-02-23,us,NOW,,18.67200088500977,18.68000030517578,18.28199958801269,18.530000686645508,4160000,Yahoo Finance daily
2017-02-24,us,NOW,,18.31999969482422,18.47800064086914,18.131999969482425,18.36400032043457,5191000,Yahoo Finance daily
2017-02-27,us,NOW,,18.121999740600582,18.121999740600582,17.38599967956543,17.549999237060547,27963500,Yahoo Finance daily
2017-02-28,us,NOW,,17.444000244140625,17.6560001373291,17.36400032043457,17.384000778198242,10841500,Yahoo Finance daily
2017-03-01,us,NOW,,17.604000091552734,17.79800033569336,17.347999572753906,17.777999877929688,15829000,Yahoo Finance daily
2017-03-02,us,NOW,,17.81800079345703,17.827999114990234,17.24799919128418,17.26799964904785,7057000,Yahoo Finance daily
2017-03-03,us,NOW,,17.20599937438965,17.437999725341797,17.20199966430664,17.29400062561035,5947500,Yahoo Finance daily
2017-03-06,us,NOW,,17.18600082397461,17.354000091552734,17.11199951171875,17.25200080871582,7096000,Yahoo Finance daily
2017-03-07,us,NOW,,17.266000747680664,17.538000106811523,17.219999313354492,17.41200065612793,7393000,Yahoo Finance daily
2017-03-08,us,NOW,,17.464000701904297,17.65399932861328,17.395999908447266,17.45800018310547,3970000,Yahoo Finance daily
2017-03-09,us,NOW,,17.461999893188477,17.625999450683594,17.277999877929688,17.56599998474121,4466000,Yahoo Finance daily
2017-03-10,us,NOW,,17.65399932861328,17.718000411987305,17.3799991607666,17.606000900268555,4285500,Yahoo Finance daily
2017-03-13,us,NOW,,17.618000030517578,17.77199935913086,17.531999588012695,17.72800064086914,6464000,Yahoo Finance daily
2017-03-14,us,NOW,,17.697999954223633,17.722000122070312,17.336000442504883,17.493999481201172,5713000,Yahoo Finance daily
2017-03-15,us,NOW,,17.576000213623047,17.753999710083008,17.45800018310547,17.68199920654297,5103500,Yahoo Finance daily
2017-03-16,us,NOW,,17.757999420166016,17.874000549316406,17.697999954223633,17.760000228881836,4768000,Yahoo Finance daily
2017-03-17,us,NOW,,17.809999465942383,17.893999099731445,17.70199966430664,17.742000579833984,5034500,Yahoo Finance daily
2017-03-20,us,NOW,,17.770000457763672,17.790000915527344,17.549999237060547,17.621999740600586,3106500,Yahoo Finance daily
2017-03-21,us,NOW,,17.760000228881836,17.799999237060547,16.757999420166016,16.785999298095703,12050500,Yahoo Finance daily
2017-03-22,us,NOW,,16.770000457763672,17.038000106811523,16.691999435424805,17.007999420166016,7117000,Yahoo Finance daily
2017-03-23,us,NOW,,17.02400016784668,17.16200065612793,16.826000213623047,16.8799991607666,4300500,Yahoo Finance daily
2017-03-24,us,NOW,,17.007999420166016,17.13800048828125,16.86199951171875,16.961999893188477,4093000,Yahoo Finance daily
2017-03-27,us,NOW,,16.847999572753906,17.118000030517578,16.68400001525879,16.974000930786133,4531000,Yahoo Finance daily
2017-03-28,us,NOW,,17.079999923706055,17.27400016784668,16.965999603271484,17.200000762939453,4702000,Yahoo Finance daily
2017-03-29,us,NOW,,17.256000518798828,17.576000213623047,17.219999313354492,17.52199935913086,7192000,Yahoo Finance daily
2017-03-30,us,NOW,,17.488000869750977,17.540000915527344,17.36199951171875,17.38800048828125,3859000,Yahoo Finance daily
2017-03-31,us,NOW,,17.36400032043457,17.600000381469727,17.275999069213867,17.493999481201172,4553000,Yahoo Finance daily
2017-04-03,us,NOW,,17.520000457763672,17.672000885009766,17.082000732421875,17.243999481201172,6249000,Yahoo Finance daily
2017-04-04,us,NOW,,17.211999893188477,17.47599983215332,17.040000915527344,17.058000564575195,5884000,Yahoo Finance daily
2017-04-05,us,NOW,,17.197999954223633,17.535999298095703,17.082000732421875,17.131999969482422,7081500,Yahoo Finance daily
2017-04-06,us,NOW,,17.149999618530273,17.284000396728516,17.020000457763672,17.238000869750977,3368000,Yahoo Finance daily
2017-04-07,us,NOW,,17.18000030517578,17.31399917602539,17.104000091552734,17.20400047302246,3835000,Yahoo Finance daily
2017-04-10,us,NOW,,17.190000534057617,17.277999877929688,17.083999633789062,17.106000900268555,3357000,Yahoo Finance daily
2017-04-11,us,NOW,,17.06999969482422,17.197999954223633,16.964000701904297,17.077999114990234,4695000,Yahoo Finance daily
2017-04-12,us,NOW,,17.00200080871582,17.142000198364258,16.805999755859375,16.898000717163086,4368500,Yahoo Finance daily
2017-04-13,us,NOW,,16.874000549316406,17.040000915527344,16.868000030517578,16.92799949645996,5659500,Yahoo Finance daily
2017-04-17,us,NOW,,17.007999420166016,17.284000396728516,16.983999252319336,17.281999588012695,5591000,Yahoo Finance daily
2017-04-18,us,NOW,,17.200000762939453,17.534000396728516,17.18600082397461,17.520000457763672,6908500,Yahoo Finance daily
2017-04-19,us,NOW,,17.591999053955078,17.68000030517578,17.530000686645508,17.6299991607666,5973500,Yahoo Finance daily
2017-04-20,us,NOW,,17.697999954223633,17.697999954223633,17.492000579833984,17.652000427246094,6760000,Yahoo Finance daily
2017-04-21,us,NOW,,17.760000228881836,17.88599967956543,17.615999221801758,17.663999557495117,5382500,Yahoo Finance daily
2017-04-24,us,NOW,,17.93400001525879,17.93400001525879,17.670000076293945,17.884000778198242,6560000,Yahoo Finance daily
2017-04-25,us,NOW,,17.983999252319336,18.15999984741211,17.91200065612793,18.04800033569336,7088000,Yahoo Finance daily
2017-04-26,us,NOW,,18.086000442504883,18.242000579833984,17.805999755859375,18.18400001525879,14074500,Yahoo Finance daily
2017-04-27,us,NOW,,19.256000518798828,19.38400077819824,18.65999984741211,18.86599922180176,23452000,Yahoo Finance daily
2017-04-28,us,NOW,,18.86000061035156,19.06399917602539,18.58799934387207,18.895999908447266,11710500,Yahoo Finance daily
2017-05-01,us,NOW,,18.92799949645996,19.08799934387207,18.742000579833984,18.98600006103516,13706500,Yahoo Finance daily
2017-05-02,us,NOW,,18.964000701904297,19.020000457763672,18.753999710083008,18.992000579833984,5852000,Yahoo Finance daily
2017-05-03,us,NOW,,18.9379997253418,19.030000686645508,18.746000289916992,18.82200050354004,4912000,Yahoo Finance daily
2017-05-04,us,NOW,,18.917999267578125,19.26000022888184,18.82999992370605,19.20400047302246,7579000,Yahoo Finance daily
2017-05-05,us,NOW,,19.224000930786133,19.63800048828125,19.224000930786133,19.61400032043457,9089500,Yahoo Finance daily
2017-05-08,us,NOW,,19.535999298095703,19.81800079345703,19.43000030517578,19.57999992370605,10865500,Yahoo Finance daily
2017-05-09,us,NOW,,19.631999969482425,19.694000244140625,19.392000198364254,19.465999603271484,7929500,Yahoo Finance daily
2017-05-10,us,NOW,,19.444000244140625,19.513999938964844,19.27199935913086,19.29400062561035,6050000,Yahoo Finance daily
2017-05-11,us,NOW,,19.299999237060547,19.38400077819824,19.100000381469727,19.351999282836918,5501000,Yahoo Finance daily
2017-05-12,us,NOW,,19.36199951171875,19.46999931335449,19.197999954223636,19.3799991607666,4830500,Yahoo Finance daily
2017-05-15,us,NOW,,19.447999954223636,19.722000122070312,19.381999969482425,19.59000015258789,4462500,Yahoo Finance daily
2017-05-16,us,NOW,,19.75200080871582,20.038000106811523,19.562000274658203,20.035999298095703,9230000,Yahoo Finance daily
2017-05-17,us,NOW,,19.739999771118164,19.8799991607666,19.61199951171875,19.709999084472656,18149000,Yahoo Finance daily
2017-05-18,us,NOW,,19.576000213623047,19.81999969482422,19.46999931335449,19.79400062561035,14210500,Yahoo Finance daily
2017-05-19,us,NOW,,19.899999618530277,20.143999099731445,19.84600067138672,19.86000061035156,10659000,Yahoo Finance daily
2017-05-22,us,NOW,,19.96199989318848,20.44599914550781,19.95199966430664,20.34000015258789,10437000,Yahoo Finance daily
2017-05-23,us,NOW,,20.27400016784668,20.351999282836918,20.011999130249023,20.34000015258789,11691500,Yahoo Finance daily
2017-05-24,us,NOW,,20.506000518798828,20.78400039672852,20.36599922180176,20.600000381469727,28862500,Yahoo Finance daily
2017-05-25,us,NOW,,20.739999771118164,21.058000564575195,20.709999084472656,20.90399932861328,8853500,Yahoo Finance daily
2017-05-26,us,NOW,,20.799999237060547,21.34600067138672,20.70599937438965,21.20599937438965,14941000,Yahoo Finance daily
2017-05-30,us,NOW,,21.083999633789062,21.36000061035156,20.964000701904297,21.07200050354004,8061500,Yahoo Finance daily
2017-05-31,us,NOW,,21.101999282836918,21.15800094604492,20.761999130249023,20.93000030517578,11153000,Yahoo Finance daily
2017-06-01,us,NOW,,21.035999298095703,21.309999465942383,20.86400032043457,21.302000045776367,13130500,Yahoo Finance daily
2017-06-02,us,NOW,,21.312000274658203,21.51000022888184,21.145999908447266,21.459999084472656,7320500,Yahoo Finance daily
2017-06-05,us,NOW,,21.47800064086914,21.68600082397461,21.43000030517578,21.48600006103516,7990000,Yahoo Finance daily
2017-06-06,us,NOW,,21.416000366210938,21.72599983215332,21.37800025939941,21.573999404907227,7586000,Yahoo Finance daily
2017-06-07,us,NOW,,21.600000381469727,21.697999954223636,21.41399955749512,21.63800048828125,9670000,Yahoo Finance daily
2017-06-08,us,NOW,,21.63400077819824,21.95599937438965,21.554000854492188,21.93600082397461,9215500,Yahoo Finance daily
2017-06-09,us,NOW,,21.950000762939453,22.131999969482425,20.36400032043457,20.74799919128418,19296000,Yahoo Finance daily
2017-06-12,us,NOW,,20.440000534057617,20.738000869750977,19.899999618530277,20.464000701904297,22390500,Yahoo Finance daily
2017-06-13,us,NOW,,20.709999084472656,20.777999877929688,20.26000022888184,20.444000244140625,10357500,Yahoo Finance daily
2017-06-14,us,NOW,,20.552000045776367,20.827999114990234,20.149999618530277,20.43199920654297,10695500,Yahoo Finance daily
2017-06-15,us,NOW,,19.989999771118164,20.36400032043457,19.802000045776367,20.25200080871582,11743500,Yahoo Finance daily
2017-06-16,us,NOW,,20.31800079345703,20.441999435424805,20.13800048828125,20.239999771118164,7788500,Yahoo Finance daily
2017-06-19,us,NOW,,20.447999954223636,20.836000442504883,20.392000198364254,20.71999931335449,7760000,Yahoo Finance daily
2017-06-20,us,NOW,,20.766000747680664,21.059999465942383,20.55599975585937,20.601999282836918,9610000,Yahoo Finance daily
2017-06-21,us,NOW,,20.763999938964844,21.16399955749512,20.67200088500977,21.124000549316406,8673000,Yahoo Finance daily
2017-06-22,us,NOW,,21.1879997253418,21.61599922180176,20.93199920654297,21.38599967956543,11638500,Yahoo Finance daily
2017-06-23,us,NOW,,21.39800071716309,21.709999084472656,21.29400062561035,21.558000564575195,11648000,Yahoo Finance daily
2017-06-26,us,NOW,,21.57999992370605,21.757999420166016,21.356000900268555,21.670000076293945,11145000,Yahoo Finance daily
2017-06-27,us,NOW,,21.57999992370605,21.799999237060547,21.28199958801269,21.35400009155273,16779000,Yahoo Finance daily
2017-06-28,us,NOW,,21.49399948120117,21.826000213623047,21.34199905395508,21.761999130249023,13056500,Yahoo Finance daily
2017-06-29,us,NOW,,21.694000244140625,21.761999130249023,20.902000427246094,21.16399955749512,11827000,Yahoo Finance daily
2017-06-30,us,NOW,,21.22800064086914,21.336000442504883,20.964000701904297,21.200000762939453,7694500,Yahoo Finance daily
2017-07-03,us,NOW,,21.309999465942383,21.309999465942383,20.643999099731445,20.715999603271484,6049500,Yahoo Finance daily
2017-07-05,us,NOW,,20.868000030517575,21.12800025939941,20.826000213623047,21.02199935913086,8791500,Yahoo Finance daily
2017-07-06,us,NOW,,20.809999465942383,21.13999938964844,20.76000022888184,20.90800094604492,8323500,Yahoo Finance daily
2017-07-07,us,NOW,,20.9060001373291,21.3700008392334,20.9060001373291,21.257999420166016,7929000,Yahoo Finance daily
2017-07-10,us,NOW,,21.332000732421875,21.694000244140625,21.257999420166016,21.63800048828125,6907500,Yahoo Finance daily
2017-07-11,us,NOW,,21.54599952697754,22.0,21.43600082397461,21.84000015258789,8169000,Yahoo Finance daily
2017-07-12,us,NOW,,22.0,22.601999282836918,21.916000366210938,22.45199966430664,8782500,Yahoo Finance daily
2017-07-13,us,NOW,,22.535999298095703,22.5939998626709,22.224000930786133,22.246000289916992,7728000,Yahoo Finance daily
2017-07-14,us,NOW,,21.76000022888184,22.142000198364254,21.61000061035156,22.076000213623047,15446500,Yahoo Finance daily
2017-07-17,us,NOW,,22.14800071716309,22.238000869750977,21.86400032043457,22.0,9646500,Yahoo Finance daily
2017-07-18,us,NOW,,21.965999603271484,22.209999084472656,21.84600067138672,22.1560001373291,8366500,Yahoo Finance daily
2017-07-19,us,NOW,,22.200000762939453,22.336000442504883,22.020000457763672,22.02400016784668,7508000,Yahoo Finance daily
2017-07-20,us,NOW,,22.030000686645508,22.1299991607666,21.80599975585937,21.968000411987305,8171500,Yahoo Finance daily
2017-07-21,us,NOW,,21.97599983215332,21.98600006103516,21.516000747680664,21.63800048828125,10758000,Yahoo Finance daily
2017-07-24,us,NOW,,21.676000595092773,21.700000762939453,21.46199989318848,21.59000015258789,11242500,Yahoo Finance daily
2017-07-25,us,NOW,,21.621999740600582,21.63599967956543,21.36000061035156,21.55599975585937,9520000,Yahoo Finance daily
2017-07-26,us,NOW,,21.59199905395508,22.02199935913086,21.57200050354004,21.944000244140625,14372500,Yahoo Finance daily
2017-07-27,us,NOW,,23.025999069213867,23.170000076293945,21.642000198364254,22.107999801635746,25257000,Yahoo Finance daily
2017-07-28,us,NOW,,21.950000762939453,22.333999633789062,21.780000686645508,22.32999992370605,10417000,Yahoo Finance daily
2017-07-31,us,NOW,,22.374000549316406,22.472000122070312,21.790000915527344,22.09000015258789,10278500,Yahoo Finance daily
2017-08-01,us,NOW,,22.176000595092773,22.351999282836918,22.020000457763672,22.149999618530277,7785000,Yahoo Finance daily
2017-08-02,us,NOW,,22.16399955749512,22.18400001525879,21.17799949645996,21.43400001525879,9724500,Yahoo Finance daily
2017-08-03,us,NOW,,21.45400047302246,21.558000564575195,21.18600082397461,21.423999786376957,7831000,Yahoo Finance daily
2017-08-04,us,NOW,,21.47800064086914,21.964000701904297,21.42200088500977,21.941999435424805,8903000,Yahoo Finance daily
2017-08-07,us,NOW,,21.93000030517578,21.950000762939453,21.694000244140625,21.75200080871582,5048000,Yahoo Finance daily
2017-08-08,us,NOW,,21.642000198364254,21.691999435424805,21.42200088500977,21.535999298095703,4007000,Yahoo Finance daily
2017-08-09,us,NOW,,21.374000549316406,21.57200050354004,21.326000213623047,21.465999603271484,4471500,Yahoo Finance daily
2017-08-10,us,NOW,,21.35400009155273,21.399999618530277,20.600000381469727,20.88400077819824,8534500,Yahoo Finance daily
2017-08-11,us,NOW,,20.98600006103516,21.36599922180176,20.847999572753903,21.209999084472656,4785000,Yahoo Finance daily
2017-08-14,us,NOW,,21.3700008392334,21.714000701904297,21.263999938964844,21.57999992370605,4865000,Yahoo Finance daily
2017-08-15,us,NOW,,21.549999237060547,21.670000076293945,21.34199905395508,21.46199989318848,4601500,Yahoo Finance daily
2017-08-16,us,NOW,,21.577999114990234,21.965999603271484,21.513999938964844,21.899999618530277,4497500,Yahoo Finance daily
2017-08-17,us,NOW,,21.808000564575195,21.9379997253418,21.347999572753903,21.371999740600582,6226000,Yahoo Finance daily
2017-08-18,us,NOW,,21.36599922180176,21.73200035095215,21.256000518798828,21.44599914550781,4899000,Yahoo Finance daily
2017-08-21,us,NOW,,21.40399932861328,21.79400062561035,21.40399932861328,21.761999130249023,5571000,Yahoo Finance daily
2017-08-22,us,NOW,,21.799999237060547,22.15399932861328,21.77199935913086,22.082000732421875,6249500,Yahoo Finance daily
2017-08-23,us,NOW,,21.86000061035156,22.19599914550781,21.76799964904785,21.968000411987305,4871000,Yahoo Finance daily
2017-08-24,us,NOW,,22.013999938964844,22.18600082397461,21.92200088500977,22.13400077819824,3642000,Yahoo Finance daily
2017-08-25,us,NOW,,22.190000534057617,22.535999298095703,22.09000015258789,22.118000030517575,5989500,Yahoo Finance daily
2017-08-28,us,NOW,,22.200000762939453,22.42200088500977,21.940000534057617,22.381999969482425,5966000,Yahoo Finance daily
2017-08-29,us,NOW,,22.124000549316406,22.440000534057617,22.027999877929688,22.350000381469727,5032000,Yahoo Finance daily
2017-08-30,us,NOW,,22.32200050354004,23.16200065612793,22.32200050354004,22.85400009155273,6522000,Yahoo Finance daily
2017-08-31,us,NOW,,22.90999984741211,23.308000564575195,22.902000427246094,23.238000869750977,7328000,Yahoo Finance daily
2017-09-01,us,NOW,,23.26000022888184,23.302000045776367,22.9060001373291,23.097999572753903,4792000,Yahoo Finance daily
2017-09-05,us,NOW,,23.11599922180176,23.280000686645508,22.881999969482425,23.229999542236328,5105500,Yahoo Finance daily
2017-09-06,us,NOW,,23.277999877929688,23.34000015258789,22.81599998474121,22.93600082397461,5558500,Yahoo Finance daily
2017-09-07,us,NOW,,23.06599998474121,23.72800064086914,23.06599998474121,23.55599975585937,7940000,Yahoo Finance daily
2017-09-08,us,NOW,,23.52400016784668,23.72599983215332,23.275999069213867,23.280000686645508,6233500,Yahoo Finance daily
2017-09-11,us,NOW,,23.54199981689453,23.72599983215332,23.479999542236328,23.53400039672852,8451500,Yahoo Finance daily
2017-09-12,us,NOW,,23.58799934387207,23.63400077819824,23.027999877929688,23.25200080871582,6618500,Yahoo Finance daily
2017-09-13,us,NOW,,23.233999252319336,23.37800025939941,23.13800048828125,23.209999084472656,5126500,Yahoo Finance daily
2017-09-14,us,NOW,,23.100000381469727,23.3439998626709,22.899999618530277,23.191999435424805,7967500,Yahoo Finance daily
2017-09-15,us,NOW,,23.29800033569336,23.368000030517575,22.95199966430664,23.222000122070312,5008000,Yahoo Finance daily
2017-09-18,us,NOW,,23.326000213623047,23.53199958801269,23.191999435424805,23.302000045776367,5639000,Yahoo Finance daily
2017-09-19,us,NOW,,23.3700008392334,23.393999099731445,23.1879997253418,23.336000442504883,6193500,Yahoo Finance daily
2017-09-20,us,NOW,,23.28400039672852,23.350000381469727,22.84000015258789,23.07999992370605,5431000,Yahoo Finance daily
2017-09-21,us,NOW,,23.058000564575195,23.12800025939941,22.785999298095703,23.003999710083008,4287500,Yahoo Finance daily
2017-09-22,us,NOW,,22.95199966430664,23.22800064086914,22.93600082397461,23.16200065612793,3151500,Yahoo Finance daily
2017-09-25,us,NOW,,23.15999984741211,23.170000076293945,22.28199958801269,22.368000030517575,6665500,Yahoo Finance daily
2017-09-26,us,NOW,,22.576000213623047,22.59000015258789,22.03400039672852,22.357999801635746,7648500,Yahoo Finance daily
2017-09-27,us,NOW,,22.49799919128418,23.31599998474121,22.48600006103516,23.100000381469727,8857000,Yahoo Finance daily
2017-09-28,us,NOW,,23.038000106811523,23.3439998626709,22.941999435424805,23.32999992370605,5226000,Yahoo Finance daily
2017-09-29,us,NOW,,23.36199951171875,23.558000564575195,23.239999771118164,23.506000518798828,5728500,Yahoo Finance daily
2017-10-02,us,NOW,,23.530000686645508,23.691999435424805,23.24399948120117,23.36000061035156,7558500,Yahoo Finance daily
2017-10-03,us,NOW,,23.36000061035156,23.65800094604492,23.290000915527344,23.56599998474121,3634000,Yahoo Finance daily
2017-10-04,us,NOW,,23.6299991607666,23.652000427246094,23.326000213623047,23.61199951171875,3301000,Yahoo Finance daily
2017-10-05,us,NOW,,23.66200065612793,23.893999099731445,23.420000076293945,23.875999450683597,4759500,Yahoo Finance daily
2017-10-06,us,NOW,,23.746000289916992,24.351999282836918,23.709999084472656,24.350000381469727,6428000,Yahoo Finance daily
2017-10-09,us,NOW,,24.399999618530277,24.489999771118164,24.17200088500977,24.266000747680664,5658500,Yahoo Finance daily
2017-10-10,us,NOW,,24.375999450683597,24.4060001373291,24.027999877929688,24.191999435424805,3940500,Yahoo Finance daily
2017-10-11,us,NOW,,24.17200088500977,24.214000701904297,23.85400009155273,24.13599967956543,4061000,Yahoo Finance daily
2017-10-12,us,NOW,,24.083999633789062,24.483999252319336,24.083999633789062,24.393999099731445,7205000,Yahoo Finance daily
2017-10-13,us,NOW,,24.576000213623047,24.625999450683597,24.34199905395508,24.45800018310547,4132500,Yahoo Finance daily
2017-10-16,us,NOW,,24.450000762939453,24.53400039672852,24.27199935913086,24.280000686645508,4174000,Yahoo Finance daily
2017-10-17,us,NOW,,24.308000564575195,24.559999465942383,24.200000762939453,24.549999237060547,5421000,Yahoo Finance daily
2017-10-18,us,NOW,,24.642000198364254,24.715999603271484,24.13400077819824,24.15399932861328,5670000,Yahoo Finance daily
2017-10-19,us,NOW,,24.09600067138672,24.173999786376957,23.79199981689453,24.16200065612793,5332000,Yahoo Finance daily
2017-10-20,us,NOW,,24.280000686645508,24.974000930786133,24.170000076293945,24.964000701904297,8965000,Yahoo Finance daily
2017-10-23,us,NOW,,25.79800033569336,25.91200065612793,24.68000030517578,24.79800033569336,9234000,Yahoo Finance daily
2017-10-24,us,NOW,,24.89800071716309,25.256000518798828,24.65399932861328,25.17799949645996,10271000,Yahoo Finance daily
2017-10-25,us,NOW,,25.3439998626709,25.549999237060547,24.856000900268555,24.923999786376957,15999500,Yahoo Finance daily
2017-10-26,us,NOW,,23.996000289916992,25.468000411987305,23.700000762939453,25.22800064086914,21458500,Yahoo Finance daily
2017-10-27,us,NOW,,25.200000762939453,25.356000900268555,24.582000732421875,25.145999908447266,13146500,Yahoo Finance daily
2017-10-30,us,NOW,,25.05599975585937,25.170000076293945,24.788000106811523,25.01000022888184,5660000,Yahoo Finance daily
2017-10-31,us,NOW,,25.02199935913086,25.36000061035156,24.95400047302246,25.27400016784668,7287500,Yahoo Finance daily
2017-11-01,us,NOW,,25.440000534057617,25.5,24.63999938964844,24.902000427246094,5687500,Yahoo Finance daily
2017-11-02,us,NOW,,24.78400039672852,25.0,24.53199958801269,24.868000030517575,4324500,Yahoo Finance daily
2017-11-03,us,NOW,,24.850000381469727,25.09000015258789,24.6299991607666,24.98200035095215,5755000,Yahoo Finance daily
2017-11-06,us,NOW,,25.100000381469727,25.197999954223636,24.88599967956543,24.94599914550781,3887000,Yahoo Finance daily
2017-11-07,us,NOW,,25.0,25.167999267578125,24.74799919128418,25.106000900268555,5155500,Yahoo Finance daily
2017-11-08,us,NOW,,24.88400077819824,25.59000015258789,24.86000061035156,25.52400016784668,8196000,Yahoo Finance daily
2017-11-09,us,NOW,,25.479999542236328,25.479999542236328,24.81999969482422,25.11000061035156,4546000,Yahoo Finance daily
2017-11-10,us,NOW,,25.030000686645508,25.26000022888184,25.01000022888184,25.19599914550781,4792500,Yahoo Finance daily
2017-11-13,us,NOW,,24.920000076293945,25.04599952697754,24.6879997253418,25.006000518798828,4469000,Yahoo Finance daily
2017-11-14,us,NOW,,24.972000122070312,25.040000915527344,24.746000289916992,24.895999908447266,4771000,Yahoo Finance daily
2017-11-15,us,NOW,,24.691999435424805,24.979999542236328,24.402000427246094,24.66399955749512,3111000,Yahoo Finance daily
2017-11-16,us,NOW,,24.714000701904297,25.27400016784668,24.70199966430664,25.143999099731445,5752000,Yahoo Finance daily
2017-11-17,us,NOW,,25.167999267578125,25.525999069213867,25.082000732421875,25.507999420166016,5622000,Yahoo Finance daily
2017-11-20,us,NOW,,25.506000518798828,25.895999908447266,25.496000289916992,25.53400039672852,4995500,Yahoo Finance daily
2017-11-21,us,NOW,,25.63599967956543,26.01000022888184,25.56599998474121,25.61400032043457,8781500,Yahoo Finance daily
2017-11-22,us,NOW,,25.583999633789062,25.77400016784668,25.45800018310547,25.489999771118164,2651000,Yahoo Finance daily
2017-11-24,us,NOW,,25.61599922180176,25.76000022888184,25.600000381469727,25.65999984741211,2531000,Yahoo Finance daily
2017-11-27,us,NOW,,25.700000762939453,25.75200080871582,25.308000564575195,25.39800071716309,4162000,Yahoo Finance daily
2017-11-28,us,NOW,,25.4060001373291,25.4060001373291,25.059999465942383,25.326000213623047,5527500,Yahoo Finance daily
2017-11-29,us,NOW,,25.17200088500977,25.34600067138672,24.07200050354004,24.118000030517575,13544000,Yahoo Finance daily
2017-11-30,us,NOW,,24.19599914550781,24.742000579833984,24.030000686645508,24.600000381469727,8037500,Yahoo Finance daily
2017-12-01,us,NOW,,24.51000022888184,24.761999130249023,24.20800018310547,24.53199958801269,6199000,Yahoo Finance daily
2017-12-04,us,NOW,,24.71999931335449,24.733999252319336,22.666000366210938,22.724000930786133,19874000,Yahoo Finance daily
2017-12-05,us,NOW,,23.277999877929688,23.875999450683597,22.56800079345703,23.239999771118164,11016500,Yahoo Finance daily
2017-12-06,us,NOW,,23.0939998626709,23.631999969482425,22.96199989318848,23.552000045776367,8290000,Yahoo Finance daily
2017-12-07,us,NOW,,23.56800079345703,24.277999877929688,23.472000122070312,24.200000762939453,9116000,Yahoo Finance daily
2017-12-08,us,NOW,,24.420000076293945,24.77400016784668,24.30599975585937,24.36199951171875,5125000,Yahoo Finance daily
2017-12-11,us,NOW,,24.48200035095215,24.73200035095215,24.450000762939453,24.618000030517575,12734000,Yahoo Finance daily
2017-12-12,us,NOW,,24.527999877929688,24.6299991607666,24.03199958801269,24.20199966430664,11083500,Yahoo Finance daily
2017-12-13,us,NOW,,24.332000732421875,24.70199966430664,24.332000732421875,24.673999786376957,7280000,Yahoo Finance daily
2017-12-14,us,NOW,,24.77400016784668,25.242000579833984,24.724000930786133,25.233999252319336,9474000,Yahoo Finance daily
2017-12-15,us,NOW,,25.191999435424805,25.90399932861328,25.173999786376957,25.899999618530277,9554500,Yahoo Finance daily
2017-12-18,us,NOW,,26.118000030517575,26.222000122070312,26.03400039672852,26.13800048828125,11466000,Yahoo Finance daily
2017-12-19,us,NOW,,26.007999420166016,26.131999969482425,25.742000579833984,25.992000579833984,11487500,Yahoo Finance daily
2017-12-20,us,NOW,,26.038000106811523,26.101999282836918,25.621999740600582,25.799999237060547,7566000,Yahoo Finance daily
2017-12-21,us,NOW,,25.836000442504883,25.947999954223636,25.70199966430664,25.79400062561035,8353000,Yahoo Finance daily
2017-12-22,us,NOW,,25.75,25.86599922180176,25.56800079345703,25.83799934387207,5650500,Yahoo Finance daily
2017-12-26,us,NOW,,25.79199981689453,25.98200035095215,25.645999908447266,25.86400032043457,3728500,Yahoo Finance daily
2017-12-27,us,NOW,,25.90800094604492,26.176000595092773,25.809999465942383,26.052000045776367,4205500,Yahoo Finance daily
2017-12-28,us,NOW,,26.15999984741211,26.18000030517578,25.92799949645996,26.13800048828125,4867000,Yahoo Finance daily
2017-12-29,us,NOW,,26.107999801635746,26.25200080871582,26.03400039672852,26.077999114990234,3380000,Yahoo Finance daily
2018-01-02,us,NOW,,26.200000762939453,26.46999931335449,26.027999877929688,26.34600067138672,6413500,Yahoo Finance daily
2018-01-03,us,NOW,,26.399999618530277,26.649999618530277,26.347999572753903,26.582000732421875,7904500,Yahoo Finance daily
2018-01-04,us,NOW,,26.775999069213867,27.01799964904785,26.756000518798828,26.770000457763672,6809500,Yahoo Finance daily
2018-01-05,us,NOW,,26.989999771118164,27.025999069213867,26.780000686645508,27.00200080871582,5915000,Yahoo Finance daily
2018-01-08,us,NOW,,27.01000022888184,27.218000411987305,26.974000930786133,27.059999465942383,6686000,Yahoo Finance daily
2018-01-09,us,NOW,,27.1299991607666,27.280000686645508,26.923999786376957,27.09000015258789,6529000,Yahoo Finance daily
2018-01-10,us,NOW,,26.992000579833984,27.28199958801269,26.871999740600582,27.246000289916992,9518500,Yahoo Finance daily
2018-01-11,us,NOW,,27.31800079345703,27.55599975585937,27.24799919128418,27.516000747680664,7578500,Yahoo Finance daily
2018-01-12,us,NOW,,27.527999877929688,27.812000274658203,27.416000366210938,27.63800048828125,5998500,Yahoo Finance daily
2018-01-16,us,NOW,,28.263999938964844,28.332000732421875,27.84199905395508,27.95800018310547,15751500,Yahoo Finance daily
2018-01-17,us,NOW,,28.166000366210938,28.18600082397461,27.799999237060547,28.15800094604492,8877000,Yahoo Finance daily
2018-01-18,us,NOW,,28.149999618530277,28.29599952697754,28.0,28.22599983215332,6464000,Yahoo Finance daily
2018-01-19,us,NOW,,28.246000289916992,28.503999710083008,28.20400047302246,28.45400047302246,8026000,Yahoo Finance daily
2018-01-22,us,NOW,,28.465999603271484,28.81599998474121,28.351999282836918,28.780000686645508,6897500,Yahoo Finance daily
2018-01-23,us,NOW,,28.917999267578125,28.99799919128418,28.71199989318848,28.88599967956543,6872000,Yahoo Finance daily
2018-01-24,us,NOW,,28.88400077819824,29.333999633789062,28.874000549316406,29.08799934387207,7162500,Yahoo Finance daily
2018-01-25,us,NOW,,29.37800025939941,29.3799991607666,29.083999633789062,29.107999801635746,6103500,Yahoo Finance daily
2018-01-26,us,NOW,,29.43199920654297,29.964000701904297,29.275999069213867,29.947999954223636,7373000,Yahoo Finance daily
2018-01-29,us,NOW,,29.917999267578125,30.170000076293945,29.36599922180176,29.417999267578125,12074000,Yahoo Finance daily
2018-01-30,us,NOW,,29.214000701904297,29.488000869750977,29.125999450683597,29.31800079345703,11847500,Yahoo Finance daily
2018-01-31,us,NOW,,29.73600006103516,30.020000457763672,29.552000045776367,29.77400016784668,14406500,Yahoo Finance daily
2018-02-01,us,NOW,,30.351999282836918,31.308000564575195,30.266000747680664,30.562000274658203,21154000,Yahoo Finance daily
2018-02-02,us,NOW,,30.101999282836918,30.38800048828125,29.465999603271484,29.95199966430664,14133500,Yahoo Finance daily
2018-02-05,us,NOW,,29.45800018310547,31.399999618530277,29.086000442504883,29.47800064086914,18943500,Yahoo Finance daily
2018-02-06,us,NOW,,28.98200035095215,29.875999450683597,28.697999954223636,29.804000854492188,14815500,Yahoo Finance daily
2018-02-07,us,NOW,,29.724000930786133,30.80599975585937,29.61400032043457,30.63400077819824,12314000,Yahoo Finance daily
2018-02-08,us,NOW,,30.600000381469727,30.700000762939453,28.020000457763672,28.020000457763672,18686500,Yahoo Finance daily
2018-02-09,us,NOW,,28.42799949645996,29.351999282836918,27.520000457763672,29.03199958801269,14181000,Yahoo Finance daily
2018-02-12,us,NOW,,29.393999099731445,29.72599983215332,29.04800033569336,29.447999954223636,8074000,Yahoo Finance daily
2018-02-13,us,NOW,,29.20800018310547,29.66399955749512,29.11400032043457,29.51000022888184,7157500,Yahoo Finance daily
2018-02-14,us,NOW,,29.45400047302246,29.799999237060547,29.26000022888184,29.54800033569336,9260500,Yahoo Finance daily
2018-02-15,us,NOW,,29.790000915527344,30.558000564575195,29.559999465942383,30.507999420166016,9406500,Yahoo Finance daily
2018-02-16,us,NOW,,30.38599967956543,31.238000869750977,30.23600006103516,30.80599975585937,9481500,Yahoo Finance daily
2018-02-20,us,NOW,,30.57999992370605,31.625999450683597,30.4060001373291,31.351999282836918,8776500,Yahoo Finance daily
2018-02-21,us,NOW,,31.27199935913086,32.145999908447266,31.261999130249023,31.516000747680664,9620000,Yahoo Finance daily
2018-02-22,us,NOW,,31.55599975585937,31.86199951171875,31.13800048828125,31.209999084472656,5851500,Yahoo Finance daily
2018-02-23,us,NOW,,31.371999740600582,32.125999450683594,31.371999740600582,32.08000183105469,5179000,Yahoo Finance daily
2018-02-26,us,NOW,,32.15999984741211,32.52799987792969,31.93199920654297,32.11399841308594,6025500,Yahoo Finance daily
2018-02-27,us,NOW,,32.25400161743164,32.847999572753906,32.150001525878906,32.667999267578125,9989500,Yahoo Finance daily
2018-02-28,us,NOW,,32.65399932861328,33.13600158691406,32.17399978637695,32.20199966430664,9674000,Yahoo Finance daily
2018-03-01,us,NOW,,32.52399826049805,32.85200119018555,31.576000213623047,31.91399955749512,10008500,Yahoo Finance daily
2018-03-02,us,NOW,,31.729999542236328,33.41999816894531,31.506000518798828,33.33399963378906,10948000,Yahoo Finance daily
2018-03-05,us,NOW,,32.95199966430664,33.8380012512207,32.762001037597656,33.65999984741211,10235500,Yahoo Finance daily
2018-03-06,us,NOW,,33.880001068115234,34.38199996948242,33.68199920654297,34.2140007019043,13675000,Yahoo Finance daily
2018-03-07,us,NOW,,33.88999938964844,34.8380012512207,33.875999450683594,34.61199951171875,8272500,Yahoo Finance daily
2018-03-08,us,NOW,,34.93600082397461,35.130001068115234,34.47999954223633,34.597999572753906,9257000,Yahoo Finance daily
2018-03-09,us,NOW,,34.86800003051758,34.99800109863281,34.492000579833984,34.551998138427734,11797500,Yahoo Finance daily
2018-03-12,us,NOW,,34.551998138427734,35.18000030517578,34.3120002746582,34.88600158691406,10601500,Yahoo Finance daily
2018-03-13,us,NOW,,35.198001861572266,35.198001861572266,34.43399810791016,34.79199981689453,9213000,Yahoo Finance daily
2018-03-14,us,NOW,,35.07400131225586,35.3120002746582,34.698001861572266,35.06800079345703,7014000,Yahoo Finance daily
2018-03-15,us,NOW,,35.19200134277344,35.20000076293945,34.18199920654297,34.76599884033203,8286000,Yahoo Finance daily
2018-03-16,us,NOW,,34.9640007019043,35.0,33.81399917602539,33.99599838256836,12212000,Yahoo Finance daily
2018-03-19,us,NOW,,33.959999084472656,34.555999755859375,33.48400115966797,33.96200180053711,9874000,Yahoo Finance daily
2018-03-20,us,NOW,,33.9739990234375,34.67399978637695,33.84600067138672,34.422000885009766,15005500,Yahoo Finance daily
2018-03-21,us,NOW,,34.39799880981445,35.2400016784668,34.29999923706055,34.63800048828125,9502000,Yahoo Finance daily
2018-03-22,us,NOW,,34.268001556396484,34.566001892089844,33.599998474121094,33.75199890136719,8221500,Yahoo Finance daily
2018-03-23,us,NOW,,33.79600143432617,33.86000061035156,32.90399932861328,32.95399856567383,10029500,Yahoo Finance daily
2018-03-26,us,NOW,,33.709999084472656,34.40800094604492,33.56399917602539,34.290000915527344,10211500,Yahoo Finance daily
2018-03-27,us,NOW,,34.641998291015625,34.67599868774414,32.27199935913086,32.56399917602539,10192500,Yahoo Finance daily
2018-03-28,us,NOW,,32.599998474121094,32.80400085449219,31.43199920654297,31.93600082397461,15394500,Yahoo Finance daily
2018-03-29,us,NOW,,32.31999969482422,33.492000579833984,32.05400085449219,33.09000015258789,11307500,Yahoo Finance daily
2018-04-02,us,NOW,,32.88800048828125,33.16999816894531,31.847999572753903,32.32400131225586,9501500,Yahoo Finance daily
2018-04-03,us,NOW,,33.31999969482422,33.59400177001953,32.013999938964844,32.354000091552734,9088500,Yahoo Finance daily
2018-04-04,us,NOW,,31.299999237060547,32.99800109863281,31.200000762939453,32.9379997253418,10302000,Yahoo Finance daily
2018-04-05,us,NOW,,33.35599899291992,33.63199996948242,32.92399978637695,33.15399932861328,8813500,Yahoo Finance daily
2018-04-06,us,NOW,,32.79199981689453,33.375999450683594,32.24800109863281,32.5880012512207,5887500,Yahoo Finance daily
2018-04-09,us,NOW,,32.9119987487793,33.27000045776367,32.529998779296875,32.577999114990234,6185500,Yahoo Finance daily
2018-04-10,us,NOW,,33.25,33.48600006103516,32.42599868774414,33.316001892089844,8873000,Yahoo Finance daily
2018-04-11,us,NOW,,33.01599884033203,33.64799880981445,32.89400100708008,33.29999923706055,11263000,Yahoo Finance daily
2018-04-12,us,NOW,,33.34600067138672,34.03400039672852,33.30799865722656,33.7140007019043,7774500,Yahoo Finance daily
2018-04-13,us,NOW,,34.01599884033203,34.2599983215332,32.95800018310547,33.380001068115234,6710000,Yahoo Finance daily
2018-04-16,us,NOW,,33.70199966430664,34.14400100708008,33.45399856567383,33.88999938964844,6228500,Yahoo Finance daily
2018-04-17,us,NOW,,34.20000076293945,35.00600051879883,34.20000076293945,34.90800094604492,8504500,Yahoo Finance daily
2018-04-18,us,NOW,,35.077999114990234,35.108001708984375,34.242000579833984,34.86000061035156,8294500,Yahoo Finance daily
2018-04-19,us,NOW,,34.65800094604492,34.87200164794922,34.178001403808594,34.597999572753906,7627500,Yahoo Finance daily
2018-04-20,us,NOW,,34.3380012512207,34.5099983215332,33.58599853515625,33.779998779296875,9305500,Yahoo Finance daily
2018-04-23,us,NOW,,33.98400115966797,34.04600143432617,33.32400131225586,33.50199890136719,9631500,Yahoo Finance daily
2018-04-24,us,NOW,,33.8380012512207,33.922000885009766,31.63400077819824,32.13199996948242,15881500,Yahoo Finance daily
2018-04-25,us,NOW,,32.4900016784668,32.55799865722656,31.450000762939453,31.600000381469727,20523000,Yahoo Finance daily
2018-04-26,us,NOW,,32.0,33.52199935913086,31.23600006103516,33.03200149536133,19006500,Yahoo Finance daily
2018-04-27,us,NOW,,33.35599899291992,33.41999816894531,32.07400131225586,32.63600158691406,11201500,Yahoo Finance daily
2018-04-30,us,NOW,,32.63600158691406,33.38199996948242,32.63600158691406,33.22800064086914,9453000,Yahoo Finance daily
2018-05-01,us,NOW,,33.071998596191406,33.347999572753906,32.65399932861328,33.08399963378906,7098500,Yahoo Finance daily
2018-05-02,us,NOW,,32.9119987487793,33.582000732421875,32.8380012512207,33.099998474121094,6267000,Yahoo Finance daily
2018-05-03,us,NOW,,33.15800094604492,33.90800094604492,32.98400115966797,33.74599838256836,9725500,Yahoo Finance daily
2018-05-04,us,NOW,,33.7400016784668,34.61800003051758,33.492000579833984,34.24399948120117,9214000,Yahoo Finance daily
2018-05-07,us,NOW,,34.417999267578125,35.37799835205078,34.36800003051758,35.20399856567383,10818000,Yahoo Finance daily
2018-05-08,us,NOW,,34.52199935913086,35.22600173950195,34.145999908447266,35.20600128173828,15787000,Yahoo Finance daily
2018-05-09,us,NOW,,35.45399856567383,36.19599914550781,35.16600036621094,36.007999420166016,11145500,Yahoo Finance daily
2018-05-10,us,NOW,,36.22600173950195,36.51800155639648,35.70800018310547,35.79600143432617,15408500,Yahoo Finance daily
2018-05-11,us,NOW,,35.84400177001953,36.007999420166016,35.46200180053711,35.77399826049805,7637000,Yahoo Finance daily
2018-05-14,us,NOW,,35.77199935913086,35.900001525878906,34.698001861572266,34.74599838256836,9030000,Yahoo Finance daily
2018-05-15,us,NOW,,34.395999908447266,34.90999984741211,33.757999420166016,34.68399810791016,8745000,Yahoo Finance daily
2018-05-16,us,NOW,,34.60200119018555,34.79999923706055,34.00400161743164,34.22999954223633,8031000,Yahoo Finance daily
2018-05-17,us,NOW,,34.22600173950195,34.38800048828125,33.849998474121094,34.34199905395508,7221500,Yahoo Finance daily
2018-05-18,us,NOW,,34.35200119018555,34.9119987487793,34.29999923706055,34.78799819946289,5953000,Yahoo Finance daily
2018-05-21,us,NOW,,35.05400085449219,35.4739990234375,34.11600112915039,34.290000915527344,5418000,Yahoo Finance daily
2018-05-22,us,NOW,,34.44200134277344,34.56800079345703,33.61600112915039,34.051998138427734,5963500,Yahoo Finance daily
2018-05-23,us,NOW,,33.7400016784668,34.81399917602539,33.7400016784668,34.79199981689453,6162500,Yahoo Finance daily
2018-05-24,us,NOW,,34.81399917602539,35.34400177001953,34.58399963378906,35.104000091552734,7757000,Yahoo Finance daily
2018-05-25,us,NOW,,35.03799819946289,35.49800109863281,34.94200134277344,35.34400177001953,6705500,Yahoo Finance daily
2018-05-29,us,NOW,,35.20000076293945,35.47600173950195,34.922000885009766,35.2599983215332,7035000,Yahoo Finance daily
2018-05-30,us,NOW,,35.4640007019043,35.970001220703125,35.20199966430664,35.694000244140625,11109500,Yahoo Finance daily
2018-05-31,us,NOW,,35.62200164794922,36.28200149536133,35.439998626708984,35.52199935913086,10013000,Yahoo Finance daily
2018-06-01,us,NOW,,35.8120002746582,36.31399917602539,35.459999084472656,36.30199813842773,6384500,Yahoo Finance daily
2018-06-04,us,NOW,,36.51399993896485,36.89400100708008,36.242000579833984,36.70000076293945,7708000,Yahoo Finance daily
2018-06-05,us,NOW,,36.8380012512207,37.38999938964844,36.805999755859375,37.21799850463867,7628500,Yahoo Finance daily
2018-06-06,us,NOW,,37.3120002746582,37.47800064086914,37.071998596191406,37.28400039672852,7050500,Yahoo Finance daily
2018-06-07,us,NOW,,37.400001525878906,37.400001525878906,34.86399841308594,35.4900016784668,14267000,Yahoo Finance daily
2018-06-08,us,NOW,,35.540000915527344,36.00400161743164,35.24399948120117,35.63800048828125,10090500,Yahoo Finance daily
2018-06-11,us,NOW,,35.69200134277344,36.09999847412109,35.40999984741211,36.01599884033203,5956500,Yahoo Finance daily
2018-06-12,us,NOW,,36.11199951171875,36.5099983215332,35.96200180053711,36.36800003051758,7102500,Yahoo Finance daily
2018-06-13,us,NOW,,36.64599990844727,36.790000915527344,35.88999938964844,36.24599838256836,6978000,Yahoo Finance daily
2018-06-14,us,NOW,,36.51800155639648,37.44599914550781,36.50199890136719,37.06800079345703,13087000,Yahoo Finance daily
2018-06-15,us,NOW,,36.99399948120117,37.31800079345703,36.25,37.27000045776367,8587000,Yahoo Finance daily
2018-06-18,us,NOW,,37.071998596191406,37.34199905395508,36.59999847412109,37.28200149536133,6976000,Yahoo Finance daily
2018-06-19,us,NOW,,36.71599960327149,36.84999847412109,35.86199951171875,36.72200012207031,7518000,Yahoo Finance daily
2018-06-20,us,NOW,,37.0,37.71799850463867,36.89400100708008,36.95199966430664,8593500,Yahoo Finance daily
2018-06-21,us,NOW,,37.0,37.31399917602539,35.987998962402344,36.05400085449219,6499500,Yahoo Finance daily
2018-06-22,us,NOW,,35.715999603271484,35.715999603271484,34.50199890136719,35.34000015258789,11773000,Yahoo Finance daily
2018-06-25,us,NOW,,34.88600158691406,35.0,33.891998291015625,34.27799987792969,9617000,Yahoo Finance daily
2018-06-26,us,NOW,,34.417999267578125,34.827999114990234,34.013999938964844,34.16999816894531,7531500,Yahoo Finance daily
2018-06-27,us,NOW,,34.44200134277344,35.14799880981445,33.47200012207031,33.59400177001953,9713500,Yahoo Finance daily
2018-06-28,us,NOW,,33.56800079345703,34.7599983215332,33.5,34.48199844360352,7446000,Yahoo Finance daily
2018-06-29,us,NOW,,34.79999923706055,35.04999923706055,34.3120002746582,34.49399948120117,5265500,Yahoo Finance daily
2018-07-02,us,NOW,,34.321998596191406,35.53799819946289,34.077999114990234,35.52000045776367,8400500,Yahoo Finance daily
2018-07-03,us,NOW,,35.60599899291992,35.869998931884766,35.31399917602539,35.4379997253418,3785500,Yahoo Finance daily
2018-07-05,us,NOW,,35.63800048828125,36.09000015258789,35.566001892089844,35.88600158691406,6203000,Yahoo Finance daily
2018-07-06,us,NOW,,35.880001068115234,36.65599822998047,35.72800064086914,36.43199920654297,3907500,Yahoo Finance daily
2018-07-09,us,NOW,,36.64599990844727,37.05199813842773,36.220001220703125,36.970001220703125,7467500,Yahoo Finance daily
2018-07-10,us,NOW,,37.04600143432617,37.29600143432617,36.678001403808594,37.119998931884766,6107000,Yahoo Finance daily
2018-07-11,us,NOW,,36.67399978637695,37.63600158691406,36.67399978637695,37.43600082397461,6855000,Yahoo Finance daily
2018-07-12,us,NOW,,37.76599884033203,38.96200180053711,37.74800109863281,38.93199920654297,11061500,Yahoo Finance daily
2018-07-13,us,NOW,,38.65800094604492,38.79600143432617,37.84799957275391,38.21200180053711,9482500,Yahoo Finance daily
2018-07-16,us,NOW,,38.391998291015625,38.400001525878906,37.65999984741211,37.81600189208984,6547000,Yahoo Finance daily
2018-07-17,us,NOW,,37.38999938964844,38.33399963378906,36.84600067138672,38.2400016784668,6686500,Yahoo Finance daily
2018-07-18,us,NOW,,38.400001525878906,38.80400085449219,38.02199935913086,38.402000427246094,7702000,Yahoo Finance daily
2018-07-19,us,NOW,,38.305999755859375,38.54600143432617,37.89599990844727,38.007999420166016,4766000,Yahoo Finance daily
2018-07-20,us,NOW,,38.20199966430664,38.71200180053711,38.09999847412109,38.21599960327149,7197000,Yahoo Finance daily
2018-07-23,us,NOW,,38.0359992980957,38.27000045776367,37.31600189208984,38.09999847412109,8187500,Yahoo Finance daily
2018-07-24,us,NOW,,38.38600158691406,38.43600082397461,36.6879997253418,36.98199844360352,13719000,Yahoo Finance daily
2018-07-25,us,NOW,,36.91400146484375,37.46599960327149,36.672000885009766,36.77199935913086,17960500,Yahoo Finance daily
2018-07-26,us,NOW,,36.29999923706055,38.93399810791016,36.29999923706055,38.4640007019043,18939500,Yahoo Finance daily
2018-07-27,us,NOW,,38.40599822998047,38.49599838256836,35.66999816894531,36.790000915527344,16400500,Yahoo Finance daily
2018-07-30,us,NOW,,36.79999923706055,36.9900016784668,35.71200180053711,35.762001037597656,12197000,Yahoo Finance daily
2018-07-31,us,NOW,,35.849998474121094,35.99800109863281,34.869998931884766,35.19200134277344,15314500,Yahoo Finance daily
2018-08-01,us,NOW,,35.31800079345703,36.124000549316406,35.20000076293945,35.5880012512207,9885500,Yahoo Finance daily
2018-08-02,us,NOW,,35.400001525878906,36.61199951171875,35.358001708984375,36.56800079345703,9166000,Yahoo Finance daily
2018-08-03,us,NOW,,36.71799850463867,36.72999954223633,35.75,36.17599868774414,6409500,Yahoo Finance daily
2018-08-06,us,NOW,,36.2239990234375,36.98799896240234,36.2239990234375,36.93199920654297,5734500,Yahoo Finance daily
2018-08-07,us,NOW,,37.0,37.40599822998047,36.84000015258789,37.14799880981445,5238500,Yahoo Finance daily
2018-08-08,us,NOW,,37.060001373291016,37.44400024414063,36.47200012207031,37.22600173950195,4213000,Yahoo Finance daily
2018-08-09,us,NOW,,37.36199951171875,38.1259994506836,37.2400016784668,37.667999267578125,6053500,Yahoo Finance daily
2018-08-10,us,NOW,,37.27199935913086,38.0,37.09000015258789,37.49399948120117,4131500,Yahoo Finance daily
2018-08-13,us,NOW,,37.402000427246094,37.83399963378906,36.96799850463867,37.00400161743164,4349000,Yahoo Finance daily
2018-08-14,us,NOW,,37.220001220703125,37.374000549316406,36.35200119018555,36.89799880981445,6433500,Yahoo Finance daily
2018-08-15,us,NOW,,36.83399963378906,37.48799896240234,36.12200164794922,36.54600143432617,6305500,Yahoo Finance daily
2018-08-16,us,NOW,,36.869998931884766,36.90399932861328,36.35200119018555,36.40599822998047,3728500,Yahoo Finance daily
2018-08-17,us,NOW,,36.400001525878906,36.63199996948242,35.7599983215332,36.16600036621094,8280000,Yahoo Finance daily
2018-08-20,us,NOW,,36.03400039672852,36.38399887084961,35.83000183105469,36.27199935913086,8307500,Yahoo Finance daily
2018-08-21,us,NOW,,36.47999954223633,36.96599960327149,36.36399841308594,36.41999816894531,7775500,Yahoo Finance daily
2018-08-22,us,NOW,,36.29600143432617,36.72800064086914,36.2239990234375,36.48199844360352,10251000,Yahoo Finance daily
2018-08-23,us,NOW,,36.43399810791016,37.24599838256836,36.36000061035156,36.970001220703125,7606000,Yahoo Finance daily
2018-08-24,us,NOW,,37.22200012207031,38.95000076293945,37.055999755859375,38.71200180053711,13825000,Yahoo Finance daily
2018-08-27,us,NOW,,38.79999923706055,39.32600021362305,38.44400024414063,38.650001525878906,8557000,Yahoo Finance daily
2018-08-28,us,NOW,,38.75600051879883,38.95399856567383,38.30400085449219,38.85200119018555,5935000,Yahoo Finance daily
2018-08-29,us,NOW,,38.854000091552734,40.20000076293945,38.854000091552734,40.04600143432617,14963000,Yahoo Finance daily
2018-08-30,us,NOW,,39.900001525878906,40.007999420166016,39.29199981689453,39.68999862670898,9026000,Yahoo Finance daily
2018-08-31,us,NOW,,39.59999847412109,39.88800048828125,39.07400131225586,39.27199935913086,6126500,Yahoo Finance daily
2018-09-04,us,NOW,,39.18999862670898,40.13199996948242,39.060001373291016,40.05199813842773,8464000,Yahoo Finance daily
2018-09-05,us,NOW,,40.0,40.0,37.65999984741211,38.152000427246094,13524000,Yahoo Finance daily
2018-09-06,us,NOW,,38.38399887084961,38.86600112915039,37.84799957275391,38.63600158691406,9206500,Yahoo Finance daily
2018-09-07,us,NOW,,38.5880012512207,39.70000076293945,38.26599884033203,39.39599990844727,8158500,Yahoo Finance daily
2018-09-10,us,NOW,,39.97600173950195,39.97600173950195,39.09999847412109,39.80199813842773,10738500,Yahoo Finance daily
2018-09-11,us,NOW,,39.59999847412109,40.54399871826172,39.45000076293945,39.900001525878906,8825000,Yahoo Finance daily
2018-09-12,us,NOW,,39.96799850463867,40.667999267578125,39.05799865722656,40.55400085449219,8026500,Yahoo Finance daily
2018-09-13,us,NOW,,40.79999923706055,41.2599983215332,40.61199951171875,40.91600036621094,7363000,Yahoo Finance daily
2018-09-14,us,NOW,,40.82400131225586,41.06800079345703,40.43000030517578,40.59400177001953,6127500,Yahoo Finance daily
2018-09-17,us,NOW,,40.3759994506836,40.38999938964844,38.52999877929688,38.56399917602539,11567000,Yahoo Finance daily
2018-09-18,us,NOW,,38.604000091552734,39.15599822998047,38.310001373291016,38.3759994506836,11477500,Yahoo Finance daily
2018-09-19,us,NOW,,38.29999923706055,38.52199935913086,36.54600143432617,37.20000076293945,19650000,Yahoo Finance daily
2018-09-20,us,NOW,,37.400001525878906,37.78799819946289,36.84999847412109,37.470001220703125,14419000,Yahoo Finance daily
2018-09-21,us,NOW,,37.67399978637695,38.11399841308594,37.560001373291016,37.9379997253418,14403500,Yahoo Finance daily
2018-09-24,us,NOW,,37.5260009765625,38.81399917602539,37.13399887084961,38.624000549316406,10324000,Yahoo Finance daily
2018-09-25,us,NOW,,38.85599899291992,39.69400024414063,38.78799819946289,39.52199935913086,10530000,Yahoo Finance daily
2018-09-26,us,NOW,,39.52199935913086,39.77799987792969,38.9379997253418,39.141998291015625,6661500,Yahoo Finance daily
2018-09-27,us,NOW,,39.209999084472656,39.5,38.762001037597656,39.01599884033203,5598500,Yahoo Finance daily
2018-09-28,us,NOW,,38.91600036621094,39.560001373291016,38.90999984741211,39.1259994506836,6025000,Yahoo Finance daily
2018-10-01,us,NOW,,39.45000076293945,39.84600067138672,38.72600173950195,38.922000885009766,6692500,Yahoo Finance daily
2018-10-02,us,NOW,,39.14400100708008,39.19400024414063,38.46599960327149,38.58000183105469,6585000,Yahoo Finance daily
2018-10-03,us,NOW,,38.85599899291992,39.6619987487793,38.45199966430664,39.2400016784668,7912000,Yahoo Finance daily
2018-10-04,us,NOW,,39.09799957275391,39.09999847412109,36.92399978637695,37.48799896240234,17445500,Yahoo Finance daily
2018-10-05,us,NOW,,37.422000885009766,38.02399826049805,36.33000183105469,37.31999969482422,11225000,Yahoo Finance daily
2018-10-08,us,NOW,,36.87799835205078,37.1619987487793,35.45399856567383,36.05199813842773,13128000,Yahoo Finance daily
2018-10-09,us,NOW,,35.97999954223633,37.45800018310547,35.821998596191406,36.28200149536133,11989500,Yahoo Finance daily
2018-10-10,us,NOW,,36.09000015258789,36.16600036621094,34.36199951171875,34.428001403808594,17718500,Yahoo Finance daily
2018-10-11,us,NOW,,34.56999969482422,35.641998291015625,34.428001403808594,34.99399948120117,17537500,Yahoo Finance daily
2018-10-12,us,NOW,,36.4640007019043,37.61399841308594,36.05799865722656,36.88999938964844,14701000,Yahoo Finance daily
2018-10-15,us,NOW,,36.83200073242188,36.84999847412109,35.92399978637695,36.18199920654297,7313500,Yahoo Finance daily
2018-10-16,us,NOW,,37.04199981689453,38.66999816894531,36.93199920654297,38.54399871826172,13974000,Yahoo Finance daily
2018-10-17,us,NOW,,38.62200164794922,38.63999938964844,37.68600082397461,38.05199813842773,9551500,Yahoo Finance daily
2018-10-18,us,NOW,,37.82799911499024,38.30799865722656,36.40399932861328,37.0359992980957,11188500,Yahoo Finance daily
2018-10-19,us,NOW,,37.29199981689453,37.52999877929688,35.332000732421875,35.43000030517578,11299500,Yahoo Finance daily
2018-10-22,us,NOW,,35.78200149536133,36.18999862670898,34.875999450683594,35.768001556396484,13661500,Yahoo Finance daily
2018-10-23,us,NOW,,34.84000015258789,36.93199920654297,34.56999969482422,36.35599899291992,15125500,Yahoo Finance daily
2018-10-24,us,NOW,,36.35599899291992,36.75600051879883,33.93000030517578,34.04199981689453,18969500,Yahoo Finance daily
2018-10-25,us,NOW,,34.68000030517578,35.0,32.43600082397461,34.5260009765625,25768000,Yahoo Finance daily
2018-10-26,us,NOW,,32.847999572753906,34.43199920654297,32.48600006103516,33.35200119018555,15626000,Yahoo Finance daily
2018-10-29,us,NOW,,34.417999267578125,34.70000076293945,32.13199996948242,32.84600067138672,12689000,Yahoo Finance daily
2018-10-30,us,NOW,,32.0,33.79999923706055,31.520000457763672,33.70000076293945,15656000,Yahoo Finance daily
2018-10-31,us,NOW,,34.86199951171875,37.02399826049805,34.86199951171875,36.20800018310547,20065500,Yahoo Finance daily
2018-11-01,us,NOW,,36.20600128173828,36.86399841308594,35.4119987487793,36.74599838256836,7692500,Yahoo Finance daily
2018-11-02,us,NOW,,36.9739990234375,37.27000045776367,35.672000885009766,35.75600051879883,7635000,Yahoo Finance daily
2018-11-05,us,NOW,,35.79600143432617,36.14599990844727,35.34199905395508,36.08200073242188,6937500,Yahoo Finance daily
2018-11-06,us,NOW,,35.900001525878906,36.49599838256836,35.25199890136719,35.4739990234375,5924500,Yahoo Finance daily
2018-11-07,us,NOW,,36.470001220703125,38.80799865722656,36.15599822998047,38.16600036621094,14972500,Yahoo Finance daily
2018-11-08,us,NOW,,38.0,38.31600189208984,37.0359992980957,37.23199844360352,8922000,Yahoo Finance daily
2018-11-09,us,NOW,,36.84600067138672,36.84600067138672,34.78200149536133,35.518001556396484,11030000,Yahoo Finance daily
2018-11-12,us,NOW,,35.040000915527344,35.39799880981445,33.30400085449219,34.4739990234375,13335500,Yahoo Finance daily
2018-11-13,us,NOW,,34.869998931884766,34.9739990234375,33.41600036621094,33.73400115966797,10721000,Yahoo Finance daily
2018-11-14,us,NOW,,34.25199890136719,34.53400039672852,33.369998931884766,33.47600173950195,7215500,Yahoo Finance daily
2018-11-15,us,NOW,,33.33399963378906,34.709999084472656,33.32600021362305,34.59400177001953,8012500,Yahoo Finance daily
2018-11-16,us,NOW,,34.145999908447266,34.7760009765625,33.849998474121094,34.21799850463867,5546500,Yahoo Finance daily
2018-11-19,us,NOW,,33.9119987487793,33.97200012207031,31.218000411987305,31.36000061035156,15973500,Yahoo Finance daily
2018-11-20,us,NOW,,29.79800033569336,32.257999420166016,29.525999069213867,31.447999954223636,20491000,Yahoo Finance daily
2018-11-21,us,NOW,,32.04399871826172,32.599998474121094,31.527999877929688,31.827999114990234,9108500,Yahoo Finance daily
2018-11-23,us,NOW,,31.31399917602539,32.347999572753906,31.299999237060547,32.125999450683594,2888000,Yahoo Finance daily
2018-11-26,us,NOW,,32.81800079345703,33.65399932861328,32.141998291015625,33.45199966430664,8733000,Yahoo Finance daily
2018-11-27,us,NOW,,32.91999816894531,33.35200119018555,32.422000885009766,33.14799880981445,7455500,Yahoo Finance daily
2018-11-28,us,NOW,,34.25,35.672000885009766,34.082000732421875,35.57400131225586,15560500,Yahoo Finance daily
2018-11-29,us,NOW,,35.24800109863281,36.36199951171875,35.06999969482422,35.81999969482422,8717500,Yahoo Finance daily
2018-11-30,us,NOW,,35.928001403808594,37.25400161743164,35.70399856567383,37.05400085449219,15723000,Yahoo Finance daily
2018-12-03,us,NOW,,38.40999984741211,38.43199920654297,36.91999816894531,37.61800003051758,12040500,Yahoo Finance daily
2018-12-04,us,NOW,,37.11800003051758,37.73600006103516,35.64400100708008,36.16999816894531,12722500,Yahoo Finance daily
2018-12-06,us,NOW,,35.16400146484375,37.560001373291016,34.79999923706055,37.52000045776367,13391500,Yahoo Finance daily
2018-12-07,us,NOW,,37.38800048828125,37.93399810791016,35.85200119018555,36.47600173950195,8745500,Yahoo Finance daily
2018-12-10,us,NOW,,36.20000076293945,37.55400085449219,36.20000076293945,36.97999954223633,7836500,Yahoo Finance daily
2018-12-11,us,NOW,,37.83200073242188,37.8380012512207,36.34400177001953,36.68399810791016,11123500,Yahoo Finance daily
2018-12-12,us,NOW,,37.400001525878906,38.27199935913086,37.19200134277344,37.52799987792969,11448500,Yahoo Finance daily
2018-12-13,us,NOW,,37.880001068115234,38.152000427246094,37.06999969482422,37.630001068115234,7218500,Yahoo Finance daily
2018-12-14,us,NOW,,36.90800094604492,37.5260009765625,36.29199981689453,36.39599990844727,8316000,Yahoo Finance daily
2018-12-17,us,NOW,,36.00199890136719,36.00199890136719,34.104000091552734,34.29399871826172,11578500,Yahoo Finance daily
2018-12-18,us,NOW,,34.68399810791016,35.124000549316406,34.14400100708008,34.7140007019043,8412500,Yahoo Finance daily
2018-12-19,us,NOW,,34.928001403808594,36.22800064086914,34.22600173950195,34.80799865722656,10698500,Yahoo Finance daily
2018-12-20,us,NOW,,34.36800003051758,34.96200180053711,32.0,33.98400115966797,15992000,Yahoo Finance daily
2018-12-21,us,NOW,,34.00400161743164,34.097999572753906,32.0880012512207,32.400001525878906,13998000,Yahoo Finance daily
2018-12-24,us,NOW,,31.804000854492188,32.762001037597656,31.600000381469727,31.78400039672852,4482000,Yahoo Finance daily
2018-12-26,us,NOW,,31.93600082397461,33.93399810791016,31.93600082397461,33.902000427246094,15253500,Yahoo Finance daily
2018-12-27,us,NOW,,33.374000549316406,35.64799880981445,33.29999923706055,35.63999938964844,14687500,Yahoo Finance daily
2018-12-28,us,NOW,,35.922000885009766,36.81800079345703,35.13600158691406,36.06600189208984,12210500,Yahoo Finance daily
2018-12-31,us,NOW,,36.58399963378906,36.65399932861328,35.36000061035156,35.61000061035156,8277000,Yahoo Finance daily
2019-01-02,us,NOW,,34.82400131225586,36.09000015258789,34.492000579833984,35.66400146484375,12807500,Yahoo Finance daily
2019-01-03,us,NOW,,35.02399826049805,35.597999572753906,33.694000244140625,33.82400131225586,12344500,Yahoo Finance daily
2019-01-04,us,NOW,,34.60200119018555,36.29800033569336,34.332000732421875,35.84600067138672,10978500,Yahoo Finance daily
2019-01-07,us,NOW,,36.150001525878906,37.59999847412109,35.880001068115234,37.33399963378906,9124500,Yahoo Finance daily
2019-01-08,us,NOW,,37.95000076293945,38.33000183105469,36.9119987487793,37.62200164794922,8046000,Yahoo Finance daily
2019-01-09,us,NOW,,37.05199813842773,38.257999420166016,37.05199813842773,38.09400177001953,10480000,Yahoo Finance daily
2019-01-10,us,NOW,,37.77999877929688,38.1879997253418,37.5099983215332,38.0,8189000,Yahoo Finance daily
2019-01-11,us,NOW,,37.619998931884766,38.38999938964844,37.21200180053711,38.3380012512207,8230000,Yahoo Finance daily
2019-01-14,us,NOW,,37.57400131225586,38.21599960327149,37.38600158691406,37.68000030517578,9055500,Yahoo Finance daily
2019-01-15,us,NOW,,37.88999938964844,38.06399917602539,37.51599884033203,37.66999816894531,12589500,Yahoo Finance daily
2019-01-16,us,NOW,,37.90399932861328,38.55799865722656,37.4900016784668,37.917999267578125,7255000,Yahoo Finance daily
2019-01-17,us,NOW,,37.36600112915039,37.88800048828125,37.04399871826172,37.305999755859375,10746500,Yahoo Finance daily
2019-01-18,us,NOW,,37.94599914550781,38.290000915527344,37.32600021362305,38.01800155639648,9653000,Yahoo Finance daily
2019-01-22,us,NOW,,37.555999755859375,37.93600082397461,36.95600128173828,37.13999938964844,7532000,Yahoo Finance daily
2019-01-23,us,NOW,,37.50400161743164,37.9640007019043,36.58200073242188,36.79199981689453,7926500,Yahoo Finance daily
2019-01-24,us,NOW,,36.84999847412109,37.49399948120117,36.492000579833984,37.13999938964844,6759000,Yahoo Finance daily
2019-01-25,us,NOW,,37.52199935913086,38.25400161743164,37.13999938964844,38.21599960327149,7126000,Yahoo Finance daily
2019-01-28,us,NOW,,37.61000061035156,38.03200149536133,37.29999923706055,37.5880012512207,9652000,Yahoo Finance daily
2019-01-29,us,NOW,,37.63600158691406,37.76399993896485,36.80199813842773,36.9640007019043,8167500,Yahoo Finance daily
2019-01-30,us,NOW,,37.4379997253418,38.84199905395508,37.402000427246094,38.79999923706055,21257500,Yahoo Finance daily
2019-01-31,us,NOW,,42.27199935913086,45.68199920654297,41.99800109863281,44.00400161743164,55998500,Yahoo Finance daily
2019-02-01,us,NOW,,43.71599960327149,44.36800003051758,43.36000061035156,44.30199813842773,17760500,Yahoo Finance daily
2019-02-04,us,NOW,,44.16600036621094,45.17599868774414,44.02000045776367,45.02799987792969,17998500,Yahoo Finance daily
2019-02-05,us,NOW,,45.20000076293945,45.880001068115234,45.07400131225586,45.66999816894531,9524500,Yahoo Finance daily
2019-02-06,us,NOW,,45.59999847412109,45.900001525878906,44.65999984741211,45.11199951171875,8314000,Yahoo Finance daily
2019-02-07,us,NOW,,44.8120002746582,45.608001708984375,44.42399978637695,45.391998291015625,7397500,Yahoo Finance daily
2019-02-08,us,NOW,,45.08000183105469,45.757999420166016,44.53400039672852,45.71200180053711,8018000,Yahoo Finance daily
2019-02-11,us,NOW,,45.97800064086914,46.45000076293945,45.41400146484375,45.80199813842773,9682000,Yahoo Finance daily
2019-02-12,us,NOW,,46.12200164794922,47.36199951171875,46.09999847412109,46.93000030517578,11831000,Yahoo Finance daily
2019-02-13,us,NOW,,47.0,47.49800109863281,46.33000183105469,46.39400100708008,8387000,Yahoo Finance daily
2019-02-14,us,NOW,,46.28799819946289,47.167999267578125,46.152000427246094,46.805999755859375,6523500,Yahoo Finance daily
2019-02-15,us,NOW,,47.0,47.34000015258789,46.47999954223633,46.97800064086914,7129500,Yahoo Finance daily
2019-02-19,us,NOW,,46.698001861572266,47.09199905395508,46.400001525878906,46.91600036621094,7170500,Yahoo Finance daily
2019-02-20,us,NOW,,47.0,47.09799957275391,45.56999969482422,45.900001525878906,11735000,Yahoo Finance daily
2019-02-21,us,NOW,,45.742000579833984,46.24800109863281,45.30199813842773,46.00199890136719,6588000,Yahoo Finance daily
2019-02-22,us,NOW,,46.06399917602539,47.22999954223633,46.06399917602539,47.0,9904000,Yahoo Finance daily
2019-02-25,us,NOW,,47.5,47.88999938964844,47.11800003051758,47.400001525878906,8060500,Yahoo Finance daily
2019-02-26,us,NOW,,47.167999267578125,47.38800048828125,46.68999862670898,47.242000579833984,5919000,Yahoo Finance daily
2019-02-27,us,NOW,,47.15999984741211,48.172000885009766,47.06600189208984,48.0620002746582,11071000,Yahoo Finance daily
2019-02-28,us,NOW,,48.03400039672852,48.28799819946289,47.54800033569336,47.88800048828125,9464500,Yahoo Finance daily
2019-03-01,us,NOW,,48.46200180053711,48.869998931884766,47.858001708984375,48.70399856567383,10279500,Yahoo Finance daily
2019-03-04,us,NOW,,48.91999816894531,49.06600189208984,45.73400115966797,47.39400100708008,22077500,Yahoo Finance daily
2019-03-05,us,NOW,,47.51399993896485,47.51399993896485,46.40599822998047,47.20000076293945,9701000,Yahoo Finance daily
2019-03-06,us,NOW,,47.09000015258789,47.4900016784668,46.358001708984375,46.62200164794922,6073500,Yahoo Finance daily
2019-03-07,us,NOW,,46.4739990234375,47.36399841308594,46.22200012207031,46.67399978637695,7887000,Yahoo Finance daily
2019-03-08,us,NOW,,45.86000061035156,46.805999755859375,45.34199905395508,46.790000915527344,7638000,Yahoo Finance daily
2019-03-11,us,NOW,,47.10200119018555,48.01800155639648,47.0260009765625,47.97200012207031,9959500,Yahoo Finance daily
2019-03-12,us,NOW,,48.02999877929688,48.20399856567383,47.35599899291992,47.742000579833984,8468500,Yahoo Finance daily
2019-03-13,us,NOW,,48.11199951171875,48.68399810791016,47.90999984741211,48.07799911499024,9427500,Yahoo Finance daily
2019-03-14,us,NOW,,48.810001373291016,48.92599868774414,48.2599983215332,48.31800079345703,9734000,Yahoo Finance daily
2019-03-15,us,NOW,,48.27399826049805,48.64799880981445,48.040000915527344,48.37799835205078,10269000,Yahoo Finance daily
2019-03-18,us,NOW,,48.50600051879883,49.19200134277344,48.02799987792969,48.19599914550781,12058000,Yahoo Finance daily
2019-03-19,us,NOW,,48.45199966430664,48.82600021362305,48.06999969482422,48.391998291015625,10956500,Yahoo Finance daily
2019-03-20,us,NOW,,48.59999847412109,49.45600128173828,47.959999084472656,48.917999267578125,6054000,Yahoo Finance daily
2019-03-21,us,NOW,,48.74399948120117,50.33000183105469,48.74399948120117,50.18999862670898,7660500,Yahoo Finance daily
2019-03-22,us,NOW,,49.79999923706055,50.09999847412109,48.2140007019043,48.242000579833984,10074000,Yahoo Finance daily
2019-03-25,us,NOW,,47.757999420166016,48.60200119018555,47.32400131225586,48.34000015258789,7766000,Yahoo Finance daily
2019-03-26,us,NOW,,49.007999420166016,49.448001861572266,48.63999938964844,49.0,6755500,Yahoo Finance daily
2019-03-27,us,NOW,,48.9640007019043,48.9640007019043,47.119998931884766,48.27399826049805,7894000,Yahoo Finance daily
2019-03-28,us,NOW,,48.74599838256836,49.16999816894531,48.14599990844727,48.66600036621094,5245500,Yahoo Finance daily
2019-03-29,us,NOW,,49.29999923706055,49.42599868774414,48.672000885009766,49.29800033569336,6949500,Yahoo Finance daily
2019-04-01,us,NOW,,49.99800109863281,50.06999969482422,48.7599983215332,49.14599990844727,9067000,Yahoo Finance daily
2019-04-02,us,NOW,,49.150001525878906,49.40399932861328,48.560001373291016,49.36399841308594,7401500,Yahoo Finance daily
2019-04-03,us,NOW,,49.77999877929688,49.77999877929688,48.858001708984375,49.428001403808594,5233000,Yahoo Finance daily
2019-04-04,us,NOW,,49.27000045776367,49.27799987792969,46.02799987792969,47.40599822998047,14712000,Yahoo Finance daily
2019-04-05,us,NOW,,47.72800064086914,48.01800155639648,47.05199813842773,47.39599990844727,5885500,Yahoo Finance daily
2019-04-08,us,NOW,,47.27999877929688,47.8759994506836,46.70199966430664,47.44200134277344,7240000,Yahoo Finance daily
2019-04-09,us,NOW,,47.0260009765625,48.055999755859375,47.0260009765625,47.75199890136719,6804000,Yahoo Finance daily
2019-04-10,us,NOW,,48.09999847412109,49.11600112915039,48.00400161743164,48.73199844360352,6207000,Yahoo Finance daily
2019-04-11,us,NOW,,48.72800064086914,49.23799896240234,48.422000885009766,49.15399932861328,5213500,Yahoo Finance daily
2019-04-12,us,NOW,,49.400001525878906,49.54800033569336,48.74800109863281,48.86000061035156,4986500,Yahoo Finance daily
2019-04-15,us,NOW,,48.81399917602539,49.27999877929688,48.48799896240234,48.757999420166016,6495000,Yahoo Finance daily
2019-04-16,us,NOW,,49.178001403808594,49.2239990234375,47.77000045776367,47.96200180053711,5653500,Yahoo Finance daily
2019-04-17,us,NOW,,48.34400177001953,48.400001525878906,46.86399841308594,47.24599838256836,12429000,Yahoo Finance daily
2019-04-18,us,NOW,,46.880001068115234,47.78400039672852,46.428001403808594,47.47999954223633,14683000,Yahoo Finance daily
2019-04-22,us,NOW,,47.20399856567383,48.7140007019043,47.20000076293945,48.52799987792969,6256500,Yahoo Finance daily
2019-04-23,us,NOW,,48.650001525878906,49.46799850463867,48.220001220703125,48.709999084472656,10288000,Yahoo Finance daily
2019-04-24,us,NOW,,49.0,49.07600021362305,48.21200180053711,48.540000915527344,13600000,Yahoo Finance daily
2019-04-25,us,NOW,,52.20399856567383,53.854000091552734,51.63600158691406,52.13800048828125,23887000,Yahoo Finance daily
2019-04-26,us,NOW,,52.0,53.56600189208984,51.417999267578125,53.41600036621094,11083000,Yahoo Finance daily
2019-04-29,us,NOW,,53.41999816894531,54.69400024414063,53.41999816894531,54.3380012512207,10130000,Yahoo Finance daily
2019-04-30,us,NOW,,54.20000076293945,54.76399993896485,53.74599838256836,54.30199813842773,7613500,Yahoo Finance daily
2019-05-01,us,NOW,,54.63199996948242,54.63199996948242,53.6619987487793,54.08000183105469,7643500,Yahoo Finance daily
2019-05-02,us,NOW,,52.97200012207031,53.99800109863281,52.06999969482422,52.53400039672852,16058500,Yahoo Finance daily
2019-05-03,us,NOW,,53.13600158691406,53.86199951171875,52.85200119018555,53.70399856567383,8265000,Yahoo Finance daily
2019-05-06,us,NOW,,52.09999847412109,54.19400024414063,51.5,53.95000076293945,6277000,Yahoo Finance daily
2019-05-07,us,NOW,,53.400001525878906,53.77999877929688,52.0099983215332,52.96200180053711,7828000,Yahoo Finance daily
2019-05-08,us,NOW,,52.79999923706055,53.678001403808594,52.16600036621094,53.19599914550781,6315000,Yahoo Finance daily
2019-05-09,us,NOW,,52.470001220703125,54.36000061035156,52.055999755859375,54.09799957275391,8549500,Yahoo Finance daily
2019-05-10,us,NOW,,53.70000076293945,55.040000915527344,53.29999923706055,54.97999954223633,8772000,Yahoo Finance daily
2019-05-13,us,NOW,,53.3759994506836,54.23199844360352,51.854000091552734,52.02399826049805,13880000,Yahoo Finance daily
2019-05-14,us,NOW,,52.64400100708008,54.58599853515625,52.64400100708008,54.41400146484375,10234000,Yahoo Finance daily
2019-05-15,us,NOW,,54.0,55.2859992980957,53.90800094604492,54.79199981689453,6419000,Yahoo Finance daily
2019-05-16,us,NOW,,55.0,56.34799957275391,54.84199905395508,55.59199905395508,21063500,Yahoo Finance daily
2019-05-17,us,NOW,,55.141998291015625,55.4640007019043,54.32400131225586,54.59799957275391,8609000,Yahoo Finance daily
2019-05-20,us,NOW,,53.391998291015625,54.09999847412109,52.70800018310547,53.01599884033203,12073000,Yahoo Finance daily
2019-05-21,us,NOW,,53.94200134277344,54.59999847412109,53.54999923706055,54.242000579833984,5393500,Yahoo Finance daily
2019-05-22,us,NOW,,54.01399993896485,55.29999923706055,53.96599960327149,54.678001403808594,3878000,Yahoo Finance daily
2019-05-23,us,NOW,,54.012001037597656,54.17399978637695,52.7760009765625,52.95800018310547,7292500,Yahoo Finance daily
2019-05-24,us,NOW,,53.34999847412109,53.88800048828125,53.0099983215332,53.790000915527344,5909000,Yahoo Finance daily
2019-05-28,us,NOW,,53.81600189208984,54.42399978637695,52.948001861572266,53.33000183105469,7224000,Yahoo Finance daily
2019-05-29,us,NOW,,52.77999877929688,53.66400146484375,52.30199813842773,52.8380012512207,5638000,Yahoo Finance daily
2019-05-30,us,NOW,,53.08200073242188,53.08200073242188,52.242000579833984,52.52000045776367,6524500,Yahoo Finance daily
2019-05-31,us,NOW,,51.86199951171875,53.0880012512207,51.5,52.38600158691406,6097000,Yahoo Finance daily
2019-06-03,us,NOW,,52.400001525878906,52.65800094604492,49.20399856567383,49.67599868774414,14111500,Yahoo Finance daily
2019-06-04,us,NOW,,50.22800064086914,51.61399841308594,49.50199890136719,51.5099983215332,7613000,Yahoo Finance daily
2019-06-05,us,NOW,,52.4739990234375,52.7760009765625,51.2599983215332,52.650001525878906,9135500,Yahoo Finance daily
2019-06-06,us,NOW,,52.64799880981445,53.93600082397461,52.36399841308594,53.698001861572266,4752000,Yahoo Finance daily
2019-06-07,us,NOW,,54.198001861572266,55.3380012512207,54.198001861572266,54.90999984741211,8462500,Yahoo Finance daily
2019-06-10,us,NOW,,55.87200164794922,56.11199951171875,55.12200164794922,55.17399978637695,6243500,Yahoo Finance daily
2019-06-11,us,NOW,,55.97200012207031,55.97200012207031,52.790000915527344,53.257999420166016,7335000,Yahoo Finance daily
2019-06-12,us,NOW,,53.20000076293945,54.06800079345703,52.86600112915039,53.57600021362305,4888500,Yahoo Finance daily
2019-06-13,us,NOW,,53.720001220703125,54.81800079345703,53.720001220703125,54.757999420166016,5907000,Yahoo Finance daily
2019-06-14,us,NOW,,54.74599838256836,55.12200164794922,54.0099983215332,54.45000076293945,5077500,Yahoo Finance daily
2019-06-17,us,NOW,,54.7400016784668,55.2760009765625,54.34400177001953,54.9119987487793,4942000,Yahoo Finance daily
2019-06-18,us,NOW,,55.66400146484375,57.00600051879883,55.66400146484375,56.52799987792969,10050000,Yahoo Finance daily
2019-06-19,us,NOW,,56.84199905395508,57.16600036621094,56.209999084472656,57.10200119018555,7409000,Yahoo Finance daily
2019-06-20,us,NOW,,58.04800033569336,58.59600067138672,57.2859992980957,57.7599983215332,8664000,Yahoo Finance daily
2019-06-21,us,NOW,,57.50400161743164,58.167999267578125,57.130001068115234,57.14799880981445,8226000,Yahoo Finance daily
2019-06-24,us,NOW,,57.57400131225586,57.67599868774414,56.1879997253418,56.5,7712000,Yahoo Finance daily
2019-06-25,us,NOW,,56.630001068115234,56.630001068115234,54.61199951171875,55.071998596191406,7936000,Yahoo Finance daily
2019-06-26,us,NOW,,55.75600051879883,57.040000915527344,54.77199935913086,55.06800079345703,6552000,Yahoo Finance daily
2019-06-27,us,NOW,,55.4739990234375,56.16600036621094,55.242000579833984,55.70199966430664,5720000,Yahoo Finance daily
2019-06-28,us,NOW,,55.5620002746582,56.03799819946289,54.91400146484375,54.91400146484375,20804000,Yahoo Finance daily
2019-07-01,us,NOW,,56.39799880981445,56.86600112915039,55.89799880981445,56.70199966430664,8706000,Yahoo Finance daily
2019-07-02,us,NOW,,56.6619987487793,57.86399841308594,56.630001068115234,57.6619987487793,9732000,Yahoo Finance daily
2019-07-03,us,NOW,,57.97999954223633,58.84600067138672,57.97999954223633,58.630001068115234,5580500,Yahoo Finance daily
2019-07-05,us,NOW,,58.20000076293945,58.92399978637695,57.709999084472656,58.90599822998047,5025500,Yahoo Finance daily
2019-07-08,us,NOW,,58.72999954223633,58.75600051879883,57.93000030517578,58.59999847412109,6343500,Yahoo Finance daily
2019-07-09,us,NOW,,58.28200149536133,59.82400131225586,58.1259994506836,59.604000091552734,8280000,Yahoo Finance daily
2019-07-10,us,NOW,,59.922000885009766,60.59799957275391,59.6619987487793,59.75,6047000,Yahoo Finance daily
2019-07-11,us,NOW,,60.08200073242188,60.5260009765625,59.891998291015625,60.46200180053711,4433500,Yahoo Finance daily
2019-07-12,us,NOW,,60.459999084472656,60.63399887084961,59.22200012207031,60.22600173950195,4819500,Yahoo Finance daily
2019-07-15,us,NOW,,60.400001525878906,60.48199844360352,59.57600021362305,60.220001220703125,3649000,Yahoo Finance daily
2019-07-16,us,NOW,,60.0,60.2599983215332,58.84000015258789,59.09999847412109,5808500,Yahoo Finance daily
2019-07-17,us,NOW,,59.09999847412109,60.03200149536133,58.902000427246094,59.3120002746582,4328500,Yahoo Finance daily
2019-07-18,us,NOW,,59.26399993896485,59.698001861572266,58.805999755859375,58.93600082397461,5467000,Yahoo Finance daily
2019-07-19,us,NOW,,59.61000061035156,59.84000015258789,57.69200134277344,57.948001861572266,6980000,Yahoo Finance daily
2019-07-22,us,NOW,,58.68000030517578,58.99399948120117,57.92399978637695,58.762001037597656,9817000,Yahoo Finance daily
2019-07-23,us,NOW,,59.00400161743164,59.00400161743164,57.52799987792969,58.20199966430664,8033500,Yahoo Finance daily
2019-07-24,us,NOW,,58.34400177001953,59.52199935913086,58.09999847412109,59.44200134277344,13831000,Yahoo Finance daily
2019-07-25,us,NOW,,57.70000076293945,58.150001525878906,55.9379997253418,57.14599990844727,22660000,Yahoo Finance daily
2019-07-26,us,NOW,,57.67399978637695,58.03799819946289,57.150001525878906,57.86600112915039,8558000,Yahoo Finance daily
2019-07-29,us,NOW,,57.86800003051758,58.0,55.11800003051758,57.167999267578125,16359000,Yahoo Finance daily
2019-07-30,us,NOW,,56.85599899291992,57.27799987792969,56.19400024414063,56.20000076293945,7784500,Yahoo Finance daily
2019-07-31,us,NOW,,56.34199905395508,56.5,54.52199935913086,55.47800064086914,10488000,Yahoo Finance daily
2019-08-01,us,NOW,,55.47600173950195,56.34400177001953,54.2239990234375,54.79999923706055,13795000,Yahoo Finance daily
2019-08-02,us,NOW,,54.59000015258789,54.62200164794922,52.3759994506836,53.172000885009766,12189000,Yahoo Finance daily
2019-08-05,us,NOW,,51.00199890136719,52.507999420166016,50.380001068115234,51.36199951171875,17952000,Yahoo Finance daily
2019-08-06,us,NOW,,52.33200073242188,53.0,51.470001220703125,52.34199905395508,8614000,Yahoo Finance daily
2019-08-07,us,NOW,,51.93199920654297,52.9900016784668,51.400001525878906,52.13800048828125,6457500,Yahoo Finance daily
2019-08-08,us,NOW,,52.402000427246094,53.54600143432617,52.2760009765625,53.422000885009766,8222000,Yahoo Finance daily
2019-08-09,us,NOW,,53.45000076293945,53.59999847412109,52.54800033569336,52.76399993896485,4489000,Yahoo Finance daily
2019-08-12,us,NOW,,52.2599983215332,52.624000549316406,51.54999923706055,51.7140007019043,3524000,Yahoo Finance daily
2019-08-13,us,NOW,,51.59999847412109,52.7140007019043,51.470001220703125,52.4379997253418,8051000,Yahoo Finance daily
2019-08-14,us,NOW,,51.667999267578125,51.9739990234375,50.3380012512207,50.46200180053711,8881500,Yahoo Finance daily
2019-08-15,us,NOW,,50.400001525878906,50.98199844360352,50.03799819946289,50.45800018310547,8894000,Yahoo Finance daily
2019-08-16,us,NOW,,51.18199920654297,51.97999954223633,50.9739990234375,51.38199996948242,7533500,Yahoo Finance daily
2019-08-19,us,NOW,,52.0,52.31600189208984,50.928001403808594,51.10200119018555,9062500,Yahoo Finance daily
2019-08-20,us,NOW,,51.09999847412109,51.52199935913086,50.51599884033203,51.055999755859375,6758000,Yahoo Finance daily
2019-08-21,us,NOW,,52.400001525878906,53.56800079345703,52.04800033569336,53.15599822998047,9513500,Yahoo Finance daily
2019-08-22,us,NOW,,53.29999923706055,53.59000015258789,52.45600128173828,52.928001403808594,6357000,Yahoo Finance daily
2019-08-23,us,NOW,,53.27399826049805,54.9119987487793,52.36399841308594,52.61399841308594,13069500,Yahoo Finance daily
2019-08-26,us,NOW,,53.0,53.374000549316406,52.46200180053711,53.31399917602539,4248000,Yahoo Finance daily
2019-08-27,us,NOW,,53.80400085449219,53.91999816894531,52.38800048828125,53.242000579833984,7369000,Yahoo Finance daily
2019-08-28,us,NOW,,52.354000091552734,52.6619987487793,51.64400100708008,52.06399917602539,7869000,Yahoo Finance daily
2019-08-29,us,NOW,,52.77199935913086,53.18999862670898,52.119998931884766,52.95800018310547,5400000,Yahoo Finance daily
2019-08-30,us,NOW,,53.18199920654297,53.31600189208984,51.33000183105469,52.36800003051758,7487500,Yahoo Finance daily
2019-09-03,us,NOW,,52.81800079345703,53.11199951171875,52.20000076293945,52.67599868774414,7118000,Yahoo Finance daily
2019-09-04,us,NOW,,53.14400100708008,54.02799987792969,53.04999923706055,53.70399856567383,6005500,Yahoo Finance daily
2019-09-05,us,NOW,,54.06399917602539,54.63199996948242,52.119998931884766,53.92399978637695,10727000,Yahoo Finance daily
2019-09-06,us,NOW,,53.97999954223633,54.11199951171875,52.49399948120117,52.70000076293945,7003000,Yahoo Finance daily
2019-09-09,us,NOW,,52.79999923706055,53.167999267578125,50.0,50.93600082397461,14610500,Yahoo Finance daily
2019-09-10,us,NOW,,50.09400177001953,51.13399887084961,49.29999923706055,50.63600158691406,12629500,Yahoo Finance daily
2019-09-11,us,NOW,,50.5260009765625,51.81399917602539,50.20399856567383,50.73400115966797,7435500,Yahoo Finance daily
2019-09-12,us,NOW,,51.31999969482422,51.93199920654297,51.104000091552734,51.36199951171875,9070000,Yahoo Finance daily
2019-09-13,us,NOW,,51.07600021362305,51.2760009765625,50.20000076293945,50.391998291015625,7602500,Yahoo Finance daily
2019-09-16,us,NOW,,50.20000076293945,52.24800109863281,50.0,52.22999954223633,5913000,Yahoo Finance daily
2019-09-17,us,NOW,,52.672000885009766,53.59999847412109,52.14799880981445,52.810001373291016,6354000,Yahoo Finance daily
2019-09-18,us,NOW,,53.3380012512207,53.380001068115234,51.95399856567383,53.16999816894531,6652500,Yahoo Finance daily
2019-09-19,us,NOW,,53.09000015258789,53.83599853515625,52.5,53.74800109863281,7462000,Yahoo Finance daily
2019-09-20,us,NOW,,53.89400100708008,54.27799987792969,53.31800079345703,54.23400115966797,10693000,Yahoo Finance daily
2019-09-23,us,NOW,,54.49399948120117,54.72600173950195,53.391998291015625,53.400001525878906,6154500,Yahoo Finance daily
2019-09-24,us,NOW,,53.400001525878906,53.66600036621094,51.220001220703125,51.5,7527000,Yahoo Finance daily
2019-09-25,us,NOW,,51.5,51.928001403808594,49.73400115966797,51.8759994506836,12747500,Yahoo Finance daily
2019-09-26,us,NOW,,51.87799835205078,51.93000030517578,51.04800033569336,51.59799957275391,4726000,Yahoo Finance daily
2019-09-27,us,NOW,,51.78400039672852,51.89799880981445,49.05400085449219,50.05199813842773,11381000,Yahoo Finance daily
2019-09-30,us,NOW,,50.43999862670898,50.959999084472656,49.902000427246094,50.77000045776367,6030000,Yahoo Finance daily
2019-10-01,us,NOW,,51.06399917602539,51.2239990234375,49.94200134277344,50.0260009765625,8550500,Yahoo Finance daily
2019-10-02,us,NOW,,49.8120002746582,50.152000427246094,48.70800018310547,49.369998931884766,8929500,Yahoo Finance daily
2019-10-03,us,NOW,,49.55400085449219,51.71200180053711,48.858001708984375,51.4739990234375,8381500,Yahoo Finance daily
2019-10-04,us,NOW,,52.04600143432617,53.44400024414063,51.91600036621094,53.29600143432617,9493500,Yahoo Finance daily
2019-10-07,us,NOW,,53.24599838256836,54.09999847412109,53.24599838256836,53.630001068115234,10029000,Yahoo Finance daily
2019-10-08,us,NOW,,53.20000076293945,53.67399978637695,51.59600067138672,51.6259994506836,5810000,Yahoo Finance daily
2019-10-09,us,NOW,,52.167999267578125,52.70399856567383,51.89599990844727,52.40399932861328,4199000,Yahoo Finance daily
2019-10-10,us,NOW,,52.00400161743164,52.93600082397461,51.81999969482422,52.63600158691406,3824000,Yahoo Finance daily
2019-10-11,us,NOW,,53.61199951171875,54.79199981689453,53.262001037597656,54.06600189208984,8748000,Yahoo Finance daily
2019-10-14,us,NOW,,54.01399993896485,54.24399948120117,53.571998596191406,53.88800048828125,6785500,Yahoo Finance daily
2019-10-15,us,NOW,,54.0880012512207,55.29999923706055,54.0,54.84799957275391,8816500,Yahoo Finance daily
2019-10-16,us,NOW,,51.7859992980957,52.150001525878906,49.81999969482422,50.91999816894531,23617500,Yahoo Finance daily
2019-10-17,us,NOW,,51.65800094604492,51.8120002746582,50.40999984741211,50.86199951171875,11058500,Yahoo Finance daily
2019-10-18,us,NOW,,50.79399871826172,51.50199890136719,48.124000549316406,48.59999847412109,22048000,Yahoo Finance daily
2019-10-21,us,NOW,,49.01800155639648,49.1619987487793,47.81999969482422,48.18000030517578,19103500,Yahoo Finance daily
2019-10-22,us,NOW,,48.38199996948242,48.4900016784668,45.0,45.667999267578125,34315000,Yahoo Finance daily
2019-10-23,us,NOW,,43.2599983215332,45.14599990844727,42.79800033569336,44.00199890136719,60289500,Yahoo Finance daily
2019-10-24,us,NOW,,47.3120002746582,48.76399993896485,46.45000076293945,47.555999755859375,46870000,Yahoo Finance daily
2019-10-25,us,NOW,,47.55400085449219,48.29999923706055,46.8120002746582,48.24399948120117,16543500,Yahoo Finance daily
2019-10-28,us,NOW,,48.68000030517578,49.25600051879883,48.0,48.93999862670898,17329500,Yahoo Finance daily
2019-10-29,us,NOW,,48.79800033569336,49.79800033569336,48.16400146484375,48.20800018310547,9315500,Yahoo Finance daily
2019-10-30,us,NOW,,48.667999267578125,50.04800033569336,47.805999755859375,49.9900016784668,9440000,Yahoo Finance daily
2019-10-31,us,NOW,,49.992000579833984,50.1619987487793,48.80199813842773,49.45199966430664,7263000,Yahoo Finance daily
2019-11-01,us,NOW,,49.78799819946289,51.23199844360352,49.48199844360352,50.60599899291992,12405000,Yahoo Finance daily
2019-11-04,us,NOW,,50.89799880981445,51.11600112915039,49.0099983215332,49.15999984741211,9032000,Yahoo Finance daily
2019-11-05,us,NOW,,49.1619987487793,49.27999877929688,47.82600021362305,48.37200164794922,11047500,Yahoo Finance daily
2019-11-06,us,NOW,,48.34999847412109,48.54600143432617,47.79399871826172,48.27000045776367,6840500,Yahoo Finance daily
2019-11-07,us,NOW,,48.400001525878906,48.93000030517578,47.96200180053711,48.178001403808594,9583000,Yahoo Finance daily
2019-11-08,us,NOW,,47.98400115966797,49.84000015258789,47.65800094604492,49.68999862670898,9524000,Yahoo Finance daily
2019-11-11,us,NOW,,49.46200180053711,50.0,49.16400146484375,49.709999084472656,8478500,Yahoo Finance daily
2019-11-12,us,NOW,,49.858001708984375,50.698001861572266,49.84000015258789,50.50600051879883,9444000,Yahoo Finance daily
2019-11-13,us,NOW,,50.18600082397461,51.02199935913086,49.80199813842773,50.78799819946289,9750500,Yahoo Finance daily
2019-11-14,us,NOW,,50.55400085449219,51.08200073242188,49.89400100708008,50.77000045776367,8929500,Yahoo Finance daily
2019-11-15,us,NOW,,51.09999847412109,52.007999420166016,50.858001708984375,51.992000579833984,11130000,Yahoo Finance daily
2019-11-18,us,NOW,,51.59999847412109,53.68999862670898,51.459999084472656,53.262001037597656,15411500,Yahoo Finance daily
2019-11-19,us,NOW,,55.45000076293945,55.97999954223633,54.50600051879883,55.54800033569336,49338500,Yahoo Finance daily
2019-11-20,us,NOW,,55.3759994506836,56.86000061035156,55.33000183105469,56.59999847412109,189014500,Yahoo Finance daily
2019-11-21,us,NOW,,56.4640007019043,56.69400024414063,55.54999923706055,55.82400131225586,19704500,Yahoo Finance daily
2019-11-22,us,NOW,,56.0,56.16999816894531,55.37799835205078,55.99599838256836,10440000,Yahoo Finance daily
2019-11-25,us,NOW,,56.0,56.79999923706055,55.68199920654297,55.95000076293945,16132500,Yahoo Finance daily
2019-11-26,us,NOW,,56.20000076293945,56.22999954223633,55.7239990234375,55.77199935913086,10756000,Yahoo Finance daily
2019-11-27,us,NOW,,55.902000427246094,56.29800033569336,55.56999969482422,56.25600051879883,6589500,Yahoo Finance daily
2019-11-29,us,NOW,,56.19400024414063,56.698001861572266,56.02000045776367,56.608001708984375,4399500,Yahoo Finance daily
2019-12-02,us,NOW,,56.59999847412109,56.59999847412109,53.900001525878906,55.470001220703125,11214000,Yahoo Finance daily
2019-12-03,us,NOW,,54.358001708984375,56.0,54.21200180053711,55.80199813842773,11558500,Yahoo Finance daily
2019-12-04,us,NOW,,55.57400131225586,55.61399841308594,54.560001373291016,54.7599983215332,9262500,Yahoo Finance daily
2019-12-05,us,NOW,,54.59999847412109,55.45000076293945,54.37200164794922,54.6259994506836,5869500,Yahoo Finance daily
2019-12-06,us,NOW,,54.97999954223633,55.0620002746582,53.92399978637695,54.40800094604492,9312500,Yahoo Finance daily
2019-12-09,us,NOW,,54.354000091552734,54.52000045776367,53.92399978637695,53.93999862670898,5291000,Yahoo Finance daily
2019-12-10,us,NOW,,54.0,54.4900016784668,53.2400016784668,53.35599899291992,7303500,Yahoo Finance daily
2019-12-11,us,NOW,,53.20000076293945,53.63800048828125,52.70600128173828,53.459999084472656,8920000,Yahoo Finance daily
2019-12-12,us,NOW,,53.27199935913086,53.71799850463867,52.81600189208984,53.130001068115234,11112000,Yahoo Finance daily
2019-12-13,us,NOW,,53.12799835205078,54.7599983215332,52.79600143432617,54.59600067138672,9334500,Yahoo Finance daily
2019-12-16,us,NOW,,54.86600112915039,56.36000061035156,54.821998596191406,56.358001708984375,10412500,Yahoo Finance daily
2019-12-17,us,NOW,,55.9900016784668,56.20399856567383,54.87799835205078,55.22800064086914,9627500,Yahoo Finance daily
2019-12-18,us,NOW,,55.48600006103516,56.0359992980957,55.220001220703125,55.4900016784668,6362500,Yahoo Finance daily
2019-12-19,us,NOW,,55.4900016784668,55.821998596191406,55.06600189208984,55.69599914550781,7168000,Yahoo Finance daily
2019-12-20,us,NOW,,56.104000091552734,56.56600189208984,55.75199890136719,56.5260009765625,11508500,Yahoo Finance daily
2019-12-23,us,NOW,,56.61000061035156,57.48799896240234,56.34199905395508,56.6619987487793,9708000,Yahoo Finance daily
2019-12-24,us,NOW,,56.77999877929688,56.98400115966797,56.51399993896485,56.84000015258789,1528500,Yahoo Finance daily
2019-12-26,us,NOW,,56.95199966430664,57.61600112915039,56.95199966430664,57.2400016784668,4730000,Yahoo Finance daily
2019-12-27,us,NOW,,57.61399841308594,57.61399841308594,56.821998596191406,57.3759994506836,4988000,Yahoo Finance daily
2019-12-30,us,NOW,,57.25600051879883,57.28400039672852,55.54999923706055,56.5620002746582,7031000,Yahoo Finance daily
2019-12-31,us,NOW,,56.08200073242188,56.77000045776367,55.95800018310547,56.4640007019043,4852000,Yahoo Finance daily
2020-01-02,us,NOW,,56.992000579833984,58.33599853515625,56.84400177001953,58.24800109863281,9155500,Yahoo Finance daily
2020-01-03,us,NOW,,57.380001068115234,58.61199951171875,57.29999923706055,58.220001220703125,5679000,Yahoo Finance daily
2020-01-06,us,NOW,,57.03799819946289,58.68199920654297,56.91999816894531,58.57400131225586,7370000,Yahoo Finance daily
2020-01-07,us,NOW,,58.64400100708008,58.91600036621094,57.60599899291992,58.58200073242188,7192000,Yahoo Finance daily
2020-01-08,us,NOW,,58.9119987487793,59.53799819946289,58.64799880981445,59.130001068115234,8704000,Yahoo Finance daily
2020-01-09,us,NOW,,59.459999084472656,59.95399856567383,58.84600067138672,59.86199951171875,7017500,Yahoo Finance daily
2020-01-10,us,NOW,,60.14400100708008,60.678001403808594,59.4900016784668,59.7760009765625,6292500,Yahoo Finance daily
2020-01-13,us,NOW,,60.470001220703125,61.172000885009766,60.20000076293945,60.77000045776367,8219000,Yahoo Finance daily
2020-01-14,us,NOW,,60.77000045776367,61.20000076293945,60.27399826049805,60.29999923706055,7491500,Yahoo Finance daily
2020-01-15,us,NOW,,60.400001525878906,61.54600143432617,60.380001068115234,60.9739990234375,7431500,Yahoo Finance daily
2020-01-16,us,NOW,,61.20000076293945,62.09999847412109,61.06999969482422,62.00400161743164,11347000,Yahoo Finance daily
2020-01-17,us,NOW,,62.0880012512207,62.55799865722656,61.9119987487793,62.50400161743164,10570500,Yahoo Finance daily
2020-01-21,us,NOW,,62.400001525878906,63.119998931884766,62.22200012207031,62.59600067138672,12793000,Yahoo Finance daily
2020-01-22,us,NOW,,63.40599822998047,63.45399856567383,62.54999923706055,62.56999969482422,8848500,Yahoo Finance daily
2020-01-23,us,NOW,,62.59999847412109,63.23600006103516,62.18000030517578,62.29199981689453,7959000,Yahoo Finance daily
2020-01-24,us,NOW,,62.91600036621094,63.76800155639648,61.555999755859375,61.87799835205078,8948000,Yahoo Finance daily
2020-01-27,us,NOW,,60.09000015258789,61.63600158691406,59.62799835205078,61.5260009765625,8623500,Yahoo Finance daily
2020-01-28,us,NOW,,61.858001708984375,63.04199981689453,61.68000030517578,62.810001373291016,7718500,Yahoo Finance daily
2020-01-29,us,NOW,,63.104000091552734,63.19599914550781,62.21200180053711,62.58599853515625,12689000,Yahoo Finance daily
2020-01-30,us,NOW,,66.74600219726562,68.77799987792969,65.93000030517578,68.3239974975586,24737000,Yahoo Finance daily
2020-01-31,us,NOW,,67.9000015258789,67.98200225830078,66.56600189208984,67.64600372314453,12164000,Yahoo Finance daily
2020-02-03,us,NOW,,67.68199920654297,68.94999694824219,67.44999694824219,68.63999938964844,10480000,Yahoo Finance daily
2020-02-04,us,NOW,,69.19999694824219,70.9280014038086,68.90399932861328,70.40599822998047,10196500,Yahoo Finance daily
2020-02-05,us,NOW,,70.63400268554688,71.197998046875,66.96199798583984,67.69999694824219,14255000,Yahoo Finance daily
2020-02-06,us,NOW,,68.00199890136719,68.56400299072266,66.81600189208984,68.33999633789062,7372000,Yahoo Finance daily
2020-02-07,us,NOW,,68.34200286865234,69.15399932861328,67.93800354003906,68.21199798583984,8388500,Yahoo Finance daily
2020-02-10,us,NOW,,68.14399719238281,69.0,67.77999877929688,68.55400085449219,8909500,Yahoo Finance daily
2020-02-11,us,NOW,,69.19200134277344,69.23799896240234,68.20800018310547,68.71399688720703,5974000,Yahoo Finance daily
2020-02-12,us,NOW,,69.00399780273438,70.08599853515625,67.9000015258789,69.95999908447266,6532500,Yahoo Finance daily
2020-02-13,us,NOW,,69.5,71.4000015258789,69.5,70.36199951171875,12445500,Yahoo Finance daily
2020-02-14,us,NOW,,70.72799682617188,71.26399993896484,70.1760025024414,71.23200225830078,5530500,Yahoo Finance daily
2020-02-18,us,NOW,,71.19999694824219,71.75199890136719,70.80799865722656,71.49800109863281,6444500,Yahoo Finance daily
2020-02-19,us,NOW,,71.75,72.58999633789062,71.4800033569336,71.54399871826172,6534000,Yahoo Finance daily
2020-02-20,us,NOW,,71.54399871826172,72.39600372314453,69.08200073242188,70.58799743652344,9740500,Yahoo Finance daily
2020-02-21,us,NOW,,70.09600067138672,70.3499984741211,67.75599670410156,68.89600372314453,11743000,Yahoo Finance daily
2020-02-24,us,NOW,,65.46800231933594,67.30000305175781,64.83799743652344,66.71199798583984,10084500,Yahoo Finance daily
2020-02-25,us,NOW,,67.71199798583984,68.41600036621094,65.51399993896484,65.94400024414062,9196000,Yahoo Finance daily
2020-02-26,us,NOW,,66.19999694824219,68.50199890136719,66.05000305175781,66.85399627685547,8082000,Yahoo Finance daily
2020-02-27,us,NOW,,64.73799896240234,66.28600311279297,63.55400085449219,64.0199966430664,11380000,Yahoo Finance daily
2020-02-28,us,NOW,,62.0,65.4000015258789,61.41999816894531,65.21800231933594,16012500,Yahoo Finance daily
2020-03-02,us,NOW,,66.76599884033203,68.89600372314453,65.26399993896484,68.87999725341797,13500000,Yahoo Finance daily
2020-03-03,us,NOW,,68.87799835205078,70.13999938964844,65.0260009765625,65.9260025024414,14761000,Yahoo Finance daily
2020-03-04,us,NOW,,67.3479995727539,69.04399871826172,66.32599639892578,69.01399993896484,7877000,Yahoo Finance daily
2020-03-05,us,NOW,,67.49800109863281,68.60600280761719,65.25399780273438,65.86599731445312,9797500,Yahoo Finance daily
2020-03-06,us,NOW,,63.87799835205078,64.7020034790039,60.15999984741211,63.448001861572266,20545000,Yahoo Finance daily
2020-03-09,us,NOW,,58.87799835205078,61.36800003051758,57.59999847412109,58.417999267578125,17181500,Yahoo Finance daily
2020-03-10,us,NOW,,60.47600173950195,62.59999847412109,58.32400131225586,62.560001373291016,19595000,Yahoo Finance daily
2020-03-11,us,NOW,,60.99599838256836,62.05400085449219,56.762001037597656,58.1259994506836,14542500,Yahoo Finance daily
2020-03-12,us,NOW,,54.007999420166016,57.42599868774414,52.321998596191406,52.42399978637695,19389000,Yahoo Finance daily
2020-03-13,us,NOW,,55.48199844360352,57.70000076293945,52.96799850463867,57.53400039672852,15191500,Yahoo Finance daily
2020-03-16,us,NOW,,50.20199966430664,56.76800155639648,50.0,53.08599853515625,16945500,Yahoo Finance daily
2020-03-17,us,NOW,,54.28200149536133,60.59600067138672,54.00400161743164,57.48400115966797,19540500,Yahoo Finance daily
2020-03-18,us,NOW,,53.20000076293945,55.98799896240234,47.7859992980957,55.63199996948242,22141000,Yahoo Finance daily
2020-03-19,us,NOW,,55.29199981689453,58.0,51.60200119018555,55.53200149536133,13960000,Yahoo Finance daily
2020-03-20,us,NOW,,55.21200180053711,56.93600082397461,50.45000076293945,50.93999862670898,17511500,Yahoo Finance daily
2020-03-23,us,NOW,,50.97999954223633,52.07799911499024,48.03200149536133,51.06399917602539,14125500,Yahoo Finance daily
2020-03-24,us,NOW,,55.11600112915039,56.720001220703125,53.70800018310547,54.400001525878906,16855000,Yahoo Finance daily
2020-03-25,us,NOW,,54.470001220703125,55.790000915527344,51.4640007019043,52.93399810791016,15442500,Yahoo Finance daily
2020-03-26,us,NOW,,53.9379997253418,59.0,53.59799957275391,58.94599914550781,18655000,Yahoo Finance daily
2020-03-27,us,NOW,,56.82600021362305,56.82600021362305,53.891998291015625,54.79999923706055,15381000,Yahoo Finance daily
2020-03-30,us,NOW,,55.55400085449219,58.540000915527344,55.040000915527344,57.27799987792969,11843000,Yahoo Finance daily
2020-03-31,us,NOW,,57.917999267578125,59.23400115966797,56.262001037597656,57.31600189208984,16966500,Yahoo Finance daily
2020-04-01,us,NOW,,54.87799835205078,55.7599983215332,53.73600006103516,54.61399841308594,12120000,Yahoo Finance daily
2020-04-02,us,NOW,,53.0,54.52399826049805,49.84999847412109,51.79999923706055,22093500,Yahoo Finance daily
2020-04-03,us,NOW,,51.77000045776367,52.23199844360352,49.33399963378906,49.91400146484375,14249000,Yahoo Finance daily
2020-04-06,us,NOW,,51.89799880981445,54.45000076293945,51.10200119018555,53.9900016784668,16075500,Yahoo Finance daily
2020-04-07,us,NOW,,55.400001525878906,55.619998931884766,51.04800033569336,52.470001220703125,15226500,Yahoo Finance daily
2020-04-08,us,NOW,,53.28799819946289,55.28200149536133,52.77999877929688,54.810001373291016,8850500,Yahoo Finance daily
2020-04-09,us,NOW,,55.21599960327149,57.02399826049805,54.92399978637695,55.61199951171875,13771000,Yahoo Finance daily
2020-04-13,us,NOW,,55.35200119018555,56.900001525878906,54.75199890136719,56.71200180053711,11597500,Yahoo Finance daily
2020-04-14,us,NOW,,59.400001525878906,60.62799835205078,57.85599899291992,60.417999267578125,12779000,Yahoo Finance daily
2020-04-15,us,NOW,,59.44200134277344,59.87799835205078,58.71200180053711,59.18399810791016,8998000,Yahoo Finance daily
2020-04-16,us,NOW,,60.09600067138672,60.369998931884766,57.84199905395508,58.38800048828125,10382000,Yahoo Finance daily
2020-04-17,us,NOW,,60.417999267578125,60.624000549316406,59.30199813842773,59.917999267578125,10642000,Yahoo Finance daily
2020-04-20,us,NOW,,59.63800048828125,61.62799835205078,59.31999969482422,60.492000579833984,9385000,Yahoo Finance daily
2020-04-21,us,NOW,,59.79199981689453,60.7400016784668,56.31399917602539,57.75400161743164,14464000,Yahoo Finance daily
2020-04-22,us,NOW,,59.18399810791016,60.5359992980957,58.61199951171875,59.922000885009766,7109500,Yahoo Finance daily
2020-04-23,us,NOW,,60.0,60.9379997253418,59.20000076293945,59.46200180053711,7284000,Yahoo Finance daily
2020-04-24,us,NOW,,59.50600051879883,60.73600006103516,58.540000915527344,60.5880012512207,7375500,Yahoo Finance daily
2020-04-27,us,NOW,,61.50600051879883,62.20000076293945,61.25400161743164,61.720001220703125,5781500,Yahoo Finance daily
2020-04-28,us,NOW,,62.55799865722656,63.0,59.15599822998047,59.20000076293945,11273000,Yahoo Finance daily
2020-04-29,us,NOW,,60.31999969482422,65.08799743652344,60.31399917602539,64.39800262451172,17389500,Yahoo Finance daily
2020-04-30,us,NOW,,65.56800079345703,71.55599975585938,65.49800109863281,70.30799865722656,26947500,Yahoo Finance daily
2020-05-01,us,NOW,,68.41799926757812,70.19999694824219,67.19999694824219,67.9020004272461,12249000,Yahoo Finance daily
2020-05-04,us,NOW,,67.30400085449219,71.30000305175781,67.00199890136719,70.9280014038086,12689500,Yahoo Finance daily
2020-05-05,us,NOW,,72.0,75.23600006103516,71.21399688720703,74.12799835205078,14886000,Yahoo Finance daily
2020-05-06,us,NOW,,74.9260025024414,75.95999908447266,72.9000015258789,73.0780029296875,11952500,Yahoo Finance daily
2020-05-07,us,NOW,,73.79399871826172,77.31400299072266,73.70600128173828,76.36599731445312,13775000,Yahoo Finance daily
2020-05-08,us,NOW,,76.80000305175781,77.5199966430664,75.22599792480469,75.4520034790039,10516500,Yahoo Finance daily
2020-05-11,us,NOW,,75.0,77.69999694824219,74.00800323486328,76.7300033569336,7882500,Yahoo Finance daily
2020-05-12,us,NOW,,76.82599639892578,76.99800109863281,72.91400146484375,73.12000274658203,16954500,Yahoo Finance daily
2020-05-13,us,NOW,,73.2020034790039,74.09200286865234,70.25800323486328,72.25800323486328,14474000,Yahoo Finance daily
2020-05-14,us,NOW,,71.74199676513672,74.01200103759766,70.302001953125,73.56600189208984,11536000,Yahoo Finance daily
2020-05-15,us,NOW,,73.08999633789062,74.48999786376953,72.61199951171875,74.09200286865234,12523500,Yahoo Finance daily
2020-05-18,us,NOW,,75.5999984741211,76.35600280761719,74.63600158691406,74.9739990234375,8772500,Yahoo Finance daily
2020-05-19,us,NOW,,75.0,77.93399810791016,74.64600372314453,76.57599639892578,8610500,Yahoo Finance daily
2020-05-20,us,NOW,,78.0,78.9520034790039,76.87799835205078,78.03199768066406,7318000,Yahoo Finance daily
2020-05-21,us,NOW,,78.10399627685547,78.71800231933594,76.48200225830078,76.72799682617188,4958500,Yahoo Finance daily
2020-05-22,us,NOW,,77.80799865722656,78.8280029296875,76.99800109863281,77.59200286865234,5030500,Yahoo Finance daily
2020-05-26,us,NOW,,79.22599792480469,79.2300033569336,75.9260025024414,76.13400268554688,8573500,Yahoo Finance daily
2020-05-27,us,NOW,,75.61000061035156,75.61000061035156,70.41400146484375,74.23200225830078,18805500,Yahoo Finance daily
2020-05-28,us,NOW,,74.0,77.33399963378906,73.69200134277344,75.59600067138672,7733000,Yahoo Finance daily
2020-05-29,us,NOW,,76.28199768066406,77.64600372314453,75.72599792480469,77.58599853515625,9844500,Yahoo Finance daily
2020-06-01,us,NOW,,77.01200103759766,77.58799743652344,76.37000274658203,76.67400360107422,6683000,Yahoo Finance daily
2020-06-02,us,NOW,,76.88999938964844,78.58000183105469,75.08799743652344,78.58000183105469,10122000,Yahoo Finance daily
2020-06-03,us,NOW,,77.99800109863281,78.62200164794922,76.22000122070312,77.61799621582031,7004000,Yahoo Finance daily
2020-06-04,us,NOW,,77.13800048828125,77.94000244140625,74.48400115966797,75.38999938964844,10437000,Yahoo Finance daily
2020-06-05,us,NOW,,74.0,78.13600158691406,73.40599822998047,78.09200286865234,12276500,Yahoo Finance daily
2020-06-08,us,NOW,,77.31600189208984,77.75399780273438,75.13600158691406,77.3280029296875,7563500,Yahoo Finance daily
2020-06-09,us,NOW,,78.19599914550781,79.5999984741211,77.0979995727539,77.76599884033203,8448500,Yahoo Finance daily
2020-06-10,us,NOW,,78.46800231933594,81.10600280761719,78.46800231933594,80.33200073242188,10026500,Yahoo Finance daily
2020-06-11,us,NOW,,78.76599884033203,79.49199676513672,74.5739974975586,75.01000213623047,14625000,Yahoo Finance daily
2020-06-12,us,NOW,,77.52400207519531,78.47599792480469,75.552001953125,77.0260009765625,7783000,Yahoo Finance daily
2020-06-15,us,NOW,,75.63999938964844,78.7959976196289,75.0739974975586,78.5,7183000,Yahoo Finance daily
2020-06-16,us,NOW,,80.0,80.5739974975586,77.83799743652344,79.69200134277344,8719000,Yahoo Finance daily
2020-06-17,us,NOW,,80.00199890136719,81.51799774169922,79.61000061035156,80.12999725341797,7810500,Yahoo Finance daily
2020-06-18,us,NOW,,80.4520034790039,80.89800262451172,79.22000122070312,80.20600128173828,6602500,Yahoo Finance daily
2020-06-19,us,NOW,,81.25,81.5979995727539,79.68800354003906,79.9739990234375,11524500,Yahoo Finance daily
2020-06-22,us,NOW,,79.28399658203125,80.64399719238281,78.37000274658203,80.56400299072266,7852500,Yahoo Finance daily
2020-06-23,us,NOW,,81.5999984741211,81.95999908447266,79.47599792480469,80.18800354003906,8359000,Yahoo Finance daily
2020-06-24,us,NOW,,79.95600128173828,81.0479965209961,77.77400207519531,78.58599853515625,7251000,Yahoo Finance daily
2020-06-25,us,NOW,,78.34400177001953,80.33799743652344,77.13200378417969,80.3280029296875,6475000,Yahoo Finance daily
2020-06-26,us,NOW,,80.36599731445312,80.56800079345703,78.21600341796875,79.99400329589844,10065500,Yahoo Finance daily
2020-06-29,us,NOW,,80.2959976196289,80.5979995727539,77.0999984741211,78.91000366210938,6944500,Yahoo Finance daily
2020-06-30,us,NOW,,78.97599792480469,81.23400115966797,78.80000305175781,81.01200103759766,8804000,Yahoo Finance daily
2020-07-01,us,NOW,,81.07599639892578,83.52400207519531,80.69999694824219,83.35800170898438,8971000,Yahoo Finance daily
2020-07-02,us,NOW,,84.26200103759766,84.96800231933594,82.53800201416016,82.84200286865234,6926500,Yahoo Finance daily
2020-07-06,us,NOW,,83.85800170898438,85.0,82.43000030517578,83.28800201416016,8873000,Yahoo Finance daily
2020-07-07,us,NOW,,83.28800201416016,84.24600219726562,82.19400024414062,82.3479995727539,6567000,Yahoo Finance daily
2020-07-08,us,NOW,,83.36000061035156,85.35600280761719,83.0999984741211,85.04000091552734,7579500,Yahoo Finance daily
2020-07-09,us,NOW,,85.5999984741211,86.16600036621094,83.12000274658203,85.27400207519531,7035500,Yahoo Finance daily
2020-07-10,us,NOW,,85.30000305175781,85.55599975585938,83.89199829101562,84.58200073242188,7411500,Yahoo Finance daily
2020-07-13,us,NOW,,85.0,85.55599975585938,79.89399719238281,80.3740005493164,8115000,Yahoo Finance daily
2020-07-14,us,NOW,,80.0,82.76200103759766,78.16799926757812,82.64600372314453,8913500,Yahoo Finance daily
2020-07-15,us,NOW,,84.5780029296875,85.19200134277344,83.14800262451172,84.71199798583984,10592000,Yahoo Finance daily
2020-07-16,us,NOW,,83.21199798583984,83.6520004272461,80.89800262451172,82.7760009765625,7232500,Yahoo Finance daily
2020-07-17,us,NOW,,83.1500015258789,84.68000030517578,82.29000091552734,84.36199951171875,5496500,Yahoo Finance daily
2020-07-20,us,NOW,,85.0,90.94000244140624,84.90799713134766,89.85399627685547,15659000,Yahoo Finance daily
2020-07-21,us,NOW,,89.44599914550781,89.49400329589844,86.83599853515625,87.44400024414062,8002000,Yahoo Finance daily
2020-07-22,us,NOW,,88.0,88.79199981689453,86.86399841308594,88.31999969482422,4364000,Yahoo Finance daily
2020-07-23,us,NOW,,88.22000122070312,89.66799926757812,85.7239990234375,86.16999816894531,6621000,Yahoo Finance daily
2020-07-24,us,NOW,,84.05599975585938,86.06199645996094,82.91999816894531,85.03800201416016,5019000,Yahoo Finance daily
2020-07-27,us,NOW,,86.0,87.23200225830078,85.2020034790039,86.76200103759766,4926500,Yahoo Finance daily
2020-07-28,us,NOW,,87.0,88.51599884033203,86.19999694824219,87.00800323486328,5190500,Yahoo Finance daily
2020-07-29,us,NOW,,88.51399993896484,89.302001953125,87.5739974975586,89.14199829101562,11279500,Yahoo Finance daily
2020-07-30,us,NOW,,86.54399871826172,87.72000122070312,84.26599884033203,86.27999877929688,15715500,Yahoo Finance daily
2020-07-31,us,NOW,,87.39800262451172,87.83999633789062,85.66400146484375,87.83999633789062,8727500,Yahoo Finance daily
2020-08-03,us,NOW,,88.74400329589844,88.95800018310547,86.23200225830078,87.99199676513672,9008500,Yahoo Finance daily
2020-08-04,us,NOW,,87.48400115966797,88.49800109863281,86.77400207519531,87.62999725341797,5705500,Yahoo Finance daily
2020-08-05,us,NOW,,88.0,88.20999908447266,87.06600189208984,87.14800262451172,5040000,Yahoo Finance daily
2020-08-06,us,NOW,,87.57599639892578,87.91400146484375,85.06800079345703,86.06600189208984,11154000,Yahoo Finance daily
2020-08-07,us,NOW,,86.40799713134766,87.85800170898438,84.74199676513672,86.24199676513672,12298500,Yahoo Finance daily
2020-08-10,us,NOW,,86.08799743652344,87.82599639892578,84.43399810791016,87.73600006103516,13620500,Yahoo Finance daily
2020-08-11,us,NOW,,86.87000274658203,86.99800109863281,83.70600128173828,84.27200317382812,8195500,Yahoo Finance daily
2020-08-12,us,NOW,,85.02799987792969,86.28600311279297,84.61000061035156,85.4260025024414,8098500,Yahoo Finance daily
2020-08-13,us,NOW,,85.5719985961914,87.96199798583984,85.34200286865234,87.68399810791016,8499500,Yahoo Finance daily
2020-08-14,us,NOW,,87.6719970703125,88.5780029296875,86.86399841308594,87.14600372314453,6260000,Yahoo Finance daily
2020-08-17,us,NOW,,87.39600372314453,89.02999877929688,87.39600372314453,88.4739990234375,9848500,Yahoo Finance daily
2020-08-18,us,NOW,,88.34400177001953,88.87200164794922,87.05999755859375,87.51599884033203,11358500,Yahoo Finance daily
2020-08-19,us,NOW,,87.5999984741211,88.72799682617188,86.41999816894531,87.4260025024414,9824000,Yahoo Finance daily
2020-08-20,us,NOW,,87.08399963378906,90.9459991455078,86.6719970703125,90.66799926757812,13589000,Yahoo Finance daily
2020-08-21,us,NOW,,90.55599975585938,90.7979965209961,89.23600006103516,89.88400268554688,11695000,Yahoo Finance daily
2020-08-24,us,NOW,,90.61000061035156,91.72799682617188,89.0,89.62000274658203,11785000,Yahoo Finance daily
2020-08-25,us,NOW,,90.0,91.7760009765625,89.14800262451172,91.58599853515624,5824500,Yahoo Finance daily
2020-08-26,us,NOW,,93.0,97.71600341796876,92.81999969482422,97.54000091552734,10999000,Yahoo Finance daily
2020-08-27,us,NOW,,97.0,97.0199966430664,94.9000015258789,96.11000061035156,7606000,Yahoo Finance daily
2020-08-28,us,NOW,,97.0,98.8000030517578,96.87999725341795,97.5739974975586,5305500,Yahoo Finance daily
2020-08-31,us,NOW,,97.6500015258789,98.0,96.197998046875,96.40399932861328,6952500,Yahoo Finance daily
2020-09-01,us,NOW,,97.0,99.4499969482422,96.51599884033205,99.43800354003906,6853500,Yahoo Finance daily
2020-09-02,us,NOW,,100.0,100.36399841308594,96.53199768066406,99.93800354003906,6777500,Yahoo Finance daily
2020-09-03,us,NOW,,97.0,97.5979995727539,92.53399658203124,93.76799774169922,10123000,Yahoo Finance daily
2020-09-04,us,NOW,,93.1999969482422,94.0,87.0199966430664,90.06999969482422,13400000,Yahoo Finance daily
2020-09-08,us,NOW,,87.99800109863281,90.5459976196289,86.56999969482422,88.62799835205078,8826000,Yahoo Finance daily
2020-09-09,us,NOW,,90.41799926757812,92.5719985961914,88.37000274658203,91.63999938964844,9028000,Yahoo Finance daily
2020-09-10,us,NOW,,92.1999969482422,93.66400146484376,90.05400085449219,90.59600067138672,5573000,Yahoo Finance daily
2020-09-11,us,NOW,,91.5260009765625,91.697998046875,87.9520034790039,89.18000030517578,4478500,Yahoo Finance daily
2020-09-14,us,NOW,,90.28399658203124,92.63999938964844,90.23400115966795,91.61199951171876,7172000,Yahoo Finance daily
2020-09-15,us,NOW,,92.64600372314452,94.86399841308594,92.52200317382812,94.79199981689452,5602500,Yahoo Finance daily
2020-09-16,us,NOW,,95.29399871826172,95.88800048828124,91.15599822998048,91.2020034790039,7534500,Yahoo Finance daily
2020-09-17,us,NOW,,89.13999938964844,91.0,88.4000015258789,90.76000213623048,7892000,Yahoo Finance daily
2020-09-18,us,NOW,,90.83000183105467,91.4520034790039,88.54199981689453,90.61799621582033,7306000,Yahoo Finance daily
2020-09-21,us,NOW,,89.36399841308594,92.4800033569336,89.23999786376953,92.3759994506836,5532000,Yahoo Finance daily
2020-09-22,us,NOW,,93.1500015258789,94.22000122070312,90.91999816894533,94.11399841308594,4649000,Yahoo Finance daily
2020-09-23,us,NOW,,94.0,94.66400146484376,91.80799865722656,92.09400177001952,4132000,Yahoo Finance daily
2020-09-24,us,NOW,,91.75800323486328,93.03399658203124,90.73999786376952,92.02400207519533,4212500,Yahoo Finance daily
2020-09-25,us,NOW,,93.78199768066406,96.33000183105467,92.91400146484376,95.99400329589844,6032500,Yahoo Finance daily
2020-09-28,us,NOW,,97.3219985961914,97.68000030517578,95.79399871826172,96.84200286865234,6288000,Yahoo Finance daily
2020-09-29,us,NOW,,97.2699966430664,97.91200256347656,96.62000274658205,97.59600067138672,4120500,Yahoo Finance daily
2020-09-30,us,NOW,,97.13400268554688,98.66200256347656,96.2300033569336,97.0,6011000,Yahoo Finance daily
2020-10-01,us,NOW,,98.31400299072266,99.0260009765625,97.48999786376952,98.50399780273438,4610000,Yahoo Finance daily
2020-10-02,us,NOW,,96.0979995727539,100.5260009765625,95.7979965209961,98.62999725341795,7964000,Yahoo Finance daily
2020-10-05,us,NOW,,99.12200164794922,100.4459991455078,98.25399780273438,100.35800170898438,6436500,Yahoo Finance daily
2020-10-06,us,NOW,,100.0,100.5199966430664,97.96399688720705,98.30799865722656,5377000,Yahoo Finance daily
2020-10-07,us,NOW,,99.5260009765625,100.84200286865234,98.8000030517578,100.0,4290000,Yahoo Finance daily
2020-10-08,us,NOW,,101.0,101.0,98.4000015258789,99.3000030517578,4115500,Yahoo Finance daily
2020-10-09,us,NOW,,100.71199798583984,102.1760025024414,100.4020004272461,101.72200012207033,5967000,Yahoo Finance daily
2020-10-12,us,NOW,,102.70999908447266,103.11000061035156,100.4000015258789,101.81800079345705,4481500,Yahoo Finance daily
2020-10-13,us,NOW,,103.302001953125,104.5540008544922,102.24600219726562,103.66000366210938,5903000,Yahoo Finance daily
2020-10-14,us,NOW,,104.0,104.3000030517578,101.99600219726562,103.37799835205078,4950000,Yahoo Finance daily
2020-10-15,us,NOW,,101.89600372314452,104.5979995727539,101.1999969482422,104.13600158691406,4726500,Yahoo Finance daily
2020-10-16,us,NOW,,104.83000183105467,106.14600372314452,104.197998046875,104.9739990234375,5159000,Yahoo Finance daily
2020-10-19,us,NOW,,105.28800201416016,106.67400360107422,103.87799835205078,104.38999938964844,4459000,Yahoo Finance daily
2020-10-20,us,NOW,,104.5999984741211,105.51599884033205,103.18399810791016,103.63800048828124,4123500,Yahoo Finance daily
2020-10-21,us,NOW,,103.73600006103516,103.90599822998048,101.36599731445312,102.05599975585938,4156500,Yahoo Finance daily
2020-10-22,us,NOW,,102.33999633789062,102.70999908447266,99.03399658203124,101.19200134277344,4289500,Yahoo Finance daily
2020-10-23,us,NOW,,101.81800079345705,102.84600067138672,101.0459976196289,102.802001953125,4226000,Yahoo Finance daily
2020-10-26,us,NOW,,103.60199737548828,104.37200164794922,98.5019989013672,100.3219985961914,8106000,Yahoo Finance daily
2020-10-27,us,NOW,,101.75800323486328,102.0,99.7040023803711,99.96199798583984,6020500,Yahoo Finance daily
2020-10-28,us,NOW,,97.38999938964844,97.98400115966795,96.02999877929688,96.80999755859376,8883000,Yahoo Finance daily
2020-10-29,us,NOW,,99.4000015258789,103.58000183105467,98.5999984741211,102.11799621582033,14287000,Yahoo Finance daily
2020-10-30,us,NOW,,100.87999725341795,101.59600067138672,97.11799621582033,99.51399993896484,9364500,Yahoo Finance daily
2020-11-02,us,NOW,,99.84200286865234,101.51599884033205,94.85800170898438,95.1999969482422,9918500,Yahoo Finance daily
2020-11-03,us,NOW,,95.52200317382812,96.94200134277344,94.4020004272461,96.01000213623048,8915000,Yahoo Finance daily
2020-11-04,us,NOW,,101.2699966430664,103.64600372314452,100.1999969482422,102.71600341796876,11119000,Yahoo Finance daily
2020-11-05,us,NOW,,104.66200256347656,106.76799774169922,104.0999984741211,106.21600341796876,5932500,Yahoo Finance daily
2020-11-06,us,NOW,,105.90599822998048,107.50599670410156,103.8000030517578,107.03600311279295,4131000,Yahoo Finance daily
2020-11-09,us,NOW,,101.93000030517578,105.64199829101562,100.15799713134766,100.39199829101562,11992500,Yahoo Finance daily
2020-11-10,us,NOW,,99.1060028076172,99.93599700927734,94.4020004272461,96.25599670410156,12508500,Yahoo Finance daily
2020-11-11,us,NOW,,98.74199676513672,101.61199951171876,97.91000366210938,100.6719970703125,7892500,Yahoo Finance daily
2020-11-12,us,NOW,,104.08999633789062,105.0019989013672,101.27400207519533,101.95600128173828,8153000,Yahoo Finance daily
2020-11-13,us,NOW,,102.31999969482422,102.31999969482422,99.10399627685548,101.60199737548828,6175500,Yahoo Finance daily
2020-11-16,us,NOW,,99.4980010986328,101.1500015258789,99.03800201416016,100.45600128173828,7935500,Yahoo Finance daily
2020-11-17,us,NOW,,101.0,103.1999969482422,100.81400299072266,102.62000274658205,5756000,Yahoo Finance daily
2020-11-18,us,NOW,,102.25,102.71199798583984,100.47799682617188,101.42400360107422,5080500,Yahoo Finance daily
2020-11-19,us,NOW,,101.63999938964844,103.98600006103516,101.0,102.86599731445312,4892500,Yahoo Finance daily
2020-11-20,us,NOW,,103.12200164794922,105.29199981689452,102.8000030517578,103.61199951171876,5920500,Yahoo Finance daily
2020-11-23,us,NOW,,104.0199966430664,104.9739990234375,102.85399627685548,104.4219970703125,6432500,Yahoo Finance daily
2020-11-24,us,NOW,,104.54199981689452,105.1999969482422,102.03199768066406,102.93800354003906,5911000,Yahoo Finance daily
2020-11-25,us,NOW,,103.8000030517578,104.8000030517578,102.35800170898438,103.84400177001952,5418000,Yahoo Finance daily
2020-11-27,us,NOW,,104.1999969482422,105.95600128173828,103.16999816894533,105.49600219726562,3708500,Yahoo Finance daily
2020-11-30,us,NOW,,106.0,107.0,104.1959991455078,106.91000366210938,8612500,Yahoo Finance daily
2020-12-01,us,NOW,,107.1999969482422,108.3479995727539,105.19200134277344,107.91799926757812,5753500,Yahoo Finance daily
2020-12-02,us,NOW,,106.15399932861328,107.0,104.23400115966795,105.3040008544922,5442500,Yahoo Finance daily
2020-12-03,us,NOW,,105.55799865722656,107.9000015258789,104.66000366210938,105.0479965209961,5111500,Yahoo Finance daily
2020-12-04,us,NOW,,105.10800170898438,105.9499969482422,104.447998046875,105.13999938964844,3722000,Yahoo Finance daily
2020-12-07,us,NOW,,105.7519989013672,106.947998046875,105.58200073242188,106.6500015258789,6898000,Yahoo Finance daily
2020-12-08,us,NOW,,107.35800170898438,108.80999755859376,105.72000122070312,108.4499969482422,9350000,Yahoo Finance daily
2020-12-09,us,NOW,,108.88600158691406,109.0,105.12999725341795,105.5979995727539,8186000,Yahoo Finance daily
2020-12-10,us,NOW,,105.3000030517578,107.71199798583984,103.7020034790039,107.5999984741211,5164500,Yahoo Finance daily
2020-12-11,us,NOW,,107.63800048828124,108.13800048828124,106.16799926757812,107.47200012207033,4275500,Yahoo Finance daily
2020-12-14,us,NOW,,107.6999969482422,107.8219985961914,106.19200134277344,106.49600219726562,6403500,Yahoo Finance daily
2020-12-15,us,NOW,,106.4000015258789,107.02200317382812,105.01599884033205,105.47599792480467,5363500,Yahoo Finance daily
2020-12-16,us,NOW,,106.58999633789062,109.97599792480467,106.4000015258789,109.0,7577000,Yahoo Finance daily
2020-12-17,us,NOW,,109.8939971923828,111.66799926757812,109.8939971923828,110.81400299072266,6141000,Yahoo Finance daily
2020-12-18,us,NOW,,111.69400024414062,113.3479995727539,111.11000061035156,113.08599853515624,10764000,Yahoo Finance daily
2020-12-21,us,NOW,,111.60399627685548,112.48999786376952,108.54000091552734,110.16400146484376,8212000,Yahoo Finance daily
2020-12-22,us,NOW,,110.14199829101562,112.5,109.79399871826172,112.34400177001952,5995000,Yahoo Finance daily
2020-12-23,us,NOW,,112.3219985961914,113.0,109.94400024414062,110.01200103759766,4438500,Yahoo Finance daily
2020-12-24,us,NOW,,111.05999755859376,112.10800170898438,110.5479965209961,110.77799987792967,3118500,Yahoo Finance daily
2020-12-28,us,NOW,,112.5999984741211,112.5999984741211,108.18000030517578,108.7480010986328,5209500,Yahoo Finance daily
2020-12-29,us,NOW,,110.04399871826172,110.32599639892578,107.86000061035156,109.1959991455078,4630500,Yahoo Finance daily
2020-12-30,us,NOW,,110.16400146484376,110.4000015258789,108.93199920654295,109.47599792480467,2900500,Yahoo Finance daily
2020-12-31,us,NOW,,109.4020004272461,110.21600341796876,108.74199676513672,110.08599853515624,3324500,Yahoo Finance daily
2021-01-04,us,NOW,,111.38800048828124,111.47200012207033,104.302001953125,105.36599731445312,9446000,Yahoo Finance daily
2021-01-05,us,NOW,,105.20800018310548,106.66600036621094,104.95999908447266,106.3939971923828,7721000,Yahoo Finance daily
2021-01-06,us,NOW,,103.9540023803711,104.18800354003906,101.41200256347656,101.4499969482422,9849000,Yahoo Finance daily
2021-01-07,us,NOW,,102.0,103.37999725341795,101.74199676513672,102.28199768066406,9348000,Yahoo Finance daily
2021-01-08,us,NOW,,104.3280029296875,106.3219985961914,103.63200378417967,105.9280014038086,7974500,Yahoo Finance daily
2021-01-11,us,NOW,,105.0,105.39199829101562,103.01599884033205,104.61199951171876,6432500,Yahoo Finance daily
2021-01-12,us,NOW,,104.0,104.5019989013672,101.46199798583984,102.64199829101562,5865000,Yahoo Finance daily
2021-01-13,us,NOW,,103.64199829101562,104.73999786376952,102.1999969482422,104.34200286865234,5383500,Yahoo Finance daily
2021-01-14,us,NOW,,105.44000244140624,105.5999984741211,102.55799865722656,102.86799621582033,7243500,Yahoo Finance daily
2021-01-15,us,NOW,,103.68199920654295,105.31199645996094,102.5999984741211,102.7519989013672,5418500,Yahoo Finance daily
2021-01-19,us,NOW,,103.12000274658205,104.58999633789062,101.93800354003906,103.88400268554688,4890500,Yahoo Finance daily
2021-01-20,us,NOW,,105.5979995727539,108.69400024414062,105.4020004272461,108.43800354003906,7694500,Yahoo Finance daily
2021-01-21,us,NOW,,108.6999969482422,109.27999877929688,107.5739974975586,108.86599731445312,5062000,Yahoo Finance daily
2021-01-22,us,NOW,,109.9499969482422,110.86799621582033,108.05999755859376,108.21800231933594,5148500,Yahoo Finance daily
2021-01-25,us,NOW,,109.5459976196289,110.56400299072266,105.01200103759766,107.57599639892578,8560500,Yahoo Finance daily
2021-01-26,us,NOW,,108.0,108.15599822998048,106.12200164794922,106.49199676513672,7088500,Yahoo Finance daily
2021-01-27,us,NOW,,104.97599792480467,106.61399841308594,101.6439971923828,103.3000030517578,11206500,Yahoo Finance daily
2021-01-28,us,NOW,,109.0,112.7760009765625,108.5719985961914,110.8479995727539,16413500,Yahoo Finance daily
2021-01-29,us,NOW,,109.81600189208984,110.4000015258789,105.86799621582033,108.63200378417967,11901000,Yahoo Finance daily
2021-02-01,us,NOW,,109.2020034790039,112.9459991455078,109.2020034790039,111.71199798583984,8584500,Yahoo Finance daily
2021-02-02,us,NOW,,112.57599639892578,117.76399993896484,112.0199966430664,116.7020034790039,11258000,Yahoo Finance daily
2021-02-03,us,NOW,,116.5999984741211,117.48600006103516,114.91200256347656,115.33000183105467,7457500,Yahoo Finance daily
2021-02-04,us,NOW,,115.97799682617188,117.8000030517578,114.4260025024414,117.7959976196289,6266500,Yahoo Finance daily
2021-02-05,us,NOW,,117.73600006103516,118.50800323486328,116.46399688720705,117.9459991455078,4860000,Yahoo Finance daily
2021-02-08,us,NOW,,118.26200103759766,119.67400360107422,116.8000030517578,117.58200073242188,5158500,Yahoo Finance daily
2021-02-09,us,NOW,,117.4280014038086,117.72000122070312,115.2020034790039,116.3560028076172,8175000,Yahoo Finance daily
2021-02-10,us,NOW,,117.1520004272461,118.75599670410156,115.802001953125,117.87200164794922,4833500,Yahoo Finance daily
2021-02-11,us,NOW,,118.8000030517578,119.0,117.5999984741211,118.8939971923828,3656500,Yahoo Finance daily
2021-02-12,us,NOW,,118.26399993896484,118.74199676513672,117.1060028076172,118.25800323486328,4115000,Yahoo Finance daily
2021-02-16,us,NOW,,118.36399841308594,118.93199920654295,116.2300033569336,117.14800262451172,4457500,Yahoo Finance daily
2021-02-17,us,NOW,,116.0,116.62799835205078,114.1500015258789,116.18800354003906,4435000,Yahoo Finance daily
2021-02-18,us,NOW,,113.99199676513672,115.86199951171876,113.18000030517578,115.16000366210938,4868000,Yahoo Finance daily
2021-02-19,us,NOW,,115.43199920654295,116.4219970703125,111.81600189208984,114.14600372314452,9790000,Yahoo Finance daily
2021-02-22,us,NOW,,113.20600128173828,113.20600128173828,109.95600128173828,110.052001953125,5194000,Yahoo Finance daily
2021-02-23,us,NOW,,107.86799621582033,110.76000213623048,104.88200378417967,110.3499984741211,7856000,Yahoo Finance daily
2021-02-24,us,NOW,,109.0999984741211,110.83999633789062,107.78600311279295,110.36599731445312,5567500,Yahoo Finance daily
2021-02-25,us,NOW,,110.0,111.2979965209961,105.37799835205078,105.75800323486328,8808500,Yahoo Finance daily
2021-02-26,us,NOW,,106.5,108.06400299072266,104.2300033569336,106.69200134277344,8995000,Yahoo Finance daily
2021-03-01,us,NOW,,108.96399688720705,111.3280029296875,108.00800323486328,111.29399871826172,6160500,Yahoo Finance daily
2021-03-02,us,NOW,,111.91200256347656,112.48600006103516,109.66200256347656,109.86000061035156,5607000,Yahoo Finance daily
2021-03-03,us,NOW,,108.85800170898438,109.15799713134766,102.73400115966795,103.1999969482422,9030000,Yahoo Finance daily
2021-03-04,us,NOW,,102.18800354003906,103.5500030517578,96.9800033569336,98.1259994506836,14156500,Yahoo Finance daily
2021-03-05,us,NOW,,99.2480010986328,99.2480010986328,93.43000030517578,97.39199829101562,16164500,Yahoo Finance daily
2021-03-08,us,NOW,,98.15599822998048,99.4520034790039,92.5019989013672,92.80999755859376,9849000,Yahoo Finance daily
2021-03-09,us,NOW,,96.14199829101562,98.71199798583984,95.75599670410156,97.79000091552734,12241000,Yahoo Finance daily
2021-03-10,us,NOW,,99.4219970703125,99.8000030517578,94.79199981689452,94.8000030517578,9635000,Yahoo Finance daily
2021-03-11,us,NOW,,98.89800262451172,102.34200286865234,98.04399871826172,100.5739974975586,9616500,Yahoo Finance daily
2021-03-12,us,NOW,,97.8000030517578,98.97599792480467,96.5479965209961,97.84400177001952,7523500,Yahoo Finance daily
2021-03-15,us,NOW,,98.0,99.44200134277344,97.29399871826172,99.35399627685548,4835000,Yahoo Finance daily
2021-03-16,us,NOW,,100.8560028076172,101.83000183105467,99.06199645996094,99.7979965209961,5692500,Yahoo Finance daily
2021-03-17,us,NOW,,98.29199981689452,98.5459976196289,95.27400207519533,97.0,12430000,Yahoo Finance daily
2021-03-18,us,NOW,,95.93800354003906,95.95999908447266,92.93399810791016,93.23600006103516,9350000,Yahoo Finance daily
2021-03-19,us,NOW,,93.697998046875,95.11399841308594,92.7699966430664,94.16799926757812,9469500,Yahoo Finance daily
2021-03-22,us,NOW,,94.32599639892578,96.88800048828124,94.26399993896484,95.33000183105467,5941500,Yahoo Finance daily
2021-03-23,us,NOW,,96.02200317382812,97.28800201416016,95.39600372314452,95.63400268554688,5704500,Yahoo Finance daily
2021-03-24,us,NOW,,96.1259994506836,96.3000030517578,94.0,94.46399688720705,7382000,Yahoo Finance daily
2021-03-25,us,NOW,,93.57599639892578,94.8000030517578,92.76000213623048,94.43599700927734,9519000,Yahoo Finance daily
2021-03-26,us,NOW,,94.697998046875,99.08999633789062,94.1999969482422,99.0,12201000,Yahoo Finance daily
2021-03-29,us,NOW,,97.89199829101562,98.58799743652344,96.41000366210938,97.0780029296875,8601500,Yahoo Finance daily
2021-03-30,us,NOW,,96.0,98.197998046875,94.64199829101562,97.51399993896484,6270000,Yahoo Finance daily
2021-03-31,us,NOW,,98.68800354003906,101.37799835205078,98.10399627685548,100.02200317382812,7842000,Yahoo Finance daily
2021-04-01,us,NOW,,101.5999984741211,102.58200073242188,100.5,101.4020004272461,5318000,Yahoo Finance daily
2021-04-05,us,NOW,,102.3939971923828,103.21399688720705,101.83599853515624,102.8040008544922,7944000,Yahoo Finance daily
2021-04-06,us,NOW,,102.27999877929688,103.02799987792967,101.3239974975586,101.81600189208984,4864500,Yahoo Finance daily
2021-04-07,us,NOW,,102.21199798583984,102.5780029296875,101.36599731445312,102.14600372314452,3233500,Yahoo Finance daily
2021-04-08,us,NOW,,104.0,105.76399993896484,103.49600219726562,104.80799865722656,6300000,Yahoo Finance daily
2021-04-09,us,NOW,,103.61799621582033,106.12200164794922,102.0,106.0,7265000,Yahoo Finance daily
2021-04-12,us,NOW,,105.83599853515624,108.24400329589844,104.9459991455078,107.4000015258789,6645000,Yahoo Finance daily
2021-04-13,us,NOW,,107.8000030517578,110.25599670410156,107.8000030517578,109.78600311279295,6822000,Yahoo Finance daily
2021-04-14,us,NOW,,110.1999969482422,112.03800201416016,108.56800079345705,108.96800231933594,6705500,Yahoo Finance daily
2021-04-15,us,NOW,,110.69200134277344,112.03399658203124,110.58399963378906,111.87000274658205,4426000,Yahoo Finance daily
2021-04-16,us,NOW,,112.11199951171876,112.15799713134766,110.052001953125,111.38200378417967,4398500,Yahoo Finance daily
2021-04-19,us,NOW,,110.68399810791016,111.3759994506836,109.1999969482422,109.8740005493164,4477000,Yahoo Finance daily
2021-04-20,us,NOW,,109.79199981689452,110.58399963378906,107.3000030517578,108.15599822998048,3974000,Yahoo Finance daily
2021-04-21,us,NOW,,109.03199768066406,109.81400299072266,107.4260025024414,109.29399871826172,5162500,Yahoo Finance daily
2021-04-22,us,NOW,,109.4000015258789,111.5999984741211,108.7699966430664,109.697998046875,4502000,Yahoo Finance daily
2021-04-23,us,NOW,,110.65599822998048,111.1780014038086,109.86599731445312,110.54000091552734,3902500,Yahoo Finance daily
2021-04-26,us,NOW,,110.8000030517578,111.87799835205078,109.8499984741211,111.84200286865234,3359500,Yahoo Finance daily
2021-04-27,us,NOW,,111.58999633789062,113.05799865722656,110.71800231933594,112.5260009765625,4806000,Yahoo Finance daily
2021-04-28,us,NOW,,111.8499984741211,111.95800018310548,110.48799896240234,111.447998046875,8578000,Yahoo Finance daily
2021-04-29,us,NOW,,104.1999969482422,106.16000366210938,100.6999969482422,101.0,43464500,Yahoo Finance daily
2021-04-30,us,NOW,,100.05599975585938,103.96399688720705,100.05599975585938,101.27400207519533,17203000,Yahoo Finance daily
2021-05-03,us,NOW,,101.49199676513672,101.6439971923828,97.75599670410156,98.06400299072266,12095500,Yahoo Finance daily
2021-05-04,us,NOW,,97.10399627685548,97.93599700927734,94.74600219726562,96.66000366210938,12346500,Yahoo Finance daily
2021-05-05,us,NOW,,97.83599853515624,97.91000366210938,95.4000015258789,95.99400329589844,7224000,Yahoo Finance daily
2021-05-06,us,NOW,,95.41999816894533,97.31999969482422,94.62000274658205,97.16799926757812,10941500,Yahoo Finance daily
2021-05-07,us,NOW,,98.68000030517578,98.90599822998048,94.88999938964844,96.7020034790039,9985500,Yahoo Finance daily
2021-05-10,us,NOW,,96.5,96.5,92.94000244140624,93.36000061035156,10269000,Yahoo Finance daily
2021-05-11,us,NOW,,90.76000213623048,97.2020034790039,90.49199676513672,96.3000030517578,12940500,Yahoo Finance daily
2021-05-12,us,NOW,,94.64600372314452,95.0,92.0019989013672,92.94200134277344,8895000,Yahoo Finance daily
2021-05-13,us,NOW,,94.0,94.26399993896484,90.20800018310548,90.99600219726562,8502500,Yahoo Finance daily
2021-05-14,us,NOW,,92.38200378417967,92.98200225830078,91.75599670410156,92.06600189208984,8948500,Yahoo Finance daily
2021-05-17,us,NOW,,91.8939971923828,91.8939971923828,89.65399932861328,90.87999725341795,9312500,Yahoo Finance daily
2021-05-18,us,NOW,,91.09200286865234,92.5999984741211,90.1999969482422,91.44400024414062,6820500,Yahoo Finance daily
2021-05-19,us,NOW,,90.05000305175781,92.1439971923828,89.65399932861328,91.9520034790039,5860500,Yahoo Finance daily
2021-05-20,us,NOW,,92.93399810791016,95.11599731445312,92.65799713134766,94.22599792480467,6432000,Yahoo Finance daily
2021-05-21,us,NOW,,94.77799987792967,95.7239990234375,93.78600311279295,93.8939971923828,6863000,Yahoo Finance daily
2021-05-24,us,NOW,,95.0,95.95999908447266,94.7040023803711,95.27200317382812,4644500,Yahoo Finance daily
2021-05-25,us,NOW,,95.75,96.73999786376952,95.27400207519533,95.9800033569336,6837500,Yahoo Finance daily
2021-05-26,us,NOW,,95.76200103759766,97.4540023803711,95.60800170898438,97.08200073242188,7711000,Yahoo Finance daily
2021-05-27,us,NOW,,96.19400024414062,96.52200317382812,94.5260009765625,95.84400177001952,8639000,Yahoo Finance daily
2021-05-28,us,NOW,,96.0,96.41400146484376,94.11000061035156,94.7760009765625,9478000,Yahoo Finance daily
2021-06-01,us,NOW,,95.5199966430664,95.52799987792967,93.40799713134766,93.83399963378906,8466000,Yahoo Finance daily
2021-06-02,us,NOW,,92.91400146484376,94.5199966430664,92.38200378417967,93.4020004272461,5161000,Yahoo Finance daily
2021-06-03,us,NOW,,92.86199951171876,93.03600311279295,91.1999969482422,91.83999633789062,4866000,Yahoo Finance daily
2021-06-04,us,NOW,,92.0,93.06199645996094,91.74400329589844,92.12999725341795,7877000,Yahoo Finance daily
2021-06-07,us,NOW,,92.00399780273438,92.5479965209961,91.4000015258789,91.89199829101562,6054500,Yahoo Finance daily
2021-06-08,us,NOW,,92.79399871826172,94.22000122070312,91.88400268554688,92.1520004272461,5372000,Yahoo Finance daily
2021-06-09,us,NOW,,92.99199676513672,93.52200317382812,92.1439971923828,92.94200134277344,5138500,Yahoo Finance daily
2021-06-10,us,NOW,,97.14199829101562,98.15799713134766,95.802001953125,97.82599639892578,15209000,Yahoo Finance daily
2021-06-11,us,NOW,,98.0,99.9020004272461,97.5999984741211,99.60199737548828,10404000,Yahoo Finance daily
2021-06-14,us,NOW,,100.0,102.2239990234375,99.6439971923828,101.86799621582033,9138500,Yahoo Finance daily
2021-06-15,us,NOW,,102.10399627685548,102.51000213623048,100.8239974975586,101.08599853515624,7825500,Yahoo Finance daily
2021-06-16,us,NOW,,101.54000091552734,104.3000030517578,100.43000030517578,102.01599884033205,10288000,Yahoo Finance daily
2021-06-17,us,NOW,,101.16000366210938,106.1999969482422,101.16000366210938,106.08000183105467,9547000,Yahoo Finance daily
2021-06-18,us,NOW,,105.76399993896484,107.54399871826172,105.05599975585938,106.7480010986328,11231000,Yahoo Finance daily
2021-06-21,us,NOW,,106.26399993896484,107.5999984741211,105.00399780273438,106.9499969482422,5616500,Yahoo Finance daily
2021-06-22,us,NOW,,107.1999969482422,109.4000015258789,107.0,109.20600128173828,6416500,Yahoo Finance daily
2021-06-23,us,NOW,,109.0,110.1999969482422,108.5459976196289,110.04000091552734,4449500,Yahoo Finance daily
2021-06-24,us,NOW,,110.4000015258789,111.75,110.16200256347656,110.41400146484376,4985000,Yahoo Finance daily
2021-06-25,us,NOW,,111.052001953125,111.052001953125,108.39800262451172,108.9980010986328,7560000,Yahoo Finance daily
2021-06-28,us,NOW,,109.5999984741211,110.54199981689452,109.3499984741211,110.43399810791016,4077500,Yahoo Finance daily
2021-06-29,us,NOW,,111.0479965209961,112.37799835205078,110.50599670410156,111.71800231933594,5244000,Yahoo Finance daily
2021-06-30,us,NOW,,111.37799835205078,111.59200286865234,109.52200317382812,109.91000366210938,4211500,Yahoo Finance daily
2021-07-01,us,NOW,,109.0,110.0260009765625,107.9499969482422,109.03399658203124,5829000,Yahoo Finance daily
2021-07-02,us,NOW,,109.6500015258789,110.947998046875,109.44000244140624,110.36599731445312,3405500,Yahoo Finance daily
2021-07-06,us,NOW,,110.85800170898438,112.75800323486328,110.43800354003906,111.697998046875,3975000,Yahoo Finance daily
2021-07-07,us,NOW,,112.18000030517578,112.6520004272461,110.61399841308594,112.3560028076172,5467500,Yahoo Finance daily
2021-07-08,us,NOW,,110.5500030517578,112.45800018310548,109.38999938964844,112.09400177001952,4710000,Yahoo Finance daily
2021-07-09,us,NOW,,111.94400024414062,113.46600341796876,111.17400360107422,113.27400207519533,4883000,Yahoo Finance daily
2021-07-12,us,NOW,,114.0,114.73400115966795,112.25,112.38600158691406,6396000,Yahoo Finance daily
2021-07-13,us,NOW,,112.1999969482422,113.2699966430664,111.0,111.86599731445312,4342000,Yahoo Finance daily
2021-07-14,us,NOW,,112.79199981689452,113.45999908447266,111.75599670410156,112.58799743652344,5667000,Yahoo Finance daily
2021-07-15,us,NOW,,112.6760025024414,113.34400177001952,110.91000366210938,111.65599822998048,4118000,Yahoo Finance daily
2021-07-16,us,NOW,,112.3040008544922,112.9260025024414,110.99199676513672,111.27200317382812,4705000,Yahoo Finance daily
2021-07-19,us,NOW,,110.3479995727539,111.0780029296875,109.0,111.01799774169922,5540000,Yahoo Finance daily
2021-07-20,us,NOW,,112.0,113.83200073242188,110.9219970703125,113.0500030517578,4353000,Yahoo Finance daily
2021-07-21,us,NOW,,112.4980010986328,113.4260025024414,111.70800018310548,113.4260025024414,3771000,Yahoo Finance daily
2021-07-22,us,NOW,,114.41600036621094,115.87999725341795,114.08999633789062,115.33999633789062,4692500,Yahoo Finance daily
2021-07-23,us,NOW,,116.0,117.6959991455078,115.56400299072266,117.23600006103516,4454500,Yahoo Finance daily
2021-07-26,us,NOW,,116.95999908447266,116.97000122070312,115.0019989013672,116.83999633789062,5221000,Yahoo Finance daily
2021-07-27,us,NOW,,116.8000030517578,117.3740005493164,114.93399810791016,116.45800018310548,7312000,Yahoo Finance daily
2021-07-28,us,NOW,,116.4000015258789,117.4000015258789,115.2020034790039,116.66999816894533,6146000,Yahoo Finance daily
2021-07-29,us,NOW,,116.91999816894533,121.75599670410156,116.91999816894533,117.28600311279295,12698000,Yahoo Finance daily
2021-07-30,us,NOW,,115.94200134277344,119.1780014038086,115.18800354003906,117.5780029296875,7830000,Yahoo Finance daily
2021-08-02,us,NOW,,117.5780029296875,118.34400177001952,115.802001953125,116.93399810791016,4505500,Yahoo Finance daily
2021-08-03,us,NOW,,116.97799682617188,118.16200256347656,115.46800231933594,116.93199920654295,4023000,Yahoo Finance daily
2021-08-04,us,NOW,,117.0,118.93800354003906,116.63400268554688,118.69400024414062,3848500,Yahoo Finance daily
2021-08-05,us,NOW,,119.0,119.4000015258789,117.8759994506836,119.0999984741211,2380500,Yahoo Finance daily
2021-08-06,us,NOW,,118.8000030517578,119.12000274658205,117.88600158691406,118.13600158691406,3546000,Yahoo Finance daily
2021-08-09,us,NOW,,117.98999786376952,118.45999908447266,117.05999755859376,117.59200286865234,4004500,Yahoo Finance daily
2021-08-10,us,NOW,,117.5999984741211,117.88800048828124,114.55599975585938,115.16000366210938,4147500,Yahoo Finance daily
2021-08-11,us,NOW,,115.68800354003906,116.22799682617188,113.31800079345705,114.04000091552734,4541000,Yahoo Finance daily
2021-08-12,us,NOW,,113.85399627685548,116.39800262451172,113.39800262451172,116.31400299072266,4331500,Yahoo Finance daily
2021-08-13,us,NOW,,115.80799865722656,117.59600067138672,115.50800323486328,117.56600189208984,3194000,Yahoo Finance daily
2021-08-16,us,NOW,,117.1999969482422,118.33599853515624,115.26399993896484,116.04399871826172,4064500,Yahoo Finance daily
2021-08-17,us,NOW,,115.88999938964844,116.81999969482422,114.8759994506836,116.447998046875,3549000,Yahoo Finance daily
2021-08-18,us,NOW,,116.09400177001952,117.72000122070312,115.6959991455078,116.38999938964844,3709000,Yahoo Finance daily
2021-08-19,us,NOW,,115.9000015258789,118.26000213623048,115.5500030517578,117.38400268554688,3840000,Yahoo Finance daily
2021-08-20,us,NOW,,118.20999908447266,120.28199768066406,117.71399688720705,120.10399627685548,5017500,Yahoo Finance daily
2021-08-23,us,NOW,,120.4000015258789,124.1999969482422,120.4000015258789,123.88600158691406,7883000,Yahoo Finance daily
2021-08-24,us,NOW,,124.0,125.30599975585938,124.0,124.37000274658205,5080500,Yahoo Finance daily
2021-08-25,us,NOW,,124.5999984741211,125.5540008544922,123.33200073242188,124.21399688720705,4547500,Yahoo Finance daily
2021-08-26,us,NOW,,124.52400207519533,126.0459976196289,124.22000122070312,124.80599975585938,5481500,Yahoo Finance daily
2021-08-27,us,NOW,,125.0,127.1240005493164,124.80799865722656,126.4800033569336,4106000,Yahoo Finance daily
2021-08-30,us,NOW,,126.8000030517578,128.656005859375,126.697998046875,128.3300018310547,3987500,Yahoo Finance daily
2021-08-31,us,NOW,,129.0,129.5399932861328,127.91200256347656,128.72799682617188,6233000,Yahoo Finance daily
2021-09-01,us,NOW,,128.72000122070312,130.51199340820312,128.5,130.1699981689453,4683500,Yahoo Finance daily
2021-09-02,us,NOW,,130.8000030517578,132.3560028076172,130.47799682617188,132.06199645996094,6770000,Yahoo Finance daily
2021-09-03,us,NOW,,132.0,136.22000122070312,131.80999755859375,135.7259979248047,5729500,Yahoo Finance daily
2021-09-07,us,NOW,,135.7259979248047,135.8000030517578,132.04200744628906,132.21800231933594,7579000,Yahoo Finance daily
2021-09-08,us,NOW,,132.06199645996094,132.06199645996094,130.12600708007812,130.75999450683594,5565000,Yahoo Finance daily
2021-09-09,us,NOW,,131.156005859375,131.2740020751953,129.8000030517578,130.03799438476562,4011500,Yahoo Finance daily
2021-09-10,us,NOW,,130.6219940185547,131.15199279785156,129.34800720214844,129.5959930419922,3771500,Yahoo Finance daily
2021-09-13,us,NOW,,129.8000030517578,129.8159942626953,126.13400268554688,127.81600189208984,6311000,Yahoo Finance daily
2021-09-14,us,NOW,,128.3979949951172,129.70799255371094,128.1179962158203,129.08399963378906,3747000,Yahoo Finance daily
2021-09-15,us,NOW,,128.8179931640625,130.82400512695312,127.53399658203124,130.42999267578125,4016000,Yahoo Finance daily
2021-09-16,us,NOW,,130.05999755859375,131.4239959716797,128.93600463867188,131.27000427246094,3111500,Yahoo Finance daily
2021-09-17,us,NOW,,130.67799377441406,131.49200439453125,129.65199279785156,130.20599365234375,6490500,Yahoo Finance daily
2021-09-20,us,NOW,,128.8719940185547,130.11599731445312,128.0240020751953,129.74600219726562,4789000,Yahoo Finance daily
2021-09-21,us,NOW,,130.0,131.43600463867188,129.12600708007812,130.83999633789062,3776000,Yahoo Finance daily
2021-09-22,us,NOW,,131.60000610351562,133.10000610351562,130.13600158691406,132.52999877929688,4080500,Yahoo Finance daily
2021-09-23,us,NOW,,133.60000610351562,134.09800720214844,132.6020050048828,132.843994140625,4357500,Yahoo Finance daily
2021-09-24,us,NOW,,132.4199981689453,133.39999389648438,131.0,133.26199340820312,2499000,Yahoo Finance daily
2021-09-27,us,NOW,,131.9759979248047,132.0,129.24200439453125,129.91200256347656,4512500,Yahoo Finance daily
2021-09-28,us,NOW,,126.73400115966795,127.36799621582033,122.0,122.50399780273438,9944000,Yahoo Finance daily
2021-09-29,us,NOW,,124.0,124.76799774169922,121.43599700927734,123.60399627685548,6143000,Yahoo Finance daily
2021-09-30,us,NOW,,124.04000091552734,125.39800262451172,123.64800262451172,124.4540023803711,4742000,Yahoo Finance daily
2021-10-01,us,NOW,,124.75599670410156,127.08200073242188,122.86599731445312,126.55999755859376,5244500,Yahoo Finance daily
2021-10-04,us,NOW,,127.08000183105467,127.61000061035156,121.8939971923828,123.59400177001952,5868500,Yahoo Finance daily
2021-10-05,us,NOW,,124.49400329589844,127.90799713134766,124.4000015258789,126.68399810791016,5331000,Yahoo Finance daily
2021-10-06,us,NOW,,125.46800231933594,127.1520004272461,124.27999877929688,125.87200164794922,5191500,Yahoo Finance daily
2021-10-07,us,NOW,,127.28600311279295,129.6719970703125,127.08599853515624,127.58399963378906,5107000,Yahoo Finance daily
2021-10-08,us,NOW,,128.0,128.73199462890625,123.38400268554688,123.51599884033205,8578000,Yahoo Finance daily
2021-10-11,us,NOW,,123.60399627685548,125.46199798583984,122.4280014038086,123.16999816894533,4575500,Yahoo Finance daily
2021-10-12,us,NOW,,124.47200012207033,126.5999984741211,124.0479965209961,125.82599639892578,3980000,Yahoo Finance daily
2021-10-13,us,NOW,,126.0,128.21600341796875,126.0,127.88200378417967,5554000,Yahoo Finance daily
2021-10-14,us,NOW,,130.0,132.552001953125,129.72000122070312,130.6060028076172,6630000,Yahoo Finance daily
2021-10-15,us,NOW,,131.3719940185547,133.1219940185547,130.97999572753906,132.63600158691406,4596500,Yahoo Finance daily
2021-10-18,us,NOW,,132.6999969482422,133.25999450683594,131.46600341796875,133.24400329589844,5673500,Yahoo Finance daily
2021-10-19,us,NOW,,134.47999572753906,137.53799438476562,134.45799255371094,136.0500030517578,7362500,Yahoo Finance daily
2021-10-20,us,NOW,,136.8459930419922,137.3459930419922,134.23599243164062,136.2220001220703,4362000,Yahoo Finance daily
2021-10-21,us,NOW,,136.0,137.45799255371094,135.37399291992188,137.26800537109375,3247500,Yahoo Finance daily
2021-10-22,us,NOW,,137.1999969482422,138.593994140625,136.6840057373047,137.3300018310547,4642500,Yahoo Finance daily
2021-10-25,us,NOW,,137.3300018310547,138.69400024414062,136.89999389648438,137.77000427246094,2930500,Yahoo Finance daily
2021-10-26,us,NOW,,138.53799438476562,138.60000610351562,135.11000061035156,135.3419952392578,5542500,Yahoo Finance daily
2021-10-27,us,NOW,,135.13999938964844,136.96600341796875,132.7220001220703,132.95199584960938,7502500,Yahoo Finance daily
2021-10-28,us,NOW,,134.302001953125,138.8000030517578,134.25999450683594,137.5399932861328,10566500,Yahoo Finance daily
2021-10-29,us,NOW,,137.27000427246094,139.68600463867188,136.42999267578125,139.552001953125,5535500,Yahoo Finance daily
2021-11-01,us,NOW,,140.0,140.96400451660156,135.33200073242188,136.39599609375,5817500,Yahoo Finance daily
2021-11-02,us,NOW,,137.197998046875,137.5,136.10000610351562,137.3179931640625,3413000,Yahoo Finance daily
2021-11-03,us,NOW,,137.82000732421875,137.82000732421875,134.44400024414062,137.53399658203125,3312500,Yahoo Finance daily
2021-11-04,us,NOW,,138.0,141.52000427246094,137.8280029296875,140.3459930419922,4167500,Yahoo Finance daily
2021-11-05,us,NOW,,140.39999389648438,140.54800415039062,137.3800048828125,138.40199279785156,2980500,Yahoo Finance daily
2021-11-08,us,NOW,,138.74400329589844,139.3179931640625,137.8300018310547,138.45599365234375,3990500,Yahoo Finance daily
2021-11-09,us,NOW,,139.06199645996094,139.45599365234375,137.1199951171875,138.25399780273438,2499000,Yahoo Finance daily
2021-11-10,us,NOW,,137.35800170898438,137.58599853515625,132.76400756835938,134.1820068359375,6399000,Yahoo Finance daily
2021-11-11,us,NOW,,135.93800354003906,136.26800537109375,134.7779998779297,135.85000610351562,5075000,Yahoo Finance daily
2021-11-12,us,NOW,,137.0,138.34800720214844,136.28799438476562,138.27999877929688,4958500,Yahoo Finance daily
2021-11-15,us,NOW,,137.89199829101562,137.97999572753906,135.74200439453125,136.51400756835938,4060000,Yahoo Finance daily
2021-11-16,us,NOW,,136.9980010986328,138.51199340820312,136.4219970703125,138.50999450683594,4633500,Yahoo Finance daily
2021-11-17,us,NOW,,138.86599731445312,139.1219940185547,136.77999877929688,136.98599243164062,3457500,Yahoo Finance daily
2021-11-18,us,NOW,,136.49400329589844,136.91200256347656,134.8280029296875,135.16799926757812,3757000,Yahoo Finance daily
2021-11-19,us,NOW,,136.06199645996094,137.45199584960938,134.83599853515625,135.19400024414062,5256500,Yahoo Finance daily
2021-11-22,us,NOW,,135.14199829101562,136.79200744628906,130.27200317382812,131.2760009765625,5971000,Yahoo Finance daily
2021-11-23,us,NOW,,130.0,130.88600158691406,125.48200225830078,127.38200378417967,9223500,Yahoo Finance daily
2021-11-24,us,NOW,,125.99199676513672,129.88400268554688,124.8280029296875,129.86199951171875,4185000,Yahoo Finance daily
2021-11-26,us,NOW,,128.9040069580078,132.21400451660156,128.9040069580078,129.91000366210938,3647500,Yahoo Finance daily
2021-11-29,us,NOW,,131.92599487304688,135.3000030517578,130.2220001220703,134.56399536132812,5407000,Yahoo Finance daily
2021-11-30,us,NOW,,134.92599487304688,135.9239959716797,128.52999877929688,129.5399932861328,10732000,Yahoo Finance daily
2021-12-01,us,NOW,,130.07200622558594,131.5919952392578,119.86799621582033,119.91400146484376,11590500,Yahoo Finance daily
2021-12-02,us,NOW,,119.91400146484376,125.16000366210938,119.72799682617188,124.67400360107422,7300000,Yahoo Finance daily
2021-12-03,us,NOW,,125.53800201416016,125.7519989013672,118.63200378417967,122.62200164794922,9274000,Yahoo Finance daily
2021-12-06,us,NOW,,120.31600189208984,123.93199920654295,118.80999755859376,123.30799865722656,7201500,Yahoo Finance daily
2021-12-07,us,NOW,,126.197998046875,133.6320037841797,126.0,132.67799377441406,9250000,Yahoo Finance daily
2021-12-08,us,NOW,,132.0,134.593994140625,130.2100067138672,133.16200256347656,4651000,Yahoo Finance daily
2021-12-09,us,NOW,,133.1999969482422,133.82200622558594,128.25,128.42999267578125,5445500,Yahoo Finance daily
2021-12-10,us,NOW,,129.43800354003906,131.63600158691406,128.0399932861328,129.39999389648438,4251500,Yahoo Finance daily
2021-12-13,us,NOW,,128.92999267578125,132.23399353027344,128.53399658203125,131.18800354003906,4997500,Yahoo Finance daily
2021-12-14,us,NOW,,128.41799926757812,129.3800048828125,121.43800354003906,124.93800354003906,8298500,Yahoo Finance daily
2021-12-15,us,NOW,,125.33200073242188,129.61399841308594,124.91600036621094,129.4080047607422,7907500,Yahoo Finance daily
2021-12-16,us,NOW,,127.87799835205078,128.75999450683594,121.33799743652344,121.7959976196289,7941500,Yahoo Finance daily
2021-12-17,us,NOW,,119.33999633789062,124.12999725341795,117.40399932861328,123.1259994506836,17093500,Yahoo Finance daily
2021-12-20,us,NOW,,121.0,122.81199645996094,120.24400329589844,121.0739974975586,4983500,Yahoo Finance daily
2021-12-21,us,NOW,,122.5,127.06800079345705,121.0,126.26399993896484,5645500,Yahoo Finance daily
2021-12-22,us,NOW,,126.29199981689452,129.7779998779297,125.12000274658205,128.78599548339844,5053500,Yahoo Finance daily
2021-12-23,us,NOW,,129.19200134277344,130.33799743652344,128.20599365234375,129.71400451660156,3323500,Yahoo Finance daily
2021-12-27,us,NOW,,131.1959991455078,132.99000549316406,130.3939971923828,132.656005859375,3404500,Yahoo Finance daily
2021-12-28,us,NOW,,133.5279998779297,133.5279998779297,130.60000610351562,130.8000030517578,2411000,Yahoo Finance daily
2021-12-29,us,NOW,,131.03599548339844,131.77200317382812,129.20399475097656,130.91600036621094,2209000,Yahoo Finance daily
2021-12-30,us,NOW,,131.24000549316406,132.63400268554688,130.76800537109375,130.9080047607422,2454500,Yahoo Finance daily
2021-12-31,us,NOW,,130.4040069580078,131.71800231933594,129.7740020751953,129.82200622558594,2323000,Yahoo Finance daily
2022-01-03,us,NOW,,129.6320037841797,130.28199768066406,125.08399963378906,126.02799987792967,5218500,Yahoo Finance daily
2022-01-04,us,NOW,,125.6780014038086,125.76399993896484,115.3939971923828,120.78800201416016,14903000,Yahoo Finance daily
2022-01-05,us,NOW,,117.8000030517578,121.5,114.2959976196289,114.552001953125,10480500,Yahoo Finance daily
2022-01-06,us,NOW,,113.4800033569336,117.88999938964844,111.0,114.80799865722656,8372500,Yahoo Finance daily
2022-01-07,us,NOW,,114.13800048828124,117.11599731445312,111.66600036621094,113.27799987792967,5952500,Yahoo Finance daily
2022-01-10,us,NOW,,110.0199966430664,114.62000274658205,107.16200256347656,114.4000015258789,9838000,Yahoo Finance daily
2022-01-11,us,NOW,,113.97599792480467,116.0479965209961,112.3499984741211,115.68800354003906,6700000,Yahoo Finance daily
2022-01-12,us,NOW,,117.46399688720705,118.3040008544922,113.92400360107422,114.6780014038086,8586000,Yahoo Finance daily
2022-01-13,us,NOW,,115.00399780273438,115.16799926757812,104.0,104.2519989013672,19524500,Yahoo Finance daily
2022-01-14,us,NOW,,104.2519989013672,107.70800018310548,102.93199920654295,106.2040023803711,16188000,Yahoo Finance daily
2022-01-18,us,NOW,,104.94000244140624,108.89199829101562,103.51799774169922,104.46800231933594,11933000,Yahoo Finance daily
2022-01-19,us,NOW,,105.08399963378906,108.74600219726562,104.12799835205078,104.25800323486328,12852500,Yahoo Finance daily
2022-01-20,us,NOW,,106.44200134277344,108.55999755859376,102.74400329589844,103.0,9428000,Yahoo Finance daily
2022-01-21,us,NOW,,102.0,105.7760009765625,101.4260025024414,101.5479965209961,13028000,Yahoo Finance daily
2022-01-24,us,NOW,,100.05799865722656,105.52400207519533,96.88600158691406,105.16799926757812,17102500,Yahoo Finance daily
2022-01-25,us,NOW,,103.08999633789062,103.5199966430664,96.88800048828124,99.01599884033205,14393500,Yahoo Finance daily
2022-01-26,us,NOW,,102.8560028076172,104.197998046875,95.87000274658205,96.88400268554688,17376500,Yahoo Finance daily
2022-01-27,us,NOW,,110.70600128173828,111.39800262451172,103.62799835205078,105.73799896240234,27530500,Yahoo Finance daily
2022-01-28,us,NOW,,105.73799896240234,112.6999969482422,101.55999755859376,112.21600341796876,19039000,Yahoo Finance daily
2022-01-31,us,NOW,,113.4540023803711,117.68000030517578,112.99199676513672,117.15599822998048,13270500,Yahoo Finance daily
2022-02-01,us,NOW,,116.9800033569336,118.14199829101562,115.39199829101562,117.30799865722656,9208500,Yahoo Finance daily
2022-02-02,us,NOW,,118.97000122070312,118.97000122070312,114.61599731445312,116.2300033569336,6566000,Yahoo Finance daily
2022-02-03,us,NOW,,113.64199829101562,116.40799713134766,111.86000061035156,112.16999816894533,6779000,Yahoo Finance daily
2022-02-04,us,NOW,,111.9980010986328,117.4739990234375,110.95600128173828,115.50399780273438,6252000,Yahoo Finance daily
2022-02-07,us,NOW,,115.5979995727539,117.68800354003906,114.09400177001952,114.63999938964844,4942500,Yahoo Finance daily
2022-02-08,us,NOW,,112.83999633789062,118.4000015258789,112.79399871826172,118.25399780273438,6982000,Yahoo Finance daily
2022-02-09,us,NOW,,119.7699966430664,122.86599731445312,119.5999984741211,122.79399871826172,8327000,Yahoo Finance daily
2022-02-10,us,NOW,,120.09400177001952,124.28199768066406,119.99199676513672,122.09200286865234,9906500,Yahoo Finance daily
2022-02-11,us,NOW,,120.69000244140624,122.0,115.52400207519533,116.74400329589844,10700000,Yahoo Finance daily
2022-02-14,us,NOW,,115.77400207519533,117.86599731445312,114.83599853515624,115.91600036621094,6200000,Yahoo Finance daily
2022-02-15,us,NOW,,117.56199645996094,118.7760009765625,116.24400329589844,118.33200073242188,4935000,Yahoo Finance daily
2022-02-16,us,NOW,,117.16799926757812,118.6060028076172,115.2959976196289,118.1780014038086,5502000,Yahoo Finance daily
2022-02-17,us,NOW,,116.81600189208984,117.43199920654295,112.91799926757812,113.1500015258789,5346500,Yahoo Finance daily
2022-02-18,us,NOW,,113.19200134277344,113.8000030517578,110.3040008544922,111.2020034790039,6383500,Yahoo Finance daily
2022-02-22,us,NOW,,108.81400299072266,112.38999938964844,107.87999725341795,110.02999877929688,5810000,Yahoo Finance daily
2022-02-23,us,NOW,,110.02999877929688,110.68399810791016,104.53199768066406,104.94000244140624,9319500,Yahoo Finance daily
2022-02-24,us,NOW,,101.6500015258789,115.19400024414062,100.49199676513672,114.79000091552734,11838000,Yahoo Finance daily
2022-02-25,us,NOW,,113.79199981689452,116.05999755859376,112.80999755859376,116.0459976196289,5269500,Yahoo Finance daily
2022-02-28,us,NOW,,115.63999938964844,117.10800170898438,114.18399810791016,115.98400115966795,7480500,Yahoo Finance daily
2022-03-01,us,NOW,,116.76399993896484,119.91600036621094,113.35800170898438,114.21399688720705,7942500,Yahoo Finance daily
2022-03-02,us,NOW,,115.66400146484376,118.1520004272461,112.00399780273438,117.41200256347656,5450500,Yahoo Finance daily
2022-03-03,us,NOW,,118.40399932861328,118.66600036621094,111.33999633789062,112.46199798583984,7343000,Yahoo Finance daily
2022-03-04,us,NOW,,111.0979995727539,113.81999969482422,108.48200225830078,109.41400146484376,6907000,Yahoo Finance daily
2022-03-07,us,NOW,,110.67400360107422,112.62000274658205,103.73600006103516,103.92400360107422,10728000,Yahoo Finance daily
2022-03-08,us,NOW,,102.0,107.18000030517578,100.89199829101562,103.63999938964844,7397500,Yahoo Finance daily
2022-03-09,us,NOW,,107.29199981689452,113.15599822998048,106.62200164794922,111.91600036621094,8238500,Yahoo Finance daily
2022-03-10,us,NOW,,109.71600341796876,110.38400268554688,106.18399810791016,106.71800231933594,8821500,Yahoo Finance daily
2022-03-11,us,NOW,,108.52799987792967,108.91000366210938,102.27200317382812,102.43000030517578,6144500,Yahoo Finance daily
2022-03-14,us,NOW,,102.99199676513672,105.26399993896484,98.41000366210938,99.0199966430664,8188000,Yahoo Finance daily
2022-03-15,us,NOW,,100.03600311279295,103.5199966430664,98.26200103759766,102.84400177001952,6658000,Yahoo Finance daily
2022-03-16,us,NOW,,105.7020034790039,109.7519989013672,103.47799682617188,109.4800033569336,9127000,Yahoo Finance daily
2022-03-17,us,NOW,,108.07599639892578,113.59400177001952,108.07599639892578,113.33599853515624,6424000,Yahoo Finance daily
2022-03-18,us,NOW,,115.5199966430664,116.77200317382812,113.3499984741211,115.97599792480467,11542500,Yahoo Finance daily
2022-03-21,us,NOW,,115.0,116.12200164794922,111.0739974975586,113.95999908447266,7081500,Yahoo Finance daily
2022-03-22,us,NOW,,114.14199829101562,119.5479965209961,114.0199966430664,117.73200225830078,6755000,Yahoo Finance daily
2022-03-23,us,NOW,,114.72799682617188,115.96600341796876,112.49400329589844,113.59200286865234,5564500,Yahoo Finance daily
2022-03-24,us,NOW,,114.0,116.5459976196289,112.46199798583984,116.21800231933594,4927500,Yahoo Finance daily
2022-03-25,us,NOW,,116.20800018310548,116.72200012207033,111.36000061035156,112.3740005493164,6785500,Yahoo Finance daily
2022-03-28,us,NOW,,113.46600341796876,116.7760009765625,112.39600372314452,116.552001953125,6531500,Yahoo Finance daily
2022-03-29,us,NOW,,118.04399871826172,120.3239974975586,115.52799987792967,119.5500030517578,6589500,Yahoo Finance daily
2022-03-30,us,NOW,,118.02400207519533,118.20999908447266,114.1439971923828,114.7979965209961,7574000,Yahoo Finance daily
2022-03-31,us,NOW,,114.7979965209961,115.39800262451172,111.27799987792967,111.37799835205078,10197000,Yahoo Finance daily
2022-04-01,us,NOW,,111.22000122070312,112.3040008544922,108.80599975585938,109.73799896240234,9659000,Yahoo Finance daily
2022-04-04,us,NOW,,109.5999984741211,115.16200256347656,109.3040008544922,114.96399688720705,7663500,Yahoo Finance daily
2022-04-05,us,NOW,,114.0,114.2959976196289,110.15799713134766,110.6439971923828,5778500,Yahoo Finance daily
2022-04-06,us,NOW,,108.56400299072266,108.56400299072266,103.93599700927734,105.58999633789062,8124500,Yahoo Finance daily
2022-04-07,us,NOW,,105.1259994506836,108.37999725341795,103.98799896240234,105.95600128173828,5777500,Yahoo Finance daily
2022-04-08,us,NOW,,105.0,105.8759994506836,102.84400177001952,103.12000274658205,6205000,Yahoo Finance daily
2022-04-11,us,NOW,,101.5739974975586,103.9540023803711,99.91400146484376,102.28399658203124,7114000,Yahoo Finance daily
2022-04-12,us,NOW,,104.51799774169922,106.82599639892578,101.79000091552734,102.04199981689452,8622000,Yahoo Finance daily
2022-04-13,us,NOW,,102.81400299072266,105.92400360107422,102.16200256347656,105.21399688720705,6946500,Yahoo Finance daily
2022-04-14,us,NOW,,104.9800033569336,105.18199920654295,101.34400177001952,101.46600341796876,6044000,Yahoo Finance daily
2022-04-18,us,NOW,,101.33399963378906,101.33399963378906,98.68000030517578,99.50599670410156,6549500,Yahoo Finance daily
2022-04-19,us,NOW,,99.75599670410156,104.1439971923828,98.41400146484376,102.87999725341795,7547500,Yahoo Finance daily
2022-04-20,us,NOW,,104.0719985961914,104.41999816894533,100.59600067138672,101.04399871826172,5947000,Yahoo Finance daily
2022-04-21,us,NOW,,102.30999755859376,104.33799743652344,97.76799774169922,98.33399963378906,7071500,Yahoo Finance daily
2022-04-22,us,NOW,,98.69000244140624,99.5459976196289,93.81999969482422,94.27999877929688,8805000,Yahoo Finance daily
2022-04-25,us,NOW,,92.9499969482422,95.47599792480467,92.85199737548828,94.4540023803711,9075500,Yahoo Finance daily
2022-04-26,us,NOW,,94.38400268554688,94.43199920654295,90.78399658203124,91.1999969482422,9471000,Yahoo Finance daily
2022-04-27,us,NOW,,92.5479965209961,94.88200378417967,91.88600158691406,93.25800323486328,13400500,Yahoo Finance daily
2022-04-28,us,NOW,,101.5999984741211,102.8000030517578,96.9520034790039,100.8040008544922,18817000,Yahoo Finance daily
2022-04-29,us,NOW,,97.83599853515624,101.7979965209961,95.41600036621094,95.62000274658205,7276000,Yahoo Finance daily
2022-05-02,us,NOW,,94.93800354003906,97.06199645996094,93.8040008544922,96.9000015258789,7055000,Yahoo Finance daily
2022-05-03,us,NOW,,96.39600372314452,97.6780014038086,93.92400360107422,96.37200164794922,6524500,Yahoo Finance daily
2022-05-04,us,NOW,,97.0479965209961,100.22200012207033,92.01799774169922,99.89199829101562,9247500,Yahoo Finance daily
2022-05-05,us,NOW,,98.97799682617188,99.09600067138672,92.39600372314452,93.86599731445312,9589500,Yahoo Finance daily
2022-05-06,us,NOW,,92.51200103759766,93.69400024414062,87.6240005493164,91.3479995727539,9826500,Yahoo Finance daily
2022-05-09,us,NOW,,88.5999984741211,90.06199645996094,84.52200317382812,85.17400360107422,14239500,Yahoo Finance daily
2022-05-10,us,NOW,,88.19999694824219,88.88200378417969,83.31199645996094,86.46399688720703,9477500,Yahoo Finance daily
2022-05-11,us,NOW,,85.23400115966797,89.59600067138672,83.74199676513672,84.0719985961914,9473500,Yahoo Finance daily
2022-05-12,us,NOW,,83.71800231933594,88.62200164794922,81.29399871826172,86.58799743652344,13509500,Yahoo Finance daily
2022-05-13,us,NOW,,87.5479965209961,91.93800354003906,87.26799774169922,90.52999877929688,10467500,Yahoo Finance daily
2022-05-16,us,NOW,,89.25,90.35800170898438,86.15599822998047,86.58599853515625,8314000,Yahoo Finance daily
2022-05-17,us,NOW,,89.18399810791016,90.2959976196289,83.41200256347656,86.56999969482422,10688000,Yahoo Finance daily
2022-05-18,us,NOW,,85.69999694824219,86.92400360107422,81.64399719238281,82.44999694824219,8893500,Yahoo Finance daily
2022-05-19,us,NOW,,82.89600372314453,87.14399719238281,82.06400299072266,85.35199737548828,10223500,Yahoo Finance daily
2022-05-20,us,NOW,,87.53399658203125,89.33599853515625,83.9739990234375,86.60600280761719,8626500,Yahoo Finance daily
2022-05-23,us,NOW,,86.18399810791016,87.78600311279297,84.86199951171875,86.02400207519531,9763500,Yahoo Finance daily
2022-05-24,us,NOW,,85.30000305175781,86.02200317382812,82.20800018310547,83.93000030517578,8662500,Yahoo Finance daily
2022-05-25,us,NOW,,84.69000244140625,91.5199966430664,84.3740005493164,90.45800018310548,16292000,Yahoo Finance daily
2022-05-26,us,NOW,,90.02799987792969,92.1500015258789,88.80000305175781,90.9739990234375,8949500,Yahoo Finance daily
2022-05-27,us,NOW,,92.63800048828124,95.99400329589844,92.5780029296875,95.25800323486328,9751000,Yahoo Finance daily
2022-05-31,us,NOW,,94.41000366210938,95.2760009765625,92.52999877929688,93.49400329589844,12059000,Yahoo Finance daily
2022-06-01,us,NOW,,98.20800018310548,99.39600372314452,94.14600372314452,95.0260009765625,8349500,Yahoo Finance daily
2022-06-02,us,NOW,,93.93199920654295,102.14600372314452,93.93199920654295,100.95999908447266,10023500,Yahoo Finance daily
2022-06-03,us,NOW,,99.16799926757812,101.13200378417967,96.94000244140624,98.49600219726562,5644500,Yahoo Finance daily
2022-06-06,us,NOW,,99.40399932861328,100.2020034790039,97.4800033569336,98.50800323486328,4721500,Yahoo Finance daily
2022-06-07,us,NOW,,97.54000091552734,102.08999633789062,97.04000091552734,101.28600311279295,6485000,Yahoo Finance daily
2022-06-08,us,NOW,,100.38400268554688,101.87200164794922,100.1060028076172,101.08399963378906,5577000,Yahoo Finance daily
2022-06-09,us,NOW,,100.1259994506836,101.55599975585938,98.38800048828124,98.44400024414062,4766000,Yahoo Finance daily
2022-06-10,us,NOW,,96.5459976196289,97.58000183105467,93.76000213623048,94.62999725341795,6218000,Yahoo Finance daily
2022-06-13,us,NOW,,90.0,91.7699966430664,87.80000305175781,88.0739974975586,7466500,Yahoo Finance daily
2022-06-14,us,NOW,,88.37999725341797,90.3040008544922,87.5739974975586,88.94999694824219,5394000,Yahoo Finance daily
2022-06-15,us,NOW,,89.90399932861328,95.09200286865234,89.81400299072266,93.19000244140624,9754000,Yahoo Finance daily
2022-06-16,us,NOW,,89.53800201416016,91.1240005493164,84.83399963378906,85.61599731445312,15154500,Yahoo Finance daily
2022-06-17,us,NOW,,86.0260009765625,90.20999908447266,85.80599975585938,88.75800323486328,11812000,Yahoo Finance daily
2022-06-21,us,NOW,,89.97200012207031,92.30799865722656,89.97000122070312,91.0540008544922,5681000,Yahoo Finance daily
2022-06-22,us,NOW,,90.04199981689453,93.22000122070312,89.66600036621094,91.7300033569336,4919000,Yahoo Finance daily
2022-06-23,us,NOW,,93.25800323486328,97.3499984741211,93.25800323486328,97.1060028076172,7197000,Yahoo Finance daily
2022-06-24,us,NOW,,99.03199768066406,101.2760009765625,98.7979965209961,100.81800079345705,8501000,Yahoo Finance daily
2022-06-27,us,NOW,,101.27400207519533,101.94000244140624,97.84600067138672,99.33999633789062,5636000,Yahoo Finance daily
2022-06-28,us,NOW,,99.33999633789062,100.052001953125,94.2040023803711,94.68800354003906,6272000,Yahoo Finance daily
2022-06-29,us,NOW,,94.72200012207033,96.69200134277344,93.5,95.55799865722656,4892500,Yahoo Finance daily
2022-06-30,us,NOW,,94.5479965209961,95.98400115966795,91.9280014038086,95.10399627685548,8870500,Yahoo Finance daily
2022-07-01,us,NOW,,94.98600006103516,97.08999633789062,93.81800079345705,96.87200164794922,7529000,Yahoo Finance daily
2022-07-05,us,NOW,,96.04199981689452,99.5,94.802001953125,99.18599700927734,7318000,Yahoo Finance daily
2022-07-06,us,NOW,,100.0739974975586,101.29000091552734,97.58000183105467,98.66200256347656,5267500,Yahoo Finance daily
2022-07-07,us,NOW,,98.03399658203124,100.38200378417967,98.03399658203124,99.41000366210938,6259500,Yahoo Finance daily
2022-07-08,us,NOW,,97.8560028076172,99.88400268554688,97.16600036621094,98.83000183105467,7431000,Yahoo Finance daily
2022-07-11,us,NOW,,97.79399871826172,99.10800170898438,96.12000274658205,98.08000183105467,4795500,Yahoo Finance daily
2022-07-12,us,NOW,,92.25,93.34600067138672,84.95800018310547,85.58799743652344,34321500,Yahoo Finance daily
2022-07-13,us,NOW,,83.2020034790039,86.94200134277344,82.33200073242188,84.55400085449219,15932000,Yahoo Finance daily
2022-07-14,us,NOW,,83.30000305175781,86.08599853515625,81.5,84.19400024414062,10826500,Yahoo Finance daily
2022-07-15,us,NOW,,86.2699966430664,88.1520004272461,85.51799774169922,87.1240005493164,10787000,Yahoo Finance daily
2022-07-18,us,NOW,,87.51799774169922,88.49600219726562,85.2020034790039,85.3479995727539,9056500,Yahoo Finance daily
2022-07-19,us,NOW,,86.44400024414062,87.38200378417969,84.052001953125,87.18800354003906,7114000,Yahoo Finance daily
2022-07-20,us,NOW,,88.58000183105469,91.65799713134766,88.197998046875,91.37000274658205,7318000,Yahoo Finance daily
2022-07-21,us,NOW,,89.87999725341797,92.16600036621094,88.00199890136719,92.05799865722656,10239500,Yahoo Finance daily
2022-07-22,us,NOW,,92.12200164794922,93.1760025024414,88.76799774169922,89.35399627685547,6256500,Yahoo Finance daily
2022-07-25,us,NOW,,89.08599853515625,89.13800048828125,87.33200073242188,88.0,5156500,Yahoo Finance daily
2022-07-26,us,NOW,,88.72000122070312,88.72000122070312,83.55599975585938,84.56400299072266,9172500,Yahoo Finance daily
2022-07-27,us,NOW,,86.41000366210938,90.0260009765625,85.72599792480469,89.72000122070312,11276000,Yahoo Finance daily
2022-07-28,us,NOW,,86.24600219726562,89.26200103759766,84.73799896240234,87.30000305175781,19571000,Yahoo Finance daily
2022-07-29,us,NOW,,85.84600067138672,89.75399780273438,85.28600311279297,89.33200073242188,10098000,Yahoo Finance daily
2022-08-01,us,NOW,,87.7979965209961,91.11399841308594,87.13999938964844,90.75399780273438,8647500,Yahoo Finance daily
2022-08-02,us,NOW,,88.93199920654297,92.21399688720705,88.44999694824219,90.88800048828124,5564500,Yahoo Finance daily
2022-08-03,us,NOW,,92.1500015258789,94.58200073242188,91.43199920654295,94.29000091552734,7002500,Yahoo Finance daily
2022-08-04,us,NOW,,93.55799865722656,99.09600067138672,92.72599792480467,98.5999984741211,16632500,Yahoo Finance daily
2022-08-05,us,NOW,,95.61599731445312,100.65399932861328,95.052001953125,98.97000122070312,14888500,Yahoo Finance daily
2022-08-08,us,NOW,,99.0199966430664,100.6959991455078,98.39800262451172,98.98999786376952,8184500,Yahoo Finance daily
2022-08-09,us,NOW,,98.45600128173828,99.5540008544922,96.697998046875,97.49199676513672,4916500,Yahoo Finance daily
2022-08-10,us,NOW,,100.39199829101562,103.3239974975586,100.1959991455078,103.23999786376952,9159500,Yahoo Finance daily
2022-08-11,us,NOW,,104.0,104.31600189208984,99.48400115966795,99.88999938964844,7409000,Yahoo Finance daily
2022-08-12,us,NOW,,100.88800048828124,101.5999984741211,98.5979995727539,101.302001953125,8311000,Yahoo Finance daily
2022-08-15,us,NOW,,100.4000015258789,102.1999969482422,99.71199798583984,100.81400299072266,4964500,Yahoo Finance daily
2022-08-16,us,NOW,,99.8000030517578,100.08000183105467,98.30999755859376,99.3479995727539,7162000,Yahoo Finance daily
2022-08-17,us,NOW,,97.8000030517578,98.73200225830078,97.09600067138672,97.7519989013672,4377000,Yahoo Finance daily
2022-08-18,us,NOW,,97.27200317382812,98.09200286865234,96.04399871826172,97.91999816894533,4908000,Yahoo Finance daily
2022-08-19,us,NOW,,96.83399963378906,96.93800354003906,94.66400146484376,95.2519989013672,4907000,Yahoo Finance daily
2022-08-22,us,NOW,,93.31400299072266,93.8479995727539,91.15399932861328,91.94200134277344,5096500,Yahoo Finance daily
2022-08-23,us,NOW,,91.9980010986328,92.81400299072266,91.2760009765625,91.9980010986328,3951000,Yahoo Finance daily
2022-08-24,us,NOW,,92.05799865722656,92.68399810791016,91.03199768066406,91.50399780273438,4176500,Yahoo Finance daily
2022-08-25,us,NOW,,91.27999877929688,93.26599884033205,90.66000366210938,93.20600128173828,5283500,Yahoo Finance daily
2022-08-26,us,NOW,,93.45800018310548,93.5,88.93399810791016,88.93800354003906,4490000,Yahoo Finance daily
2022-08-29,us,NOW,,88.0,89.51599884033203,87.10199737548828,87.15599822998047,4299500,Yahoo Finance daily
2022-08-30,us,NOW,,88.5,88.81600189208984,85.9020004272461,87.36799621582031,4802500,Yahoo Finance daily
2022-08-31,us,NOW,,88.0,89.19999694824219,86.76799774169922,86.92400360107422,6980000,Yahoo Finance daily
2022-09-01,us,NOW,,85.96199798583984,86.33999633789062,83.33599853515625,86.11199951171875,7897000,Yahoo Finance daily
2022-09-02,us,NOW,,87.67400360107422,89.49800109863281,86.25599670410156,86.9020004272461,7788500,Yahoo Finance daily
2022-09-06,us,NOW,,86.02200317382812,87.552001953125,84.87000274658203,86.09400177001953,4799000,Yahoo Finance daily
2022-09-07,us,NOW,,86.197998046875,89.27799987792969,86.04000091552734,88.83200073242188,4409000,Yahoo Finance daily
2022-09-08,us,NOW,,87.80799865722656,90.6500015258789,87.61599731445312,90.15399932861328,6056500,Yahoo Finance daily
2022-09-09,us,NOW,,91.61599731445312,94.38400268554688,91.5019989013672,94.00599670410156,6960000,Yahoo Finance daily
2022-09-12,us,NOW,,95.04000091552734,96.53800201416016,93.85199737548828,95.25800323486328,5875000,Yahoo Finance daily
2022-09-13,us,NOW,,90.0,91.6760025024414,89.87999725341797,90.47599792480467,7248000,Yahoo Finance daily
2022-09-14,us,NOW,,90.8740005493164,92.11399841308594,89.64199829101562,91.4980010986328,5157500,Yahoo Finance daily
2022-09-15,us,NOW,,88.98400115966797,91.56199645996094,86.84200286865234,87.11000061035156,9825000,Yahoo Finance daily
2022-09-16,us,NOW,,86.29399871826172,86.802001953125,84.22200012207031,85.16000366210938,10690500,Yahoo Finance daily
2022-09-19,us,NOW,,84.55999755859375,85.30000305175781,83.76799774169922,85.01000213623047,4428000,Yahoo Finance daily
2022-09-20,us,NOW,,84.30000305175781,84.30000305175781,82.2020034790039,82.23999786376953,8290500,Yahoo Finance daily
2022-09-21,us,NOW,,83.03800201416016,83.78800201416016,80.27799987792969,80.28600311279297,12609500,Yahoo Finance daily
2022-09-22,us,NOW,,79.9739990234375,80.89199829101562,77.33999633789062,77.39399719238281,12089500,Yahoo Finance daily
2022-09-23,us,NOW,,76.58599853515625,77.46600341796875,74.87200164794922,75.40799713134766,11061000,Yahoo Finance daily
2022-09-26,us,NOW,,75.2959976196289,76.52200317382812,73.54199981689453,74.0199966430664,11886000,Yahoo Finance daily
2022-09-27,us,NOW,,75.35199737548828,75.86000061035156,74.23999786376953,75.79000091552734,10637000,Yahoo Finance daily
2022-09-28,us,NOW,,75.68800354003906,78.0780029296875,75.28399658203125,77.7699966430664,7694000,Yahoo Finance daily
2022-09-29,us,NOW,,76.57599639892578,77.26200103759766,75.5479965209961,77.0999984741211,7487000,Yahoo Finance daily
2022-09-30,us,NOW,,77.0,79.21600341796875,75.43599700927734,75.52200317382812,9128500,Yahoo Finance daily
2022-10-03,us,NOW,,76.01599884033203,78.80400085449219,74.94599914550781,78.34200286865234,11638000,Yahoo Finance daily
2022-10-04,us,NOW,,80.4260025024414,82.73200225830078,80.16600036621094,82.30999755859375,9894000,Yahoo Finance daily
2022-10-05,us,NOW,,80.55000305175781,85.1500015258789,80.4020004272461,84.11599731445312,8859000,Yahoo Finance daily
2022-10-06,us,NOW,,84.42400360107422,86.6780014038086,83.30799865722656,83.68599700927734,8718000,Yahoo Finance daily
2022-10-07,us,NOW,,82.0,82.48600006103516,79.79199981689453,80.24199676513672,6177500,Yahoo Finance daily
2022-10-10,us,NOW,,80.27799987792969,80.44200134277344,75.43000030517578,76.35600280761719,8951500,Yahoo Finance daily
2022-10-11,us,NOW,,76.33000183105469,76.34400177001953,73.3759994506836,74.26000213623047,10214000,Yahoo Finance daily
2022-10-12,us,NOW,,74.49800109863281,75.26200103759766,73.18800354003906,73.82599639892578,9183000,Yahoo Finance daily
2022-10-13,us,NOW,,69.55000305175781,73.31400299072266,67.4000015258789,72.37999725341797,13700000,Yahoo Finance daily
2022-10-14,us,NOW,,73.2040023803711,73.37000274658203,68.18000030517578,68.35199737548828,16005500,Yahoo Finance daily
2022-10-17,us,NOW,,70.28600311279297,71.7760009765625,69.50199890136719,69.72200012207031,12858000,Yahoo Finance daily
2022-10-18,us,NOW,,72.46800231933594,73.49400329589844,70.20999908447266,71.35800170898438,10497000,Yahoo Finance daily
2022-10-19,us,NOW,,70.14199829101562,71.97200012207031,70.10399627685547,71.08799743652344,6921000,Yahoo Finance daily
2022-10-20,us,NOW,,71.22599792480469,73.29399871826172,70.20800018310547,71.25199890136719,8278500,Yahoo Finance daily
2022-10-21,us,NOW,,70.66200256347656,72.3280029296875,69.45800018310547,72.13400268554688,7256500,Yahoo Finance daily
2022-10-24,us,NOW,,73.5999984741211,74.18000030517578,71.8499984741211,73.31199645996094,8328500,Yahoo Finance daily
2022-10-25,us,NOW,,73.71600341796875,75.5,73.0,75.33200073242188,10662500,Yahoo Finance daily
2022-10-26,us,NOW,,70.76000213623047,76.51599884033203,70.19999694824219,73.28199768066406,18000000,Yahoo Finance daily
2022-10-27,us,NOW,,85.39199829101562,85.5260009765625,81.72200012207031,83.13400268554688,28129000,Yahoo Finance daily
2022-10-28,us,NOW,,83.24600219726562,84.28800201416016,80.75399780273438,84.08000183105469,15611000,Yahoo Finance daily
2022-10-31,us,NOW,,83.5999984741211,85.64600372314453,82.98200225830078,84.14800262451172,9492500,Yahoo Finance daily
2022-11-01,us,NOW,,85.41600036621094,86.0479965209961,83.31999969482422,83.71199798583984,6799500,Yahoo Finance daily
2022-11-02,us,NOW,,83.86599731445312,83.86599731445312,78.46800231933594,78.53600311279297,8858500,Yahoo Finance daily
2022-11-03,us,NOW,,78.1240005493164,79.1240005493164,76.97200012207031,77.11199951171875,6895500,Yahoo Finance daily
2022-11-04,us,NOW,,77.7020034790039,77.98600006103516,70.83599853515625,72.3499984741211,14191500,Yahoo Finance daily
2022-11-07,us,NOW,,73.0,73.01599884033203,70.25,72.63999938964844,8592000,Yahoo Finance daily
2022-11-08,us,NOW,,73.0,75.05799865722656,71.81999969482422,74.22799682617188,7861500,Yahoo Finance daily
2022-11-09,us,NOW,,73.0,73.76599884033203,72.23999786376953,72.25399780273438,5763000,Yahoo Finance daily
2022-11-10,us,NOW,,78.6520004272461,82.11000061035156,78.12799835205078,80.81199645996094,14567500,Yahoo Finance daily
2022-11-11,us,NOW,,81.39800262451172,84.89199829101562,80.94400024414062,81.98200225830078,10721500,Yahoo Finance daily
2022-11-14,us,NOW,,80.302001953125,81.31999969482422,78.24400329589844,80.08000183105469,7794500,Yahoo Finance daily
2022-11-15,us,NOW,,82.84200286865234,85.0780029296875,82.84200286865234,83.89600372314453,9238000,Yahoo Finance daily
2022-11-16,us,NOW,,83.08000183105469,83.5,81.08399963378906,82.44000244140625,5841500,Yahoo Finance daily
2022-11-17,us,NOW,,80.56999969482422,81.75399780273438,79.56999969482422,80.11599731445312,7628000,Yahoo Finance daily
2022-11-18,us,NOW,,81.58200073242188,82.0,78.85600280761719,79.8759994506836,6026500,Yahoo Finance daily
2022-11-21,us,NOW,,78.83999633789062,79.19400024414062,76.5,77.47599792480469,6676000,Yahoo Finance daily
2022-11-22,us,NOW,,77.89800262451172,80.38600158691406,76.80999755859375,80.05599975585938,6877500,Yahoo Finance daily
2022-11-23,us,NOW,,79.96800231933594,82.12000274658203,79.3499984741211,81.8740005493164,5204000,Yahoo Finance daily
2022-11-25,us,NOW,,81.33599853515625,81.9219970703125,80.7959976196289,81.44200134277344,2007000,Yahoo Finance daily
2022-11-28,us,NOW,,80.78800201416016,81.24400329589844,79.49600219726562,80.38600158691406,5231500,Yahoo Finance daily
2022-11-29,us,NOW,,80.17400360107422,80.43399810791016,78.93599700927734,79.37000274658203,5098000,Yahoo Finance daily
2022-11-30,us,NOW,,78.8219985961914,83.4540023803711,78.60199737548828,83.26000213623047,10441000,Yahoo Finance daily
2022-12-01,us,NOW,,83.23200225830078,86.28399658203125,82.94400024414062,85.12000274658203,8899000,Yahoo Finance daily
2022-12-02,us,NOW,,83.44599914550781,84.31999969482422,81.94599914550781,82.5739974975586,6224500,Yahoo Finance daily
2022-12-05,us,NOW,,81.19999694824219,81.9739990234375,77.03399658203125,78.4520034790039,8584000,Yahoo Finance daily
2022-12-06,us,NOW,,78.447998046875,78.96399688720703,76.31199645996094,77.83000183105469,7368000,Yahoo Finance daily
2022-12-07,us,NOW,,77.85399627685547,79.16000366210938,77.01000213623047,77.7040023803711,5061500,Yahoo Finance daily
2022-12-08,us,NOW,,78.41799926757812,79.60800170898438,77.04399871826172,79.24600219726562,5162000,Yahoo Finance daily
2022-12-09,us,NOW,,78.81400299072266,80.65399932861328,78.61000061035156,78.71600341796875,4192500,Yahoo Finance daily
2022-12-12,us,NOW,,79.11199951171875,81.41200256347656,78.94200134277344,80.3280029296875,7379500,Yahoo Finance daily
2022-12-13,us,NOW,,84.88600158691406,86.43399810791016,82.0199966430664,83.23400115966797,9725000,Yahoo Finance daily
2022-12-14,us,NOW,,83.302001953125,85.84600067138672,82.30999755859375,83.6780014038086,7478500,Yahoo Finance daily
2022-12-15,us,NOW,,81.6500015258789,82.77400207519531,79.94200134277344,80.12799835205078,5811000,Yahoo Finance daily
2022-12-16,us,NOW,,79.96600341796875,80.87200164794922,78.4280014038086,78.8740005493164,9362500,Yahoo Finance daily
2022-12-19,us,NOW,,78.86000061035156,79.5979995727539,76.2020034790039,76.45999908447266,6984000,Yahoo Finance daily
2022-12-20,us,NOW,,75.30000305175781,77.67400360107422,75.16400146484375,77.29399871826172,4774000,Yahoo Finance daily
2022-12-21,us,NOW,,77.4260025024414,79.0719985961914,76.2300033569336,78.38200378417969,4816000,Yahoo Finance daily
2022-12-22,us,NOW,,76.79399871826172,77.35399627685547,74.7300033569336,75.98799896240234,6415000,Yahoo Finance daily
2022-12-23,us,NOW,,75.0,76.37999725341797,74.29399871826172,76.37200164794922,4283000,Yahoo Finance daily
2022-12-27,us,NOW,,76.02999877929688,76.76599884033203,74.8219985961914,76.12799835205078,4144500,Yahoo Finance daily
2022-12-28,us,NOW,,76.08599853515625,77.1240005493164,74.5479965209961,75.20999908447266,3860500,Yahoo Finance daily
2022-12-29,us,NOW,,76.19000244140625,78.42400360107422,75.802001953125,77.97000122070312,4602500,Yahoo Finance daily
2022-12-30,us,NOW,,76.76000213623047,77.93399810791016,76.45800018310547,77.65399932861328,3496500,Yahoo Finance daily
2023-01-03,us,NOW,,79.01599884033203,79.7300033569336,76.12999725341797,77.0999984741211,5440000,Yahoo Finance daily
2023-01-04,us,NOW,,78.19000244140625,79.41200256347656,76.947998046875,78.7699966430664,7024500,Yahoo Finance daily
2023-01-05,us,NOW,,77.69000244140625,77.94000244140625,73.05000305175781,73.26399993896484,8950000,Yahoo Finance daily
2023-01-06,us,NOW,,74.31800079345703,74.31800079345703,70.7239990234375,73.30599975585938,13383500,Yahoo Finance daily
2023-01-09,us,NOW,,74.7760009765625,78.5979995727539,74.63800048828125,75.71199798583984,10439000,Yahoo Finance daily
2023-01-10,us,NOW,,74.8740005493164,76.75399780273438,74.8740005493164,76.16799926757812,5323000,Yahoo Finance daily
2023-01-11,us,NOW,,76.96399688720703,78.78399658203125,76.64199829101562,78.75599670410156,6292000,Yahoo Finance daily
2023-01-12,us,NOW,,81.96600341796875,84.16799926757812,79.16999816894531,82.6520004272461,11570000,Yahoo Finance daily
2023-01-13,us,NOW,,81.73400115966797,83.47000122070312,81.61199951171875,82.97799682617188,5590500,Yahoo Finance daily
2023-01-17,us,NOW,,83.0,83.88400268554688,81.58999633789062,83.64800262451172,6743500,Yahoo Finance daily
2023-01-18,us,NOW,,84.15799713134766,86.30000305175781,82.9280014038086,83.23999786376953,8633500,Yahoo Finance daily
2023-01-19,us,NOW,,83.2040023803711,86.85399627685547,83.05999755859375,85.68599700927734,13394500,Yahoo Finance daily
2023-01-20,us,NOW,,85.83999633789062,88.64800262451172,85.71600341796875,88.36599731445312,7613500,Yahoo Finance daily
2023-01-23,us,NOW,,88.19999694824219,90.15599822998048,87.35600280761719,88.48799896240234,9031500,Yahoo Finance daily
2023-01-24,us,NOW,,88.0,89.19200134277344,87.4000015258789,88.68199920654297,7077000,Yahoo Finance daily
2023-01-25,us,NOW,,85.74800109863281,89.85800170898438,85.45600128173828,89.75399780273438,17240500,Yahoo Finance daily
2023-01-26,us,NOW,,92.37200164794922,95.5459976196289,88.93199920654297,92.61399841308594,31754500,Yahoo Finance daily
2023-01-27,us,NOW,,91.49600219726562,93.4260025024414,90.33000183105467,91.77200317382812,11756500,Yahoo Finance daily
2023-01-30,us,NOW,,90.39800262451172,90.63600158691406,88.02400207519531,88.51399993896484,11596000,Yahoo Finance daily
2023-01-31,us,NOW,,88.90399932861328,91.0780029296875,88.46199798583984,91.0260009765625,10181000,Yahoo Finance daily
2023-02-01,us,NOW,,91.23799896240234,95.5019989013672,90.6520004272461,94.76200103759766,11307500,Yahoo Finance daily
2023-02-02,us,NOW,,96.95999908447266,98.92400360107422,95.89199829101562,98.25399780273438,11498500,Yahoo Finance daily
2023-02-03,us,NOW,,95.6259994506836,96.94000244140624,93.77999877929688,94.44400024414062,8753500,Yahoo Finance daily
2023-02-06,us,NOW,,91.10199737548828,93.03399658203124,90.5500030517578,91.04399871826172,12298500,Yahoo Finance daily
2023-02-07,us,NOW,,90.96600341796876,93.2480010986328,90.10199737548828,92.6520004272461,6713000,Yahoo Finance daily
2023-02-08,us,NOW,,92.91799926757812,94.44400024414062,92.19400024414062,92.7959976196289,7829500,Yahoo Finance daily
2023-02-09,us,NOW,,94.0500030517578,94.88600158691406,92.21199798583984,92.66000366210938,7613500,Yahoo Finance daily
2023-02-10,us,NOW,,91.72200012207033,92.197998046875,90.8740005493164,91.6719970703125,8278000,Yahoo Finance daily
2023-02-13,us,NOW,,91.8560028076172,92.76000213623048,90.40399932861328,92.20800018310548,5892000,Yahoo Finance daily
2023-02-14,us,NOW,,91.3280029296875,93.89600372314452,91.12000274658205,92.2699966430664,4889500,Yahoo Finance daily
2023-02-15,us,NOW,,91.7959976196289,92.9000015258789,91.3040008544922,92.78199768066406,5279500,Yahoo Finance daily
2023-02-16,us,NOW,,90.0,92.197998046875,89.85199737548828,90.73799896240234,5752500,Yahoo Finance daily
2023-02-17,us,NOW,,90.0,90.59400177001952,86.87799835205078,87.802001953125,9820500,Yahoo Finance daily
2023-02-21,us,NOW,,86.36399841308594,87.41999816894531,85.70999908447266,86.37200164794922,5492500,Yahoo Finance daily
2023-02-22,us,NOW,,87.52999877929688,89.41400146484375,87.05799865722656,87.96800231933594,6185500,Yahoo Finance daily
2023-02-23,us,NOW,,88.08200073242188,88.55599975585938,86.75599670410156,88.34200286865234,4734000,Yahoo Finance daily
2023-02-24,us,NOW,,86.46399688720703,86.91600036621094,84.75199890136719,85.11799621582031,5430000,Yahoo Finance daily
2023-02-27,us,NOW,,86.24800109863281,87.52799987792969,85.53199768066406,85.71399688720703,7410500,Yahoo Finance daily
2023-02-28,us,NOW,,85.13200378417969,86.84400177001953,85.13200378417969,86.43399810791016,7343500,Yahoo Finance daily
2023-03-01,us,NOW,,86.38800048828125,87.08399963378906,85.20800018310547,85.78800201416016,4587500,Yahoo Finance daily
2023-03-02,us,NOW,,85.74199676513672,87.28399658203125,85.11599731445312,87.20800018310547,5783000,Yahoo Finance daily
2023-03-03,us,NOW,,87.96399688720703,89.07599639892578,87.82599639892578,88.7959976196289,4957500,Yahoo Finance daily
2023-03-06,us,NOW,,89.0999984741211,90.97799682617188,88.8740005493164,89.2040023803711,5470000,Yahoo Finance daily
2023-03-07,us,NOW,,89.12000274658203,90.90799713134766,88.75199890136719,88.96199798583984,6076000,Yahoo Finance daily
2023-03-08,us,NOW,,88.86599731445312,90.10399627685548,88.30000305175781,89.39399719238281,4088000,Yahoo Finance daily
2023-03-09,us,NOW,,88.84600067138672,90.16000366210938,85.61799621582031,85.69999694824219,7347000,Yahoo Finance daily
2023-03-10,us,NOW,,85.5999984741211,85.84600067138672,81.86199951171875,83.01599884033203,9421000,Yahoo Finance daily
2023-03-13,us,NOW,,82.58999633789062,85.18599700927734,81.0739974975586,82.98600006103516,8422500,Yahoo Finance daily
2023-03-14,us,NOW,,84.55999755859375,85.19599914550781,83.38600158691406,84.90799713134766,5682000,Yahoo Finance daily
2023-03-15,us,NOW,,83.74400329589844,84.53399658203125,82.95999908447266,84.4520034790039,5934000,Yahoo Finance daily
2023-03-16,us,NOW,,84.56800079345703,88.58000183105469,84.30000305175781,88.47799682617188,10371500,Yahoo Finance daily
2023-03-17,us,NOW,,88.7300033569336,88.73200225830078,86.91999816894531,88.19999694824219,14587000,Yahoo Finance daily
2023-03-20,us,NOW,,87.60800170898438,87.89800262451172,85.16999816894531,87.02999877929688,6895500,Yahoo Finance daily
2023-03-21,us,NOW,,87.22000122070312,89.5739974975586,87.22000122070312,89.09200286865234,6410000,Yahoo Finance daily
2023-03-22,us,NOW,,89.43599700927734,89.75199890136719,86.69400024414062,86.7020034790039,4657500,Yahoo Finance daily
2023-03-23,us,NOW,,88.09400177001953,90.3939971923828,87.53399658203125,88.09400177001953,5827500,Yahoo Finance daily
2023-03-24,us,NOW,,87.76599884033203,87.84400177001953,85.4219970703125,86.58000183105469,4613500,Yahoo Finance daily
2023-03-27,us,NOW,,86.69999694824219,87.5479965209961,86.0260009765625,86.26200103759766,4676000,Yahoo Finance daily
2023-03-28,us,NOW,,85.80400085449219,86.38200378417969,85.4020004272461,85.81600189208984,5445500,Yahoo Finance daily
2023-03-29,us,NOW,,86.70999908447266,87.7979965209961,86.25800323486328,87.68800354003906,6522500,Yahoo Finance daily
2023-03-30,us,NOW,,88.70800018310547,88.76799774169922,87.61599731445312,87.9260025024414,5393500,Yahoo Finance daily
2023-03-31,us,NOW,,88.62000274658203,93.08200073242188,88.3239974975586,92.94400024414062,12269500,Yahoo Finance daily
2023-04-03,us,NOW,,92.30599975585938,93.1780014038086,91.48200225830078,92.89800262451172,6793000,Yahoo Finance daily
2023-04-04,us,NOW,,95.08799743652344,96.46600341796876,94.47599792480467,95.20999908447266,11236000,Yahoo Finance daily
2023-04-05,us,NOW,,95.1500015258789,95.1999969482422,92.05799865722656,93.46600341796876,6729000,Yahoo Finance daily
2023-04-06,us,NOW,,92.79000091552734,94.7300033569336,91.49199676513672,94.6259994506836,8457500,Yahoo Finance daily
2023-04-10,us,NOW,,93.2300033569336,94.6060028076172,91.2760009765625,94.52799987792967,6213000,Yahoo Finance daily
2023-04-11,us,NOW,,93.2020034790039,94.77799987792967,92.86599731445312,93.96399688720705,4889500,Yahoo Finance daily
2023-04-12,us,NOW,,94.91799926757812,96.16600036621094,93.89600372314452,94.28600311279295,8112500,Yahoo Finance daily
2023-04-13,us,NOW,,95.06400299072266,97.11599731445312,94.58999633789062,96.6999969482422,8001000,Yahoo Finance daily
2023-04-14,us,NOW,,93.3560028076172,93.96399688720705,90.93800354003906,92.6060028076172,15376000,Yahoo Finance daily
2023-04-17,us,NOW,,93.0019989013672,94.33799743652344,92.71399688720705,94.11000061035156,5354000,Yahoo Finance daily
2023-04-18,us,NOW,,95.6259994506836,95.6259994506836,94.0019989013672,95.197998046875,5905000,Yahoo Finance daily
2023-04-19,us,NOW,,95.0,95.66999816894533,94.63400268554688,95.11799621582033,5093000,Yahoo Finance daily
2023-04-20,us,NOW,,94.66400146484376,94.75599670410156,93.08000183105467,93.53800201416016,5193000,Yahoo Finance daily
2023-04-21,us,NOW,,94.03800201416016,94.83200073242188,93.02200317382812,94.66200256347656,5459500,Yahoo Finance daily
2023-04-24,us,NOW,,94.8000030517578,95.31999969482422,93.0500030517578,94.5999984741211,6116500,Yahoo Finance daily
2023-04-25,us,NOW,,93.3499984741211,93.6500015258789,88.39600372314453,88.45600128173828,10293000,Yahoo Finance daily
2023-04-26,us,NOW,,90.0,90.9000015258789,89.1760025024414,90.80599975585938,14455500,Yahoo Finance daily
2023-04-27,us,NOW,,88.0459976196289,91.7300033569336,85.53600311279297,90.86799621582033,24276500,Yahoo Finance daily
2023-04-28,us,NOW,,90.8479995727539,92.33599853515624,89.83999633789062,91.88400268554688,11800500,Yahoo Finance daily
2023-05-01,us,NOW,,91.26200103759766,91.26200103759766,89.86000061035156,90.08200073242188,7120500,Yahoo Finance daily
2023-05-02,us,NOW,,90.1060028076172,90.1999969482422,87.87799835205078,88.73600006103516,6421500,Yahoo Finance daily
2023-05-03,us,NOW,,88.70600128173828,89.37999725341797,87.29000091552734,87.41600036621094,5960000,Yahoo Finance daily
2023-05-04,us,NOW,,87.81199645996094,88.50800323486328,85.79399871826172,86.10199737548828,8294000,Yahoo Finance daily
2023-05-05,us,NOW,,86.5999984741211,87.93399810791016,86.30999755859375,86.95999908447266,6513000,Yahoo Finance daily
2023-05-08,us,NOW,,87.37999725341797,87.91400146484375,85.80999755859375,87.7979965209961,7233000,Yahoo Finance daily
2023-05-09,us,NOW,,87.44400024414062,89.16799926757812,87.01399993896484,88.27799987792969,5857500,Yahoo Finance daily
2023-05-10,us,NOW,,89.83599853515625,91.9980010986328,89.25,90.8280029296875,7688500,Yahoo Finance daily
2023-05-11,us,NOW,,90.7979965209961,91.09200286865234,89.48999786376953,90.51399993896484,10094000,Yahoo Finance daily
2023-05-12,us,NOW,,90.5999984741211,91.49400329589844,89.33000183105469,91.04000091552734,6106500,Yahoo Finance daily
2023-05-15,us,NOW,,90.66000366210938,92.93000030517578,90.447998046875,92.62799835205078,7506000,Yahoo Finance daily
2023-05-16,us,NOW,,92.58000183105467,95.5999984741211,92.35399627685548,93.64800262451172,8142500,Yahoo Finance daily
2023-05-17,us,NOW,,95.89800262451172,98.98799896240234,95.43199920654295,98.58399963378906,16088000,Yahoo Finance daily
2023-05-18,us,NOW,,100.0,102.52200317382812,99.16400146484376,102.03399658203124,14300500,Yahoo Finance daily
2023-05-19,us,NOW,,102.0,102.34600067138672,100.5500030517578,102.05999755859376,8511000,Yahoo Finance daily
2023-05-22,us,NOW,,101.31999969482422,103.41799926757812,101.23400115966795,102.27799987792967,6804500,Yahoo Finance daily
2023-05-23,us,NOW,,101.5,102.3560028076172,99.97000122070312,100.02799987792967,5620000,Yahoo Finance daily
2023-05-24,us,NOW,,99.34400177001952,101.2519989013672,98.82599639892578,100.51000213623048,5495000,Yahoo Finance daily
2023-05-25,us,NOW,,104.65799713134766,107.95999908447266,103.55999755859376,106.3560028076172,15816500,Yahoo Finance daily
2023-05-26,us,NOW,,106.9280014038086,109.91200256347656,106.36199951171876,107.49199676513672,10671500,Yahoo Finance daily
2023-05-30,us,NOW,,109.5999984741211,111.31600189208984,108.8740005493164,109.8239974975586,9686500,Yahoo Finance daily
2023-05-31,us,NOW,,107.86599731445312,109.6520004272461,106.75800323486328,108.95600128173828,11929000,Yahoo Finance daily
2023-06-01,us,NOW,,106.95999908447266,110.1240005493164,106.40399932861328,108.59200286865234,7398500,Yahoo Finance daily
2023-06-02,us,NOW,,109.1999969482422,110.88800048828124,108.25599670410156,109.63600158691406,6391000,Yahoo Finance daily
2023-06-05,us,NOW,,109.61599731445312,111.97200012207033,108.4739990234375,111.34200286865234,6581000,Yahoo Finance daily
2023-06-06,us,NOW,,111.3000030517578,112.72599792480467,111.03600311279295,111.16000366210938,6941000,Yahoo Finance daily
2023-06-07,us,NOW,,111.11000061035156,111.56400299072266,105.447998046875,105.66400146484376,12033000,Yahoo Finance daily
2023-06-08,us,NOW,,105.91799926757812,108.29000091552734,105.22200012207033,107.06800079345705,7291500,Yahoo Finance daily
2023-06-09,us,NOW,,107.64800262451172,109.0,106.30799865722656,106.80599975585938,6849000,Yahoo Finance daily
2023-06-12,us,NOW,,107.8040008544922,109.37999725341795,106.4260025024414,109.2699966430664,6478000,Yahoo Finance daily
2023-06-13,us,NOW,,111.1999969482422,111.91799926757812,109.85399627685548,110.94400024414062,6727000,Yahoo Finance daily
2023-06-14,us,NOW,,110.98999786376952,113.59600067138672,110.8000030517578,113.46199798583984,6418500,Yahoo Finance daily
2023-06-15,us,NOW,,112.61000061035156,115.33599853515624,112.4219970703125,114.8740005493164,6595500,Yahoo Finance daily
2023-06-16,us,NOW,,114.8740005493164,114.93000030517578,112.98999786376952,113.09600067138672,10442500,Yahoo Finance daily
2023-06-20,us,NOW,,111.66000366210938,113.9260025024414,111.08799743652344,111.89800262451172,5590500,Yahoo Finance daily
2023-06-21,us,NOW,,111.55799865722656,111.93000030517578,109.11799621582033,109.36000061035156,5645000,Yahoo Finance daily
2023-06-22,us,NOW,,108.6439971923828,110.0459976196289,107.802001953125,109.9739990234375,6190000,Yahoo Finance daily
2023-06-23,us,NOW,,108.24600219726562,110.3280029296875,107.3759994506836,108.5979995727539,6842500,Yahoo Finance daily
2023-06-26,us,NOW,,108.26599884033205,110.22599792480467,107.3280029296875,107.59400177001952,4832500,Yahoo Finance daily
2023-06-27,us,NOW,,108.22799682617188,109.01599884033205,107.0019989013672,107.99199676513672,4270500,Yahoo Finance daily
2023-06-28,us,NOW,,107.78600311279295,109.83599853515624,107.45999908447266,109.73400115966795,4805000,Yahoo Finance daily
2023-06-29,us,NOW,,109.99400329589844,110.14800262451172,108.53600311279295,109.61599731445312,3551000,Yahoo Finance daily
2023-06-30,us,NOW,,111.15799713134766,113.32599639892578,110.80599975585938,112.3939971923828,6629500,Yahoo Finance daily
2023-07-03,us,NOW,,112.16999816894533,112.91200256347656,111.18800354003906,112.5739974975586,2367000,Yahoo Finance daily
2023-07-05,us,NOW,,111.27999877929688,113.4459991455078,111.23200225830078,113.1520004272461,5581000,Yahoo Finance daily
2023-07-06,us,NOW,,111.4000015258789,112.1060028076172,109.68599700927734,111.16600036621094,5089500,Yahoo Finance daily
2023-07-07,us,NOW,,111.05599975585938,112.66000366210938,110.55599975585938,110.59600067138672,4280000,Yahoo Finance daily
2023-07-10,us,NOW,,110.5999984741211,113.16999816894533,110.5999984741211,113.12000274658205,5885500,Yahoo Finance daily
2023-07-11,us,NOW,,113.44200134277344,114.25399780273438,111.50800323486328,112.28800201416016,5671500,Yahoo Finance daily
2023-07-12,us,NOW,,114.1719970703125,114.1719970703125,111.447998046875,112.26799774169922,5840500,Yahoo Finance daily
2023-07-13,us,NOW,,113.3239974975586,115.88800048828124,113.0,115.48999786376952,6570500,Yahoo Finance daily
2023-07-14,us,NOW,,115.4000015258789,116.85199737548828,115.1999969482422,116.07599639892578,4582500,Yahoo Finance daily
2023-07-17,us,NOW,,116.53399658203124,118.9980010986328,116.4000015258789,118.47599792480467,5216000,Yahoo Finance daily
2023-07-18,us,NOW,,117.96199798583984,120.4000015258789,116.78399658203124,119.4260025024414,6320000,Yahoo Finance daily
2023-07-19,us,NOW,,122.18000030517578,122.87200164794922,119.90799713134766,120.6500015258789,8686000,Yahoo Finance daily
2023-07-20,us,NOW,,119.52400207519533,120.1760025024414,115.15599822998048,115.7760009765625,7756000,Yahoo Finance daily
2023-07-21,us,NOW,,118.12999725341795,118.60199737548828,116.1999969482422,116.40399932861328,4050000,Yahoo Finance daily
2023-07-24,us,NOW,,117.3000030517578,117.44400024414062,115.20999908447266,115.60800170898438,4876500,Yahoo Finance daily
2023-07-25,us,NOW,,115.8000030517578,117.52799987792967,115.8000030517578,116.47599792480467,5395500,Yahoo Finance daily
2023-07-26,us,NOW,,114.78399658203124,117.01799774169922,114.24199676513672,115.4540023803711,9125500,Yahoo Finance daily
2023-07-27,us,NOW,,119.5999984741211,120.13200378417967,111.34200286865234,111.97799682617188,15372000,Yahoo Finance daily
2023-07-28,us,NOW,,113.50800323486328,113.93599700927734,111.8740005493164,113.90799713134766,10209500,Yahoo Finance daily
2023-07-31,us,NOW,,114.76399993896484,116.7300033569336,114.5999984741211,116.5999984741211,8349000,Yahoo Finance daily
2023-08-01,us,NOW,,115.64800262451172,118.3000030517578,115.04199981689452,118.0780029296875,5513000,Yahoo Finance daily
2023-08-02,us,NOW,,115.97799682617188,116.5719985961914,112.20999908447266,112.63400268554688,8727500,Yahoo Finance daily
2023-08-03,us,NOW,,111.59400177001952,112.5019989013672,111.1999969482422,112.08000183105467,4318500,Yahoo Finance daily
2023-08-04,us,NOW,,112.87999725341795,112.99600219726562,110.0019989013672,110.32599639892578,8170500,Yahoo Finance daily
2023-08-07,us,NOW,,111.0719985961914,111.38200378417967,109.81199645996094,110.97799682617188,6136000,Yahoo Finance daily
2023-08-08,us,NOW,,109.39800262451172,110.7519989013672,108.3499984741211,110.56600189208984,5425500,Yahoo Finance daily
2023-08-09,us,NOW,,110.3040008544922,111.0,109.0199966430664,110.06600189208984,4696000,Yahoo Finance daily
2023-08-10,us,NOW,,111.56600189208984,113.21399688720705,110.02799987792967,111.0,5647500,Yahoo Finance daily
2023-08-11,us,NOW,,110.15399932861328,111.71399688720705,110.0019989013672,111.48799896240234,4008500,Yahoo Finance daily
2023-08-14,us,NOW,,110.38600158691406,113.3499984741211,110.1520004272461,113.24199676513672,3854500,Yahoo Finance daily
2023-08-15,us,NOW,,113.4980010986328,114.7959976196289,111.69400024414062,111.91999816894533,4153500,Yahoo Finance daily
2023-08-16,us,NOW,,111.4000015258789,112.1959991455078,109.65399932861328,109.9000015258789,4946000,Yahoo Finance daily
2023-08-17,us,NOW,,110.08999633789062,110.41000366210938,108.14199829101562,108.72799682617188,4951500,Yahoo Finance daily
2023-08-18,us,NOW,,106.79199981689452,108.68000030517578,106.50800323486328,108.3000030517578,4189000,Yahoo Finance daily
2023-08-21,us,NOW,,108.5719985961914,111.06199645996094,108.51000213623048,110.94000244140624,4237500,Yahoo Finance daily
2023-08-22,us,NOW,,111.92400360107422,112.8499984741211,111.26000213623048,112.36399841308594,4448500,Yahoo Finance daily
2023-08-23,us,NOW,,112.8939971923828,115.3939971923828,112.4000015258789,113.5999984741211,5690000,Yahoo Finance daily
2023-08-24,us,NOW,,114.91999816894533,115.17400360107422,109.8939971923828,109.90799713134766,4557000,Yahoo Finance daily
2023-08-25,us,NOW,,110.88800048828124,113.41400146484376,110.27999877929688,112.7300033569336,3402000,Yahoo Finance daily
2023-08-28,us,NOW,,113.3239974975586,114.4000015258789,112.46800231933594,113.66200256347656,2940500,Yahoo Finance daily
2023-08-29,us,NOW,,113.03199768066406,116.18000030517578,112.5999984741211,115.77400207519533,3921000,Yahoo Finance daily
2023-08-30,us,NOW,,115.68399810791016,117.73999786376952,115.31199645996094,117.64800262451172,4278000,Yahoo Finance daily
2023-08-31,us,NOW,,118.0,119.29199981689452,116.9020004272461,117.76599884033205,6656500,Yahoo Finance daily
2023-09-01,us,NOW,,118.7020034790039,119.3239974975586,117.5,118.1760025024414,3633500,Yahoo Finance daily
2023-09-05,us,NOW,,118.1760025024414,119.9260025024414,116.9000015258789,119.43199920654295,3591500,Yahoo Finance daily
2023-09-06,us,NOW,,118.62799835205078,119.8759994506836,118.3219985961914,119.7020034790039,3345000,Yahoo Finance daily
2023-09-07,us,NOW,,118.25399780273438,120.29399871826172,117.87200164794922,119.86399841308594,5200000,Yahoo Finance daily
2023-09-08,us,NOW,,120.0,120.91600036621094,119.41999816894533,120.01399993896484,3640500,Yahoo Finance daily
2023-09-11,us,NOW,,120.6999969482422,121.58000183105467,120.15799713134766,121.18800354003906,4802000,Yahoo Finance daily
2023-09-12,us,NOW,,119.5999984741211,120.7020034790039,117.73799896240234,117.76799774169922,4647000,Yahoo Finance daily
2023-09-13,us,NOW,,117.20999908447266,118.56800079345705,116.70999908447266,118.2760009765625,3193500,Yahoo Finance daily
2023-09-14,us,NOW,,118.69000244140624,118.99600219726562,117.08399963378906,118.02200317382812,3340500,Yahoo Finance daily
2023-09-15,us,NOW,,117.71600341796876,117.86000061035156,115.3000030517578,115.91600036621094,8552000,Yahoo Finance daily
2023-09-18,us,NOW,,115.447998046875,116.87999725341795,115.33399963378906,115.7020034790039,3305000,Yahoo Finance daily
2023-09-19,us,NOW,,115.87000274658205,115.87000274658205,113.30999755859376,114.46600341796876,4148500,Yahoo Finance daily
2023-09-20,us,NOW,,115.0,116.68800354003906,113.9540023803711,114.11000061035156,3884000,Yahoo Finance daily
2023-09-21,us,NOW,,112.6240005493164,112.9800033569336,109.8040008544922,109.90599822998048,5350500,Yahoo Finance daily
2023-09-22,us,NOW,,110.3560028076172,111.78399658203124,110.12200164794922,110.81800079345705,5535500,Yahoo Finance daily
2023-09-25,us,NOW,,110.52400207519533,111.9280014038086,110.26000213623048,111.89600372314452,4007000,Yahoo Finance daily
2023-09-26,us,NOW,,110.71199798583984,110.9499969482422,107.72599792480467,108.9260025024414,7546000,Yahoo Finance daily
2023-09-27,us,NOW,,109.91200256347656,110.3560028076172,108.08000183105467,109.2760009765625,5081000,Yahoo Finance daily
2023-09-28,us,NOW,,106.802001953125,111.2300033569336,105.5999984741211,110.7040023803711,5790000,Yahoo Finance daily
2023-09-29,us,NOW,,112.17400360107422,113.23400115966795,111.7020034790039,111.79199981689452,6685000,Yahoo Finance daily
2023-10-02,us,NOW,,110.9499969482422,112.03399658203124,109.95800018310548,111.0459976196289,4970000,Yahoo Finance daily
2023-10-03,us,NOW,,110.4000015258789,111.2699966430664,107.38200378417967,108.2480010986328,6860000,Yahoo Finance daily
2023-10-04,us,NOW,,108.91600036621094,110.11399841308594,108.3280029296875,109.72799682617188,3525000,Yahoo Finance daily
2023-10-05,us,NOW,,108.96600341796876,109.7020034790039,107.20999908447266,109.43399810791016,3314500,Yahoo Finance daily
2023-10-06,us,NOW,,108.5780029296875,113.11599731445312,107.8040008544922,112.1439971923828,5907500,Yahoo Finance daily
2023-10-09,us,NOW,,110.97799682617188,113.12999725341795,110.69000244140624,112.88600158691406,4041000,Yahoo Finance daily
2023-10-10,us,NOW,,111.21199798583984,112.93599700927734,109.4000015258789,111.66000366210938,7040500,Yahoo Finance daily
2023-10-11,us,NOW,,112.0,113.04000091552734,110.3280029296875,111.73400115966795,4394000,Yahoo Finance daily
2023-10-12,us,NOW,,112.1520004272461,113.97799682617188,110.9000015258789,112.02999877929688,4123000,Yahoo Finance daily
2023-10-13,us,NOW,,111.7519989013672,112.75800323486328,109.81199645996094,109.93199920654295,3885000,Yahoo Finance daily
2023-10-16,us,NOW,,109.93199920654295,111.54000091552734,109.3000030517578,110.32599639892578,4157500,Yahoo Finance daily
2023-10-17,us,NOW,,109.93199920654295,114.8499984741211,109.76000213623048,113.69400024414062,6986500,Yahoo Finance daily
2023-10-18,us,NOW,,112.55999755859376,113.5999984741211,109.97200012207033,110.13600158691406,4361500,Yahoo Finance daily
2023-10-19,us,NOW,,111.68800354003906,113.68199920654295,111.32599639892578,111.99600219726562,5364500,Yahoo Finance daily
2023-10-20,us,NOW,,111.31999969482422,111.48400115966795,107.23400115966795,108.5019989013672,7092000,Yahoo Finance daily
2023-10-23,us,NOW,,107.4000015258789,109.06800079345705,106.10800170898438,108.2760009765625,4715000,Yahoo Finance daily
2023-10-24,us,NOW,,109.14199829101562,111.38800048828124,108.85199737548828,110.87799835205078,6635500,Yahoo Finance daily
2023-10-25,us,NOW,,109.8740005493164,110.41999816894533,105.447998046875,106.03399658203124,10044500,Yahoo Finance daily
2023-10-26,us,NOW,,112.0,115.8000030517578,109.77200317382812,110.19000244140624,17740000,Yahoo Finance daily
2023-10-27,us,NOW,,111.29199981689452,112.8000030517578,109.68800354003906,110.802001953125,8779000,Yahoo Finance daily
2023-10-30,us,NOW,,111.91999816894533,114.43399810791016,111.61799621582033,113.70800018310548,7241000,Yahoo Finance daily
2023-10-31,us,NOW,,114.17400360107422,116.96800231933594,112.9800033569336,116.37000274658205,8077500,Yahoo Finance daily
2023-11-01,us,NOW,,116.1999969482422,119.01799774169922,116.08799743652344,118.6959991455078,8847000,Yahoo Finance daily
2023-11-02,us,NOW,,120.24199676513672,122.17400360107422,119.68000030517578,119.88600158691406,8792000,Yahoo Finance daily
2023-11-03,us,NOW,,120.11599731445312,122.35800170898438,118.49600219726562,121.35199737548828,7391000,Yahoo Finance daily
2023-11-06,us,NOW,,121.6999969482422,122.1959991455078,120.48999786376952,121.8499984741211,4424500,Yahoo Finance daily
2023-11-07,us,NOW,,122.07599639892578,125.17400360107422,122.07599639892578,122.78199768066406,8289500,Yahoo Finance daily
2023-11-08,us,NOW,,123.21600341796876,125.23799896240234,123.1999969482422,125.06600189208984,8511500,Yahoo Finance daily
2023-11-09,us,NOW,,125.0199966430664,126.4980010986328,123.86399841308594,123.9520034790039,6075500,Yahoo Finance daily
2023-11-10,us,NOW,,123.9520034790039,127.28600311279295,123.10800170898438,126.9520034790039,5118000,Yahoo Finance daily
2023-11-13,us,NOW,,126.75599670410156,127.9520034790039,126.4499969482422,127.68199920654295,4983500,Yahoo Finance daily
2023-11-14,us,NOW,,129.49600219726562,131.3679962158203,129.3000030517578,130.83399963378906,6756000,Yahoo Finance daily
2023-11-15,us,NOW,,130.8939971923828,131.98800659179688,129.79400634765625,130.17999267578125,6167500,Yahoo Finance daily
2023-11-16,us,NOW,,130.0,131.36000061035156,129.6060028076172,130.45599365234375,5238500,Yahoo Finance daily
2023-11-17,us,NOW,,130.38999938964844,130.93600463867188,129.6580047607422,130.8719940185547,3963000,Yahoo Finance daily
2023-11-20,us,NOW,,130.8000030517578,133.70799255371094,130.51800537109375,133.38400268554688,5397000,Yahoo Finance daily
2023-11-21,us,NOW,,132.95199584960938,134.1280059814453,132.302001953125,133.67999267578125,4631000,Yahoo Finance daily
2023-11-22,us,NOW,,134.53599548339844,135.6060028076172,133.45599365234375,133.9320068359375,4440500,Yahoo Finance daily
2023-11-24,us,NOW,,134.1060028076172,134.8939971923828,133.75999450683594,134.77999877929688,2250000,Yahoo Finance daily
2023-11-27,us,NOW,,134.39999389648438,135.52200317382812,133.91400146484375,134.11000061035156,5050000,Yahoo Finance daily
2023-11-28,us,NOW,,133.5260009765625,134.52000427246094,132.2779998779297,133.04800415039062,7603000,Yahoo Finance daily
2023-11-29,us,NOW,,134.1999969482422,136.45799255371094,134.1999969482422,135.78599548339844,7326500,Yahoo Finance daily
2023-11-30,us,NOW,,136.39999389648438,137.7779998779297,135.76400756835938,137.1479949951172,9164500,Yahoo Finance daily
2023-12-01,us,NOW,,137.08999633789062,138.95399475097656,136.656005859375,138.1580047607422,7266500,Yahoo Finance daily
2023-12-04,us,NOW,,136.8000030517578,138.79800415039062,136.14199829101562,137.5240020751953,5830500,Yahoo Finance daily
2023-12-05,us,NOW,,135.88600158691406,137.92799377441406,135.447998046875,137.6439971923828,4575000,Yahoo Finance daily
2023-12-06,us,NOW,,138.0,139.0780029296875,137.14599609375,137.24600219726562,4004500,Yahoo Finance daily
2023-12-07,us,NOW,,137.1199951171875,137.85000610351562,136.05999755859375,137.53599548339844,3256000,Yahoo Finance daily
2023-12-08,us,NOW,,137.88999938964844,140.2220001220703,137.71200561523438,139.8159942626953,5418500,Yahoo Finance daily
2023-12-11,us,NOW,,139.82200622558594,141.7740020751953,139.63999938964844,141.0240020751953,5293500,Yahoo Finance daily
2023-12-12,us,NOW,,141.0240020751953,143.57400512695312,140.89599609375,143.29600524902344,4517500,Yahoo Finance daily
2023-12-13,us,NOW,,143.39999389648438,144.13600158691406,142.00999450683594,143.1280059814453,6058500,Yahoo Finance daily
2023-12-14,us,NOW,,142.0,142.4199981689453,135.60000610351562,136.0780029296875,15116000,Yahoo Finance daily
2023-12-15,us,NOW,,135.052001953125,139.96200561523438,134.8040008544922,139.6479949951172,10913000,Yahoo Finance daily
2023-12-18,us,NOW,,140.4040069580078,141.86000061035156,139.18800354003906,140.74400329589844,5616500,Yahoo Finance daily
2023-12-19,us,NOW,,141.13999938964844,141.697998046875,140.0,141.54200744628906,4526500,Yahoo Finance daily
2023-12-20,us,NOW,,140.81399536132812,141.57200622558594,138.72000122070312,138.75999450683594,4705500,Yahoo Finance daily
2023-12-21,us,NOW,,140.14999389648438,140.7100067138672,138.19400024414062,140.15199279785156,3935500,Yahoo Finance daily
2023-12-22,us,NOW,,140.77000427246094,140.77000427246094,138.88400268554688,139.50999450683594,2465000,Yahoo Finance daily
2023-12-26,us,NOW,,140.03399658203125,140.91200256347656,139.74200439453125,140.24600219726562,2319500,Yahoo Finance daily
2023-12-27,us,NOW,,140.26199340820312,140.90199279785156,139.82000732421875,140.7519989013672,1948500,Yahoo Finance daily
2023-12-28,us,NOW,,141.3280029296875,141.50599670410156,140.26600646972656,140.49200439453125,2510500,Yahoo Finance daily
2023-12-29,us,NOW,,141.39999389648438,142.3179931640625,140.11199951171875,141.29800415039062,4628500,Yahoo Finance daily
2024-01-02,us,NOW,,139.41000366210938,139.8719940185547,135.08599853515625,137.50399780273438,5654500,Yahoo Finance daily
2024-01-03,us,NOW,,135.15199279785156,137.48800659179688,134.80599975585938,135.05999755859375,4415000,Yahoo Finance daily
2024-01-04,us,NOW,,134.95399475097656,135.83799743652344,134.24400329589844,134.37399291992188,4571500,Yahoo Finance daily
2024-01-05,us,NOW,,134.42599487304688,136.156005859375,134.42599487304688,135.23199462890625,3618000,Yahoo Finance daily
2024-01-08,us,NOW,,136.84800720214844,139.56399536132812,136.49200439453125,139.2519989013672,5991000,Yahoo Finance daily
2024-01-09,us,NOW,,138.77200317382812,140.24000549316406,138.1999969482422,139.73399353027344,4920500,Yahoo Finance daily
2024-01-10,us,NOW,,141.5,143.38400268554688,140.25,142.86000061035156,5059500,Yahoo Finance daily
2024-01-11,us,NOW,,144.51199340820312,146.86000061035156,143.6820068359375,145.29200744628906,6153500,Yahoo Finance daily
2024-01-12,us,NOW,,144.9600067138672,146.1999969482422,143.7519989013672,145.83599853515625,4164500,Yahoo Finance daily
2024-01-16,us,NOW,,146.0,146.8000030517578,145.0019989013672,145.51199340820312,4675500,Yahoo Finance daily
2024-01-17,us,NOW,,145.1999969482422,145.79800415039062,142.86199951171875,145.50799560546875,3369000,Yahoo Finance daily
2024-01-18,us,NOW,,148.48399353027344,149.49600219726562,147.093994140625,149.19200134277344,6491000,Yahoo Finance daily
2024-01-19,us,NOW,,150.08799743652344,150.6320037841797,148.96400451660156,149.82200622558594,6790000,Yahoo Finance daily
2024-01-22,us,NOW,,152.03799438476562,153.36199951171875,150.41200256347656,150.49000549316406,8125000,Yahoo Finance daily
2024-01-23,us,NOW,,150.42999267578125,150.87399291992188,148.61000061035156,150.6840057373047,5723000,Yahoo Finance daily
2024-01-24,us,NOW,,154.17999267578125,155.19200134277344,152.25399780273438,152.6840057373047,14085500,Yahoo Finance daily
2024-01-25,us,NOW,,156.0,156.7760009765625,151.45799255371094,153.33799743652344,15638000,Yahoo Finance daily
2024-01-26,us,NOW,,153.4199981689453,156.76600646972656,152.9040069580078,153.88800048828125,8999500,Yahoo Finance daily
2024-01-29,us,NOW,,153.86399841308594,157.61000061035156,153.8000030517578,157.447998046875,6653000,Yahoo Finance daily
2024-01-30,us,NOW,,157.46600341796875,157.98399353027344,155.79200744628906,157.14599609375,5406000,Yahoo Finance daily
2024-01-31,us,NOW,,155.5780029296875,155.5780029296875,151.50599670410156,153.0800018310547,6822000,Yahoo Finance daily
2024-02-01,us,NOW,,153.8179931640625,154.58599853515625,152.81199645996094,154.1999969482422,4431500,Yahoo Finance daily
2024-02-02,us,NOW,,154.79400634765625,157.39999389648438,154.4199981689453,156.25999450683594,4874000,Yahoo Finance daily
2024-02-05,us,NOW,,156.39999389648438,157.2899932861328,154.2239990234375,156.96800231933594,5402500,Yahoo Finance daily
2024-02-06,us,NOW,,157.7760009765625,157.82000732421875,153.17599487304688,155.49000549316406,5487500,Yahoo Finance daily
2024-02-07,us,NOW,,156.56199645996094,158.69400024414062,156.52000427246094,158.0780029296875,4558500,Yahoo Finance daily
2024-02-08,us,NOW,,158.39999389648438,160.05999755859375,158.16799926757812,159.8820037841797,4465000,Yahoo Finance daily
2024-02-09,us,NOW,,160.47000122070312,163.06399536132812,160.47000122070312,162.58799743652344,4547500,Yahoo Finance daily
2024-02-12,us,NOW,,162.82000732421875,163.0,156.57000732421875,157.47000122070312,6206000,Yahoo Finance daily
2024-02-13,us,NOW,,153.0,156.0959930419922,150.04600524902344,154.7519989013672,8929500,Yahoo Finance daily
2024-02-14,us,NOW,,157.0,158.45599365234375,155.25799560546875,158.39999389648438,3870500,Yahoo Finance daily
2024-02-15,us,NOW,,159.0,159.69000244140625,155.9739990234375,156.0,5283000,Yahoo Finance daily
2024-02-16,us,NOW,,154.85400390625,155.89999389648438,152.9340057373047,153.0,5708500,Yahoo Finance daily
2024-02-20,us,NOW,,150.61599731445312,151.8560028076172,147.54800415039062,150.5679931640625,7427500,Yahoo Finance daily
2024-02-21,us,NOW,,147.3979949951172,149.71600341796875,146.10400390625,149.58799743652344,4376000,Yahoo Finance daily
2024-02-22,us,NOW,,155.0,158.37399291992188,153.5260009765625,153.8419952392578,10731000,Yahoo Finance daily
2024-02-23,us,NOW,,155.07000732421875,156.99400329589844,153.3159942626953,154.19400024414062,6486000,Yahoo Finance daily
2024-02-26,us,NOW,,154.93800354003906,158.1179962158203,154.89999389648438,155.9320068359375,5604000,Yahoo Finance daily
2024-02-27,us,NOW,,156.45199584960938,156.79800415039062,151.39199829101562,153.42799377441406,7070000,Yahoo Finance daily
2024-02-28,us,NOW,,152.70199584960938,152.74600219726562,150.8000030517578,151.95799255371094,6333500,Yahoo Finance daily
2024-02-29,us,NOW,,153.41000366210938,154.66400146484375,152.5959930419922,154.26800537109375,7431000,Yahoo Finance daily
2024-03-01,us,NOW,,154.39999389648438,155.66000366210938,153.6739959716797,154.7259979248047,4563000,Yahoo Finance daily
2024-03-04,us,NOW,,154.60000610351562,155.5760040283203,152.947998046875,155.21800231933594,4933500,Yahoo Finance daily
2024-03-05,us,NOW,,153.24600219726562,153.44400024414062,146.02999877929688,148.02999877929688,9787500,Yahoo Finance daily
2024-03-06,us,NOW,,150.1020050048828,150.47799682617188,146.52999877929688,148.21200561523438,6735000,Yahoo Finance daily
2024-03-07,us,NOW,,149.69400024414062,153.78599548339844,147.0540008544922,153.61599731445312,7934500,Yahoo Finance daily
2024-03-08,us,NOW,,153.82000732421875,155.51400756835938,150.04600524902344,151.53599548339844,5134500,Yahoo Finance daily
2024-03-11,us,NOW,,150.39999389648438,151.83999633789062,148.89599609375,151.34800720214844,4560500,Yahoo Finance daily
2024-03-12,us,NOW,,152.86399841308594,158.60000610351562,152.5959930419922,157.91200256347656,7651500,Yahoo Finance daily
2024-03-13,us,NOW,,159.01199340820312,161.5540008544922,155.0,155.37600708007812,6127000,Yahoo Finance daily
2024-03-14,us,NOW,,157.62600708007812,158.0,154.62399291992188,155.8979949951172,4430500,Yahoo Finance daily
2024-03-15,us,NOW,,152.31199645996094,152.39999389648438,147.1999969482422,148.78199768066406,12695500,Yahoo Finance daily
2024-03-18,us,NOW,,150.0,151.93800354003906,149.62399291992188,151.16000366210938,4723500,Yahoo Finance daily
2024-03-19,us,NOW,,150.0,151.66400146484375,148.55999755859375,151.38800048828125,6121500,Yahoo Finance daily
2024-03-20,us,NOW,,152.12399291992188,153.63600158691406,151.00999450683594,153.51199340820312,3517500,Yahoo Finance daily
2024-03-21,us,NOW,,156.0,157.17599487304688,154.3159942626953,154.63600158691406,6312500,Yahoo Finance daily
2024-03-22,us,NOW,,154.947998046875,155.97799682617188,153.86399841308594,154.8300018310547,4425500,Yahoo Finance daily
2024-03-25,us,NOW,,153.61000061035156,155.1820068359375,151.8520050048828,154.92799377441406,3604000,Yahoo Finance daily
2024-03-26,us,NOW,,155.79800415039062,157.75999450683594,155.302001953125,155.71400451660156,4550500,Yahoo Finance daily
2024-03-27,us,NOW,,156.76600646972656,157.26600646972656,150.6999969482422,151.8000030517578,7007500,Yahoo Finance daily
2024-03-28,us,NOW,,151.92999267578125,153.7519989013672,151.14999389648438,152.47999572753906,5418500,Yahoo Finance daily
2024-04-01,us,NOW,,152.79800415039062,154.6179962158203,151.81399536132812,153.6739959716797,3582000,Yahoo Finance daily
2024-04-02,us,NOW,,151.01800537109375,151.9320068359375,149.64599609375,151.39999389648438,3845000,Yahoo Finance daily
2024-04-03,us,NOW,,150.5,152.94000244140625,150.3000030517578,151.83200073242188,2821000,Yahoo Finance daily
2024-04-04,us,NOW,,153.67999267578125,156.4499969482422,151.48399353027344,151.50999450683594,5110000,Yahoo Finance daily
2024-04-05,us,NOW,,151.68600463867188,158.37600708007812,151.68600463867188,156.6999969482422,6432000,Yahoo Finance daily
2024-04-08,us,NOW,,156.66799926757812,157.9980010986328,154.48199462890625,157.1199951171875,4996000,Yahoo Finance daily
2024-04-09,us,NOW,,158.6540069580078,159.08799743652344,154.30599975585938,156.44400024414062,3951000,Yahoo Finance daily
2024-04-10,us,NOW,,153.8000030517578,154.99000549316406,152.82000732421875,153.83799743652344,4304000,Yahoo Finance daily
2024-04-11,us,NOW,,154.0,155.1959991455078,152.27999877929688,154.26800537109375,3741500,Yahoo Finance daily
2024-04-12,us,NOW,,152.44000244140625,154.99200439453125,152.19000244140625,153.74200439453125,4799500,Yahoo Finance daily
2024-04-15,us,NOW,,153.8000030517578,154.3260040283203,147.0919952392578,147.16200256347656,5858000,Yahoo Finance daily
2024-04-16,us,NOW,,147.60000610351562,149.8000030517578,147.0679931640625,148.95599365234375,5429000,Yahoo Finance daily
2024-04-17,us,NOW,,149.3560028076172,149.79800415039062,146.99000549316406,147.2899932861328,3607500,Yahoo Finance daily
2024-04-18,us,NOW,,147.3800048828125,147.97799682617188,145.47000122070312,146.27200317382812,3943500,Yahoo Finance daily
2024-04-19,us,NOW,,145.0,145.20599365234375,141.70599365234375,142.78199768066406,7703000,Yahoo Finance daily
2024-04-22,us,NOW,,144.64999389648438,144.9980010986328,142.12399291992188,144.38999938964844,7321000,Yahoo Finance daily
2024-04-23,us,NOW,,145.44000244140625,148.73399353027344,145.44000244140625,148.19000244140625,5824500,Yahoo Finance daily
2024-04-24,us,NOW,,150.79400634765625,151.4499969482422,147.8260040283203,149.25799560546875,8528000,Yahoo Finance daily
2024-04-25,us,NOW,,142.97799682617188,143.406005859375,137.8000030517578,143.25,16932500,Yahoo Finance daily
2024-04-26,us,NOW,,144.7519989013672,146.94200134277344,143.97000122070312,144.7100067138672,7229500,Yahoo Finance daily
2024-04-29,us,NOW,,144.65199279785156,145.66000366210938,142.70399475097656,144.23199462890625,3546000,Yahoo Finance daily
2024-04-30,us,NOW,,143.3300018310547,143.49400329589844,138.43800354003906,138.66600036621094,9977500,Yahoo Finance daily
2024-05-01,us,NOW,,138.74200439453125,140.13999938964844,136.7779998779297,137.1219940185547,6665000,Yahoo Finance daily
2024-05-02,us,NOW,,138.60000610351562,139.21400451660156,137.0,139.1439971923828,5796000,Yahoo Finance daily
2024-05-03,us,NOW,,141.99600219726562,144.92999267578125,141.0,143.3300018310547,7185500,Yahoo Finance daily
2024-05-06,us,NOW,,143.9980010986328,145.3280029296875,143.6820068359375,145.31199645996094,5954500,Yahoo Finance daily
2024-05-07,us,NOW,,146.0,146.0,139.91000366210938,142.66600036621094,7762500,Yahoo Finance daily
2024-05-08,us,NOW,,143.27000427246094,144.38999938964844,142.95399475097656,144.20599365234375,5739500,Yahoo Finance daily
2024-05-09,us,NOW,,144.11599731445312,145.8000030517578,143.59800720214844,144.58799743652344,5251500,Yahoo Finance daily
2024-05-10,us,NOW,,145.0,146.7100067138672,145.0,145.95799255371094,4103500,Yahoo Finance daily
2024-05-13,us,NOW,,146.57000732421875,146.57000732421875,144.58999633789062,146.0240020751953,4350000,Yahoo Finance daily
2024-05-14,us,NOW,,146.0,147.39999389648438,143.5540008544922,144.32400512695312,5496000,Yahoo Finance daily
2024-05-15,us,NOW,,146.0,152.26199340820312,145.51199340820312,152.11399841308594,7530500,Yahoo Finance daily
2024-05-16,us,NOW,,152.69000244140625,153.82200622558594,151.48399353027344,151.6020050048828,5470500,Yahoo Finance daily
2024-05-17,us,NOW,,153.0,153.1959991455078,151.50799560546875,153.00999450683594,4439000,Yahoo Finance daily
2024-05-20,us,NOW,,152.70599365234375,154.96800231933594,152.447998046875,154.83599853515625,3674000,Yahoo Finance daily
2024-05-21,us,NOW,,155.0,155.58599853515625,152.78199768066406,155.41000366210938,3920500,Yahoo Finance daily
2024-05-22,us,NOW,,156.0,156.86599731445312,153.8939971923828,154.16600036621094,4228500,Yahoo Finance daily
2024-05-23,us,NOW,,156.33599853515625,156.33599853515625,151.20599365234375,151.6300048828125,4307500,Yahoo Finance daily
2024-05-24,us,NOW,,149.8719940185547,149.94400024414062,147.2740020751953,147.70199584960938,6783500,Yahoo Finance daily
2024-05-28,us,NOW,,147.7760009765625,147.79600524902344,143.66200256347656,145.77200317382812,7735000,Yahoo Finance daily
2024-05-29,us,NOW,,144.39999389648438,147.57200622558594,144.28799438476562,146.2239990234375,4388500,Yahoo Finance daily
2024-05-30,us,NOW,,138.197998046875,138.51400756835938,128.03399658203125,128.6580047607422,25471500,Yahoo Finance daily
2024-05-31,us,NOW,,130.35800170898438,131.50799560546875,127.5979995727539,131.38600158691406,21509000,Yahoo Finance daily
2024-06-03,us,NOW,,131.9600067138672,132.87399291992188,129.08999633789062,132.02200317382812,9538500,Yahoo Finance daily
2024-06-04,us,NOW,,131.72000122070312,134.9199981689453,131.20399475097656,134.39999389648438,12456000,Yahoo Finance daily
2024-06-05,us,NOW,,136.69000244140625,141.1439971923828,135.23800659179688,140.82200622558594,13989500,Yahoo Finance daily
2024-06-06,us,NOW,,141.24600219726562,142.4720001220703,139.9459991455078,140.6320037841797,7054500,Yahoo Finance daily
2024-06-07,us,NOW,,140.1020050048828,140.79800415039062,137.70199584960938,139.76199340820312,5612500,Yahoo Finance daily
2024-06-10,us,NOW,,139.46400451660156,142.1280059814453,138.71200561523438,141.8300018310547,4652000,Yahoo Finance daily
2024-06-11,us,NOW,,142.3459930419922,143.8000030517578,141.37399291992188,142.4080047607422,5305000,Yahoo Finance daily
2024-06-12,us,NOW,,144.45199584960938,145.89999389648438,144.16600036621094,144.3000030517578,6480500,Yahoo Finance daily
2024-06-13,us,NOW,,144.39999389648438,145.56399536132812,141.83399963378906,141.95199584960938,5596500,Yahoo Finance daily
2024-06-14,us,NOW,,143.1199951171875,146.10000610351562,143.1199951171875,145.71600341796875,4790000,Yahoo Finance daily
2024-06-17,us,NOW,,144.6840057373047,145.86599731445312,143.80999755859375,145.10000610351562,5374500,Yahoo Finance daily
2024-06-18,us,NOW,,144.57200622558594,146.9040069580078,144.1540069580078,146.03399658203125,5932000,Yahoo Finance daily
2024-06-20,us,NOW,,148.39999389648438,148.45199584960938,145.88400268554688,146.86199951171875,5920000,Yahoo Finance daily
2024-06-21,us,NOW,,147.98800659179688,150.10800170898438,146.7239990234375,149.86599731445312,8611500,Yahoo Finance daily
2024-06-24,us,NOW,,148.39999389648438,149.63600158691406,147.53799438476562,147.91799926757812,6070500,Yahoo Finance daily
2024-06-25,us,NOW,,149.0,151.28199768066406,148.4759979248047,150.96200561523438,5154000,Yahoo Finance daily
2024-06-26,us,NOW,,150.8000030517578,152.2740020751953,150.1580047607422,150.78199768066406,4930000,Yahoo Finance daily
2024-06-27,us,NOW,,151.64199829101562,156.0,151.33399963378906,154.8260040283203,5907000,Yahoo Finance daily
2024-06-28,us,NOW,,155.08599853515625,157.99400329589844,154.17599487304688,157.33399963378906,8609000,Yahoo Finance daily
2024-07-01,us,NOW,,156.8000030517578,158.0959930419922,154.156005859375,157.79200744628906,5606500,Yahoo Finance daily
2024-07-02,us,NOW,,156.99600219726562,158.8300018310547,156.32400512695312,158.82200622558594,4378000,Yahoo Finance daily
2024-07-03,us,NOW,,158.73399353027344,159.19000244140625,157.03799438476562,157.1840057373047,2887500,Yahoo Finance daily
2024-07-05,us,NOW,,157.6840057373047,161.3040008544922,157.1840057373047,161.29400634765625,5966000,Yahoo Finance daily
2024-07-08,us,NOW,,152.6999969482422,155.3300018310547,152.28799438476562,153.24000549316406,10606500,Yahoo Finance daily
2024-07-09,us,NOW,,150.19200134277344,152.00399780273438,147.40199279785156,148.802001953125,12166500,Yahoo Finance daily
2024-07-10,us,NOW,,148.11199951171875,148.67599487304688,146.30999755859375,148.6300048828125,7494000,Yahoo Finance daily
2024-07-11,us,NOW,,149.1999969482422,151.3000030517578,148.26600646972656,149.8280029296875,6408000,Yahoo Finance daily
2024-07-12,us,NOW,,149.8000030517578,152.52000427246094,148.8000030517578,151.697998046875,4547500,Yahoo Finance daily
2024-07-15,us,NOW,,153.38999938964844,155.29600524902344,151.85000610351562,153.57000732421875,4554500,Yahoo Finance daily
2024-07-16,us,NOW,,153.57000732421875,154.00799560546875,150.90199279785156,152.1580047607422,4983000,Yahoo Finance daily
2024-07-17,us,NOW,,148.0,149.2740020751953,146.0399932861328,147.21400451660156,7278500,Yahoo Finance daily
2024-07-18,us,NOW,,147.66799926757812,150.11599731445312,146.02000427246094,147.75399780273438,7589500,Yahoo Finance daily
2024-07-19,us,NOW,,148.93800354003906,151.17599487304688,147.60000610351562,150.24000549316406,5935000,Yahoo Finance daily
2024-07-22,us,NOW,,150.96200561523438,152.88800048828125,150.75399780273438,151.3000030517578,5258000,Yahoo Finance daily
2024-07-23,us,NOW,,152.69400024414062,155.19400024414062,152.1320037841797,153.10400390625,5036500,Yahoo Finance daily
2024-07-24,us,NOW,,151.0,151.49600219726562,145.8459930419922,146.1739959716797,10473500,Yahoo Finance daily
2024-07-25,us,NOW,,157.86599731445312,170.0659942626953,156.60800170898438,165.75799560546875,32749000,Yahoo Finance daily
2024-07-26,us,NOW,,165.1699981689453,169.3719940185547,163.61399841308594,165.52200317382812,12050500,Yahoo Finance daily
2024-07-29,us,NOW,,165.8000030517578,166.10000610351562,159.7100067138672,159.81199645996094,9887500,Yahoo Finance daily
2024-07-30,us,NOW,,161.1479949951172,161.1479949951172,156.91799926757812,159.75999450683594,5955500,Yahoo Finance daily
2024-07-31,us,NOW,,163.23199462890625,164.29200744628906,161.0,162.8780059814453,6568500,Yahoo Finance daily
2024-08-01,us,NOW,,163.77200317382812,167.71800231933594,160.4239959716797,162.2760009765625,6691500,Yahoo Finance daily
2024-08-02,us,NOW,,158.1719970703125,158.62600708007812,153.0919952392578,158.1280059814453,7844500,Yahoo Finance daily
2024-08-05,us,NOW,,151.4080047607422,158.19000244140625,149.22000122070312,156.25399780273438,10098500,Yahoo Finance daily
2024-08-06,us,NOW,,157.39999389648438,162.85800170898438,156.25599670410156,158.58999633789062,7729000,Yahoo Finance daily
2024-08-07,us,NOW,,161.1280059814453,163.30799865722656,154.98599243164062,155.25599670410156,5312000,Yahoo Finance daily
2024-08-08,us,NOW,,158.39999389648438,160.5399932861328,157.35400390625,159.22799682617188,7245500,Yahoo Finance daily
2024-08-09,us,NOW,,159.22799682617188,163.20199584960938,159.22799682617188,162.21600341796875,3997500,Yahoo Finance daily
2024-08-12,us,NOW,,162.21600341796875,162.96600341796875,160.01400756835938,161.32400512695312,2698000,Yahoo Finance daily
2024-08-13,us,NOW,,162.39999389648438,164.57400512695312,162.1199951171875,163.75999450683594,3829000,Yahoo Finance daily
2024-08-14,us,NOW,,164.39999389648438,165.41000366210938,163.10000610351562,163.8040008544922,4164500,Yahoo Finance daily
2024-08-15,us,NOW,,165.0,167.0,164.73599243164062,166.4219970703125,5828000,Yahoo Finance daily
2024-08-16,us,NOW,,165.85000610351562,166.20799255371094,164.77000427246094,165.51199340820312,4177500,Yahoo Finance daily
2024-08-19,us,NOW,,165.1840057373047,166.74400329589844,164.23800659179688,166.5760040283203,3207500,Yahoo Finance daily
2024-08-20,us,NOW,,167.0,168.65199279785156,166.41600036621094,167.6439971923828,3923500,Yahoo Finance daily
2024-08-21,us,NOW,,166.70599365234375,168.08399963378906,166.0,167.83599853515625,3049500,Yahoo Finance daily
2024-08-22,us,NOW,,168.0,168.50999450683594,163.9040069580078,164.18600463867188,3532500,Yahoo Finance daily
2024-08-23,us,NOW,,166.0,166.89999389648438,163.0,165.6540069580078,3510500,Yahoo Finance daily
2024-08-26,us,NOW,,165.93600463867188,167.3520050048828,165.09800720214844,165.57200622558594,2681500,Yahoo Finance daily
2024-08-27,us,NOW,,164.63400268554688,167.14199829101562,164.63400268554688,166.34800720214844,2407500,Yahoo Finance daily
2024-08-28,us,NOW,,166.33799743652344,166.53599548339844,161.79200744628906,162.82200622558594,4323000,Yahoo Finance daily
2024-08-29,us,NOW,,164.4600067138672,169.8000030517578,164.4600067138672,166.25399780273438,6228000,Yahoo Finance daily
2024-08-30,us,NOW,,167.3520050048828,171.4499969482422,167.16799926757812,171.0,9605000,Yahoo Finance daily
2024-09-03,us,NOW,,171.27999877929688,172.77000427246094,166.1739959716797,167.1719970703125,6307500,Yahoo Finance daily
2024-09-04,us,NOW,,165.94400024414062,167.27999877929688,164.2480010986328,166.96600341796875,3544500,Yahoo Finance daily
2024-09-05,us,NOW,,165.3300018310547,168.07200622558594,165.00999450683594,167.0800018310547,3944500,Yahoo Finance daily
2024-09-06,us,NOW,,167.802001953125,169.6840057373047,163.79600524902344,165.00799560546875,5354000,Yahoo Finance daily
2024-09-09,us,NOW,,166.697998046875,171.39999389648438,165.3939971923828,171.11599731445312,5645500,Yahoo Finance daily
2024-09-10,us,NOW,,172.14199829101562,173.2899932861328,169.4980010986328,172.02999877929688,4419500,Yahoo Finance daily
2024-09-11,us,NOW,,171.6540069580078,175.5240020751953,168.3699951171875,175.19200134277344,5012000,Yahoo Finance daily
2024-09-12,us,NOW,,176.00599670410156,177.9040069580078,174.25599670410156,177.2259979248047,4708500,Yahoo Finance daily
2024-09-13,us,NOW,,176.35400390625,176.89999389648438,174.5760040283203,175.7899932861328,4564500,Yahoo Finance daily
2024-09-16,us,NOW,,177.0,179.59800720214844,175.9459991455078,178.49200439453125,5411500,Yahoo Finance daily
2024-09-17,us,NOW,,178.1300048828125,179.9219970703125,176.55999755859375,177.16600036621094,5169500,Yahoo Finance daily
2024-09-18,us,NOW,,177.552001953125,179.94200134277344,176.4600067138672,178.0780029296875,4906000,Yahoo Finance daily
2024-09-19,us,NOW,,181.6000061035156,184.3939971923828,180.57200622558597,183.8500061035156,7421500,Yahoo Finance daily
2024-09-20,us,NOW,,184.08399963378903,188.0240020751953,183.4620056152344,187.4720001220703,18046000,Yahoo Finance daily
2024-09-23,us,NOW,,187.37600708007807,189.0919952392578,184.58399963378903,185.1100006103516,6065000,Yahoo Finance daily
2024-09-24,us,NOW,,185.1100006103516,185.38400268554688,181.4980010986328,184.72000122070312,5006500,Yahoo Finance daily
2024-09-25,us,NOW,,179.69400024414062,180.1999969482422,177.302001953125,178.00599670410156,11444000,Yahoo Finance daily
2024-09-26,us,NOW,,178.72999572753906,178.843994140625,174.28599548339844,176.9720001220703,7997500,Yahoo Finance daily
2024-09-27,us,NOW,,176.80799865722656,177.23800659179688,175.2740020751953,176.35800170898438,4533000,Yahoo Finance daily
2024-09-30,us,NOW,,175.8520050048828,178.9600067138672,175.24400329589844,178.8780059814453,4217500,Yahoo Finance daily
2024-10-01,us,NOW,,179.71800231933594,179.71800231933594,173.3260040283203,173.43600463867188,6565500,Yahoo Finance daily
2024-10-02,us,NOW,,173.8000030517578,176.91799926757812,172.6479949951172,176.08200073242188,4666000,Yahoo Finance daily
2024-10-03,us,NOW,,175.60000610351562,178.44200134277344,175.4239959716797,178.1280059814453,5969000,Yahoo Finance daily
2024-10-04,us,NOW,,179.95799255371094,183.6580047607422,179.2779998779297,183.53599548339844,5916000,Yahoo Finance daily
2024-10-07,us,NOW,,183.82400512695312,184.50999450683597,179.98599243164062,181.18800354003903,5618000,Yahoo Finance daily
2024-10-08,us,NOW,,185.19400024414065,188.6000061035156,183.85400390625,184.3999938964844,5904000,Yahoo Finance daily
2024-10-09,us,NOW,,184.3919982910156,188.67999267578125,183.19200134277344,187.72999572753903,5661500,Yahoo Finance daily
2024-10-10,us,NOW,,186.6419982910156,189.8000030517578,186.58599853515625,188.92599487304688,5552500,Yahoo Finance daily
2024-10-11,us,NOW,,188.56399536132807,189.35400390625,187.41799926757807,187.71800231933597,4270500,Yahoo Finance daily
2024-10-14,us,NOW,,189.47799682617188,189.91799926757807,187.1820068359375,188.93800354003903,2837000,Yahoo Finance daily
2024-10-15,us,NOW,,189.05599975585935,189.4499969482422,185.33399963378903,185.5919952392578,5408000,Yahoo Finance daily
2024-10-16,us,NOW,,184.99200439453125,185.3999938964844,182.406005859375,183.7740020751953,5056000,Yahoo Finance daily
2024-10-17,us,NOW,,186.55599975585935,186.6199951171875,183.02200317382807,183.4239959716797,3577500,Yahoo Finance daily
2024-10-18,us,NOW,,184.1999969482422,185.6320037841797,183.4239959716797,184.3500061035156,7113000,Yahoo Finance daily
2024-10-21,us,NOW,,180.3999938964844,183.7259979248047,179.95399475097656,183.66799926757807,7086000,Yahoo Finance daily
2024-10-22,us,NOW,,183.29800415039065,184.8800048828125,182.8719940185547,183.58999633789065,5721500,Yahoo Finance daily
2024-10-23,us,NOW,,183.29400634765625,184.02200317382807,180.2740020751953,181.53599548339844,9249500,Yahoo Finance daily
2024-10-24,us,NOW,,189.6779937744141,195.95599365234372,188.08200073242188,191.3159942626953,17005000,Yahoo Finance daily
2024-10-25,us,NOW,,191.45199584960935,192.98800659179688,189.4340057373047,190.1699981689453,7474000,Yahoo Finance daily
2024-10-28,us,NOW,,191.802001953125,192.0,189.0,189.0,6192500,Yahoo Finance daily
2024-10-29,us,NOW,,190.0,191.56399536132807,187.8860015869141,190.61599731445312,8205500,Yahoo Finance daily
2024-10-30,us,NOW,,190.20599365234372,192.6999969482422,189.89599609375,190.0,4754000,Yahoo Finance daily
2024-10-31,us,NOW,,188.16000366210935,190.8719940185547,185.6699981689453,186.59800720214844,6666500,Yahoo Finance daily
2024-11-01,us,NOW,,187.4720001220703,190.23199462890625,186.1100006103516,188.6820068359375,4926500,Yahoo Finance daily
2024-11-04,us,NOW,,188.80599975585935,192.07400512695312,188.32000732421875,190.91799926757807,4742000,Yahoo Finance daily
2024-11-05,us,NOW,,192.29200744628903,194.77200317382807,191.6660003662109,194.2079925537109,4135000,Yahoo Finance daily
2024-11-06,us,NOW,,198.8000030517578,199.406005859375,196.4199981689453,198.89599609375,6233000,Yahoo Finance daily
2024-11-07,us,NOW,,199.3600006103516,204.88800048828125,199.0,203.05599975585935,6304000,Yahoo Finance daily
2024-11-08,us,NOW,,202.18800354003903,203.99200439453125,201.0039978027344,201.61599731445312,5475000,Yahoo Finance daily
2024-11-11,us,NOW,,202.6000061035156,207.6000061035156,202.6000061035156,207.20199584960935,6535500,Yahoo Finance daily
2024-11-12,us,NOW,,206.156005859375,210.6519927978516,205.4239959716797,209.6580047607422,6458500,Yahoo Finance daily
2024-11-13,us,NOW,,209.6580047607422,212.33200073242188,208.6999969482422,209.1100006103516,6568500,Yahoo Finance daily
2024-11-14,us,NOW,,209.8000030517578,210.8000030517578,206.3999938964844,207.9600067138672,5788500,Yahoo Finance daily
2024-11-15,us,NOW,,204.79400634765625,205.94400024414065,200.6020050048828,202.2779998779297,7492500,Yahoo Finance daily
2024-11-18,us,NOW,,203.30799865722656,204.23599243164065,200.75,201.0679931640625,8753500,Yahoo Finance daily
2024-11-19,us,NOW,,199.53399658203125,205.1660003662109,198.6840057373047,204.4199981689453,9151000,Yahoo Finance daily
2024-11-20,us,NOW,,205.6000061035156,206.33799743652344,201.26199340820312,204.5959930419922,5709500,Yahoo Finance daily
2024-11-21,us,NOW,,206.7259979248047,210.6519927978516,206.197998046875,209.41000366210935,5556500,Yahoo Finance daily
2024-11-22,us,NOW,,210.1999969482422,212.91799926757807,210.0,212.1199951171875,7184500,Yahoo Finance daily
2024-11-25,us,NOW,,212.9199981689453,213.7760009765625,209.8300018310547,210.54200744628903,9651000,Yahoo Finance daily
2024-11-26,us,NOW,,212.0,214.5679931640625,210.89599609375,214.01400756835935,3722000,Yahoo Finance daily
2024-11-27,us,NOW,,212.73800659179688,213.0399932861328,207.6820068359375,208.27999877929688,4884500,Yahoo Finance daily
2024-11-29,us,NOW,,208.47000122070312,210.3999938964844,207.6739959716797,209.88800048828125,2915500,Yahoo Finance daily
2024-12-02,us,NOW,,209.67999267578125,211.06399536132807,209.09800720214844,209.68600463867188,5283000,Yahoo Finance daily
2024-12-03,us,NOW,,208.01800537109372,211.52999877929688,207.3820037841797,211.4640045166016,6421000,Yahoo Finance daily
2024-12-04,us,NOW,,216.73399353027344,225.3260040283203,216.0,224.62600708007807,10315000,Yahoo Finance daily
2024-12-05,us,NOW,,223.0200042724609,226.1199951171875,222.6219940185547,224.74400329589844,5377500,Yahoo Finance daily
2024-12-06,us,NOW,,227.12399291992188,227.3999938964844,224.0,224.8679962158203,4522000,Yahoo Finance daily
2024-12-09,us,NOW,,224.83999633789065,226.8040008544922,221.1419982910156,224.0959930419922,6117000,Yahoo Finance daily
2024-12-10,us,NOW,,222.8040008544922,229.4739990234375,222.8040008544922,225.5679931640625,7996000,Yahoo Finance daily
2024-12-11,us,NOW,,227.2079925537109,231.5800018310547,227.2079925537109,229.43600463867188,6224000,Yahoo Finance daily
2024-12-12,us,NOW,,228.18800354003903,230.93600463867188,227.3999938964844,229.6840057373047,3437000,Yahoo Finance daily
2024-12-13,us,NOW,,226.0,228.3520050048828,222.9199981689453,224.22000122070312,6735500,Yahoo Finance daily
2024-12-16,us,NOW,,223.55999755859372,226.906005859375,222.0,225.98599243164065,5932500,Yahoo Finance daily
2024-12-17,us,NOW,,226.0,226.46800231933597,222.13400268554688,222.94400024414065,6115500,Yahoo Finance daily
2024-12-18,us,NOW,,223.4980010986328,223.77200317382807,211.3979949951172,212.197998046875,7942500,Yahoo Finance daily
2024-12-19,us,NOW,,214.04800415039065,216.16400146484372,212.5039978027344,214.9739990234375,9859000,Yahoo Finance daily
2024-12-20,us,NOW,,212.0,220.57400512695312,211.0,218.25,10130000,Yahoo Finance daily
2024-12-23,us,NOW,,217.1999969482422,218.3999938964844,214.7539978027344,217.6519927978516,3933500,Yahoo Finance daily
2024-12-24,us,NOW,,219.4160003662109,221.30999755859372,218.0,221.11199951171875,2093500,Yahoo Finance daily
2024-12-26,us,NOW,,220.0,221.21600341796875,218.72000122070312,219.82200622558597,2181500,Yahoo Finance daily
2024-12-27,us,NOW,,218.3999938964844,218.91400146484372,212.3999938964844,216.29200744628903,5082500,Yahoo Finance daily
2024-12-30,us,NOW,,213.19400024414065,214.71600341796875,211.04600524902344,213.5399932861328,3600000,Yahoo Finance daily
2024-12-31,us,NOW,,214.6999969482422,214.6999969482422,210.58599853515625,212.0240020751953,4204500,Yahoo Finance daily
2025-01-02,us,NOW,,214.70399475097656,214.74200439453125,208.1999969482422,210.8679962158203,5123000,Yahoo Finance daily
2025-01-03,us,NOW,,211.8600006103516,214.8280029296875,211.343994140625,214.7539978027344,4491500,Yahoo Finance daily
2025-01-06,us,NOW,,216.79400634765625,216.91000366210935,213.71800231933597,215.41000366210935,4254500,Yahoo Finance daily
2025-01-07,us,NOW,,214.82000732421875,217.0,208.8939971923828,210.8300018310547,5667000,Yahoo Finance daily
2025-01-08,us,NOW,,212.37600708007807,212.6000061035156,208.4600067138672,209.8159942626953,7108500,Yahoo Finance daily
2025-01-10,us,NOW,,207.8260040283203,208.30599975585935,203.3500061035156,204.91400146484372,7886500,Yahoo Finance daily
2025-01-13,us,NOW,,202.2259979248047,204.02999877929688,199.8260040283203,203.1479949951172,8563000,Yahoo Finance daily
2025-01-14,us,NOW,,206.8800048828125,207.41200256347656,204.1179962158203,206.25799560546875,6361500,Yahoo Finance daily
2025-01-15,us,NOW,,210.66200256347656,211.91200256347656,208.1959991455078,210.8260040283203,6437500,Yahoo Finance daily
2025-01-16,us,NOW,,211.7079925537109,212.9499969482422,210.51600646972656,211.4320068359375,3164500,Yahoo Finance daily
2025-01-17,us,NOW,,214.51600646972656,216.0,212.3999938964844,214.29600524902344,5409500,Yahoo Finance daily
2025-01-21,us,NOW,,217.74400329589844,220.9739990234375,217.24400329589844,219.3699951171875,7197000,Yahoo Finance daily
2025-01-22,us,NOW,,223.0,226.13999938964844,222.1719970703125,225.03399658203125,8184000,Yahoo Finance daily
2025-01-23,us,NOW,,223.52999877929688,226.83999633789065,222.9499969482422,226.83999633789065,5369500,Yahoo Finance daily
2025-01-24,us,NOW,,228.2239990234375,229.0,223.76199340820312,224.9960021972656,4588500,Yahoo Finance daily
2025-01-27,us,NOW,,223.48399353027344,233.1959991455078,222.1999969482422,228.12399291992188,11206500,Yahoo Finance daily
2025-01-28,us,NOW,,230.0,239.6179962158203,226.3939971923828,234.0780029296875,12188500,Yahoo Finance daily
2025-01-29,us,NOW,,232.1820068359375,234.0780029296875,227.0399932861328,228.7259979248047,13097000,Yahoo Finance daily
2025-01-30,us,NOW,,205.4239959716797,206.1999969482422,198.0,202.5500030517578,31037500,Yahoo Finance daily
2025-01-31,us,NOW,,206.4019927978516,207.1499938964844,202.28399658203125,203.67599487304688,14333500,Yahoo Finance daily
2025-02-03,us,NOW,,201.3000030517578,206.197998046875,199.6100006103516,204.18800354003903,10080000,Yahoo Finance daily
2025-02-04,us,NOW,,207.98199462890625,208.69000244140625,199.6660003662109,202.0260009765625,9594000,Yahoo Finance daily
2025-02-05,us,NOW,,203.07200622558597,205.7700042724609,202.4160003662109,205.41200256347656,6696000,Yahoo Finance daily
2025-02-06,us,NOW,,204.58399963378903,207.05599975585935,203.6580047607422,204.66000366210935,6308500,Yahoo Finance daily
2025-02-07,us,NOW,,205.0,208.47000122070312,200.79200744628903,201.6580047607422,6936000,Yahoo Finance daily
2025-02-10,us,NOW,,203.50999450683597,206.6199951171875,202.25,204.36199951171875,5874500,Yahoo Finance daily
2025-02-11,us,NOW,,203.0,204.2740020751953,200.7879943847656,201.80999755859372,5080000,Yahoo Finance daily
2025-02-12,us,NOW,,199.25,199.6840057373047,196.0,196.47999572753903,8388000,Yahoo Finance daily
2025-02-13,us,NOW,,196.47999572753903,198.3999938964844,194.0959930419922,197.89599609375,7817000,Yahoo Finance daily
2025-02-14,us,NOW,,195.82000732421875,197.8000030517578,193.32000732421875,197.3260040283203,7517000,Yahoo Finance daily
2025-02-18,us,NOW,,197.6000061035156,199.50799560546875,194.8000030517578,199.4960021972656,8363500,Yahoo Finance daily
2025-02-19,us,NOW,,199.4640045166016,200.57000732421875,195.13400268554688,197.4279937744141,8686000,Yahoo Finance daily
2025-02-20,us,NOW,,196.01600646972656,196.11599731445312,191.7740020751953,193.5959930419922,6756000,Yahoo Finance daily
2025-02-21,us,NOW,,192.94000244140625,193.3999938964844,186.6020050048828,187.6820068359375,10021000,Yahoo Finance daily
2025-02-24,us,NOW,,188.80799865722656,188.8999938964844,182.70599365234372,185.51600646972656,8464000,Yahoo Finance daily
2025-02-25,us,NOW,,184.74400329589844,185.3280029296875,179.64199829101562,184.4579925537109,10721500,Yahoo Finance daily
2025-02-26,us,NOW,,185.8600006103516,190.5200042724609,185.1999969482422,188.3919982910156,10012500,Yahoo Finance daily
2025-02-27,us,NOW,,189.6320037841797,190.6699981689453,183.9279937744141,184.19200134277344,7275500,Yahoo Finance daily
2025-02-28,us,NOW,,184.19400024414065,185.9960021972656,181.4900054931641,185.95199584960935,7839500,Yahoo Finance daily
2025-03-03,us,NOW,,187.20199584960935,187.8000030517578,180.53599548339844,182.0619964599609,7729500,Yahoo Finance daily
2025-03-04,us,NOW,,180.0,183.46800231933597,175.38800048828125,181.21800231933597,12295500,Yahoo Finance daily
2025-03-05,us,NOW,,181.0,184.8000030517578,179.67599487304688,183.1580047607422,7701500,Yahoo Finance daily
2025-03-06,us,NOW,,178.0,181.5800018310547,171.64999389648438,173.41799926757812,10821000,Yahoo Finance daily
2025-03-07,us,NOW,,171.3000030517578,174.0,166.54400634765625,170.12600708007812,12640500,Yahoo Finance daily
2025-03-10,us,NOW,,164.67999267578125,166.39999389648438,155.58200073242188,156.76600646972656,19492500,Yahoo Finance daily
2025-03-11,us,NOW,,160.0,165.5959930419922,158.8000030517578,161.67999267578125,14995500,Yahoo Finance daily
2025-03-12,us,NOW,,166.95799255371094,169.85000610351562,164.68600463867188,168.6280059814453,13709000,Yahoo Finance daily
2025-03-13,us,NOW,,166.0,167.0,161.1959991455078,162.32400512695312,9818000,Yahoo Finance daily
2025-03-14,us,NOW,,164.552001953125,169.81199645996094,164.552001953125,168.86599731445312,9266000,Yahoo Finance daily
2025-03-17,us,NOW,,167.8000030517578,171.13600158691406,167.0,168.58599853515625,8284000,Yahoo Finance daily
2025-03-18,us,NOW,,167.48599243164062,167.49400329589844,164.07000732421875,166.0,8840000,Yahoo Finance daily
2025-03-19,us,NOW,,167.14599609375,170.8000030517578,166.00399780273438,168.82400512695312,7809000,Yahoo Finance daily
2025-03-20,us,NOW,,165.447998046875,165.65199279785156,161.83599853515625,164.82400512695312,12965000,Yahoo Finance daily
2025-03-21,us,NOW,,163.22799682617188,165.77999877929688,161.75999450683594,165.5500030517578,14536500,Yahoo Finance daily
2025-03-24,us,NOW,,169.1999969482422,170.6959991455078,168.24400329589844,169.9459991455078,7997500,Yahoo Finance daily
2025-03-25,us,NOW,,171.64599609375,174.197998046875,171.0,172.2760009765625,8216000,Yahoo Finance daily
2025-03-26,us,NOW,,171.26800537109375,172.1020050048828,166.80599975585938,167.7100067138672,6743000,Yahoo Finance daily
2025-03-27,us,NOW,,167.00799560546875,167.99000549316406,164.4340057373047,165.54800415039062,7400000,Yahoo Finance daily
2025-03-28,us,NOW,,164.0,164.20199584960938,157.906005859375,159.552001953125,8792500,Yahoo Finance daily
2025-03-31,us,NOW,,156.3040008544922,159.8000030517578,151.5679931640625,159.22799682617188,14921000,Yahoo Finance daily
2025-04-01,us,NOW,,159.6439971923828,162.5919952392578,158.54600524902344,162.31199645996094,7715000,Yahoo Finance daily
2025-04-02,us,NOW,,158.93600463867188,165.4320068359375,158.93600463867188,164.80599975585938,8132000,Yahoo Finance daily
2025-04-03,us,NOW,,156.5500030517578,157.61199951171875,151.4499969482422,154.81399536132812,10439000,Yahoo Finance daily
2025-04-04,us,NOW,,151.26800537109375,151.75399780273438,143.69000244140625,144.3300018310547,14502000,Yahoo Finance daily
2025-04-07,us,NOW,,137.60000610351562,151.72999572753906,135.73199462890625,147.10000610351562,14391000,Yahoo Finance daily
2025-04-08,us,NOW,,153.6020050048828,155.17599487304688,142.63800048828125,145.52000427246094,10616000,Yahoo Finance daily
2025-04-09,us,NOW,,145.0,166.3280029296875,144.63999938964844,165.19000244140625,15460000,Yahoo Finance daily
2025-04-10,us,NOW,,161.41799926757812,161.9980010986328,152.21600341796875,156.697998046875,10232000,Yahoo Finance daily
2025-04-11,us,NOW,,154.26199340820312,157.37600708007812,151.0,157.13400268554688,10515000,Yahoo Finance daily
2025-04-14,us,NOW,,160.44400024414062,162.42599487304688,157.36000061035156,159.96400451660156,8585000,Yahoo Finance daily
2025-04-15,us,NOW,,160.19200134277344,164.97999572753906,159.8419952392578,163.3000030517578,8676000,Yahoo Finance daily
2025-04-16,us,NOW,,160.9219970703125,164.23399353027344,158.1479949951172,159.33200073242188,9347500,Yahoo Finance daily
2025-04-17,us,NOW,,160.01199340820312,160.01199340820312,153.8040008544922,154.4320068359375,9019500,Yahoo Finance daily
2025-04-21,us,NOW,,151.8719940185547,153.11000061035156,148.48199462890625,151.197998046875,8343500,Yahoo Finance daily
2025-04-22,us,NOW,,152.55999755859375,155.3260040283203,150.48800659179688,153.36599731445312,7914000,Yahoo Finance daily
2025-04-23,us,NOW,,164.20799255371094,166.79200744628906,161.39999389648438,162.5399932861328,15096000,Yahoo Finance daily
2025-04-24,us,NOW,,180.06199645996094,188.79600524902344,179.66600036621094,187.7140045166016,30415500,Yahoo Finance daily
2025-04-25,us,NOW,,188.8000030517578,192.0,185.83399963378903,189.052001953125,14439000,Yahoo Finance daily
2025-04-28,us,NOW,,191.97000122070312,192.20599365234372,185.42599487304688,187.48199462890625,10262000,Yahoo Finance daily
2025-04-29,us,NOW,,188.0,189.4459991455078,186.1100006103516,188.57200622558597,6226500,Yahoo Finance daily
2025-04-30,us,NOW,,186.11199951171875,191.5319976806641,184.0800018310547,191.0019989013672,9739500,Yahoo Finance daily
2025-05-01,us,NOW,,194.77200317382807,195.7239990234375,191.5039978027344,191.58999633789065,9038500,Yahoo Finance daily
2025-05-02,us,NOW,,195.78399658203125,197.1000061035156,193.8119964599609,195.4720001220703,8347000,Yahoo Finance daily
2025-05-05,us,NOW,,194.6000061035156,198.3999938964844,194.26800537109372,195.6100006103516,6371000,Yahoo Finance daily
2025-05-06,us,NOW,,193.80799865722656,195.73599243164065,192.83799743652344,193.052001953125,6402500,Yahoo Finance daily
2025-05-07,us,NOW,,194.24400329589844,197.4620056152344,193.4579925537109,196.6580047607422,8648500,Yahoo Finance daily
2025-05-08,us,NOW,,197.0,198.3999938964844,194.5619964599609,194.8979949951172,7344000,Yahoo Finance daily
2025-05-09,us,NOW,,196.0,197.3560028076172,194.32400512695312,196.01199340820312,4600500,Yahoo Finance daily
2025-05-12,us,NOW,,201.70399475097656,203.3999938964844,199.13400268554688,203.1199951171875,7160500,Yahoo Finance daily
2025-05-13,us,NOW,,204.6000061035156,207.9960021972656,203.3999938964844,207.343994140625,7415500,Yahoo Finance daily
2025-05-14,us,NOW,,207.3999938964844,209.1999969482422,205.3300018310547,205.36399841308597,7073000,Yahoo Finance daily
2025-05-15,us,NOW,,206.88400268554688,208.1300048828125,204.3919982910156,207.03599548339844,4940000,Yahoo Finance daily
2025-05-16,us,NOW,,207.6779937744141,208.7480010986328,206.62600708007807,208.03599548339844,5804500,Yahoo Finance daily
2025-05-19,us,NOW,,205.7899932861328,206.93800354003903,203.2100067138672,205.1499938964844,10356000,Yahoo Finance daily
2025-05-20,us,NOW,,203.0,204.9320068359375,202.66400146484372,204.3679962158203,5375000,Yahoo Finance daily
2025-05-21,us,NOW,,201.77999877929688,206.1479949951172,201.11599731445312,202.95199584960935,6298000,Yahoo Finance daily
2025-05-22,us,NOW,,202.95199584960935,205.4980010986328,202.3580017089844,203.1540069580078,4282000,Yahoo Finance daily
2025-05-23,us,NOW,,200.0,202.8580017089844,198.9199981689453,200.87399291992188,6940500,Yahoo Finance daily
2025-05-27,us,NOW,,202.7220001220703,205.96600341796875,202.5959930419922,205.47799682617188,5512500,Yahoo Finance daily
2025-05-28,us,NOW,,205.47799682617188,207.53399658203125,203.6360015869141,204.25999450683597,4966500,Yahoo Finance daily
2025-05-29,us,NOW,,204.63400268554688,204.9160003662109,200.94000244140625,203.04600524902344,6329500,Yahoo Finance daily
2025-05-30,us,NOW,,204.0,204.0,200.51800537109372,202.21800231933597,13319500,Yahoo Finance daily
2025-06-02,us,NOW,,201.8280029296875,203.58999633789065,200.05999755859372,202.4219970703125,5013000,Yahoo Finance daily
2025-06-03,us,NOW,,202.36399841308597,203.25,201.1000061035156,202.17599487304688,5118500,Yahoo Finance daily
2025-06-04,us,NOW,,202.3119964599609,203.50999450683597,200.5919952392578,202.54800415039065,3589000,Yahoo Finance daily
2025-06-05,us,NOW,,205.4620056152344,206.2879943847656,202.83399963378903,203.5200042724609,4512000,Yahoo Finance daily
2025-06-06,us,NOW,,205.2460021972656,206.9199981689453,203.26800537109372,206.04200744628903,4798500,Yahoo Finance daily
2025-06-09,us,NOW,,206.1999969482422,206.89599609375,203.61199951171875,205.3719940185547,4539000,Yahoo Finance daily
2025-06-10,us,NOW,,204.22799682617188,205.3719940185547,199.82400512695312,201.9579925537109,5946000,Yahoo Finance daily
2025-06-11,us,NOW,,202.04800415039065,203.54400634765625,200.27999877929688,200.86599731445312,3714000,Yahoo Finance daily
2025-06-12,us,NOW,,200.5200042724609,203.2079925537109,200.5200042724609,201.4739990234375,4241000,Yahoo Finance daily
2025-06-13,us,NOW,,199.6060028076172,200.1999969482422,195.63800048828125,197.73199462890625,6661000,Yahoo Finance daily
2025-06-16,us,NOW,,198.3999938964844,203.3939971923828,198.2760009765625,201.0260009765625,6154500,Yahoo Finance daily
2025-06-17,us,NOW,,200.7700042724609,202.3999938964844,199.8679962158203,200.98199462890625,4099000,Yahoo Finance daily
2025-06-18,us,NOW,,200.88800048828125,201.4080047607422,195.83999633789065,196.4160003662109,6047500,Yahoo Finance daily
2025-06-20,us,NOW,,197.1179962158203,197.20199584960935,193.08999633789065,194.2819976806641,10038500,Yahoo Finance daily
2025-06-23,us,NOW,,194.2819976806641,196.26600646972656,191.36599731445312,196.0800018310547,5499500,Yahoo Finance daily
2025-06-24,us,NOW,,198.0,199.8999938964844,197.0,199.26400756835935,7570000,Yahoo Finance daily
2025-06-25,us,NOW,,199.656005859375,202.8000030517578,199.6300048828125,201.0319976806641,5968500,Yahoo Finance daily
2025-06-26,us,NOW,,201.43600463867188,202.7120056152344,198.8999938964844,202.2879943847656,6022000,Yahoo Finance daily
2025-06-27,us,NOW,,202.55599975585935,206.6060028076172,202.41400146484372,204.48399353027344,7571500,Yahoo Finance daily
2025-06-30,us,NOW,,205.947998046875,207.2740020751953,203.69000244140625,205.61599731445312,5046500,Yahoo Finance daily
2025-07-01,us,NOW,,205.45199584960935,206.38800048828125,198.9459991455078,202.3780059814453,6220500,Yahoo Finance daily
2025-07-02,us,NOW,,200.07400512695312,202.2079925537109,198.3999938964844,201.95199584960935,4357000,Yahoo Finance daily
2025-07-03,us,NOW,,203.54600524902344,211.47799682617188,203.0,208.93800354003903,6029500,Yahoo Finance daily
2025-07-07,us,NOW,,208.64599609375,209.8000030517578,205.5240020751953,207.0019989013672,5668000,Yahoo Finance daily
2025-07-08,us,NOW,,207.43600463867188,207.7539978027344,202.25,204.5959930419922,7301000,Yahoo Finance daily
2025-07-09,us,NOW,,204.8999938964844,205.6020050048828,201.8000030517578,202.74200439453125,5767000,Yahoo Finance daily
2025-07-10,us,NOW,,202.7400054931641,202.7400054931641,193.0619964599609,193.6179962158203,10016500,Yahoo Finance daily
2025-07-11,us,NOW,,192.0,193.1999969482422,186.83399963378903,187.7559967041016,10773500,Yahoo Finance daily
2025-07-14,us,NOW,,187.7400054931641,192.8679962158203,187.0279998779297,192.3560028076172,9062500,Yahoo Finance daily
2025-07-15,us,NOW,,193.0540008544922,194.8679962158203,191.1999969482422,191.38400268554688,6321500,Yahoo Finance daily
2025-07-16,us,NOW,,193.01199340820312,193.8179931640625,190.67599487304688,193.3939971923828,4925500,Yahoo Finance daily
2025-07-17,us,NOW,,193.697998046875,195.0,191.0,191.8300018310547,6378000,Yahoo Finance daily
2025-07-18,us,NOW,,191.6100006103516,192.70399475097656,189.9459991455078,192.67999267578125,5778000,Yahoo Finance daily
2025-07-21,us,NOW,,191.906005859375,193.82000732421875,191.6000061035156,191.98199462890625,5564000,Yahoo Finance daily
2025-07-22,us,NOW,,192.7559967041016,194.79200744628903,191.3679962158203,192.4739990234375,5878500,Yahoo Finance daily
2025-07-23,us,NOW,,189.57200622558597,193.3699951171875,189.57200622558597,191.28599548339844,9920000,Yahoo Finance daily
2025-07-24,us,NOW,,206.9320068359375,210.1999969482422,196.3999938964844,199.23599243164065,20350500,Yahoo Finance daily
2025-07-25,us,NOW,,200.0240020751953,200.1999969482422,192.8159942626953,193.75799560546875,9998000,Yahoo Finance daily
2025-07-28,us,NOW,,195.1999969482422,199.2079925537109,195.1959991455078,197.1499938964844,7373000,Yahoo Finance daily
2025-07-29,us,NOW,,198.30599975585935,201.1499938964844,196.45599365234372,198.63999938964844,6038500,Yahoo Finance daily
2025-07-30,us,NOW,,198.3179931640625,198.6060028076172,194.6000061035156,195.4960021972656,5471000,Yahoo Finance daily
2025-07-31,us,NOW,,196.3999938964844,196.3999938964844,188.01199340820312,188.62399291992188,10659500,Yahoo Finance daily
2025-08-01,us,NOW,,187.4579925537109,187.4579925537109,181.8979949951172,182.87399291992188,9055500,Yahoo Finance daily
2025-08-04,us,NOW,,183.70399475097656,185.9160003662109,183.052001953125,184.6000061035156,6427500,Yahoo Finance daily
2025-08-05,us,NOW,,184.3999938964844,185.1000061035156,180.88999938964844,181.0240020751953,7242500,Yahoo Finance daily
2025-08-06,us,NOW,,182.32000732421875,182.6100006103516,180.5659942626953,182.4620056152344,5343000,Yahoo Finance daily
2025-08-07,us,NOW,,184.3999938964844,184.5780029296875,172.39999389648438,174.82400512695312,13993500,Yahoo Finance daily
2025-08-08,us,NOW,,175.67799377441406,176.39999389648438,172.42799377441406,174.5019989013672,9514000,Yahoo Finance daily
2025-08-11,us,NOW,,173.58399963378906,175.99600219726562,170.17999267578125,171.2740020751953,11849000,Yahoo Finance daily
2025-08-12,us,NOW,,171.56199645996094,171.9459991455078,168.00599670410156,170.68600463867188,14329000,Yahoo Finance daily
2025-08-13,us,NOW,,172.11399841308594,172.8800048828125,168.5399932861328,172.66000366210938,12268000,Yahoo Finance daily
2025-08-14,us,NOW,,171.23199462890625,172.5959930419922,169.26800537109375,170.1719970703125,8939500,Yahoo Finance daily
2025-08-15,us,NOW,,170.35400390625,173.58799743652344,169.7239990234375,173.447998046875,8794000,Yahoo Finance daily
2025-08-18,us,NOW,,173.2899932861328,178.447998046875,173.07400512695312,178.41000366210938,12887000,Yahoo Finance daily
2025-08-19,us,NOW,,178.67999267578125,180.1820068359375,176.19200134277344,177.3560028076172,10921000,Yahoo Finance daily
2025-08-20,us,NOW,,176.8520050048828,179.7779998779297,176.0,178.0500030517578,9859500,Yahoo Finance daily
2025-08-21,us,NOW,,177.18600463867188,177.67599487304688,174.61399841308594,175.3939971923828,5635000,Yahoo Finance daily
2025-08-22,us,NOW,,175.66799926757812,179.2760009765625,174.60000610351562,177.35000610351562,5421500,Yahoo Finance daily
2025-08-25,us,NOW,,177.94200134277344,178.03399658203125,175.73800659179688,175.98800659179688,4306000,Yahoo Finance daily
2025-08-26,us,NOW,,175.8000030517578,176.0,171.01600646972656,172.9320068359375,13418500,Yahoo Finance daily
2025-08-27,us,NOW,,174.33399963378906,177.9219970703125,173.63999938964844,177.5959930419922,6011000,Yahoo Finance daily
2025-08-28,us,NOW,,178.10000610351562,187.156005859375,177.947998046875,185.72000122070312,15218000,Yahoo Finance daily
2025-08-29,us,NOW,,185.8520050048828,186.79800415039065,181.94200134277344,183.49200439453125,9409000,Yahoo Finance daily
2025-09-02,us,NOW,,180.35400390625,182.8500061035156,178.92799377441406,182.28399658203125,6239000,Yahoo Finance daily
2025-09-03,us,NOW,,181.79800415039065,184.26800537109372,178.90199279785156,183.87600708007807,6690500,Yahoo Finance daily
2025-09-04,us,NOW,,181.89599609375,182.04600524902344,175.63800048828125,179.71200561523438,8519500,Yahoo Finance daily
2025-09-05,us,NOW,,180.8300018310547,183.2400054931641,180.2700042724609,182.75999450683597,6419500,Yahoo Finance daily
2025-09-08,us,NOW,,183.0279998779297,188.9640045166016,182.51199340820312,187.86599731445312,8180500,Yahoo Finance daily
2025-09-09,us,NOW,,189.0,189.0,185.55999755859372,186.73399353027344,5988000,Yahoo Finance daily
2025-09-10,us,NOW,,187.1999969482422,188.98399353027344,183.86599731445312,184.7140045166016,8243000,Yahoo Finance daily
2025-09-11,us,NOW,,185.54400634765625,188.53399658203125,184.72999572753903,187.656005859375,5865000,Yahoo Finance daily
2025-09-12,us,NOW,,188.3459930419922,188.3699951171875,185.3860015869141,185.79200744628903,3555500,Yahoo Finance daily
2025-09-15,us,NOW,,186.08999633789065,191.23399353027344,185.9459991455078,189.48399353027344,7730500,Yahoo Finance daily
2025-09-16,us,NOW,,188.1419982910156,189.2879943847656,185.69400024414065,186.4019927978516,6501500,Yahoo Finance daily
2025-09-17,us,NOW,,187.3500061035156,190.7539978027344,186.6499938964844,190.07400512695312,6423000,Yahoo Finance daily
2025-09-18,us,NOW,,191.30999755859372,192.4080047607422,188.1020050048828,189.54800415039065,7455500,Yahoo Finance daily
2025-09-19,us,NOW,,190.3699951171875,193.1479949951172,190.0,192.22999572753903,14036000,Yahoo Finance daily
2025-09-22,us,NOW,,190.7779998779297,191.3500061035156,186.1820068359375,189.55599975585935,6039500,Yahoo Finance daily
2025-09-23,us,NOW,,189.51199340820312,190.1000061035156,185.2899932861328,185.53399658203125,7035000,Yahoo Finance daily
2025-09-24,us,NOW,,192.5279998779297,194.7259979248047,186.22000122070312,186.6739959716797,10109500,Yahoo Finance daily
2025-09-25,us,NOW,,185.4900054931641,185.63800048828125,182.0919952392578,183.7220001220703,5945000,Yahoo Finance daily
2025-09-26,us,NOW,,183.93800354003903,187.6280059814453,183.33999633789065,187.1999969482422,4457000,Yahoo Finance daily
2025-09-29,us,NOW,,188.41200256347656,190.91200256347656,187.84800720214844,188.1699981689453,5115000,Yahoo Finance daily
2025-09-30,us,NOW,,187.82000732421875,188.3300018310547,180.8999938964844,184.05599975585935,7077000,Yahoo Finance daily
2025-10-01,us,NOW,,184.18800354003903,187.0,178.4499969482422,182.48599243164065,9149500,Yahoo Finance daily
2025-10-02,us,NOW,,182.33399963378903,183.00999450683597,179.10800170898438,182.0200042724609,7559000,Yahoo Finance daily
2025-10-03,us,NOW,,182.72999572753903,183.94000244140625,181.6660003662109,182.4720001220703,5832000,Yahoo Finance daily
2025-10-06,us,NOW,,180.8040008544922,185.95199584960935,179.10800170898438,182.5679931640625,6439000,Yahoo Finance daily
2025-10-07,us,NOW,,182.8000030517578,183.16000366210935,178.6719970703125,180.84800720214844,5974500,Yahoo Finance daily
2025-10-08,us,NOW,,182.0,184.0679931640625,181.46600341796875,182.86399841308597,5453000,Yahoo Finance daily
2025-10-09,us,NOW,,180.77999877929688,183.92999267578125,178.74600219726562,183.58999633789065,5197000,Yahoo Finance daily
2025-10-10,us,NOW,,184.0,185.6000061035156,177.46200561523438,177.74200439453125,7019500,Yahoo Finance daily
2025-10-13,us,NOW,,179.4080047607422,185.1519927978516,178.53199768066406,184.7400054931641,5926000,Yahoo Finance daily
2025-10-14,us,NOW,,181.47000122070312,184.85400390625,179.4739990234375,182.2519989013672,4395000,Yahoo Finance daily
2025-10-15,us,NOW,,183.6000061035156,184.4199981689453,179.94000244140625,180.6100006103516,3817000,Yahoo Finance daily
2025-10-16,us,NOW,,182.79400634765625,185.8000030517578,177.61399841308594,178.8979949951172,5392000,Yahoo Finance daily
2025-10-17,us,NOW,,178.0,181.30599975585935,177.58999633789062,180.72000122070312,4200500,Yahoo Finance daily
2025-10-20,us,NOW,,181.3280029296875,184.4040069580078,181.2700042724609,183.50999450683597,5358000,Yahoo Finance daily
2025-10-21,us,NOW,,183.5,188.88800048828125,182.05599975585935,188.3000030517578,6299000,Yahoo Finance daily
2025-10-22,us,NOW,,188.3580017089844,189.6000061035156,185.5800018310547,187.1300048828125,6073000,Yahoo Finance daily
2025-10-23,us,NOW,,186.23800659179688,188.9160003662109,185.6000061035156,187.83399963378903,4223500,Yahoo Finance daily
2025-10-24,us,NOW,,189.1499938964844,190.0,185.7760009765625,186.03399658203125,5355000,Yahoo Finance daily
2025-10-27,us,NOW,,188.81399536132807,190.33799743652344,187.4019927978516,189.25799560546875,5735000,Yahoo Finance daily
2025-10-28,us,NOW,,189.86199951171875,190.1999969482422,187.58200073242188,187.58200073242188,4724500,Yahoo Finance daily
2025-10-29,us,NOW,,186.9080047607422,186.9080047607422,182.0200042724609,182.33999633789065,13434000,Yahoo Finance daily
2025-10-30,us,NOW,,185.3459930419922,192.96600341796875,179.38600158691406,186.93600463867188,15203000,Yahoo Finance daily
2025-10-31,us,NOW,,188.6419982910156,189.52999877929688,180.66400146484372,183.8560028076172,11872000,Yahoo Finance daily
2025-11-03,us,NOW,,184.4279937744141,184.4279937744141,177.20399475097656,182.76800537109372,8733000,Yahoo Finance daily
2025-11-04,us,NOW,,180.0,181.7259979248047,175.30999755859375,177.51400756835938,9724500,Yahoo Finance daily
2025-11-05,us,NOW,,178.33399963378906,178.5240020751953,174.4600067138672,175.92599487304688,7604000,Yahoo Finance daily
2025-11-06,us,NOW,,174.9499969482422,175.8000030517578,170.0019989013672,171.75399780273438,10231000,Yahoo Finance daily
2025-11-07,us,NOW,,170.26800537109375,172.6199951171875,168.11000061035156,172.37399291992188,8162500,Yahoo Finance daily
2025-11-10,us,NOW,,172.77200317382812,173.72000122070312,170.23399353027344,173.25999450683594,7044500,Yahoo Finance daily
2025-11-11,us,NOW,,172.68600463867188,174.1300048828125,171.86599731445312,172.13400268554688,5177000,Yahoo Finance daily
2025-11-12,us,NOW,,173.74200439453125,174.0,169.83399963378906,172.80799865722656,7603500,Yahoo Finance daily
2025-11-13,us,NOW,,170.4759979248047,172.60000610351562,168.79600524902344,169.93800354003906,8147000,Yahoo Finance daily
2025-11-14,us,NOW,,168.3979949951172,173.06399536132812,167.80999755859375,170.08599853515625,5917500,Yahoo Finance daily
2025-11-17,us,NOW,,169.38400268554688,170.6959991455078,165.64199829101562,167.1580047607422,5701000,Yahoo Finance daily
2025-11-18,us,NOW,,165.41600036621094,167.0,162.32200622558594,163.593994140625,7640500,Yahoo Finance daily
2025-11-19,us,NOW,,163.33200073242188,164.22799682617188,161.51400756835938,163.2899932861328,9577000,Yahoo Finance daily
2025-11-20,us,NOW,,166.10000610351562,166.33799743652344,159.45599365234375,160.0919952392578,8095500,Yahoo Finance daily
2025-11-21,us,NOW,,160.4600067138672,163.9219970703125,159.0,162.68600463867188,7354000,Yahoo Finance daily
2025-11-24,us,NOW,,162.67999267578125,163.8979949951172,160.76199340820312,163.16799926757812,8947000,Yahoo Finance daily
2025-11-25,us,NOW,,162.4739990234375,166.17999267578125,162.1999969482422,165.06199645996094,7280000,Yahoo Finance daily
2025-11-26,us,NOW,,163.4499969482422,164.4040069580078,159.96800231933594,160.54400634765625,10035500,Yahoo Finance daily
2025-11-28,us,NOW,,161.60000610351562,162.8000030517578,161.0019989013672,162.48199462890625,4520500,Yahoo Finance daily
2025-12-01,us,NOW,,160.33399963378906,165.21400451660156,159.8000030517578,164.41400146484375,6934000,Yahoo Finance daily
2025-12-02,us,NOW,,165.7239990234375,166.68600463867188,164.8000030517578,164.87600708007812,6550500,Yahoo Finance daily
2025-12-03,us,NOW,,164.39999389648438,166.5959930419922,162.69200134277344,166.5800018310547,4619500,Yahoo Finance daily
2025-12-04,us,NOW,,168.1999969482422,169.3000030517578,166.13800048828125,167.7740020751953,5549000,Yahoo Finance daily
2025-12-05,us,NOW,,168.16600036621094,172.3000030517578,167.6020050048828,170.8719940185547,6473000,Yahoo Finance daily
2025-12-08,us,NOW,,170.84800720214844,174.39599609375,170.08599853515625,170.70399475097656,7741000,Yahoo Finance daily
2025-12-09,us,NOW,,170.52200317382812,172.1999969482422,169.8000030517578,170.98199462890625,4894500,Yahoo Finance daily
2025-12-10,us,NOW,,170.11399841308594,172.33200073242188,169.11000061035156,170.71200561523438,8460500,Yahoo Finance daily
2025-12-11,us,NOW,,170.60000610351562,175.0,170.2239990234375,173.4980010986328,7037000,Yahoo Finance daily
2025-12-12,us,NOW,,173.47799682617188,174.92599487304688,171.58200073242188,173.01199340820312,7495000,Yahoo Finance daily
2025-12-15,us,NOW,,159.60000610351562,160.67999267578125,152.1060028076172,153.0399932861328,29629000,Yahoo Finance daily
2025-12-16,us,NOW,,154.8939971923828,157.21400451660156,153.91400146484375,156.2239990234375,16672500,Yahoo Finance daily
2025-12-17,us,NOW,,157.0,161.9320068359375,156.2899932861328,156.47799682617188,11774500,Yahoo Finance daily
2025-12-18,us,NOW,,156.50999450683594,157.77999877929688,151.14999389648438,153.3800048828125,9644000,Yahoo Finance daily
2025-12-19,us,NOW,,152.97000122070312,156.16000366210938,152.5399932861328,155.30999755859375,25257500,Yahoo Finance daily
2025-12-22,us,NOW,,156.86000061035156,157.16000366210938,153.14999389648438,156.67999267578125,11120300,Yahoo Finance daily
2025-12-23,us,NOW,,155.5,156.08999633789062,151.6300048828125,154.36000061035156,12572500,Yahoo Finance daily
2025-12-24,us,NOW,,153.5,153.94000244140625,152.00999450683594,152.58999633789062,3896800,Yahoo Finance daily
2025-12-26,us,NOW,,152.5,154.47999572753906,152.2100067138672,153.88999938964844,5450500,Yahoo Finance daily
2025-12-29,us,NOW,,153.07000732421875,155.69000244140625,152.7899932861328,154.5800018310547,7157700,Yahoo Finance daily
2025-12-30,us,NOW,,153.85000610351562,154.69000244140625,153.25,154.22999572753906,5110600,Yahoo Finance daily
2025-12-31,us,NOW,,153.99000549316406,154.5399932861328,152.67999267578125,153.19000244140625,5256100,Yahoo Finance daily
2026-01-02,us,NOW,,153.0800018310547,153.1999969482422,145.63999938964844,147.4499969482422,9896600,Yahoo Finance daily
2026-01-05,us,NOW,,146.50999450683594,149.80999755859375,145.7899932861328,147.60000610351562,9854900,Yahoo Finance daily
2026-01-06,us,NOW,,147.4199981689453,149.57000732421875,146.6999969482422,148.80999755859375,6428200,Yahoo Finance daily
2026-01-07,us,NOW,,148.0,152.11000061035156,147.75,150.89999389648438,6195600,Yahoo Finance daily
2026-01-08,us,NOW,,149.94000244140625,150.3000030517578,146.17999267578125,146.19000244140625,7426100,Yahoo Finance daily
2026-01-09,us,NOW,,147.35000610351562,147.35000610351562,141.42999267578125,141.8000030517578,11845400,Yahoo Finance daily
2026-01-12,us,NOW,,141.63999938964844,143.77000427246094,141.14999389648438,142.63999938964844,9900000,Yahoo Finance daily
2026-01-13,us,NOW,,142.13999938964844,144.6999969482422,137.17999267578125,138.19000244140625,12898300,Yahoo Finance daily
2026-01-14,us,NOW,,137.38999938964844,138.19000244140625,132.61000061035156,134.61000061035156,15646900,Yahoo Finance daily
2026-01-15,us,NOW,,135.14999389648438,136.24000549316406,129.92999267578125,131.1699981689453,14582800,Yahoo Finance daily
2026-01-16,us,NOW,,129.6999969482422,131.35000610351562,126.8499984741211,127.30999755859376,20052400,Yahoo Finance daily
2026-01-20,us,NOW,,126.56999969482422,128.77999877929688,125.02999877929688,125.4000015258789,19712200,Yahoo Finance daily
2026-01-21,us,NOW,,128.0,128.00999450683594,123.77999877929688,125.3000030517578,16119600,Yahoo Finance daily
2026-01-22,us,NOW,,126.0,128.72999572753906,125.0999984741211,128.55999755859375,12944200,Yahoo Finance daily
2026-01-23,us,NOW,,128.64999389648438,133.85000610351562,128.22999572753906,133.11000061035156,16605400,Yahoo Finance daily
2026-01-26,us,NOW,,134.5500030517578,136.6300048828125,133.27000427246094,136.33999633789062,17489700,Yahoo Finance daily
2026-01-27,us,NOW,,135.8300018310547,136.02999877929688,130.86000061035156,131.8000030517578,11804200,Yahoo Finance daily
2026-01-28,us,NOW,,132.27000427246094,133.6699981689453,129.13999938964844,129.6199951171875,21254100,Yahoo Finance daily
2026-01-29,us,NOW,,118.52999877929688,118.95999908447266,113.12999725341795,116.7300033569336,55125100,Yahoo Finance daily
2026-01-30,us,NOW,,117.54000091552734,118.83000183105467,115.88999938964844,117.01000213623048,28053900,Yahoo Finance daily
2026-02-02,us,NOW,,118.8000030517578,121.66999816894533,116.3499984741211,118.0,18889100,Yahoo Finance daily
2026-02-03,us,NOW,,115.0199966430664,115.88999938964844,108.0999984741211,109.7699966430664,34729600,Yahoo Finance daily
2026-02-04,us,NOW,,107.19000244140624,111.1500015258789,105.25,111.06999969482422,36718100,Yahoo Finance daily
2026-02-05,us,NOW,,109.26000213623048,112.08999633789062,101.7300033569336,102.62999725341795,36178800,Yahoo Finance daily
2026-02-06,us,NOW,,101.68000030517578,104.0,98.94000244140624,100.73999786376952,34727000,Yahoo Finance daily
2026-02-09,us,NOW,,100.0,104.25,98.0,103.87000274658205,23127400,Yahoo Finance daily
2026-02-10,us,NOW,,104.98999786376952,108.9800033569336,104.9000015258789,106.4800033569336,21869600,Yahoo Finance daily
2026-02-11,us,NOW,,105.58000183105467,105.94000244140624,99.41999816894533,100.58000183105467,26076000,Yahoo Finance daily
2026-02-12,us,NOW,,101.91999816894533,103.70999908447266,99.2699966430664,103.29000091552734,27213100,Yahoo Finance daily
2026-02-13,us,NOW,,105.1500015258789,107.69000244140624,104.58999633789062,107.08000183105467,22771200,Yahoo Finance daily
2026-02-17,us,NOW,,109.55999755859376,110.8499984741211,103.87999725341795,105.91000366210938,27343000,Yahoo Finance daily
2026-02-18,us,NOW,,105.93000030517578,108.26000213623048,103.4000015258789,107.80999755859376,18138700,Yahoo Finance daily
2026-02-19,us,NOW,,108.06999969482422,109.22000122070312,106.19000244140624,107.37000274658205,13224700,Yahoo Finance daily
2026-02-20,us,NOW,,106.0,107.8000030517578,103.81999969482422,104.2699966430664,15700300,Yahoo Finance daily
2026-02-23,us,NOW,,101.94000244140624,101.94000244140624,99.18000030517578,100.8000030517578,24200000,Yahoo Finance daily
2026-02-24,us,NOW,,100.95999908447266,105.6999969482422,100.51000213623048,102.48999786376952,18461700,Yahoo Finance daily
2026-02-25,us,NOW,,101.62999725341795,104.7300033569336,100.16000366210938,104.2300033569336,15493100,Yahoo Finance daily
2026-02-26,us,NOW,,107.4499969482422,110.1500015258789,106.56999969482422,109.3000030517578,26565100,Yahoo Finance daily
2026-02-27,us,NOW,,105.0,108.6999969482422,104.0,108.01000213623048,19085200,Yahoo Finance daily
2026-03-02,us,NOW,,105.9800033569336,111.08000183105467,105.0999984741211,109.41999816894533,14780500,Yahoo Finance daily
2026-03-03,us,NOW,,108.0,114.91999816894533,107.51000213623048,113.19000244140624,17606100,Yahoo Finance daily
2026-03-04,us,NOW,,112.11000061035156,115.20999908447266,111.5,113.86000061035156,17432000,Yahoo Finance daily
2026-03-05,us,NOW,,114.7699966430664,122.08000183105467,114.12999725341795,120.37999725341795,26568000,Yahoo Finance daily
2026-03-06,us,NOW,,120.5,124.66000366210938,120.18000030517578,124.33999633789062,25972300,Yahoo Finance daily
2026-03-09,us,NOW,,123.05999755859376,126.66999816894533,121.29000091552734,121.93000030517578,20324700,Yahoo Finance daily
2026-03-10,us,NOW,,120.98999786376952,121.43000030517578,114.66000366210938,116.61000061035156,21872600,Yahoo Finance daily
2026-03-11,us,NOW,,117.4000015258789,118.83000183105467,113.5999984741211,115.62999725341795,14594900,Yahoo Finance daily
2026-03-12,us,NOW,,115.27999877929688,117.20999908447266,112.41999816894533,112.97000122070312,18372100,Yahoo Finance daily
2026-03-13,us,NOW,,112.80999755859376,115.91000366210938,111.70999908447266,113.62000274658205,14846400,Yahoo Finance daily
2026-03-16,us,NOW,,116.9000015258789,117.1999969482422,113.8000030517578,114.87999725341795,12289400,Yahoo Finance daily
2026-03-17,us,NOW,,115.4000015258789,118.98999786376952,114.1999969482422,116.72000122070312,13368500,Yahoo Finance daily
2026-03-18,us,NOW,,115.0,117.44000244140624,113.52999877929688,113.70999908447266,10080100,Yahoo Finance daily
2026-03-19,us,NOW,,114.18000030517578,117.08999633789062,111.9499969482422,113.2699966430664,11361600,Yahoo Finance daily
2026-03-20,us,NOW,,111.3000030517578,112.1500015258789,109.12000274658205,110.37999725341795,18863000,Yahoo Finance daily
2026-03-23,us,NOW,,110.76000213623048,113.25,109.88999938964844,110.9499969482422,12219100,Yahoo Finance daily
2026-03-24,us,NOW,,109.13999938964844,109.25,104.31999969482422,104.6500015258789,17835200,Yahoo Finance daily
2026-03-25,us,NOW,,106.5,106.87999725341795,101.13999938964844,103.05999755859376,14728600,Yahoo Finance daily
2026-03-26,us,NOW,,102.41999816894533,105.83999633789062,100.87999725341795,103.63999938964844,11595300,Yahoo Finance daily
2026-03-27,us,NOW,,102.63999938964844,102.66999816894533,98.33999633789062,99.41000366210938,18109900,Yahoo Finance daily
2026-03-30,us,NOW,,100.05999755859376,105.98999786376952,99.5,104.97000122070312,18685600,Yahoo Finance daily
2026-03-31,us,NOW,,105.54000091552734,106.58000183105467,104.05999755859376,104.5500030517578,16821300,Yahoo Finance daily
2026-04-01,us,NOW,,105.2300033569336,105.9000015258789,102.01000213623048,104.04000091552734,12439700,Yahoo Finance daily
2026-04-02,us,NOW,,101.79000091552734,103.41000366210938,98.45999908447266,102.0,16629900,Yahoo Finance daily
2026-04-06,us,NOW,,102.97000122070312,103.33000183105467,100.4000015258789,102.41999816894533,9141300,Yahoo Finance daily
2026-04-07,us,NOW,,102.7699966430664,103.95999908447266,99.5,100.5500030517578,12008200,Yahoo Finance daily
2026-04-08,us,NOW,,104.76000213623048,105.58000183105467,96.95999908447266,97.47000122070312,19796900,Yahoo Finance daily
2026-04-09,us,NOW,,96.5,97.16000366210938,88.66000366210938,89.80999755859375,42131500,Yahoo Finance daily
2026-04-10,us,NOW,,88.91000366210938,88.91000366210938,81.23999786376953,83.0,58715600,Yahoo Finance daily
2026-04-13,us,NOW,,84.7699966430664,89.23999786376953,84.18000030517578,89.05999755859375,31675400,Yahoo Finance daily
2026-04-14,us,NOW,,90.73999786376952,92.4000015258789,87.12000274658203,87.79000091552734,25132700,Yahoo Finance daily
2026-04-15,us,NOW,,90.1999969482422,94.83000183105467,89.19999694824219,94.19000244140624,25835900,Yahoo Finance daily
2026-04-16,us,NOW,,97.61000061035156,99.38999938964844,95.37000274658205,96.44000244140624,21971800,Yahoo Finance daily
2026-04-17,us,NOW,,97.9499969482422,98.81999969482422,96.12999725341795,96.66000366210938,17754600,Yahoo Finance daily
2026-04-20,us,NOW,,97.44000244140624,100.66999816894533,96.80999755859376,99.72000122070312,20306600,Yahoo Finance daily
2026-04-21,us,NOW,,100.3499984741211,104.5,99.05999755859376,100.13999938964844,24147900,Yahoo Finance daily
2026-04-22,us,NOW,,101.5,104.30999755859376,101.02999877929688,103.06999969482422,35714800,Yahoo Finance daily
2026-04-23,us,NOW,,87.25,90.0199966430664,83.58000183105469,84.77999877929688,84103100,Yahoo Finance daily
2026-04-24,us,NOW,,85.77999877929688,90.38999938964844,84.93000030517578,90.16999816894533,39011800,Yahoo Finance daily
2026-04-27,us,NOW,,89.05999755859375,94.02999877929688,87.80999755859375,90.4499969482422,32789100,Yahoo Finance daily
2026-04-28,us,NOW,,91.0999984741211,93.0,90.12999725341795,90.48999786376952,20990400,Yahoo Finance daily
2026-04-29,us,NOW,,89.05999755859375,89.30000305175781,87.0999984741211,88.88999938964844,18646600,Yahoo Finance daily
2026-04-30,us,NOW,,87.94999694824219,88.70999908447266,85.87999725341797,88.30999755859375,22152200,Yahoo Finance daily
2026-05-01,us,NOW,,90.93000030517578,92.5999984741211,87.87000274658203,91.16000366210938,22911800,Yahoo Finance daily
2026-05-04,us,NOW,,91.2699966430664,95.62000274658205,91.0999984741211,91.97000122070312,21863500,Yahoo Finance daily
2026-05-05,us,NOW,,92.25,92.88999938964844,89.13999938964844,92.01000213623048,22756800,Yahoo Finance daily
2026-05-06,us,NOW,,91.5999984741211,91.68000030517578,88.20999908447266,89.05000305175781,23117900,Yahoo Finance daily
2026-05-07,us,NOW,,92.16999816894533,95.55999755859376,91.88999938964844,93.58999633789062,27960700,Yahoo Finance daily
2026-05-08,us,NOW,,91.12999725341795,91.8499984741211,88.98999786376953,91.18000030517578,24699000,Yahoo Finance daily
2026-05-11,us,NOW,,91.04000091552734,94.75,90.47000122070312,91.48999786376952,21402900,Yahoo Finance daily
2026-05-12,us,NOW,,92.47000122070312,92.7699966430664,88.69000244140625,89.0,22354600,Yahoo Finance daily
2026-05-13,us,NOW,,88.58000183105469,88.58000183105469,86.01000213623047,87.05000305175781,22107000,Yahoo Finance daily
2026-05-14,us,NOW,,87.31999969482422,92.0,85.44000244140625,90.5,25571500,Yahoo Finance daily
2026-05-15,us,NOW,,92.08999633789062,96.66999816894533,91.97000122070312,95.06999969482422,34569700,Yahoo Finance daily
2026-05-18,us,NOW,,98.86000061035156,104.68000030517578,97.8499984741211,103.41999816894533,51220700,Yahoo Finance daily
2026-05-19,us,NOW,,110.13999938964844,110.83000183105467,100.7699966430664,101.83000183105467,55624400,Yahoo Finance daily
2026-05-20,us,NOW,,100.75,103.3499984741211,97.5,103.3000030517578,30037700,Yahoo Finance daily
2026-05-21,us,NOW,,100.98999786376952,101.58999633789062,98.11000061035156,99.69000244140624,26474000,Yahoo Finance daily
2026-05-22,us,NOW,,102.18000030517578,104.58999633789062,99.43000030517578,102.12999725341795,23646300,Yahoo Finance daily
2026-05-26,us,NOW,,100.55999755859376,102.54000091552734,98.72000122070312,99.91999816894533,23589900,Yahoo Finance daily
2026-05-27,us,NOW,,99.20999908447266,105.4000015258789,98.5500030517578,102.12000274658205,28633300,Yahoo Finance daily
2026-05-28,us,NOW,,107.0,110.16000366210938,104.5999984741211,108.7300033569336,39117700,Yahoo Finance daily
2026-05-29,us,NOW,,118.4800033569336,124.73999786376952,116.29000091552734,124.37000274658205,68243400,Yahoo Finance daily
2026-06-01,us,NOW,,135.77000427246094,139.1999969482422,131.61000061035156,135.86000061035156,68789000,Yahoo Finance daily
2026-06-02,us,NOW,,129.89999389648438,132.74000549316406,124.12000274658205,127.6500015258789,41371600,Yahoo Finance daily
2026-06-03,us,NOW,,127.98999786376952,128.0800018310547,117.33999633789062,117.9000015258789,34316400,Yahoo Finance daily
2026-06-04,us,NOW,,121.94000244140624,124.8000030517578,119.36000061035156,119.36000061035156,28144000,Yahoo Finance daily
2026-06-05,us,NOW,,119.19000244140624,121.1999969482422,111.55999755859376,112.4499969482422,31452000,Yahoo Finance daily
2026-06-08,us,NOW,,111.69000244140624,115.36000061035156,111.1999969482422,114.19000244140624,19737700,Yahoo Finance daily
2026-06-09,us,NOW,,110.30999755859376,112.38999938964844,103.08000183105467,106.97000122070312,35824800,Yahoo Finance daily
2026-06-10,us,NOW,,105.27999877929688,109.8000030517578,104.7300033569336,106.05999755859376,20052700,Yahoo Finance daily
2026-06-11,us,NOW,,103.02999877929688,105.12000274658205,101.33000183105467,103.08000183105467,28321500,Yahoo Finance daily
2026-06-12,us,NOW,,103.37999725341795,103.4499969482422,98.41999816894533,102.1500015258789,26049400,Yahoo Finance daily
2026-06-15,us,NOW,,104.8000030517578,107.18000030517578,103.3499984741211,104.1500015258789,23018000,Yahoo Finance daily
2026-06-16,us,NOW,,102.9000015258789,105.66000366210938,101.1999969482422,101.33000183105467,17198400,Yahoo Finance daily
2026-06-17,us,NOW,,100.68000030517578,102.88999938964844,95.08999633789062,95.4800033569336,32165600,Yahoo Finance daily
2026-06-18,us,NOW,,95.30999755859376,96.23999786376952,92.4499969482422,95.04000091552734,36337200,Yahoo Finance daily
2026-06-22,us,NOW,,93.3000030517578,97.44000244140624,91.4800033569336,93.01000213623048,24940900,Yahoo Finance daily
2026-06-23,us,NOW,,95.13999938964844,97.5,94.61000061035156,95.94000244140624,32559700,Yahoo Finance daily
2026-06-24,us,NOW,,94.0,96.98999786376952,93.41999816894533,93.8000030517578,17246400,Yahoo Finance daily
2026-06-25,us,NOW,,91.6999969482422,92.05999755859376,89.38999938964844,89.5199966430664,23735600,Yahoo Finance daily
2026-06-26,us,NOW,,90.44000244140624,98.91999816894533,90.0,98.33999633789062,27314900,Yahoo Finance daily
2026-06-29,us,NOW,,100.4800033569336,103.20999908447266,99.47000122070312,99.97000122070312,25023100,Yahoo Finance daily
2026-06-30,us,NOW,,97.30999755859376,99.63999938964844,96.9499969482422,99.27999877929688,19433300,Yahoo Finance daily
2026-07-01,us,NOW,,103.5999984741211,106.69000244140624,101.7699966430664,105.8000030517578,26458600,Yahoo Finance daily
2026-07-02,us,NOW,,106.22000122070312,107.68000030517578,103.83999633789062,106.31999969482422,20227500,Yahoo Finance daily
2026-07-06,us,NOW,,104.0999984741211,110.63999938964844,103.33999633789062,107.93000030517578,16524500,Yahoo Finance daily
2026-07-07,us,NOW,,111.5500030517578,113.79000091552734,109.04000091552734,110.7300033569336,22339400,Yahoo Finance daily
2026-07-08,,,,106.20999908447266,108.44000244140625,105.4000015258789,107.77999877929688,15069400,
2026-07-09,,,,102.02999877929688,109.25,101.51000213623047,108.83999633789062,14241400,
2026-07-10,,,,111.2699966430664,111.5,105.70999908447266,107.70999908447266,11096900,
2026-07-13,,,,109.5,113.02999877929688,107.6500015258789,111.26000213623047,16607300,
2026-07-14,,,,103.73999786376953,107.95999908447266,102.61000061035156,104.8499984741211,23213100,
2026-07-15,,,,106.5,108.75,104.33000183105469,104.7300033569336,13784200,
2026-07-16,,,,104.94000244140625,105.86000061035156,99.30999755859375,104.01000213623047,20318200,
2026-07-17,,,,102.87999725341797,105.83000183105469,102.63999938964844,103.23999786376953,16207300,
2026-07-20,,,,100.5199966430664,105.33000183105469,98.43000030517578,104.69999694824219,20547100,
2026-07-21,,,,101.6500015258789,104.58000183105469,101.05000305175781,102.05999755859375,19158500,
2026-07-22,us,NOW,NOW,100.87000274658203,101.16000366210938,94.73999786376953,95.45999908447266,42880000,Yahoo Finance NOW
2026-07-23,us,NOW,NOW,100.01000213623047,100.25,91.52999877929688,91.94000244140625,48882000,Yahoo Finance NOW
2026-07-24,us,NOW,NOW,94.91999816894531,97.16999816894531,94.88069915771484,95.93000030517578,7938807,Yahoo Finance NOW
2026-07-27,us,NOW,NOW,101.87000274658203,108.1500015258789,100.3499984741211,105.55999755859375,32533700,Yahoo Finance NOW
2026-07-28,us,NOW,NOW,106.87999725341797,112.27999877929688,106.5,110.62000274658203,33562300,Yahoo Finance NOW
2026-07-29,us,NOW,NOW,110.41999816894531,118.36000061035156,109.5,115.76000213623047,40204300,Yahoo Finance NOW
2026-07-30,us,NOW,NOW,110.5,113.12000274658203,106.37999725341797,110.06999969482422,29665300,Yahoo Finance NOW
2026-07-31,us,NOW,NOW,108.5,112.38999938964844,106.05000305175781,111.2300033569336,20455600,Yahoo Finance NOW
2026-08-03,us,NOW,NOW,114.51000213623047,119.63999938964844,113.69999694824219,114.19000244140625,24430000,Yahoo Finance NOW
2026-08-04,us,NOW,NOW,112.58999633789062,118.33000183105469,112.0,118.13999938964844,19356100,Yahoo Finance NOW
2026-08-05,us,NOW,NOW,119.9000015258789,120.0,115.70999908447266,117.22000122070312,15468000,Yahoo Finance NOW
2026-08-06,us,NOW,NOW,113.0,117.41999816894531,111.80000305175781,117.3499984741211,15414500,Yahoo Finance NOW
2026-08-07,us,NOW,NOW,121.66999816894531,126.1500015258789,120.95999908447266,124.87999725341797,26651500,Yahoo Finance NOW
2026-08-10,us,NOW,NOW,124.72000122070312,127.88999938964844,123.27999877929688,127.44000244140625,17179900,Yahoo Finance NOW
2026-08-11,us,NOW,NOW,126.26000213623047,128.97000122070312,125.16000366210938,127.54000091552734,13461000,Yahoo Finance NOW
2026-08-12,us,NOW,NOW,123.63999938964844,125.63999938964844,121.8499984741211,124.94000244140625,12586700,Yahoo Finance NOW
2026-08-13,us,NOW,NOW,125.5999984741211,129.75,121.6500015258789,127.25,23079100,Yahoo Finance NOW
2026-08-14,us,NOW,NOW,127.69999694824219,128.64999389648438,122.16999816894531,124.0,15002500,Yahoo Finance NOW
2026-08-17,us,NOW,NOW,122.43000030517578,123.36000061035156,117.58999633789062,117.69999694824219,20204200,Yahoo Finance NOW
2026-08-18,us,NOW,NOW,119.4800033569336,121.83999633789062,117.83999633789062,119.48999786376953,17294000,Yahoo Finance NOW
2026-08-19,us,NOW,NOW,118.63999938964844,129.60000610351562,118.51000213623047,127.19999694824219,22450600,Yahoo Finance NOW
2026-08-20,us,NOW,NOW,128.14500427246094,129.8000030517578,127.0999984741211,128.13999938964844,2421106,Yahoo Finance NOW
