date,market,symbol,name,open,high,low,close,volume,source
2019-09-13,us,NET,NET,18.0,19.40999984741211,17.5,18.0,35993700,Yahoo Finance NET
2019-09-16,us,NET,NET,18.600000381469727,19.549999237060547,18.299999237060547,18.6299991607666,9758100,Yahoo Finance NET
2019-09-17,us,NET,NET,18.450000762939453,18.899999618530273,18.200000762939453,18.75,3170900,Yahoo Finance NET
2019-09-18,us,NET,NET,18.829999923706055,19.700000762939453,18.6299991607666,19.59000015258789,4702500,Yahoo Finance NET
2019-09-19,us,NET,NET,20.0,20.479999542236328,18.309999465942383,18.75,8514900,Yahoo Finance NET
2019-09-20,us,NET,NET,18.899999618530273,20.0,18.770000457763672,19.8700008392334,3598300,Yahoo Finance NET
2019-09-23,us,NET,NET,20.09000015258789,21.219999313354492,19.579999923706055,20.959999084472656,3524000,Yahoo Finance NET
2019-09-24,us,NET,NET,21.510000228881836,22.079999923706055,19.670000076293945,20.709999084472656,5008100,Yahoo Finance NET
2019-09-25,us,NET,NET,20.8799991607666,21.200000762939453,20.100000381469727,20.520000457763672,2624900,Yahoo Finance NET
2019-09-26,us,NET,NET,20.520000457763672,20.610000610351562,18.709999084472656,19.549999237060547,3126200,Yahoo Finance NET
2019-09-27,us,NET,NET,19.40999984741211,19.731000900268555,18.0,18.239999771118164,3289700,Yahoo Finance NET
2019-09-30,us,NET,NET,18.25,18.729999542236328,17.510000228881836,18.56999969482422,2313000,Yahoo Finance NET
2019-10-01,us,NET,NET,18.719999313354492,18.719999313354492,16.6200008392334,16.84000015258789,2619200,Yahoo Finance NET
2019-10-02,us,NET,NET,16.489999771118164,17.299999237060547,15.510000228881836,17.25,3317500,Yahoo Finance NET
2019-10-03,us,NET,NET,17.020000457763672,17.3799991607666,16.520000457763672,16.780000686645508,2462400,Yahoo Finance NET
2019-10-04,us,NET,NET,17.1200008392334,17.450000762939453,16.600000381469727,17.270000457763672,1575900,Yahoo Finance NET
2019-10-07,us,NET,NET,17.270000457763672,17.600000381469727,16.910999298095703,17.040000915527344,1427100,Yahoo Finance NET
2019-10-08,us,NET,NET,16.760000228881836,17.700000762939453,16.549999237060547,17.190000534057617,1310500,Yahoo Finance NET
2019-10-09,us,NET,NET,17.459999084472656,17.540000915527344,16.920000076293945,17.34000015258789,832600,Yahoo Finance NET
2019-10-10,us,NET,NET,17.260000228881836,17.260000228881836,16.25,16.329999923706055,1885900,Yahoo Finance NET
2019-10-11,us,NET,NET,16.31999969482422,16.610000610351562,16.110000610351562,16.469999313354492,1456200,Yahoo Finance NET
2019-10-14,us,NET,NET,16.5,16.5,15.680000305175781,15.6899995803833,1292100,Yahoo Finance NET
2019-10-15,us,NET,NET,15.680000305175781,16.43000030517578,15.680000305175781,16.360000610351562,885300,Yahoo Finance NET
2019-10-16,us,NET,NET,16.309999465942383,16.43000030517578,15.829999923706055,15.850000381469727,1117300,Yahoo Finance NET
2019-10-17,us,NET,NET,15.880000114440918,16.350000381469727,15.829999923706055,15.90999984741211,938700,Yahoo Finance NET
2019-10-18,us,NET,NET,15.930000305175781,16.170000076293945,15.25,15.289999961853027,835500,Yahoo Finance NET
2019-10-21,us,NET,NET,15.369999885559082,15.6899995803833,14.5,14.970000267028809,1125000,Yahoo Finance NET
2019-10-22,us,NET,NET,15.039999961853027,15.130000114440918,14.520000457763672,14.619999885559082,1207100,Yahoo Finance NET
2019-10-23,us,NET,NET,14.630000114440918,15.239999771118164,14.630000114440918,14.729999542236328,894500,Yahoo Finance NET
2019-10-24,us,NET,NET,14.850000381469727,15.930000305175781,14.800000190734863,15.84000015258789,1116400,Yahoo Finance NET
2019-10-25,us,NET,NET,15.789999961853027,16.299999237060547,15.6899995803833,16.170000076293945,1023400,Yahoo Finance NET
2019-10-28,us,NET,NET,16.299999237060547,16.40999984741211,15.800000190734863,16.030000686645508,1184700,Yahoo Finance NET
2019-10-29,us,NET,NET,16.1200008392334,16.239999771118164,15.579999923706055,15.720000267028809,752700,Yahoo Finance NET
2019-10-30,us,NET,NET,15.75,16.770000457763672,15.729999542236328,16.729999542236328,1092500,Yahoo Finance NET
2019-10-31,us,NET,NET,16.75,16.969999313354492,16.31999969482422,16.84000015258789,918100,Yahoo Finance NET
2019-11-01,us,NET,NET,16.920000076293945,17.190000534057617,16.700000762939453,16.829999923706055,705600,Yahoo Finance NET
2019-11-04,us,NET,NET,17.34000015258789,17.479999542236328,16.892000198364258,17.3700008392334,996600,Yahoo Finance NET
2019-11-05,us,NET,NET,17.440000534057617,17.489999771118164,16.84000015258789,17.100000381469727,849500,Yahoo Finance NET
2019-11-06,us,NET,NET,16.989999771118164,17.100000381469727,16.15999984741211,16.219999313354492,1055900,Yahoo Finance NET
2019-11-07,us,NET,NET,16.469999313354492,16.84000015258789,15.550000190734863,15.890000343322754,1403800,Yahoo Finance NET
2019-11-08,us,NET,NET,16.299999237060547,16.59600067138672,15.585000038146973,16.1200008392334,1498700,Yahoo Finance NET
2019-11-11,us,NET,NET,15.9399995803833,16.465999603271484,15.9399995803833,16.229999542236328,504000,Yahoo Finance NET
2019-11-12,us,NET,NET,16.260000228881836,16.374000549316406,16.020000457763672,16.15999984741211,339000,Yahoo Finance NET
2019-11-13,us,NET,NET,16.0,16.3799991607666,15.779999732971191,16.260000228881836,713200,Yahoo Finance NET
2019-11-14,us,NET,NET,16.1200008392334,16.75,16.0,16.670000076293945,659300,Yahoo Finance NET
2019-11-15,us,NET,NET,16.75,17.1200008392334,16.639999389648438,16.739999771118164,815100,Yahoo Finance NET
2019-11-18,us,NET,NET,16.790000915527344,16.989999771118164,16.510000228881836,16.889999389648438,460800,Yahoo Finance NET
2019-11-19,us,NET,NET,16.920000076293945,16.969999313354492,16.219999313354492,16.299999237060547,859100,Yahoo Finance NET
2019-11-20,us,NET,NET,16.200000762939453,17.09000015258789,16.18000030517578,16.920000076293945,761600,Yahoo Finance NET
2019-11-21,us,NET,NET,16.969999313354492,17.450000762939453,16.917999267578125,17.360000610351562,1010500,Yahoo Finance NET
2019-11-22,us,NET,NET,17.450000762939453,17.989999771118164,17.299999237060547,17.770000457763672,1062400,Yahoo Finance NET
2019-11-25,us,NET,NET,17.799999237060547,18.219999313354492,17.739999771118164,18.06999969482422,786700,Yahoo Finance NET
2019-11-26,us,NET,NET,18.200000762939453,18.829999923706055,18.06999969482422,18.790000915527344,1326400,Yahoo Finance NET
2019-11-27,us,NET,NET,18.850000381469727,19.799999237060547,18.56800079345703,19.610000610351562,1662600,Yahoo Finance NET
2019-11-29,us,NET,NET,19.399999618530273,19.6200008392334,19.131000518798828,19.479999542236328,496500,Yahoo Finance NET
2019-12-02,us,NET,NET,19.3700008392334,19.440000534057617,18.197999954223633,18.940000534057617,1720000,Yahoo Finance NET
2019-12-03,us,NET,NET,18.25,19.15999984741211,18.110000610351562,18.950000762939453,856100,Yahoo Finance NET
2019-12-04,us,NET,NET,19.100000381469727,19.399999618530273,18.829999923706055,18.959999084472656,992800,Yahoo Finance NET
2019-12-05,us,NET,NET,18.90999984741211,19.149999618530273,17.719999313354492,17.729999542236328,1145600,Yahoo Finance NET
2019-12-06,us,NET,NET,18.25,18.5,17.950000762939453,18.479999542236328,878700,Yahoo Finance NET
2019-12-09,us,NET,NET,18.450000762939453,18.56999969482422,17.270000457763672,17.709999084472656,923600,Yahoo Finance NET
2019-12-10,us,NET,NET,17.700000762939453,18.062999725341797,17.43000030517578,17.670000076293945,453300,Yahoo Finance NET
2019-12-11,us,NET,NET,17.6299991607666,17.704999923706055,17.049999237060547,17.170000076293945,611900,Yahoo Finance NET
2019-12-12,us,NET,NET,17.1200008392334,17.690000534057617,16.920000076293945,17.65999984741211,545500,Yahoo Finance NET
2019-12-13,us,NET,NET,17.6200008392334,18.19499969482422,17.329999923706055,17.950000762939453,704700,Yahoo Finance NET
2019-12-16,us,NET,NET,18.200000762939453,18.700000762939453,18.059999465942383,18.3700008392334,882100,Yahoo Finance NET
2019-12-17,us,NET,NET,18.25,19.200000762939453,17.420000076293945,17.610000610351562,1186000,Yahoo Finance NET
2019-12-18,us,NET,NET,17.549999237060547,17.759000778198242,17.3799991607666,17.389999389648438,772400,Yahoo Finance NET
2019-12-19,us,NET,NET,17.399999618530273,18.149999618530273,17.399999618530273,18.0,580000,Yahoo Finance NET
2019-12-20,us,NET,NET,18.299999237060547,18.700000762939453,17.799999237060547,18.1200008392334,4174000,Yahoo Finance NET
2019-12-23,us,NET,NET,18.290000915527344,18.290000915527344,17.280000686645508,17.34000015258789,981300,Yahoo Finance NET
2019-12-24,us,NET,NET,17.459999084472656,17.545000076293945,17.200000762939453,17.350000381469727,354500,Yahoo Finance NET
2019-12-26,us,NET,NET,17.239999771118164,17.549999237060547,17.149999618530273,17.18000030517578,498900,Yahoo Finance NET
2019-12-27,us,NET,NET,17.09000015258789,17.239999771118164,16.635000228881836,16.690000534057617,790400,Yahoo Finance NET
2019-12-30,us,NET,NET,16.700000762939453,17.239999771118164,16.200000762939453,17.209999084472656,890500,Yahoo Finance NET
2019-12-31,us,NET,NET,17.09000015258789,17.260000228881836,16.799999237060547,17.059999465942383,927700,Yahoo Finance NET
2020-01-02,us,NET,NET,17.239999771118164,17.350000381469727,16.799999237060547,17.030000686645508,706100,Yahoo Finance NET
2020-01-03,us,NET,NET,16.959999084472656,17.329999923706055,16.81999969482422,17.170000076293945,594400,Yahoo Finance NET
2020-01-06,us,NET,NET,17.149999618530273,17.950000762939453,16.979999542236328,17.690000534057617,1261700,Yahoo Finance NET
2020-01-07,us,NET,NET,17.670000076293945,17.849000930786133,17.299999237060547,17.670000076293945,565900,Yahoo Finance NET
2020-01-08,us,NET,NET,17.649999618530273,18.0,17.5,17.780000686645508,543600,Yahoo Finance NET
2020-01-09,us,NET,NET,18.1200008392334,18.1200008392334,17.0,17.020000457763672,922000,Yahoo Finance NET
2020-01-10,us,NET,NET,17.260000228881836,17.639999389648438,17.100000381469727,17.479999542236328,653500,Yahoo Finance NET
2020-01-13,us,NET,NET,17.700000762939453,18.540000915527344,17.6299991607666,18.360000610351562,839100,Yahoo Finance NET
2020-01-14,us,NET,NET,18.520000457763672,18.850000381469727,18.110000610351562,18.700000762939453,775100,Yahoo Finance NET
2020-01-15,us,NET,NET,18.700000762939453,19.299999237060547,18.700000762939453,18.850000381469727,1229200,Yahoo Finance NET
2020-01-16,us,NET,NET,19.110000610351562,19.239999771118164,18.639999389648438,18.959999084472656,700400,Yahoo Finance NET
2020-01-17,us,NET,NET,19.139999389648438,19.299999237060547,18.399999618530273,18.600000381469727,542700,Yahoo Finance NET
2020-01-21,us,NET,NET,18.559999465942383,18.899999618530273,18.0,18.0,635700,Yahoo Finance NET
2020-01-22,us,NET,NET,18.190000534057617,18.489999771118164,17.979999542236328,18.049999237060547,526500,Yahoo Finance NET
2020-01-23,us,NET,NET,18.049999237060547,18.18000030517578,17.760000228881836,18.170000076293945,407100,Yahoo Finance NET
2020-01-24,us,NET,NET,18.18000030517578,18.68000030517578,17.719999313354492,17.770000457763672,648900,Yahoo Finance NET
2020-01-27,us,NET,NET,17.34000015258789,17.860000610351562,17.020000457763672,17.81999969482422,666400,Yahoo Finance NET
2020-01-28,us,NET,NET,17.770000457763672,18.1299991607666,17.6299991607666,18.079999923706055,481600,Yahoo Finance NET
2020-01-29,us,NET,NET,18.190000534057617,18.270000457763672,17.59000015258789,17.59000015258789,451800,Yahoo Finance NET
2020-01-30,us,NET,NET,17.90999984741211,18.3700008392334,17.66200065612793,18.31999969482422,595300,Yahoo Finance NET
2020-01-31,us,NET,NET,18.309999465942383,18.350000381469727,17.739999771118164,17.860000610351562,537800,Yahoo Finance NET
2020-02-03,us,NET,NET,18.0,18.190000534057617,17.520000457763672,17.690000534057617,640300,Yahoo Finance NET
2020-02-04,us,NET,NET,17.899999618530273,18.395000457763672,17.770000457763672,17.93000030517578,964500,Yahoo Finance NET
2020-02-05,us,NET,NET,18.15999984741211,18.29400062561035,17.649999618530273,18.0,1161700,Yahoo Finance NET
2020-02-06,us,NET,NET,18.0,18.049999237060547,17.719999313354492,17.770000457763672,545100,Yahoo Finance NET
2020-02-07,us,NET,NET,17.8799991607666,18.344999313354492,17.799999237060547,18.170000076293945,595400,Yahoo Finance NET
2020-02-10,us,NET,NET,18.229999542236328,19.200000762939453,18.100000381469727,18.34000015258789,1358500,Yahoo Finance NET
2020-02-11,us,NET,NET,18.40999984741211,19.229999542236328,18.360000610351562,18.3700008392334,1455900,Yahoo Finance NET
2020-02-12,us,NET,NET,18.549999237060547,18.60300064086914,17.549999237060547,17.81999969482422,1429900,Yahoo Finance NET
2020-02-13,us,NET,NET,17.75,18.209999084472656,17.719999313354492,18.06999969482422,1715500,Yahoo Finance NET
2020-02-14,us,NET,NET,18.459999084472656,18.700000762939453,17.219999313354492,17.75,4739900,Yahoo Finance NET
2020-02-18,us,NET,NET,17.700000762939453,17.920000076293945,17.239999771118164,17.5,2756500,Yahoo Finance NET
2020-02-19,us,NET,NET,17.450000762939453,18.229999542236328,17.350000381469727,18.010000228881836,7996700,Yahoo Finance NET
2020-02-20,us,NET,NET,18.149999618530273,21.350000381469727,18.100000381469727,20.299999237060547,10976200,Yahoo Finance NET
2020-02-21,us,NET,NET,20.299999237060547,21.350000381469727,20.299999237060547,21.020000457763672,3427200,Yahoo Finance NET
2020-02-24,us,NET,NET,19.75,20.479999542236328,19.270000457763672,19.809999465942383,2941200,Yahoo Finance NET
2020-02-25,us,NET,NET,19.90999984741211,20.440000534057617,19.0,20.290000915527344,4154000,Yahoo Finance NET
2020-02-26,us,NET,NET,20.200000762939453,22.690000534057617,20.020000457763672,22.110000610351562,7309000,Yahoo Finance NET
2020-02-27,us,NET,NET,20.649999618530273,22.520000457763672,20.510000228881836,21.940000534057617,5353700,Yahoo Finance NET
2020-02-28,us,NET,NET,21.030000686645508,21.790000915527344,19.829999923706055,21.299999237060547,3931200,Yahoo Finance NET
2020-03-02,us,NET,NET,21.690000534057617,22.079999923706055,20.3799991607666,22.079999923706055,3115200,Yahoo Finance NET
2020-03-03,us,NET,NET,22.329999923706055,22.399999618530273,21.0,22.079999923706055,2232100,Yahoo Finance NET
2020-03-04,us,NET,NET,22.350000381469727,23.420000076293945,22.09000015258789,22.700000762939453,3042500,Yahoo Finance NET
2020-03-05,us,NET,NET,22.18000030517578,25.020000457763672,22.100000381469727,23.350000381469727,4730900,Yahoo Finance NET
2020-03-06,us,NET,NET,22.770000457763672,23.290000915527344,21.299999237060547,22.770000457763672,3489500,Yahoo Finance NET
2020-03-09,us,NET,NET,21.25,22.260000228881836,20.399999618530273,20.739999771118164,2971100,Yahoo Finance NET
2020-03-10,us,NET,NET,21.530000686645508,21.959999084472656,19.5310001373291,21.110000610351562,2776100,Yahoo Finance NET
2020-03-11,us,NET,NET,20.850000381469727,21.34000015258789,20.0,20.59000015258789,1768100,Yahoo Finance NET
2020-03-12,us,NET,NET,19.100000381469727,19.4950008392334,17.799999237060547,19.15999984741211,2996100,Yahoo Finance NET
2020-03-13,us,NET,NET,20.0,20.097000122070312,17.600000381469727,19.059999465942383,2837900,Yahoo Finance NET
2020-03-16,us,NET,NET,16.59000015258789,17.489999771118164,15.050000190734863,15.920000076293945,3015300,Yahoo Finance NET
2020-03-17,us,NET,NET,16.360000610351562,18.899999618530273,15.869999885559082,18.690000534057617,3287200,Yahoo Finance NET
2020-03-18,us,NET,NET,17.760000228881836,20.75,17.40999984741211,19.700000762939453,3438700,Yahoo Finance NET
2020-03-19,us,NET,NET,19.799999237060547,23.18000030517578,19.440000534057617,20.690000534057617,2679300,Yahoo Finance NET
2020-03-20,us,NET,NET,20.850000381469727,22.68000030517578,20.520000457763672,21.719999313354492,2468500,Yahoo Finance NET
2020-03-23,us,NET,NET,20.93000030517578,22.139999389648438,19.530000686645508,21.40999984741211,2276500,Yahoo Finance NET
2020-03-24,us,NET,NET,22.040000915527344,22.5,21.209999084472656,22.40999984741211,2577800,Yahoo Finance NET
2020-03-25,us,NET,NET,22.059999465942383,23.0,21.229999542236328,21.65999984741211,2660900,Yahoo Finance NET
2020-03-26,us,NET,NET,21.700000762939453,22.209999084472656,20.829999923706055,21.600000381469727,2290300,Yahoo Finance NET
2020-03-27,us,NET,NET,20.959999084472656,22.485000610351562,20.40999984741211,21.959999084472656,2787400,Yahoo Finance NET
2020-03-30,us,NET,NET,22.100000381469727,24.09000015258789,21.209999084472656,23.889999389648438,3945300,Yahoo Finance NET
2020-03-31,us,NET,NET,24.15999984741211,26.280000686645508,22.809999465942383,23.479999542236328,5566200,Yahoo Finance NET
2020-04-01,us,NET,NET,22.899999618530273,25.860000610351562,22.18000030517578,24.1200008392334,3667800,Yahoo Finance NET
2020-04-02,us,NET,NET,23.989999771118164,23.989999771118164,22.18000030517578,23.059999465942383,2736900,Yahoo Finance NET
2020-04-03,us,NET,NET,22.93000030517578,24.200000762939453,22.670000076293945,24.079999923706055,1917800,Yahoo Finance NET
2020-04-06,us,NET,NET,24.5,24.510000228881836,23.0,23.639999389648438,2298400,Yahoo Finance NET
2020-04-07,us,NET,NET,24.0,24.100000381469727,22.399999618530273,22.799999237060547,1769600,Yahoo Finance NET
2020-04-08,us,NET,NET,23.020000457763672,23.200000762939453,22.5,22.84000015258789,2085900,Yahoo Finance NET
2020-04-09,us,NET,NET,23.0,23.079999923706055,21.18000030517578,21.18000030517578,3297800,Yahoo Finance NET
2020-04-13,us,NET,NET,21.350000381469727,23.84000015258789,21.309999465942383,23.6200008392334,4283400,Yahoo Finance NET
2020-04-14,us,NET,NET,23.200000762939453,24.0,22.54199981689453,22.90999984741211,3257300,Yahoo Finance NET
2020-04-15,us,NET,NET,22.90999984741211,23.979999542236328,22.510000228881836,23.889999389648438,2231400,Yahoo Finance NET
2020-04-16,us,NET,NET,24.0,25.899999618530273,23.899999618530273,25.420000076293945,3912900,Yahoo Finance NET
2020-04-17,us,NET,NET,25.0,25.0,23.6299991607666,24.829999923706055,5107000,Yahoo Finance NET
2020-04-20,us,NET,NET,25.0,27.59000015258789,24.84000015258789,26.18000030517578,6178300,Yahoo Finance NET
2020-04-21,us,NET,NET,26.25,26.5,23.020000457763672,23.940000534057617,5186300,Yahoo Finance NET
2020-04-22,us,NET,NET,24.65999984741211,25.25,24.0,24.610000610351562,3103800,Yahoo Finance NET
2020-04-23,us,NET,NET,24.579999923706055,25.25,23.6200008392334,23.729999542236328,2432600,Yahoo Finance NET
2020-04-24,us,NET,NET,23.420000076293945,24.1299991607666,23.239999771118164,23.280000686645508,3521200,Yahoo Finance NET
2020-04-27,us,NET,NET,23.90999984741211,24.780000686645508,23.549999237060547,24.469999313354492,2338200,Yahoo Finance NET
2020-04-28,us,NET,NET,24.5,24.75,23.0,23.469999313354492,7241500,Yahoo Finance NET
2020-04-29,us,NET,NET,23.469999313354492,23.989999771118164,22.5,23.780000686645508,6896400,Yahoo Finance NET
2020-04-30,us,NET,NET,23.81999969482422,24.55900001525879,23.350000381469727,23.559999465942383,2474600,Yahoo Finance NET
2020-05-01,us,NET,NET,23.170000076293945,23.729999542236328,22.350000381469727,22.84000015258789,1911000,Yahoo Finance NET
2020-05-04,us,NET,NET,22.8799991607666,23.809999465942383,22.530000686645508,23.670000076293945,2041600,Yahoo Finance NET
2020-05-05,us,NET,NET,24.40999984741211,24.709999084472656,23.81999969482422,24.510000228881836,2034800,Yahoo Finance NET
2020-05-06,us,NET,NET,24.700000762939453,25.25,24.260000228881836,24.950000762939453,2177400,Yahoo Finance NET
2020-05-07,us,NET,NET,26.809999465942383,29.979999542236328,26.170000076293945,29.520000457763672,10519600,Yahoo Finance NET
2020-05-08,us,NET,NET,26.760000228881836,27.100000381469727,25.030000686645508,26.260000228881836,12436000,Yahoo Finance NET
2020-05-11,us,NET,NET,26.3799991607666,28.420000076293945,26.3799991607666,28.1200008392334,5762000,Yahoo Finance NET
2020-05-12,us,NET,NET,28.1200008392334,30.239999771118164,27.63599967956543,28.790000915527344,10381900,Yahoo Finance NET
2020-05-13,us,NET,NET,28.290000915527344,28.899999618530273,26.81999969482422,27.8700008392334,7820400,Yahoo Finance NET
2020-05-14,us,NET,NET,27.399999618530273,28.049999237060547,27.200000762939453,28.020000457763672,3254700,Yahoo Finance NET
2020-05-15,us,NET,NET,28.020000457763672,30.780000686645508,27.81999969482422,29.489999771118164,9398000,Yahoo Finance NET
2020-05-18,us,NET,NET,28.280000686645508,29.799999237060547,27.700000762939453,28.06999969482422,4101000,Yahoo Finance NET
2020-05-19,us,NET,NET,28.079999923706055,29.225000381469727,27.899999618530273,28.040000915527344,2294500,Yahoo Finance NET
2020-05-20,us,NET,NET,28.0,28.1299991607666,26.520000457763672,27.549999237060547,5971700,Yahoo Finance NET
2020-05-21,us,NET,NET,27.81999969482422,28.350000381469727,27.170000076293945,28.040000915527344,4725700,Yahoo Finance NET
2020-05-22,us,NET,NET,28.049999237060547,28.809999465942383,27.510000228881836,28.260000228881836,3014600,Yahoo Finance NET
2020-05-26,us,NET,NET,28.84000015258789,28.84000015258789,27.510000228881836,28.09000015258789,6291800,Yahoo Finance NET
2020-05-27,us,NET,NET,27.850000381469727,28.200000762939453,25.850000381469727,28.190000534057617,6759200,Yahoo Finance NET
2020-05-28,us,NET,NET,28.25,28.799999237060547,27.920000076293945,28.100000381469727,2458200,Yahoo Finance NET
2020-05-29,us,NET,NET,28.0,29.219999313354492,27.940000534057617,29.06999969482422,4136300,Yahoo Finance NET
2020-06-01,us,NET,NET,29.139999389648438,30.190000534057617,29.010000228881836,30.049999237060547,2772700,Yahoo Finance NET
2020-06-02,us,NET,NET,30.1200008392334,30.59000015258789,28.93000030517578,30.200000762939453,3475400,Yahoo Finance NET
2020-06-03,us,NET,NET,30.479999542236328,30.5,29.280000686645508,29.3799991607666,3597100,Yahoo Finance NET
2020-06-04,us,NET,NET,29.049999237060547,29.149999618530273,28.1299991607666,28.469999313354492,3556900,Yahoo Finance NET
2020-06-05,us,NET,NET,28.149999618530273,29.420000076293945,27.290000915527344,29.139999389648438,2619000,Yahoo Finance NET
2020-06-08,us,NET,NET,29.489999771118164,29.489999771118164,28.344999313354492,29.170000076293945,2697800,Yahoo Finance NET
2020-06-09,us,NET,NET,29.0,29.059999465942383,28.139999389648438,28.719999313354492,3777100,Yahoo Finance NET
2020-06-10,us,NET,NET,28.790000915527344,29.65999984741211,28.520000457763672,29.399999618530273,4676800,Yahoo Finance NET
2020-06-11,us,NET,NET,28.5,29.649999618530273,27.92300033569336,28.5,3928600,Yahoo Finance NET
2020-06-12,us,NET,NET,29.100000381469727,29.510000228881836,28.100000381469727,28.81999969482422,2362000,Yahoo Finance NET
2020-06-15,us,NET,NET,29.0,31.920000076293945,28.809999465942383,30.979999542236328,12592200,Yahoo Finance NET
2020-06-16,us,NET,NET,31.5,31.979999542236328,30.309999465942383,31.649999618530273,6937900,Yahoo Finance NET
2020-06-17,us,NET,NET,32.099998474121094,36.0,31.799999237060547,35.79999923706055,16244300,Yahoo Finance NET
2020-06-18,us,NET,NET,36.13999938964844,37.290000915527344,35.40999984741211,36.72999954223633,9941900,Yahoo Finance NET
2020-06-19,us,NET,NET,37.75,38.47999954223633,35.720001220703125,36.0,14810600,Yahoo Finance NET
2020-06-22,us,NET,NET,36.31999969482422,37.400001525878906,35.81999969482422,37.0,5596500,Yahoo Finance NET
2020-06-23,us,NET,NET,37.65999984741211,37.65999984741211,34.81999969482422,35.400001525878906,10991700,Yahoo Finance NET
2020-06-24,us,NET,NET,35.38999938964844,36.77000045776367,34.051998138427734,35.0,5203200,Yahoo Finance NET
2020-06-25,us,NET,NET,35.41999816894531,36.88999938964844,34.61000061035156,36.0,6054800,Yahoo Finance NET
2020-06-26,us,NET,NET,36.0,37.06100082397461,34.81999969482422,35.529998779296875,12429400,Yahoo Finance NET
2020-06-29,us,NET,NET,35.34000015258789,35.630001068115234,33.22999954223633,35.11000061035156,4920900,Yahoo Finance NET
2020-06-30,us,NET,NET,35.279998779296875,36.040000915527344,34.83000183105469,35.95000076293945,6741500,Yahoo Finance NET
2020-07-01,us,NET,NET,35.95000076293945,37.040000915527344,34.994998931884766,36.93000030517578,4724500,Yahoo Finance NET
2020-07-02,us,NET,NET,37.310001373291016,37.349998474121094,36.279998779296875,36.470001220703125,4533300,Yahoo Finance NET
2020-07-06,us,NET,NET,37.34000015258789,39.2400016784668,37.06999969482422,38.34000015258789,6518200,Yahoo Finance NET
2020-07-07,us,NET,NET,38.279998779296875,38.38999938964844,37.18000030517578,37.90999984741211,5276100,Yahoo Finance NET
2020-07-08,us,NET,NET,38.34000015258789,38.52000045776367,37.86000061035156,38.400001525878906,4748300,Yahoo Finance NET
2020-07-09,us,NET,NET,39.029998779296875,40.154998779296875,37.65999984741211,39.72999954223633,6852200,Yahoo Finance NET
2020-07-10,us,NET,NET,42.11000061035156,42.59700012207031,39.40999984741211,40.08000183105469,9081600,Yahoo Finance NET
2020-07-13,us,NET,NET,40.75,41.09000015258789,36.119998931884766,36.75,10564100,Yahoo Finance NET
2020-07-14,us,NET,NET,36.68000030517578,37.529998779296875,34.459999084472656,36.75,8081200,Yahoo Finance NET
2020-07-15,us,NET,NET,36.209999084472656,36.58000183105469,35.119998931884766,36.119998931884766,4727300,Yahoo Finance NET
2020-07-16,us,NET,NET,35.61000061035156,35.8380012512207,34.54999923706055,35.099998474121094,3540100,Yahoo Finance NET
2020-07-17,us,NET,NET,36.04999923706055,37.45000076293945,35.349998474121094,37.02000045776367,5960200,Yahoo Finance NET
2020-07-20,us,NET,NET,37.0,38.599998474121094,36.81999969482422,38.369998931884766,5154400,Yahoo Finance NET
2020-07-21,us,NET,NET,38.97999954223633,39.119998931884766,37.810001373291016,38.18000030517578,3881800,Yahoo Finance NET
2020-07-22,us,NET,NET,38.93000030517578,39.04999923706055,37.810001373291016,38.040000915527344,2516100,Yahoo Finance NET
2020-07-23,us,NET,NET,38.31999969482422,38.58000183105469,35.91999816894531,36.43000030517578,3144900,Yahoo Finance NET
2020-07-24,us,NET,NET,35.22999954223633,36.45500183105469,35.0,35.720001220703125,3002900,Yahoo Finance NET
2020-07-27,us,NET,NET,36.4900016784668,37.689998626708984,36.15999984741211,37.36000061035156,2721700,Yahoo Finance NET
2020-07-28,us,NET,NET,38.689998626708984,38.689998626708984,37.58000183105469,37.650001525878906,4678900,Yahoo Finance NET
2020-07-29,us,NET,NET,38.4900016784668,39.08000183105469,37.81999969482422,38.70000076293945,2923100,Yahoo Finance NET
2020-07-30,us,NET,NET,38.36000061035156,41.5,38.36000061035156,41.130001068115234,5678500,Yahoo Finance NET
2020-07-31,us,NET,NET,42.0,42.060001373291016,40.209999084472656,41.619998931884766,5364300,Yahoo Finance NET
2020-08-03,us,NET,NET,42.290000915527344,42.84000015258789,41.86000061035156,42.5099983215332,6993300,Yahoo Finance NET
2020-08-04,us,NET,NET,43.099998474121094,43.150001525878906,41.279998779296875,42.310001373291016,4517300,Yahoo Finance NET
2020-08-05,us,NET,NET,42.08000183105469,42.75,41.560001373291016,42.4900016784668,3851900,Yahoo Finance NET
2020-08-06,us,NET,NET,41.84000015258789,42.40999984741211,40.0,41.349998474121094,8043100,Yahoo Finance NET
2020-08-07,us,NET,NET,41.0,45.279998779296875,39.61600112915039,40.060001373291016,12303400,Yahoo Finance NET
2020-08-10,us,NET,NET,39.540000915527344,39.540000915527344,36.040000915527344,36.9900016784668,14591200,Yahoo Finance NET
2020-08-11,us,NET,NET,36.849998474121094,38.150001525878906,36.040000915527344,37.810001373291016,7826800,Yahoo Finance NET
2020-08-12,us,NET,NET,38.099998474121094,40.06999969482422,38.029998779296875,38.86000061035156,9585100,Yahoo Finance NET
2020-08-13,us,NET,NET,39.709999084472656,39.709999084472656,38.209999084472656,38.849998474121094,4062700,Yahoo Finance NET
2020-08-14,us,NET,NET,38.95000076293945,39.790000915527344,38.16999816894531,38.5,3042400,Yahoo Finance NET
2020-08-17,us,NET,NET,37.72999954223633,39.939998626708984,37.689998626708984,39.91999816894531,7369900,Yahoo Finance NET
2020-08-18,us,NET,NET,40.400001525878906,40.470001220703125,39.459999084472656,40.060001373291016,4394800,Yahoo Finance NET
2020-08-19,us,NET,NET,39.93000030517578,40.25,38.2599983215332,39.290000915527344,3764700,Yahoo Finance NET
2020-08-20,us,NET,NET,39.279998779296875,40.444000244140625,39.119998931884766,40.310001373291016,3953500,Yahoo Finance NET
2020-08-21,us,NET,NET,40.45000076293945,40.4900016784668,38.900001525878906,38.91999816894531,3271700,Yahoo Finance NET
2020-08-24,us,NET,NET,38.40999984741211,38.8390007019043,37.22999954223633,38.09000015258789,5468100,Yahoo Finance NET
2020-08-25,us,NET,NET,37.70000076293945,39.040000915527344,37.310001373291016,39.029998779296875,3491000,Yahoo Finance NET
2020-08-26,us,NET,NET,39.29999923706055,40.369998931884766,38.959999084472656,39.900001525878906,4522500,Yahoo Finance NET
2020-08-27,us,NET,NET,39.75,40.02000045776367,38.60499954223633,39.72999954223633,3035000,Yahoo Finance NET
2020-08-28,us,NET,NET,40.20000076293945,40.84000015258789,39.630001068115234,39.650001525878906,3068100,Yahoo Finance NET
2020-08-31,us,NET,NET,39.70000076293945,39.900001525878906,38.16999816894531,38.2599983215332,4318700,Yahoo Finance NET
2020-09-01,us,NET,NET,38.939998626708984,40.400001525878906,38.939998626708984,39.7400016784668,4983700,Yahoo Finance NET
2020-09-02,us,NET,NET,40.20000076293945,40.38999938964844,37.849998474121094,39.0,6208700,Yahoo Finance NET
2020-09-03,us,NET,NET,37.849998474121094,37.97999954223633,35.540000915527344,36.22999954223633,8940100,Yahoo Finance NET
2020-09-04,us,NET,NET,35.13999938964844,36.27000045776367,32.810001373291016,34.77000045776367,7996700,Yahoo Finance NET
2020-09-08,us,NET,NET,33.060001373291016,34.7599983215332,32.69499969482422,32.939998626708984,6522900,Yahoo Finance NET
2020-09-09,us,NET,NET,34.029998779296875,34.41999816894531,33.209999084472656,34.0099983215332,4669800,Yahoo Finance NET
2020-09-10,us,NET,NET,34.4900016784668,35.119998931884766,33.36000061035156,33.58000183105469,3854900,Yahoo Finance NET
2020-09-11,us,NET,NET,34.0099983215332,34.5629997253418,33.720001220703125,34.16999816894531,6866600,Yahoo Finance NET
2020-09-14,us,NET,NET,34.47999954223633,35.13999938964844,34.150001525878906,34.83000183105469,4530600,Yahoo Finance NET
2020-09-15,us,NET,NET,35.25,36.25,35.06999969482422,36.16999816894531,6231500,Yahoo Finance NET
2020-09-16,us,NET,NET,36.150001525878906,36.33000183105469,35.470001220703125,35.900001525878906,5678100,Yahoo Finance NET
2020-09-17,us,NET,NET,34.650001525878906,36.13999938964844,34.529998779296875,36.099998474121094,4782500,Yahoo Finance NET
2020-09-18,us,NET,NET,36.5,37.180999755859375,35.63999938964844,37.099998474121094,11086400,Yahoo Finance NET
2020-09-21,us,NET,NET,36.5,38.970001220703125,36.5,38.959999084472656,5441100,Yahoo Finance NET
2020-09-22,us,NET,NET,39.13999938964844,39.970001220703125,37.560001373291016,39.869998931884766,4687500,Yahoo Finance NET
2020-09-23,us,NET,NET,39.91999816894531,40.599998474121094,39.400001525878906,39.97999954223633,5934300,Yahoo Finance NET
2020-09-24,us,NET,NET,39.08000183105469,39.58000183105469,38.11000061035156,38.52000045776367,4202400,Yahoo Finance NET
2020-09-25,us,NET,NET,38.86000061035156,40.13999938964844,38.255001068115234,40.040000915527344,2152300,Yahoo Finance NET
2020-09-28,us,NET,NET,40.16999816894531,41.04999923706055,39.52000045776367,40.880001068115234,3239900,Yahoo Finance NET
2020-09-29,us,NET,NET,41.11000061035156,41.5,40.470001220703125,40.66999816894531,2710000,Yahoo Finance NET
2020-09-30,us,NET,NET,40.470001220703125,41.77000045776367,40.15999984741211,41.060001373291016,2784300,Yahoo Finance NET
2020-10-01,us,NET,NET,41.52000045776367,42.540000915527344,41.439998626708984,42.029998779296875,4843500,Yahoo Finance NET
2020-10-02,us,NET,NET,41.099998474121094,42.58000183105469,40.5,41.75,3201400,Yahoo Finance NET
2020-10-05,us,NET,NET,42.02000045776367,43.176998138427734,41.810001373291016,42.86000061035156,3869000,Yahoo Finance NET
2020-10-06,us,NET,NET,42.70000076293945,43.099998474121094,41.65999984741211,42.22999954223633,5647600,Yahoo Finance NET
2020-10-07,us,NET,NET,42.900001525878906,43.41999816894531,42.599998474121094,43.380001068115234,3614500,Yahoo Finance NET
2020-10-08,us,NET,NET,44.52000045776367,44.599998474121094,42.970001220703125,43.40999984741211,3333800,Yahoo Finance NET
2020-10-09,us,NET,NET,43.65999984741211,46.369998931884766,43.5099983215332,46.349998474121094,5629000,Yahoo Finance NET
2020-10-12,us,NET,NET,47.119998931884766,57.29999923706055,47.0,57.0099983215332,27061500,Yahoo Finance NET
2020-10-13,us,NET,NET,55.20000076293945,60.130001068115234,54.81999969482422,59.72999954223633,15590300,Yahoo Finance NET
2020-10-14,us,NET,NET,59.5,61.66999816894531,58.18000030517578,61.5,10308000,Yahoo Finance NET
2020-10-15,us,NET,NET,56.0,60.099998474121094,54.85499954223633,58.779998779296875,17108900,Yahoo Finance NET
2020-10-16,us,NET,NET,60.34000015258789,61.86000061035156,58.0,58.290000915527344,7938200,Yahoo Finance NET
2020-10-19,us,NET,NET,58.560001373291016,60.15999984741211,57.83000183105469,58.27000045776367,5002000,Yahoo Finance NET
2020-10-20,us,NET,NET,57.79999923706055,58.5,56.91999816894531,57.060001373291016,3320500,Yahoo Finance NET
2020-10-21,us,NET,NET,57.54999923706055,58.29999923706055,54.63999938964844,54.97999954223633,4510500,Yahoo Finance NET
2020-10-22,us,NET,NET,55.0,56.63999938964844,54.209999084472656,55.810001373291016,3422400,Yahoo Finance NET
2020-10-23,us,NET,NET,55.220001220703125,56.38399887084961,54.959999084472656,55.81999969482422,3120100,Yahoo Finance NET
2020-10-26,us,NET,NET,55.06999969482422,56.56999969482422,53.650001525878906,54.75,4115900,Yahoo Finance NET
2020-10-27,us,NET,NET,56.150001525878906,57.75,55.33000183105469,55.97999954223633,3971800,Yahoo Finance NET
2020-10-28,us,NET,NET,55.279998779296875,55.849998474121094,54.040000915527344,54.7599983215332,2535200,Yahoo Finance NET
2020-10-29,us,NET,NET,54.90999984741211,55.5,53.459999084472656,54.0,2391000,Yahoo Finance NET
2020-10-30,us,NET,NET,53.4900016784668,53.76499938964844,50.540000915527344,51.970001220703125,4148800,Yahoo Finance NET
2020-11-02,us,NET,NET,52.869998931884766,53.220001220703125,50.95000076293945,52.04999923706055,2600300,Yahoo Finance NET
2020-11-03,us,NET,NET,51.709999084472656,53.18000030517578,51.599998474121094,53.04999923706055,2094600,Yahoo Finance NET
2020-11-04,us,NET,NET,55.0,57.0,54.29999923706055,56.119998931884766,3494400,Yahoo Finance NET
2020-11-05,us,NET,NET,57.5,58.41999816894531,56.257999420166016,58.0,4778600,Yahoo Finance NET
2020-11-06,us,NET,NET,63.72999954223633,71.7699966430664,61.70000076293945,64.47000122070312,16776700,Yahoo Finance NET
2020-11-09,us,NET,NET,63.0099983215332,66.08000183105469,60.52000045776367,64.56999969482422,8760800,Yahoo Finance NET
2020-11-10,us,NET,NET,61.25,64.69000244140625,58.34000015258789,61.2400016784668,6705500,Yahoo Finance NET
2020-11-11,us,NET,NET,62.0,66.13999938964844,61.904998779296875,65.45999908447266,5928700,Yahoo Finance NET
2020-11-12,us,NET,NET,64.0,65.08000183105469,62.7400016784668,64.1500015258789,8509700,Yahoo Finance NET
2020-11-13,us,NET,NET,64.55000305175781,64.75,63.06100082397461,63.77000045776367,3381800,Yahoo Finance NET
2020-11-16,us,NET,NET,60.38999938964844,64.87999725341797,60.0,64.54000091552734,4896900,Yahoo Finance NET
2020-11-17,us,NET,NET,64.0,66.58000183105469,63.02000045776367,65.95999908447266,8617800,Yahoo Finance NET
2020-11-18,us,NET,NET,66.75,66.86000061035156,64.02999877929688,64.4800033569336,4101400,Yahoo Finance NET
2020-11-19,us,NET,NET,64.94999694824219,66.33000183105469,64.30000305175781,65.88999938964844,4198800,Yahoo Finance NET
2020-11-20,us,NET,NET,66.0,68.20600128173828,65.5,66.55000305175781,6267800,Yahoo Finance NET
2020-11-23,us,NET,NET,67.0,67.25499725341797,64.58999633789062,66.08999633789062,4664300,Yahoo Finance NET
2020-11-24,us,NET,NET,66.19999694824219,68.91000366210938,65.11000061035156,66.69000244140625,4488800,Yahoo Finance NET
2020-11-25,us,NET,NET,66.73999786376953,70.0,66.72000122070312,69.98999786376953,5167200,Yahoo Finance NET
2020-11-27,us,NET,NET,71.0,74.93000030517578,70.95999908447266,74.76000213623047,5107800,Yahoo Finance NET
2020-11-30,us,NET,NET,74.1500015258789,76.7699966430664,70.0999984741211,75.08000183105469,17157600,Yahoo Finance NET
2020-12-01,us,NET,NET,76.80000305175781,76.80000305175781,71.16999816894531,72.29000091552734,5447600,Yahoo Finance NET
2020-12-02,us,NET,NET,71.63999938964844,71.98999786376953,68.83000183105469,71.9000015258789,3343400,Yahoo Finance NET
2020-12-03,us,NET,NET,72.97000122070312,75.19000244140625,72.33000183105469,74.12999725341797,3391200,Yahoo Finance NET
2020-12-04,us,NET,NET,74.47000122070312,77.83999633789062,74.04000091552734,77.3499984741211,4043800,Yahoo Finance NET
2020-12-07,us,NET,NET,77.37000274658203,82.5199966430664,77.30999755859375,81.95999908447266,4541300,Yahoo Finance NET
2020-12-08,us,NET,NET,82.16000366210938,84.36000061035156,80.9000015258789,83.55000305175781,4894800,Yahoo Finance NET
2020-12-09,us,NET,NET,82.01000213623047,82.36000061035156,75.7300033569336,77.30999755859375,6031200,Yahoo Finance NET
2020-12-10,us,NET,NET,77.0,86.20999908447266,76.37000274658203,84.05000305175781,8571600,Yahoo Finance NET
2020-12-11,us,NET,NET,83.41999816894531,83.41999816894531,78.80999755859375,82.41000366210938,5866000,Yahoo Finance NET
2020-12-14,us,NET,NET,83.26000213623047,84.19999694824219,80.97000122070312,81.43000030517578,4149600,Yahoo Finance NET
2020-12-15,us,NET,NET,81.88999938964844,83.37000274658203,80.4209976196289,81.45999908447266,5089100,Yahoo Finance NET
2020-12-16,us,NET,NET,82.0,82.0,79.68399810791016,81.80999755859375,4110400,Yahoo Finance NET
2020-12-17,us,NET,NET,82.1500015258789,82.48999786376953,79.61000061035156,81.81999969482422,4915100,Yahoo Finance NET
2020-12-18,us,NET,NET,82.0,84.19999694824219,81.05000305175781,83.80999755859375,9964600,Yahoo Finance NET
2020-12-21,us,NET,NET,85.33000183105469,87.19999694824219,82.95999908447266,86.20999908447266,6874700,Yahoo Finance NET
2020-12-22,us,NET,NET,87.0,88.7699966430664,84.44000244140625,86.55999755859375,5595400,Yahoo Finance NET
2020-12-23,us,NET,NET,86.55000305175781,86.55000305175781,81.25,81.9000015258789,4847500,Yahoo Finance NET
2020-12-24,us,NET,NET,83.95999908447266,87.30000305175781,82.63400268554688,84.9800033569336,2892200,Yahoo Finance NET
2020-12-28,us,NET,NET,86.7300033569336,86.7300033569336,77.48999786376953,77.5,7276100,Yahoo Finance NET
2020-12-29,us,NET,NET,79.13999938964844,80.12000274658203,75.94000244140625,76.4000015258789,6518100,Yahoo Finance NET
2020-12-30,us,NET,NET,77.20999908447266,78.3499984741211,74.51000213623047,77.52999877929688,5049100,Yahoo Finance NET
2020-12-31,us,NET,NET,77.44999694824219,77.79000091552734,75.04000091552734,75.98999786376953,3444300,Yahoo Finance NET
2021-01-04,us,NET,NET,77.55999755859375,77.69999694824219,72.22000122070312,74.58999633789062,4439600,Yahoo Finance NET
2021-01-05,us,NET,NET,73.12999725341797,75.9000015258789,73.01000213623047,75.13999938964844,2864500,Yahoo Finance NET
2021-01-06,us,NET,NET,73.0,75.2300033569336,71.01000213623047,73.2699966430664,4467800,Yahoo Finance NET
2021-01-07,us,NET,NET,74.4000015258789,79.19000244140625,74.30999755859375,79.0199966430664,6191900,Yahoo Finance NET
2021-01-08,us,NET,NET,80.16000366210938,81.94000244140625,77.55000305175781,79.1500015258789,4577900,Yahoo Finance NET
2021-01-11,us,NET,NET,78.0,79.88999938964844,76.20999908447266,76.5,3381500,Yahoo Finance NET
2021-01-12,us,NET,NET,77.0,78.22000122070312,75.69000244140625,77.81999969482422,2961400,Yahoo Finance NET
2021-01-13,us,NET,NET,78.58000183105469,82.69999694824219,77.9800033569336,82.4800033569336,5644000,Yahoo Finance NET
2021-01-14,us,NET,NET,83.31999969482422,84.77999877929688,79.72000122070312,80.51000213623047,4372900,Yahoo Finance NET
2021-01-15,us,NET,NET,80.86000061035156,82.47000122070312,77.19000244140625,77.8499984741211,3382200,Yahoo Finance NET
2021-01-19,us,NET,NET,79.3499984741211,81.66999816894531,79.16000366210938,81.44000244140625,3019700,Yahoo Finance NET
2021-01-20,us,NET,NET,83.0,84.0199966430664,81.16999816894531,83.51000213623047,3509800,Yahoo Finance NET
2021-01-21,us,NET,NET,84.1500015258789,84.98999786376953,82.0199966430664,83.0199966430664,2987200,Yahoo Finance NET
2021-01-22,us,NET,NET,82.5,83.84300231933594,81.80999755859375,83.47000122070312,2779600,Yahoo Finance NET
2021-01-25,us,NET,NET,85.0,87.1500015258789,77.5999984741211,82.77999877929688,5263600,Yahoo Finance NET
2021-01-26,us,NET,NET,82.73999786376953,82.75,76.91000366210938,77.02999877929688,4099400,Yahoo Finance NET
2021-01-27,us,NET,NET,75.16000366210938,77.66000366210938,71.5,74.56999969482422,5028600,Yahoo Finance NET
2021-01-28,us,NET,NET,75.0999984741211,79.72000122070312,74.3499984741211,78.80000305175781,3855700,Yahoo Finance NET
2021-01-29,us,NET,NET,78.02999877929688,78.5,74.79000091552734,76.66000366210938,3583900,Yahoo Finance NET
2021-02-01,us,NET,NET,77.75,80.55999755859375,76.55000305175781,80.4800033569336,2645400,Yahoo Finance NET
2021-02-02,us,NET,NET,81.81999969482422,83.73999786376953,80.04000091552734,83.56999969482422,3292800,Yahoo Finance NET
2021-02-03,us,NET,NET,84.37999725341797,84.80000305175781,82.06999969482422,82.33999633789062,2622100,Yahoo Finance NET
2021-02-04,us,NET,NET,82.55999755859375,83.97000122070312,81.75,83.04000091552734,1833200,Yahoo Finance NET
2021-02-05,us,NET,NET,83.5,85.94000244140625,82.93000030517578,85.55999755859375,3250100,Yahoo Finance NET
2021-02-08,us,NET,NET,87.0,91.94999694824219,86.3489990234375,91.12999725341797,5880200,Yahoo Finance NET
2021-02-09,us,NET,NET,91.08999633789062,94.81999969482422,90.22200012207031,93.45999908447266,4914200,Yahoo Finance NET
2021-02-10,us,NET,NET,94.7699966430664,95.7699966430664,87.33000183105469,90.91000366210938,4522500,Yahoo Finance NET
2021-02-11,us,NET,NET,92.7699966430664,93.0,89.33999633789062,91.27999877929688,5335000,Yahoo Finance NET
2021-02-12,us,NET,NET,86.31999969482422,87.56999969482422,83.33000183105469,85.94999694824219,10650400,Yahoo Finance NET
2021-02-16,us,NET,NET,84.80999755859375,84.92500305175781,81.0199966430664,82.06999969482422,7335300,Yahoo Finance NET
2021-02-17,us,NET,NET,82.62000274658203,87.05999755859375,80.26200103759766,84.4000015258789,5794800,Yahoo Finance NET
2021-02-18,us,NET,NET,83.01000213623047,85.25,81.5999984741211,82.79000091552734,5202300,Yahoo Finance NET
2021-02-19,us,NET,NET,84.0,85.81999969482422,81.62999725341797,82.16999816894531,4910100,Yahoo Finance NET
2021-02-22,us,NET,NET,81.48999786376953,82.66999816894531,78.27999877929688,78.37999725341797,4310800,Yahoo Finance NET
2021-02-23,us,NET,NET,74.5,77.37000274658203,70.7040023803711,77.27999877929688,6740300,Yahoo Finance NET
2021-02-24,us,NET,NET,75.98999786376953,76.61000061035156,73.1500015258789,76.43000030517578,4900400,Yahoo Finance NET
2021-02-25,us,NET,NET,75.54000091552734,76.2300033569336,70.56500244140625,71.72000122070312,4565100,Yahoo Finance NET
2021-02-26,us,NET,NET,72.4000015258789,74.29000091552734,70.86000061035156,73.97000122070312,7740700,Yahoo Finance NET
2021-03-01,us,NET,NET,75.41000366210938,77.16999816894531,74.43000030517578,76.9000015258789,3262300,Yahoo Finance NET
2021-03-02,us,NET,NET,77.19999694824219,77.48999786376953,74.4800033569336,75.5,5204100,Yahoo Finance NET
2021-03-03,us,NET,NET,74.9000015258789,75.58000183105469,70.05999755859375,70.83000183105469,3560500,Yahoo Finance NET
2021-03-04,us,NET,NET,70.0,72.1500015258789,64.75,67.30000305175781,7396100,Yahoo Finance NET
2021-03-05,us,NET,NET,67.1500015258789,67.38999938964844,60.959999084472656,67.02999877929688,9858100,Yahoo Finance NET
2021-03-08,us,NET,NET,65.69000244140625,68.05000305175781,61.77000045776367,61.77000045776367,6720200,Yahoo Finance NET
2021-03-09,us,NET,NET,65.77999877929688,69.7300033569336,63.854000091552734,69.43000030517578,6089800,Yahoo Finance NET
2021-03-10,us,NET,NET,71.22000122070312,72.33999633789062,68.97000122070312,70.48999786376953,6062900,Yahoo Finance NET
2021-03-11,us,NET,NET,73.55999755859375,76.77999877929688,72.37999725341797,76.61000061035156,4746900,Yahoo Finance NET
2021-03-12,us,NET,NET,73.7699966430664,76.33999633789062,72.04000091552734,76.30000305175781,3229000,Yahoo Finance NET
2021-03-15,us,NET,NET,76.0,76.1500015258789,73.83000183105469,75.1500015258789,2622200,Yahoo Finance NET
2021-03-16,us,NET,NET,75.63999938964844,77.04000091552734,72.80000305175781,74.04000091552734,2949800,Yahoo Finance NET
2021-03-17,us,NET,NET,71.94999694824219,75.75,70.76000213623047,74.81999969482422,2631200,Yahoo Finance NET
2021-03-18,us,NET,NET,73.81999969482422,73.8949966430664,69.3270034790039,70.41999816894531,3725000,Yahoo Finance NET
2021-03-19,us,NET,NET,71.08999633789062,72.0199966430664,69.58000183105469,71.69000244140625,6369600,Yahoo Finance NET
2021-03-22,us,NET,NET,72.0,74.05000305175781,71.37000274658203,72.76000213623047,1935400,Yahoo Finance NET
2021-03-23,us,NET,NET,73.33000183105469,74.06500244140625,71.95999908447266,72.37000274658203,2121200,Yahoo Finance NET
2021-03-24,us,NET,NET,75.0,75.0,67.80000305175781,67.83000183105469,3828800,Yahoo Finance NET
2021-03-25,us,NET,NET,65.37000274658203,67.41999816894531,64.0199966430664,66.6500015258789,4097100,Yahoo Finance NET
2021-03-26,us,NET,NET,67.81999969482422,68.91999816894531,64.75,67.56999969482422,2118200,Yahoo Finance NET
2021-03-29,us,NET,NET,67.18000030517578,67.91500091552734,64.91000366210938,65.62999725341797,2276600,Yahoo Finance NET
2021-03-30,us,NET,NET,64.7699966430664,66.24099731445312,63.25,65.80000305175781,3499700,Yahoo Finance NET
2021-03-31,us,NET,NET,67.19999694824219,71.43000030517578,67.0199966430664,70.26000213623047,2872600,Yahoo Finance NET
2021-04-01,us,NET,NET,73.16999816894531,74.22000122070312,71.54000091552734,71.79000091552734,2020500,Yahoo Finance NET
2021-04-05,us,NET,NET,72.58000183105469,72.98999786376953,70.04000091552734,71.16999816894531,2299100,Yahoo Finance NET
2021-04-06,us,NET,NET,70.80000305175781,73.7300033569336,70.80000305175781,72.20999908447266,1845500,Yahoo Finance NET
2021-04-07,us,NET,NET,72.06999969482422,72.12000274658203,69.51000213623047,70.05000305175781,5729900,Yahoo Finance NET
2021-04-08,us,NET,NET,71.2300033569336,73.36000061035156,70.66000366210938,72.36000061035156,5341200,Yahoo Finance NET
2021-04-09,us,NET,NET,72.51000213623047,72.66999816894531,69.9000015258789,70.87999725341797,3472400,Yahoo Finance NET
2021-04-12,us,NET,NET,69.75,70.69000244140625,68.30999755859375,69.7300033569336,2268200,Yahoo Finance NET
2021-04-13,us,NET,NET,70.38999938964844,79.80999755859375,69.83999633789062,77.61000061035156,13151700,Yahoo Finance NET
2021-04-14,us,NET,NET,77.9000015258789,77.97000122070312,74.4000015258789,74.56999969482422,4760600,Yahoo Finance NET
2021-04-15,us,NET,NET,75.69999694824219,78.83000183105469,75.5999984741211,78.08999633789062,4165600,Yahoo Finance NET
2021-04-16,us,NET,NET,78.16000366210938,79.0199966430664,73.43000030517578,74.23999786376953,3597300,Yahoo Finance NET
2021-04-19,us,NET,NET,73.80000305175781,75.48999786376953,71.70999908447266,73.30000305175781,2494200,Yahoo Finance NET
2021-04-20,us,NET,NET,74.11000061035156,74.37000274658203,70.9000015258789,72.38999938964844,3419900,Yahoo Finance NET
2021-04-21,us,NET,NET,71.18000030517578,74.0,70.51000213623047,73.77999877929688,1898800,Yahoo Finance NET
2021-04-22,us,NET,NET,74.91999816894531,78.01499938964844,74.51000213623047,75.43000030517578,4023800,Yahoo Finance NET
2021-04-23,us,NET,NET,77.76000213623047,83.47000122070312,76.5199966430664,82.72000122070312,7106200,Yahoo Finance NET
2021-04-26,us,NET,NET,81.5,85.0,80.88999938964844,84.76000213623047,5258600,Yahoo Finance NET
2021-04-27,us,NET,NET,84.83000183105469,88.04000091552734,84.7699966430664,87.01000213623047,5852100,Yahoo Finance NET
2021-04-28,us,NET,NET,86.12999725341797,86.56999969482422,83.8499984741211,86.16000366210938,3484500,Yahoo Finance NET
2021-04-29,us,NET,NET,87.0,87.0,83.36499786376953,84.88999938964844,3797200,Yahoo Finance NET
2021-04-30,us,NET,NET,84.08999633789062,86.16000366210938,82.69000244140625,84.73999786376953,4159400,Yahoo Finance NET
2021-05-03,us,NET,NET,84.81999969482422,85.37999725341797,82.19999694824219,84.05999755859375,4926500,Yahoo Finance NET
2021-05-04,us,NET,NET,81.48999786376953,82.72000122070312,79.02999877929688,80.19000244140625,5738700,Yahoo Finance NET
2021-05-05,us,NET,NET,81.04000091552734,82.05999755859375,77.5,79.0199966430664,5333900,Yahoo Finance NET
2021-05-06,us,NET,NET,73.9000015258789,75.56400299072266,67.43000030517578,69.06999969482422,10109600,Yahoo Finance NET
2021-05-07,us,NET,NET,74.93000030517578,78.22000122070312,71.13999938964844,71.62000274658203,7155700,Yahoo Finance NET
2021-05-10,us,NET,NET,69.9000015258789,70.55000305175781,66.75,68.87000274658203,6297100,Yahoo Finance NET
2021-05-11,us,NET,NET,64.94999694824219,71.73999786376953,64.83999633789062,71.29000091552734,5715700,Yahoo Finance NET
2021-05-12,us,NET,NET,70.86000061035156,71.44999694824219,68.16500091552734,69.69000244140625,3186500,Yahoo Finance NET
2021-05-13,us,NET,NET,70.05000305175781,71.43000030517578,65.62000274658203,66.6500015258789,3311800,Yahoo Finance NET
2021-05-14,us,NET,NET,67.22000122070312,72.63999938964844,67.22000122070312,72.30000305175781,2807000,Yahoo Finance NET
2021-05-17,us,NET,NET,69.0,71.58999633789062,68.9000015258789,70.95999908447266,2702800,Yahoo Finance NET
2021-05-18,us,NET,NET,72.6500015258789,73.91999816894531,71.58999633789062,72.43000030517578,3505100,Yahoo Finance NET
2021-05-19,us,NET,NET,68.66500091552734,70.83000183105469,68.16000366210938,70.79000091552734,4239200,Yahoo Finance NET
2021-05-20,us,NET,NET,71.48999786376953,74.73999786376953,71.0,74.5,3931100,Yahoo Finance NET
2021-05-21,us,NET,NET,75.12000274658203,75.79000091552734,73.38999938964844,74.80000305175781,2854500,Yahoo Finance NET
2021-05-24,us,NET,NET,75.8499984741211,79.40899658203125,75.18000030517578,78.87999725341797,3006100,Yahoo Finance NET
2021-05-25,us,NET,NET,79.5,80.7300033569336,78.94000244140625,79.58999633789062,3323200,Yahoo Finance NET
2021-05-26,us,NET,NET,80.0,81.06999969482422,79.41000366210938,79.87999725341797,2772400,Yahoo Finance NET
2021-05-27,us,NET,NET,80.3499984741211,83.0,78.0999984741211,82.80999755859375,6704800,Yahoo Finance NET
2021-05-28,us,NET,NET,82.41999816894531,83.80000305175781,81.95999908447266,82.05999755859375,2400100,Yahoo Finance NET
2021-06-01,us,NET,NET,82.33000183105469,83.36000061035156,80.31999969482422,83.06999969482422,2976100,Yahoo Finance NET
2021-06-02,us,NET,NET,83.12999725341797,84.12000274658203,82.5,83.86000061035156,1983300,Yahoo Finance NET
2021-06-03,us,NET,NET,83.23999786376953,83.37999725341797,80.44999694824219,81.91999816894531,1588300,Yahoo Finance NET
2021-06-04,us,NET,NET,82.80999755859375,84.0999984741211,82.7239990234375,83.08000183105469,1496600,Yahoo Finance NET
2021-06-07,us,NET,NET,83.06999969482422,86.1500015258789,82.19999694824219,85.83999633789062,3186200,Yahoo Finance NET
2021-06-08,us,NET,NET,86.83999633789062,90.83999633789062,86.83999633789062,89.77999877929688,4686800,Yahoo Finance NET
2021-06-09,us,NET,NET,89.77999877929688,90.80000305175781,87.70999908447266,90.12999725341797,2782900,Yahoo Finance NET
2021-06-10,us,NET,NET,90.0,93.6449966430664,88.80999755859375,93.47000122070312,3369100,Yahoo Finance NET
2021-06-11,us,NET,NET,92.94000244140625,94.4000015258789,92.20999908447266,94.0,2712400,Yahoo Finance NET
2021-06-14,us,NET,NET,94.69999694824219,97.32499694824219,93.66999816894531,95.63999938964844,4320700,Yahoo Finance NET
2021-06-15,us,NET,NET,94.33000183105469,95.83999633789062,92.81999969482422,93.4000015258789,3112300,Yahoo Finance NET
2021-06-16,us,NET,NET,92.70999908447266,95.20999908447266,92.0,94.76000213623047,3671700,Yahoo Finance NET
2021-06-17,us,NET,NET,94.41000366210938,101.29000091552734,94.0,100.69000244140625,6651300,Yahoo Finance NET
2021-06-18,us,NET,NET,102.30000305175781,102.44599914550781,98.80000305175781,101.68000030517578,7301600,Yahoo Finance NET
2021-06-21,us,NET,NET,100.9800033569336,101.8499984741211,96.61000061035156,101.08000183105469,4245000,Yahoo Finance NET
2021-06-22,us,NET,NET,101.0,103.23999786376953,100.66000366210938,102.56999969482422,4082600,Yahoo Finance NET
2021-06-23,us,NET,NET,102.79000091552734,104.16999816894531,102.12999725341797,103.73999786376953,3066600,Yahoo Finance NET
2021-06-24,us,NET,NET,104.73999786376953,109.9800033569336,103.87000274658203,104.56999969482422,5234200,Yahoo Finance NET
2021-06-25,us,NET,NET,105.0,106.22000122070312,102.52999877929688,104.83999633789062,10476900,Yahoo Finance NET
2021-06-28,us,NET,NET,105.77999877929688,106.63500213623047,104.12000274658203,106.04000091552734,2401000,Yahoo Finance NET
2021-06-29,us,NET,NET,105.33000183105469,108.0,104.8499984741211,107.5999984741211,1853700,Yahoo Finance NET
2021-06-30,us,NET,NET,107.04000091552734,107.44999694824219,105.76000213623047,105.83999633789062,2286400,Yahoo Finance NET
2021-07-01,us,NET,NET,106.0,106.47000122070312,103.27999877929688,104.38999938964844,2519900,Yahoo Finance NET
2021-07-02,us,NET,NET,105.8499984741211,107.5999984741211,105.30000305175781,106.0199966430664,1455200,Yahoo Finance NET
2021-07-06,us,NET,NET,106.41000366210938,109.19999694824219,106.0199966430664,108.93000030517578,3269200,Yahoo Finance NET
2021-07-07,us,NET,NET,109.91999816894531,110.94400024414062,106.80000305175781,108.3499984741211,2726300,Yahoo Finance NET
2021-07-08,us,NET,NET,103.7699966430664,109.68000030517578,101.69999694824219,108.77999877929688,2634300,Yahoo Finance NET
2021-07-09,us,NET,NET,108.38999938964844,109.47000122070312,105.66000366210938,108.97000122070312,1909300,Yahoo Finance NET
2021-07-12,us,NET,NET,110.30000305175781,111.97000122070312,106.05999755859375,107.27999877929688,2810100,Yahoo Finance NET
2021-07-13,us,NET,NET,107.68000030517578,108.91999816894531,105.94999694824219,106.51000213623047,1491900,Yahoo Finance NET
2021-07-14,us,NET,NET,107.68000030517578,108.77999877929688,103.69999694824219,104.37999725341797,2687500,Yahoo Finance NET
2021-07-15,us,NET,NET,104.06999969482422,106.0,101.38999938964844,102.66999816894531,2343200,Yahoo Finance NET
2021-07-16,us,NET,NET,103.5999984741211,104.25800323486328,101.3499984741211,102.66000366210938,1941900,Yahoo Finance NET
2021-07-19,us,NET,NET,101.0,106.62999725341797,99.51399993896484,105.5199966430664,2869500,Yahoo Finance NET
2021-07-20,us,NET,NET,104.48999786376953,108.66000366210938,102.30000305175781,107.68000030517578,2617000,Yahoo Finance NET
2021-07-21,us,NET,NET,107.01000213623047,109.77999877929688,105.61000061035156,109.5199966430664,1731800,Yahoo Finance NET
2021-07-22,us,NET,NET,110.16000366210938,115.37999725341797,109.76000213623047,113.7699966430664,2898900,Yahoo Finance NET
2021-07-23,us,NET,NET,114.05000305175781,117.4000015258789,112.52999877929688,117.23999786376953,2369800,Yahoo Finance NET
2021-07-26,us,NET,NET,116.93000030517578,117.48999786376953,115.25,116.7300033569336,1770600,Yahoo Finance NET
2021-07-27,us,NET,NET,116.56999969482422,116.99199676513672,112.2699966430664,115.47000122070312,2169500,Yahoo Finance NET
2021-07-28,us,NET,NET,116.38999938964844,119.93000030517578,115.87000274658203,119.75,2534900,Yahoo Finance NET
2021-07-29,us,NET,NET,119.38999938964844,122.7699966430664,119.11000061035156,120.38999938964844,2455700,Yahoo Finance NET
2021-07-30,us,NET,NET,119.37999725341797,122.08000183105469,117.98999786376953,118.62999725341797,2546500,Yahoo Finance NET
2021-08-02,us,NET,NET,119.2699966430664,120.44999694824219,114.83999633789062,118.58999633789062,1983700,Yahoo Finance NET
2021-08-03,us,NET,NET,118.79000091552734,120.0,117.41999816894531,119.56999969482422,1639800,Yahoo Finance NET
2021-08-04,us,NET,NET,119.9000015258789,121.25,118.81999969482422,120.0,2451600,Yahoo Finance NET
2021-08-05,us,NET,NET,118.9800033569336,122.23500061035156,117.80000305175781,121.45999908447266,3640300,Yahoo Finance NET
2021-08-06,us,NET,NET,117.27999877929688,121.33000183105469,115.0,118.81999969482422,3405500,Yahoo Finance NET
2021-08-09,us,NET,NET,117.9800033569336,125.45999908447266,117.12999725341797,123.43000030517578,4416200,Yahoo Finance NET
2021-08-10,us,NET,NET,125.7300033569336,127.69999694824219,122.38999938964844,125.47000122070312,8163400,Yahoo Finance NET
2021-08-11,us,NET,NET,123.25,124.0,116.37999725341797,119.01000213623047,7776800,Yahoo Finance NET
2021-08-12,us,NET,NET,117.4000015258789,125.77999877929688,117.00199890136719,122.2300033569336,5853900,Yahoo Finance NET
2021-08-13,us,NET,NET,122.30999755859375,123.52999877929688,120.16000366210938,121.75,1732200,Yahoo Finance NET
2021-08-16,us,NET,NET,119.5199966430664,120.99199676513672,116.63999938964844,120.37999725341797,3321900,Yahoo Finance NET
2021-08-17,us,NET,NET,120.22000122070312,121.33000183105469,117.93000030517578,119.83999633789062,2435100,Yahoo Finance NET
2021-08-18,us,NET,NET,118.98999786376953,119.31999969482422,116.54000091552734,116.93000030517578,2817500,Yahoo Finance NET
2021-08-19,us,NET,NET,115.88999938964844,120.0,115.00299835205078,118.1500015258789,2523700,Yahoo Finance NET
2021-08-20,us,NET,NET,119.0,122.41500091552734,118.1500015258789,119.95999908447266,2463400,Yahoo Finance NET
2021-08-23,us,NET,NET,121.16000366210938,124.33999633789062,120.0999984741211,124.18000030517578,1767100,Yahoo Finance NET
2021-08-24,us,NET,NET,125.0,125.75,122.83999633789062,124.0199966430664,1361100,Yahoo Finance NET
2021-08-25,us,NET,NET,124.38999938964844,125.43000030517578,122.80999755859375,123.23999786376953,1176900,Yahoo Finance NET
2021-08-26,us,NET,NET,123.22000122070312,124.22000122070312,120.76000213623047,120.9000015258789,1619700,Yahoo Finance NET
2021-08-27,us,NET,NET,122.47000122070312,124.97000122070312,121.5,123.56999969482422,1993800,Yahoo Finance NET
2021-08-30,us,NET,NET,122.58999633789062,124.62999725341797,121.05999755859375,123.41999816894531,1849600,Yahoo Finance NET
2021-08-31,us,NET,NET,123.41999816894531,123.44000244140625,120.37000274658203,120.73999786376953,3166400,Yahoo Finance NET
2021-09-01,us,NET,NET,120.0,129.6699981689453,119.2699966430664,126.86000061035156,5168700,Yahoo Finance NET
2021-09-02,us,NET,NET,128.0,129.6219940185547,126.18000030517578,128.61000061035156,2171600,Yahoo Finance NET
2021-09-03,us,NET,NET,128.47999572753906,131.593994140625,128.03900146484375,130.44000244140625,2440100,Yahoo Finance NET
2021-09-07,us,NET,NET,131.00999450683594,132.08999633789062,127.61100006103516,131.27999877929688,2196200,Yahoo Finance NET
2021-09-08,us,NET,NET,130.4199981689453,131.17999267578125,126.51000213623047,128.17999267578125,1884400,Yahoo Finance NET
2021-09-09,us,NET,NET,129.0,131.32000732421875,127.94999694824219,127.98999786376953,1966800,Yahoo Finance NET
2021-09-10,us,NET,NET,129.30999755859375,130.44000244140625,127.38999938964844,127.4800033569336,1734400,Yahoo Finance NET
2021-09-13,us,NET,NET,127.98999786376953,128.27000427246094,120.83000183105469,124.69999694824219,3100700,Yahoo Finance NET
2021-09-14,us,NET,NET,125.20999908447266,128.9199981689453,125.20999908447266,126.76000213623047,2925900,Yahoo Finance NET
2021-09-15,us,NET,NET,126.5199966430664,128.8350067138672,125.08000183105469,128.5500030517578,2191300,Yahoo Finance NET
2021-09-16,us,NET,NET,129.0,133.9499969482422,128.10299682617188,133.49000549316406,3107000,Yahoo Finance NET
2021-09-17,us,NET,NET,133.0,134.5399932861328,130.50999450683594,131.41000366210938,6355400,Yahoo Finance NET
2021-09-20,us,NET,NET,125.27999877929688,129.4199981689453,124.83999633789062,127.19000244140625,2335400,Yahoo Finance NET
2021-09-21,us,NET,NET,128.99000549316406,131.39999389648438,127.76000213623047,130.39999389648438,1834300,Yahoo Finance NET
2021-09-22,us,NET,NET,130.60000610351562,137.07000732421875,130.39999389648438,136.97000122070312,3002400,Yahoo Finance NET
2021-09-23,us,NET,NET,136.97000122070312,137.0,130.82000732421875,135.6699981689453,3859100,Yahoo Finance NET
2021-09-24,us,NET,NET,130.77000427246094,132.99000549316406,127.80999755859375,130.36000061035156,3902700,Yahoo Finance NET
2021-09-27,us,NET,NET,127.98999786376953,128.60000610351562,121.7300033569336,122.80999755859375,4487500,Yahoo Finance NET
2021-09-28,us,NET,NET,119.33000183105469,119.33000183105469,112.80000305175781,113.08000183105469,5888100,Yahoo Finance NET
2021-09-29,us,NET,NET,115.29000091552734,115.83999633789062,110.68000030517578,112.33999633789062,3715900,Yahoo Finance NET
2021-09-30,us,NET,NET,113.13999938964844,115.31999969482422,110.77999877929688,112.6500015258789,3379300,Yahoo Finance NET
2021-10-01,us,NET,NET,113.01000213623047,115.0199966430664,108.93000030517578,114.9800033569336,3446700,Yahoo Finance NET
2021-10-04,us,NET,NET,114.0,115.81999969482422,111.56999969482422,115.7300033569336,4170800,Yahoo Finance NET
2021-10-05,us,NET,NET,116.73999786376953,125.62000274658203,116.73999786376953,125.58999633789062,6688800,Yahoo Finance NET
2021-10-06,us,NET,NET,123.9800033569336,135.10499572753906,123.9800033569336,133.44000244140625,7620100,Yahoo Finance NET
2021-10-07,us,NET,NET,134.0399932861328,137.02999877929688,132.5399932861328,136.9199981689453,4040400,Yahoo Finance NET
2021-10-08,us,NET,NET,137.14999389648438,139.89999389648438,134.74000549316406,139.66000366210938,2996900,Yahoo Finance NET
2021-10-11,us,NET,NET,135.3249969482422,145.6999969482422,134.92999267578125,144.27000427246094,5379700,Yahoo Finance NET
2021-10-12,us,NET,NET,145.99000549316406,151.468994140625,144.8000030517578,150.94000244140625,4142700,Yahoo Finance NET
2021-10-13,us,NET,NET,151.8000030517578,159.47000122070312,151.19000244140625,159.42999267578125,5762100,Yahoo Finance NET
2021-10-14,us,NET,NET,161.86000061035156,166.13999938964844,159.5500030517578,165.27999877929688,6421000,Yahoo Finance NET
2021-10-15,us,NET,NET,162.42999267578125,168.9499969482422,162.26699829101562,167.69000244140625,6212800,Yahoo Finance NET
2021-10-18,us,NET,NET,167.60000610351562,182.89999389648438,167.0,180.77000427246094,7068700,Yahoo Finance NET
2021-10-19,us,NET,NET,179.5,180.0,171.32000732421875,172.88999938964844,7857300,Yahoo Finance NET
2021-10-20,us,NET,NET,175.8000030517578,176.8000030517578,168.2899932861328,175.4499969482422,5040600,Yahoo Finance NET
2021-10-21,us,NET,NET,176.8800048828125,183.8000030517578,176.00999450683594,182.0,3570100,Yahoo Finance NET
2021-10-22,us,NET,NET,182.61000061035156,184.4669952392578,177.22000122070312,181.35000610351562,3081400,Yahoo Finance NET
2021-10-25,us,NET,NET,182.0,192.0800018310547,179.72999572753906,189.41000366210938,3585100,Yahoo Finance NET
2021-10-26,us,NET,NET,190.80999755859375,191.17999267578125,181.61300659179688,185.36000061035156,2888400,Yahoo Finance NET
2021-10-27,us,NET,NET,180.5,187.50999450683594,178.11000061035156,178.64999389648438,3698200,Yahoo Finance NET
2021-10-28,us,NET,NET,177.49000549316406,186.47000122070312,174.74000549316406,184.0500030517578,3154800,Yahoo Finance NET
2021-10-29,us,NET,NET,183.36000061035156,196.8000030517578,182.77999877929688,194.72000122070312,3943300,Yahoo Finance NET
2021-11-01,us,NET,NET,194.75,194.7740020751953,188.6300048828125,194.25999450683594,3016400,Yahoo Finance NET
2021-11-02,us,NET,NET,194.99000549316406,196.35000610351562,189.1999969482422,192.3699951171875,2122900,Yahoo Finance NET
2021-11-03,us,NET,NET,193.52000427246094,196.0,189.4600067138672,194.85000610351562,2180500,Yahoo Finance NET
2021-11-04,us,NET,NET,195.0,202.27999877929688,193.5,201.08999633789062,3812300,Yahoo Finance NET
2021-11-05,us,NET,NET,216.0800018310547,218.0,192.49000549316406,197.25999450683594,5071300,Yahoo Finance NET
2021-11-08,us,NET,NET,194.5,211.25999450683594,192.55999755859375,210.0,3970800,Yahoo Finance NET
2021-11-09,us,NET,NET,207.0,209.89999389648438,200.3000030517578,204.60000610351562,2976700,Yahoo Finance NET
2021-11-10,us,NET,NET,202.99000549316406,204.9499969482422,192.85000610351562,195.36000061035156,2888000,Yahoo Finance NET
2021-11-11,us,NET,NET,200.57000732421875,202.99000549316406,195.8000030517578,196.25999450683594,1781900,Yahoo Finance NET
2021-11-12,us,NET,NET,199.3800048828125,207.4600067138672,197.43099975585938,204.75999450683594,2153400,Yahoo Finance NET
2021-11-15,us,NET,NET,205.63999938964844,209.0,204.75999450683594,206.60000610351562,2515000,Yahoo Finance NET
2021-11-16,us,NET,NET,205.0,214.9429931640625,204.63999938964844,212.1699981689453,2825600,Yahoo Finance NET
2021-11-17,us,NET,NET,211.97999572753906,216.0,208.0399932861328,211.8000030517578,2277200,Yahoo Finance NET
2021-11-18,us,NET,NET,211.08999633789062,221.63999938964844,208.5,217.25,3186500,Yahoo Finance NET
2021-11-19,us,NET,NET,216.8000030517578,220.7899932861328,210.94000244140625,211.0399932861328,2510800,Yahoo Finance NET
2021-11-22,us,NET,NET,209.72999572753906,212.5,185.67999267578125,186.4499969482422,5795600,Yahoo Finance NET
2021-11-23,us,NET,NET,183.88999938964844,191.41000366210938,178.4199981689453,184.64999389648438,4527900,Yahoo Finance NET
2021-11-24,us,NET,NET,182.0,198.27999877929688,180.0,197.38999938964844,3945300,Yahoo Finance NET
2021-11-26,us,NET,NET,198.63999938964844,205.7899932861328,196.72999572753906,200.1199951171875,2248300,Yahoo Finance NET
2021-11-29,us,NET,NET,197.5,199.2100067138672,185.7100067138672,191.08999633789062,4083700,Yahoo Finance NET
2021-11-30,us,NET,NET,192.55999755859375,196.97999572753906,182.58999633789062,188.24000549316406,5191400,Yahoo Finance NET
2021-12-01,us,NET,NET,190.1199951171875,190.52499389648438,163.86000061035156,164.2100067138672,6770900,Yahoo Finance NET
2021-12-02,us,NET,NET,163.82000732421875,174.47999572753906,162.52000427246094,166.3699951171875,5238400,Yahoo Finance NET
2021-12-03,us,NET,NET,166.97000122070312,167.6999969482422,150.1999969482422,159.69000244140625,6102000,Yahoo Finance NET
2021-12-06,us,NET,NET,153.47000122070312,155.60000610351562,144.52000427246094,147.69000244140625,7480700,Yahoo Finance NET
2021-12-07,us,NET,NET,155.64999389648438,160.69000244140625,155.27000427246094,156.25,3533600,Yahoo Finance NET
2021-12-08,us,NET,NET,156.83999633789062,162.3300018310547,150.02999877929688,160.44000244140625,3143000,Yahoo Finance NET
2021-12-09,us,NET,NET,165.66000366210938,170.39999389648438,148.7570037841797,150.1999969482422,4504400,Yahoo Finance NET
2021-12-10,us,NET,NET,151.50999450683594,155.66000366210938,139.69000244140625,140.47999572753906,5638300,Yahoo Finance NET
2021-12-13,us,NET,NET,140.4600067138672,147.74000549316406,140.0800018310547,145.02999877929688,5662100,Yahoo Finance NET
2021-12-14,us,NET,NET,134.0399932861328,138.75,127.2699966430664,132.0,9058800,Yahoo Finance NET
2021-12-15,us,NET,NET,132.0,141.75999450683594,129.5,139.0500030517578,5091000,Yahoo Finance NET
2021-12-16,us,NET,NET,142.99000549316406,143.49000549316406,128.64999389648438,131.8699951171875,5406900,Yahoo Finance NET
2021-12-17,us,NET,NET,129.7899932861328,137.80999755859375,127.2699966430664,134.58999633789062,8283500,Yahoo Finance NET
2021-12-20,us,NET,NET,128.47999572753906,134.76699829101562,123.9000015258789,131.88999938964844,4160300,Yahoo Finance NET
2021-12-21,us,NET,NET,134.5399932861328,144.6699981689453,131.88999938964844,144.33999633789062,4200400,Yahoo Finance NET
2021-12-22,us,NET,NET,143.41000366210938,145.25999450683594,135.8300018310547,136.80999755859375,3429000,Yahoo Finance NET
2021-12-23,us,NET,NET,137.1300048828125,138.0,133.27000427246094,137.27000427246094,2018300,Yahoo Finance NET
2021-12-27,us,NET,NET,138.0800018310547,141.33999633789062,137.10000610351562,138.94000244140625,2054700,Yahoo Finance NET
2021-12-28,us,NET,NET,140.80999755859375,140.80999755859375,132.42999267578125,132.92999267578125,2105700,Yahoo Finance NET
2021-12-29,us,NET,NET,132.42999267578125,134.13999938964844,129.07000732421875,133.3000030517578,1988100,Yahoo Finance NET
2021-12-30,us,NET,NET,132.00999450683594,136.69000244140625,132.00999450683594,133.1999969482422,1580700,Yahoo Finance NET
2021-12-31,us,NET,NET,133.27000427246094,134.875,130.5760040283203,131.5,2013700,Yahoo Finance NET
2022-01-03,us,NET,NET,131.07000732421875,132.10000610351562,122.70999908447266,126.16000366210938,3644300,Yahoo Finance NET
2022-01-04,us,NET,NET,124.5199966430664,125.97000122070312,108.58000183105469,114.95999908447266,9785400,Yahoo Finance NET
2022-01-05,us,NET,NET,113.5,116.16000366210938,103.45999908447266,105.94999694824219,6186000,Yahoo Finance NET
2022-01-06,us,NET,NET,103.5199966430664,108.58000183105469,102.1500015258789,104.04000091552734,5066600,Yahoo Finance NET
2022-01-07,us,NET,NET,102.87000274658203,110.04000091552734,101.7699966430664,107.0,6148300,Yahoo Finance NET
2022-01-10,us,NET,NET,102.0,111.02999877929688,100.01000213623047,110.75,5626800,Yahoo Finance NET
2022-01-11,us,NET,NET,110.2300033569336,115.80000305175781,109.05999755859375,114.13999938964844,4827500,Yahoo Finance NET
2022-01-12,us,NET,NET,117.0,122.12999725341797,112.0,113.97000122070312,5778200,Yahoo Finance NET
2022-01-13,us,NET,NET,112.94000244140625,114.05999755859375,98.48999786376953,98.9800033569336,8118600,Yahoo Finance NET
2022-01-14,us,NET,NET,99.25,101.94999694824219,95.58000183105469,100.29000091552734,5975100,Yahoo Finance NET
2022-01-18,us,NET,NET,97.0999984741211,100.1500015258789,93.30999755859375,93.62999725341797,5750500,Yahoo Finance NET
2022-01-19,us,NET,NET,94.98999786376953,99.47000122070312,93.86000061035156,94.31999969482422,4910200,Yahoo Finance NET
2022-01-20,us,NET,NET,95.86000061035156,102.61000061035156,93.19000244140625,93.41000366210938,4909500,Yahoo Finance NET
2022-01-21,us,NET,NET,94.37999725341797,96.43000030517578,87.83999633789062,88.55000305175781,7120700,Yahoo Finance NET
2022-01-24,us,NET,NET,84.6500015258789,94.43000030517578,80.11000061035156,93.27999877929688,9739000,Yahoo Finance NET
2022-01-25,us,NET,NET,90.63999938964844,92.44000244140625,83.52999877929688,84.77999877929688,7530500,Yahoo Finance NET
2022-01-26,us,NET,NET,88.75,90.56999969482422,79.0,80.06999969482422,7764700,Yahoo Finance NET
2022-01-27,us,NET,NET,82.56999969482422,83.7300033569336,79.44000244140625,80.33999633789062,5282500,Yahoo Finance NET
2022-01-28,us,NET,NET,81.08000183105469,84.48999786376953,76.61000061035156,84.18000030517578,5393200,Yahoo Finance NET
2022-01-31,us,NET,NET,86.5,96.47000122070312,86.47000122070312,96.4000015258789,6924400,Yahoo Finance NET
2022-02-01,us,NET,NET,97.62999725341797,104.06999969482422,95.7699966430664,102.43000030517578,9360300,Yahoo Finance NET
2022-02-02,us,NET,NET,103.21499633789062,103.24500274658203,97.0,99.80000305175781,7027200,Yahoo Finance NET
2022-02-03,us,NET,NET,96.63999938964844,100.8499984741211,94.2699966430664,96.66000366210938,4842100,Yahoo Finance NET
2022-02-04,us,NET,NET,98.45999908447266,106.08000183105469,94.52999877929688,103.19000244140625,5684400,Yahoo Finance NET
2022-02-07,us,NET,NET,103.6500015258789,115.11000061035156,103.25,107.0999984741211,8025800,Yahoo Finance NET
2022-02-08,us,NET,NET,104.52999877929688,110.94999694824219,102.12999725341797,109.95999908447266,4438600,Yahoo Finance NET
2022-02-09,us,NET,NET,111.3499984741211,115.30000305175781,108.33000183105469,114.80999755859375,4731300,Yahoo Finance NET
2022-02-10,us,NET,NET,113.87000274658203,123.12000274658203,113.83999633789062,115.95999908447266,10361800,Yahoo Finance NET
2022-02-11,us,NET,NET,119.5,120.87000274658203,103.69999694824219,104.91999816894531,11871300,Yahoo Finance NET
2022-02-14,us,NET,NET,104.87000274658203,108.45999908447266,104.0199966430664,105.55999755859375,4757900,Yahoo Finance NET
2022-02-15,us,NET,NET,109.01000213623047,115.68000030517578,107.29000091552734,115.3499984741211,5237600,Yahoo Finance NET
2022-02-16,us,NET,NET,109.86000061035156,113.0,107.91999816894531,111.98999786376953,4311600,Yahoo Finance NET
2022-02-17,us,NET,NET,110.68000030517578,111.08000183105469,102.69999694824219,103.80999755859375,4186800,Yahoo Finance NET
2022-02-18,us,NET,NET,104.76000213623047,107.56500244140625,94.0199966430664,95.87000274658203,6862800,Yahoo Finance NET
2022-02-22,us,NET,NET,94.80000305175781,98.79000091552734,93.37999725341797,94.7300033569336,4952600,Yahoo Finance NET
2022-02-23,us,NET,NET,95.1500015258789,97.75,90.7300033569336,91.33999633789062,4199200,Yahoo Finance NET
2022-02-24,us,NET,NET,87.83999633789062,109.33999633789062,86.85800170898438,108.37999725341797,10327300,Yahoo Finance NET
2022-02-25,us,NET,NET,107.83000183105469,109.9000015258789,100.52999877929688,109.2699966430664,5073900,Yahoo Finance NET
2022-02-28,us,NET,NET,110.61000061035156,117.30000305175781,108.54100036621094,116.41999816894531,8031000,Yahoo Finance NET
2022-03-01,us,NET,NET,116.55999755859375,123.36000061035156,116.18699645996094,117.6500015258789,5441400,Yahoo Finance NET
2022-03-02,us,NET,NET,118.0999984741211,120.55000305175781,110.52999877929688,119.80000305175781,4890700,Yahoo Finance NET
2022-03-03,us,NET,NET,117.63600158691406,118.55000305175781,101.44999694824219,104.0,10717200,Yahoo Finance NET
2022-03-04,us,NET,NET,106.87000274658203,109.12999725341797,97.2699966430664,100.91000366210938,5114700,Yahoo Finance NET
2022-03-07,us,NET,NET,103.87999725341797,105.33999633789062,92.0999984741211,92.16000366210938,6264200,Yahoo Finance NET
2022-03-08,us,NET,NET,91.80000305175781,96.11000061035156,90.01000213623047,92.1500015258789,5272500,Yahoo Finance NET
2022-03-09,us,NET,NET,94.30000305175781,99.26000213623047,93.12999725341797,98.4000015258789,4441600,Yahoo Finance NET
2022-03-10,us,NET,NET,97.0,98.69000244140625,94.25,97.52999877929688,3277800,Yahoo Finance NET
2022-03-11,us,NET,NET,99.22000122070312,99.79000091552734,88.66999816894531,88.72000122070312,4476600,Yahoo Finance NET
2022-03-14,us,NET,NET,88.31999969482422,91.83999633789062,82.02999877929688,84.16000366210938,6522300,Yahoo Finance NET
2022-03-15,us,NET,NET,83.97000122070312,87.16000366210938,80.8499984741211,85.94000244140625,4481900,Yahoo Finance NET
2022-03-16,us,NET,NET,88.98999786376953,95.4000015258789,86.91000366210938,95.16000366210938,6829800,Yahoo Finance NET
2022-03-17,us,NET,NET,94.5,107.5,93.7750015258789,106.30999755859375,6802400,Yahoo Finance NET
2022-03-18,us,NET,NET,105.87000274658203,110.30000305175781,104.26000213623047,109.83999633789062,11031300,Yahoo Finance NET
2022-03-21,us,NET,NET,106.69999694824219,108.58999633789062,100.54000091552734,104.44999694824219,5027900,Yahoo Finance NET
2022-03-22,us,NET,NET,104.91999816894531,117.68000030517578,104.86000061035156,114.86000061035156,6095100,Yahoo Finance NET
2022-03-23,us,NET,NET,112.4000015258789,121.87999725341797,110.5,117.58999633789062,5657700,Yahoo Finance NET
2022-03-24,us,NET,NET,116.58000183105469,123.44999694824219,111.0,122.38999938964844,5732300,Yahoo Finance NET
2022-03-25,us,NET,NET,122.62999725341797,122.93000030517578,114.68000030517578,119.62999725341797,5146900,Yahoo Finance NET
2022-03-28,us,NET,NET,119.80000305175781,127.33999633789062,119.73999786376953,126.27999877929688,7074100,Yahoo Finance NET
2022-03-29,us,NET,NET,130.1999969482422,132.4499969482422,125.30999755859375,130.02000427246094,5365100,Yahoo Finance NET
2022-03-30,us,NET,NET,128.55999755859375,132.0399932861328,122.12999725341797,124.4000015258789,4653800,Yahoo Finance NET
2022-03-31,us,NET,NET,125.05000305175781,126.87999725341797,119.62999725341797,119.69999694824219,4293500,Yahoo Finance NET
2022-04-01,us,NET,NET,120.48999786376953,125.83499908447266,119.05999755859375,123.5,3548900,Yahoo Finance NET
2022-04-04,us,NET,NET,124.0,128.39999389648438,123.51000213623047,126.9000015258789,3867200,Yahoo Finance NET
2022-04-05,us,NET,NET,126.66999816894531,126.81999969482422,119.22000122070312,120.44000244140625,3709700,Yahoo Finance NET
2022-04-06,us,NET,NET,118.02999877929688,118.02999877929688,107.13999938964844,109.62999725341797,5876900,Yahoo Finance NET
2022-04-07,us,NET,NET,108.66000366210938,113.94999694824219,108.2300033569336,112.36000061035156,3324700,Yahoo Finance NET
2022-04-08,us,NET,NET,110.41999816894531,113.29000091552734,108.7300033569336,109.7699966430664,2379600,Yahoo Finance NET
2022-04-11,us,NET,NET,107.2699966430664,111.33999633789062,104.125,109.63999938964844,3061100,Yahoo Finance NET
2022-04-12,us,NET,NET,112.58000183105469,119.97000122070312,112.4800033569336,113.91999816894531,4845200,Yahoo Finance NET
2022-04-13,us,NET,NET,113.54000091552734,121.91000366210938,112.80999755859375,121.62999725341797,4066100,Yahoo Finance NET
2022-04-14,us,NET,NET,120.58000183105469,122.5199966430664,113.55000305175781,113.9800033569336,3608100,Yahoo Finance NET
2022-04-18,us,NET,NET,112.55999755859375,113.552001953125,105.04100036621094,108.1500015258789,3103000,Yahoo Finance NET
2022-04-19,us,NET,NET,107.5,112.41999816894531,104.55000305175781,111.1500015258789,2475000,Yahoo Finance NET
2022-04-20,us,NET,NET,111.31999969482422,111.69000244140625,101.37999725341797,103.69999694824219,4164000,Yahoo Finance NET
2022-04-21,us,NET,NET,105.13999938964844,108.87999725341797,97.04000091552734,98.48999786376953,3543700,Yahoo Finance NET
2022-04-22,us,NET,NET,98.54000091552734,102.83000183105469,95.02999877929688,95.22000122070312,3141100,Yahoo Finance NET
2022-04-25,us,NET,NET,94.55999755859375,99.49500274658203,93.2699966430664,98.70999908447266,3905500,Yahoo Finance NET
2022-04-26,us,NET,NET,98.16000366210938,98.7300033569336,90.5199966430664,90.73999786376953,3421300,Yahoo Finance NET
2022-04-27,us,NET,NET,92.12000274658203,94.86000061035156,89.80000305175781,90.58999633789062,2818300,Yahoo Finance NET
2022-04-28,us,NET,NET,92.51000213623047,97.04000091552734,88.44000244140625,95.25,3358100,Yahoo Finance NET
2022-04-29,us,NET,NET,94.16999816894531,97.81999969482422,85.87000274658203,86.13999938964844,3719200,Yahoo Finance NET
2022-05-02,us,NET,NET,85.97000122070312,90.05999755859375,84.80999755859375,89.91000366210938,3921000,Yahoo Finance NET
2022-05-03,us,NET,NET,89.7300033569336,93.6500015258789,87.69000244140625,89.68000030517578,3274800,Yahoo Finance NET
2022-05-04,us,NET,NET,89.83000183105469,90.76000213623047,80.91999816894531,90.4000015258789,7154800,Yahoo Finance NET
2022-05-05,us,NET,NET,88.19999694824219,88.19999694824219,75.80000305175781,77.80999755859375,10345800,Yahoo Finance NET
2022-05-06,us,NET,NET,65.41000366210938,70.14800262451172,60.900001525878906,65.61000061035156,16745500,Yahoo Finance NET
2022-05-09,us,NET,NET,63.16999816894531,64.41999816894531,56.0,56.560001373291016,9819300,Yahoo Finance NET
2022-05-10,us,NET,NET,59.290000915527344,60.869998931884766,51.0,56.97999954223633,11022100,Yahoo Finance NET
2022-05-11,us,NET,NET,56.540000915527344,60.900001525878906,54.630001068115234,54.810001373291016,9128600,Yahoo Finance NET
2022-05-12,us,NET,NET,53.08000183105469,63.099998474121094,51.5,56.72999954223633,8963300,Yahoo Finance NET
2022-05-13,us,NET,NET,59.119998931884766,67.59700012207031,58.900001525878906,66.37999725341797,8849600,Yahoo Finance NET
2022-05-16,us,NET,NET,64.19999694824219,64.94999694824219,57.0,57.36000061035156,7653500,Yahoo Finance NET
2022-05-17,us,NET,NET,59.970001220703125,61.290000915527344,53.80500030517578,56.27000045776367,9526000,Yahoo Finance NET
2022-05-18,us,NET,NET,55.2400016784668,56.40999984741211,51.709999084472656,53.36000061035156,7775200,Yahoo Finance NET
2022-05-19,us,NET,NET,54.040000915527344,59.349998474121094,53.70000076293945,58.0,7454400,Yahoo Finance NET
2022-05-20,us,NET,NET,59.560001373291016,61.400001525878906,53.25,55.689998626708984,6157400,Yahoo Finance NET
2022-05-23,us,NET,NET,54.59000015258789,58.15999984741211,54.27000045776367,56.75,4371200,Yahoo Finance NET
2022-05-24,us,NET,NET,55.2599983215332,55.2599983215332,50.029998779296875,50.5,7053200,Yahoo Finance NET
2022-05-25,us,NET,NET,51.15999984741211,52.849998474121094,50.11000061035156,51.959999084472656,6885100,Yahoo Finance NET
2022-05-26,us,NET,NET,50.40999984741211,56.56999969482422,50.150001525878906,56.04999923706055,5424200,Yahoo Finance NET
2022-05-27,us,NET,NET,57.77000045776367,59.56999969482422,56.08399963378906,58.90999984741211,5012600,Yahoo Finance NET
2022-05-31,us,NET,NET,59.86000061035156,59.86000061035156,55.18000030517578,56.0,6052700,Yahoo Finance NET
2022-06-01,us,NET,NET,57.09000015258789,59.13999938964844,53.97999954223633,55.11000061035156,4100400,Yahoo Finance NET
2022-06-02,us,NET,NET,54.849998474121094,59.880001068115234,54.31999969482422,57.900001525878906,7829900,Yahoo Finance NET
2022-06-03,us,NET,NET,56.459999084472656,57.79999923706055,53.900001525878906,54.540000915527344,4994200,Yahoo Finance NET
2022-06-06,us,NET,NET,55.41999816894531,56.689998626708984,53.439998626708984,53.90999984741211,4036500,Yahoo Finance NET
2022-06-07,us,NET,NET,53.43000030517578,54.95000076293945,51.75,54.72999954223633,4595100,Yahoo Finance NET
2022-06-08,us,NET,NET,55.279998779296875,57.40999984741211,54.58000183105469,55.060001373291016,3130100,Yahoo Finance NET
2022-06-09,us,NET,NET,55.040000915527344,55.040000915527344,51.56999969482422,51.599998474121094,4656600,Yahoo Finance NET
2022-06-10,us,NET,NET,49.20000076293945,49.4900016784668,45.779998779296875,47.36000061035156,7424600,Yahoo Finance NET
2022-06-13,us,NET,NET,43.9900016784668,45.72999954223633,41.279998779296875,41.59000015258789,9087600,Yahoo Finance NET
2022-06-14,us,NET,NET,41.7400016784668,42.56999969482422,39.63999938964844,40.790000915527344,7177500,Yahoo Finance NET
2022-06-15,us,NET,NET,41.45000076293945,44.56999969482422,40.97999954223633,43.560001373291016,6258300,Yahoo Finance NET
2022-06-16,us,NET,NET,41.4900016784668,41.630001068115234,38.959999084472656,39.70000076293945,6906800,Yahoo Finance NET
2022-06-17,us,NET,NET,40.130001068115234,42.2400016784668,40.099998474121094,41.209999084472656,12260300,Yahoo Finance NET
2022-06-21,us,NET,NET,41.849998474121094,44.70000076293945,41.849998474121094,43.619998931884766,5482300,Yahoo Finance NET
2022-06-22,us,NET,NET,42.95000076293945,45.45000076293945,42.599998474121094,44.34000015258789,3957100,Yahoo Finance NET
2022-06-23,us,NET,NET,45.220001220703125,48.45000076293945,43.779998779296875,48.20000076293945,5063400,Yahoo Finance NET
2022-06-24,us,NET,NET,49.369998931884766,51.849998474121094,48.849998474121094,51.84000015258789,5855000,Yahoo Finance NET
2022-06-27,us,NET,NET,51.5099983215332,52.470001220703125,48.7400016784668,49.25,4643200,Yahoo Finance NET
2022-06-28,us,NET,NET,48.79999923706055,49.849998474121094,44.79999923706055,45.439998626708984,5039000,Yahoo Finance NET
2022-06-29,us,NET,NET,45.650001525878906,46.68000030517578,44.209999084472656,45.869998931884766,3750200,Yahoo Finance NET
2022-06-30,us,NET,NET,45.25,45.38999938964844,41.900001525878906,43.75,5141800,Yahoo Finance NET
2022-07-01,us,NET,NET,44.65999984741211,45.97999954223633,43.220001220703125,45.900001525878906,4343500,Yahoo Finance NET
2022-07-05,us,NET,NET,44.72999954223633,50.58000183105469,43.81999969482422,50.5,5669300,Yahoo Finance NET
2022-07-06,us,NET,NET,50.459999084472656,52.25,49.40999984741211,50.349998474121094,5802400,Yahoo Finance NET
2022-07-07,us,NET,NET,49.959999084472656,53.59000015258789,49.90999984741211,52.7400016784668,4250800,Yahoo Finance NET
2022-07-08,us,NET,NET,51.27000045776367,54.150001525878906,49.900001525878906,52.08000183105469,4546900,Yahoo Finance NET
2022-07-11,us,NET,NET,51.939998626708984,52.290000915527344,48.84000015258789,50.689998626708984,4013900,Yahoo Finance NET
2022-07-12,us,NET,NET,51.02000045776367,53.560001373291016,47.02000045776367,47.369998931884766,5273100,Yahoo Finance NET
2022-07-13,us,NET,NET,45.459999084472656,48.84000015258789,44.290000915527344,46.779998779296875,4811500,Yahoo Finance NET
2022-07-14,us,NET,NET,46.11000061035156,46.33000183105469,43.66999816894531,44.61000061035156,5479700,Yahoo Finance NET
2022-07-15,us,NET,NET,45.65999984741211,46.689998626708984,44.25,46.599998474121094,4887300,Yahoo Finance NET
2022-07-18,us,NET,NET,47.91999816894531,50.290000915527344,47.349998474121094,48.83000183105469,5209400,Yahoo Finance NET
2022-07-19,us,NET,NET,50.20199966430664,50.31999969482422,46.869998931884766,49.540000915527344,4553700,Yahoo Finance NET
2022-07-20,us,NET,NET,50.439998626708984,55.93000030517578,50.400001525878906,53.0,8266500,Yahoo Finance NET
2022-07-21,us,NET,NET,53.18000030517578,55.880001068115234,52.529998779296875,55.81999969482422,3857300,Yahoo Finance NET
2022-07-22,us,NET,NET,55.18000030517578,56.29899978637695,51.4900016784668,51.650001525878906,3778600,Yahoo Finance NET
2022-07-25,us,NET,NET,51.25,51.44499969482422,49.130001068115234,49.790000915527344,2548500,Yahoo Finance NET
2022-07-26,us,NET,NET,48.54999923706055,48.709999084472656,45.24700164794922,45.68000030517578,5106700,Yahoo Finance NET
2022-07-27,us,NET,NET,47.470001220703125,49.09000015258789,46.25,48.68000030517578,4825100,Yahoo Finance NET
2022-07-28,us,NET,NET,48.15999984741211,49.40999984741211,46.2599983215332,48.650001525878906,3632700,Yahoo Finance NET
2022-07-29,us,NET,NET,48.7599983215332,50.439998626708984,47.91999816894531,50.31999969482422,4169300,Yahoo Finance NET
2022-08-01,us,NET,NET,49.61000061035156,53.38999938964844,48.529998779296875,51.15999984741211,5467300,Yahoo Finance NET
2022-08-02,us,NET,NET,50.0,54.040000915527344,49.733001708984375,53.08000183105469,4415800,Yahoo Finance NET
2022-08-03,us,NET,NET,54.11000061035156,58.724998474121094,54.11000061035156,58.36000061035156,5303600,Yahoo Finance NET
2022-08-04,us,NET,NET,57.41999816894531,58.970001220703125,55.63999938964844,58.43000030517578,6855700,Yahoo Finance NET
2022-08-05,us,NET,NET,68.58000183105469,74.55999755859375,66.0,74.23999786376953,22629700,Yahoo Finance NET
2022-08-08,us,NET,NET,74.42500305175781,77.1500015258789,73.33000183105469,73.68000030517578,8700200,Yahoo Finance NET
2022-08-09,us,NET,NET,72.68000030517578,73.69999694824219,70.02999877929688,71.62999725341797,4664600,Yahoo Finance NET
2022-08-10,us,NET,NET,75.625,78.7300033569336,74.0999984741211,78.61000061035156,5762700,Yahoo Finance NET
2022-08-11,us,NET,NET,79.94000244140625,80.98999786376953,74.01000213623047,74.94999694824219,4766500,Yahoo Finance NET
2022-08-12,us,NET,NET,76.5,77.69999694824219,74.30000305175781,77.62999725341797,3493500,Yahoo Finance NET
2022-08-15,us,NET,NET,77.0,80.31900024414062,76.79000091552734,78.08000183105469,3729500,Yahoo Finance NET
2022-08-16,us,NET,NET,76.66999816894531,78.7699966430664,72.76000213623047,77.80000305175781,6021300,Yahoo Finance NET
2022-08-17,us,NET,NET,75.44999694824219,76.73999786376953,74.06999969482422,74.51000213623047,2823200,Yahoo Finance NET
2022-08-18,us,NET,NET,74.69999694824219,74.69999694824219,72.81999969482422,73.04000091552734,2581300,Yahoo Finance NET
2022-08-19,us,NET,NET,71.0,71.77999877929688,67.31999969482422,68.52999877929688,4890500,Yahoo Finance NET
2022-08-22,us,NET,NET,66.27999877929688,67.55000305175781,64.54000091552734,65.77999877929688,3338100,Yahoo Finance NET
2022-08-23,us,NET,NET,66.0999984741211,68.33999633789062,65.23999786376953,65.26000213623047,2673600,Yahoo Finance NET
2022-08-24,us,NET,NET,65.75499725341797,67.6449966430664,65.41000366210938,66.1500015258789,2867600,Yahoo Finance NET
2022-08-25,us,NET,NET,68.0,68.98999786376953,66.93000030517578,68.23999786376953,2679500,Yahoo Finance NET
2022-08-26,us,NET,NET,68.02999877929688,68.25,64.25,64.38999938964844,3310000,Yahoo Finance NET
2022-08-29,us,NET,NET,62.59000015258789,65.1500015258789,62.220001220703125,64.2300033569336,2634400,Yahoo Finance NET
2022-08-30,us,NET,NET,65.30000305175781,66.33000183105469,61.59000015258789,63.779998779296875,2812600,Yahoo Finance NET
2022-08-31,us,NET,NET,65.16000366210938,65.94000244140625,62.349998474121094,62.56999969482422,3239600,Yahoo Finance NET
2022-09-01,us,NET,NET,61.0,61.4900016784668,57.060001373291016,59.31999969482422,5032500,Yahoo Finance NET
2022-09-02,us,NET,NET,60.52000045776367,61.68000030517578,58.40999984741211,58.709999084472656,3464900,Yahoo Finance NET
2022-09-06,us,NET,NET,58.31999969482422,59.52000045776367,57.150001525878906,58.54999923706055,4340400,Yahoo Finance NET
2022-09-07,us,NET,NET,58.54999923706055,61.34000015258789,58.06999969482422,61.02000045776367,3559500,Yahoo Finance NET
2022-09-08,us,NET,NET,59.459999084472656,62.720001220703125,59.16999816894531,62.58000183105469,4073000,Yahoo Finance NET
2022-09-09,us,NET,NET,63.68000030517578,67.12000274658203,63.54999923706055,65.83000183105469,4862500,Yahoo Finance NET
2022-09-12,us,NET,NET,65.45999908447266,67.08599853515625,64.28199768066406,66.94000244140625,3783700,Yahoo Finance NET
2022-09-13,us,NET,NET,62.310001373291016,62.75,59.060001373291016,59.849998474121094,5837700,Yahoo Finance NET
2022-09-14,us,NET,NET,60.0,61.54999923706055,58.0,61.41999816894531,3818800,Yahoo Finance NET
2022-09-15,us,NET,NET,60.4900016784668,63.13999938964844,59.900001525878906,60.95000076293945,3832300,Yahoo Finance NET
2022-09-16,us,NET,NET,59.63999938964844,59.720001220703125,57.349998474121094,58.91999816894531,12781200,Yahoo Finance NET
2022-09-19,us,NET,NET,58.45000076293945,61.41999816894531,58.45000076293945,61.20000076293945,3007900,Yahoo Finance NET
2022-09-20,us,NET,NET,60.5,62.04999923706055,59.779998779296875,61.130001068115234,4762600,Yahoo Finance NET
2022-09-21,us,NET,NET,61.849998474121094,65.29000091552734,61.0099983215332,61.599998474121094,5216100,Yahoo Finance NET
2022-09-22,us,NET,NET,61.29999923706055,62.209999084472656,56.33000183105469,56.91999816894531,5037700,Yahoo Finance NET
2022-09-23,us,NET,NET,56.099998474121094,57.439998626708984,53.09000015258789,54.43000030517578,5591000,Yahoo Finance NET
2022-09-26,us,NET,NET,54.2599983215332,57.36000061035156,53.75,53.779998779296875,3401000,Yahoo Finance NET
2022-09-27,us,NET,NET,55.29999923706055,57.91999816894531,55.29999923706055,56.47999954223633,5883500,Yahoo Finance NET
2022-09-28,us,NET,NET,56.630001068115234,57.970001220703125,55.79999923706055,57.5,3520300,Yahoo Finance NET
2022-09-29,us,NET,NET,55.77000045776367,56.47999954223633,53.380001068115234,54.849998474121094,3568600,Yahoo Finance NET
2022-09-30,us,NET,NET,54.4900016784668,57.90999984741211,54.0099983215332,55.310001373291016,3209400,Yahoo Finance NET
2022-10-03,us,NET,NET,56.0,57.279998779296875,53.45000076293945,55.790000915527344,3521100,Yahoo Finance NET
2022-10-04,us,NET,NET,58.40999984741211,60.66999816894531,58.18000030517578,60.52000045776367,4350300,Yahoo Finance NET
2022-10-05,us,NET,NET,58.81999969482422,61.439998626708984,57.970001220703125,60.779998779296875,2622000,Yahoo Finance NET
2022-10-06,us,NET,NET,60.77000045776367,62.95000076293945,60.29999923706055,61.02000045776367,2439300,Yahoo Finance NET
2022-10-07,us,NET,NET,58.58000183105469,58.625,55.04999923706055,55.38999938964844,4032100,Yahoo Finance NET
2022-10-10,us,NET,NET,55.13999938964844,55.369998931884766,50.369998931884766,51.38999938964844,4688300,Yahoo Finance NET
2022-10-11,us,NET,NET,50.849998474121094,51.099998474121094,47.65999984741211,49.97999954223633,6149600,Yahoo Finance NET
2022-10-12,us,NET,NET,49.779998779296875,51.560001373291016,48.11000061035156,51.459999084472656,4310300,Yahoo Finance NET
2022-10-13,us,NET,NET,47.599998474121094,51.11000061035156,46.31999969482422,49.880001068115234,5537700,Yahoo Finance NET
2022-10-14,us,NET,NET,50.88999938964844,51.5,45.619998931884766,45.70000076293945,3981200,Yahoo Finance NET
2022-10-17,us,NET,NET,48.77000045776367,52.880001068115234,48.2400016784668,51.720001220703125,8522000,Yahoo Finance NET
2022-10-18,us,NET,NET,54.0,54.900001525878906,52.29999923706055,53.09000015258789,4225400,Yahoo Finance NET
2022-10-19,us,NET,NET,52.060001373291016,53.400001525878906,50.70000076293945,51.630001068115234,3789800,Yahoo Finance NET
2022-10-20,us,NET,NET,51.61000061035156,55.56100082397461,51.529998779296875,53.630001068115234,3617100,Yahoo Finance NET
2022-10-21,us,NET,NET,52.31999969482422,54.689998626708984,50.70000076293945,54.380001068115234,4317100,Yahoo Finance NET
2022-10-24,us,NET,NET,54.31999969482422,54.65999984741211,52.29999923706055,53.91999816894531,2410000,Yahoo Finance NET
2022-10-25,us,NET,NET,55.130001068115234,57.814998626708984,54.849998474121094,57.54999923706055,4313000,Yahoo Finance NET
2022-10-26,us,NET,NET,54.459999084472656,58.79499816894531,53.86000061035156,55.58000183105469,4177600,Yahoo Finance NET
2022-10-27,us,NET,NET,56.380001068115234,58.060001373291016,55.119998931884766,55.97999954223633,3414900,Yahoo Finance NET
2022-10-28,us,NET,NET,54.279998779296875,55.5,51.89500045776367,55.349998474121094,4109800,Yahoo Finance NET
2022-10-31,us,NET,NET,54.810001373291016,57.13999938964844,54.720001220703125,56.31999969482422,3518900,Yahoo Finance NET
2022-11-01,us,NET,NET,58.79999923706055,60.09000015258789,55.54999923706055,55.58000183105469,4375000,Yahoo Finance NET
2022-11-02,us,NET,NET,54.7400016784668,54.7400016784668,49.790000915527344,49.939998626708984,5486800,Yahoo Finance NET
2022-11-03,us,NET,NET,49.25,52.369998931884766,48.900001525878906,50.369998931884766,7530800,Yahoo Finance NET
2022-11-04,us,NET,NET,47.0,47.07500076293945,39.37900161743164,41.09000015258789,19628100,Yahoo Finance NET
2022-11-07,us,NET,NET,41.459999084472656,41.790000915527344,38.279998779296875,39.02000045776367,9994700,Yahoo Finance NET
2022-11-08,us,NET,NET,39.5,41.11000061035156,37.90700149536133,40.36000061035156,7221700,Yahoo Finance NET
2022-11-09,us,NET,NET,39.900001525878906,40.77000045776367,37.369998931884766,37.84000015258789,5756900,Yahoo Finance NET
2022-11-10,us,NET,NET,41.52000045776367,47.36000061035156,41.52000045776367,47.27000045776367,11810600,Yahoo Finance NET
2022-11-11,us,NET,NET,47.95000076293945,53.77000045776367,46.59000015258789,53.709999084472656,8909600,Yahoo Finance NET
2022-11-14,us,NET,NET,52.7599983215332,53.9900016784668,51.09000015258789,52.209999084472656,5361800,Yahoo Finance NET
2022-11-15,us,NET,NET,55.0,57.41999816894531,54.619998931884766,56.400001525878906,5487700,Yahoo Finance NET
2022-11-16,us,NET,NET,54.900001525878906,55.84000015258789,52.4900016784668,52.68000030517578,4932500,Yahoo Finance NET
2022-11-17,us,NET,NET,50.47999954223633,50.66999816894531,48.119998931884766,48.400001525878906,7433300,Yahoo Finance NET
2022-11-18,us,NET,NET,50.439998626708984,50.48500061035156,46.30500030517578,47.0099983215332,6866300,Yahoo Finance NET
2022-11-21,us,NET,NET,46.060001373291016,46.97999954223633,44.650001525878906,45.31999969482422,4212800,Yahoo Finance NET
2022-11-22,us,NET,NET,45.189998626708984,45.36000061035156,43.779998779296875,44.970001220703125,2752000,Yahoo Finance NET
2022-11-23,us,NET,NET,45.279998779296875,46.97999954223633,44.125,46.790000915527344,4069400,Yahoo Finance NET
2022-11-25,us,NET,NET,45.810001373291016,46.65999984741211,45.150001525878906,46.29999923706055,1400700,Yahoo Finance NET
2022-11-28,us,NET,NET,45.41999816894531,47.189998626708984,45.334999084472656,45.560001373291016,3130100,Yahoo Finance NET
2022-11-29,us,NET,NET,46.0099983215332,46.470001220703125,44.540000915527344,44.61000061035156,2882500,Yahoo Finance NET
2022-11-30,us,NET,NET,43.95000076293945,49.13999938964844,43.13999938964844,49.13999938964844,8316800,Yahoo Finance NET
2022-12-01,us,NET,NET,48.72999954223633,50.972999572753906,48.72999954223633,49.56999969482422,4615800,Yahoo Finance NET
2022-12-02,us,NET,NET,48.0,49.779998779296875,46.83000183105469,48.369998931884766,3446100,Yahoo Finance NET
2022-12-05,us,NET,NET,47.959999084472656,48.2400016784668,42.76499938964844,43.25,6589900,Yahoo Finance NET
2022-12-06,us,NET,NET,43.540000915527344,44.15999984741211,41.31999969482422,43.599998474121094,6048700,Yahoo Finance NET
2022-12-07,us,NET,NET,43.779998779296875,45.13999938964844,43.56999969482422,44.27000045776367,4924100,Yahoo Finance NET
2022-12-08,us,NET,NET,44.619998931884766,49.82500076293945,43.5099983215332,49.20000076293945,8788400,Yahoo Finance NET
2022-12-09,us,NET,NET,48.77000045776367,51.310001373291016,48.36000061035156,48.41999816894531,5612700,Yahoo Finance NET
2022-12-12,us,NET,NET,48.61000061035156,51.0,47.86000061035156,50.91999816894531,3631300,Yahoo Finance NET
2022-12-13,us,NET,NET,55.459999084472656,55.5099983215332,50.529998779296875,51.7400016784668,5739600,Yahoo Finance NET
2022-12-14,us,NET,NET,51.70000076293945,53.849998474121094,51.18000030517578,52.31999969482422,4718100,Yahoo Finance NET
2022-12-15,us,NET,NET,50.79999923706055,52.20800018310547,48.779998779296875,49.060001373291016,3882800,Yahoo Finance NET
2022-12-16,us,NET,NET,49.060001373291016,49.650001525878906,45.790000915527344,47.540000915527344,7769000,Yahoo Finance NET
2022-12-19,us,NET,NET,47.34000015258789,47.34000015258789,44.54999923706055,45.06999969482422,5393400,Yahoo Finance NET
2022-12-20,us,NET,NET,44.15999984741211,46.619998931884766,43.70000076293945,46.5099983215332,3657300,Yahoo Finance NET
2022-12-21,us,NET,NET,46.86000061035156,48.18000030517578,45.22999954223633,46.5099983215332,3382000,Yahoo Finance NET
2022-12-22,us,NET,NET,45.369998931884766,45.45000076293945,44.06999969482422,45.31999969482422,3996500,Yahoo Finance NET
2022-12-23,us,NET,NET,44.599998474121094,45.16999816894531,42.90999984741211,43.779998779296875,2725700,Yahoo Finance NET
2022-12-27,us,NET,NET,43.0099983215332,43.5099983215332,41.79999923706055,42.58000183105469,2783000,Yahoo Finance NET
2022-12-28,us,NET,NET,42.130001068115234,43.13999938964844,41.619998931884766,42.220001220703125,2827800,Yahoo Finance NET
2022-12-29,us,NET,NET,42.70000076293945,45.650001525878906,42.20000076293945,45.36000061035156,4238300,Yahoo Finance NET
2022-12-30,us,NET,NET,44.27000045776367,45.36000061035156,43.880001068115234,45.209999084472656,2468100,Yahoo Finance NET
2023-01-03,us,NET,NET,46.349998474121094,47.720001220703125,42.290000915527344,43.02000045776367,4582400,Yahoo Finance NET
2023-01-04,us,NET,NET,43.650001525878906,44.040000915527344,42.22999954223633,43.04999923706055,3355300,Yahoo Finance NET
2023-01-05,us,NET,NET,42.84000015258789,43.130001068115234,38.720001220703125,38.90999984741211,7318500,Yahoo Finance NET
2023-01-06,us,NET,NET,39.5099983215332,40.18000030517578,37.560001373291016,39.900001525878906,5464100,Yahoo Finance NET
2023-01-09,us,NET,NET,41.029998779296875,42.83000183105469,40.20000076293945,40.400001525878906,7439400,Yahoo Finance NET
2023-01-10,us,NET,NET,40.154998779296875,41.849998474121094,39.470001220703125,41.79999923706055,3343300,Yahoo Finance NET
2023-01-11,us,NET,NET,42.25,43.7239990234375,41.52000045776367,43.529998779296875,3109700,Yahoo Finance NET
2023-01-12,us,NET,NET,43.97999954223633,44.060001373291016,41.2400016784668,43.47999954223633,3732400,Yahoo Finance NET
2023-01-13,us,NET,NET,42.5,44.0,42.189998626708984,43.93000030517578,2959900,Yahoo Finance NET
2023-01-17,us,NET,NET,42.5099983215332,46.59000015258789,41.52000045776367,46.36000061035156,5712100,Yahoo Finance NET
2023-01-18,us,NET,NET,46.869998931884766,47.439998626708984,44.22999954223633,44.25,4292000,Yahoo Finance NET
2023-01-19,us,NET,NET,43.25,44.130001068115234,41.66999816894531,42.70000076293945,4287300,Yahoo Finance NET
2023-01-20,us,NET,NET,43.06999969482422,45.619998931884766,42.97999954223633,45.599998474121094,4416800,Yahoo Finance NET
2023-01-23,us,NET,NET,45.83000183105469,47.97999954223633,45.40999984741211,47.619998931884766,4362800,Yahoo Finance NET
2023-01-24,us,NET,NET,46.650001525878906,48.97999954223633,46.06999969482422,46.66999816894531,3768300,Yahoo Finance NET
2023-01-25,us,NET,NET,44.11000061035156,46.59000015258789,42.2599983215332,46.15999984741211,5232600,Yahoo Finance NET
2023-01-26,us,NET,NET,48.0,49.560001373291016,46.810001373291016,49.52000045776367,5403600,Yahoo Finance NET
2023-01-27,us,NET,NET,49.060001373291016,53.7599983215332,48.810001373291016,53.11000061035156,8717700,Yahoo Finance NET
2023-01-30,us,NET,NET,52.040000915527344,52.59000015258789,49.779998779296875,49.970001220703125,4645400,Yahoo Finance NET
2023-01-31,us,NET,NET,50.31999969482422,53.5099983215332,50.0,52.90999984741211,4712800,Yahoo Finance NET
2023-02-01,us,NET,NET,53.18000030517578,56.255001068115234,51.970001220703125,55.5099983215332,5127400,Yahoo Finance NET
2023-02-02,us,NET,NET,60.005001068115234,65.51000213623047,59.790000915527344,63.290000915527344,10918400,Yahoo Finance NET
2023-02-03,us,NET,NET,58.529998779296875,62.935001373291016,58.45000076293945,59.43000030517578,5729200,Yahoo Finance NET
2023-02-06,us,NET,NET,58.2400016784668,59.939998626708984,56.45000076293945,56.650001525878906,4942100,Yahoo Finance NET
2023-02-07,us,NET,NET,56.560001373291016,58.810001373291016,55.31999969482422,58.369998931884766,5038000,Yahoo Finance NET
2023-02-08,us,NET,NET,59.27000045776367,61.29999923706055,57.84000015258789,58.06999969482422,4717300,Yahoo Finance NET
2023-02-09,us,NET,NET,59.56999969482422,61.02000045776367,57.974998474121094,58.16999816894531,8485900,Yahoo Finance NET
2023-02-10,us,NET,NET,63.64500045776367,64.31999969482422,58.0099983215332,60.099998474121094,18671700,Yahoo Finance NET
2023-02-13,us,NET,NET,60.0,64.12000274658203,58.369998931884766,64.08000183105469,10168000,Yahoo Finance NET
2023-02-14,us,NET,NET,62.43000030517578,68.94000244140625,62.11000061035156,68.37999725341797,12508400,Yahoo Finance NET
2023-02-15,us,NET,NET,68.80000305175781,72.41000366210938,67.47000122070312,72.4000015258789,7146400,Yahoo Finance NET
2023-02-16,us,NET,NET,69.05999755859375,71.29000091552734,68.0,68.31999969482422,6939500,Yahoo Finance NET
2023-02-17,us,NET,NET,67.12000274658203,67.19000244140625,63.5099983215332,64.44999694824219,7081700,Yahoo Finance NET
2023-02-21,us,NET,NET,63.02000045776367,64.4000015258789,61.150001525878906,61.939998626708984,5066700,Yahoo Finance NET
2023-02-22,us,NET,NET,62.400001525878906,64.06999969482422,61.209999084472656,61.470001220703125,4175700,Yahoo Finance NET
2023-02-23,us,NET,NET,62.959999084472656,63.7239990234375,59.56999969482422,61.7400016784668,3940500,Yahoo Finance NET
2023-02-24,us,NET,NET,60.25,60.880001068115234,58.57500076293945,59.20000076293945,4026100,Yahoo Finance NET
2023-02-27,us,NET,NET,60.11000061035156,61.470001220703125,59.650001525878906,60.2599983215332,3696100,Yahoo Finance NET
2023-02-28,us,NET,NET,59.709999084472656,61.099998474121094,59.470001220703125,60.0099983215332,3390700,Yahoo Finance NET
2023-03-01,us,NET,NET,60.20000076293945,60.650001525878906,58.349998474121094,58.5099983215332,2865400,Yahoo Finance NET
2023-03-02,us,NET,NET,57.57500076293945,60.06999969482422,57.09000015258789,59.400001525878906,3911800,Yahoo Finance NET
2023-03-03,us,NET,NET,59.560001373291016,62.459999084472656,59.150001525878906,61.58000183105469,3877600,Yahoo Finance NET
2023-03-06,us,NET,NET,62.0099983215332,62.75,60.02000045776367,60.099998474121094,2630700,Yahoo Finance NET
2023-03-07,us,NET,NET,60.25,61.43000030517578,59.42300033569336,59.599998474121094,2488800,Yahoo Finance NET
2023-03-08,us,NET,NET,59.47999954223633,60.63999938964844,58.61000061035156,59.29999923706055,2132600,Yahoo Finance NET
2023-03-09,us,NET,NET,59.029998779296875,60.40999984741211,56.80099868774414,57.369998931884766,3248000,Yahoo Finance NET
2023-03-10,us,NET,NET,56.0099983215332,56.38999938964844,51.88999938964844,52.720001220703125,7705400,Yahoo Finance NET
2023-03-13,us,NET,NET,52.0099983215332,56.25,50.349998474121094,55.25,6182000,Yahoo Finance NET
2023-03-14,us,NET,NET,56.33000183105469,56.790000915527344,54.19499969482422,54.79999923706055,5105700,Yahoo Finance NET
2023-03-15,us,NET,NET,53.939998626708984,55.900001525878906,52.880001068115234,55.25,3955200,Yahoo Finance NET
2023-03-16,us,NET,NET,55.65999984741211,56.974998474121094,54.380001068115234,55.529998779296875,3924000,Yahoo Finance NET
2023-03-17,us,NET,NET,55.5099983215332,55.915000915527344,53.709999084472656,54.529998779296875,6866900,Yahoo Finance NET
2023-03-20,us,NET,NET,53.810001373291016,54.290000915527344,52.5,53.720001220703125,3697200,Yahoo Finance NET
2023-03-21,us,NET,NET,54.5,58.09000015258789,54.48500061035156,57.2599983215332,4418600,Yahoo Finance NET
2023-03-22,us,NET,NET,57.04999923706055,58.540000915527344,55.41999816894531,55.439998626708984,4711700,Yahoo Finance NET
2023-03-23,us,NET,NET,56.47999954223633,58.63999938964844,56.290000915527344,58.18000030517578,4669100,Yahoo Finance NET
2023-03-24,us,NET,NET,57.68000030517578,57.70000076293945,55.38999938964844,56.63999938964844,2944000,Yahoo Finance NET
2023-03-27,us,NET,NET,57.2599983215332,58.150001525878906,56.060001373291016,56.099998474121094,2494800,Yahoo Finance NET
2023-03-28,us,NET,NET,56.5,56.90999984741211,55.880001068115234,56.47999954223633,2225900,Yahoo Finance NET
2023-03-29,us,NET,NET,57.400001525878906,57.90999984741211,56.45000076293945,57.09000015258789,2336000,Yahoo Finance NET
2023-03-30,us,NET,NET,58.349998474121094,60.04999923706055,57.77000045776367,58.90999984741211,4362700,Yahoo Finance NET
2023-03-31,us,NET,NET,59.0,62.22999954223633,58.78499984741211,61.65999984741211,4143600,Yahoo Finance NET
2023-04-03,us,NET,NET,60.70000076293945,61.61000061035156,59.630001068115234,61.18000030517578,3058200,Yahoo Finance NET
2023-04-04,us,NET,NET,61.5,63.09000015258789,60.540000915527344,61.22999954223633,4221100,Yahoo Finance NET
2023-04-05,us,NET,NET,60.529998779296875,60.70000076293945,56.599998474121094,57.63999938964844,4985700,Yahoo Finance NET
2023-04-06,us,NET,NET,56.599998474121094,59.470001220703125,55.619998931884766,59.08000183105469,3403400,Yahoo Finance NET
2023-04-10,us,NET,NET,58.27000045776367,59.31999969482422,57.029998779296875,58.86000061035156,2607600,Yahoo Finance NET
2023-04-11,us,NET,NET,58.02000045776367,61.310001373291016,57.869998931884766,60.70000076293945,3996000,Yahoo Finance NET
2023-04-12,us,NET,NET,62.52000045776367,64.25,62.20000076293945,63.040000915527344,5827200,Yahoo Finance NET
2023-04-13,us,NET,NET,63.77000045776367,65.81999969482422,63.584999084472656,64.87999725341797,4338700,Yahoo Finance NET
2023-04-14,us,NET,NET,64.12999725341797,65.48999786376953,63.130001068115234,64.68000030517578,2682800,Yahoo Finance NET
2023-04-17,us,NET,NET,64.70999908447266,65.6500015258789,64.04399871826172,64.69999694824219,2727700,Yahoo Finance NET
2023-04-18,us,NET,NET,65.94000244140625,66.19999694824219,63.70000076293945,64.45999908447266,2597000,Yahoo Finance NET
2023-04-19,us,NET,NET,63.93000030517578,64.53500366210938,62.599998474121094,62.869998931884766,3315200,Yahoo Finance NET
2023-04-20,us,NET,NET,61.459999084472656,62.81999969482422,61.02000045776367,62.40999984741211,3767200,Yahoo Finance NET
2023-04-21,us,NET,NET,62.540000915527344,63.45500183105469,62.11000061035156,62.79999923706055,3315700,Yahoo Finance NET
2023-04-24,us,NET,NET,63.380001068115234,64.1989974975586,61.619998931884766,62.5,2874500,Yahoo Finance NET
2023-04-25,us,NET,NET,61.47999954223633,61.560001373291016,57.810001373291016,58.09000015258789,4248500,Yahoo Finance NET
2023-04-26,us,NET,NET,59.33000183105469,62.0099983215332,59.15999984741211,59.52000045776367,3461900,Yahoo Finance NET
2023-04-27,us,NET,NET,61.400001525878906,61.400001525878906,59.11000061035156,59.58000183105469,10248700,Yahoo Finance NET
2023-04-28,us,NET,NET,44.40999984741211,47.099998474121094,43.0099983215332,47.04999923706055,33129500,Yahoo Finance NET
2023-05-01,us,NET,NET,46.66999816894531,46.810001373291016,44.22999954223633,44.720001220703125,10217700,Yahoo Finance NET
2023-05-02,us,NET,NET,44.59000015258789,44.65599822998047,42.709999084472656,42.880001068115234,7524300,Yahoo Finance NET
2023-05-03,us,NET,NET,42.5,43.27000045776367,41.779998779296875,41.900001525878906,7496300,Yahoo Finance NET
2023-05-04,us,NET,NET,41.939998626708984,42.849998474121094,39.900001525878906,40.47999954223633,10014200,Yahoo Finance NET
2023-05-05,us,NET,NET,41.65999984741211,44.33000183105469,41.27000045776367,44.06999969482422,9316900,Yahoo Finance NET
2023-05-08,us,NET,NET,45.02000045776367,46.380001068115234,44.599998474121094,46.310001373291016,9162800,Yahoo Finance NET
2023-05-09,us,NET,NET,45.470001220703125,47.650001525878906,45.470001220703125,47.150001525878906,7901300,Yahoo Finance NET
2023-05-10,us,NET,NET,48.48500061035156,49.4900016784668,47.790000915527344,49.209999084472656,6984800,Yahoo Finance NET
2023-05-11,us,NET,NET,49.099998474121094,50.125,48.189998626708984,50.02000045776367,4652600,Yahoo Finance NET
2023-05-12,us,NET,NET,49.79999923706055,50.59000015258789,48.29999923706055,49.43000030517578,5183900,Yahoo Finance NET
2023-05-15,us,NET,NET,49.38999938964844,51.314998626708984,49.099998474121094,51.209999084472656,4964200,Yahoo Finance NET
2023-05-16,us,NET,NET,50.959999084472656,51.4900016784668,50.709999084472656,51.209999084472656,3849500,Yahoo Finance NET
2023-05-17,us,NET,NET,51.5,54.470001220703125,51.25,54.20000076293945,6230400,Yahoo Finance NET
2023-05-18,us,NET,NET,54.26499938964844,58.84000015258789,54.15999984741211,58.52000045776367,9178200,Yahoo Finance NET
2023-05-19,us,NET,NET,58.1150016784668,60.220001220703125,57.8849983215332,57.9900016784668,9508900,Yahoo Finance NET
2023-05-22,us,NET,NET,57.60499954223633,58.66999816894531,56.7400016784668,56.79999923706055,4427900,Yahoo Finance NET
2023-05-23,us,NET,NET,55.779998779296875,58.7400016784668,55.70000076293945,55.91999816894531,5146800,Yahoo Finance NET
2023-05-24,us,NET,NET,54.79999923706055,56.56999969482422,54.75,56.22999954223633,2929400,Yahoo Finance NET
2023-05-25,us,NET,NET,57.93000030517578,58.89500045776367,57.310001373291016,58.029998779296875,5700200,Yahoo Finance NET
2023-05-26,us,NET,NET,57.7599983215332,62.97999954223633,57.209999084472656,61.13999938964844,7203400,Yahoo Finance NET
2023-05-30,us,NET,NET,63.0,66.58999633789062,62.560001373291016,66.16000366210938,8722900,Yahoo Finance NET
2023-05-31,us,NET,NET,65.4000015258789,69.44000244140625,64.25,69.16000366210938,9427800,Yahoo Finance NET
2023-06-01,us,NET,NET,67.75,71.30000305175781,66.70999908447266,69.6500015258789,7186900,Yahoo Finance NET
2023-06-02,us,NET,NET,71.48999786376953,72.0,69.69999694824219,70.63999938964844,5642200,Yahoo Finance NET
2023-06-05,us,NET,NET,67.75,69.9990005493164,66.70999908447266,69.91000366210938,5824200,Yahoo Finance NET
2023-06-06,us,NET,NET,69.45999908447266,70.62999725341797,68.29000091552734,68.62000274658203,5512100,Yahoo Finance NET
2023-06-07,us,NET,NET,68.88999938964844,68.9000015258789,61.72999954223633,62.779998779296875,10083900,Yahoo Finance NET
2023-06-08,us,NET,NET,62.310001373291016,64.37000274658203,61.88999938964844,63.119998931884766,5019500,Yahoo Finance NET
2023-06-09,us,NET,NET,63.91999816894531,67.2699966430664,62.83000183105469,63.81999969482422,5556500,Yahoo Finance NET
2023-06-12,us,NET,NET,64.47000122070312,65.31999969482422,63.61000061035156,65.25,2802000,Yahoo Finance NET
2023-06-13,us,NET,NET,67.13999938964844,69.44000244140625,66.56999969482422,69.12000274658203,6202500,Yahoo Finance NET
2023-06-14,us,NET,NET,68.41000366210938,69.55000305175781,66.94999694824219,68.87000274658203,4547300,Yahoo Finance NET
2023-06-15,us,NET,NET,67.55000305175781,71.05000305175781,67.55000305175781,70.25,4322900,Yahoo Finance NET
2023-06-16,us,NET,NET,71.01000213623047,71.38999938964844,67.1500015258789,67.62999725341797,4969300,Yahoo Finance NET
2023-06-20,us,NET,NET,66.9000015258789,68.79000091552734,66.052001953125,67.18000030517578,2798700,Yahoo Finance NET
2023-06-21,us,NET,NET,67.0,67.19999694824219,63.137001037597656,63.9900016784668,3701300,Yahoo Finance NET
2023-06-22,us,NET,NET,62.8849983215332,65.55000305175781,62.560001373291016,65.0,2797200,Yahoo Finance NET
2023-06-23,us,NET,NET,62.560001373291016,64.38999938964844,62.540000915527344,63.40999984741211,3951600,Yahoo Finance NET
2023-06-26,us,NET,NET,63.0,65.38999938964844,62.784000396728516,63.189998626708984,1942900,Yahoo Finance NET
2023-06-27,us,NET,NET,63.77000045776367,64.66500091552734,62.220001220703125,63.93000030517578,2425200,Yahoo Finance NET
2023-06-28,us,NET,NET,63.709999084472656,67.36000061035156,63.494998931884766,66.4800033569336,4324800,Yahoo Finance NET
2023-06-29,us,NET,NET,66.12000274658203,66.77999877929688,63.59000015258789,64.08000183105469,2687200,Yahoo Finance NET
2023-06-30,us,NET,NET,65.31999969482422,66.5199966430664,64.5199966430664,65.37000274658203,2756100,Yahoo Finance NET
2023-07-03,us,NET,NET,65.4800033569336,66.37000274658203,64.75,65.81999969482422,1323900,Yahoo Finance NET
2023-07-05,us,NET,NET,65.38999938964844,65.85600280761719,63.900001525878906,65.08000183105469,2673500,Yahoo Finance NET
2023-07-06,us,NET,NET,63.29999923706055,63.400001525878906,61.65999984741211,63.150001525878906,3492600,Yahoo Finance NET
2023-07-07,us,NET,NET,63.709999084472656,64.41000366210938,62.2400016784668,62.36000061035156,2573900,Yahoo Finance NET
2023-07-10,us,NET,NET,61.599998474121094,65.5199966430664,60.560001373291016,65.4800033569336,4226500,Yahoo Finance NET
2023-07-11,us,NET,NET,66.0999984741211,68.44000244140625,64.93000030517578,67.94000244140625,3532000,Yahoo Finance NET
2023-07-12,us,NET,NET,69.47000122070312,69.61000061035156,63.5099983215332,64.2300033569336,7360100,Yahoo Finance NET
2023-07-13,us,NET,NET,65.54000091552734,67.98999786376953,65.19000244140625,67.62000274658203,4399800,Yahoo Finance NET
2023-07-14,us,NET,NET,68.0,70.26000213623047,65.72000122070312,66.54000091552734,4937300,Yahoo Finance NET
2023-07-17,us,NET,NET,66.66500091552734,72.12999725341797,66.0199966430664,71.18000030517578,5521500,Yahoo Finance NET
2023-07-18,us,NET,NET,72.8499984741211,73.86000061035156,70.18000030517578,72.93000030517578,5114400,Yahoo Finance NET
2023-07-19,us,NET,NET,73.91000366210938,76.06999969482422,72.20999908447266,72.69999694824219,4741200,Yahoo Finance NET
2023-07-20,us,NET,NET,71.68000030517578,72.14199829101562,66.86000061035156,67.2699966430664,4943200,Yahoo Finance NET
2023-07-21,us,NET,NET,68.44999694824219,69.3499984741211,66.5,66.56999969482422,2726400,Yahoo Finance NET
2023-07-24,us,NET,NET,67.5,67.5,64.62999725341797,65.38999938964844,3733300,Yahoo Finance NET
2023-07-25,us,NET,NET,65.62999725341797,68.33000183105469,65.5999984741211,67.08999633789062,3106000,Yahoo Finance NET
2023-07-26,us,NET,NET,65.87999725341797,67.34500122070312,64.23999786376953,65.73999786376953,2667900,Yahoo Finance NET
2023-07-27,us,NET,NET,67.66000366210938,68.05000305175781,64.2699966430664,64.76000213623047,2822000,Yahoo Finance NET
2023-07-28,us,NET,NET,66.0,67.86000061035156,65.21700286865234,66.93000030517578,2393400,Yahoo Finance NET
2023-07-31,us,NET,NET,67.87999725341797,70.12999725341797,67.80500030517578,68.7699966430664,2963300,Yahoo Finance NET
2023-08-01,us,NET,NET,67.69999694824219,68.72000122070312,66.63999938964844,68.62999725341797,2739000,Yahoo Finance NET
2023-08-02,us,NET,NET,66.81999969482422,66.81999969482422,62.720001220703125,64.11000061035156,5124700,Yahoo Finance NET
2023-08-03,us,NET,NET,63.59000015258789,65.55500030517578,63.5099983215332,65.04000091552734,5101000,Yahoo Finance NET
2023-08-04,us,NET,NET,71.83000183105469,75.1240005493164,68.0999984741211,69.5199966430664,14776400,Yahoo Finance NET
2023-08-07,us,NET,NET,67.30000305175781,68.2300033569336,64.93499755859375,67.79000091552734,5751700,Yahoo Finance NET
2023-08-08,us,NET,NET,64.48500061035156,67.05000305175781,63.56999969482422,66.58999633789062,5664600,Yahoo Finance NET
2023-08-09,us,NET,NET,66.86000061035156,67.19999694824219,63.43000030517578,63.59000015258789,3316000,Yahoo Finance NET
2023-08-10,us,NET,NET,64.37999725341797,65.62000274658203,62.58000183105469,63.290000915527344,3075900,Yahoo Finance NET
2023-08-11,us,NET,NET,62.900001525878906,64.0,62.650001525878906,63.61000061035156,2512300,Yahoo Finance NET
2023-08-14,us,NET,NET,62.86000061035156,65.7300033569336,62.70000076293945,65.63999938964844,3176800,Yahoo Finance NET
2023-08-15,us,NET,NET,64.81999969482422,65.46900177001953,62.08000183105469,62.11000061035156,2842700,Yahoo Finance NET
2023-08-16,us,NET,NET,62.90999984741211,62.95000076293945,60.79999923706055,60.849998474121094,2213400,Yahoo Finance NET
2023-08-17,us,NET,NET,60.310001373291016,60.56999969482422,57.84000015258789,58.310001373291016,5154300,Yahoo Finance NET
2023-08-18,us,NET,NET,57.0,59.22999954223633,56.361000061035156,58.97999954223633,2931000,Yahoo Finance NET
2023-08-21,us,NET,NET,59.41999816894531,60.41999816894531,58.54999923706055,58.56999969482422,2355100,Yahoo Finance NET
2023-08-22,us,NET,NET,59.13999938964844,60.39400100708008,58.41999816894531,59.79999923706055,2271700,Yahoo Finance NET
2023-08-23,us,NET,NET,59.52000045776367,65.0,59.029998779296875,63.11000061035156,5701700,Yahoo Finance NET
2023-08-24,us,NET,NET,64.66999816894531,64.97000122070312,59.11000061035156,59.900001525878906,3779500,Yahoo Finance NET
2023-08-25,us,NET,NET,59.02000045776367,62.470001220703125,59.02000045776367,62.20000076293945,2621200,Yahoo Finance NET
2023-08-28,us,NET,NET,62.880001068115234,63.45000076293945,61.709999084472656,61.83000183105469,1480600,Yahoo Finance NET
2023-08-29,us,NET,NET,61.709999084472656,64.08000183105469,61.08000183105469,63.22999954223633,1885900,Yahoo Finance NET
2023-08-30,us,NET,NET,63.43000030517578,64.52999877929688,62.56999969482422,64.41000366210938,2148900,Yahoo Finance NET
2023-08-31,us,NET,NET,65.0,66.11000061035156,64.87999725341797,65.02999877929688,2491900,Yahoo Finance NET
2023-09-01,us,NET,NET,65.86000061035156,66.9209976196289,63.59000015258789,63.9900016784668,2708200,Yahoo Finance NET
2023-09-05,us,NET,NET,63.400001525878906,65.37999725341797,63.029998779296875,65.30999755859375,2686000,Yahoo Finance NET
2023-09-06,us,NET,NET,64.55999755859375,65.3949966430664,63.040000915527344,63.9900016784668,2795900,Yahoo Finance NET
2023-09-07,us,NET,NET,60.77000045776367,64.01000213623047,60.74599838256836,63.529998779296875,2687300,Yahoo Finance NET
2023-09-08,us,NET,NET,63.400001525878906,64.11000061035156,62.305999755859375,62.68000030517578,1907800,Yahoo Finance NET
2023-09-11,us,NET,NET,63.790000915527344,65.75,63.54999923706055,65.45999908447266,2106900,Yahoo Finance NET
2023-09-12,us,NET,NET,64.2699966430664,65.94999694824219,64.22000122070312,64.83000183105469,2309900,Yahoo Finance NET
2023-09-13,us,NET,NET,64.31999969482422,65.26000213623047,63.53099822998047,64.45999908447266,2404600,Yahoo Finance NET
2023-09-14,us,NET,NET,65.0999984741211,65.7699966430664,63.959999084472656,65.58000183105469,2230800,Yahoo Finance NET
2023-09-15,us,NET,NET,65.0,65.18000030517578,61.534000396728516,62.7599983215332,5906900,Yahoo Finance NET
2023-09-18,us,NET,NET,61.7599983215332,62.72999954223633,61.0099983215332,61.720001220703125,3383200,Yahoo Finance NET
2023-09-19,us,NET,NET,61.16999816894531,61.31999969482422,59.70500183105469,60.16999816894531,3433100,Yahoo Finance NET
2023-09-20,us,NET,NET,60.22999954223633,61.150001525878906,59.40999984741211,60.0099983215332,2884400,Yahoo Finance NET
2023-09-21,us,NET,NET,58.41999816894531,58.810001373291016,56.08300018310547,56.54999923706055,5196500,Yahoo Finance NET
2023-09-22,us,NET,NET,57.44499969482422,58.189998626708984,56.529998779296875,57.7599983215332,3894600,Yahoo Finance NET
2023-09-25,us,NET,NET,57.29999923706055,58.290000915527344,56.66999816894531,57.75,2010700,Yahoo Finance NET
2023-09-26,us,NET,NET,56.86000061035156,57.689998626708984,56.43000030517578,56.68000030517578,2666700,Yahoo Finance NET
2023-09-27,us,NET,NET,60.25,61.27000045776367,58.560001373291016,60.540000915527344,8232000,Yahoo Finance NET
2023-09-28,us,NET,NET,59.810001373291016,63.83000183105469,59.257999420166016,63.09000015258789,6193900,Yahoo Finance NET
2023-09-29,us,NET,NET,63.939998626708984,65.58000183105469,62.7599983215332,63.040000915527344,4151100,Yahoo Finance NET
2023-10-02,us,NET,NET,62.90999984741211,63.779998779296875,61.54999923706055,62.5099983215332,3226100,Yahoo Finance NET
2023-10-03,us,NET,NET,61.54999923706055,61.77000045776367,57.900001525878906,58.400001525878906,4170600,Yahoo Finance NET
2023-10-04,us,NET,NET,59.150001525878906,59.88999938964844,58.119998931884766,59.25,3127400,Yahoo Finance NET
2023-10-05,us,NET,NET,59.0,59.27000045776367,56.709999084472656,58.16999816894531,3492900,Yahoo Finance NET
2023-10-06,us,NET,NET,57.400001525878906,62.689998626708984,57.34000015258789,62.54999923706055,4704800,Yahoo Finance NET
2023-10-09,us,NET,NET,61.0099983215332,64.80999755859375,61.0099983215332,63.689998626708984,3571200,Yahoo Finance NET
2023-10-10,us,NET,NET,63.69499969482422,66.1449966430664,63.560001373291016,65.55999755859375,3758600,Yahoo Finance NET
2023-10-11,us,NET,NET,66.26000213623047,66.8499984741211,64.8010025024414,65.29000091552734,2501600,Yahoo Finance NET
2023-10-12,us,NET,NET,65.31500244140625,65.3499984741211,62.33000183105469,62.619998931884766,3076200,Yahoo Finance NET
2023-10-13,us,NET,NET,62.400001525878906,63.5,60.64500045776367,61.15999984741211,2538100,Yahoo Finance NET
2023-10-16,us,NET,NET,61.900001525878906,64.52999877929688,61.47999954223633,63.5099983215332,3370300,Yahoo Finance NET
2023-10-17,us,NET,NET,62.0,65.8499984741211,62.0,64.62999725341797,3657900,Yahoo Finance NET
2023-10-18,us,NET,NET,64.19999694824219,64.6500015258789,62.2400016784668,62.43000030517578,2288400,Yahoo Finance NET
2023-10-19,us,NET,NET,62.75,63.959999084472656,61.9900016784668,62.790000915527344,2291300,Yahoo Finance NET
2023-10-20,us,NET,NET,62.060001373291016,62.619998931884766,58.805999755859375,59.380001068115234,4137300,Yahoo Finance NET
2023-10-23,us,NET,NET,58.5,59.7400016784668,57.29999923706055,58.70000076293945,3758900,Yahoo Finance NET
2023-10-24,us,NET,NET,59.689998626708984,61.27000045776367,58.790000915527344,59.630001068115234,3171100,Yahoo Finance NET
2023-10-25,us,NET,NET,58.56999969482422,59.040000915527344,56.40999984741211,56.4900016784668,3700000,Yahoo Finance NET
2023-10-26,us,NET,NET,56.54999923706055,57.10499954223633,54.61000061035156,55.529998779296875,3191600,Yahoo Finance NET
2023-10-27,us,NET,NET,56.33000183105469,56.91999816894531,54.92300033569336,55.349998474121094,2813100,Yahoo Finance NET
2023-10-30,us,NET,NET,56.41999816894531,56.90999984741211,55.14500045776367,55.880001068115234,2434300,Yahoo Finance NET
2023-10-31,us,NET,NET,56.0099983215332,57.28900146484375,55.2599983215332,56.689998626708984,2371100,Yahoo Finance NET
2023-11-01,us,NET,NET,56.70000076293945,56.71500015258789,53.88100051879883,54.95000076293945,3912600,Yahoo Finance NET
2023-11-02,us,NET,NET,57.470001220703125,58.08000183105469,55.400001525878906,56.58000183105469,9743500,Yahoo Finance NET
2023-11-03,us,NET,NET,57.470001220703125,64.57499694824219,57.36000061035156,64.41999816894531,12900000,Yahoo Finance NET
2023-11-06,us,NET,NET,64.30000305175781,64.5,61.400001525878906,63.11000061035156,5751500,Yahoo Finance NET
2023-11-07,us,NET,NET,64.02999877929688,66.23999786376953,63.40999984741211,66.0,6153900,Yahoo Finance NET
2023-11-08,us,NET,NET,65.68000030517578,66.16000366210938,63.880001068115234,64.58000183105469,2697100,Yahoo Finance NET
2023-11-09,us,NET,NET,65.0999984741211,65.4000015258789,62.02000045776367,62.18000030517578,3943100,Yahoo Finance NET
2023-11-10,us,NET,NET,61.810001373291016,63.31999969482422,61.34000015258789,63.08000183105469,3084000,Yahoo Finance NET
2023-11-13,us,NET,NET,62.86000061035156,64.25,62.38999938964844,63.88999938964844,3270700,Yahoo Finance NET
2023-11-14,us,NET,NET,66.04000091552734,70.94999694824219,66.04000091552734,70.61000061035156,8228000,Yahoo Finance NET
2023-11-15,us,NET,NET,70.58999633789062,72.69000244140625,70.13999938964844,70.80999755859375,4561300,Yahoo Finance NET
2023-11-16,us,NET,NET,69.5,70.95999908447266,68.94999694824219,70.69999694824219,3364700,Yahoo Finance NET
2023-11-17,us,NET,NET,70.48999786376953,73.1500015258789,69.81999969482422,72.69000244140625,3262100,Yahoo Finance NET
2023-11-20,us,NET,NET,72.51000213623047,73.87100219726562,72.31999969482422,72.80999755859375,2649900,Yahoo Finance NET
2023-11-21,us,NET,NET,73.33000183105469,75.677001953125,72.9000015258789,73.8499984741211,3780800,Yahoo Finance NET
2023-11-22,us,NET,NET,74.83999633789062,75.04000091552734,73.12999725341797,73.68000030517578,2122200,Yahoo Finance NET
2023-11-24,us,NET,NET,73.43000030517578,73.83999633789062,72.41000366210938,73.4000015258789,867400,Yahoo Finance NET
2023-11-27,us,NET,NET,73.0,75.55000305175781,72.69499969482422,73.94999694824219,3572400,Yahoo Finance NET
2023-11-28,us,NET,NET,73.20999908447266,75.08000183105469,72.83000183105469,74.54000091552734,3043500,Yahoo Finance NET
2023-11-29,us,NET,NET,76.0,79.08000183105469,75.19999694824219,78.30999755859375,5285400,Yahoo Finance NET
2023-11-30,us,NET,NET,79.05999755859375,79.61000061035156,76.58999633789062,77.1500015258789,4757200,Yahoo Finance NET
2023-12-01,us,NET,NET,77.44000244140625,78.87799835205078,75.79000091552734,78.77999877929688,3588800,Yahoo Finance NET
2023-12-04,us,NET,NET,78.5,80.16999816894531,78.05999755859375,79.81999969482422,3998000,Yahoo Finance NET
2023-12-05,us,NET,NET,79.0999984741211,79.2699966430664,76.91500091552734,77.94999694824219,3334200,Yahoo Finance NET
2023-12-06,us,NET,NET,78.19000244140625,80.03099822998047,76.61000061035156,76.66000366210938,2813100,Yahoo Finance NET
2023-12-07,us,NET,NET,76.69000244140625,77.30000305175781,75.7300033569336,76.80000305175781,2676100,Yahoo Finance NET
2023-12-08,us,NET,NET,75.9800033569336,78.33999633789062,75.77999877929688,77.5199966430664,2600900,Yahoo Finance NET
2023-12-11,us,NET,NET,77.0999984741211,78.95999908447266,76.88999938964844,77.81999969482422,1974100,Yahoo Finance NET
2023-12-12,us,NET,NET,77.31999969482422,78.625,76.5,78.19000244140625,1826100,Yahoo Finance NET
2023-12-13,us,NET,NET,78.5999984741211,81.44999694824219,77.5199966430664,80.37999725341797,4577200,Yahoo Finance NET
2023-12-14,us,NET,NET,82.68000030517578,84.88999938964844,81.80999755859375,84.66000366210938,6581300,Yahoo Finance NET
2023-12-15,us,NET,NET,84.80000305175781,85.4800033569336,83.36000061035156,85.05000305175781,5478700,Yahoo Finance NET
2023-12-18,us,NET,NET,84.80999755859375,85.5999984741211,83.91999816894531,84.69999694824219,2309600,Yahoo Finance NET
2023-12-19,us,NET,NET,85.38999938964844,86.90499877929688,85.04499816894531,85.51000213623047,2332200,Yahoo Finance NET
2023-12-20,us,NET,NET,85.13999938964844,86.16999816894531,82.66999816894531,82.83000183105469,2716200,Yahoo Finance NET
2023-12-21,us,NET,NET,84.62000274658203,85.11699676513672,83.36000061035156,84.8499984741211,2280800,Yahoo Finance NET
2023-12-22,us,NET,NET,85.0,85.30999755859375,83.54000091552734,84.31999969482422,1553600,Yahoo Finance NET
2023-12-26,us,NET,NET,84.5,85.94999694824219,84.33000183105469,85.76000213623047,1557400,Yahoo Finance NET
2023-12-27,us,NET,NET,86.2300033569336,86.91000366210938,84.93000030517578,85.55000305175781,1759000,Yahoo Finance NET
2023-12-28,us,NET,NET,85.69999694824219,85.7699966430664,84.37000274658203,84.68000030517578,1646200,Yahoo Finance NET
2023-12-29,us,NET,NET,84.18000030517578,84.79000091552734,82.75,83.26000213623047,1978100,Yahoo Finance NET
2024-01-02,us,NET,NET,81.43000030517578,81.72000122070312,78.38999938964844,79.3499984741211,3677100,Yahoo Finance NET
2024-01-03,us,NET,NET,77.23999786376953,78.31999969482422,75.80999755859375,76.38999938964844,3123800,Yahoo Finance NET
2024-01-04,us,NET,NET,76.0,77.83999633789062,75.6500015258789,76.83000183105469,2528900,Yahoo Finance NET
2024-01-05,us,NET,NET,76.30000305175781,77.63999938964844,76.1500015258789,76.27999877929688,2348000,Yahoo Finance NET
2024-01-08,us,NET,NET,76.9800033569336,79.7699966430664,76.66999816894531,79.63999938964844,2771000,Yahoo Finance NET
2024-01-09,us,NET,NET,78.94999694824219,81.6500015258789,78.6500015258789,81.62999725341797,2694700,Yahoo Finance NET
2024-01-10,us,NET,NET,82.55000305175781,83.0,80.36000061035156,80.97000122070312,4138600,Yahoo Finance NET
2024-01-11,us,NET,NET,80.80999755859375,81.88200378417969,78.12000274658203,80.81999969482422,3256800,Yahoo Finance NET
2024-01-12,us,NET,NET,81.0,81.58999633789062,79.12000274658203,79.37000274658203,1743300,Yahoo Finance NET
2024-01-16,us,NET,NET,78.45999908447266,79.52999877929688,77.08999633789062,78.44999694824219,2790900,Yahoo Finance NET
2024-01-17,us,NET,NET,77.4000015258789,77.4000015258789,74.37000274658203,77.06999969482422,3572600,Yahoo Finance NET
2024-01-18,us,NET,NET,78.76000213623047,79.68299865722656,76.62999725341797,77.95999908447266,2484100,Yahoo Finance NET
2024-01-19,us,NET,NET,78.62000274658203,81.37000274658203,77.91000366210938,81.3499984741211,3242600,Yahoo Finance NET
2024-01-22,us,NET,NET,83.87999725341797,87.16999816894531,83.54000091552734,84.68000030517578,4441600,Yahoo Finance NET
2024-01-23,us,NET,NET,84.97000122070312,85.63999938964844,83.3499984741211,83.93000030517578,2187800,Yahoo Finance NET
2024-01-24,us,NET,NET,85.37000274658203,86.23999786376953,82.30000305175781,82.33000183105469,2453200,Yahoo Finance NET
2024-01-25,us,NET,NET,83.02999877929688,83.60600280761719,81.26000213623047,81.86000061035156,2042900,Yahoo Finance NET
2024-01-26,us,NET,NET,81.23999786376953,82.5,79.80000305175781,80.18000030517578,2286900,Yahoo Finance NET
2024-01-29,us,NET,NET,80.22000122070312,84.31999969482422,80.16000366210938,84.30000305175781,2806600,Yahoo Finance NET
2024-01-30,us,NET,NET,84.23999786376953,84.55000305175781,82.2699966430664,82.95999908447266,2392400,Yahoo Finance NET
2024-01-31,us,NET,NET,81.62000274658203,82.61000061035156,79.05000305175781,79.05000305175781,3899000,Yahoo Finance NET
2024-02-01,us,NET,NET,79.91999816894531,80.75,78.1449966430664,79.58999633789062,2833900,Yahoo Finance NET
2024-02-02,us,NET,NET,79.54000091552734,83.38999938964844,78.13999938964844,82.6500015258789,4113500,Yahoo Finance NET
2024-02-05,us,NET,NET,81.7699966430664,82.19000244140625,79.11000061035156,80.81999969482422,2972700,Yahoo Finance NET
2024-02-06,us,NET,NET,80.86000061035156,82.23999786376953,79.58999633789062,81.58999633789062,3048900,Yahoo Finance NET
2024-02-07,us,NET,NET,81.9800033569336,83.93000030517578,80.01499938964844,83.3499984741211,4515400,Yahoo Finance NET
2024-02-08,us,NET,NET,83.75,91.08000183105469,82.9000015258789,90.30999755859375,18061200,Yahoo Finance NET
2024-02-09,us,NET,NET,110.0999984741211,116.0,105.01000213623047,107.91999816894531,33191900,Yahoo Finance NET
2024-02-12,us,NET,NET,106.79499816894531,109.83000183105469,104.19000244140625,105.62000274658203,10882800,Yahoo Finance NET
2024-02-13,us,NET,NET,99.91000366210938,102.83000183105469,97.62999725341797,99.87999725341797,6886100,Yahoo Finance NET
2024-02-14,us,NET,NET,101.87000274658203,104.5,99.41999816894531,104.37000274658203,4785400,Yahoo Finance NET
2024-02-15,us,NET,NET,104.5,104.5,99.43000030517578,101.22000122070312,4765100,Yahoo Finance NET
2024-02-16,us,NET,NET,101.31999969482422,101.80000305175781,97.71900177001953,98.5199966430664,4569100,Yahoo Finance NET
2024-02-20,us,NET,NET,98.0,98.30000305175781,94.05999755859375,97.98999786376953,4310200,Yahoo Finance NET
2024-02-21,us,NET,NET,93.88999938964844,95.9800033569336,93.4000015258789,95.08999633789062,4033700,Yahoo Finance NET
2024-02-22,us,NET,NET,99.45999908447266,99.93000030517578,97.4000015258789,99.47000122070312,4066600,Yahoo Finance NET
2024-02-23,us,NET,NET,100.0,101.66000366210938,97.13999938964844,98.44999694824219,2945900,Yahoo Finance NET
2024-02-26,us,NET,NET,98.70999908447266,100.30000305175781,97.8270034790039,99.08000183105469,2866100,Yahoo Finance NET
2024-02-27,us,NET,NET,100.55000305175781,102.30000305175781,97.9000015258789,98.25,3366900,Yahoo Finance NET
2024-02-28,us,NET,NET,97.30000305175781,98.18000030517578,95.73999786376953,97.4800033569336,2525500,Yahoo Finance NET
2024-02-29,us,NET,NET,97.66999816894531,99.56999969482422,96.72000122070312,98.54000091552734,5103400,Yahoo Finance NET
2024-03-01,us,NET,NET,98.27999877929688,101.8499984741211,97.11000061035156,99.91999816894531,3830300,Yahoo Finance NET
2024-03-04,us,NET,NET,99.9000015258789,101.2300033569336,97.4800033569336,100.87999725341797,4152400,Yahoo Finance NET
2024-03-05,us,NET,NET,99.05999755859375,99.22000122070312,93.81999969482422,95.97000122070312,4958300,Yahoo Finance NET
2024-03-06,us,NET,NET,98.7300033569336,99.36000061035156,95.76499938964844,97.48999786376953,2641400,Yahoo Finance NET
2024-03-07,us,NET,NET,98.41999816894531,101.9800033569336,97.66000366210938,100.75,3937700,Yahoo Finance NET
2024-03-08,us,NET,NET,101.22000122070312,104.0199966430664,97.2699966430664,97.98999786376953,4665900,Yahoo Finance NET
2024-03-11,us,NET,NET,96.76000213623047,98.39900207519531,95.20999908447266,97.05999755859375,2620800,Yahoo Finance NET
2024-03-12,us,NET,NET,97.47000122070312,98.38999938964844,95.37999725341797,96.75,2863100,Yahoo Finance NET
2024-03-13,us,NET,NET,96.33000183105469,98.05000305175781,95.5999984741211,95.9000015258789,2280700,Yahoo Finance NET
2024-03-14,us,NET,NET,96.05000305175781,96.86000061035156,92.66999816894531,94.20999908447266,3101600,Yahoo Finance NET
2024-03-15,us,NET,NET,93.1500015258789,93.68000030517578,90.80000305175781,91.5999984741211,4053100,Yahoo Finance NET
2024-03-18,us,NET,NET,92.95999908447266,95.74199676513672,92.08999633789062,94.63999938964844,3506100,Yahoo Finance NET
2024-03-19,us,NET,NET,93.18000030517578,95.54000091552734,91.8499984741211,95.16999816894531,2230200,Yahoo Finance NET
2024-03-20,us,NET,NET,95.30999755859375,98.41999816894531,94.66999816894531,97.9800033569336,2641400,Yahoo Finance NET
2024-03-21,us,NET,NET,100.0,100.9000015258789,96.31999969482422,96.41000366210938,3028000,Yahoo Finance NET
2024-03-22,us,NET,NET,96.0999984741211,96.80000305175781,94.7699966430664,96.56999969482422,1548700,Yahoo Finance NET
2024-03-25,us,NET,NET,95.79000091552734,97.0,95.35600280761719,96.08000183105469,1374200,Yahoo Finance NET
2024-03-26,us,NET,NET,97.26000213623047,100.27999877929688,97.0,99.06999969482422,3694200,Yahoo Finance NET
2024-03-27,us,NET,NET,99.52999877929688,100.7699966430664,95.05999755859375,96.55000305175781,2899300,Yahoo Finance NET
2024-03-28,us,NET,NET,96.0999984741211,97.66999816894531,96.0999984741211,96.83000183105469,1699400,Yahoo Finance NET
2024-04-01,us,NET,NET,97.16000366210938,97.88999938964844,94.94000244140625,95.66000366210938,1950900,Yahoo Finance NET
2024-04-02,us,NET,NET,92.91000366210938,95.48500061035156,91.26499938964844,94.97000122070312,2707200,Yahoo Finance NET
2024-04-03,us,NET,NET,94.0,95.8499984741211,93.56999969482422,94.66999816894531,1963700,Yahoo Finance NET
2024-04-04,us,NET,NET,95.0,97.12999725341797,93.19999694824219,93.25,2637900,Yahoo Finance NET
2024-04-05,us,NET,NET,94.0,97.30000305175781,92.94000244140625,96.16000366210938,2739700,Yahoo Finance NET
2024-04-08,us,NET,NET,96.5999984741211,96.76499938964844,94.26599884033203,95.33000183105469,1745600,Yahoo Finance NET
2024-04-09,us,NET,NET,96.0,97.36900329589844,94.75499725341797,97.0,2053400,Yahoo Finance NET
2024-04-10,us,NET,NET,93.37000274658203,95.9000015258789,93.2750015258789,94.83000183105469,2437300,Yahoo Finance NET
2024-04-11,us,NET,NET,96.0,96.33000183105469,94.03299713134766,96.08000183105469,1663100,Yahoo Finance NET
2024-04-12,us,NET,NET,94.94000244140625,95.29000091552734,92.62000274658203,93.76000213623047,2503900,Yahoo Finance NET
2024-04-15,us,NET,NET,93.18000030517578,94.09400177001953,90.04000091552734,90.33999633789062,2834400,Yahoo Finance NET
2024-04-16,us,NET,NET,89.91999816894531,91.20999908447266,88.06999969482422,91.04000091552734,3169300,Yahoo Finance NET
2024-04-17,us,NET,NET,90.56999969482422,90.93000030517578,87.34600067138672,88.0,2866300,Yahoo Finance NET
2024-04-18,us,NET,NET,87.7300033569336,88.3499984741211,86.02799987792969,86.70999908447266,2511400,Yahoo Finance NET
2024-04-19,us,NET,NET,86.27999877929688,86.69999694824219,83.13999938964844,84.0999984741211,4161700,Yahoo Finance NET
2024-04-22,us,NET,NET,84.83000183105469,85.4800033569336,82.83000183105469,84.69000244140625,2653400,Yahoo Finance NET
2024-04-23,us,NET,NET,86.0,88.87999725341797,85.01000213623047,87.87999725341797,2429000,Yahoo Finance NET
2024-04-24,us,NET,NET,89.48999786376953,89.9000015258789,87.16999816894531,87.68000030517578,2001500,Yahoo Finance NET
2024-04-25,us,NET,NET,85.01000213623047,87.5469970703125,84.5199966430664,86.76000213623047,1888700,Yahoo Finance NET
2024-04-26,us,NET,NET,88.02999877929688,89.4229965209961,86.88999938964844,88.01000213623047,1763900,Yahoo Finance NET
2024-04-29,us,NET,NET,88.9000015258789,91.0199966430664,88.5,89.6500015258789,3444400,Yahoo Finance NET
2024-04-30,us,NET,NET,89.26000213623047,91.58999633789062,87.31999969482422,87.4000015258789,4184300,Yahoo Finance NET
2024-05-01,us,NET,NET,88.12000274658203,90.81999969482422,86.51000213623047,88.04000091552734,2802600,Yahoo Finance NET
2024-05-02,us,NET,NET,89.43000030517578,89.5,85.31999969482422,88.97000122070312,7833700,Yahoo Finance NET
2024-05-03,us,NET,NET,78.2300033569336,78.91999816894531,72.68000030517578,74.4000015258789,18650500,Yahoo Finance NET
2024-05-06,us,NET,NET,74.69999694824219,75.9000015258789,73.83999633789062,74.30000305175781,6581400,Yahoo Finance NET
2024-05-07,us,NET,NET,74.73999786376953,75.08999633789062,73.01000213623047,74.12999725341797,4123700,Yahoo Finance NET
2024-05-08,us,NET,NET,73.33999633789062,73.75,72.08000183105469,72.44999694824219,3166900,Yahoo Finance NET
2024-05-09,us,NET,NET,72.52999877929688,74.29000091552734,72.4000015258789,73.33999633789062,2502100,Yahoo Finance NET
2024-05-10,us,NET,NET,73.68000030517578,73.77999877929688,71.7699966430664,71.91999816894531,2949300,Yahoo Finance NET
2024-05-13,us,NET,NET,72.23999786376953,73.6500015258789,71.93000030517578,73.56999969482422,2310100,Yahoo Finance NET
2024-05-14,us,NET,NET,73.61000061035156,74.31900024414062,72.94000244140625,73.3499984741211,1917400,Yahoo Finance NET
2024-05-15,us,NET,NET,74.52999877929688,74.81999969482422,73.97000122070312,74.25,2733400,Yahoo Finance NET
2024-05-16,us,NET,NET,74.25,76.16500091552734,73.47000122070312,75.13999938964844,3041400,Yahoo Finance NET
2024-05-17,us,NET,NET,74.9800033569336,76.25,74.61000061035156,75.2300033569336,2556900,Yahoo Finance NET
2024-05-20,us,NET,NET,75.55999755859375,75.62000274658203,74.12000274658203,75.62000274658203,1948300,Yahoo Finance NET
2024-05-21,us,NET,NET,74.62999725341797,75.25,73.9000015258789,74.37999725341797,1676600,Yahoo Finance NET
2024-05-22,us,NET,NET,74.44999694824219,75.69999694824219,73.55000305175781,74.9800033569336,2064700,Yahoo Finance NET
2024-05-23,us,NET,NET,76.04000091552734,76.3499984741211,73.47000122070312,73.62000274658203,2302600,Yahoo Finance NET
2024-05-24,us,NET,NET,73.52999877929688,74.29499816894531,72.74099731445312,74.19000244140625,1745300,Yahoo Finance NET
2024-05-28,us,NET,NET,74.44999694824219,74.69999694824219,73.18000030517578,73.87000274658203,2369000,Yahoo Finance NET
2024-05-29,us,NET,NET,72.95500183105469,75.9000015258789,72.54000091552734,75.19999694824219,3148700,Yahoo Finance NET
2024-05-30,us,NET,NET,74.25,74.48999786376953,67.0999984741211,67.9800033569336,8834700,Yahoo Finance NET
2024-05-31,us,NET,NET,68.48999786376953,68.8550033569336,66.37999725341797,67.69000244140625,4932400,Yahoo Finance NET
2024-06-03,us,NET,NET,68.55999755859375,68.7699966430664,66.23999786376953,67.43000030517578,3072400,Yahoo Finance NET
2024-06-04,us,NET,NET,67.11000061035156,68.62000274658203,67.01000213623047,68.0199966430664,3440400,Yahoo Finance NET
2024-06-05,us,NET,NET,69.0199966430664,69.87999725341797,68.16000366210938,69.8499984741211,4689800,Yahoo Finance NET
2024-06-06,us,NET,NET,69.81999969482422,71.52999877929688,69.81999969482422,71.25,2431800,Yahoo Finance NET
2024-06-07,us,NET,NET,70.6500015258789,71.30000305175781,70.19000244140625,70.7300033569336,2312700,Yahoo Finance NET
2024-06-10,us,NET,NET,70.52999877929688,72.1449966430664,70.37000274658203,71.72000122070312,2733800,Yahoo Finance NET
2024-06-11,us,NET,NET,71.66999816894531,72.9800033569336,70.87999725341797,72.62999725341797,2937000,Yahoo Finance NET
2024-06-12,us,NET,NET,74.26000213623047,75.88500213623047,73.63999938964844,75.41999816894531,4114600,Yahoo Finance NET
2024-06-13,us,NET,NET,76.04000091552734,76.55999755859375,73.5,73.51000213623047,2933200,Yahoo Finance NET
2024-06-14,us,NET,NET,73.66000366210938,75.81999969482422,73.61000061035156,75.58999633789062,2536000,Yahoo Finance NET
2024-06-17,us,NET,NET,77.02999877929688,77.94000244140625,75.0199966430664,77.68000030517578,3829800,Yahoo Finance NET
2024-06-18,us,NET,NET,77.37000274658203,79.88999938964844,77.02999877929688,79.08000183105469,3802900,Yahoo Finance NET
2024-06-20,us,NET,NET,80.0,80.0979995727539,77.47000122070312,78.44999694824219,4150200,Yahoo Finance NET
2024-06-21,us,NET,NET,76.95999908447266,78.20999908447266,75.81999969482422,77.94000244140625,6596100,Yahoo Finance NET
2024-06-24,us,NET,NET,77.43000030517578,78.94000244140625,77.0999984741211,78.5999984741211,3392400,Yahoo Finance NET
2024-06-25,us,NET,NET,80.58000183105469,80.83999633789062,78.91999816894531,80.66000366210938,4099000,Yahoo Finance NET
2024-06-26,us,NET,NET,80.5,81.0999984741211,79.2699966430664,79.27999877929688,1976600,Yahoo Finance NET
2024-06-27,us,NET,NET,79.25,82.36199951171875,79.05000305175781,81.79000091552734,2781100,Yahoo Finance NET
2024-06-28,us,NET,NET,82.01000213623047,84.22000122070312,81.80000305175781,82.83000183105469,3732300,Yahoo Finance NET
2024-07-01,us,NET,NET,82.6500015258789,84.12999725341797,81.19000244140625,83.94999694824219,1983000,Yahoo Finance NET
2024-07-02,us,NET,NET,83.87999725341797,85.18000030517578,83.5,85.05000305175781,2222900,Yahoo Finance NET
2024-07-03,us,NET,NET,85.37999725341797,85.61000061035156,84.52999877929688,84.52999877929688,1629100,Yahoo Finance NET
2024-07-05,us,NET,NET,84.69000244140625,87.18000030517578,84.55000305175781,86.95999908447266,2077100,Yahoo Finance NET
2024-07-08,us,NET,NET,86.26000213623047,86.86499786376953,84.52999877929688,84.87999725341797,2803100,Yahoo Finance NET
2024-07-09,us,NET,NET,84.87999725341797,85.20500183105469,81.94000244140625,82.58000183105469,3134200,Yahoo Finance NET
2024-07-10,us,NET,NET,82.9000015258789,82.9000015258789,79.9000015258789,82.37000274658203,2700800,Yahoo Finance NET
2024-07-11,us,NET,NET,83.86000061035156,84.5,81.87000274658203,82.0199966430664,1917700,Yahoo Finance NET
2024-07-12,us,NET,NET,81.69000244140625,82.98999786376953,81.26000213623047,82.20999908447266,1399600,Yahoo Finance NET
2024-07-15,us,NET,NET,82.56999969482422,84.66000366210938,81.63500213623047,83.43000030517578,2415100,Yahoo Finance NET
2024-07-16,us,NET,NET,83.77999877929688,84.69000244140625,82.72000122070312,83.94999694824219,2009200,Yahoo Finance NET
2024-07-17,us,NET,NET,82.30000305175781,82.66000366210938,79.27999877929688,80.58000183105469,3125000,Yahoo Finance NET
2024-07-18,us,NET,NET,81.01000213623047,81.20999908447266,77.68000030517578,78.5199966430664,3148800,Yahoo Finance NET
2024-07-19,us,NET,NET,78.79000091552734,79.66999816894531,78.19000244140625,78.66000366210938,2336600,Yahoo Finance NET
2024-07-22,us,NET,NET,79.37000274658203,79.58999633789062,77.72000122070312,78.66000366210938,1718400,Yahoo Finance NET
2024-07-23,us,NET,NET,81.12000274658203,83.41999816894531,79.20999908447266,80.97000122070312,3313600,Yahoo Finance NET
2024-07-24,us,NET,NET,79.5,80.25,75.58999633789062,76.0,3020700,Yahoo Finance NET
2024-07-25,us,NET,NET,75.81999969482422,79.58999633789062,74.78500366210938,78.04000091552734,2449100,Yahoo Finance NET
2024-07-26,us,NET,NET,79.08999633789062,79.2249984741211,77.22000122070312,78.05999755859375,1931600,Yahoo Finance NET
2024-07-29,us,NET,NET,78.61000061035156,78.97000122070312,77.16000366210938,77.37000274658203,1841200,Yahoo Finance NET
2024-07-30,us,NET,NET,77.2300033569336,78.5,75.55000305175781,76.02999877929688,2103400,Yahoo Finance NET
2024-07-31,us,NET,NET,77.80500030517578,78.33999633789062,76.5199966430664,77.5,2308700,Yahoo Finance NET
2024-08-01,us,NET,NET,77.16999816894531,78.80000305175781,73.9000015258789,74.4000015258789,5095900,Yahoo Finance NET
2024-08-02,us,NET,NET,79.5,80.7300033569336,75.30999755859375,79.45999908447266,10348600,Yahoo Finance NET
2024-08-05,us,NET,NET,69.26000213623047,80.1500015258789,69.26000213623047,77.69999694824219,5549500,Yahoo Finance NET
2024-08-06,us,NET,NET,78.66999816894531,78.66999816894531,76.18000030517578,76.23999786376953,2462100,Yahoo Finance NET
2024-08-07,us,NET,NET,78.75,79.9800033569336,76.18000030517578,76.37000274658203,2442800,Yahoo Finance NET
2024-08-08,us,NET,NET,77.44999694824219,77.47000122070312,75.12999725341797,76.81999969482422,1762400,Yahoo Finance NET
2024-08-09,us,NET,NET,77.51000213623047,78.9000015258789,76.87000274658203,77.70999908447266,1914700,Yahoo Finance NET
2024-08-12,us,NET,NET,78.0,79.0,76.5,76.62999725341797,1429600,Yahoo Finance NET
2024-08-13,us,NET,NET,77.13999938964844,81.7699966430664,77.13999938964844,81.75,2143300,Yahoo Finance NET
2024-08-14,us,NET,NET,82.30000305175781,83.36000061035156,80.69999694824219,81.45999908447266,1518500,Yahoo Finance NET
2024-08-15,us,NET,NET,82.36000061035156,83.44999694824219,81.25,82.16000366210938,1654900,Yahoo Finance NET
2024-08-16,us,NET,NET,81.27999877929688,82.83999633789062,80.80000305175781,82.37999725341797,1547300,Yahoo Finance NET
2024-08-19,us,NET,NET,82.55000305175781,84.30999755859375,81.80999755859375,84.06999969482422,2054600,Yahoo Finance NET
2024-08-20,us,NET,NET,84.30000305175781,84.91999816894531,82.2300033569336,82.33000183105469,1189600,Yahoo Finance NET
2024-08-21,us,NET,NET,82.33000183105469,82.51499938964844,81.08999633789062,82.37000274658203,1419900,Yahoo Finance NET
2024-08-22,us,NET,NET,82.12000274658203,82.55000305175781,80.61000061035156,80.62999725341797,1567800,Yahoo Finance NET
2024-08-23,us,NET,NET,81.18000030517578,82.69999694824219,80.67500305175781,82.38999938964844,1333300,Yahoo Finance NET
2024-08-26,us,NET,NET,83.0,84.18000030517578,81.52999877929688,81.63999938964844,1254700,Yahoo Finance NET
2024-08-27,us,NET,NET,80.6500015258789,82.69999694824219,80.20999908447266,81.26000213623047,1378600,Yahoo Finance NET
2024-08-28,us,NET,NET,80.55000305175781,81.0999984741211,79.11000061035156,79.8499984741211,1105600,Yahoo Finance NET
2024-08-29,us,NET,NET,80.44000244140625,82.58999633789062,80.33000183105469,81.27999877929688,1454500,Yahoo Finance NET
2024-08-30,us,NET,NET,82.0999984741211,83.69000244140625,81.66000366210938,82.13999938964844,2420800,Yahoo Finance NET
2024-09-03,us,NET,NET,81.5999984741211,81.76000213623047,77.19000244140625,78.11000061035156,2240200,Yahoo Finance NET
2024-09-04,us,NET,NET,77.0,79.63999938964844,76.5,78.02999877929688,1690400,Yahoo Finance NET
2024-09-05,us,NET,NET,77.2699966430664,79.37999725341797,77.1500015258789,78.4000015258789,1235900,Yahoo Finance NET
2024-09-06,us,NET,NET,78.63999938964844,79.20999908447266,75.70999908447266,76.05000305175781,1927600,Yahoo Finance NET
2024-09-09,us,NET,NET,77.01000213623047,77.70999908447266,76.08999633789062,76.23999786376953,1291800,Yahoo Finance NET
2024-09-10,us,NET,NET,76.6500015258789,77.20999908447266,74.87999725341797,76.80999755859375,1603400,Yahoo Finance NET
2024-09-11,us,NET,NET,76.48999786376953,78.69999694824219,75.22000122070312,78.55999755859375,2335300,Yahoo Finance NET
2024-09-12,us,NET,NET,78.88999938964844,79.83999633789062,77.77300262451172,78.86000061035156,1360800,Yahoo Finance NET
2024-09-13,us,NET,NET,79.05000305175781,80.26000213623047,77.91000366210938,78.58999633789062,1339600,Yahoo Finance NET
2024-09-16,us,NET,NET,78.1500015258789,80.30999755859375,77.87000274658203,79.93000030517578,1698400,Yahoo Finance NET
2024-09-17,us,NET,NET,80.80000305175781,80.80000305175781,77.80999755859375,79.11000061035156,2119400,Yahoo Finance NET
2024-09-18,us,NET,NET,79.33999633789062,79.69000244140625,77.5999984741211,78.08999633789062,1582200,Yahoo Finance NET
2024-09-19,us,NET,NET,80.08999633789062,82.9000015258789,79.19999694824219,82.83000183105469,3410900,Yahoo Finance NET
2024-09-20,us,NET,NET,82.94999694824219,83.33999633789062,81.41999816894531,82.44999694824219,3090100,Yahoo Finance NET
2024-09-23,us,NET,NET,82.66999816894531,86.12000274658203,82.5,85.61000061035156,3228800,Yahoo Finance NET
2024-09-24,us,NET,NET,86.0999984741211,86.45500183105469,83.76000213623047,85.5,1906700,Yahoo Finance NET
2024-09-25,us,NET,NET,85.30999755859375,85.33999633789062,83.4000015258789,83.41000366210938,2325400,Yahoo Finance NET
2024-09-26,us,NET,NET,84.80999755859375,84.80999755859375,81.18000030517578,82.36000061035156,3099600,Yahoo Finance NET
2024-09-27,us,NET,NET,82.19999694824219,82.69000244140625,81.23999786376953,81.58999633789062,1462700,Yahoo Finance NET
2024-09-30,us,NET,NET,80.8499984741211,81.77100372314453,79.38999938964844,80.88999938964844,2195800,Yahoo Finance NET
2024-10-01,us,NET,NET,80.05000305175781,80.30000305175781,78.01000213623047,78.11000061035156,2199100,Yahoo Finance NET
2024-10-02,us,NET,NET,78.87000274658203,79.80000305175781,77.80000305175781,79.33999633789062,2505500,Yahoo Finance NET
2024-10-03,us,NET,NET,78.76000213623047,79.87000274658203,78.0999984741211,79.43000030517578,1531100,Yahoo Finance NET
2024-10-04,us,NET,NET,80.0,83.45999908447266,79.5,83.43000030517578,2514300,Yahoo Finance NET
2024-10-07,us,NET,NET,83.1500015258789,83.25,80.47000122070312,80.48999786376953,1655700,Yahoo Finance NET
2024-10-08,us,NET,NET,79.4800033569336,81.83999633789062,79.16000366210938,81.76000213623047,1182500,Yahoo Finance NET
2024-10-09,us,NET,NET,81.94000244140625,84.94999694824219,81.62999725341797,84.94999694824219,1841400,Yahoo Finance NET
2024-10-10,us,NET,NET,84.58000183105469,93.69000244140625,84.4800033569336,92.45999908447266,8239500,Yahoo Finance NET
2024-10-11,us,NET,NET,92.94000244140625,94.30999755859375,92.0999984741211,93.47000122070312,3841400,Yahoo Finance NET
2024-10-14,us,NET,NET,94.9000015258789,96.30000305175781,92.33999633789062,93.75,2795000,Yahoo Finance NET
2024-10-15,us,NET,NET,94.0,94.9000015258789,92.56999969482422,93.80000305175781,2497000,Yahoo Finance NET
2024-10-16,us,NET,NET,93.6500015258789,93.95999908447266,91.12999725341797,91.33999633789062,2087400,Yahoo Finance NET
2024-10-17,us,NET,NET,92.05000305175781,92.16000366210938,90.16999816894531,90.4000015258789,1458600,Yahoo Finance NET
2024-10-18,us,NET,NET,90.5199966430664,91.48999786376953,90.11000061035156,90.80000305175781,1628800,Yahoo Finance NET
2024-10-21,us,NET,NET,90.16000366210938,92.79000091552734,90.00499725341797,90.73999786376953,1479900,Yahoo Finance NET
2024-10-22,us,NET,NET,90.04000091552734,90.37999725341797,87.80000305175781,88.45999908447266,1984700,Yahoo Finance NET
2024-10-23,us,NET,NET,88.13999938964844,88.80000305175781,86.9000015258789,87.63999938964844,2050800,Yahoo Finance NET
2024-10-24,us,NET,NET,88.19999694824219,90.11000061035156,88.0,89.56999969482422,1768500,Yahoo Finance NET
2024-10-25,us,NET,NET,89.81999969482422,90.6500015258789,88.47000122070312,88.76000213623047,1437300,Yahoo Finance NET
2024-10-28,us,NET,NET,89.37999725341797,90.08000183105469,87.77999877929688,87.94000244140625,1396700,Yahoo Finance NET
2024-10-29,us,NET,NET,88.44000244140625,89.62999725341797,87.33000183105469,89.5199966430664,1441500,Yahoo Finance NET
2024-10-30,us,NET,NET,89.5,91.30999755859375,89.35700225830078,89.8499984741211,2402400,Yahoo Finance NET
2024-10-31,us,NET,NET,88.29000091552734,88.7300033569336,87.0999984741211,87.70999908447266,2111100,Yahoo Finance NET
2024-11-01,us,NET,NET,88.61000061035156,88.69999694824219,86.25700378417969,87.55000305175781,1963800,Yahoo Finance NET
2024-11-04,us,NET,NET,87.0,87.76000213623047,85.5999984741211,86.48999786376953,2016900,Yahoo Finance NET
2024-11-05,us,NET,NET,86.91999816894531,88.1500015258789,86.42500305175781,87.70999908447266,1920400,Yahoo Finance NET
2024-11-06,us,NET,NET,90.25,92.62000274658203,89.81500244140625,92.51000213623047,2938400,Yahoo Finance NET
2024-11-07,us,NET,NET,94.88999938964844,97.53299713134766,94.11000061035156,95.66000366210938,7095200,Yahoo Finance NET
2024-11-08,us,NET,NET,88.44999694824219,92.19999694824219,87.23999786376953,91.25,7777200,Yahoo Finance NET
2024-11-11,us,NET,NET,91.25,95.36000061035156,90.80000305175781,93.2300033569336,5152300,Yahoo Finance NET
2024-11-12,us,NET,NET,92.88999938964844,94.0,89.44999694824219,90.91000366210938,2521200,Yahoo Finance NET
2024-11-13,us,NET,NET,91.41999816894531,99.16999816894531,91.25,94.16000366210938,5786300,Yahoo Finance NET
2024-11-14,us,NET,NET,94.45999908447266,95.44999694824219,91.05999755859375,91.93000030517578,2646400,Yahoo Finance NET
2024-11-15,us,NET,NET,90.43000030517578,91.12999725341797,87.7699966430664,89.7699966430664,3373500,Yahoo Finance NET
2024-11-18,us,NET,NET,89.9749984741211,92.9000015258789,89.55000305175781,92.29000091552734,3139900,Yahoo Finance NET
2024-11-19,us,NET,NET,91.46499633789062,96.55999755859375,91.41999816894531,96.37000274658203,3554800,Yahoo Finance NET
2024-11-20,us,NET,NET,96.55999755859375,96.95999908447266,93.16000366210938,96.47000122070312,2368300,Yahoo Finance NET
2024-11-21,us,NET,NET,99.76000213623047,104.48999786376953,99.33000183105469,104.23999786376953,5690500,Yahoo Finance NET
2024-11-22,us,NET,NET,104.0,105.94000244140625,102.87000274658203,104.2300033569336,3113400,Yahoo Finance NET
2024-11-25,us,NET,NET,106.75,106.75,103.0790023803711,103.7300033569336,2816500,Yahoo Finance NET
2024-11-26,us,NET,NET,104.0,105.0,101.66999816894531,102.2300033569336,2365100,Yahoo Finance NET
2024-11-27,us,NET,NET,101.87999725341797,101.87999725341797,98.58000183105469,99.37000274658203,2340000,Yahoo Finance NET
2024-11-29,us,NET,NET,99.55999755859375,101.13999938964844,98.88999938964844,99.83000183105469,1042400,Yahoo Finance NET
2024-12-02,us,NET,NET,106.02999877929688,108.61699676513672,104.61000061035156,105.05000305175781,4588400,Yahoo Finance NET
2024-12-03,us,NET,NET,103.37000274658203,105.88899993896484,103.20999908447266,104.91000366210938,1699400,Yahoo Finance NET
2024-12-04,us,NET,NET,107.0,110.8499984741211,106.94000244140625,110.72000122070312,4434100,Yahoo Finance NET
2024-12-05,us,NET,NET,109.41000366210938,112.83999633789062,108.61000061035156,110.45999908447266,3254400,Yahoo Finance NET
2024-12-06,us,NET,NET,111.27999877929688,113.69999694824219,110.3499984741211,112.95999908447266,2745300,Yahoo Finance NET
2024-12-09,us,NET,NET,112.95999908447266,114.69499969482422,111.27999877929688,113.87000274658203,3199100,Yahoo Finance NET
2024-12-10,us,NET,NET,112.80000305175781,113.87000274658203,109.7300033569336,111.19999694824219,2703300,Yahoo Finance NET
2024-12-11,us,NET,NET,112.3949966430664,115.83999633789062,112.0,114.51000213623047,2604100,Yahoo Finance NET
2024-12-12,us,NET,NET,112.4000015258789,115.12000274658203,111.33000183105469,114.88999938964844,1633000,Yahoo Finance NET
2024-12-13,us,NET,NET,114.80000305175781,115.29000091552734,112.61000061035156,113.5999984741211,1927900,Yahoo Finance NET
2024-12-16,us,NET,NET,113.9000015258789,115.43000030517578,112.16999816894531,114.6500015258789,2197600,Yahoo Finance NET
2024-12-17,us,NET,NET,118.2300033569336,119.41999816894531,116.01000213623047,117.55999755859375,3870400,Yahoo Finance NET
2024-12-18,us,NET,NET,117.58000183105469,117.58000183105469,108.47000122070312,109.0999984741211,3932100,Yahoo Finance NET
2024-12-19,us,NET,NET,110.37000274658203,111.12999725341797,107.0,108.58000183105469,3150600,Yahoo Finance NET
2024-12-20,us,NET,NET,108.0,113.5,107.06999969482422,112.69000244140625,5114600,Yahoo Finance NET
2024-12-23,us,NET,NET,112.16000366210938,113.2699966430664,110.52999877929688,111.58000183105469,1635900,Yahoo Finance NET
2024-12-24,us,NET,NET,111.75,113.0999984741211,111.7030029296875,112.58000183105469,526500,Yahoo Finance NET
2024-12-26,us,NET,NET,112.11000061035156,113.54000091552734,111.55000305175781,112.61000061035156,787100,Yahoo Finance NET
2024-12-27,us,NET,NET,111.94499969482422,112.36000061035156,108.20999908447266,110.61000061035156,1496500,Yahoo Finance NET
2024-12-30,us,NET,NET,108.66999816894531,109.4000015258789,107.48999786376953,109.02999877929688,1449200,Yahoo Finance NET
2024-12-31,us,NET,NET,109.0,109.04000091552734,106.98600006103516,107.68000030517578,1292300,Yahoo Finance NET
2025-01-02,us,NET,NET,114.5,114.75,110.68000030517578,112.54000091552734,3973200,Yahoo Finance NET
2025-01-03,us,NET,NET,113.4000015258789,114.80000305175781,112.05999755859375,114.7300033569336,3157900,Yahoo Finance NET
2025-01-06,us,NET,NET,116.36499786376953,117.08000183105469,112.51499938964844,113.98999786376953,2424500,Yahoo Finance NET
2025-01-07,us,NET,NET,116.63999938964844,118.12999725341797,112.94999694824219,113.66999816894531,3628000,Yahoo Finance NET
2025-01-08,us,NET,NET,112.43000030517578,115.9000015258789,111.48500061035156,115.69999694824219,3030000,Yahoo Finance NET
2025-01-10,us,NET,NET,111.12999725341797,113.25,109.5009994506836,112.62000274658203,2292000,Yahoo Finance NET
2025-01-13,us,NET,NET,110.03500366210938,111.16000366210938,108.58499908447266,110.70999908447266,2125900,Yahoo Finance NET
2025-01-14,us,NET,NET,112.45999908447266,113.9000015258789,111.31999969482422,112.0,1928000,Yahoo Finance NET
2025-01-15,us,NET,NET,113.55999755859375,115.5199966430664,113.13999938964844,114.4800033569336,2293300,Yahoo Finance NET
2025-01-16,us,NET,NET,115.41999816894531,116.47000122070312,114.11000061035156,114.81999969482422,2058800,Yahoo Finance NET
2025-01-17,us,NET,NET,119.41999816894531,121.0199966430664,116.7750015258789,117.16000366210938,3544100,Yahoo Finance NET
2025-01-21,us,NET,NET,119.26000213623047,120.44999694824219,117.94000244140625,119.8499984741211,2700700,Yahoo Finance NET
2025-01-22,us,NET,NET,120.70500183105469,123.12999725341797,119.87000274658203,123.08999633789062,2523900,Yahoo Finance NET
2025-01-23,us,NET,NET,122.98999786376953,124.63999938964844,122.0,123.93000030517578,2602900,Yahoo Finance NET
2025-01-24,us,NET,NET,125.0,125.70999908447266,123.27999877929688,125.12000274658203,2109700,Yahoo Finance NET
2025-01-27,us,NET,NET,121.75,130.64500427246094,121.5,126.47000122070312,3994200,Yahoo Finance NET
2025-01-28,us,NET,NET,128.8300018310547,140.25,125.6709976196289,139.97999572753906,7638300,Yahoo Finance NET
2025-01-29,us,NET,NET,137.83999633789062,138.11000061035156,134.23800659179688,136.44000244140625,4315400,Yahoo Finance NET
2025-01-30,us,NET,NET,137.25,139.5970001220703,135.8300018310547,137.25999450683594,2962700,Yahoo Finance NET
2025-01-31,us,NET,NET,138.72999572753906,142.41000366210938,138.1300048828125,138.39999389648438,3240100,Yahoo Finance NET
2025-02-03,us,NET,NET,133.0,138.6199951171875,130.09500122070312,136.83999633789062,4292100,Yahoo Finance NET
2025-02-04,us,NET,NET,139.52000427246094,141.6699981689453,137.99400329589844,140.13999938964844,3021600,Yahoo Finance NET
2025-02-05,us,NET,NET,139.77999877929688,144.3000030517578,139.0399932861328,144.2899932861328,3480700,Yahoo Finance NET
2025-02-06,us,NET,NET,142.94000244140625,144.0,140.52999877929688,141.52000427246094,6808700,Yahoo Finance NET
2025-02-07,us,NET,NET,153.5,171.3800048828125,152.3300018310547,166.66000366210938,15078000,Yahoo Finance NET
2025-02-10,us,NET,NET,167.5,176.72500610351562,164.52999877929688,172.49000549316406,6849200,Yahoo Finance NET
2025-02-11,us,NET,NET,170.0,174.89999389648438,168.5,172.5500030517578,4238200,Yahoo Finance NET
2025-02-12,us,NET,NET,171.69000244140625,173.25,169.1699981689453,172.8300018310547,3207500,Yahoo Finance NET
2025-02-13,us,NET,NET,173.9199981689453,176.50999450683594,171.75999450683594,176.5,2796800,Yahoo Finance NET
2025-02-14,us,NET,NET,175.5,177.3679962158203,170.9199981689453,171.16000366210938,3558500,Yahoo Finance NET
2025-02-18,us,NET,NET,166.44500732421875,170.37600708007812,164.3300018310547,168.80999755859375,5179400,Yahoo Finance NET
2025-02-19,us,NET,NET,166.30999755859375,167.69200134277344,159.88999938964844,160.58999633789062,5541700,Yahoo Finance NET
2025-02-20,us,NET,NET,158.25,158.25999450683594,151.83999633789062,156.3800048828125,5716500,Yahoo Finance NET
2025-02-21,us,NET,NET,156.82000732421875,158.05799865722656,150.39999389648438,151.9600067138672,3654500,Yahoo Finance NET
2025-02-24,us,NET,NET,151.22000122070312,151.6199951171875,144.3800048828125,148.0,4364400,Yahoo Finance NET
2025-02-25,us,NET,NET,146.6999969482422,147.60000610351562,140.22000122070312,143.13999938964844,3851200,Yahoo Finance NET
2025-02-26,us,NET,NET,145.27000427246094,146.8800048828125,144.0500030517578,144.9199981689453,2990600,Yahoo Finance NET
2025-02-27,us,NET,NET,148.0,150.69000244140625,140.64999389648438,140.72000122070312,2901900,Yahoo Finance NET
2025-02-28,us,NET,NET,140.0,145.7100067138672,137.94000244140625,145.3000030517578,4614400,Yahoo Finance NET
2025-03-03,us,NET,NET,145.9499969482422,149.16000366210938,141.72000122070312,142.91000366210938,4735100,Yahoo Finance NET
2025-03-04,us,NET,NET,135.25,144.27999877929688,132.80999755859375,140.92999267578125,5066400,Yahoo Finance NET
2025-03-05,us,NET,NET,140.05999755859375,143.96499633789062,137.24000549316406,143.75,2629100,Yahoo Finance NET
2025-03-06,us,NET,NET,140.13999938964844,141.89999389648438,129.72000122070312,131.02000427246094,4493200,Yahoo Finance NET
2025-03-07,us,NET,NET,129.92999267578125,132.36000061035156,121.0250015258789,126.75,5757300,Yahoo Finance NET
2025-03-10,us,NET,NET,122.92500305175781,122.92500305175781,113.83000183105469,116.61000061035156,6514800,Yahoo Finance NET
2025-03-11,us,NET,NET,116.58499908447266,123.36000061035156,116.51000213623047,120.06999969482422,5899700,Yahoo Finance NET
2025-03-12,us,NET,NET,124.97000122070312,126.0,116.0,119.4000015258789,6783500,Yahoo Finance NET
2025-03-13,us,NET,NET,115.48999786376953,116.5999984741211,111.0199966430664,113.69999694824219,4525100,Yahoo Finance NET
2025-03-14,us,NET,NET,115.38999938964844,117.79000091552734,114.5,116.1500015258789,3266900,Yahoo Finance NET
2025-03-17,us,NET,NET,115.66999816894531,118.05000305175781,115.29000091552734,116.0199966430664,2793500,Yahoo Finance NET
2025-03-18,us,NET,NET,115.4800033569336,116.16000366210938,111.91000366210938,115.12000274658203,2447200,Yahoo Finance NET
2025-03-19,us,NET,NET,115.76000213623047,119.18000030517578,113.91999816894531,117.58000183105469,2976700,Yahoo Finance NET
2025-03-20,us,NET,NET,117.62999725341797,120.55999755859375,116.68000030517578,117.94000244140625,2476700,Yahoo Finance NET
2025-03-21,us,NET,NET,116.30000305175781,119.56999969482422,115.11399841308594,119.22000122070312,4325300,Yahoo Finance NET
2025-03-24,us,NET,NET,122.62999725341797,124.95800018310547,121.1500015258789,123.93000030517578,3111500,Yahoo Finance NET
2025-03-25,us,NET,NET,131.7899932861328,132.41000366210938,126.05999755859375,127.5,6072400,Yahoo Finance NET
2025-03-26,us,NET,NET,127.52999877929688,127.7020034790039,120.4000015258789,121.1500015258789,2559800,Yahoo Finance NET
2025-03-27,us,NET,NET,119.0,121.0999984741211,115.80799865722656,118.56999969482422,2272800,Yahoo Finance NET
2025-03-28,us,NET,NET,117.30000305175781,117.84300231933594,112.4000015258789,114.91999816894531,3142900,Yahoo Finance NET
2025-03-31,us,NET,NET,110.25,112.9020004272461,106.0999984741211,112.69000244140625,4112700,Yahoo Finance NET
2025-04-01,us,NET,NET,114.16500091552734,115.7300033569336,111.33999633789062,115.66000366210938,3443100,Yahoo Finance NET
2025-04-02,us,NET,NET,112.57499694824219,120.32499694824219,112.5,119.55000305175781,4236300,Yahoo Finance NET
2025-04-03,us,NET,NET,112.5999984741211,113.22000122070312,105.30400085449219,107.38999938964844,4932100,Yahoo Finance NET
2025-04-04,us,NET,NET,101.25,102.5,94.16000366210938,97.08000183105469,6615000,Yahoo Finance NET
2025-04-07,us,NET,NET,90.9749984741211,103.38999938964844,89.41999816894531,98.36000061035156,6550000,Yahoo Finance NET
2025-04-08,us,NET,NET,103.58999633789062,105.26499938964844,95.79000091552734,97.44999694824219,5387200,Yahoo Finance NET
2025-04-09,us,NET,NET,97.23500061035156,115.41999816894531,96.41000366210938,112.55999755859375,7228600,Yahoo Finance NET
2025-04-10,us,NET,NET,108.29000091552734,108.9800033569336,102.0999984741211,105.5,3856000,Yahoo Finance NET
2025-04-11,us,NET,NET,105.56500244140625,107.2699966430664,102.83499908447266,106.25,3133400,Yahoo Finance NET
2025-04-14,us,NET,NET,110.0,111.69000244140625,106.0999984741211,107.12000274658203,2540100,Yahoo Finance NET
2025-04-15,us,NET,NET,107.16999816894531,110.29000091552734,106.18000030517578,109.13999938964844,2015100,Yahoo Finance NET
2025-04-16,us,NET,NET,109.0250015258789,113.66000366210938,107.68000030517578,109.55000305175781,4085400,Yahoo Finance NET
2025-04-17,us,NET,NET,110.80000305175781,110.9000015258789,106.80000305175781,107.9000015258789,1931800,Yahoo Finance NET
2025-04-21,us,NET,NET,105.66000366210938,106.44000244140625,100.25,102.11000061035156,2377400,Yahoo Finance NET
2025-04-22,us,NET,NET,104.19999694824219,107.43000030517578,103.0,106.80999755859375,2483300,Yahoo Finance NET
2025-04-23,us,NET,NET,113.18000030517578,118.0,112.12000274658203,112.80000305175781,3592200,Yahoo Finance NET
2025-04-24,us,NET,NET,112.9000015258789,119.66000366210938,112.9000015258789,118.87000274658203,2607300,Yahoo Finance NET
2025-04-25,us,NET,NET,117.88600158691406,121.08999633789062,117.83000183105469,121.0,2596700,Yahoo Finance NET
2025-04-28,us,NET,NET,121.41000366210938,122.5,118.06199645996094,121.0,2069800,Yahoo Finance NET
2025-04-29,us,NET,NET,120.88999938964844,122.87000274658203,120.48999786376953,122.2300033569336,1710200,Yahoo Finance NET
2025-04-30,us,NET,NET,118.70999908447266,120.93000030517578,117.07499694824219,120.77999877929688,2646900,Yahoo Finance NET
2025-05-01,us,NET,NET,125.69999694824219,125.9800033569336,122.5,122.61000061035156,3230800,Yahoo Finance NET
2025-05-02,us,NET,NET,125.11499786376953,126.05000305175781,123.41999816894531,124.2300033569336,2625200,Yahoo Finance NET
2025-05-05,us,NET,NET,122.58999633789062,126.24500274658203,122.38999938964844,124.63999938964844,2837400,Yahoo Finance NET
2025-05-06,us,NET,NET,122.0,123.48100280761719,120.45500183105469,122.29000091552734,2596700,Yahoo Finance NET
2025-05-07,us,NET,NET,122.08000183105469,122.73999786376953,120.55000305175781,121.70999908447266,2141500,Yahoo Finance NET
2025-05-08,us,NET,NET,123.80999755859375,126.2699966430664,121.45500183105469,124.30999755859375,5434900,Yahoo Finance NET
2025-05-09,us,NET,NET,133.6199951171875,136.38999938964844,130.1999969482422,132.33999633789062,9048300,Yahoo Finance NET
2025-05-12,us,NET,NET,139.0,143.27999877929688,136.32000732421875,142.36000061035156,5052300,Yahoo Finance NET
2025-05-13,us,NET,NET,143.4199981689453,151.32000732421875,143.0,150.36000061035156,5130100,Yahoo Finance NET
2025-05-14,us,NET,NET,152.0,154.6199951171875,150.4499969482422,154.49000549316406,4488300,Yahoo Finance NET
2025-05-15,us,NET,NET,152.94000244140625,154.47000122070312,150.593994140625,152.8000030517578,2942200,Yahoo Finance NET
2025-05-16,us,NET,NET,152.68499755859375,157.50999450683594,152.41000366210938,157.19000244140625,5379700,Yahoo Finance NET
2025-05-19,us,NET,NET,154.44000244140625,158.6699981689453,154.02999877929688,157.52000427246094,3505800,Yahoo Finance NET
2025-05-20,us,NET,NET,156.3000030517578,157.8800048828125,155.27699279785156,157.4199981689453,2705500,Yahoo Finance NET
2025-05-21,us,NET,NET,156.13999938964844,160.20899963378906,155.2100067138672,156.52000427246094,2817600,Yahoo Finance NET
2025-05-22,us,NET,NET,157.36000061035156,160.47999572753906,155.89999389648438,158.2100067138672,2084700,Yahoo Finance NET
2025-05-23,us,NET,NET,155.1699981689453,159.17999267578125,154.92999267578125,158.0399932861328,1677300,Yahoo Finance NET
2025-05-27,us,NET,NET,160.0,162.8000030517578,159.2760009765625,161.75999450683594,2908400,Yahoo Finance NET
2025-05-28,us,NET,NET,162.0,163.00999450683594,161.2899932861328,161.97999572753906,3388200,Yahoo Finance NET
2025-05-29,us,NET,NET,164.80999755859375,165.49000549316406,159.75999450683594,164.16000366210938,3110500,Yahoo Finance NET
2025-05-30,us,NET,NET,163.6199951171875,166.52000427246094,161.1199951171875,165.88999938964844,3895300,Yahoo Finance NET
2025-06-02,us,NET,NET,165.0,170.0,162.27499389648438,169.6999969482422,2694400,Yahoo Finance NET
2025-06-03,us,NET,NET,169.82000732421875,173.19000244140625,167.72999572753906,172.57000732421875,2724200,Yahoo Finance NET
2025-06-04,us,NET,NET,172.5800018310547,174.48699951171875,170.6199951171875,170.9199981689453,2294800,Yahoo Finance NET
2025-06-05,us,NET,NET,172.0,181.11599731445312,170.74000549316406,176.3300018310547,5247500,Yahoo Finance NET
2025-06-06,us,NET,NET,178.38999938964844,181.80999755859375,176.14999389648438,179.6699981689453,2773500,Yahoo Finance NET
2025-06-09,us,NET,NET,180.2100067138672,180.2100067138672,173.14999389648438,177.8000030517578,2637400,Yahoo Finance NET
2025-06-10,us,NET,NET,179.47999572753906,181.8000030517578,176.2899932861328,179.33999633789062,2836300,Yahoo Finance NET
2025-06-11,us,NET,NET,179.0,181.5,177.43499755859375,179.7100067138672,2259500,Yahoo Finance NET
2025-06-12,us,NET,NET,176.0,181.49000549316406,168.1199951171875,170.80999755859375,7894000,Yahoo Finance NET
2025-06-13,us,NET,NET,167.125,173.91000366210938,167.125,171.97000122070312,6261000,Yahoo Finance NET
2025-06-16,us,NET,NET,174.11500549316406,179.47000122070312,173.8040008544922,179.27000427246094,4303600,Yahoo Finance NET
2025-06-17,us,NET,NET,178.27000427246094,182.58999633789062,176.02000427246094,181.22999572753906,3658600,Yahoo Finance NET
2025-06-18,us,NET,NET,181.72000122070312,182.97999572753906,178.86000061035156,181.39999389648438,2952100,Yahoo Finance NET
2025-06-20,us,NET,NET,182.25,184.8459930419922,178.88999938964844,179.3000030517578,2667400,Yahoo Finance NET
2025-06-23,us,NET,NET,178.61000061035156,184.92999267578125,175.25,183.8699951171875,3419000,Yahoo Finance NET
2025-06-24,us,NET,NET,185.9600067138672,187.89999389648438,183.61000061035156,186.42999267578125,2027500,Yahoo Finance NET
2025-06-25,us,NET,NET,187.6699981689453,192.0,187.41000366210938,190.1199951171875,2630300,Yahoo Finance NET
2025-06-26,us,NET,NET,192.0,192.4600067138672,188.35000610351562,190.9600067138672,2271400,Yahoo Finance NET
2025-06-27,us,NET,NET,191.7100067138672,194.7100067138672,189.0,194.0500030517578,4904700,Yahoo Finance NET
2025-06-30,us,NET,NET,195.55499267578125,196.1999969482422,192.32000732421875,195.8300018310547,2898100,Yahoo Finance NET
2025-07-01,us,NET,NET,195.3000030517578,198.00999450683594,180.64999389648438,184.9499969482422,5634000,Yahoo Finance NET
2025-07-02,us,NET,NET,182.96499633789062,187.11300659179688,181.64100646972656,185.63999938964844,3190600,Yahoo Finance NET
2025-07-03,us,NET,NET,185.85000610351562,191.85000610351562,185.85000610351562,191.27000427246094,1848800,Yahoo Finance NET
2025-07-07,us,NET,NET,190.3300018310547,194.14999389648438,188.8000030517578,192.85000610351562,2171600,Yahoo Finance NET
2025-07-08,us,NET,NET,194.0,194.88999938964844,187.77000427246094,192.80999755859375,2444000,Yahoo Finance NET
2025-07-09,us,NET,NET,194.4199981689453,195.89999389648438,192.25,193.49000549316406,2347900,Yahoo Finance NET
2025-07-10,us,NET,NET,194.0800018310547,194.48500061035156,179.5500030517578,181.9199981689453,3861800,Yahoo Finance NET
2025-07-11,us,NET,NET,182.42999267578125,185.3800048828125,180.10899353027344,181.38999938964844,2781800,Yahoo Finance NET
2025-07-14,us,NET,NET,179.94000244140625,184.89999389648438,178.50599670410156,182.89999389648438,2759200,Yahoo Finance NET
2025-07-15,us,NET,NET,184.24000549316406,187.75,180.6999969482422,186.97000122070312,2619900,Yahoo Finance NET
2025-07-16,us,NET,NET,188.77000427246094,190.1199951171875,186.0800018310547,189.80999755859375,3095800,Yahoo Finance NET
2025-07-17,us,NET,NET,190.47999572753906,193.10000610351562,189.0850067138672,191.25,3594100,Yahoo Finance NET
2025-07-18,us,NET,NET,191.7100067138672,197.35000610351562,191.5279998779297,197.35000610351562,4216600,Yahoo Finance NET
2025-07-21,us,NET,NET,198.3000030517578,200.76499938964844,195.0399932861328,197.75999450683594,3624200,Yahoo Finance NET
2025-07-22,us,NET,NET,196.6300048828125,197.22000122070312,188.64999389648438,190.5500030517578,3961400,Yahoo Finance NET
2025-07-23,us,NET,NET,190.02000427246094,190.8300018310547,186.0800018310547,189.14999389648438,2861500,Yahoo Finance NET
2025-07-24,us,NET,NET,190.1999969482422,192.6199951171875,186.72000122070312,191.5800018310547,2623000,Yahoo Finance NET
2025-07-25,us,NET,NET,191.89999389648438,200.00999450683594,191.5800018310547,198.4199981689453,2698700,Yahoo Finance NET
2025-07-28,us,NET,NET,200.91000366210938,202.33999633789062,198.6199951171875,199.41000366210938,3517600,Yahoo Finance NET
2025-07-29,us,NET,NET,200.0,202.36000061035156,197.67999267578125,199.42999267578125,2834700,Yahoo Finance NET
2025-07-30,us,NET,NET,200.4499969482422,203.0800018310547,199.0,200.85000610351562,2735000,Yahoo Finance NET
2025-07-31,us,NET,NET,204.77000427246094,210.97999572753906,203.0,207.67999267578125,6792800,Yahoo Finance NET
2025-08-01,us,NET,NET,198.66000366210938,211.27000427246094,192.8000030517578,200.11000061035156,6449400,Yahoo Finance NET
2025-08-04,us,NET,NET,204.57000732421875,211.75,202.7100067138672,208.8000030517578,3658200,Yahoo Finance NET
2025-08-05,us,NET,NET,209.0,215.5800018310547,204.6999969482422,207.80999755859375,3039500,Yahoo Finance NET
2025-08-06,us,NET,NET,209.4499969482422,215.5500030517578,208.47500610351562,215.52999877929688,2325100,Yahoo Finance NET
2025-08-07,us,NET,NET,218.16000366210938,219.0,204.3300018310547,210.44000244140625,2702100,Yahoo Finance NET
2025-08-08,us,NET,NET,210.58999633789062,211.7899932861328,204.1999969482422,204.60000610351562,1767200,Yahoo Finance NET
2025-08-11,us,NET,NET,202.11000061035156,206.1199951171875,200.10000610351562,201.1699981689453,2066400,Yahoo Finance NET
2025-08-12,us,NET,NET,202.47000122070312,204.0,197.22999572753906,202.3300018310547,2247700,Yahoo Finance NET
2025-08-13,us,NET,NET,204.0,204.52000427246094,195.85499572753906,199.33999633789062,2746000,Yahoo Finance NET
2025-08-14,us,NET,NET,195.97000122070312,198.16600036621094,192.9550018310547,195.3800048828125,2535700,Yahoo Finance NET
2025-08-15,us,NET,NET,195.6300048828125,202.89999389648438,195.0,200.91000366210938,2121900,Yahoo Finance NET
2025-08-18,us,NET,NET,199.99000549316406,203.30999755859375,196.55999755859375,202.3699951171875,2203800,Yahoo Finance NET
2025-08-19,us,NET,NET,201.7899932861328,203.0,193.50999450683594,196.50999450683594,2190800,Yahoo Finance NET
2025-08-20,us,NET,NET,195.0,195.5,184.52000427246094,193.1999969482422,3190600,Yahoo Finance NET
2025-08-21,us,NET,NET,191.0,193.49000549316406,190.2899932861328,192.77000427246094,1667000,Yahoo Finance NET
2025-08-22,us,NET,NET,192.3000030517578,197.99000549316406,190.4759979248047,196.1699981689453,1416700,Yahoo Finance NET
2025-08-25,us,NET,NET,196.5,197.4600067138672,194.1300048828125,195.8800048828125,1246500,Yahoo Finance NET
2025-08-26,us,NET,NET,196.39999389648438,201.5,195.94000244140625,198.5500030517578,2750300,Yahoo Finance NET
2025-08-27,us,NET,NET,201.39999389648438,205.64999389648438,199.75999450683594,205.24000549316406,2433600,Yahoo Finance NET
2025-08-28,us,NET,NET,205.8000030517578,215.64999389648438,205.8000030517578,213.4199981689453,2733100,Yahoo Finance NET
2025-08-29,us,NET,NET,212.47999572753906,214.4340057373047,206.0,208.7100067138672,2095100,Yahoo Finance NET
2025-09-02,us,NET,NET,202.64999389648438,208.7100067138672,199.38999938964844,208.0500030517578,1894000,Yahoo Finance NET
2025-09-03,us,NET,NET,208.77999877929688,208.9709930419922,203.86000061035156,205.7100067138672,1382400,Yahoo Finance NET
2025-09-04,us,NET,NET,204.99000549316406,211.13999938964844,200.6699981689453,209.97999572753906,1780000,Yahoo Finance NET
2025-09-05,us,NET,NET,212.11000061035156,214.7100067138672,208.4600067138672,214.42999267578125,1638300,Yahoo Finance NET
2025-09-08,us,NET,NET,216.6999969482422,220.99000549316406,216.22999572753906,217.9199981689453,2390300,Yahoo Finance NET
2025-09-09,us,NET,NET,217.9199981689453,219.1999969482422,214.85000610351562,218.55999755859375,1671500,Yahoo Finance NET
2025-09-10,us,NET,NET,219.97000122070312,225.2899932861328,219.50999450683594,222.97000122070312,2216000,Yahoo Finance NET
2025-09-11,us,NET,NET,224.89999389648438,230.10000610351562,223.08999633789062,224.63999938964844,3132400,Yahoo Finance NET
2025-09-12,us,NET,NET,223.8000030517578,225.52000427246094,220.42999267578125,221.32000732421875,1554100,Yahoo Finance NET
2025-09-15,us,NET,NET,220.57000732421875,229.5399932861328,220.50999450683594,226.00999450683594,1878500,Yahoo Finance NET
2025-09-16,us,NET,NET,225.0,225.16200256347656,218.38999938964844,219.24000549316406,2579600,Yahoo Finance NET
2025-09-17,us,NET,NET,219.64999389648438,220.19000244140625,208.59100341796875,213.8800048828125,3407100,Yahoo Finance NET
2025-09-18,us,NET,NET,216.75,223.80999755859375,215.82000732421875,223.57000732421875,3028400,Yahoo Finance NET
2025-09-19,us,NET,NET,224.0,227.6199951171875,222.17999267578125,225.94000244140625,4004100,Yahoo Finance NET
2025-09-22,us,NET,NET,224.52499389648438,230.10000610351562,222.75999450683594,228.27999877929688,2636200,Yahoo Finance NET
2025-09-23,us,NET,NET,228.33999633789062,228.33999633789062,219.5500030517578,223.25999450683594,2005600,Yahoo Finance NET
2025-09-24,us,NET,NET,226.0,226.98500061035156,217.22000122070312,217.57000732421875,2318900,Yahoo Finance NET
2025-09-25,us,NET,NET,213.64999389648438,219.2899932861328,210.8699951171875,218.1999969482422,2810600,Yahoo Finance NET
2025-09-26,us,NET,NET,218.00999450683594,220.0,213.5500030517578,216.33999633789062,1888400,Yahoo Finance NET
2025-09-29,us,NET,NET,218.94000244140625,219.875,216.33999633789062,218.5800018310547,1852300,Yahoo Finance NET
2025-09-30,us,NET,NET,218.83999633789062,218.83999633789062,211.36000061035156,214.58999633789062,1868900,Yahoo Finance NET
2025-10-01,us,NET,NET,213.25,218.99000549316406,212.1699981689453,217.05999755859375,2326000,Yahoo Finance NET
2025-10-02,us,NET,NET,219.0500030517578,224.81500244140625,215.36599731445312,224.55999755859375,2208800,Yahoo Finance NET
2025-10-03,us,NET,NET,225.0,225.0,212.0,216.6699981689453,2428200,Yahoo Finance NET
2025-10-06,us,NET,NET,219.5,225.37100219726562,219.21499633789062,221.02999877929688,1957500,Yahoo Finance NET
2025-10-07,us,NET,NET,222.0,222.22000122070312,213.67999267578125,217.38999938964844,2138900,Yahoo Finance NET
2025-10-08,us,NET,NET,218.7100067138672,221.99000549316406,216.1999969482422,220.0,1970600,Yahoo Finance NET
2025-10-09,us,NET,NET,218.75999450683594,221.52200317382812,214.3000030517578,220.9499969482422,1478400,Yahoo Finance NET
2025-10-10,us,NET,NET,222.1199951171875,226.9499969482422,213.14999389648438,213.82000732421875,2118500,Yahoo Finance NET
2025-10-13,us,NET,NET,217.25999450683594,223.6999969482422,215.85000610351562,222.55999755859375,1824300,Yahoo Finance NET
2025-10-14,us,NET,NET,217.3300018310547,217.9600067138672,210.3300018310547,217.5500030517578,2645700,Yahoo Finance NET
2025-10-15,us,NET,NET,220.99000549316406,225.00999450683594,217.25999450683594,217.3800048828125,2168000,Yahoo Finance NET
2025-10-16,us,NET,NET,218.77999877929688,221.4600067138672,209.13999938964844,211.39999389648438,2588400,Yahoo Finance NET
2025-10-17,us,NET,NET,208.22500610351562,210.0800018310547,203.50999450683594,210.00999450683594,3070700,Yahoo Finance NET
2025-10-20,us,NET,NET,212.41000366210938,213.4499969482422,208.8000030517578,213.0399932861328,2008000,Yahoo Finance NET
2025-10-21,us,NET,NET,213.19500732421875,213.72999572753906,208.1699981689453,212.97999572753906,1395400,Yahoo Finance NET
2025-10-22,us,NET,NET,211.9199981689453,213.8300018310547,206.2899932861328,210.72999572753906,1684700,Yahoo Finance NET
2025-10-23,us,NET,NET,210.72999572753906,217.2899932861328,210.00999450683594,217.16000366210938,2108000,Yahoo Finance NET
2025-10-24,us,NET,NET,220.10000610351562,222.1300048828125,217.75999450683594,217.85000610351562,1357700,Yahoo Finance NET
2025-10-27,us,NET,NET,222.44000244140625,225.44000244140625,219.2899932861328,225.11000061035156,2085900,Yahoo Finance NET
2025-10-28,us,NET,NET,226.25,228.1999969482422,223.75,223.99000549316406,1864300,Yahoo Finance NET
2025-10-29,us,NET,NET,224.64999389648438,227.92999267578125,223.00999450683594,227.3800048828125,2253200,Yahoo Finance NET
2025-10-30,us,NET,NET,226.13999938964844,231.1300048828125,222.25,222.5,5282000,Yahoo Finance NET
2025-10-31,us,NET,NET,236.5,254.3000030517578,234.0,253.3000030517578,9483100,Yahoo Finance NET
2025-11-03,us,NET,NET,254.91000366210938,260.0,245.1199951171875,248.11000061035156,4317100,Yahoo Finance NET
2025-11-04,us,NET,NET,240.25,245.6300048828125,231.77999877929688,232.91000366210938,3505700,Yahoo Finance NET
2025-11-05,us,NET,NET,232.92999267578125,233.61500549316406,228.22000122070312,228.50999450683594,2451600,Yahoo Finance NET
2025-11-06,us,NET,NET,229.875,230.89500427246094,221.2100067138672,225.89999389648438,2786900,Yahoo Finance NET
2025-11-07,us,NET,NET,222.82000732421875,233.0800018310547,218.42999267578125,232.80999755859375,2865800,Yahoo Finance NET
2025-11-10,us,NET,NET,238.64999389648438,244.5,238.64999389648438,240.52999877929688,2848400,Yahoo Finance NET
2025-11-11,us,NET,NET,238.5800018310547,241.05799865722656,234.72999572753906,234.9499969482422,1977000,Yahoo Finance NET
2025-11-12,us,NET,NET,235.8350067138672,236.25999450683594,223.8000030517578,225.67999267578125,2851300,Yahoo Finance NET
2025-11-13,us,NET,NET,223.7449951171875,224.4429931640625,213.22999572753906,213.5399932861328,2666300,Yahoo Finance NET
2025-11-14,us,NET,NET,209.9499969482422,215.23500061035156,204.18600463867188,210.60000610351562,3875100,Yahoo Finance NET
2025-11-17,us,NET,NET,213.44000244140625,213.6999969482422,201.38999938964844,202.25,4094600,Yahoo Finance NET
2025-11-18,us,NET,NET,187.47500610351562,200.5399932861328,187.47500610351562,196.52999877929688,8770300,Yahoo Finance NET
2025-11-19,us,NET,NET,197.0,197.74000549316406,193.10000610351562,196.1999969482422,4017900,Yahoo Finance NET
2025-11-20,us,NET,NET,204.47000122070312,204.47000122070312,189.7899932861328,191.38999938964844,3201100,Yahoo Finance NET
2025-11-21,us,NET,NET,191.59500122070312,191.59500122070312,181.16000366210938,186.3800048828125,3322100,Yahoo Finance NET
2025-11-24,us,NET,NET,187.86500549316406,194.16000366210938,187.4600067138672,193.99000549316406,4524200,Yahoo Finance NET
2025-11-25,us,NET,NET,193.5,197.8000030517578,185.22999572753906,197.49000549316406,3120000,Yahoo Finance NET
2025-11-26,us,NET,NET,198.07000732421875,199.7899932861328,195.11000061035156,196.99000549316406,2259900,Yahoo Finance NET
2025-11-28,us,NET,NET,198.22000122070312,201.84800720214844,197.6199951171875,200.2100067138672,989400,Yahoo Finance NET
2025-12-01,us,NET,NET,197.3300018310547,199.91000366210938,195.13999938964844,197.1999969482422,2114700,Yahoo Finance NET
2025-12-02,us,NET,NET,203.6199951171875,207.17999267578125,200.8000030517578,201.25999450683594,2493400,Yahoo Finance NET
2025-12-03,us,NET,NET,199.6999969482422,204.80999755859375,198.0500030517578,204.35000610351562,1496900,Yahoo Finance NET
2025-12-04,us,NET,NET,203.80999755859375,205.5800018310547,200.6699981689453,204.14999389648438,1446800,Yahoo Finance NET
2025-12-05,us,NET,NET,203.7010040283203,205.30999755859375,199.52000427246094,200.9499969482422,1744400,Yahoo Finance NET
2025-12-08,us,NET,NET,202.88999938964844,207.1699981689453,201.7899932861328,205.86000061035156,1308900,Yahoo Finance NET
2025-12-09,us,NET,NET,205.0050048828125,210.25999450683594,204.16000366210938,208.92999267578125,1905500,Yahoo Finance NET
2025-12-10,us,NET,NET,208.74000549316406,215.3000030517578,204.94500732421875,213.4600067138672,2931700,Yahoo Finance NET
2025-12-11,us,NET,NET,211.02000427246094,211.6300048828125,203.25999450683594,207.9499969482422,2316100,Yahoo Finance NET
2025-12-12,us,NET,NET,207.27999877929688,207.6999969482422,199.7100067138672,202.44000244140625,2109600,Yahoo Finance NET
2025-12-15,us,NET,NET,203.10000610351562,203.6199951171875,196.4499969482422,196.6999969482422,2033800,Yahoo Finance NET
2025-12-16,us,NET,NET,195.0500030517578,198.49000549316406,194.14999389648438,197.52999877929688,2157800,Yahoo Finance NET
2025-12-17,us,NET,NET,198.8000030517578,198.8000030517578,191.0800018310547,191.42999267578125,2147200,Yahoo Finance NET
2025-12-18,us,NET,NET,194.75999450683594,196.35000610351562,193.19000244140625,193.8300018310547,1875300,Yahoo Finance NET
2025-12-19,us,NET,NET,194.5,197.50999450683594,193.30999755859375,195.67999267578125,4360800,Yahoo Finance NET
2025-12-22,us,NET,NET,198.60000610351562,203.6999969482422,197.5,202.05999755859375,2694700,Yahoo Finance NET
2025-12-23,us,NET,NET,200.9199981689453,203.14999389648438,197.0,202.0800018310547,1452900,Yahoo Finance NET
2025-12-24,us,NET,NET,200.60000610351562,203.25,198.7899932861328,202.66000366210938,738600,Yahoo Finance NET
2025-12-26,us,NET,NET,202.1699981689453,203.39999389648438,200.30999755859375,202.38999938964844,1107700,Yahoo Finance NET
2025-12-29,us,NET,NET,199.97999572753906,202.76499938964844,199.0,200.6999969482422,1425800,Yahoo Finance NET
2025-12-30,us,NET,NET,199.17999267578125,201.3800048828125,199.0,199.6199951171875,761000,Yahoo Finance NET
2025-12-31,us,NET,NET,200.25,201.1999969482422,196.93499755859375,197.14999389648438,1277200,Yahoo Finance NET
2026-01-02,us,NET,NET,198.89999389648438,200.3000030517578,193.13999938964844,196.02000427246094,1662800,Yahoo Finance NET
2026-01-05,us,NET,NET,195.63999938964844,205.1999969482422,194.94000244140625,197.66000366210938,2227600,Yahoo Finance NET
2026-01-06,us,NET,NET,199.05999755859375,199.05999755859375,191.64999389648438,198.0,2485200,Yahoo Finance NET
2026-01-07,us,NET,NET,199.9949951171875,204.6199951171875,197.77000427246094,202.80999755859375,2155600,Yahoo Finance NET
2026-01-08,us,NET,NET,201.7100067138672,201.89999389648438,185.80999755859375,186.9600067138672,3871800,Yahoo Finance NET
2026-01-09,us,NET,NET,186.00999450683594,188.2949981689453,182.42999267578125,182.77999877929688,2683500,Yahoo Finance NET
2026-01-12,us,NET,NET,181.0,187.55999755859375,180.22999572753906,186.38999938964844,2436200,Yahoo Finance NET
2026-01-13,us,NET,NET,187.17999267578125,189.73899841308594,185.35000610351562,188.7100067138672,2196100,Yahoo Finance NET
2026-01-14,us,NET,NET,187.80999755859375,192.75999450683594,185.27999877929688,188.38999938964844,3014200,Yahoo Finance NET
2026-01-15,us,NET,NET,190.00999450683594,191.7899932861328,184.10000610351562,184.13999938964844,2675900,Yahoo Finance NET
2026-01-16,us,NET,NET,184.49000549316406,188.4600067138672,181.35000610351562,184.1699981689453,2289600,Yahoo Finance NET
2026-01-20,us,NET,NET,177.75,183.60000610351562,175.25,177.4199981689453,3613400,Yahoo Finance NET
2026-01-21,us,NET,NET,177.1699981689453,178.4499969482422,169.4499969482422,169.97000122070312,5105900,Yahoo Finance NET
2026-01-22,us,NET,NET,173.36000061035156,175.55499267578125,168.94000244140625,173.3000030517578,4278200,Yahoo Finance NET
2026-01-23,us,NET,NET,174.9600067138672,178.6699981689453,172.32000732421875,173.44000244140625,3652100,Yahoo Finance NET
2026-01-26,us,NET,NET,184.89500427246094,194.88999938964844,183.64999389648438,189.35000610351562,7867800,Yahoo Finance NET
2026-01-27,us,NET,NET,212.02499389648438,218.22000122070312,205.1999969482422,205.9499969482422,12530700,Yahoo Finance NET
2026-01-28,us,NET,NET,206.0,206.22500610351562,183.91000366210938,184.8800048828125,8947100,Yahoo Finance NET
2026-01-29,us,NET,NET,186.27000427246094,187.0,175.07000732421875,180.38999938964844,5966000,Yahoo Finance NET
2026-01-30,us,NET,NET,179.58999633789062,181.24000549316406,175.6300048828125,177.35000610351562,3497600,Yahoo Finance NET
2026-02-02,us,NET,NET,176.28500366210938,185.22000122070312,174.8000030517578,182.4199981689453,4382000,Yahoo Finance NET
2026-02-03,us,NET,NET,181.6649932861328,181.6649932861328,163.91000366210938,170.30999755859375,7647200,Yahoo Finance NET
2026-02-04,us,NET,NET,172.61000061035156,175.77999877929688,162.22000122070312,166.8800048828125,7490900,Yahoo Finance NET
2026-02-05,us,NET,NET,165.8249969482422,172.5800018310547,162.00999450683594,163.0500030517578,5936200,Yahoo Finance NET
2026-02-06,us,NET,NET,165.3699951171875,173.66000366210938,160.35000610351562,173.2100067138672,5383700,Yahoo Finance NET
2026-02-09,us,NET,NET,173.17999267578125,175.75999450683594,169.02000427246094,173.75,4666000,Yahoo Finance NET
2026-02-10,us,NET,NET,179.1999969482422,184.11000061035156,174.88999938964844,179.97999572753906,11424000,Yahoo Finance NET
2026-02-11,us,NET,NET,203.0500030517578,203.6199951171875,185.72999572753906,189.41000366210938,15668300,Yahoo Finance NET
2026-02-12,us,NET,NET,191.0,200.5,181.47000122070312,185.1699981689453,7640400,Yahoo Finance NET
2026-02-13,us,NET,NET,186.6199951171875,198.8699951171875,184.4499969482422,195.85000610351562,6699000,Yahoo Finance NET
2026-02-17,us,NET,NET,195.0,201.66099548339844,189.5,193.67999267578125,5822100,Yahoo Finance NET
2026-02-18,us,NET,NET,192.60000610351562,194.35000610351562,185.2100067138672,191.44000244140625,3459100,Yahoo Finance NET
2026-02-19,us,NET,NET,188.8300018310547,193.6699981689453,183.3300018310547,192.63999938964844,3001600,Yahoo Finance NET
2026-02-20,us,NET,NET,190.61000061035156,195.19000244140625,176.70899963378906,177.13999938964844,6606200,Yahoo Finance NET
2026-02-23,us,NET,NET,174.83999633789062,176.73500061035156,158.8300018310547,160.19000244140625,8524600,Yahoo Finance NET
2026-02-24,us,NET,NET,159.5,167.24000549316406,159.1300048828125,163.80999755859375,4803900,Yahoo Finance NET
2026-02-25,us,NET,NET,163.7899932861328,173.25999450683594,162.52999877929688,171.8000030517578,3881300,Yahoo Finance NET
2026-02-26,us,NET,NET,173.99000549316406,177.5,170.24000549316406,174.66000366210938,4101600,Yahoo Finance NET
2026-02-27,us,NET,NET,170.0,172.25,166.67999267578125,172.19000244140625,4441800,Yahoo Finance NET
2026-03-02,us,NET,NET,167.64999389648438,181.10000610351562,167.64999389648438,181.02000427246094,3356200,Yahoo Finance NET
2026-03-03,us,NET,NET,176.58999633789062,181.6999969482422,171.6199951171875,178.91000366210938,2782200,Yahoo Finance NET
2026-03-04,us,NET,NET,179.99000549316406,187.36500549316406,178.5500030517578,185.88999938964844,2744300,Yahoo Finance NET
2026-03-05,us,NET,NET,185.2949981689453,193.55999755859375,184.63999938964844,192.30999755859375,3823600,Yahoo Finance NET
2026-03-06,us,NET,NET,190.0,196.38999938964844,187.99899291992188,195.19000244140625,2863000,Yahoo Finance NET
2026-03-09,us,NET,NET,192.19000244140625,203.875,192.19000244140625,201.47999572753906,4229900,Yahoo Finance NET
2026-03-10,us,NET,NET,202.80999755859375,209.91000366210938,198.00999450683594,207.49000549316406,4181400,Yahoo Finance NET
2026-03-11,us,NET,NET,208.26499938964844,215.3800048828125,207.27999877929688,213.0,3418800,Yahoo Finance NET
2026-03-12,us,NET,NET,212.1699981689453,217.25999450683594,210.02499389648438,212.11000061035156,3602100,Yahoo Finance NET
2026-03-13,us,NET,NET,213.10000610351562,217.72999572753906,208.16000366210938,212.4499969482422,2542900,Yahoo Finance NET
2026-03-16,us,NET,NET,210.86500549316406,213.02999877929688,207.27999877929688,207.3300018310547,3311600,Yahoo Finance NET
2026-03-17,us,NET,NET,206.4199981689453,214.8000030517578,206.0,211.52000427246094,2954300,Yahoo Finance NET
2026-03-18,us,NET,NET,211.11000061035156,229.14999389648438,210.25,225.47999572753906,5973000,Yahoo Finance NET
2026-03-19,us,NET,NET,223.0,227.55999755859375,219.625,221.36000061035156,3846000,Yahoo Finance NET
2026-03-20,us,NET,NET,221.7100067138672,225.13999938964844,214.63999938964844,215.4199981689453,3927900,Yahoo Finance NET
2026-03-23,us,NET,NET,216.4199981689453,225.97999572753906,214.0800018310547,220.64999389648438,3940200,Yahoo Finance NET
2026-03-24,us,NET,NET,220.1699981689453,221.49000549316406,212.94000244140625,213.14999389648438,3290500,Yahoo Finance NET
2026-03-25,us,NET,NET,218.0,225.97000122070312,214.8179931640625,218.0,3236100,Yahoo Finance NET
2026-03-26,us,NET,NET,216.0,219.97999572753906,206.8000030517578,210.1300048828125,4060200,Yahoo Finance NET
2026-03-27,us,NET,NET,205.0,207.7899932861328,200.02000427246094,203.02000427246094,3753700,Yahoo Finance NET
2026-03-30,us,NET,NET,204.5,209.50999450683594,191.2899932861328,194.6300048828125,3961100,Yahoo Finance NET
2026-03-31,us,NET,NET,197.0,206.77999877929688,194.66000366210938,206.33999633789062,4159900,Yahoo Finance NET
2026-04-01,us,NET,NET,210.6699981689453,210.86000061035156,203.24000549316406,205.42999267578125,2259400,Yahoo Finance NET
2026-04-02,us,NET,NET,201.5,212.16000366210938,200.10000610351562,211.69000244140625,2101600,Yahoo Finance NET
2026-04-06,us,NET,NET,210.25999450683594,214.94000244140625,207.4600067138672,211.77999877929688,1987000,Yahoo Finance NET
2026-04-07,us,NET,NET,211.0,216.33999633789062,208.1300048828125,216.2899932861328,3731100,Yahoo Finance NET
2026-04-08,us,NET,NET,225.0,225.1300048828125,209.1999969482422,211.25,4120500,Yahoo Finance NET
2026-04-09,us,NET,NET,211.0,211.48500061035156,177.74000549316406,193.0500030517578,11428300,Yahoo Finance NET
2026-04-10,us,NET,NET,193.2100067138672,193.60000610351562,164.0500030517578,166.99000549316406,13738400,Yahoo Finance NET
2026-04-13,us,NET,NET,170.0,184.32000732421875,168.00999450683594,184.02000427246094,6596900,Yahoo Finance NET
2026-04-14,us,NET,NET,184.8699951171875,188.72999572753906,177.3300018310547,178.64999389648438,4888900,Yahoo Finance NET
2026-04-15,us,NET,NET,184.5,190.8800048828125,182.0,190.1300048828125,5285600,Yahoo Finance NET
2026-04-16,us,NET,NET,194.33999633789062,203.75999450683594,191.5019989013672,197.3800048828125,5330700,Yahoo Finance NET
2026-04-17,us,NET,NET,199.6300048828125,201.0500030517578,193.5,200.99000549316406,3635300,Yahoo Finance NET
2026-04-20,us,NET,NET,199.0,205.2550048828125,195.1999969482422,204.80999755859375,2608800,Yahoo Finance NET
2026-04-21,us,NET,NET,206.3300018310547,211.38999938964844,204.82000732421875,207.6699981689453,2628600,Yahoo Finance NET
2026-04-22,us,NET,NET,209.1300048828125,211.9499969482422,206.00999450683594,207.55999755859375,2055100,Yahoo Finance NET
2026-04-23,us,NET,NET,202.0749969482422,207.47999572753906,198.5,205.0,2426700,Yahoo Finance NET
2026-04-24,us,NET,NET,204.97000122070312,208.9550018310547,201.4499969482422,207.07000732421875,2076600,Yahoo Finance NET
2026-04-27,us,NET,NET,206.77999877929688,214.97999572753906,204.4199981689453,212.36000061035156,3503600,Yahoo Finance NET
2026-04-28,us,NET,NET,211.7100067138672,216.5,207.92999267578125,208.5,3291000,Yahoo Finance NET
2026-04-29,us,NET,NET,207.3000030517578,214.82000732421875,204.0,211.97000122070312,2349200,Yahoo Finance NET
2026-04-30,us,NET,NET,211.3300018310547,211.3300018310547,199.6699981689453,204.97000122070312,3053700,Yahoo Finance NET
2026-05-01,us,NET,NET,210.85000610351562,218.27999877929688,209.0,217.5,2993700,Yahoo Finance NET
2026-05-04,us,NET,NET,219.5500030517578,224.22999572753906,217.47999572753906,224.1699981689453,2781400,Yahoo Finance NET
2026-05-05,us,NET,NET,231.05999755859375,248.9199981689453,229.08999633789062,244.42999267578125,7171700,Yahoo Finance NET
2026-05-06,us,NET,NET,242.44000244140625,250.97000122070312,234.75999450683594,248.58999633789062,4746700,Yahoo Finance NET
2026-05-07,us,NET,NET,251.9949951171875,258.8800048828125,248.6199951171875,256.7900085449219,8959600,Yahoo Finance NET
2026-05-08,us,NET,NET,217.22000122070312,219.0,192.27000427246094,196.1300048828125,18919100,Yahoo Finance NET
2026-05-11,us,NET,NET,195.39500427246094,204.27000427246094,192.50100708007812,193.52000427246094,6525300,Yahoo Finance NET
2026-05-12,us,NET,NET,193.97000122070312,194.38999938964844,186.57000732421875,186.7899932861328,5581000,Yahoo Finance NET
2026-05-13,us,NET,NET,185.75,194.66000366210938,185.75,192.6199951171875,4262400,Yahoo Finance NET
2026-05-14,us,NET,NET,193.33999633789062,201.99000549316406,190.5,199.80999755859375,4096800,Yahoo Finance NET
2026-05-15,us,NET,NET,197.75999450683594,201.1699981689453,194.0,197.55999755859375,3386400,Yahoo Finance NET
2026-05-18,us,NET,NET,194.16000366210938,203.5050048828125,192.8000030517578,201.75,3399500,Yahoo Finance NET
2026-05-19,us,NET,NET,203.25,208.6699981689453,200.4199981689453,206.72999572753906,3576700,Yahoo Finance NET
2026-05-20,us,NET,NET,204.22000122070312,210.97999572753906,202.4199981689453,210.1300048828125,2996300,Yahoo Finance NET
2026-05-21,us,NET,NET,210.49000549316406,213.7449951171875,206.60000610351562,212.64999389648438,2794400,Yahoo Finance NET
2026-05-22,us,NET,NET,214.60000610351562,216.7899932861328,211.07000732421875,216.1699981689453,2109300,Yahoo Finance NET
2026-05-26,us,NET,NET,216.25,221.11000061035156,208.24000549316406,217.5399932861328,3458300,Yahoo Finance NET
2026-05-27,us,NET,NET,212.22999572753906,215.35000610351562,208.0,209.22000122070312,3063900,Yahoo Finance NET
2026-05-28,us,NET,NET,214.5,228.27000427246094,213.3000030517578,228.11000061035156,4569100,Yahoo Finance NET
2026-05-29,us,NET,NET,233.38999938964844,243.6699981689453,228.5399932861328,241.82000732421875,5734000,Yahoo Finance NET
2026-06-01,us,NET,NET,244.0,271.20001220703125,242.3699951171875,270.82000732421875,8457300,Yahoo Finance NET
2026-06-02,us,NET,NET,262.77398681640625,274.6300048828125,262.5329895019531,272.6600036621094,4887100,Yahoo Finance NET
2026-06-03,us,NET,NET,270.0,270.2300109863281,260.739990234375,265.3299865722656,3905000,Yahoo Finance NET
2026-06-04,us,NET,NET,260.0,276.81500244140625,253.94000244140625,268.6400146484375,4418500,Yahoo Finance NET
2026-06-05,us,NET,NET,267.8699951171875,268.82000732421875,246.94000244140625,250.11000061035156,4735500,Yahoo Finance NET
2026-06-08,us,NET,NET,253.16000366210938,254.6999969482422,246.0,247.7899932861328,3180400,Yahoo Finance NET
2026-06-09,us,NET,NET,245.89500427246094,249.2449951171875,228.02999877929688,236.1300048828125,4980400,Yahoo Finance NET
2026-06-10,us,NET,NET,233.46499633789062,236.88999938964844,219.0800018310547,219.6699981689453,5552200,Yahoo Finance NET
2026-06-11,us,NET,NET,218.3350067138672,228.82000732421875,216.5,227.44000244140625,3133400,Yahoo Finance NET
2026-06-12,us,NET,NET,229.9499969482422,231.89999389648438,222.02000427246094,228.47999572753906,2262000,Yahoo Finance NET
2026-06-15,us,NET,NET,229.34500122070312,239.0,227.0449981689453,235.7100067138672,3359300,Yahoo Finance NET
2026-06-16,us,NET,NET,233.74000549316406,238.8300018310547,229.0,230.97000122070312,2690600,Yahoo Finance NET
2026-06-17,us,NET,NET,231.1300048828125,236.07000732421875,226.85000610351562,226.8699951171875,2658700,Yahoo Finance NET
2026-06-18,us,NET,NET,225.5399932861328,225.5399932861328,216.02999877929688,224.05999755859375,4440900,Yahoo Finance NET
2026-06-22,us,NET,NET,222.07000732421875,225.5800018310547,212.32000732421875,218.3800048828125,3377800,Yahoo Finance NET
2026-06-23,us,NET,NET,215.16000366210938,230.11000061035156,214.60000610351562,224.94000244140625,2890600,Yahoo Finance NET
2026-06-24,us,NET,NET,223.08999633789062,228.35000610351562,220.91000366210938,223.47999572753906,2282900,Yahoo Finance NET
2026-06-25,us,NET,NET,221.38999938964844,227.57000732421875,216.0399932861328,226.64999389648438,2975500,Yahoo Finance NET
2026-06-26,us,NET,NET,225.8800048828125,237.33999633789062,220.9499969482422,237.24000549316406,6244200,Yahoo Finance NET
2026-06-29,us,NET,NET,239.2899932861328,248.7100067138672,235.0,243.75999450683594,3604600,Yahoo Finance NET
2026-06-30,us,NET,NET,240.0,247.74000549316406,240.0,245.27999877929688,2526400,Yahoo Finance NET
2026-07-01,us,NET,NET,249.72000122070312,252.3489990234375,244.2100067138672,246.30999755859375,2541300,Yahoo Finance NET
2026-07-02,us,NET,NET,242.0,248.0399932861328,238.89999389648438,242.41000366210938,2832000,Yahoo Finance NET
2026-07-06,us,NET,NET,240.72999572753906,250.86000061035156,239.63999938964844,247.5500030517578,2076900,Yahoo Finance NET
2026-07-07,us,NET,NET,259.17498779296875,274.0,254.0,268.8299865722656,6182600,Yahoo Finance NET
2026-07-08,us,NET,NET,267.8900146484375,274.45001220703125,257.6000061035156,273.3999938964844,3699400,Yahoo Finance NET
2026-07-09,us,NET,NET,272.5400085449219,278.8800048828125,268.6000061035156,275.79998779296875,3012000,Yahoo Finance NET
2026-07-10,us,NET,NET,279.739990234375,280.1400146484375,266.8399963378906,268.3999938964844,2302100,Yahoo Finance NET
2026-07-13,us,NET,NET,266.7099914550781,276.3819885253906,263.3699951171875,269.5299987792969,2119600,Yahoo Finance NET
2026-07-14,us,NET,NET,268.0,284.6300048828125,266.010009765625,281.75,3983700,Yahoo Finance NET
2026-07-15,us,NET,NET,288.8599853515625,291.0,271.1300048828125,273.0400085449219,2942500,Yahoo Finance NET
2026-07-16,us,NET,NET,274.4599914550781,277.8399963378906,266.7200012207031,272.4599914550781,2641500,Yahoo Finance NET
2026-07-17,us,NET,NET,262.67999267578125,281.989990234375,261.7250061035156,277.6600036621094,3031200,Yahoo Finance NET
2026-07-20,us,NET,NET,278.8399963378906,280.57000732421875,272.1199951171875,272.4200134277344,3112400,Yahoo Finance NET
2026-07-21,us,NET,NET,272.9700012207031,277.25,268.976806640625,271.8800048828125,409379,Yahoo Finance NET
