date,market,symbol,name,open,high,low,close,volume,source
2021-07-08,us,OKLO,,10.0,10.039999961853027,9.970000267028809,9.979999542236328,15054500,Yahoo Finance daily
2021-07-09,us,OKLO,,9.979999542236328,10.050000190734863,9.979999542236328,10.050000190734863,1529400,Yahoo Finance daily
2021-07-12,us,OKLO,,10.0,10.050000190734863,10.0,10.050000190734863,1030700,Yahoo Finance daily
2021-07-13,us,OKLO,,10.020000457763672,10.031999588012695,10.010000228881836,10.010000228881836,137700,Yahoo Finance daily
2021-07-14,us,OKLO,,10.0,10.0,9.970000267028809,9.970000267028809,129300,Yahoo Finance daily
2021-07-15,us,OKLO,,9.946999549865724,10.020000457763672,9.946999549865724,9.989999771118164,51800,Yahoo Finance daily
2021-07-16,us,OKLO,,9.970000267028809,9.984999656677246,9.899999618530272,9.970000267028809,158500,Yahoo Finance daily
2021-07-19,us,OKLO,,9.899999618530272,9.9350004196167,9.859999656677246,9.859999656677246,1049600,Yahoo Finance daily
2021-07-20,us,OKLO,,9.859999656677246,9.890000343322754,9.829999923706056,9.850000381469728,1085300,Yahoo Finance daily
2021-07-21,us,OKLO,,9.899999618530272,9.899999618530272,9.862000465393066,9.878999710083008,17200,Yahoo Finance daily
2021-07-22,us,OKLO,,9.899999618530272,9.899999618530272,9.869999885559082,9.869999885559082,3700,Yahoo Finance daily
2021-07-23,us,OKLO,,9.890000343322754,9.890000343322754,9.878999710083008,9.878999710083008,8400,Yahoo Finance daily
2021-07-26,us,OKLO,,9.859999656677246,9.86299991607666,9.850000381469728,9.850000381469728,9500,Yahoo Finance daily
2021-07-27,us,OKLO,,9.800000190734863,9.880000114440918,9.800000190734863,9.850000381469728,23200,Yahoo Finance daily
2021-07-28,us,OKLO,,9.859999656677246,9.890000343322754,9.850000381469728,9.850000381469728,13900,Yahoo Finance daily
2021-07-29,us,OKLO,,9.862000465393066,9.862000465393066,9.81999969482422,9.850000381469728,3700,Yahoo Finance daily
2021-07-30,us,OKLO,,9.859999656677246,9.859999656677246,9.8100004196167,9.850000381469728,8000,Yahoo Finance daily
2021-08-02,us,OKLO,,9.899999618530272,9.899999618530272,9.847000122070312,9.890000343322754,7400,Yahoo Finance daily
2021-08-03,us,OKLO,,9.90999984741211,9.90999984741211,9.859999656677246,9.880000114440918,12100,Yahoo Finance daily
2021-08-04,us,OKLO,,9.850000381469728,9.880000114440918,9.850000381469728,9.880000114440918,32800,Yahoo Finance daily
2021-08-05,us,OKLO,,9.850000381469728,9.970000267028809,9.850000381469728,9.949999809265137,646500,Yahoo Finance daily
2021-08-06,us,OKLO,,9.881999969482422,9.90999984741211,9.873000144958496,9.90999984741211,31800,Yahoo Finance daily
2021-08-09,us,OKLO,,9.899999618530272,9.899999618530272,9.890000343322754,9.890000343322754,1200,Yahoo Finance daily
2021-08-10,us,OKLO,,9.909000396728516,9.949999809265137,9.909000396728516,9.949999809265137,4500,Yahoo Finance daily
2021-08-11,us,OKLO,,9.949999809265137,9.949999809265137,9.90999984741211,9.949999809265137,12700,Yahoo Finance daily
2021-08-12,us,OKLO,,9.880000114440918,9.93000030517578,9.800000190734863,9.850000381469728,1760100,Yahoo Finance daily
2021-08-13,us,OKLO,,9.800000190734863,9.869999885559082,9.800000190734863,9.869999885559082,1900,Yahoo Finance daily
2021-08-16,us,OKLO,,9.789999961853027,9.869999885559082,9.789999961853027,9.84000015258789,22100,Yahoo Finance daily
2021-08-17,us,OKLO,,9.829999923706056,9.854999542236328,9.829999923706056,9.84000015258789,1300,Yahoo Finance daily
2021-08-18,us,OKLO,,9.829999923706056,9.859999656677246,9.81999969482422,9.84000015258789,14600,Yahoo Finance daily
2021-08-19,us,OKLO,,9.859999656677246,9.859999656677246,9.859999656677246,9.859999656677246,100,Yahoo Finance daily
2021-08-20,us,OKLO,,9.829999923706056,9.859999656677246,9.800000190734863,9.829999923706056,4100,Yahoo Finance daily
2021-08-23,us,OKLO,,9.821000099182127,9.829999923706056,9.81999969482422,9.829999923706056,3100,Yahoo Finance daily
2021-08-24,us,OKLO,,9.739999771118164,9.800000190734863,9.5,9.75,8200,Yahoo Finance daily
2021-08-25,us,OKLO,,9.65999984741211,9.789999961853027,9.649999618530272,9.779999732971191,9100,Yahoo Finance daily
2021-08-26,us,OKLO,,9.779999732971191,9.779999732971191,9.758000373840332,9.770000457763672,900,Yahoo Finance daily
2021-08-27,us,OKLO,,9.6899995803833,9.84000015258789,9.6899995803833,9.84000015258789,7800,Yahoo Finance daily
2021-08-30,us,OKLO,,9.770000457763672,9.829999923706056,9.770000457763672,9.829999923706056,2100,Yahoo Finance daily
2021-08-31,us,OKLO,,9.829999923706056,9.829999923706056,9.829999923706056,9.829999923706056,0,Yahoo Finance daily
2021-09-01,us,OKLO,,9.829999923706056,9.829999923706056,9.829999923706056,9.829999923706056,0,Yahoo Finance daily
2021-09-02,us,OKLO,,9.845000267028809,9.845000267028809,9.845000267028809,9.845000267028809,2100,Yahoo Finance daily
2021-09-03,us,OKLO,,9.93000030517578,9.93000030517578,9.869999885559082,9.890000343322754,12600,Yahoo Finance daily
2021-09-07,us,OKLO,,9.925000190734863,9.925000190734863,9.880000114440918,9.899999618530272,5300,Yahoo Finance daily
2021-09-08,us,OKLO,,9.899999618530272,9.899999618530272,9.75,9.850000381469728,8100,Yahoo Finance daily
2021-09-09,us,OKLO,,9.789999961853027,9.850000381469728,9.760000228881836,9.84000015258789,8600,Yahoo Finance daily
2021-09-10,us,OKLO,,9.84000015258789,9.84000015258789,9.84000015258789,9.84000015258789,0,Yahoo Finance daily
2021-09-13,us,OKLO,,9.859999656677246,9.859999656677246,9.770000457763672,9.770000457763672,400,Yahoo Finance daily
2021-09-14,us,OKLO,,9.800000190734863,9.850000381469728,9.800000190734863,9.829999923706056,18600,Yahoo Finance daily
2021-09-15,us,OKLO,,9.800000190734863,9.829999923706056,9.789999961853027,9.829999923706056,6800,Yahoo Finance daily
2021-09-16,us,OKLO,,9.9399995803833,9.9399995803833,9.800000190734863,9.829999923706056,32700,Yahoo Finance daily
2021-09-17,us,OKLO,,9.800000190734863,9.829999923706056,9.800000190734863,9.829999923706056,21100,Yahoo Finance daily
2021-09-20,us,OKLO,,9.789999961853027,9.829999923706056,9.75,9.81999969482422,5800,Yahoo Finance daily
2021-09-21,us,OKLO,,9.710000038146973,9.829999923706056,9.710000038146973,9.829999923706056,1600,Yahoo Finance daily
2021-09-22,us,OKLO,,9.850000381469728,9.850000381469728,9.789999961853027,9.829999923706056,24700,Yahoo Finance daily
2021-09-23,us,OKLO,,9.84000015258789,9.84000015258789,9.800000190734863,9.829999923706056,23700,Yahoo Finance daily
2021-09-24,us,OKLO,,9.710000038146973,9.770000457763672,9.710000038146973,9.770000457763672,300,Yahoo Finance daily
2021-09-27,us,OKLO,,9.699999809265137,9.800000190734863,9.699999809265137,9.800000190734863,600,Yahoo Finance daily
2021-09-28,us,OKLO,,9.75,9.8100004196167,9.75,9.8100004196167,34600,Yahoo Finance daily
2021-09-29,us,OKLO,,9.779999732971191,9.84000015258789,9.779999732971191,9.829999923706056,28700,Yahoo Finance daily
2021-09-30,us,OKLO,,9.829999923706056,9.829999923706056,9.829999923706056,9.829999923706056,0,Yahoo Finance daily
2021-10-01,us,OKLO,,9.75,9.84000015258789,9.75,9.84000015258789,75000,Yahoo Finance daily
2021-10-04,us,OKLO,,9.84000015258789,9.84000015258789,9.8100004196167,9.81999969482422,4200,Yahoo Finance daily
2021-10-05,us,OKLO,,9.75,9.829999923706056,9.75,9.800000190734863,43500,Yahoo Finance daily
2021-10-06,us,OKLO,,9.75,9.800000190734863,9.75,9.789999961853027,10700,Yahoo Finance daily
2021-10-07,us,OKLO,,9.8100004196167,9.8100004196167,9.779999732971191,9.8100004196167,4300,Yahoo Finance daily
2021-10-08,us,OKLO,,9.75,9.8100004196167,9.75,9.789999961853027,700,Yahoo Finance daily
2021-10-11,us,OKLO,,9.75,9.800000190734863,9.75,9.789999961853027,578600,Yahoo Finance daily
2021-10-12,us,OKLO,,9.777999877929688,9.800000190734863,9.770000457763672,9.789999961853027,11800,Yahoo Finance daily
2021-10-13,us,OKLO,,9.789999961853027,9.789999961853027,9.789999961853027,9.789999961853027,0,Yahoo Finance daily
2021-10-14,us,OKLO,,9.81999969482422,9.84000015258789,9.779999732971191,9.800000190734863,17900,Yahoo Finance daily
2021-10-15,us,OKLO,,9.8100004196167,9.8100004196167,9.789999961853027,9.789999961853027,500,Yahoo Finance daily
2021-10-18,us,OKLO,,9.8100004196167,9.8100004196167,9.779999732971191,9.800000190734863,18200,Yahoo Finance daily
2021-10-19,us,OKLO,,9.800000190734863,9.800000190734863,9.800000190734863,9.800000190734863,300,Yahoo Finance daily
2021-10-20,us,OKLO,,9.81999969482422,9.81999969482422,9.770000457763672,9.770000457763672,800,Yahoo Finance daily
2021-10-21,us,OKLO,,9.770000457763672,9.770000457763672,9.770000457763672,9.770000457763672,0,Yahoo Finance daily
2021-10-22,us,OKLO,,9.8100004196167,9.84000015258789,9.781999588012695,9.84000015258789,18000,Yahoo Finance daily
2021-10-25,us,OKLO,,9.84000015258789,9.84000015258789,9.795000076293944,9.829999923706056,2900,Yahoo Finance daily
2021-10-26,us,OKLO,,9.84000015258789,9.899999618530272,9.84000015258789,9.890000343322754,55700,Yahoo Finance daily
2021-10-27,us,OKLO,,9.949999809265137,9.98799991607666,9.875,9.90999984741211,31500,Yahoo Finance daily
2021-10-28,us,OKLO,,9.925000190734863,9.925000190734863,9.850000381469728,9.854999542236328,2100,Yahoo Finance daily
2021-10-29,us,OKLO,,10.0,10.15999984741211,9.850000381469728,10.15999984741211,38200,Yahoo Finance daily
2021-11-01,us,OKLO,,10.010000228881836,10.024999618530272,9.850000381469728,9.850000381469728,28400,Yahoo Finance daily
2021-11-02,us,OKLO,,9.899999618530272,9.899999618530272,9.899999618530272,9.899999618530272,200,Yahoo Finance daily
2021-11-03,us,OKLO,,9.850000381469728,9.899999618530272,9.850000381469728,9.859999656677246,17000,Yahoo Finance daily
2021-11-04,us,OKLO,,9.869999885559082,9.890000343322754,9.81999969482422,9.81999969482422,105400,Yahoo Finance daily
2021-11-05,us,OKLO,,9.850000381469728,9.850000381469728,9.835000038146973,9.850000381469728,90700,Yahoo Finance daily
2021-11-08,us,OKLO,,9.8100004196167,9.880000114440918,9.8100004196167,9.880000114440918,191500,Yahoo Finance daily
2021-11-09,us,OKLO,,9.880000114440918,9.880000114440918,9.850000381469728,9.850000381469728,1300,Yahoo Finance daily
2021-11-10,us,OKLO,,9.928999900817873,9.928999900817873,9.81999969482422,9.850000381469728,4700,Yahoo Finance daily
2021-11-11,us,OKLO,,9.81999969482422,9.850000381469728,9.81999969482422,9.84000015258789,45400,Yahoo Finance daily
2021-11-12,us,OKLO,,9.81999969482422,9.864999771118164,9.81999969482422,9.850000381469728,16300,Yahoo Finance daily
2021-11-15,us,OKLO,,9.899999618530272,9.90999984741211,9.850000381469728,9.90999984741211,7000,Yahoo Finance daily
2021-11-16,us,OKLO,,9.895000457763672,9.925000190734863,9.895000457763672,9.920000076293944,1900,Yahoo Finance daily
2021-11-17,us,OKLO,,9.94499969482422,9.949999809265137,9.890000343322754,9.890000343322754,1100,Yahoo Finance daily
2021-11-18,us,OKLO,,9.979999542236328,9.979999542236328,9.869000434875488,9.914999961853027,10600,Yahoo Finance daily
2021-11-19,us,OKLO,,9.869999885559082,9.9399995803833,9.84000015258789,9.890000343322754,84500,Yahoo Finance daily
2021-11-22,us,OKLO,,9.869999885559082,9.9399995803833,9.859999656677246,9.9399995803833,33100,Yahoo Finance daily
2021-11-23,us,OKLO,,9.960000038146973,9.960000038146973,9.914999961853027,9.949999809265137,10400,Yahoo Finance daily
2021-11-24,us,OKLO,,9.895000457763672,9.895000457763672,9.895000457763672,9.895000457763672,700,Yahoo Finance daily
2021-11-26,us,OKLO,,9.92300033569336,9.92300033569336,9.850000381469728,9.850000381469728,2500,Yahoo Finance daily
2021-11-29,us,OKLO,,9.84000015258789,10.0,9.84000015258789,10.0,10800,Yahoo Finance daily
2021-11-30,us,OKLO,,9.960000038146973,10.0,9.949999809265137,9.949999809265137,4200,Yahoo Finance daily
2021-12-01,us,OKLO,,9.949999809265137,9.949999809265137,9.850000381469728,9.880000114440918,18800,Yahoo Finance daily
2021-12-02,us,OKLO,,9.90999984741211,9.970000267028809,9.890000343322754,9.890000343322754,14100,Yahoo Finance daily
2021-12-03,us,OKLO,,9.880000114440918,9.880000114440918,9.850000381469728,9.850000381469728,1600,Yahoo Finance daily
2021-12-06,us,OKLO,,9.979999542236328,9.979999542236328,9.859999656677246,9.911999702453612,5500,Yahoo Finance daily
2021-12-07,us,OKLO,,9.920000076293944,9.989999771118164,9.880000114440918,9.90999984741211,1018200,Yahoo Finance daily
2021-12-08,us,OKLO,,9.949999809265137,10.0,9.885000228881836,9.975000381469728,932000,Yahoo Finance daily
2021-12-09,us,OKLO,,9.97599983215332,9.97599983215332,9.89900016784668,9.899999618530272,477900,Yahoo Finance daily
2021-12-10,us,OKLO,,9.880000114440918,9.899999618530272,9.880000114440918,9.899999618530272,35100,Yahoo Finance daily
2021-12-13,us,OKLO,,9.949999809265137,9.949999809265137,9.880000114440918,9.890000343322754,6700,Yahoo Finance daily
2021-12-14,us,OKLO,,9.880000114440918,9.890000343322754,9.859999656677246,9.880000114440918,26200,Yahoo Finance daily
2021-12-15,us,OKLO,,9.861000061035156,9.880000114440918,9.770000457763672,9.800000190734863,16400,Yahoo Finance daily
2021-12-16,us,OKLO,,9.84000015258789,9.84000015258789,9.800000190734863,9.800000190734863,1600,Yahoo Finance daily
2021-12-17,us,OKLO,,9.770000457763672,9.8100004196167,9.770000457763672,9.800000190734863,167200,Yahoo Finance daily
2021-12-20,us,OKLO,,9.789999961853027,9.789999961853027,9.729999542236328,9.779999732971191,16100,Yahoo Finance daily
2021-12-21,us,OKLO,,9.81999969482422,9.81999969482422,9.779999732971191,9.8100004196167,2400,Yahoo Finance daily
2021-12-22,us,OKLO,,9.739999771118164,9.800000190734863,9.739999771118164,9.800000190734863,57000,Yahoo Finance daily
2021-12-23,us,OKLO,,9.760000228881836,9.789999961853027,9.699999809265137,9.789999961853027,14900,Yahoo Finance daily
2021-12-27,us,OKLO,,9.789999961853027,9.789999961853027,9.711999893188477,9.770000457763672,8400,Yahoo Finance daily
2021-12-28,us,OKLO,,9.770000457763672,9.8100004196167,9.770000457763672,9.789999961853027,7300,Yahoo Finance daily
2021-12-29,us,OKLO,,9.710000038146973,9.800000190734863,9.710000038146973,9.770000457763672,4800,Yahoo Finance daily
2021-12-30,us,OKLO,,9.789999961853027,9.829999923706056,9.789999961853027,9.81999969482422,11300,Yahoo Finance daily
2021-12-31,us,OKLO,,9.781999588012695,9.859999656677246,9.781999588012695,9.850000381469728,52700,Yahoo Finance daily
2022-01-03,us,OKLO,,9.859999656677246,9.869999885559082,9.850000381469728,9.859999656677246,8800,Yahoo Finance daily
2022-01-04,us,OKLO,,9.812000274658203,9.850000381469728,9.8100004196167,9.850000381469728,1200,Yahoo Finance daily
2022-01-05,us,OKLO,,9.850000381469728,9.899999618530272,9.850000381469728,9.899999618530272,20800,Yahoo Finance daily
2022-01-06,us,OKLO,,9.880000114440918,9.880000114440918,9.880000114440918,9.880000114440918,600,Yahoo Finance daily
2022-01-07,us,OKLO,,9.869999885559082,9.880000114440918,9.869999885559082,9.880000114440918,16900,Yahoo Finance daily
2022-01-10,us,OKLO,,9.812000274658203,9.812000274658203,9.812000274658203,9.812000274658203,2000,Yahoo Finance daily
2022-01-11,us,OKLO,,9.899999618530272,9.93000030517578,9.859999656677246,9.890000343322754,24800,Yahoo Finance daily
2022-01-12,us,OKLO,,9.890000343322754,9.890000343322754,9.890000343322754,9.890000343322754,0,Yahoo Finance daily
2022-01-13,us,OKLO,,9.800000190734863,9.859999656677246,9.800000190734863,9.824999809265137,8400,Yahoo Finance daily
2022-01-14,us,OKLO,,9.824999809265137,9.824999809265137,9.824999809265137,9.824999809265137,0,Yahoo Finance daily
2022-01-18,us,OKLO,,9.829999923706056,9.869999885559082,9.829999923706056,9.869999885559082,3800,Yahoo Finance daily
2022-01-19,us,OKLO,,9.920000076293944,9.93000030517578,9.8100004196167,9.8100004196167,2400,Yahoo Finance daily
2022-01-20,us,OKLO,,9.8100004196167,9.84000015258789,9.779999732971191,9.779999732971191,3500,Yahoo Finance daily
2022-01-21,us,OKLO,,9.75,9.75,9.649999618530272,9.6899995803833,446800,Yahoo Finance daily
2022-01-24,us,OKLO,,9.649999618530272,9.6899995803833,9.649999618530272,9.68000030517578,8800,Yahoo Finance daily
2022-01-25,us,OKLO,,9.6899995803833,9.779999732971191,9.68000030517578,9.779999732971191,6200,Yahoo Finance daily
2022-01-26,us,OKLO,,9.729999542236328,9.739999771118164,9.729999542236328,9.739999771118164,700,Yahoo Finance daily
2022-01-27,us,OKLO,,9.6899995803833,9.739999771118164,9.6899995803833,9.729999542236328,19900,Yahoo Finance daily
2022-01-28,us,OKLO,,9.710000038146973,9.720000267028809,9.670000076293944,9.699999809265137,73100,Yahoo Finance daily
2022-01-31,us,OKLO,,9.699999809265137,9.720000267028809,9.670000076293944,9.670000076293944,37700,Yahoo Finance daily
2022-02-01,us,OKLO,,9.720000267028809,9.829999923706056,9.68000030517578,9.829999923706056,14500,Yahoo Finance daily
2022-02-02,us,OKLO,,9.779999732971191,9.779999732971191,9.779999732971191,9.779999732971191,2500,Yahoo Finance daily
2022-02-03,us,OKLO,,9.75,9.75,9.75,9.75,1500,Yahoo Finance daily
2022-02-04,us,OKLO,,9.774999618530272,9.774999618530272,9.75,9.75,1100,Yahoo Finance daily
2022-02-07,us,OKLO,,9.699999809265137,9.800000190734863,9.699999809265137,9.800000190734863,10600,Yahoo Finance daily
2022-02-08,us,OKLO,,9.770000457763672,9.770000457763672,9.770000457763672,9.770000457763672,100100,Yahoo Finance daily
2022-02-09,us,OKLO,,9.75,9.789999961853027,9.699999809265137,9.699999809265137,7200,Yahoo Finance daily
2022-02-10,us,OKLO,,9.725000381469728,9.725000381469728,9.725000381469728,9.725000381469728,500,Yahoo Finance daily
2022-02-11,us,OKLO,,9.699999809265137,9.699999809265137,9.630000114440918,9.670000076293944,2900,Yahoo Finance daily
2022-02-14,us,OKLO,,9.66100025177002,9.68000030517578,9.600000381469728,9.654999732971191,6200,Yahoo Finance daily
2022-02-15,us,OKLO,,9.68000030517578,9.68000030517578,9.664999961853027,9.68000030517578,2500,Yahoo Finance daily
2022-02-16,us,OKLO,,9.687000274658203,9.687000274658203,9.68000030517578,9.68000030517578,1300,Yahoo Finance daily
2022-02-17,us,OKLO,,9.649999618530272,9.699999809265137,9.649999618530272,9.699999809265137,600,Yahoo Finance daily
2022-02-18,us,OKLO,,9.720000267028809,9.729999542236328,9.68000030517578,9.68000030517578,1400,Yahoo Finance daily
2022-02-22,us,OKLO,,9.699999809265137,9.699999809265137,9.699999809265137,9.699999809265137,400,Yahoo Finance daily
2022-02-23,us,OKLO,,9.6899995803833,9.699999809265137,9.6899995803833,9.6899995803833,865100,Yahoo Finance daily
2022-02-24,us,OKLO,,9.6899995803833,9.75,9.6899995803833,9.6899995803833,39200,Yahoo Finance daily
2022-02-25,us,OKLO,,9.6899995803833,9.729999542236328,9.6899995803833,9.710000038146973,35100,Yahoo Finance daily
2022-02-28,us,OKLO,,9.699999809265137,9.710000038146973,9.699999809265137,9.710000038146973,3200,Yahoo Finance daily
2022-03-01,us,OKLO,,9.710000038146973,9.720000267028809,9.699999809265137,9.710000038146973,90600,Yahoo Finance daily
2022-03-02,us,OKLO,,9.710000038146973,9.710000038146973,9.710000038146973,9.710000038146973,67500,Yahoo Finance daily
2022-03-03,us,OKLO,,9.710000038146973,9.720000267028809,9.710000038146973,9.720000267028809,301000,Yahoo Finance daily
2022-03-04,us,OKLO,,9.699999809265137,9.729999542236328,9.699999809265137,9.720000267028809,3900,Yahoo Finance daily
2022-03-07,us,OKLO,,9.710000038146973,9.710000038146973,9.710000038146973,9.710000038146973,19500,Yahoo Finance daily
2022-03-08,us,OKLO,,9.699999809265137,9.75,9.699999809265137,9.75,318500,Yahoo Finance daily
2022-03-09,us,OKLO,,9.75,9.75,9.75,9.75,100,Yahoo Finance daily
2022-03-10,us,OKLO,,9.739999771118164,9.739999771118164,9.739999771118164,9.739999771118164,400,Yahoo Finance daily
2022-03-11,us,OKLO,,9.720000267028809,9.720000267028809,9.720000267028809,9.720000267028809,400,Yahoo Finance daily
2022-03-14,us,OKLO,,9.710000038146973,9.713000297546388,9.699999809265137,9.710000038146973,54900,Yahoo Finance daily
2022-03-15,us,OKLO,,9.720000267028809,9.720000267028809,9.720000267028809,9.720000267028809,300,Yahoo Finance daily
2022-03-16,us,OKLO,,9.699999809265137,9.701000213623049,9.699999809265137,9.701000213623049,200,Yahoo Finance daily
2022-03-17,us,OKLO,,9.720000267028809,9.729999542236328,9.720000267028809,9.729999542236328,2100,Yahoo Finance daily
2022-03-18,us,OKLO,,9.75,9.776000022888184,9.699999809265137,9.75100040435791,2883900,Yahoo Finance daily
2022-03-21,us,OKLO,,9.75,9.75,9.729999542236328,9.739999771118164,501700,Yahoo Finance daily
2022-03-22,us,OKLO,,9.710000038146973,9.729999542236328,9.710000038146973,9.729999542236328,500,Yahoo Finance daily
2022-03-23,us,OKLO,,9.729999542236328,9.729999542236328,9.729999542236328,9.729999542236328,0,Yahoo Finance daily
2022-03-24,us,OKLO,,9.710000038146973,9.800000190734863,9.710000038146973,9.760000228881836,55000,Yahoo Finance daily
2022-03-25,us,OKLO,,9.739999771118164,9.800000190734863,9.739999771118164,9.789999961853027,2000,Yahoo Finance daily
2022-03-28,us,OKLO,,9.789999961853027,9.789999961853027,9.770000457763672,9.789999961853027,1900,Yahoo Finance daily
2022-03-29,us,OKLO,,9.770000457763672,9.770000457763672,9.760000228881836,9.760000228881836,600,Yahoo Finance daily
2022-03-30,us,OKLO,,9.760000228881836,9.760000228881836,9.744999885559082,9.744999885559082,77100,Yahoo Finance daily
2022-03-31,us,OKLO,,9.739999771118164,9.760000228881836,9.729999542236328,9.760000228881836,5400,Yahoo Finance daily
2022-04-01,us,OKLO,,9.760000228881836,9.760000228881836,9.760000228881836,9.760000228881836,0,Yahoo Finance daily
2022-04-04,us,OKLO,,9.739999771118164,9.760000228881836,9.739999771118164,9.760000228881836,5700,Yahoo Finance daily
2022-04-05,us,OKLO,,9.770000457763672,9.87399959564209,9.75,9.75,30300,Yahoo Finance daily
2022-04-06,us,OKLO,,9.829999923706056,9.890000343322754,9.758000373840332,9.760000228881836,24000,Yahoo Finance daily
2022-04-07,us,OKLO,,9.770000457763672,9.770999908447266,9.75,9.770000457763672,12700,Yahoo Finance daily
2022-04-08,us,OKLO,,9.75,9.770000457763672,9.75,9.75,2500,Yahoo Finance daily
2022-04-11,us,OKLO,,9.760000228881836,9.760000228881836,9.75,9.75,7200,Yahoo Finance daily
2022-04-12,us,OKLO,,9.760000228881836,9.770000457763672,9.75,9.75,32200,Yahoo Finance daily
2022-04-13,us,OKLO,,9.774999618530272,9.800000190734863,9.760000228881836,9.760000228881836,44300,Yahoo Finance daily
2022-04-14,us,OKLO,,9.75,9.800000190734863,9.720000267028809,9.75,806100,Yahoo Finance daily
2022-04-18,us,OKLO,,9.739999771118164,9.770000457763672,9.739999771118164,9.75,1300,Yahoo Finance daily
2022-04-19,us,OKLO,,9.762999534606934,9.762999534606934,9.762999534606934,9.762999534606934,1500,Yahoo Finance daily
2022-04-20,us,OKLO,,9.739999771118164,9.779999732971191,9.739999771118164,9.770000457763672,13300,Yahoo Finance daily
2022-04-21,us,OKLO,,9.779999732971191,9.779999732971191,9.739999771118164,9.739999771118164,2300,Yahoo Finance daily
2022-04-22,us,OKLO,,9.800000190734863,9.800000190734863,9.729999542236328,9.729999542236328,780300,Yahoo Finance daily
2022-04-25,us,OKLO,,9.739999771118164,9.75,9.739999771118164,9.75,100200,Yahoo Finance daily
2022-04-26,us,OKLO,,9.739999771118164,9.760000228881836,9.739999771118164,9.760000228881836,17000,Yahoo Finance daily
2022-04-27,us,OKLO,,9.760000228881836,9.760000228881836,9.760000228881836,9.760000228881836,100,Yahoo Finance daily
2022-04-28,us,OKLO,,9.75,9.75,9.739999771118164,9.739999771118164,10400,Yahoo Finance daily
2022-04-29,us,OKLO,,9.739999771118164,9.739999771118164,9.739999771118164,9.739999771118164,11000,Yahoo Finance daily
2022-05-02,us,OKLO,,9.739999771118164,9.739999771118164,9.739999771118164,9.739999771118164,8000,Yahoo Finance daily
2022-05-03,us,OKLO,,9.739999771118164,9.739999771118164,9.739999771118164,9.739999771118164,3600,Yahoo Finance daily
2022-05-04,us,OKLO,,9.739999771118164,9.770000457763672,9.739999771118164,9.770000457763672,1300,Yahoo Finance daily
2022-05-05,us,OKLO,,9.729999542236328,9.75,9.729999542236328,9.75,15600,Yahoo Finance daily
2022-05-06,us,OKLO,,9.729999542236328,9.770000457763672,9.729999542236328,9.760000228881836,28300,Yahoo Finance daily
2022-05-09,us,OKLO,,9.779999732971191,9.779999732971191,9.729999542236328,9.75,24700,Yahoo Finance daily
2022-05-10,us,OKLO,,9.699999809265137,9.699999809265137,9.699999809265137,9.699999809265137,300,Yahoo Finance daily
2022-05-11,us,OKLO,,9.68000030517578,9.729999542236328,9.68000030517578,9.710000038146973,9600,Yahoo Finance daily
2022-05-12,us,OKLO,,9.6899995803833,9.6899995803833,9.6899995803833,9.6899995803833,4100,Yahoo Finance daily
2022-05-13,us,OKLO,,9.68000030517578,9.68000030517578,9.68000030517578,9.68000030517578,1000,Yahoo Finance daily
2022-05-16,us,OKLO,,9.68000030517578,9.68000030517578,9.68000030517578,9.68000030517578,0,Yahoo Finance daily
2022-05-17,us,OKLO,,9.68000030517578,9.68000030517578,9.68000030517578,9.68000030517578,0,Yahoo Finance daily
2022-05-18,us,OKLO,,9.670000076293944,9.670000076293944,9.670000076293944,9.670000076293944,200,Yahoo Finance daily
2022-05-19,us,OKLO,,9.649999618530272,9.65999984741211,9.649999618530272,9.65999984741211,800,Yahoo Finance daily
2022-05-20,us,OKLO,,9.649999618530272,9.67199993133545,9.649999618530272,9.65999984741211,700,Yahoo Finance daily
2022-05-23,us,OKLO,,9.65999984741211,9.68000030517578,9.65999984741211,9.68000030517578,2100,Yahoo Finance daily
2022-05-24,us,OKLO,,9.670000076293944,9.68000030517578,9.65999984741211,9.670000076293944,52700,Yahoo Finance daily
2022-05-25,us,OKLO,,9.65999984741211,9.65999984741211,9.65999984741211,9.65999984741211,2900,Yahoo Finance daily
2022-05-26,us,OKLO,,9.65999984741211,9.65999984741211,9.65999984741211,9.65999984741211,100100,Yahoo Finance daily
2022-05-27,us,OKLO,,9.670000076293944,9.670000076293944,9.65999984741211,9.670000076293944,277500,Yahoo Finance daily
2022-05-31,us,OKLO,,9.65999984741211,9.670000076293944,9.649999618530272,9.65999984741211,118800,Yahoo Finance daily
2022-06-01,us,OKLO,,9.649999618530272,9.649999618530272,9.649999618530272,9.649999618530272,1100,Yahoo Finance daily
2022-06-02,us,OKLO,,9.68000030517578,9.6899995803833,9.65999984741211,9.65999984741211,26200,Yahoo Finance daily
2022-06-03,us,OKLO,,9.649999618530272,9.65999984741211,9.649999618530272,9.65999984741211,21500,Yahoo Finance daily
2022-06-06,us,OKLO,,9.670000076293944,9.68000030517578,9.649999618530272,9.65999984741211,156800,Yahoo Finance daily
2022-06-07,us,OKLO,,9.663999557495115,9.670000076293944,9.649999618530272,9.670000076293944,19900,Yahoo Finance daily
2022-06-08,us,OKLO,,9.65999984741211,9.6899995803833,9.65999984741211,9.6899995803833,43800,Yahoo Finance daily
2022-06-09,us,OKLO,,9.6899995803833,9.699999809265137,9.68000030517578,9.6899995803833,1600,Yahoo Finance daily
2022-06-10,us,OKLO,,9.6850004196167,9.6899995803833,9.670000076293944,9.68000030517578,2300,Yahoo Finance daily
2022-06-13,us,OKLO,,9.710000038146973,9.710000038146973,9.710000038146973,9.710000038146973,100,Yahoo Finance daily
2022-06-14,us,OKLO,,9.710000038146973,9.710000038146973,9.68000030517578,9.6899995803833,55700,Yahoo Finance daily
2022-06-15,us,OKLO,,9.65999984741211,9.699999809265137,9.65999984741211,9.699999809265137,132300,Yahoo Finance daily
2022-06-16,us,OKLO,,9.699999809265137,9.699999809265137,9.649999618530272,9.6899995803833,9900,Yahoo Finance daily
2022-06-17,us,OKLO,,9.649999618530272,9.6899995803833,9.649999618530272,9.6899995803833,14700,Yahoo Finance daily
2022-06-21,us,OKLO,,9.6899995803833,9.6899995803833,9.6899995803833,9.6899995803833,200,Yahoo Finance daily
2022-06-22,us,OKLO,,9.6899995803833,9.6899995803833,9.6899995803833,9.6899995803833,400,Yahoo Finance daily
2022-06-23,us,OKLO,,9.6899995803833,9.6899995803833,9.6899995803833,9.6899995803833,0,Yahoo Finance daily
2022-06-24,us,OKLO,,9.65999984741211,9.68000030517578,9.649999618530272,9.68000030517578,29900,Yahoo Finance daily
2022-06-27,us,OKLO,,9.699999809265137,9.699999809265137,9.649999618530272,9.649999618530272,4600,Yahoo Finance daily
2022-06-28,us,OKLO,,9.670000076293944,9.670000076293944,9.649999618530272,9.649999618530272,95000,Yahoo Finance daily
2022-06-29,us,OKLO,,9.670000076293944,9.670000076293944,9.670000076293944,9.670000076293944,600,Yahoo Finance daily
2022-06-30,us,OKLO,,9.649999618530272,9.6899995803833,9.649999618530272,9.649999618530272,3700,Yahoo Finance daily
2022-07-01,us,OKLO,,9.65999984741211,9.68000030517578,9.65999984741211,9.68000030517578,1900,Yahoo Finance daily
2022-07-05,us,OKLO,,9.68000030517578,9.68000030517578,9.664999961853027,9.670000076293944,228700,Yahoo Finance daily
2022-07-06,us,OKLO,,9.65999984741211,9.68000030517578,9.65999984741211,9.68000030517578,500,Yahoo Finance daily
2022-07-07,us,OKLO,,9.670000076293944,9.699999809265137,9.670000076293944,9.670000076293944,25300,Yahoo Finance daily
2022-07-08,us,OKLO,,9.699999809265137,9.699999809265137,9.68000030517578,9.6899995803833,4900,Yahoo Finance daily
2022-07-11,us,OKLO,,9.6899995803833,9.6899995803833,9.6899995803833,9.6899995803833,1100,Yahoo Finance daily
2022-07-12,us,OKLO,,9.670000076293944,9.699999809265137,9.670000076293944,9.699999809265137,3500,Yahoo Finance daily
2022-07-13,us,OKLO,,9.670000076293944,9.699999809265137,9.670000076293944,9.699999809265137,324300,Yahoo Finance daily
2022-07-14,us,OKLO,,9.699999809265137,9.699999809265137,9.699999809265137,9.699999809265137,0,Yahoo Finance daily
2022-07-15,us,OKLO,,9.699999809265137,9.699999809265137,9.699999809265137,9.699999809265137,0,Yahoo Finance daily
2022-07-18,us,OKLO,,9.710000038146973,9.710000038146973,9.710000038146973,9.710000038146973,6000,Yahoo Finance daily
2022-07-19,us,OKLO,,9.699999809265137,9.699999809265137,9.670000076293944,9.670000076293944,2900,Yahoo Finance daily
2022-07-20,us,OKLO,,9.699999809265137,9.704999923706056,9.699000358581545,9.699999809265137,504900,Yahoo Finance daily
2022-07-21,us,OKLO,,9.699999809265137,9.699999809265137,9.699999809265137,9.699999809265137,1800,Yahoo Finance daily
2022-07-22,us,OKLO,,9.699999809265137,9.699999809265137,9.699999809265137,9.699999809265137,0,Yahoo Finance daily
2022-07-25,us,OKLO,,9.710000038146973,9.75,9.710000038146973,9.75,2500,Yahoo Finance daily
2022-07-26,us,OKLO,,9.710000038146973,9.710000038146973,9.710000038146973,9.710000038146973,500,Yahoo Finance daily
2022-07-27,us,OKLO,,9.729999542236328,9.729999542236328,9.720000267028809,9.720000267028809,67900,Yahoo Finance daily
2022-07-28,us,OKLO,,9.720000267028809,9.720000267028809,9.720000267028809,9.720000267028809,3900,Yahoo Finance daily
2022-07-29,us,OKLO,,9.710000038146973,9.729999542236328,9.699999809265137,9.699999809265137,27500,Yahoo Finance daily
2022-08-01,us,OKLO,,9.710000038146973,9.720000267028809,9.699999809265137,9.710000038146973,6100,Yahoo Finance daily
2022-08-02,us,OKLO,,9.710000038146973,9.739999771118164,9.710000038146973,9.720000267028809,8200,Yahoo Finance daily
2022-08-03,us,OKLO,,9.75,9.75,9.720000267028809,9.720000267028809,8000,Yahoo Finance daily
2022-08-04,us,OKLO,,9.739999771118164,9.739999771118164,9.71500015258789,9.720000267028809,28300,Yahoo Finance daily
2022-08-05,us,OKLO,,9.720000267028809,9.729999542236328,9.720000267028809,9.720000267028809,2100,Yahoo Finance daily
2022-08-08,us,OKLO,,9.699999809265137,9.720000267028809,9.699999809265137,9.720000267028809,700,Yahoo Finance daily
2022-08-09,us,OKLO,,9.729999542236328,9.789999961853027,9.729999542236328,9.789999961853027,49700,Yahoo Finance daily
2022-08-10,us,OKLO,,9.729999542236328,9.729999542236328,9.729999542236328,9.729999542236328,1900,Yahoo Finance daily
2022-08-11,us,OKLO,,9.760000228881836,9.760000228881836,9.720000267028809,9.720000267028809,2700,Yahoo Finance daily
2022-08-12,us,OKLO,,9.75,9.760000228881836,9.734999656677246,9.760000228881836,7400,Yahoo Finance daily
2022-08-15,us,OKLO,,9.795000076293944,9.795000076293944,9.739999771118164,9.760000228881836,10100,Yahoo Finance daily
2022-08-16,us,OKLO,,9.765999794006348,9.770000457763672,9.765999794006348,9.770000457763672,1000,Yahoo Finance daily
2022-08-17,us,OKLO,,9.779999732971191,9.779999732971191,9.720000267028809,9.729999542236328,12300,Yahoo Finance daily
2022-08-18,us,OKLO,,9.729999542236328,9.739999771118164,9.729999542236328,9.739999771118164,12200,Yahoo Finance daily
2022-08-19,us,OKLO,,9.720000267028809,9.75,9.720000267028809,9.75,921900,Yahoo Finance daily
2022-08-22,us,OKLO,,9.720000267028809,9.720000267028809,9.720000267028809,9.720000267028809,800,Yahoo Finance daily
2022-08-23,us,OKLO,,9.729999542236328,9.734999656677246,9.729999542236328,9.734999656677246,1900,Yahoo Finance daily
2022-08-24,us,OKLO,,9.729999542236328,9.739999771118164,9.71500015258789,9.729999542236328,1800,Yahoo Finance daily
2022-08-25,us,OKLO,,9.760000228881836,9.760000228881836,9.729999542236328,9.729999542236328,900,Yahoo Finance daily
2022-08-26,us,OKLO,,9.720000267028809,9.729999542236328,9.720000267028809,9.729999542236328,500,Yahoo Finance daily
2022-08-29,us,OKLO,,9.760000228881836,9.760000228881836,9.720000267028809,9.720000267028809,900,Yahoo Finance daily
2022-08-30,us,OKLO,,9.734999656677246,9.734999656677246,9.722999572753906,9.722999572753906,1000,Yahoo Finance daily
2022-08-31,us,OKLO,,9.722999572753906,9.722999572753906,9.722999572753906,9.722999572753906,0,Yahoo Finance daily
2022-09-01,us,OKLO,,9.722999572753906,9.722999572753906,9.722999572753906,9.722999572753906,0,Yahoo Finance daily
2022-09-02,us,OKLO,,9.722999572753906,9.722999572753906,9.722999572753906,9.722999572753906,0,Yahoo Finance daily
2022-09-06,us,OKLO,,9.720000267028809,9.760000228881836,9.720000267028809,9.734999656677246,140800,Yahoo Finance daily
2022-09-07,us,OKLO,,9.720000267028809,9.720000267028809,9.720000267028809,9.720000267028809,600,Yahoo Finance daily
2022-09-08,us,OKLO,,9.720000267028809,9.720000267028809,9.720000267028809,9.720000267028809,0,Yahoo Finance daily
2022-09-09,us,OKLO,,9.720000267028809,9.720000267028809,9.720000267028809,9.720000267028809,0,Yahoo Finance daily
2022-09-12,us,OKLO,,9.743000030517578,9.743000030517578,9.739999771118164,9.739999771118164,1700,Yahoo Finance daily
2022-09-13,us,OKLO,,9.739999771118164,9.739999771118164,9.739999771118164,9.739999771118164,600,Yahoo Finance daily
2022-09-14,us,OKLO,,9.75,9.760000228881836,9.75,9.75,4200,Yahoo Finance daily
2022-09-15,us,OKLO,,9.744999885559082,9.744999885559082,9.744999885559082,9.744999885559082,1400,Yahoo Finance daily
2022-09-16,us,OKLO,,9.720000267028809,9.720000267028809,9.720000267028809,9.720000267028809,2200,Yahoo Finance daily
2022-09-19,us,OKLO,,9.734999656677246,9.760000228881836,9.734999656677246,9.734999656677246,1700,Yahoo Finance daily
2022-09-20,us,OKLO,,9.729999542236328,9.739999771118164,9.720000267028809,9.729999542236328,75000,Yahoo Finance daily
2022-09-21,us,OKLO,,9.739999771118164,9.739999771118164,9.729999542236328,9.739999771118164,100700,Yahoo Finance daily
2022-09-22,us,OKLO,,9.75,9.75,9.729999542236328,9.739999771118164,161800,Yahoo Finance daily
2022-09-23,us,OKLO,,9.729999542236328,9.739999771118164,9.725000381469728,9.725000381469728,4700,Yahoo Finance daily
2022-09-26,us,OKLO,,9.720000267028809,9.739999771118164,9.720000267028809,9.739999771118164,14100,Yahoo Finance daily
2022-09-27,us,OKLO,,9.720000267028809,9.720000267028809,9.720000267028809,9.720000267028809,254500,Yahoo Finance daily
2022-09-28,us,OKLO,,9.710000038146973,9.75,9.710000038146973,9.75,175400,Yahoo Finance daily
2022-09-29,us,OKLO,,9.699999809265137,9.699999809265137,9.699999809265137,9.699999809265137,4200,Yahoo Finance daily
2022-09-30,us,OKLO,,9.729999542236328,9.760000228881836,9.729999542236328,9.760000228881836,600,Yahoo Finance daily
2022-10-03,us,OKLO,,9.760000228881836,9.760000228881836,9.720000267028809,9.739999771118164,1800,Yahoo Finance daily
2022-10-04,us,OKLO,,9.720000267028809,9.739999771118164,9.720000267028809,9.739999771118164,2200,Yahoo Finance daily
2022-10-05,us,OKLO,,9.720000267028809,9.729999542236328,9.720000267028809,9.729999542236328,6000,Yahoo Finance daily
2022-10-06,us,OKLO,,9.739999771118164,9.739999771118164,9.729999542236328,9.729999542236328,1200,Yahoo Finance daily
2022-10-07,us,OKLO,,9.739999771118164,9.75,9.739999771118164,9.75,5200,Yahoo Finance daily
2022-10-10,us,OKLO,,9.760000228881836,9.760000228881836,9.75,9.75,200,Yahoo Finance daily
2022-10-11,us,OKLO,,9.75,9.760000228881836,9.739999771118164,9.739999771118164,6000,Yahoo Finance daily
2022-10-12,us,OKLO,,9.760000228881836,9.760000228881836,9.75,9.75,3100,Yahoo Finance daily
2022-10-13,us,OKLO,,9.729999542236328,9.729999542236328,9.729999542236328,9.729999542236328,2600,Yahoo Finance daily
2022-10-14,us,OKLO,,9.779999732971191,9.779999732971191,9.75,9.770000457763672,6700,Yahoo Finance daily
2022-10-17,us,OKLO,,9.739999771118164,9.760000228881836,9.739999771118164,9.760000228881836,700,Yahoo Finance daily
2022-10-18,us,OKLO,,9.75,9.800000190734863,9.75,9.779999732971191,4100,Yahoo Finance daily
2022-10-19,us,OKLO,,9.779999732971191,9.779999732971191,9.779999732971191,9.779999732971191,0,Yahoo Finance daily
2022-10-20,us,OKLO,,9.779999732971191,9.779999732971191,9.779999732971191,9.779999732971191,0,Yahoo Finance daily
2022-10-21,us,OKLO,,9.800000190734863,9.800000190734863,9.800000190734863,9.800000190734863,9900,Yahoo Finance daily
2022-10-24,us,OKLO,,9.789999961853027,9.829999923706056,9.779999732971191,9.829999923706056,73900,Yahoo Finance daily
2022-10-25,us,OKLO,,9.8100004196167,9.8100004196167,9.800000190734863,9.800000190734863,4100,Yahoo Finance daily
2022-10-26,us,OKLO,,9.800000190734863,9.800000190734863,9.800000190734863,9.800000190734863,2000,Yahoo Finance daily
2022-10-27,us,OKLO,,9.8100004196167,9.81999969482422,9.8100004196167,9.81999969482422,600,Yahoo Finance daily
2022-10-28,us,OKLO,,9.829999923706056,9.84000015258789,9.8100004196167,9.84000015258789,282600,Yahoo Finance daily
2022-10-31,us,OKLO,,9.829999923706056,9.84000015258789,9.829999923706056,9.84000015258789,700,Yahoo Finance daily
2022-11-01,us,OKLO,,9.845000267028809,9.845000267028809,9.829999923706056,9.829999923706056,73300,Yahoo Finance daily
2022-11-02,us,OKLO,,9.81999969482422,9.81999969482422,9.81999969482422,9.81999969482422,1500,Yahoo Finance daily
2022-11-03,us,OKLO,,9.81999969482422,9.81999969482422,9.8100004196167,9.81999969482422,2039000,Yahoo Finance daily
2022-11-04,us,OKLO,,9.81999969482422,9.829999923706056,9.81999969482422,9.829999923706056,500,Yahoo Finance daily
2022-11-07,us,OKLO,,9.843000411987305,9.850000381469728,9.84000015258789,9.850000381469728,15400,Yahoo Finance daily
2022-11-08,us,OKLO,,9.84000015258789,9.850000381469728,9.84000015258789,9.84000015258789,187300,Yahoo Finance daily
2022-11-09,us,OKLO,,9.829999923706056,9.850000381469728,9.81999969482422,9.829999923706056,179400,Yahoo Finance daily
2022-11-10,us,OKLO,,9.869999885559082,9.869999885559082,9.869999885559082,9.869999885559082,100,Yahoo Finance daily
2022-11-11,us,OKLO,,9.869999885559082,9.869999885559082,9.869999885559082,9.869999885559082,0,Yahoo Finance daily
2022-11-14,us,OKLO,,9.829999923706056,9.84000015258789,9.81999969482422,9.81999969482422,37700,Yahoo Finance daily
2022-11-15,us,OKLO,,9.829999923706056,9.84000015258789,9.824999809265137,9.829999923706056,93200,Yahoo Finance daily
2022-11-16,us,OKLO,,9.829999923706056,9.859999656677246,9.829999923706056,9.850000381469728,108800,Yahoo Finance daily
2022-11-17,us,OKLO,,9.84000015258789,9.859999656677246,9.84000015258789,9.859999656677246,65700,Yahoo Finance daily
2022-11-18,us,OKLO,,9.859999656677246,9.859999656677246,9.859999656677246,9.859999656677246,300,Yahoo Finance daily
2022-11-21,us,OKLO,,9.920000076293944,9.920000076293944,9.84000015258789,9.84000015258789,1300,Yahoo Finance daily
2022-11-22,us,OKLO,,9.84000015258789,9.84000015258789,9.84000015258789,9.84000015258789,0,Yahoo Finance daily
2022-11-23,us,OKLO,,9.84000015258789,9.84000015258789,9.84000015258789,9.84000015258789,0,Yahoo Finance daily
2022-11-25,us,OKLO,,9.84000015258789,9.869999885559082,9.84000015258789,9.869999885559082,1000,Yahoo Finance daily
2022-11-28,us,OKLO,,9.850000381469728,9.850000381469728,9.84000015258789,9.850000381469728,3800,Yahoo Finance daily
2022-11-29,us,OKLO,,9.850000381469728,9.850000381469728,9.850000381469728,9.850000381469728,0,Yahoo Finance daily
2022-11-30,us,OKLO,,9.859999656677246,9.880000114440918,9.859999656677246,9.859999656677246,23300,Yahoo Finance daily
2022-12-01,us,OKLO,,9.850000381469728,9.880000114440918,9.850000381469728,9.880000114440918,5100,Yahoo Finance daily
2022-12-02,us,OKLO,,9.880000114440918,9.880000114440918,9.880000114440918,9.880000114440918,0,Yahoo Finance daily
2022-12-05,us,OKLO,,9.850000381469728,9.859999656677246,9.84000015258789,9.859999656677246,360000,Yahoo Finance daily
2022-12-06,us,OKLO,,9.90999984741211,9.93000030517578,9.90999984741211,9.93000030517578,55100,Yahoo Finance daily
2022-12-07,us,OKLO,,9.859999656677246,9.899999618530272,9.859999656677246,9.890000343322754,6500,Yahoo Finance daily
2022-12-08,us,OKLO,,9.890000343322754,9.899999618530272,9.869999885559082,9.890000343322754,2051800,Yahoo Finance daily
2022-12-09,us,OKLO,,9.880000114440918,9.880000114440918,9.869999885559082,9.869999885559082,400,Yahoo Finance daily
2022-12-12,us,OKLO,,9.93000030517578,9.93000030517578,9.880000114440918,9.890000343322754,15800,Yahoo Finance daily
2022-12-13,us,OKLO,,9.899999618530272,9.899999618530272,9.890000343322754,9.890000343322754,6900,Yahoo Finance daily
2022-12-14,us,OKLO,,9.890000343322754,9.890000343322754,9.869999885559082,9.880000114440918,213300,Yahoo Finance daily
2022-12-15,us,OKLO,,9.880000114440918,9.890000343322754,9.869999885559082,9.880000114440918,2317600,Yahoo Finance daily
2022-12-16,us,OKLO,,9.869999885559082,9.890000343322754,9.859999656677246,9.859999656677246,26600,Yahoo Finance daily
2022-12-19,us,OKLO,,9.859999656677246,9.880000114440918,9.84000015258789,9.869999885559082,2240200,Yahoo Finance daily
2022-12-20,us,OKLO,,9.869999885559082,9.880000114440918,9.81999969482422,9.869999885559082,1527000,Yahoo Finance daily
2022-12-21,us,OKLO,,9.854999542236328,9.880000114440918,9.854999542236328,9.880000114440918,237600,Yahoo Finance daily
2022-12-22,us,OKLO,,9.890000343322754,9.890000343322754,9.890000343322754,9.890000343322754,200,Yahoo Finance daily
2022-12-23,us,OKLO,,9.859999656677246,9.880000114440918,9.859999656677246,9.880000114440918,1000,Yahoo Finance daily
2022-12-27,us,OKLO,,9.899999618530272,9.928999900817873,9.869999885559082,9.880000114440918,3600,Yahoo Finance daily
2022-12-28,us,OKLO,,9.93000030517578,9.93000030517578,9.885000228881836,9.920000076293944,133000,Yahoo Finance daily
2022-12-29,us,OKLO,,9.93000030517578,9.93000030517578,9.920000076293944,9.920000076293944,12900,Yahoo Finance daily
2022-12-30,us,OKLO,,9.920000076293944,9.920000076293944,9.920000076293944,9.920000076293944,2100,Yahoo Finance daily
2023-01-03,us,OKLO,,9.90999984741211,9.960000038146973,9.90999984741211,9.960000038146973,148600,Yahoo Finance daily
2023-01-04,us,OKLO,,9.93000030517578,9.970000267028809,9.93000030517578,9.96500015258789,1789500,Yahoo Finance daily
2023-01-05,us,OKLO,,9.970000267028809,10.0,9.970000267028809,9.979999542236328,27600,Yahoo Finance daily
2023-01-06,us,OKLO,,10.0,10.020000457763672,9.989999771118164,9.989999771118164,1900,Yahoo Finance daily
2023-01-09,us,OKLO,,10.029999732971191,10.029999732971191,10.0,10.010000228881836,16400,Yahoo Finance daily
2023-01-10,us,OKLO,,10.010000228881836,10.020000457763672,10.0,10.0,833600,Yahoo Finance daily
2023-01-11,us,OKLO,,10.0,10.0,9.979999542236328,9.989999771118164,225000,Yahoo Finance daily
2023-01-12,us,OKLO,,9.989999771118164,10.020000457763672,9.989999771118164,10.020000457763672,3000,Yahoo Finance daily
2023-01-13,us,OKLO,,10.0,10.006999969482422,9.979999542236328,9.989999771118164,789900,Yahoo Finance daily
2023-01-17,us,OKLO,,9.979999542236328,9.994999885559082,9.920000076293944,9.979999542236328,531900,Yahoo Finance daily
2023-01-18,us,OKLO,,9.989999771118164,10.010000228881836,9.989999771118164,10.0,1500,Yahoo Finance daily
2023-01-19,us,OKLO,,10.0,10.010000228881836,9.989999771118164,10.0,38100,Yahoo Finance daily
2023-01-20,us,OKLO,,10.020000457763672,10.029999732971191,10.0,10.0,92700,Yahoo Finance daily
2023-01-23,us,OKLO,,10.020000457763672,10.020000457763672,9.989999771118164,10.0,7200,Yahoo Finance daily
2023-01-24,us,OKLO,,9.989999771118164,10.020000457763672,9.989999771118164,9.989999771118164,33900,Yahoo Finance daily
2023-01-25,us,OKLO,,10.010000228881836,10.010000228881836,9.989999771118164,10.010000228881836,17600,Yahoo Finance daily
2023-01-26,us,OKLO,,10.010000228881836,10.050000190734863,10.0,10.0,1290600,Yahoo Finance daily
2023-01-27,us,OKLO,,10.09000015258789,10.09000015258789,10.0,10.010000228881836,11800,Yahoo Finance daily
2023-01-30,us,OKLO,,10.09000015258789,10.09000015258789,10.010000228881836,10.020000457763672,6300,Yahoo Finance daily
2023-01-31,us,OKLO,,10.050000190734863,10.050000190734863,10.010000228881836,10.020000457763672,7900,Yahoo Finance daily
2023-02-01,us,OKLO,,10.020000457763672,10.050000190734863,10.020000457763672,10.050000190734863,4200,Yahoo Finance daily
2023-02-02,us,OKLO,,10.029999732971191,10.041999816894531,10.029999732971191,10.039999961853027,3700,Yahoo Finance daily
2023-02-03,us,OKLO,,10.0,10.079999923706056,10.0,10.050000190734863,48300,Yahoo Finance daily
2023-02-06,us,OKLO,,10.06999969482422,10.100000381469728,10.029999732971191,10.09000015258789,1795900,Yahoo Finance daily
2023-02-07,us,OKLO,,10.06999969482422,10.149999618530272,10.06999969482422,10.100000381469728,640000,Yahoo Finance daily
2023-02-08,us,OKLO,,10.119999885559082,10.119999885559082,10.092000007629396,10.100000381469728,411500,Yahoo Finance daily
2023-02-09,us,OKLO,,10.140000343322754,10.149999618530272,10.0,10.109999656677246,72300,Yahoo Finance daily
2023-02-10,us,OKLO,,10.119999885559082,10.119999885559082,10.100000381469728,10.109999656677246,73600,Yahoo Finance daily
2023-02-13,us,OKLO,,10.100000381469728,10.149999618530272,10.079999923706056,10.119999885559082,50300,Yahoo Finance daily
2023-02-14,us,OKLO,,10.109999656677246,10.119999885559082,10.09000015258789,10.09000015258789,160500,Yahoo Finance daily
2023-02-15,us,OKLO,,10.09000015258789,10.100000381469728,10.06999969482422,10.100000381469728,54300,Yahoo Finance daily
2023-02-16,us,OKLO,,10.079999923706056,10.109999656677246,10.06999969482422,10.100000381469728,800,Yahoo Finance daily
2023-02-17,us,OKLO,,10.09000015258789,10.119999885559082,10.09000015258789,10.100000381469728,3700,Yahoo Finance daily
2023-02-21,us,OKLO,,10.100000381469728,10.119999885559082,10.06999969482422,10.09000015258789,16500,Yahoo Finance daily
2023-02-22,us,OKLO,,10.09000015258789,10.11299991607666,10.09000015258789,10.100000381469728,155300,Yahoo Finance daily
2023-02-23,us,OKLO,,10.119999885559082,10.119999885559082,10.100000381469728,10.100000381469728,57900,Yahoo Finance daily
2023-02-24,us,OKLO,,10.079999923706056,10.100000381469728,10.079999923706056,10.100000381469728,114500,Yahoo Finance daily
2023-02-27,us,OKLO,,10.100000381469728,10.109999656677246,10.100000381469728,10.109999656677246,38200,Yahoo Finance daily
2023-02-28,us,OKLO,,10.09000015258789,10.109999656677246,10.09000015258789,10.109999656677246,3900,Yahoo Finance daily
2023-03-01,us,OKLO,,10.109999656677246,10.119999885559082,10.109999656677246,10.109999656677246,502600,Yahoo Finance daily
2023-03-02,us,OKLO,,10.100000381469728,10.109999656677246,10.100000381469728,10.100000381469728,8900,Yahoo Finance daily
2023-03-03,us,OKLO,,10.100000381469728,10.100000381469728,10.0600004196167,10.085000038146973,400,Yahoo Finance daily
2023-03-06,us,OKLO,,10.100000381469728,10.130000114440918,10.09000015258789,10.109999656677246,424200,Yahoo Finance daily
2023-03-07,us,OKLO,,10.140000343322754,10.140000343322754,10.100000381469728,10.109999656677246,1192500,Yahoo Finance daily
2023-03-08,us,OKLO,,10.109999656677246,10.119999885559082,10.06999969482422,10.109999656677246,628900,Yahoo Finance daily
2023-03-09,us,OKLO,,10.109999656677246,10.130000114440918,10.104999542236328,10.109999656677246,254700,Yahoo Finance daily
2023-03-10,us,OKLO,,10.100000381469728,10.109999656677246,10.09000015258789,10.100000381469728,133600,Yahoo Finance daily
2023-03-13,us,OKLO,,10.100000381469728,10.107000350952148,10.100000381469728,10.100000381469728,34700,Yahoo Finance daily
2023-03-14,us,OKLO,,10.119999885559082,10.119999885559082,10.100000381469728,10.100000381469728,9900,Yahoo Finance daily
2023-03-15,us,OKLO,,10.109999656677246,10.109999656677246,10.09000015258789,10.100000381469728,131100,Yahoo Finance daily
2023-03-16,us,OKLO,,10.140000343322754,10.140000343322754,10.100000381469728,10.109999656677246,51000,Yahoo Finance daily
2023-03-17,us,OKLO,,10.109999656677246,10.109999656677246,10.109999656677246,10.109999656677246,200,Yahoo Finance daily
2023-03-20,us,OKLO,,10.109999656677246,10.119999885559082,10.100000381469728,10.100000381469728,42200,Yahoo Finance daily
2023-03-21,us,OKLO,,10.100000381469728,10.119999885559082,10.100000381469728,10.109999656677246,27900,Yahoo Finance daily
2023-03-22,us,OKLO,,10.125,10.130000114440918,10.119999885559082,10.119999885559082,20100,Yahoo Finance daily
2023-03-23,us,OKLO,,10.130000114440918,10.140000343322754,10.130000114440918,10.131999969482422,41500,Yahoo Finance daily
2023-03-24,us,OKLO,,10.130000114440918,10.140000343322754,10.125,10.140000343322754,103600,Yahoo Finance daily
2023-03-27,us,OKLO,,10.149999618530272,10.149999618530272,10.119999885559082,10.119999885559082,900,Yahoo Finance daily
2023-03-28,us,OKLO,,10.130000114440918,10.130000114440918,10.130000114440918,10.130000114440918,42100,Yahoo Finance daily
2023-03-29,us,OKLO,,10.170000076293944,10.170000076293944,10.130000114440918,10.149999618530272,686600,Yahoo Finance daily
2023-03-30,us,OKLO,,10.18000030517578,10.18000030517578,10.140000343322754,10.145000457763672,3500,Yahoo Finance daily
2023-03-31,us,OKLO,,10.25,10.25,10.140000343322754,10.149999618530272,248700,Yahoo Finance daily
2023-04-03,us,OKLO,,10.149999618530272,10.1850004196167,10.140000343322754,10.170000076293944,59900,Yahoo Finance daily
2023-04-04,us,OKLO,,10.140000343322754,10.140000343322754,10.140000343322754,10.140000343322754,100,Yahoo Finance daily
2023-04-05,us,OKLO,,10.145000457763672,10.199999809265137,10.145000457763672,10.149999618530272,54800,Yahoo Finance daily
2023-04-06,us,OKLO,,10.199999809265137,10.199999809265137,10.149999618530272,10.170000076293944,52900,Yahoo Finance daily
2023-04-10,us,OKLO,,10.149999618530272,10.170000076293944,10.149999618530272,10.149999618530272,11200,Yahoo Finance daily
2023-04-11,us,OKLO,,10.1899995803833,10.1899995803833,10.140000343322754,10.140000343322754,89200,Yahoo Finance daily
2023-04-12,us,OKLO,,10.140000343322754,10.15999984741211,10.130000114440918,10.140000343322754,274800,Yahoo Finance daily
2023-04-13,us,OKLO,,10.130000114440918,10.140000343322754,10.109999656677246,10.140000343322754,124800,Yahoo Finance daily
2023-04-14,us,OKLO,,10.130000114440918,10.140000343322754,10.100000381469728,10.114999771118164,28900,Yahoo Finance daily
2023-04-17,us,OKLO,,10.130000114440918,10.149999618530272,10.119999885559082,10.125,235500,Yahoo Finance daily
2023-04-18,us,OKLO,,10.15999984741211,10.15999984741211,10.119999885559082,10.130000114440918,15200,Yahoo Finance daily
2023-04-19,us,OKLO,,10.130000114440918,10.140000343322754,10.119999885559082,10.119999885559082,113400,Yahoo Finance daily
2023-04-20,us,OKLO,,10.149999618530272,10.260000228881836,10.149999618530272,10.239999771118164,6524300,Yahoo Finance daily
2023-04-21,us,OKLO,,10.239999771118164,10.43000030517578,10.220000267028809,10.270000457763672,950400,Yahoo Finance daily
2023-04-24,us,OKLO,,10.300000190734863,10.300000190734863,10.279999732971191,10.289999961853027,374000,Yahoo Finance daily
2023-04-25,us,OKLO,,10.279999732971191,10.28499984741211,10.26099967956543,10.279999732971191,144100,Yahoo Finance daily
2023-04-26,us,OKLO,,10.260000228881836,10.289999961853027,10.260000228881836,10.279999732971191,180500,Yahoo Finance daily
2023-04-27,us,OKLO,,10.279999732971191,10.329999923706056,10.269000053405762,10.295000076293944,103800,Yahoo Finance daily
2023-04-28,us,OKLO,,10.270000457763672,10.3100004196167,10.270000457763672,10.279999732971191,232000,Yahoo Finance daily
2023-05-01,us,OKLO,,10.3100004196167,10.329999923706056,10.270000457763672,10.270000457763672,364000,Yahoo Finance daily
2023-05-02,us,OKLO,,10.289999961853027,10.289999961853027,10.239999771118164,10.260000228881836,65900,Yahoo Finance daily
2023-05-03,us,OKLO,,10.260000228881836,10.265000343322754,10.25,10.255000114440918,31900,Yahoo Finance daily
2023-05-04,us,OKLO,,10.25,10.274999618530272,10.239999771118164,10.260000228881836,198000,Yahoo Finance daily
2023-05-05,us,OKLO,,10.300000190734863,10.3100004196167,10.28499984741211,10.289999961853027,198400,Yahoo Finance daily
2023-05-08,us,OKLO,,10.31999969482422,10.369999885559082,10.279999732971191,10.329999923706056,105300,Yahoo Finance daily
2023-05-09,us,OKLO,,10.329999923706056,10.369999885559082,10.300000190734863,10.350000381469728,254600,Yahoo Finance daily
2023-05-10,us,OKLO,,10.5,10.510000228881836,10.359999656677246,10.4399995803833,848600,Yahoo Finance daily
2023-05-11,us,OKLO,,10.5,10.5,10.385000228881836,10.4399995803833,386700,Yahoo Finance daily
2023-05-12,us,OKLO,,10.40999984741211,10.489999771118164,10.40999984741211,10.4350004196167,75700,Yahoo Finance daily
2023-05-15,us,OKLO,,10.43000030517578,10.479999542236328,10.414999961853027,10.44499969482422,81000,Yahoo Finance daily
2023-05-16,us,OKLO,,10.479999542236328,10.505000114440918,10.43000030517578,10.479999542236328,269600,Yahoo Finance daily
2023-05-17,us,OKLO,,10.5,10.5,10.470000267028809,10.479999542236328,169100,Yahoo Finance daily
2023-05-18,us,OKLO,,10.5,10.649999618530272,10.460000038146973,10.529999732971191,354700,Yahoo Finance daily
2023-05-19,us,OKLO,,10.539999961853027,10.609999656677246,10.539999961853027,10.56999969482422,358200,Yahoo Finance daily
2023-05-22,us,OKLO,,10.600000381469728,10.628000259399414,10.550000190734863,10.579999923706056,300900,Yahoo Finance daily
2023-05-23,us,OKLO,,10.59000015258789,10.600000381469728,10.574999809265137,10.585000038146973,214700,Yahoo Finance daily
2023-05-24,us,OKLO,,10.5600004196167,10.600000381469728,10.550000190734863,10.585000038146973,129600,Yahoo Finance daily
2023-05-25,us,OKLO,,10.68000030517578,10.680999755859377,10.550000190734863,10.630000114440918,901700,Yahoo Finance daily
2023-05-26,us,OKLO,,10.630000114440918,10.6899995803833,10.600000381469728,10.649999618530272,215400,Yahoo Finance daily
2023-05-30,us,OKLO,,10.739999771118164,10.739999771118164,10.65999984741211,10.699999809265137,527800,Yahoo Finance daily
2023-05-31,us,OKLO,,10.729999542236328,10.770000457763672,10.6899995803833,10.69499969482422,119200,Yahoo Finance daily
2023-06-01,us,OKLO,,10.699999809265137,10.71399974822998,10.640000343322754,10.6899995803833,110800,Yahoo Finance daily
2023-06-02,us,OKLO,,10.670000076293944,10.699999809265137,10.649999618530272,10.675000190734863,205800,Yahoo Finance daily
2023-06-05,us,OKLO,,10.699999809265137,10.699999809265137,10.640000343322754,10.649999618530272,94000,Yahoo Finance daily
2023-06-06,us,OKLO,,10.628999710083008,10.640000343322754,10.380000114440918,10.380000114440918,332100,Yahoo Finance daily
2023-06-07,us,OKLO,,10.399999618530272,10.600000381469728,10.390000343322754,10.56999969482422,612900,Yahoo Finance daily
2023-06-08,us,OKLO,,10.579999923706056,10.579999923706056,10.539999961853027,10.550000190734863,116000,Yahoo Finance daily
2023-06-09,us,OKLO,,10.550000190734863,10.56999969482422,10.529999732971191,10.539999961853027,87300,Yahoo Finance daily
2023-06-12,us,OKLO,,10.609999656677246,10.609999656677246,10.520000457763672,10.5649995803833,508000,Yahoo Finance daily
2023-06-13,us,OKLO,,10.609999656677246,10.609999656677246,10.529999732971191,10.609999656677246,200900,Yahoo Finance daily
2023-06-14,us,OKLO,,10.649999618530272,10.661999702453612,10.59000015258789,10.640000343322754,249200,Yahoo Finance daily
2023-06-15,us,OKLO,,10.69499969482422,10.69499969482422,10.574999809265137,10.609999656677246,227600,Yahoo Finance daily
2023-06-16,us,OKLO,,10.609999656677246,10.649999618530272,10.579999923706056,10.604999542236328,101300,Yahoo Finance daily
2023-06-20,us,OKLO,,10.630000114440918,10.630000114440918,10.5,10.600000381469728,293200,Yahoo Finance daily
2023-06-21,us,OKLO,,10.619999885559082,10.619999885559082,10.520000457763672,10.56999969482422,339100,Yahoo Finance daily
2023-06-22,us,OKLO,,10.56999969482422,10.649999618530272,10.510000228881836,10.604999542236328,380800,Yahoo Finance daily
2023-06-23,us,OKLO,,10.600000381469728,10.600000381469728,10.579999923706056,10.597999572753906,151900,Yahoo Finance daily
2023-06-26,us,OKLO,,10.609999656677246,10.609999656677246,10.56999969482422,10.56999969482422,73800,Yahoo Finance daily
2023-06-27,us,OKLO,,10.550000190734863,10.59000015258789,10.5,10.539999961853027,83700,Yahoo Finance daily
2023-06-28,us,OKLO,,10.5,10.550000190734863,10.359999656677246,10.420000076293944,477200,Yahoo Finance daily
2023-06-29,us,OKLO,,10.4399995803833,10.479999542236328,10.399999618530272,10.4399995803833,287500,Yahoo Finance daily
2023-06-30,us,OKLO,,10.460000038146973,10.5,10.399999618530272,10.43000030517578,208100,Yahoo Finance daily
2023-07-03,us,OKLO,,10.43000030517578,10.479999542236328,10.369999885559082,10.420000076293944,158000,Yahoo Finance daily
2023-07-05,us,OKLO,,10.449999809265137,10.520000457763672,10.40999984741211,10.489999771118164,398100,Yahoo Finance daily
2023-07-06,us,OKLO,,10.5,10.5,10.390000343322754,10.479999542236328,305100,Yahoo Finance daily
2023-07-07,us,OKLO,,10.449999809265137,10.510000228881836,10.449999809265137,10.5,179500,Yahoo Finance daily
2023-07-10,us,OKLO,,10.484999656677246,10.600000381469728,10.470000267028809,10.529999732971191,1778900,Yahoo Finance daily
2023-07-11,us,OKLO,,10.579999923706056,10.600000381469728,10.3100004196167,10.380000114440918,6259000,Yahoo Finance daily
2023-07-12,us,OKLO,,10.449999809265137,10.479999542236328,10.34000015258789,10.380000114440918,2035200,Yahoo Finance daily
2023-07-13,us,OKLO,,10.399999618530272,10.4399995803833,10.329999923706056,10.359999656677246,936900,Yahoo Finance daily
2023-07-14,us,OKLO,,10.359999656677246,10.390000343322754,10.350000381469728,10.369999885559082,273600,Yahoo Finance daily
2023-07-17,us,OKLO,,10.390000343322754,10.41800022125244,10.34000015258789,10.350000381469728,506700,Yahoo Finance daily
2023-07-18,us,OKLO,,10.350000381469728,10.390000343322754,10.31999969482422,10.350000381469728,1739300,Yahoo Finance daily
2023-07-19,us,OKLO,,10.350000381469728,10.369999885559082,10.34000015258789,10.350000381469728,2382600,Yahoo Finance daily
2023-07-20,us,OKLO,,10.359999656677246,10.359999656677246,10.329999923706056,10.34000015258789,487000,Yahoo Finance daily
2023-07-21,us,OKLO,,10.31999969482422,10.369999885559082,10.3149995803833,10.359999656677246,1295400,Yahoo Finance daily
2023-07-24,us,OKLO,,10.34000015258789,10.359999656677246,10.31999969482422,10.31999969482422,332200,Yahoo Finance daily
2023-07-25,us,OKLO,,10.34000015258789,10.359999656677246,10.3149995803833,10.31999969482422,2192700,Yahoo Finance daily
2023-07-26,us,OKLO,,10.350000381469728,10.359999656677246,10.31999969482422,10.34000015258789,1425000,Yahoo Finance daily
2023-07-27,us,OKLO,,10.380000114440918,10.380000114440918,10.329999923706056,10.34000015258789,444100,Yahoo Finance daily
2023-07-28,us,OKLO,,10.329999923706056,10.350000381469728,10.31999969482422,10.329999923706056,259700,Yahoo Finance daily
2023-07-31,us,OKLO,,10.350000381469728,10.350000381469728,10.31999969482422,10.329999923706056,300500,Yahoo Finance daily
2023-08-01,us,OKLO,,10.350000381469728,10.350000381469728,10.31999969482422,10.329999923706056,2213700,Yahoo Finance daily
2023-08-02,us,OKLO,,10.34000015258789,10.359999656677246,10.329999923706056,10.350000381469728,2734600,Yahoo Finance daily
2023-08-03,us,OKLO,,10.34000015258789,10.359999656677246,10.34000015258789,10.350000381469728,429600,Yahoo Finance daily
2023-08-04,us,OKLO,,10.329999923706056,10.359999656677246,10.329999923706056,10.34000015258789,855400,Yahoo Finance daily
2023-08-07,us,OKLO,,10.359999656677246,10.359999656677246,10.34000015258789,10.350000381469728,57500,Yahoo Finance daily
2023-08-08,us,OKLO,,10.350000381469728,10.350000381469728,10.329999923706056,10.329999923706056,756500,Yahoo Finance daily
2023-08-09,us,OKLO,,10.329999923706056,10.350000381469728,10.329999923706056,10.329999923706056,185000,Yahoo Finance daily
2023-08-10,us,OKLO,,10.329999923706056,10.345000267028809,10.329999923706056,10.34000015258789,431800,Yahoo Finance daily
2023-08-11,us,OKLO,,10.329999923706056,10.350000381469728,10.329999923706056,10.350000381469728,377800,Yahoo Finance daily
2023-08-14,us,OKLO,,10.329999923706056,10.350000381469728,10.329999923706056,10.329999923706056,167600,Yahoo Finance daily
2023-08-15,us,OKLO,,10.3100004196167,10.34000015258789,10.3100004196167,10.329999923706056,214800,Yahoo Finance daily
2023-08-16,us,OKLO,,10.34000015258789,10.350000381469728,10.329999923706056,10.329999923706056,77800,Yahoo Finance daily
2023-08-17,us,OKLO,,10.329999923706056,10.350000381469728,10.329999923706056,10.329999923706056,62200,Yahoo Finance daily
2023-08-18,us,OKLO,,10.34000015258789,10.343000411987305,10.31999969482422,10.329999923706056,182300,Yahoo Finance daily
2023-08-21,us,OKLO,,10.329999923706056,10.350000381469728,10.31999969482422,10.34000015258789,66700,Yahoo Finance daily
2023-08-22,us,OKLO,,10.350000381469728,10.354999542236328,10.329999923706056,10.329999923706056,173500,Yahoo Finance daily
2023-08-23,us,OKLO,,10.329999923706056,10.350000381469728,10.329999923706056,10.350000381469728,24600,Yahoo Finance daily
2023-08-24,us,OKLO,,10.34000015258789,10.364999771118164,10.335000038146973,10.359999656677246,73300,Yahoo Finance daily
2023-08-25,us,OKLO,,10.369999885559082,10.390000343322754,10.34000015258789,10.34000015258789,171800,Yahoo Finance daily
2023-08-28,us,OKLO,,10.34000015258789,10.369999885559082,10.329999923706056,10.350000381469728,206200,Yahoo Finance daily
2023-08-29,us,OKLO,,10.359999656677246,10.359999656677246,10.331000328063965,10.350000381469728,84900,Yahoo Finance daily
2023-08-30,us,OKLO,,10.380000114440918,10.380000114440918,10.31999969482422,10.359999656677246,569800,Yahoo Finance daily
2023-08-31,us,OKLO,,10.380000114440918,10.380000114440918,10.329999923706056,10.359999656677246,471700,Yahoo Finance daily
2023-09-01,us,OKLO,,10.380000114440918,10.43000030517578,10.34000015258789,10.34000015258789,589100,Yahoo Finance daily
2023-09-05,us,OKLO,,10.399999618530272,10.399999618530272,10.329999923706056,10.329999923706056,185600,Yahoo Finance daily
2023-09-06,us,OKLO,,10.329999923706056,10.364999771118164,10.329999923706056,10.359999656677246,178900,Yahoo Finance daily
2023-09-07,us,OKLO,,10.350000381469728,10.369999885559082,10.329999923706056,10.329999923706056,119600,Yahoo Finance daily
2023-09-08,us,OKLO,,10.329999923706056,10.369999885559082,10.329999923706056,10.359999656677246,128900,Yahoo Finance daily
2023-09-11,us,OKLO,,10.359999656677246,10.369999885559082,10.34000015258789,10.359999656677246,249400,Yahoo Finance daily
2023-09-12,us,OKLO,,10.359999656677246,10.380000114440918,10.350000381469728,10.380000114440918,425400,Yahoo Finance daily
2023-09-13,us,OKLO,,10.390000343322754,10.390000343322754,10.350000381469728,10.380000114440918,1024600,Yahoo Finance daily
2023-09-14,us,OKLO,,10.359999656677246,10.380000114440918,10.359999656677246,10.359999656677246,11800,Yahoo Finance daily
2023-09-15,us,OKLO,,10.369999885559082,10.369999885559082,10.329999923706056,10.329999923706056,794800,Yahoo Finance daily
2023-09-18,us,OKLO,,10.329999923706056,10.359999656677246,10.329999923706056,10.350000381469728,84200,Yahoo Finance daily
2023-09-19,us,OKLO,,10.34000015258789,10.350000381469728,10.329999923706056,10.34000015258789,450800,Yahoo Finance daily
2023-09-20,us,OKLO,,10.350000381469728,10.350000381469728,10.34000015258789,10.350000381469728,52900,Yahoo Finance daily
2023-09-21,us,OKLO,,10.34000015258789,10.359999656677246,10.329999923706056,10.350000381469728,4260900,Yahoo Finance daily
2023-09-22,us,OKLO,,10.350000381469728,10.354999542236328,10.34000015258789,10.350000381469728,1743500,Yahoo Finance daily
2023-09-25,us,OKLO,,10.34000015258789,10.359999656677246,10.329999923706056,10.350000381469728,2984600,Yahoo Finance daily
2023-09-26,us,OKLO,,10.350000381469728,10.369999885559082,10.34000015258789,10.369999885559082,5563200,Yahoo Finance daily
2023-09-27,us,OKLO,,10.350000381469728,10.359999656677246,10.34000015258789,10.359999656677246,485500,Yahoo Finance daily
2023-09-28,us,OKLO,,10.359999656677246,10.380000114440918,10.350000381469728,10.369999885559082,38900,Yahoo Finance daily
2023-09-29,us,OKLO,,10.369999885559082,10.369999885559082,10.329999923706056,10.350000381469728,981800,Yahoo Finance daily
2023-10-02,us,OKLO,,10.350000381469728,10.369999885559082,10.31999969482422,10.329999923706056,903500,Yahoo Finance daily
2023-10-03,us,OKLO,,10.31999969482422,10.34000015258789,10.31999969482422,10.329999923706056,91900,Yahoo Finance daily
2023-10-04,us,OKLO,,10.329999923706056,10.350000381469728,10.31999969482422,10.31999969482422,26800,Yahoo Finance daily
2023-10-05,us,OKLO,,10.31999969482422,10.329999923706056,10.31999969482422,10.31999969482422,7200,Yahoo Finance daily
2023-10-06,us,OKLO,,10.329999923706056,10.335000038146973,10.31999969482422,10.31999969482422,25400,Yahoo Finance daily
2023-10-09,us,OKLO,,10.329999923706056,10.329999923706056,10.300000190734863,10.300000190734863,28000,Yahoo Finance daily
2023-10-10,us,OKLO,,10.3100004196167,10.34000015258789,10.3100004196167,10.329999923706056,12000,Yahoo Finance daily
2023-10-11,us,OKLO,,10.31999969482422,10.34000015258789,10.300000190734863,10.329999923706056,225900,Yahoo Finance daily
2023-10-12,us,OKLO,,10.3100004196167,10.399999618530272,10.3100004196167,10.329999923706056,149500,Yahoo Finance daily
2023-10-13,us,OKLO,,10.34000015258789,10.350000381469728,10.300000190734863,10.300000190734863,1035100,Yahoo Finance daily
2023-10-16,us,OKLO,,10.3100004196167,10.3100004196167,10.295000076293944,10.300000190734863,19800,Yahoo Finance daily
2023-10-17,us,OKLO,,10.329999923706056,10.329999923706056,10.300000190734863,10.3100004196167,108100,Yahoo Finance daily
2023-10-18,us,OKLO,,10.300000190734863,10.31999969482422,10.300000190734863,10.31999969482422,36600,Yahoo Finance daily
2023-10-19,us,OKLO,,10.3100004196167,10.31999969482422,10.300000190734863,10.300000190734863,7900,Yahoo Finance daily
2023-10-20,us,OKLO,,10.289999961853027,10.31999969482422,10.289999961853027,10.31999969482422,38400,Yahoo Finance daily
2023-10-23,us,OKLO,,10.289999961853027,10.31999969482422,10.289999961853027,10.31999969482422,41400,Yahoo Finance daily
2023-10-24,us,OKLO,,10.3100004196167,10.31999969482422,10.3100004196167,10.3100004196167,18800,Yahoo Finance daily
2023-10-25,us,OKLO,,10.329999923706056,10.329999923706056,10.30799961090088,10.3100004196167,7900,Yahoo Finance daily
2023-10-26,us,OKLO,,10.289999961853027,10.329999923706056,10.270000457763672,10.31999969482422,97100,Yahoo Finance daily
2023-10-27,us,OKLO,,10.289999961853027,10.289999961853027,10.270000457763672,10.289999961853027,129200,Yahoo Finance daily
2023-10-30,us,OKLO,,10.279999732971191,10.3100004196167,10.279999732971191,10.295000076293944,35900,Yahoo Finance daily
2023-10-31,us,OKLO,,10.300000190734863,10.31999969482422,10.300000190734863,10.31999969482422,30800,Yahoo Finance daily
2023-11-01,us,OKLO,,10.31999969482422,10.31999969482422,10.300000190734863,10.3100004196167,224400,Yahoo Finance daily
2023-11-02,us,OKLO,,10.31999969482422,10.31999969482422,10.274999618530272,10.300000190734863,221300,Yahoo Finance daily
2023-11-03,us,OKLO,,10.295000076293944,10.31999969482422,10.289999961853027,10.300000190734863,34200,Yahoo Finance daily
2023-11-06,us,OKLO,,10.31999969482422,10.324999809265137,10.300000190734863,10.3100004196167,15700,Yahoo Finance daily
2023-11-07,us,OKLO,,10.329999923706056,10.329999923706056,10.289999961853027,10.300000190734863,10400,Yahoo Finance daily
2023-11-08,us,OKLO,,10.329999923706056,10.329999923706056,10.28499984741211,10.289999961853027,11000,Yahoo Finance daily
2023-11-09,us,OKLO,,10.270000457763672,10.300000190734863,10.270000457763672,10.289999961853027,97000,Yahoo Finance daily
2023-11-10,us,OKLO,,10.300000190734863,10.3100004196167,10.289999961853027,10.300000190734863,280200,Yahoo Finance daily
2023-11-13,us,OKLO,,10.390000343322754,10.390000343322754,10.279999732971191,10.289999961853027,42500,Yahoo Finance daily
2023-11-14,us,OKLO,,10.289999961853027,10.300000190734863,10.279999732971191,10.300000190734863,7400,Yahoo Finance daily
2023-11-15,us,OKLO,,10.329999923706056,10.335000038146973,10.295000076293944,10.329999923706056,135600,Yahoo Finance daily
2023-11-16,us,OKLO,,10.3100004196167,10.31999969482422,10.3100004196167,10.31999969482422,7300,Yahoo Finance daily
2023-11-17,us,OKLO,,10.3100004196167,10.31999969482422,10.3100004196167,10.3100004196167,20600,Yahoo Finance daily
2023-11-20,us,OKLO,,10.329999923706056,10.329999923706056,10.3100004196167,10.31999969482422,65600,Yahoo Finance daily
2023-11-21,us,OKLO,,10.3100004196167,10.329999923706056,10.3100004196167,10.329999923706056,57300,Yahoo Finance daily
2023-11-22,us,OKLO,,10.359999656677246,10.359999656677246,10.31999969482422,10.345000267028809,22100,Yahoo Finance daily
2023-11-24,us,OKLO,,10.369999885559082,10.369999885559082,10.329999923706056,10.34000015258789,3200,Yahoo Finance daily
2023-11-27,us,OKLO,,10.350000381469728,10.350000381469728,10.31999969482422,10.329999923706056,17600,Yahoo Finance daily
2023-11-28,us,OKLO,,10.31999969482422,10.350000381469728,10.31999969482422,10.329999923706056,10400,Yahoo Finance daily
2023-11-29,us,OKLO,,10.31999969482422,10.350000381469728,10.31999969482422,10.350000381469728,72200,Yahoo Finance daily
2023-11-30,us,OKLO,,10.359999656677246,10.359999656677246,10.34000015258789,10.350000381469728,13000,Yahoo Finance daily
2023-12-01,us,OKLO,,10.359999656677246,10.399999618530272,10.34000015258789,10.380000114440918,38800,Yahoo Finance daily
2023-12-04,us,OKLO,,10.369999885559082,10.385000228881836,10.350000381469728,10.350000381469728,18400,Yahoo Finance daily
2023-12-05,us,OKLO,,10.34000015258789,10.359999656677246,10.34000015258789,10.34000015258789,7900,Yahoo Finance daily
2023-12-06,us,OKLO,,10.35200023651123,10.359999656677246,10.350000381469728,10.359999656677246,7900,Yahoo Finance daily
2023-12-07,us,OKLO,,10.399999618530272,10.399999618530272,10.359999656677246,10.369999885559082,8900,Yahoo Finance daily
2023-12-08,us,OKLO,,10.399999618530272,10.399999618530272,10.359999656677246,10.359999656677246,2000,Yahoo Finance daily
2023-12-11,us,OKLO,,10.399999618530272,10.399999618530272,10.359999656677246,10.380000114440918,5600,Yahoo Finance daily
2023-12-12,us,OKLO,,10.380000114440918,10.520000457763672,10.369999885559082,10.470000267028809,1222500,Yahoo Finance daily
2023-12-13,us,OKLO,,10.489999771118164,10.75,10.460000038146973,10.600000381469728,3143300,Yahoo Finance daily
2023-12-14,us,OKLO,,10.649999618530272,10.649999618530272,10.470000267028809,10.579999923706056,194700,Yahoo Finance daily
2023-12-15,us,OKLO,,10.600000381469728,10.640000343322754,10.380000114440918,10.380000114440918,495000,Yahoo Finance daily
2023-12-18,us,OKLO,,10.550000190734863,10.68000030517578,10.510000228881836,10.630000114440918,784400,Yahoo Finance daily
2023-12-19,us,OKLO,,10.739999771118164,10.800000190734863,10.609999656677246,10.640000343322754,164200,Yahoo Finance daily
2023-12-20,us,OKLO,,10.789999961853027,10.789999961853027,10.619999885559082,10.630000114440918,87300,Yahoo Finance daily
2023-12-21,us,OKLO,,10.630000114440918,10.75,10.619999885559082,10.640000343322754,144400,Yahoo Finance daily
2023-12-22,us,OKLO,,10.68000030517578,10.699999809265137,10.59000015258789,10.600000381469728,46400,Yahoo Finance daily
2023-12-26,us,OKLO,,10.699999809265137,10.699999809265137,10.61299991607666,10.630000114440918,69700,Yahoo Finance daily
2023-12-27,us,OKLO,,10.640000343322754,10.710000038146973,10.619999885559082,10.630000114440918,72700,Yahoo Finance daily
2023-12-28,us,OKLO,,10.59000015258789,10.699999809265137,10.510000228881836,10.539999961853027,72400,Yahoo Finance daily
2023-12-29,us,OKLO,,10.5,10.66100025177002,10.489999771118164,10.5600004196167,29300,Yahoo Finance daily
2024-01-02,us,OKLO,,10.59000015258789,10.630000114440918,10.539999961853027,10.600000381469728,207800,Yahoo Finance daily
2024-01-03,us,OKLO,,10.630000114440918,10.649999618530272,10.619999885559082,10.649999618530272,129500,Yahoo Finance daily
2024-01-04,us,OKLO,,10.6899995803833,10.6899995803833,10.649999618530272,10.649999618530272,4900,Yahoo Finance daily
2024-01-05,us,OKLO,,10.609999656677246,10.68000030517578,10.609999656677246,10.65999984741211,16500,Yahoo Finance daily
2024-01-08,us,OKLO,,10.68000030517578,10.68000030517578,10.56999969482422,10.640000343322754,32400,Yahoo Finance daily
2024-01-09,us,OKLO,,10.59000015258789,10.654999732971191,10.59000015258789,10.645000457763672,77700,Yahoo Finance daily
2024-01-10,us,OKLO,,10.649999618530272,10.73799991607666,10.579999923706056,10.619999885559082,150800,Yahoo Finance daily
2024-01-11,us,OKLO,,10.635000228881836,10.654999732971191,10.630000114440918,10.640000343322754,4700,Yahoo Finance daily
2024-01-12,us,OKLO,,10.5600004196167,10.68000030517578,10.5600004196167,10.640000343322754,20700,Yahoo Finance daily
2024-01-16,us,OKLO,,10.579999923706056,10.640000343322754,10.56999969482422,10.619999885559082,31200,Yahoo Finance daily
2024-01-17,us,OKLO,,10.619999885559082,10.619999885559082,10.56999969482422,10.619999885559082,37200,Yahoo Finance daily
2024-01-18,us,OKLO,,10.699999809265137,10.699999809265137,10.604000091552734,10.635000228881836,16200,Yahoo Finance daily
2024-01-19,us,OKLO,,10.649999618530272,10.649999618530272,10.5600004196167,10.630000114440918,66000,Yahoo Finance daily
2024-01-22,us,OKLO,,10.65999984741211,10.664999961853027,10.619999885559082,10.649999618530272,19000,Yahoo Finance daily
2024-01-23,us,OKLO,,10.649999618530272,10.899999618530272,10.630000114440918,10.779999732971191,78300,Yahoo Finance daily
2024-01-24,us,OKLO,,10.850000381469728,10.850000381469728,10.720000267028809,10.789999961853027,86800,Yahoo Finance daily
2024-01-25,us,OKLO,,10.890000343322754,10.890000343322754,10.75,10.779999732971191,37900,Yahoo Finance daily
2024-01-26,us,OKLO,,10.75,10.878999710083008,10.720000267028809,10.75,39400,Yahoo Finance daily
2024-01-29,us,OKLO,,10.789999961853027,11.300000190734863,10.789999961853027,11.260000228881836,991500,Yahoo Finance daily
2024-01-30,us,OKLO,,11.300000190734863,11.460000038146973,11.06999969482422,11.220000267028809,494000,Yahoo Finance daily
2024-01-31,us,OKLO,,11.31999969482422,11.399999618530272,11.09000015258789,11.119999885559082,231300,Yahoo Finance daily
2024-02-01,us,OKLO,,11.350000381469728,11.399999618530272,11.06999969482422,11.149999618530272,194100,Yahoo Finance daily
2024-02-02,us,OKLO,,11.010000228881836,11.010000228881836,10.520000457763672,10.630000114440918,864500,Yahoo Finance daily
2024-02-05,us,OKLO,,10.68000030517578,10.6899995803833,10.550000190734863,10.640000343322754,210500,Yahoo Finance daily
2024-02-06,us,OKLO,,10.630000114440918,10.699999809265137,10.609999656677246,10.65999984741211,513400,Yahoo Finance daily
2024-02-07,us,OKLO,,10.670000076293944,10.670000076293944,10.619999885559082,10.630000114440918,148000,Yahoo Finance daily
2024-02-08,us,OKLO,,10.630000114440918,10.649999618530272,10.609999656677246,10.609999656677246,44800,Yahoo Finance daily
2024-02-09,us,OKLO,,10.699999809265137,10.699999809265137,10.609999656677246,10.609999656677246,34500,Yahoo Finance daily
2024-02-12,us,OKLO,,10.649999618530272,10.739999771118164,10.609999656677246,10.65999984741211,119700,Yahoo Finance daily
2024-02-13,us,OKLO,,10.65999984741211,10.670000076293944,10.579999923706056,10.630000114440918,288200,Yahoo Finance daily
2024-02-14,us,OKLO,,10.649999618530272,10.649999618530272,10.609999656677246,10.630000114440918,24900,Yahoo Finance daily
2024-02-15,us,OKLO,,10.699999809265137,10.699999809265137,10.609999656677246,10.65999984741211,91300,Yahoo Finance daily
2024-02-16,us,OKLO,,10.649999618530272,10.670000076293944,10.600000381469728,10.630000114440918,264500,Yahoo Finance daily
2024-02-20,us,OKLO,,10.640000343322754,10.670000076293944,10.59000015258789,10.630000114440918,112600,Yahoo Finance daily
2024-02-21,us,OKLO,,10.619999885559082,10.649999618530272,10.600000381469728,10.640000343322754,36000,Yahoo Finance daily
2024-02-22,us,OKLO,,10.649999618530272,10.670000076293944,10.579999923706056,10.619999885559082,43500,Yahoo Finance daily
2024-02-23,us,OKLO,,10.59000015258789,10.649999618530272,10.59000015258789,10.640000343322754,311700,Yahoo Finance daily
2024-02-26,us,OKLO,,10.640000343322754,10.640000343322754,10.600000381469728,10.640000343322754,34400,Yahoo Finance daily
2024-02-27,us,OKLO,,10.640000343322754,10.657999992370604,10.600000381469728,10.640000343322754,134200,Yahoo Finance daily
2024-02-28,us,OKLO,,10.640000343322754,10.670000076293944,10.609999656677246,10.649999618530272,131100,Yahoo Finance daily
2024-02-29,us,OKLO,,10.640000343322754,10.65999984741211,10.59000015258789,10.640000343322754,88600,Yahoo Finance daily
2024-03-01,us,OKLO,,10.699999809265137,10.699999809265137,10.619999885559082,10.630000114440918,134200,Yahoo Finance daily
2024-03-04,us,OKLO,,10.699999809265137,10.75,10.616999626159668,10.649999618530272,196600,Yahoo Finance daily
2024-03-05,us,OKLO,,10.640000343322754,10.729999542236328,10.56999969482422,10.68000030517578,58500,Yahoo Finance daily
2024-03-06,us,OKLO,,10.6899995803833,10.75,10.649999618530272,10.729999542236328,227400,Yahoo Finance daily
2024-03-07,us,OKLO,,10.70400047302246,10.75,10.630000114440918,10.739999771118164,38200,Yahoo Finance daily
2024-03-08,us,OKLO,,10.84000015258789,10.84000015258789,10.75,10.760000228881836,68700,Yahoo Finance daily
2024-03-11,us,OKLO,,10.800000190734863,10.81999969482422,10.760000228881836,10.800000190734863,75300,Yahoo Finance daily
2024-03-12,us,OKLO,,10.800000190734863,10.864999771118164,10.770999908447266,10.789999961853027,144200,Yahoo Finance daily
2024-03-13,us,OKLO,,10.760000228881836,10.800000190734863,10.760000228881836,10.789999961853027,74200,Yahoo Finance daily
2024-03-14,us,OKLO,,10.829999923706056,10.852999687194824,10.760000228881836,10.800000190734863,79900,Yahoo Finance daily
2024-03-15,us,OKLO,,10.720000267028809,10.800000190734863,10.678000450134276,10.739999771118164,131300,Yahoo Finance daily
2024-03-18,us,OKLO,,10.779999732971191,11.100000381469728,10.649999618530272,10.890000343322754,803200,Yahoo Finance daily
2024-03-19,us,OKLO,,10.850000381469728,10.899999618530272,10.75,10.850000381469728,132400,Yahoo Finance daily
2024-03-20,us,OKLO,,10.859999656677246,10.859999656677246,10.75,10.829999923706056,53500,Yahoo Finance daily
2024-03-21,us,OKLO,,10.789999961853027,10.791000366210938,10.729999542236328,10.739999771118164,100900,Yahoo Finance daily
2024-03-22,us,OKLO,,10.765000343322754,10.869999885559082,10.729999542236328,10.800000190734863,77800,Yahoo Finance daily
2024-03-25,us,OKLO,,10.850000381469728,10.90999984741211,10.829999923706056,10.850000381469728,397300,Yahoo Finance daily
2024-03-26,us,OKLO,,10.920000076293944,11.140000343322754,10.880000114440918,11.050000190734863,966800,Yahoo Finance daily
2024-03-27,us,OKLO,,11.0,11.170000076293944,11.0,11.149999618530272,465000,Yahoo Finance daily
2024-03-28,us,OKLO,,11.149999618530272,11.420000076293944,11.130000114440918,11.420000076293944,618300,Yahoo Finance daily
2024-04-01,us,OKLO,,11.56999969482422,12.28499984741211,11.5,12.18000030517578,1625000,Yahoo Finance daily
2024-04-02,us,OKLO,,12.149999618530272,12.6899995803833,12.109999656677246,12.600000381469728,1002900,Yahoo Finance daily
2024-04-03,us,OKLO,,12.720000267028809,13.079999923706056,12.3100004196167,12.869999885559082,1833200,Yahoo Finance daily
2024-04-04,us,OKLO,,13.244999885559082,13.699999809265137,12.65999984741211,12.899999618530272,1957500,Yahoo Finance daily
2024-04-05,us,OKLO,,13.15999984741211,13.15999984741211,12.93000030517578,13.100000381469728,712200,Yahoo Finance daily
2024-04-08,us,OKLO,,13.710000038146973,17.489999771118164,13.59000015258789,16.049999237060547,6920400,Yahoo Finance daily
2024-04-09,us,OKLO,,16.600000381469727,16.989999771118164,13.899999618530272,14.15999984741211,3685900,Yahoo Finance daily
2024-04-10,us,OKLO,,13.6899995803833,14.085000038146973,12.949999809265137,13.170000076293944,1760200,Yahoo Finance daily
2024-04-11,us,OKLO,,13.149999618530272,13.859999656677246,13.100000381469728,13.40999984741211,1264800,Yahoo Finance daily
2024-04-12,us,OKLO,,13.220000267028809,13.31999969482422,12.449999809265137,12.760000228881836,1369100,Yahoo Finance daily
2024-04-15,us,OKLO,,12.850000381469728,12.850000381469728,12.369999885559082,12.5,723200,Yahoo Finance daily
2024-04-16,us,OKLO,,12.25,12.979999542236328,12.25,12.720000267028809,445000,Yahoo Finance daily
2024-04-17,us,OKLO,,12.949999809265137,13.0,12.649999618530272,12.699999809265137,490600,Yahoo Finance daily
2024-04-18,us,OKLO,,12.649999618530272,12.9399995803833,12.479999542236328,12.670000076293944,569500,Yahoo Finance daily
2024-04-19,us,OKLO,,12.59000015258789,12.640000343322754,12.460000038146973,12.5,607700,Yahoo Finance daily
2024-04-22,us,OKLO,,12.510000228881836,12.75,12.260000228881836,12.579999923706056,395200,Yahoo Finance daily
2024-04-23,us,OKLO,,12.5,13.340999603271484,12.5,13.0,910000,Yahoo Finance daily
2024-04-24,us,OKLO,,13.1899995803833,13.600000381469728,12.93000030517578,13.399999618530272,661200,Yahoo Finance daily
2024-04-25,us,OKLO,,13.25,13.25,12.829999923706056,13.0,421100,Yahoo Finance daily
2024-04-26,us,OKLO,,13.399999618530272,13.640000343322754,12.520000457763672,12.8100004196167,1592500,Yahoo Finance daily
2024-04-29,us,OKLO,,12.949999809265137,15.420000076293944,12.81999969482422,14.420000076293944,2825600,Yahoo Finance daily
2024-04-30,us,OKLO,,14.460000038146973,14.899999618530272,13.30500030517578,13.739999771118164,1543900,Yahoo Finance daily
2024-05-01,us,OKLO,,13.75,14.270000457763672,13.380000114440918,13.9399995803833,1403100,Yahoo Finance daily
2024-05-02,us,OKLO,,14.0,14.289999961853027,12.600000381469728,12.8100004196167,2240400,Yahoo Finance daily
2024-05-03,us,OKLO,,13.600000381469728,14.890000343322754,13.470000267028809,14.829999923706056,2202300,Yahoo Finance daily
2024-05-06,us,OKLO,,15.300000190734863,15.789999961853027,14.010000228881836,14.949999809265137,3147400,Yahoo Finance daily
2024-05-07,us,OKLO,,14.970000267028809,15.699999809265137,13.4399995803833,14.34000015258789,3172800,Yahoo Finance daily
2024-05-08,us,OKLO,,14.510000228881836,16.110000610351562,13.880000114440918,15.170000076293944,3024900,Yahoo Finance daily
2024-05-09,us,OKLO,,15.6899995803833,18.799999237060547,15.40999984741211,18.229999542236328,5197600,Yahoo Finance daily
2024-05-10,us,OKLO,,15.5,15.699999809265137,7.769999980926514,8.449999809265137,25611900,Yahoo Finance daily
2024-05-13,us,OKLO,,9.149999618530272,10.850000381469728,8.600000381469727,9.770000457763672,12579100,Yahoo Finance daily
2024-05-14,us,OKLO,,9.850000381469728,11.300000190734863,9.649999618530272,11.170000076293944,6670600,Yahoo Finance daily
2024-05-15,us,OKLO,,12.0,12.199999809265137,9.989999771118164,10.270000457763672,5041700,Yahoo Finance daily
2024-05-16,us,OKLO,,10.520000457763672,10.579999923706056,9.630000114440918,9.640000343322754,2993300,Yahoo Finance daily
2024-05-17,us,OKLO,,9.630000114440918,9.779999732971191,8.854999542236328,9.010000228881836,3650800,Yahoo Finance daily
2024-05-20,us,OKLO,,9.039999961853027,9.09000015258789,7.605000019073486,7.760000228881836,5590800,Yahoo Finance daily
2024-05-21,us,OKLO,,7.789999961853027,8.0600004196167,7.119999885559082,7.440000057220459,4647700,Yahoo Finance daily
2024-05-22,us,OKLO,,7.409999847412109,7.480000019073486,7.070000171661377,7.159999847412109,2648500,Yahoo Finance daily
2024-05-23,us,OKLO,,7.199999809265137,8.15999984741211,7.050000190734863,7.590000152587891,3848100,Yahoo Finance daily
2024-05-24,us,OKLO,,8.0600004196167,10.1899995803833,7.849999904632568,10.149999618530272,12863800,Yahoo Finance daily
2024-05-28,us,OKLO,,11.600000381469728,12.420000076293944,10.390000343322754,10.789999961853027,13093300,Yahoo Finance daily
2024-05-29,us,OKLO,,10.510000228881836,11.277000427246094,9.800000190734863,11.029999732971191,4999100,Yahoo Finance daily
2024-05-30,us,OKLO,,11.199999809265137,11.685999870300291,10.239999771118164,10.279999732971191,3185000,Yahoo Finance daily
2024-05-31,us,OKLO,,10.399999618530272,10.59000015258789,9.86400032043457,10.06999969482422,2949500,Yahoo Finance daily
2024-06-03,us,OKLO,,10.0,10.289999961853027,9.010000228881836,9.289999961853027,4330400,Yahoo Finance daily
2024-06-04,us,OKLO,,9.1899995803833,9.5,8.510000228881836,8.569999694824219,2941600,Yahoo Finance daily
2024-06-05,us,OKLO,,8.680000305175781,9.1850004196167,8.380000114440918,9.09000015258789,2664100,Yahoo Finance daily
2024-06-06,us,OKLO,,9.020000457763672,9.239999771118164,8.399999618530273,8.479999542236328,2802700,Yahoo Finance daily
2024-06-07,us,OKLO,,8.350000381469727,8.550000190734863,8.029999732971191,8.350000381469727,2442500,Yahoo Finance daily
2024-06-10,us,OKLO,,8.300000190734863,9.1899995803833,8.225000381469727,9.050000190734863,3127800,Yahoo Finance daily
2024-06-11,us,OKLO,,9.25,9.760000228881836,8.970000267028809,9.449999809265137,2678900,Yahoo Finance daily
2024-06-12,us,OKLO,,9.579999923706056,10.75,9.520000457763672,10.199999809265137,3935100,Yahoo Finance daily
2024-06-13,us,OKLO,,10.239999771118164,10.789999961853027,9.859999656677246,10.210000038146973,2621300,Yahoo Finance daily
2024-06-14,us,OKLO,,10.15999984741211,10.244999885559082,9.239999771118164,9.460000038146973,2366100,Yahoo Finance daily
2024-06-17,us,OKLO,,9.420000076293944,9.760000228881836,9.0600004196167,9.399999618530272,1883400,Yahoo Finance daily
2024-06-18,us,OKLO,,9.350000381469728,10.100000381469728,9.25,9.890000343322754,2387400,Yahoo Finance daily
2024-06-20,us,OKLO,,10.079999923706056,10.649999618530272,9.220000267028809,9.34000015258789,3190700,Yahoo Finance daily
2024-06-21,us,OKLO,,9.220000267028809,9.229999542236328,8.600000381469727,9.020000457763672,7349500,Yahoo Finance daily
2024-06-24,us,OKLO,,8.75,9.899999618530272,8.75,9.520000457763672,3329000,Yahoo Finance daily
2024-06-25,us,OKLO,,9.550000190734863,10.130000114440918,9.220000267028809,9.40999984741211,3551100,Yahoo Finance daily
2024-06-26,us,OKLO,,9.5,10.0,8.8100004196167,8.9399995803833,3001900,Yahoo Finance daily
2024-06-27,us,OKLO,,9.0,9.0,8.3149995803833,8.5600004196167,3357700,Yahoo Finance daily
2024-06-28,us,OKLO,,8.600000381469727,8.619999885559082,8.229999542236328,8.470000267028809,2141700,Yahoo Finance daily
2024-07-01,us,OKLO,,8.65999984741211,8.65999984741211,7.739999771118164,8.0,3585300,Yahoo Finance daily
2024-07-02,us,OKLO,,8.0,8.180000305175781,7.800000190734863,8.029999732971191,1854000,Yahoo Finance daily
2024-07-03,us,OKLO,,8.149999618530273,8.649999618530273,7.880000114440918,8.25,1753300,Yahoo Finance daily
2024-07-05,us,OKLO,,8.329999923706055,8.350000381469727,7.46999979019165,7.650000095367432,3478000,Yahoo Finance daily
2024-07-08,us,OKLO,,7.820000171661377,7.820000171661377,7.059999942779541,7.420000076293945,3836300,Yahoo Finance daily
2024-07-09,us,OKLO,,7.400000095367432,7.78000020980835,7.119999885559082,7.679999828338623,2513800,Yahoo Finance daily
2024-07-10,us,OKLO,,7.880000114440918,8.140000343322754,7.5,7.78000020980835,3559400,Yahoo Finance daily
2024-07-11,us,OKLO,,8.0,8.180000305175781,7.409999847412109,7.510000228881836,2969900,Yahoo Finance daily
2024-07-12,us,OKLO,,7.53000020980835,9.010000228881836,7.46999979019165,8.609999656677246,8104300,Yahoo Finance daily
2024-07-15,us,OKLO,,8.930000305175781,9.0600004196167,8.529999732971191,8.720000267028809,5167600,Yahoo Finance daily
2024-07-16,us,OKLO,,8.949999809265137,9.399999618530272,8.585000038146973,8.8100004196167,5376700,Yahoo Finance daily
2024-07-17,us,OKLO,,8.720000267028809,9.760000228881836,8.720000267028809,8.880000114440918,6043000,Yahoo Finance daily
2024-07-18,us,OKLO,,9.06999969482422,9.289999961853027,8.369999885559082,8.470000267028809,3085000,Yahoo Finance daily
2024-07-19,us,OKLO,,8.319999694824219,8.670000076293945,8.140000343322754,8.609999656677246,1981100,Yahoo Finance daily
2024-07-22,us,OKLO,,8.720000267028809,9.170000076293944,8.60200023651123,9.010000228881836,2965700,Yahoo Finance daily
2024-07-23,us,OKLO,,9.010000228881836,9.56999969482422,8.800000190734863,9.239999771118164,2985200,Yahoo Finance daily
2024-07-24,us,OKLO,,9.170000076293944,9.369999885559082,8.619999885559082,8.670000076293945,2103800,Yahoo Finance daily
2024-07-25,us,OKLO,,8.699999809265137,8.779999732971191,8.154999732971191,8.40999984741211,2485900,Yahoo Finance daily
2024-07-26,us,OKLO,,8.789999961853027,9.300000190734863,8.789999961853027,9.199999809265137,4390500,Yahoo Finance daily
2024-07-29,us,OKLO,,9.43000030517578,9.43000030517578,8.729999542236328,8.789999961853027,2423400,Yahoo Finance daily
2024-07-30,us,OKLO,,8.729999542236328,9.029999732971191,8.60200023651123,8.859999656677246,2569400,Yahoo Finance daily
2024-07-31,us,OKLO,,9.029999732971191,9.520000457763672,8.84000015258789,9.100000381469728,9140100,Yahoo Finance daily
2024-08-01,us,OKLO,,9.119999885559082,9.149999618530272,8.119999885559082,8.380000114440918,3837200,Yahoo Finance daily
2024-08-02,us,OKLO,,8.119999885559082,8.260000228881836,7.900000095367432,8.1899995803833,3071000,Yahoo Finance daily
2024-08-05,us,OKLO,,7.110000133514404,7.849999904632568,7.0,7.639999866485596,3359000,Yahoo Finance daily
2024-08-06,us,OKLO,,7.789999961853027,8.069999694824219,7.630000114440918,7.880000114440918,1831100,Yahoo Finance daily
2024-08-07,us,OKLO,,7.949999809265137,7.989999771118164,7.429999828338623,7.460000038146973,1896300,Yahoo Finance daily
2024-08-08,us,OKLO,,7.550000190734863,7.579999923706055,7.159999847412109,7.28000020980835,2321200,Yahoo Finance daily
2024-08-09,us,OKLO,,7.309999942779541,7.550000190734863,7.159999847412109,7.489999771118164,1581000,Yahoo Finance daily
2024-08-12,us,OKLO,,7.489999771118164,7.5,6.840000152587891,7.050000190734863,2873800,Yahoo Finance daily
2024-08-13,us,OKLO,,7.210000038146973,7.534999847412109,7.110000133514404,7.420000076293945,2568500,Yahoo Finance daily
2024-08-14,us,OKLO,,7.349999904632568,8.050000190734863,7.27400016784668,7.610000133514404,3209300,Yahoo Finance daily
2024-08-15,us,OKLO,,7.739999771118164,7.894999980926514,7.389999866485596,7.46999979019165,2182600,Yahoo Finance daily
2024-08-16,us,OKLO,,7.409999847412109,7.559999942779541,7.179999828338623,7.510000228881836,1561900,Yahoo Finance daily
2024-08-19,us,OKLO,,7.630000114440918,7.630000114440918,7.179999828338623,7.269999980926514,2418900,Yahoo Finance daily
2024-08-20,us,OKLO,,7.25,7.289999961853027,6.75,6.920000076293945,3366300,Yahoo Finance daily
2024-08-21,us,OKLO,,6.96999979019165,7.255000114440918,6.886000156402588,7.090000152587891,1677000,Yahoo Finance daily
2024-08-22,us,OKLO,,7.090000152587891,7.130000114440918,6.760000228881836,6.769999980926514,1762700,Yahoo Finance daily
2024-08-23,us,OKLO,,6.949999809265137,7.21999979019165,6.835000038146973,7.050000190734863,1607100,Yahoo Finance daily
2024-08-26,us,OKLO,,7.050000190734863,7.099999904632568,6.820000171661377,6.949999809265137,1425700,Yahoo Finance daily
2024-08-27,us,OKLO,,6.849999904632568,6.920000076293945,6.710000038146973,6.909999847412109,989600,Yahoo Finance daily
2024-08-28,us,OKLO,,6.869999885559082,6.929999828338623,6.179999828338623,6.389999866485596,2742000,Yahoo Finance daily
2024-08-29,us,OKLO,,6.5,6.53000020980835,6.400000095367432,6.440000057220459,784300,Yahoo Finance daily
2024-08-30,us,OKLO,,6.46999979019165,6.480000019073486,5.900000095367432,5.96999979019165,3126400,Yahoo Finance daily
2024-09-03,us,OKLO,,5.829999923706055,5.960000038146973,5.485000133514404,5.590000152587891,2123400,Yahoo Finance daily
2024-09-04,us,OKLO,,5.570000171661377,6.025000095367432,5.449999809265137,5.820000171661377,1505100,Yahoo Finance daily
2024-09-05,us,OKLO,,5.809999942779541,5.90500020980835,5.710000038146973,5.820000171661377,967300,Yahoo Finance daily
2024-09-06,us,OKLO,,5.619999885559082,6.0,5.489999771118164,5.590000152587891,1614100,Yahoo Finance daily
2024-09-09,us,OKLO,,5.639999866485596,5.690000057220459,5.349999904632568,5.650000095367432,1849500,Yahoo Finance daily
2024-09-10,us,OKLO,,5.639999866485596,6.199999809265137,5.570000171661377,6.090000152587891,2856200,Yahoo Finance daily
2024-09-11,us,OKLO,,6.03000020980835,6.204999923706055,5.809999942779541,6.099999904632568,1811200,Yahoo Finance daily
2024-09-12,us,OKLO,,6.110000133514404,6.340000152587891,5.925000190734863,6.230000019073486,1498400,Yahoo Finance daily
2024-09-13,us,OKLO,,6.440000057220459,6.480000019073486,6.119999885559082,6.309999942779541,1616300,Yahoo Finance daily
2024-09-16,us,OKLO,,6.349999904632568,6.46999979019165,6.159999847412109,6.210000038146973,1035300,Yahoo Finance daily
2024-09-17,us,OKLO,,6.340000152587891,6.489999771118164,6.230000019073486,6.300000190734863,1171900,Yahoo Finance daily
2024-09-18,us,OKLO,,6.289999961853027,6.539999961853027,6.085000038146973,6.21999979019165,1476300,Yahoo Finance daily
2024-09-19,us,OKLO,,6.570000171661377,6.809999942779541,6.421999931335449,6.610000133514404,2286200,Yahoo Finance daily
2024-09-20,us,OKLO,,7.159999847412109,8.4399995803833,7.0,8.40999984741211,15079200,Yahoo Finance daily
2024-09-23,us,OKLO,,8.460000038146973,8.649999618530273,7.949999809265137,8.3100004196167,5365300,Yahoo Finance daily
2024-09-24,us,OKLO,,8.34000015258789,9.229999542236328,8.220000267028809,8.3100004196167,7171400,Yahoo Finance daily
2024-09-25,us,OKLO,,8.569999694824219,8.685999870300293,8.0,8.229999542236328,4065400,Yahoo Finance daily
2024-09-26,us,OKLO,,8.520000457763672,8.760000228881836,8.079999923706055,8.579999923706055,4110000,Yahoo Finance daily
2024-09-27,us,OKLO,,8.850000381469727,8.859999656677246,8.35200023651123,8.84000015258789,2514000,Yahoo Finance daily
2024-09-30,us,OKLO,,8.800000190734863,8.800000190734863,7.949999809265137,8.09000015258789,2895500,Yahoo Finance daily
2024-10-01,us,OKLO,,8.140000343322754,8.710000038146973,7.900000095367432,8.600000381469727,2623000,Yahoo Finance daily
2024-10-02,us,OKLO,,8.4350004196167,9.949999809265137,8.359999656677246,9.5,7684100,Yahoo Finance daily
2024-10-03,us,OKLO,,10.220000267028809,10.220000267028809,9.220000267028809,9.40999984741211,5425600,Yahoo Finance daily
2024-10-04,us,OKLO,,9.5600004196167,11.289999961853027,9.229999542236328,11.1899995803833,7224200,Yahoo Finance daily
2024-10-07,us,OKLO,,11.06999969482422,11.149999618530272,10.25,10.539999961853027,4965900,Yahoo Finance daily
2024-10-08,us,OKLO,,10.529999732971191,10.600000381469728,9.380000114440918,10.0,4362400,Yahoo Finance daily
2024-10-09,us,OKLO,,9.869999885559082,10.300000190734863,9.5,9.600000381469728,2838500,Yahoo Finance daily
2024-10-10,us,OKLO,,9.5,9.850000381469728,9.260000228881836,9.8100004196167,2606500,Yahoo Finance daily
2024-10-11,us,OKLO,,9.609999656677246,9.6899995803833,9.079999923706056,9.149999618530272,3704400,Yahoo Finance daily
2024-10-14,us,OKLO,,9.154999732971191,10.19499969482422,9.010000228881836,10.039999961853027,10855200,Yahoo Finance daily
2024-10-15,us,OKLO,,10.579999923706056,12.630000114440918,9.538000106811523,11.649999618530272,37138700,Yahoo Finance daily
2024-10-16,us,OKLO,,12.81999969482422,16.770000457763672,12.300000190734863,16.540000915527344,54401100,Yahoo Finance daily
2024-10-17,us,OKLO,,16.360000610351562,16.649999618530273,14.109999656677246,15.729999542236328,28610800,Yahoo Finance daily
2024-10-18,us,OKLO,,15.5,20.63999938964844,15.479999542236328,18.229999542236328,49587700,Yahoo Finance daily
2024-10-21,us,OKLO,,19.3700008392334,22.93000030517578,18.549999237060547,22.309999465942383,55878500,Yahoo Finance daily
2024-10-22,us,OKLO,,22.46500015258789,22.5,18.399999618530277,20.82999992370605,48975200,Yahoo Finance daily
2024-10-23,us,OKLO,,19.96999931335449,22.399999618530277,17.610000610351562,18.299999237060547,35377100,Yahoo Finance daily
2024-10-24,us,OKLO,,18.989999771118164,19.440000534057617,17.600000381469727,18.059999465942383,21673500,Yahoo Finance daily
2024-10-25,us,OKLO,,18.36000061035156,20.149999618530277,18.11000061035156,19.11000061035156,22632100,Yahoo Finance daily
2024-10-28,us,OKLO,,19.979999542236328,25.375,19.81999969482422,24.5,45075600,Yahoo Finance daily
2024-10-29,us,OKLO,,23.700000762939453,25.1299991607666,21.68000030517578,24.84000015258789,26677700,Yahoo Finance daily
2024-10-30,us,OKLO,,26.399999618530277,28.1200008392334,22.63999938964844,22.88999938964844,30078100,Yahoo Finance daily
2024-10-31,us,OKLO,,23.059999465942383,23.59000015258789,21.530000686645508,22.459999084472656,14574000,Yahoo Finance daily
2024-11-01,us,OKLO,,23.649999618530277,24.799999237060547,21.309999465942383,21.670000076293945,20004100,Yahoo Finance daily
2024-11-04,us,OKLO,,19.950000762939453,21.209999084472656,18.559999465942383,21.049999237060547,15049400,Yahoo Finance daily
2024-11-05,us,OKLO,,21.739999771118164,21.799999237060547,19.950000762939453,20.57999992370605,10479000,Yahoo Finance daily
2024-11-06,us,OKLO,,20.86000061035156,22.690000534057617,20.0,21.71999931335449,14887200,Yahoo Finance daily
2024-11-07,us,OKLO,,21.809999465942383,27.100000381469727,21.59000015258789,26.559999465942383,26205100,Yahoo Finance daily
2024-11-08,us,OKLO,,26.0,27.75,24.280000686645508,24.46999931335449,20247700,Yahoo Finance daily
2024-11-11,us,OKLO,,25.0,25.780000686645508,22.649999618530277,24.059999465942383,12427800,Yahoo Finance daily
2024-11-12,us,OKLO,,23.26000022888184,25.09000015258789,21.790000915527344,22.59000015258789,14811300,Yahoo Finance daily
2024-11-13,us,OKLO,,25.479999542236328,25.649999618530277,22.440000534057617,23.07999992370605,22046300,Yahoo Finance daily
2024-11-14,us,OKLO,,23.5,24.600000381469727,22.81999969482422,23.8799991607666,16928100,Yahoo Finance daily
2024-11-15,us,OKLO,,21.0,21.048999786376957,17.315000534057617,18.0,36342800,Yahoo Finance daily
2024-11-18,us,OKLO,,19.5,22.149999618530277,17.889999389648438,20.670000076293945,33980500,Yahoo Finance daily
2024-11-19,us,OKLO,,20.0,22.540000915527344,19.82999992370605,21.799999237060547,17211700,Yahoo Finance daily
2024-11-20,us,OKLO,,20.75,21.427000045776367,19.530000686645508,20.950000762939453,17352100,Yahoo Finance daily
2024-11-21,us,OKLO,,21.01000022888184,25.32999992370605,20.049999237060547,25.229999542236328,24754700,Yahoo Finance daily
2024-11-22,us,OKLO,,25.149999618530277,26.450000762939453,24.290000915527344,25.200000762939453,15343200,Yahoo Finance daily
2024-11-25,us,OKLO,,25.75,26.049999237060547,21.899999618530277,22.90999984741211,18595600,Yahoo Finance daily
2024-11-26,us,OKLO,,22.600000381469727,24.09000015258789,21.950000762939453,22.040000915527344,9133400,Yahoo Finance daily
2024-11-27,us,OKLO,,22.399999618530277,23.0,21.01000022888184,21.950000762939453,7799500,Yahoo Finance daily
2024-11-29,us,OKLO,,22.26000022888184,24.399999618530277,22.024999618530277,23.540000915527344,8951100,Yahoo Finance daily
2024-12-02,us,OKLO,,23.989999771118164,24.200000762939453,22.15999984741211,22.229999542236328,8530300,Yahoo Finance daily
2024-12-03,us,OKLO,,22.049999237060547,22.059999465942383,20.0,20.1299991607666,13083700,Yahoo Finance daily
2024-12-04,us,OKLO,,21.059999465942383,21.200000762939453,20.049999237060547,20.34000015258789,8652000,Yahoo Finance daily
2024-12-05,us,OKLO,,20.399999618530277,20.57999992370605,19.57999992370605,20.07999992370605,7355400,Yahoo Finance daily
2024-12-06,us,OKLO,,20.239999771118164,21.959999084472656,19.75,21.90999984741211,11000900,Yahoo Finance daily
2024-12-09,us,OKLO,,22.26000022888184,22.649999618530277,20.06999969482422,20.09000015258789,8924700,Yahoo Finance daily
2024-12-10,us,OKLO,,20.1200008392334,20.222999572753903,18.280000686645508,18.420000076293945,10791100,Yahoo Finance daily
2024-12-11,us,OKLO,,19.350000381469727,19.59000015258789,17.899999618530273,19.270000457763672,8678800,Yahoo Finance daily
2024-12-12,us,OKLO,,19.450000762939453,20.290000915527344,18.36000061035156,18.3700008392334,7009800,Yahoo Finance daily
2024-12-13,us,OKLO,,18.399999618530277,18.729999542236328,17.90999984741211,18.530000686645508,5308300,Yahoo Finance daily
2024-12-16,us,OKLO,,17.850000381469727,18.729999542236328,17.139999389648438,18.479999542236328,7936900,Yahoo Finance daily
2024-12-17,us,OKLO,,18.030000686645508,19.280000686645508,17.209999084472656,19.100000381469727,7785400,Yahoo Finance daily
2024-12-18,us,OKLO,,21.40999984741211,22.940000534057617,18.030000686645508,18.3799991607666,50038700,Yahoo Finance daily
2024-12-19,us,OKLO,,19.36000061035156,21.850000381469727,18.520000457763672,20.959999084472656,33848400,Yahoo Finance daily
2024-12-20,us,OKLO,,20.100000381469727,22.670000076293945,19.649999618530277,21.520000457763672,19738200,Yahoo Finance daily
2024-12-23,us,OKLO,,21.770000457763672,22.32999992370605,19.40999984741211,22.020000457763672,16889300,Yahoo Finance daily
2024-12-24,us,OKLO,,21.950000762939453,24.0,21.420000076293945,23.61000061035156,11124300,Yahoo Finance daily
2024-12-26,us,OKLO,,23.30500030517578,24.989999771118164,23.030000686645508,24.040000915527344,12389000,Yahoo Finance daily
2024-12-27,us,OKLO,,23.899999618530277,24.530000686645508,21.68000030517578,22.780000686645508,10185700,Yahoo Finance daily
2024-12-30,us,OKLO,,22.46999931335449,24.288000106811523,21.90999984741211,23.649999618530277,9861100,Yahoo Finance daily
2024-12-31,us,OKLO,,23.700000762939453,23.854999542236328,20.299999237060547,21.229999542236328,15636300,Yahoo Finance daily
2025-01-02,us,OKLO,,21.229999542236328,22.739999771118164,20.756000518798828,21.850000381469727,9357700,Yahoo Finance daily
2025-01-03,us,OKLO,,21.959999084472656,27.440000534057617,21.61000061035156,27.25,23875600,Yahoo Finance daily
2025-01-06,us,OKLO,,27.459999084472656,31.65999984741211,27.170000076293945,30.0,26852200,Yahoo Finance daily
2025-01-07,us,OKLO,,30.0,31.90999984741211,28.280000686645508,29.5,15551400,Yahoo Finance daily
2025-01-08,us,OKLO,,27.739999771118164,29.190000534057617,24.76799964904785,26.1200008392334,15796500,Yahoo Finance daily
2025-01-10,us,OKLO,,26.149999618530277,27.0,24.399999618530277,25.239999771118164,8870800,Yahoo Finance daily
2025-01-13,us,OKLO,,23.65999984741211,23.809999465942383,21.5,22.8799991607666,10626200,Yahoo Finance daily
2025-01-14,us,OKLO,,24.059999465942383,24.299999237060547,22.35099983215332,22.809999465942383,9930800,Yahoo Finance daily
2025-01-15,us,OKLO,,24.100000381469727,26.489999771118164,23.809999465942383,24.170000076293945,13590600,Yahoo Finance daily
2025-01-16,us,OKLO,,24.729999542236328,25.200000762939453,23.09000015258789,24.229999542236328,9635800,Yahoo Finance daily
2025-01-17,us,OKLO,,24.989999771118164,26.799999237060547,24.231000900268555,26.049999237060547,12852900,Yahoo Finance daily
2025-01-21,us,OKLO,,27.6200008392334,31.479999542236328,26.899999618530277,31.25,22472400,Yahoo Finance daily
2025-01-22,us,OKLO,,32.43000030517578,34.95000076293945,32.029998779296875,34.16999816894531,23525000,Yahoo Finance daily
2025-01-23,us,OKLO,,32.13999938964844,40.209999084472656,32.0099983215332,38.77999877929688,34230700,Yahoo Finance daily
2025-01-24,us,OKLO,,39.54999923706055,43.70000076293945,38.83000183105469,41.81999969482422,36783200,Yahoo Finance daily
2025-01-27,us,OKLO,,32.68000030517578,34.959999084472656,29.059999465942383,31.11000061035156,43302600,Yahoo Finance daily
2025-01-28,us,OKLO,,33.04999923706055,34.15999984741211,30.0,34.119998931884766,28477400,Yahoo Finance daily
2025-01-29,us,OKLO,,33.61000061035156,38.09000015258789,33.27000045776367,35.29999923706055,32089400,Yahoo Finance daily
2025-01-30,us,OKLO,,36.20000076293945,42.25,35.88999938964844,41.90999984741211,34330200,Yahoo Finance daily
2025-01-31,us,OKLO,,42.400001525878906,45.22999954223633,40.369998931884766,41.61000061035156,26872300,Yahoo Finance daily
2025-02-03,us,OKLO,,38.68999862670898,47.400001525878906,38.20000076293945,45.93000030517578,32623800,Yahoo Finance daily
2025-02-04,us,OKLO,,46.709999084472656,48.01499938964844,43.7599983215332,46.88999938964844,20934600,Yahoo Finance daily
2025-02-05,us,OKLO,,46.75,52.45000076293945,46.02000045776367,50.5,26730400,Yahoo Finance daily
2025-02-06,us,OKLO,,51.22999954223633,52.9900016784668,46.52999877929688,47.7599983215332,19884000,Yahoo Finance daily
2025-02-07,us,OKLO,,49.39500045776367,59.13999938964844,48.84000015258789,55.4900016784668,37705300,Yahoo Finance daily
2025-02-10,us,OKLO,,55.04999923706055,56.79999923706055,53.310001373291016,53.72999954223633,17091400,Yahoo Finance daily
2025-02-11,us,OKLO,,53.040000915527344,54.09999847412109,49.209999084472656,50.08000183105469,14446800,Yahoo Finance daily
2025-02-12,us,OKLO,,47.77999877929688,55.33000183105469,47.4900016784668,54.380001068115234,18768300,Yahoo Finance daily
2025-02-13,us,OKLO,,55.40999984741211,55.54999923706055,50.79999923706055,55.02999877929688,12778900,Yahoo Finance daily
2025-02-14,us,OKLO,,55.380001068115234,57.5,51.70000076293945,52.619998931884766,14232200,Yahoo Finance daily
2025-02-18,us,OKLO,,52.810001373291016,54.79999923706055,49.18000030517578,50.18999862670898,12388800,Yahoo Finance daily
2025-02-19,us,OKLO,,48.459999084472656,49.5,44.27999877929688,45.119998931884766,14986800,Yahoo Finance daily
2025-02-20,us,OKLO,,44.60499954223633,44.61000061035156,40.29999923706055,42.65999984741211,12387700,Yahoo Finance daily
2025-02-21,us,OKLO,,43.560001373291016,43.68999862670898,37.83000183105469,38.790000915527344,13961800,Yahoo Finance daily
2025-02-24,us,OKLO,,37.16999816894531,37.9900016784668,33.63999938964844,34.08000183105469,14554600,Yahoo Finance daily
2025-02-25,us,OKLO,,33.525001525878906,34.290000915527344,29.81999969482422,32.06999969482422,16463100,Yahoo Finance daily
2025-02-26,us,OKLO,,34.5,36.47999954223633,33.56999969482422,35.189998626708984,18620400,Yahoo Finance daily
2025-02-27,us,OKLO,,38.45000076293945,38.67699813842773,32.310001373291016,32.38999938964844,17631500,Yahoo Finance daily
2025-02-28,us,OKLO,,31.334999084472656,34.65999984741211,30.440000534057617,33.38999938964844,13403000,Yahoo Finance daily
2025-03-03,us,OKLO,,34.75,35.06999969482422,29.25,29.3799991607666,11978000,Yahoo Finance daily
2025-03-04,us,OKLO,,28.209999084472656,32.25699996948242,27.5,30.920000076293945,14577100,Yahoo Finance daily
2025-03-05,us,OKLO,,31.0,31.132999420166016,29.11000061035156,30.290000915527344,11297500,Yahoo Finance daily
2025-03-06,us,OKLO,,29.104999542236328,29.36000061035156,25.66200065612793,25.96999931335449,13001600,Yahoo Finance daily
2025-03-07,us,OKLO,,25.709999084472656,26.799999237060547,24.459999084472656,26.270000457763672,12029700,Yahoo Finance daily
2025-03-10,us,OKLO,,24.8799991607666,25.309999465942383,23.26000022888184,23.690000534057617,11690300,Yahoo Finance daily
2025-03-11,us,OKLO,,23.75,26.459999084472656,23.540000915527344,25.46999931335449,13987200,Yahoo Finance daily
2025-03-12,us,OKLO,,27.46999931335449,28.01000022888184,25.15999984741211,26.190000534057617,15389400,Yahoo Finance daily
2025-03-13,us,OKLO,,26.15999984741211,26.34000015258789,23.8700008392334,23.950000762939453,8750600,Yahoo Finance daily
2025-03-14,us,OKLO,,25.01000022888184,27.82999992370605,24.888999938964844,27.71999931335449,13618800,Yahoo Finance daily
2025-03-17,us,OKLO,,28.3799991607666,29.739999771118164,27.61000061035156,28.0,15447600,Yahoo Finance daily
2025-03-18,us,OKLO,,27.0,27.145000457763672,25.75,26.020000457763672,8849700,Yahoo Finance daily
2025-03-19,us,OKLO,,26.940000534057617,28.36000061035156,25.82999992370605,28.049999237060547,9283200,Yahoo Finance daily
2025-03-20,us,OKLO,,27.36000061035156,29.899999618530277,27.229999542236328,27.770000457763672,13191700,Yahoo Finance daily
2025-03-21,us,OKLO,,26.940000534057617,27.649999618530277,26.149999618530277,27.15999984741211,8093300,Yahoo Finance daily
2025-03-24,us,OKLO,,28.950000762939453,31.459999084472656,28.57999992370605,30.90999984741211,21619000,Yahoo Finance daily
2025-03-25,us,OKLO,,28.8799991607666,30.57999992370605,27.65999984741211,28.93000030517578,19207500,Yahoo Finance daily
2025-03-26,us,OKLO,,28.65999984741211,29.799999237060547,25.84000015258789,26.3700008392334,15942200,Yahoo Finance daily
2025-03-27,us,OKLO,,25.40999984741211,26.1299991607666,23.6299991607666,23.81999969482422,13689400,Yahoo Finance daily
2025-03-28,us,OKLO,,23.68000030517578,24.239999771118164,22.299999237060547,22.38999938964844,9669700,Yahoo Finance daily
2025-03-31,us,OKLO,,21.299999237060547,22.63999938964844,21.100000381469727,21.6299991607666,10082000,Yahoo Finance daily
2025-04-01,us,OKLO,,22.8799991607666,24.07999992370605,21.729999542236328,22.530000686645508,12724100,Yahoo Finance daily
2025-04-02,us,OKLO,,21.850000381469727,23.725000381469727,21.799999237060547,22.700000762939453,10552700,Yahoo Finance daily
2025-04-03,us,OKLO,,20.82999992370605,22.799999237060547,20.799999237060547,21.88999938964844,10644000,Yahoo Finance daily
2025-04-04,us,OKLO,,20.530000686645508,20.850000381469727,17.799999237060547,19.799999237060547,17569900,Yahoo Finance daily
2025-04-07,us,OKLO,,18.65999984741211,23.40999984741211,17.420000076293945,21.93000030517578,20792800,Yahoo Finance daily
2025-04-08,us,OKLO,,23.8799991607666,24.020000457763672,19.90999984741211,20.229999542236328,15997500,Yahoo Finance daily
2025-04-09,us,OKLO,,20.82999992370605,24.649999618530277,19.96500015258789,24.07999992370605,18198100,Yahoo Finance daily
2025-04-10,us,OKLO,,23.3700008392334,23.665000915527344,21.61000061035156,22.71999931335449,10859900,Yahoo Finance daily
2025-04-11,us,OKLO,,22.82999992370605,22.989999771118164,21.542999267578125,22.5,7796500,Yahoo Finance daily
2025-04-14,us,OKLO,,23.924999237060547,24.3700008392334,22.309999465942383,22.549999237060547,8734000,Yahoo Finance daily
2025-04-15,us,OKLO,,22.600000381469727,23.739999771118164,22.36000061035156,23.0,6890500,Yahoo Finance daily
2025-04-16,us,OKLO,,21.989999771118164,22.530000686645508,21.299999237060547,21.559999465942383,6220600,Yahoo Finance daily
2025-04-17,us,OKLO,,21.959999084472656,22.18899917602539,21.030000686645508,21.979999542236328,4594400,Yahoo Finance daily
2025-04-21,us,OKLO,,21.5,21.649999618530277,19.88999938964844,20.38999938964844,7025800,Yahoo Finance daily
2025-04-22,us,OKLO,,20.71999931335449,21.979999542236328,20.6200008392334,21.530000686645508,9677800,Yahoo Finance daily
2025-04-23,us,OKLO,,22.18000030517578,24.239999771118164,22.11000061035156,23.3700008392334,16020500,Yahoo Finance daily
2025-04-24,us,OKLO,,23.700000762939453,25.270000457763672,23.690000534057617,24.31999969482422,10634900,Yahoo Finance daily
2025-04-25,us,OKLO,,23.690000534057617,24.309999465942383,23.18000030517578,23.739999771118164,6558900,Yahoo Finance daily
2025-04-28,us,OKLO,,24.059999465942383,25.25,23.020000457763672,24.489999771118164,6979500,Yahoo Finance daily
2025-04-29,us,OKLO,,24.55500030517578,24.84000015258789,23.549999237060547,24.440000534057617,5164200,Yahoo Finance daily
2025-04-30,us,OKLO,,23.530000686645508,23.809999465942383,22.520000457763672,23.739999771118164,6660100,Yahoo Finance daily
2025-05-01,us,OKLO,,24.75,26.93000030517578,24.440000534057617,26.309999465942383,13354000,Yahoo Finance daily
2025-05-02,us,OKLO,,27.0,27.399999618530277,26.100000381469727,26.239999771118164,11570500,Yahoo Finance daily
2025-05-05,us,OKLO,,25.6299991607666,25.82999992370605,24.86000061035156,25.46999931335449,5554000,Yahoo Finance daily
2025-05-06,us,OKLO,,24.790000915527344,28.96500015258789,24.530000686645508,28.65999984741211,18741400,Yahoo Finance daily
2025-05-07,us,OKLO,,27.690000534057617,27.709999084472656,25.700000762939453,27.1200008392334,16692100,Yahoo Finance daily
2025-05-08,us,OKLO,,28.200000762939453,28.40999984741211,26.440000534057617,26.950000762939453,10946600,Yahoo Finance daily
2025-05-09,us,OKLO,,27.290000915527344,28.729999542236328,26.15999984741211,28.09000015258789,16100100,Yahoo Finance daily
2025-05-12,us,OKLO,,29.729999542236328,30.2450008392334,28.15999984741211,28.850000381469727,15034200,Yahoo Finance daily
2025-05-13,us,OKLO,,29.200000762939453,32.630001068115234,29.170000076293945,32.029998779296875,23396900,Yahoo Finance daily
2025-05-14,us,OKLO,,34.54999923706055,39.369998931884766,34.099998474121094,37.0099983215332,39267300,Yahoo Finance daily
2025-05-15,us,OKLO,,35.959999084472656,38.04999923706055,34.45000076293945,37.40999984741211,17537900,Yahoo Finance daily
2025-05-16,us,OKLO,,38.52999877929688,39.900001525878906,36.150001525878906,37.720001220703125,18870200,Yahoo Finance daily
2025-05-19,us,OKLO,,35.529998779296875,39.83000183105469,34.880001068115234,39.72999954223633,19004400,Yahoo Finance daily
2025-05-20,us,OKLO,,41.33000183105469,41.33000183105469,36.84999847412109,37.56999969482422,16339800,Yahoo Finance daily
2025-05-21,us,OKLO,,37.0,39.38999938964844,35.685001373291016,36.810001373291016,15484900,Yahoo Finance daily
2025-05-22,us,OKLO,,36.810001373291016,40.43000030517578,35.849998474121094,39.720001220703125,19220400,Yahoo Finance daily
2025-05-23,us,OKLO,,44.65999984741211,52.16999816894531,43.630001068115234,48.869998931884766,92503100,Yahoo Finance daily
2025-05-27,us,OKLO,,49.52000045776367,54.47999954223633,46.119998931884766,53.900001525878906,45495500,Yahoo Finance daily
2025-05-28,us,OKLO,,53.4900016784668,57.56999969482422,53.34999847412109,55.2400016784668,34572000,Yahoo Finance daily
2025-05-29,us,OKLO,,55.72499847412109,56.0,51.72999954223633,52.93000030517578,21107000,Yahoo Finance daily
2025-05-30,us,OKLO,,49.40999984741211,54.36000061035156,49.40999984741211,52.720001220703125,23478000,Yahoo Finance daily
2025-06-02,us,OKLO,,50.71500015258789,53.58000183105469,50.2400016784668,52.43999862670898,15037100,Yahoo Finance daily
2025-06-03,us,OKLO,,56.0,58.68999862670898,49.33000183105469,49.77000045776367,31354900,Yahoo Finance daily
2025-06-04,us,OKLO,,49.42499923706055,51.18000030517578,45.04999923706055,49.09000015258789,19199000,Yahoo Finance daily
2025-06-05,us,OKLO,,48.27999877929688,49.84999847412109,46.0099983215332,47.15999984741211,13211700,Yahoo Finance daily
2025-06-06,us,OKLO,,47.09999847412109,50.54999923706055,46.400001525878906,50.290000915527344,13254600,Yahoo Finance daily
2025-06-09,us,OKLO,,51.70000076293945,54.7400016784668,48.7599983215332,54.2599983215332,15735200,Yahoo Finance daily
2025-06-10,us,OKLO,,54.27999877929688,56.5,50.790000915527344,52.540000915527344,14780200,Yahoo Finance daily
2025-06-11,us,OKLO,,53.560001373291016,68.91000366210938,53.36000061035156,68.02999877929688,55913500,Yahoo Finance daily
2025-06-12,us,OKLO,,63.61000061035156,71.0,62.880001068115234,64.4800033569336,38026500,Yahoo Finance daily
2025-06-13,us,OKLO,,61.95000076293945,65.5999984741211,60.59999847412109,63.65999984741211,31769000,Yahoo Finance daily
2025-06-16,us,OKLO,,67.0,73.55000305175781,64.8010025024414,65.44999694824219,29283400,Yahoo Finance daily
2025-06-17,us,OKLO,,68.26000213623047,69.4000015258789,61.790000915527344,62.77000045776367,24789600,Yahoo Finance daily
2025-06-18,us,OKLO,,63.26499938964844,63.959999084472656,59.619998931884766,62.02000045776367,14650000,Yahoo Finance daily
2025-06-20,us,OKLO,,63.0,63.95000076293945,57.52999877929688,57.95000076293945,15026100,Yahoo Finance daily
2025-06-23,us,OKLO,,57.38999938964844,58.70000076293945,52.119998931884766,55.11000061035156,19045000,Yahoo Finance daily
2025-06-24,us,OKLO,,57.83000183105469,61.45000076293945,57.20500183105469,60.709999084472656,18003700,Yahoo Finance daily
2025-06-25,us,OKLO,,63.09999847412109,64.77999877929688,55.3489990234375,55.56999969482422,17089000,Yahoo Finance daily
2025-06-26,us,OKLO,,57.25,57.75,55.40999984741211,55.84999847412109,9984600,Yahoo Finance daily
2025-06-27,us,OKLO,,59.54999923706055,62.09999847412109,54.04999923706055,55.2599983215332,45939900,Yahoo Finance daily
2025-06-30,us,OKLO,,56.34999847412109,57.303001403808594,53.79999923706055,55.9900016784668,13456700,Yahoo Finance daily
2025-07-01,us,OKLO,,54.900001525878906,55.25,51.52999877929688,51.7400016784668,13224900,Yahoo Finance daily
2025-07-02,us,OKLO,,51.58000183105469,52.18999862670898,50.08000183105469,51.33000183105469,10018000,Yahoo Finance daily
2025-07-03,us,OKLO,,52.75,54.29999923706055,51.2400016784668,53.720001220703125,8869200,Yahoo Finance daily
2025-07-07,us,OKLO,,53.8650016784668,56.33000183105469,51.880001068115234,55.93999862670898,11928600,Yahoo Finance daily
2025-07-08,us,OKLO,,57.31499862670898,57.59000015258789,53.25,53.52000045776367,15042300,Yahoo Finance daily
2025-07-09,us,OKLO,,53.9900016784668,55.400001525878906,51.52000045776367,53.93000030517578,10649900,Yahoo Finance daily
2025-07-10,us,OKLO,,53.650001525878906,56.41999816894531,52.880001068115234,55.45000076293945,11426300,Yahoo Finance daily
2025-07-11,us,OKLO,,54.33000183105469,57.650001525878906,53.90999984741211,56.08000183105469,15123400,Yahoo Finance daily
2025-07-14,us,OKLO,,55.59999847412109,62.65999984741211,54.516998291015625,62.40999984741211,25911800,Yahoo Finance daily
2025-07-15,us,OKLO,,62.880001068115234,63.06999969482422,59.2400016784668,60.95000076293945,21973700,Yahoo Finance daily
2025-07-16,us,OKLO,,60.625,64.75,60.119998931884766,64.37000274658203,21439700,Yahoo Finance daily
2025-07-17,us,OKLO,,65.80999755859375,67.93000030517578,64.58999633789062,67.16999816894531,20810400,Yahoo Finance daily
2025-07-18,us,OKLO,,67.18000030517578,69.13999938964844,65.0199966430664,68.9800033569336,15255000,Yahoo Finance daily
2025-07-21,us,OKLO,,69.56999969482422,70.9800033569336,62.43000030517578,62.5099983215332,19275300,Yahoo Finance daily
2025-07-22,us,OKLO,,63.0,63.97999954223633,58.880001068115234,61.31999969482422,15071000,Yahoo Finance daily
2025-07-23,us,OKLO,,63.54999923706055,70.05999755859375,63.52999877929688,66.97000122070312,33806900,Yahoo Finance daily
2025-07-24,us,OKLO,,66.61000061035156,77.16999816894531,65.80999755859375,74.58999633789062,40388000,Yahoo Finance daily
2025-07-25,us,OKLO,,71.70999908447266,75.9000015258789,71.22000122070312,75.5,18541300,Yahoo Finance daily
2025-07-28,us,OKLO,,77.5,77.54499816894531,72.27999877929688,75.5,17264400,Yahoo Finance daily
2025-07-29,us,OKLO,,75.0999984741211,78.12799835205078,70.61000061035156,71.01000213623047,15896400,Yahoo Finance daily
2025-07-30,us,OKLO,,71.47000122070312,78.33999633789062,71.43000030517578,75.62999725341797,22211100,Yahoo Finance daily
2025-07-31,us,OKLO,,76.86000061035156,80.41999816894531,75.5,76.58999633789062,23970900,Yahoo Finance daily
2025-08-01,us,OKLO,,72.88999938964844,74.5,67.80000305175781,71.48999786376953,19769700,Yahoo Finance daily
2025-08-04,us,OKLO,,73.45999908447266,78.3499984741211,71.5999984741211,76.41000366210938,16256900,Yahoo Finance daily
2025-08-05,us,OKLO,,77.0,85.19999694824219,76.69999694824219,84.08999633789062,23516800,Yahoo Finance daily
2025-08-06,us,OKLO,,83.2249984741211,85.3499984741211,81.19999694824219,83.0999984741211,13409100,Yahoo Finance daily
2025-08-07,us,OKLO,,83.68499755859375,83.94999694824219,76.5999984741211,79.31999969482422,14533200,Yahoo Finance daily
2025-08-08,us,OKLO,,79.7300033569336,80.80000305175781,74.29000091552734,75.31999969482422,13742600,Yahoo Finance daily
2025-08-11,us,OKLO,,74.29000091552734,75.26000213623047,71.30999755859375,71.86000061035156,16515500,Yahoo Finance daily
2025-08-12,us,OKLO,,70.0999984741211,79.01000213623047,69.6520004272461,78.47000122070312,26165600,Yahoo Finance daily
2025-08-13,us,OKLO,,81.05000305175781,83.5999984741211,75.60199737548828,77.41999816894531,18898300,Yahoo Finance daily
2025-08-14,us,OKLO,,77.19000244140625,78.54000091552734,71.8499984741211,73.66000366210938,12116100,Yahoo Finance daily
2025-08-15,us,OKLO,,74.26000213623047,74.53299713134766,68.77200317382812,71.05999755859375,10587400,Yahoo Finance daily
2025-08-18,us,OKLO,,70.5,71.4000015258789,68.0199966430664,68.98999786376953,7574300,Yahoo Finance daily
2025-08-19,us,OKLO,,69.41000366210938,70.04000091552734,65.02400207519531,65.41000366210938,11117600,Yahoo Finance daily
2025-08-20,us,OKLO,,64.3499984741211,67.19000244140625,61.0099983215332,66.56999969482422,13132100,Yahoo Finance daily
2025-08-21,us,OKLO,,67.6500015258789,69.44000244140625,66.11000061035156,67.19000244140625,12454900,Yahoo Finance daily
2025-08-22,us,OKLO,,67.23500061035156,72.43000030517578,64.73100280761719,70.37999725341797,14143700,Yahoo Finance daily
2025-08-25,us,OKLO,,71.34500122070312,71.9469985961914,67.84600067138672,71.19000244140625,8683600,Yahoo Finance daily
2025-08-26,us,OKLO,,73.8499984741211,78.69999694824219,72.70999908447266,74.30999755859375,24362600,Yahoo Finance daily
2025-08-27,us,OKLO,,74.54499816894531,76.05999755859375,72.86000061035156,73.19999694824219,12243800,Yahoo Finance daily
2025-08-28,us,OKLO,,74.33999633789062,79.79000091552734,74.08000183105469,77.88999938964844,17316200,Yahoo Finance daily
2025-08-29,us,OKLO,,77.66999816894531,78.5,72.77999877929688,73.63999938964844,13628900,Yahoo Finance daily
2025-09-02,us,OKLO,,70.15499877929688,73.58999633789062,68.7699966430664,73.58999633789062,11651600,Yahoo Finance daily
2025-09-03,us,OKLO,,74.63999938964844,76.5999984741211,71.6520004272461,72.2300033569336,10238400,Yahoo Finance daily
2025-09-04,us,OKLO,,72.0,73.3280029296875,68.91999816894531,69.61000061035156,9266100,Yahoo Finance daily
2025-09-05,us,OKLO,,71.22000122070312,71.87999725341797,66.19999694824219,69.79000091552734,12104500,Yahoo Finance daily
2025-09-08,us,OKLO,,70.5,71.92900085449219,69.61000061035156,70.72000122070312,7781800,Yahoo Finance daily
2025-09-09,us,OKLO,,70.44000244140625,74.4800033569336,69.55000305175781,73.97000122070312,12162800,Yahoo Finance daily
2025-09-10,us,OKLO,,75.44000244140625,76.69999694824219,73.30000305175781,73.75,10834300,Yahoo Finance daily
2025-09-11,us,OKLO,,74.18000030517578,80.87999725341797,73.12999725341797,79.97000122070312,19906200,Yahoo Finance daily
2025-09-12,us,OKLO,,78.9000015258789,83.0,78.66999816894531,82.70999908447266,12597000,Yahoo Finance daily
2025-09-15,us,OKLO,,84.25,95.91000366210938,83.30000305175781,95.68000030517578,28016900,Yahoo Finance daily
2025-09-16,us,OKLO,,94.80500030517578,95.9000015258789,90.38999938964844,95.83000183105467,20223100,Yahoo Finance daily
2025-09-17,us,OKLO,,95.27999877929688,96.77200317382812,90.11000061035156,95.29000091552734,13875900,Yahoo Finance daily
2025-09-18,us,OKLO,,98.53500366210938,110.8239974975586,96.2300033569336,104.97000122070312,27987200,Yahoo Finance daily
2025-09-19,us,OKLO,,108.6999969482422,136.52999877929688,107.15899658203124,135.22999572753906,63584000,Yahoo Finance daily
2025-09-22,us,OKLO,,130.84500122070312,142.85000610351562,123.72000122070312,140.3000030517578,37181200,Yahoo Finance daily
2025-09-23,us,OKLO,,137.31500244140625,143.75,132.35000610351562,142.64999389648438,30248600,Yahoo Finance daily
2025-09-24,us,OKLO,,142.94000244140625,144.49000549316406,130.3800048828125,131.1699981689453,25248500,Yahoo Finance daily
2025-09-25,us,OKLO,,110.95999908447266,122.4800033569336,110.13999938964844,119.12999725341795,45707600,Yahoo Finance daily
2025-09-26,us,OKLO,,117.62999725341795,119.95999908447266,108.54000091552734,110.52999877929688,24837100,Yahoo Finance daily
2025-09-29,us,OKLO,,118.25,121.52999877929688,114.11000061035156,116.51000213623048,25099900,Yahoo Finance daily
2025-09-30,us,OKLO,,115.45999908447266,116.87000274658205,109.625,111.62999725341795,25175400,Yahoo Finance daily
2025-10-01,us,OKLO,,112.5999984741211,116.6750030517578,109.1999969482422,115.93000030517578,18369900,Yahoo Finance daily
2025-10-02,us,OKLO,,118.8499984741211,129.63999938964844,116.16000366210938,128.8000030517578,28326000,Yahoo Finance daily
2025-10-03,us,OKLO,,127.91000366210938,130.94000244140625,122.7699966430664,127.36000061035156,17441400,Yahoo Finance daily
2025-10-06,us,OKLO,,131.39500427246094,147.17999267578125,131.1999969482422,138.55999755859375,25636400,Yahoo Finance daily
2025-10-07,us,OKLO,,142.1999969482422,142.1999969482422,130.39999389648438,134.1199951171875,18415900,Yahoo Finance daily
2025-10-08,us,OKLO,,135.85000610351562,138.35000610351562,130.5800018310547,134.77000427246094,15870900,Yahoo Finance daily
2025-10-09,us,OKLO,,139.85000610351562,141.55499267578125,131.19000244140625,138.1300048828125,17273200,Yahoo Finance daily
2025-10-10,us,OKLO,,137.69000244140625,161.41000366210938,136.8000030517578,147.16000366210938,39386600,Yahoo Finance daily
2025-10-13,us,OKLO,,158.0,175.89999389648438,156.5399932861328,171.00999450683594,28693800,Yahoo Finance daily
2025-10-14,us,OKLO,,168.0500030517578,183.1999969482422,160.17999267578125,174.13999938964844,26214800,Yahoo Finance daily
2025-10-15,us,OKLO,,185.9600067138672,193.83999633789065,164.0,171.55999755859375,33932400,Yahoo Finance daily
2025-10-16,us,OKLO,,174.85000610351562,176.35000610351562,157.1999969482422,162.13999938964844,23266900,Yahoo Finance daily
2025-10-17,us,OKLO,,157.8000030517578,171.64999389648438,155.67999267578125,163.38999938964844,20652800,Yahoo Finance daily
2025-10-20,us,OKLO,,167.19000244140625,170.0,154.1199951171875,159.0500030517578,16751800,Yahoo Finance daily
2025-10-21,us,OKLO,,153.14999389648438,154.4499969482422,136.6999969482422,139.44000244140625,22688900,Yahoo Finance daily
2025-10-22,us,OKLO,,132.80999755859375,136.1820068359375,114.0,120.12000274658205,34401200,Yahoo Finance daily
2025-10-23,us,OKLO,,119.98999786376952,129.17999267578125,116.4000015258789,124.6999969482422,18207700,Yahoo Finance daily
2025-10-24,us,OKLO,,133.52999877929688,138.66000366210938,130.97999572753906,136.0500030517578,18105000,Yahoo Finance daily
2025-10-27,us,OKLO,,144.8000030517578,145.0,129.6699981689453,137.42999267578125,16454000,Yahoo Finance daily
2025-10-28,us,OKLO,,138.10000610351562,144.39999389648438,131.1999969482422,132.27999877929688,14479600,Yahoo Finance daily
2025-10-29,us,OKLO,,134.52999877929688,152.05999755859375,131.91000366210938,143.4199981689453,18754500,Yahoo Finance daily
2025-10-30,us,OKLO,,137.17999267578125,145.3000030517578,133.7100067138672,137.38999938964844,12172000,Yahoo Finance daily
2025-10-31,us,OKLO,,140.5800018310547,141.6999969482422,130.11000061035156,132.77000427246094,11430700,Yahoo Finance daily
2025-11-03,us,OKLO,,132.11000061035156,132.11000061035156,121.60099792480467,126.66999816894533,10537400,Yahoo Finance daily
2025-11-04,us,OKLO,,119.25,122.36699676513672,111.79000091552734,112.2300033569336,12095000,Yahoo Finance daily
2025-11-05,us,OKLO,,116.37000274658205,123.44000244140624,114.3209991455078,121.2300033569336,12483300,Yahoo Finance daily
2025-11-06,us,OKLO,,120.12000274658205,120.9499969482422,105.98999786376952,106.75,15789600,Yahoo Finance daily
2025-11-07,us,OKLO,,100.0,112.6999969482422,97.05999755859376,112.6500015258789,16397500,Yahoo Finance daily
2025-11-10,us,OKLO,,116.98999786376952,117.44000244140624,107.5,111.5199966430664,12942700,Yahoo Finance daily
2025-11-11,us,OKLO,,108.19000244140624,111.0,103.63999938964844,104.22000122070312,11727600,Yahoo Finance daily
2025-11-12,us,OKLO,,108.5999984741211,116.9800033569336,106.95999908447266,111.16999816894533,19309500,Yahoo Finance daily
2025-11-13,us,OKLO,,109.4499969482422,110.37999725341795,100.3000030517578,101.63999938964844,12663800,Yahoo Finance daily
2025-11-14,us,OKLO,,94.83499908447266,106.83000183105467,93.48999786376952,97.56999969482422,15534200,Yahoo Finance daily
2025-11-17,us,OKLO,,96.61000061035156,101.5,92.62999725341795,95.36000061035156,10697000,Yahoo Finance daily
2025-11-18,us,OKLO,,93.69000244140624,100.54499816894533,93.1500015258789,96.62999725341795,11402400,Yahoo Finance daily
2025-11-19,us,OKLO,,99.6500015258789,105.87999725341795,98.0500030517578,102.86000061035156,15765200,Yahoo Finance daily
2025-11-20,us,OKLO,,106.11000061035156,109.6999969482422,87.75,88.0,20149200,Yahoo Finance daily
2025-11-21,us,OKLO,,89.44999694824219,89.92500305175781,79.01000213623047,88.16999816894531,21721900,Yahoo Finance daily
2025-11-24,us,OKLO,,89.16000366210938,93.1999969482422,86.56999969482422,89.55000305175781,24669600,Yahoo Finance daily
2025-11-25,us,OKLO,,89.46499633789062,89.47000122070312,81.11000061035156,85.7699966430664,12502900,Yahoo Finance daily
2025-11-26,us,OKLO,,88.05000305175781,89.87999725341797,85.7699966430664,88.72000122070312,8016300,Yahoo Finance daily
2025-11-28,us,OKLO,,90.0,94.51000213623048,89.01000213623047,91.37999725341795,5692900,Yahoo Finance daily
2025-12-01,us,OKLO,,88.54000091552734,90.5999984741211,85.5,87.36000061035156,6719900,Yahoo Finance daily
2025-12-02,us,OKLO,,88.9800033569336,96.5,88.5999984741211,91.83999633789062,10924100,Yahoo Finance daily
2025-12-03,us,OKLO,,90.98999786376952,97.0,89.01000213623047,96.58999633789062,7981000,Yahoo Finance daily
2025-12-04,us,OKLO,,96.9800033569336,114.29000091552734,94.6050033569336,111.6500015258789,21446900,Yahoo Finance daily
2025-12-05,us,OKLO,,105.98500061035156,107.58999633789062,100.51000213623048,104.66999816894533,14573800,Yahoo Finance daily
2025-12-08,us,OKLO,,108.13999938964844,109.16999816894533,100.5999984741211,104.61000061035156,9420700,Yahoo Finance daily
2025-12-09,us,OKLO,,103.61000061035156,107.5500030517578,101.91999816894533,103.93000030517578,6792000,Yahoo Finance daily
2025-12-10,us,OKLO,,102.9000015258789,104.56999969482422,98.31700134277344,100.5999984741211,9298300,Yahoo Finance daily
2025-12-11,us,OKLO,,98.48999786376952,103.41999816894533,94.41000366210938,103.0,8523500,Yahoo Finance daily
2025-12-12,us,OKLO,,102.70500183105467,103.13999938964844,87.33899688720703,87.41999816894531,15776200,Yahoo Finance daily
2025-12-15,us,OKLO,,89.3499984741211,89.5999984741211,82.0,82.33000183105469,9772400,Yahoo Finance daily
2025-12-16,us,OKLO,,80.75,84.23999786376953,78.66999816894531,83.51000213623047,7743400,Yahoo Finance daily
2025-12-17,us,OKLO,,84.29000091552734,85.58000183105469,75.0,75.94000244140625,10675600,Yahoo Finance daily
2025-12-18,us,OKLO,,80.50499725341797,81.0,76.06999969482422,77.72000122070312,9410200,Yahoo Finance daily
2025-12-19,us,OKLO,,78.69999694824219,85.26000213623047,78.52999877929688,83.2300033569336,11396300,Yahoo Finance daily
2025-12-22,us,OKLO,,85.77999877929688,85.83000183105469,80.13999938964844,83.44000244140625,11057600,Yahoo Finance daily
2025-12-23,us,OKLO,,81.80500030517578,84.94999694824219,80.79000091552734,81.87999725341797,6598100,Yahoo Finance daily
2025-12-24,us,OKLO,,80.48999786376953,81.30999755859375,78.63999938964844,81.30999755859375,5203700,Yahoo Finance daily
2025-12-26,us,OKLO,,80.0250015258789,80.3499984741211,76.16000366210938,76.91999816894531,7123000,Yahoo Finance daily
2025-12-29,us,OKLO,,74.80000305175781,78.4800033569336,73.76000213623047,74.08999633789062,8529200,Yahoo Finance daily
2025-12-30,us,OKLO,,74.30999755859375,74.6500015258789,71.5999984741211,71.62000274658203,8195800,Yahoo Finance daily
2025-12-31,us,OKLO,,71.41999816894531,72.31999969482422,70.86000061035156,71.76000213623047,6946600,Yahoo Finance daily
2026-01-02,us,OKLO,,73.98999786376953,77.91999816894531,72.12999725341797,77.80000305175781,10135500,Yahoo Finance daily
2026-01-05,us,OKLO,,81.6500015258789,90.8499984741211,80.4000015258789,89.33999633789062,19824400,Yahoo Finance daily
2026-01-06,us,OKLO,,93.0,96.9499969482422,88.7300033569336,95.5999984741211,20105800,Yahoo Finance daily
2026-01-07,us,OKLO,,93.5999984741211,100.69000244140624,92.80999755859376,97.5999984741211,13362300,Yahoo Finance daily
2026-01-08,us,OKLO,,96.70999908447266,100.19000244140624,93.41999816894533,97.5999984741211,9803700,Yahoo Finance daily
2026-01-09,us,OKLO,,114.3499984741211,115.72000122070312,104.02999877929688,105.30999755859376,33942700,Yahoo Finance daily
2026-01-12,us,OKLO,,103.33000183105467,105.9000015258789,100.37000274658205,102.5,12074900,Yahoo Finance daily
2026-01-13,us,OKLO,,105.75,107.5999984741211,96.5999984741211,97.08999633789062,11145200,Yahoo Finance daily
2026-01-14,us,OKLO,,94.7699966430664,97.08000183105467,91.5,95.97000122070312,11511200,Yahoo Finance daily
2026-01-15,us,OKLO,,97.8000030517578,99.29000091552734,91.37999725341795,91.4499969482422,11272200,Yahoo Finance daily
2026-01-16,us,OKLO,,92.0999984741211,96.6999969482422,89.30400085449219,94.9499969482422,15411300,Yahoo Finance daily
2026-01-20,us,OKLO,,90.83499908447266,97.0,88.93000030517578,89.93000030517578,12557700,Yahoo Finance daily
2026-01-21,us,OKLO,,96.38999938964844,100.1999969482422,86.0199966430664,90.77999877929688,24269700,Yahoo Finance daily
2026-01-22,us,OKLO,,92.45999908447266,93.5999984741211,89.87999725341797,90.93000030517578,10120800,Yahoo Finance daily
2026-01-23,us,OKLO,,91.38999938964844,91.38999938964844,86.16999816894531,87.62999725341797,9368100,Yahoo Finance daily
2026-01-26,us,OKLO,,86.18000030517578,86.80999755859375,81.12999725341797,82.30999755859375,8698100,Yahoo Finance daily
2026-01-27,us,OKLO,,82.80999755859375,86.8499984741211,81.20999908447266,85.2699966430664,10549000,Yahoo Finance daily
2026-01-28,us,OKLO,,86.7300033569336,95.0999984741211,85.5999984741211,94.38999938964844,16372000,Yahoo Finance daily
2026-01-29,us,OKLO,,93.9499969482422,93.9499969482422,83.5,86.04000091552734,14347300,Yahoo Finance daily
2026-01-30,us,OKLO,,85.1500015258789,88.68000030517578,78.91000366210938,79.62000274658203,10751800,Yahoo Finance daily
2026-02-02,us,OKLO,,78.25,78.37999725341797,73.29000091552734,73.62000274658203,11421900,Yahoo Finance daily
2026-02-03,us,OKLO,,75.4800033569336,79.18000030517578,74.02999877929688,78.0,10640100,Yahoo Finance daily
2026-02-04,us,OKLO,,77.19999694824219,77.26000213623047,64.0,68.2300033569336,19015100,Yahoo Finance daily
2026-02-05,us,OKLO,,66.5,67.37999725341797,61.67499923706055,62.13999938964844,11726100,Yahoo Finance daily
2026-02-06,us,OKLO,,64.9800033569336,72.18000030517578,64.30999755859375,71.0999984741211,12709700,Yahoo Finance daily
2026-02-09,us,OKLO,,69.30999755859375,75.5,68.63999938964844,75.05000305175781,8376100,Yahoo Finance daily
2026-02-10,us,OKLO,,74.4800033569336,76.36499786376953,69.12999725341797,69.47000122070312,8060300,Yahoo Finance daily
2026-02-11,us,OKLO,,71.44000244140625,71.5,64.88999938964844,66.2300033569336,8984500,Yahoo Finance daily
2026-02-12,us,OKLO,,67.16999816894531,67.70999908447266,63.619998931884766,63.91999816894531,7938500,Yahoo Finance daily
2026-02-13,us,OKLO,,64.41999816894531,68.18800354003906,62.560001373291016,65.69000244140625,6085800,Yahoo Finance daily
2026-02-17,us,OKLO,,64.5999984741211,69.58499908447266,62.84000015258789,67.63999938964844,6074400,Yahoo Finance daily
2026-02-18,us,OKLO,,67.37999725341797,70.1500015258789,65.80000305175781,67.38999938964844,5217000,Yahoo Finance daily
2026-02-19,us,OKLO,,66.2249984741211,68.36000061035156,64.33999633789062,67.63999938964844,5446600,Yahoo Finance daily
2026-02-20,us,OKLO,,66.66000366210938,67.7699966430664,62.68000030517578,63.83000183105469,7083100,Yahoo Finance daily
2026-02-23,us,OKLO,,61.59999847412109,63.34000015258789,60.88999938964844,63.09000015258789,6173600,Yahoo Finance daily
2026-02-24,us,OKLO,,61.70500183105469,65.30000305175781,60.119998931884766,65.05999755859375,6698000,Yahoo Finance daily
2026-02-25,us,OKLO,,66.41000366210938,67.66999816894531,64.76000213623047,66.31999969482422,6044300,Yahoo Finance daily
2026-02-26,us,OKLO,,65.83999633789062,69.94999694824219,64.5999984741211,69.06999969482422,8025900,Yahoo Finance daily
2026-02-27,us,OKLO,,65.72000122070312,66.08000183105469,62.06999969482422,62.95000076293945,8187100,Yahoo Finance daily
2026-03-02,us,OKLO,,60.119998931884766,64.89900207519531,60.0,64.68000030517578,7190600,Yahoo Finance daily
2026-03-03,us,OKLO,,61.93000030517578,64.51499938964844,60.040000915527344,63.29999923706055,5983500,Yahoo Finance daily
2026-03-04,us,OKLO,,63.79999923706055,66.18000030517578,63.29999923706055,65.6500015258789,6169000,Yahoo Finance daily
2026-03-05,us,OKLO,,64.4000015258789,64.62100219726562,59.06999969482422,62.02999877929688,9806800,Yahoo Finance daily
2026-03-06,us,OKLO,,60.310001373291016,62.79999923706055,58.185001373291016,58.25,8836900,Yahoo Finance daily
2026-03-09,us,OKLO,,57.11000061035156,62.060001373291016,56.470001220703125,61.77999877929688,8297500,Yahoo Finance daily
2026-03-10,us,OKLO,,61.90999984741211,63.45000076293945,61.2599983215332,61.380001068115234,6064600,Yahoo Finance daily
2026-03-11,us,OKLO,,61.79999923706055,64.0999984741211,61.10599899291992,62.7599983215332,6280500,Yahoo Finance daily
2026-03-12,us,OKLO,,61.7400016784668,63.20000076293945,59.5099983215332,59.59000015258789,7154200,Yahoo Finance daily
2026-03-13,us,OKLO,,61.060001373291016,61.72999954223633,57.95000076293945,58.369998931884766,5841000,Yahoo Finance daily
2026-03-16,us,OKLO,,59.84000015258789,60.36000061035156,57.82699966430664,59.68999862670898,6306400,Yahoo Finance daily
2026-03-17,us,OKLO,,64.95999908447266,65.97000122070312,59.2400016784668,60.52999877929688,19128900,Yahoo Finance daily
2026-03-18,us,OKLO,,60.18999862670898,61.75,56.68000030517578,56.70000076293945,11984800,Yahoo Finance daily
2026-03-19,us,OKLO,,55.63999938964844,56.68600082397461,53.5,54.68999862670898,9444900,Yahoo Finance daily
2026-03-20,us,OKLO,,54.56999969482422,57.31999969482422,52.75,53.970001220703125,12577700,Yahoo Finance daily
2026-03-23,us,OKLO,,54.59999847412109,57.209999084472656,54.02000045776367,56.2599983215332,9233200,Yahoo Finance daily
2026-03-24,us,OKLO,,55.459999084472656,56.08000183105469,53.33000183105469,54.959999084472656,7395800,Yahoo Finance daily
2026-03-25,us,OKLO,,56.459999084472656,57.650001525878906,54.43000030517578,55.27000045776367,6012000,Yahoo Finance daily
2026-03-26,us,OKLO,,53.61000061035156,54.875,51.09999847412109,51.810001373291016,7246300,Yahoo Finance daily
2026-03-27,us,OKLO,,51.52000045776367,52.6349983215332,50.150001525878906,50.22999954223633,6419400,Yahoo Finance daily
2026-03-30,us,OKLO,,50.93999862670898,51.970001220703125,44.880001068115234,45.58000183105469,10856100,Yahoo Finance daily
2026-03-31,us,OKLO,,46.02000045776367,50.0,45.59999847412109,49.59000015258789,9401200,Yahoo Finance daily
2026-04-01,us,OKLO,,51.08000183105469,51.845001220703125,47.91999816894531,48.06999969482422,8033100,Yahoo Finance daily
2026-04-02,us,OKLO,,45.95000076293945,49.04999923706055,45.36000061035156,48.130001068115234,5533400,Yahoo Finance daily
2026-04-06,us,OKLO,,48.09999847412109,49.84999847412109,47.97999954223633,48.7599983215332,4911200,Yahoo Finance daily
2026-04-07,us,OKLO,,47.400001525878906,47.93999862670898,44.90999984741211,46.59000015258789,6855100,Yahoo Finance daily
2026-04-08,us,OKLO,,50.52000045776367,51.380001068115234,48.0,50.209999084472656,8582400,Yahoo Finance daily
2026-04-09,us,OKLO,,49.52999877929688,50.36000061035156,47.39500045776367,47.75,5966100,Yahoo Finance daily
2026-04-10,us,OKLO,,48.86000061035156,52.150001525878906,48.54999923706055,50.25,7166900,Yahoo Finance daily
2026-04-13,us,OKLO,,49.0,53.959999084472656,48.09999847412109,53.93999862670898,8487300,Yahoo Finance daily
2026-04-14,us,OKLO,,59.09000015258789,61.61000061035156,56.220001220703125,58.58000183105469,18440900,Yahoo Finance daily
2026-04-15,us,OKLO,,62.52999877929688,66.62000274658203,61.11000061035156,63.34999847412109,21905500,Yahoo Finance daily
2026-04-16,us,OKLO,,67.61000061035156,68.76000213623047,60.810001373291016,64.20999908447266,18341000,Yahoo Finance daily
2026-04-17,us,OKLO,,66.05999755859375,74.20999908447266,64.94999694824219,66.80999755859375,24357200,Yahoo Finance daily
2026-04-20,us,OKLO,,65.52999877929688,68.30000305175781,63.75,68.12999725341797,12883000,Yahoo Finance daily
2026-04-21,us,OKLO,,68.41000366210938,69.0,62.220001220703125,62.61000061035156,15258400,Yahoo Finance daily
2026-04-22,us,OKLO,,65.19000244140625,72.62999725341797,64.75,72.41000366210938,18164400,Yahoo Finance daily
2026-04-23,us,OKLO,,77.7300033569336,80.63999938964844,73.66000366210938,76.45999908447266,31945500,Yahoo Finance daily
2026-04-24,us,OKLO,,81.29000091552734,81.5,70.87999725341797,71.0,23265300,Yahoo Finance daily
2026-04-27,us,OKLO,,71.0,76.19999694824219,70.30000305175781,75.93000030517578,18897100,Yahoo Finance daily
2026-04-28,us,OKLO,,71.51000213623047,72.87000274658203,68.79000091552734,69.08999633789062,14842400,Yahoo Finance daily
2026-04-29,us,OKLO,,70.54000091552734,70.5999984741211,63.20000076293945,64.9800033569336,16156500,Yahoo Finance daily
2026-04-30,us,OKLO,,65.54000091552734,72.83999633789062,65.26100158691406,72.5,14651900,Yahoo Finance daily
2026-05-01,us,OKLO,,71.68000030517578,71.68000030517578,68.47000122070312,70.4000015258789,10510600,Yahoo Finance daily
2026-05-04,us,OKLO,,70.4540023803711,72.30000305175781,68.5,68.5999984741211,8854500,Yahoo Finance daily
2026-05-05,us,OKLO,,69.01000213623047,69.23999786376953,66.08000183105469,68.37999725341797,8280400,Yahoo Finance daily
2026-05-06,us,OKLO,,71.20999908447266,80.08000183105469,69.25,79.62000274658203,23036800,Yahoo Finance daily
2026-05-07,us,OKLO,,78.0,79.5,70.87000274658203,71.83000183105469,14637200,Yahoo Finance daily
2026-05-08,us,OKLO,,73.69999694824219,74.0,70.0,72.51000213623047,10013600,Yahoo Finance daily
2026-05-11,us,OKLO,,71.41000366210938,79.6500015258789,69.22000122070312,78.12999725341797,17333300,Yahoo Finance daily
2026-05-12,us,OKLO,,75.7300033569336,76.68000030517578,70.30000305175781,73.62999725341797,15654900,Yahoo Finance daily
2026-05-13,us,OKLO,,73.37000274658203,73.4000015258789,68.0999984741211,69.66000366210938,14287300,Yahoo Finance daily
2026-05-14,us,OKLO,,67.38999938964844,67.69999694824219,64.66000366210938,67.20999908447266,14828100,Yahoo Finance daily
2026-05-15,us,OKLO,,64.80000305175781,65.0,61.72999954223633,62.25,11851900,Yahoo Finance daily
2026-05-18,us,OKLO,,62.45000076293945,63.0,56.79999923706055,58.560001373291016,14527900,Yahoo Finance daily
2026-05-19,us,OKLO,,56.72999954223633,57.77000045776367,53.95500183105469,55.880001068115234,11768800,Yahoo Finance daily
2026-05-20,us,OKLO,,57.560001373291016,62.900001525878906,56.63999938964844,62.58000183105469,13890200,Yahoo Finance daily
2026-05-21,us,OKLO,,61.91999816894531,65.29000091552734,61.09999847412109,65.08999633789062,10385900,Yahoo Finance daily
2026-05-22,us,OKLO,,66.81999969482422,69.71700286865234,65.12999725341797,65.87999725341797,11410700,Yahoo Finance daily
2026-05-26,us,OKLO,,71.87000274658203,73.29000091552734,68.08000183105469,68.69999694824219,18505700,Yahoo Finance daily
2026-05-27,us,OKLO,,69.33999633789062,69.5199966430664,65.37000274658203,67.81999969482422,10469900,Yahoo Finance daily
2026-05-28,us,OKLO,,66.4800033569336,70.97799682617188,65.62000274658203,68.08999633789062,12231100,Yahoo Finance daily
2026-05-29,us,OKLO,,68.08999633789062,70.01000213623047,64.28399658203125,66.87999725341797,27669400,Yahoo Finance daily
2026-06-01,us,OKLO,,65.9000015258789,70.5999984741211,64.56999969482422,66.88999938964844,18846300,Yahoo Finance daily
2026-06-02,us,OKLO,,67.0999984741211,73.86000061035156,65.66000366210938,73.47000122070312,24065100,Yahoo Finance daily
2026-06-03,us,OKLO,,70.72000122070312,70.8499984741211,64.05000305175781,65.20999908447266,22785200,Yahoo Finance daily
2026-06-04,us,OKLO,,64.51000213623047,66.56999969482422,63.33000183105469,65.38999938964844,11973900,Yahoo Finance daily
2026-06-05,us,OKLO,,64.80000305175781,64.80999755859375,56.625,58.09000015258789,18896500,Yahoo Finance daily
2026-06-08,us,OKLO,,60.09999847412109,60.35100173950195,58.0,58.93999862670898,8918000,Yahoo Finance daily
2026-06-09,us,OKLO,,59.0099983215332,59.880001068115234,53.0099983215332,56.47999954223633,12403300,Yahoo Finance daily
2026-06-10,us,OKLO,,55.43000030517578,57.880001068115234,53.83000183105469,54.02000045776367,8300400,Yahoo Finance daily
2026-06-11,us,OKLO,,54.150001525878906,58.2400016784668,53.41999816894531,57.86000061035156,10687800,Yahoo Finance daily
2026-06-12,us,OKLO,,58.04999923706055,58.58000183105469,55.880001068115234,57.4900016784668,8173100,Yahoo Finance daily
2026-06-15,us,OKLO,,60.47999954223633,61.97999954223633,59.810001373291016,60.7400016784668,9642900,Yahoo Finance daily
2026-06-16,us,OKLO,,59.93999862670898,61.95000076293945,57.32500076293945,57.45000076293945,8810900,Yahoo Finance daily
2026-06-17,us,OKLO,,57.02000045776367,61.68999862670898,56.83300018310547,58.81999969482422,10794600,Yahoo Finance daily
2026-06-18,us,OKLO,,59.83000183105469,63.0,58.560001373291016,61.16999816894531,14444000,Yahoo Finance daily
2026-06-22,us,OKLO,,59.16999816894531,59.880001068115234,57.25,58.400001525878906,8305100,Yahoo Finance daily
2026-06-23,us,OKLO,,55.880001068115234,61.29999923706055,55.38999938964844,57.18999862670898,9311800,Yahoo Finance daily
2026-06-24,us,OKLO,,56.68999862670898,56.68999862670898,52.869998931884766,54.060001373291016,9429000,Yahoo Finance daily
2026-06-25,us,OKLO,,55.560001373291016,55.79999923706055,50.43000030517578,51.0099983215332,9721800,Yahoo Finance daily
2026-06-26,us,OKLO,,50.0,51.34999847412109,49.56399917602539,50.0,22896000,Yahoo Finance daily
2026-06-29,us,OKLO,,51.400001525878906,53.58000183105469,50.5099983215332,52.7599983215332,9071100,Yahoo Finance daily
2026-06-30,us,OKLO,,53.084999084472656,53.22999954223633,50.7599983215332,52.33000183105469,7265500,Yahoo Finance daily
2026-07-01,us,OKLO,,53.630001068115234,54.31499862670898,51.5099983215332,52.45000076293945,9716900,Yahoo Finance daily
2026-07-02,us,OKLO,,52.79999923706055,56.34000015258789,50.68999862670898,52.36000061035156,9657200,Yahoo Finance daily
2026-07-06,us,OKLO,,51.400001525878906,53.08000183105469,50.25,51.84000015258789,8369700,Yahoo Finance daily
2026-07-07,us,OKLO,,50.84999847412109,51.38399887084961,46.95000076293945,47.900001525878906,11251500,Yahoo Finance daily
2026-07-08,,,,47.53499984741211,48.61000061035156,45.83000183105469,47.279998779296875,7136700,
2026-07-09,,,,47.849998474121094,50.22999954223633,47.290000915527344,49.27000045776367,7277200,
2026-07-10,,,,49.435001373291016,50.650001525878906,47.630001068115234,48.849998474121094,6619400,
2026-07-13,,,,47.720001220703125,48.119998931884766,45.07099914550781,45.810001373291016,10094500,
2026-07-14,,,,46.959999084472656,47.41699981689453,45.439998626708984,46.2400016784668,6568300,
2026-07-15,,,,46.790000915527344,47.52000045776367,44.15999984741211,45.689998626708984,6895000,
2026-07-16,,,,44.29999923706055,44.36000061035156,40.97999954223633,41.70000076293945,11488100,
2026-07-17,,,,40.47999954223633,42.59000015258789,39.529998779296875,41.11000061035156,9201000,
2026-07-20,,,,41.25,42.810001373291016,40.75,41.5099983215332,6688200,
2026-07-21,,,,42.400001525878906,44.189998626708984,42.26499938964844,44.130001068115234,9729700,
2026-07-22,us,OKLO,OKLO,45.20000076293945,47.5099983215332,44.08100128173828,44.5,10504600,Yahoo Finance OKLO
2026-07-23,us,OKLO,OKLO,43.08000183105469,44.59000015258789,42.2400016784668,44.0,8343900,Yahoo Finance OKLO
2026-07-24,us,OKLO,OKLO,43.59000015258789,43.60300064086914,41.41999816894531,41.47990036010742,1433513,Yahoo Finance OKLO
2026-07-27,us,OKLO,OKLO,40.79999923706055,42.6349983215332,40.099998474121094,41.810001373291016,7973400,Yahoo Finance OKLO
2026-07-28,us,OKLO,OKLO,40.38999938964844,40.65399932861328,37.79999923706055,39.58000183105469,8652800,Yahoo Finance OKLO
2026-07-29,us,OKLO,OKLO,38.9900016784668,39.45000076293945,36.61000061035156,36.84000015258789,8491100,Yahoo Finance OKLO
2026-07-30,us,OKLO,OKLO,38.150001525878906,41.56999969482422,37.599998474121094,41.09000015258789,10019200,Yahoo Finance OKLO
2026-07-31,us,OKLO,OKLO,42.040000915527344,42.47999954223633,38.83000183105469,38.83000183105469,8787800,Yahoo Finance OKLO
2026-08-03,us,OKLO,OKLO,38.79999923706055,42.04999923706055,38.0099983215332,41.220001220703125,8458900,Yahoo Finance OKLO
2026-08-04,us,OKLO,OKLO,42.11000061035156,44.2400016784668,41.70000076293945,43.33000183105469,8718300,Yahoo Finance OKLO
2026-08-05,us,OKLO,OKLO,43.029998779296875,44.15999984741211,42.41999816894531,42.9900016784668,5165600,Yahoo Finance OKLO
2026-08-06,us,OKLO,OKLO,43.34000015258789,44.029998779296875,41.599998474121094,42.189998626708984,10735000,Yahoo Finance OKLO
2026-08-07,us,OKLO,OKLO,44.290000915527344,49.47999954223633,43.849998474121094,48.41999816894531,22048200,Yahoo Finance OKLO
2026-08-10,us,OKLO,OKLO,47.22999954223633,47.45000076293945,44.130001068115234,44.4900016784668,14205800,Yahoo Finance OKLO
2026-08-11,us,OKLO,OKLO,45.0,47.40999984741211,44.27000045776367,47.0099983215332,10907600,Yahoo Finance OKLO
2026-08-12,us,OKLO,OKLO,47.91999816894531,48.189998626708984,44.5099983215332,45.130001068115234,8848200,Yahoo Finance OKLO
2026-08-13,us,OKLO,OKLO,44.91999816894531,47.720001220703125,44.380001068115234,46.45000076293945,9144800,Yahoo Finance OKLO
2026-08-14,us,OKLO,OKLO,46.5099983215332,47.2599983215332,44.314998626708984,44.380001068115234,7964700,Yahoo Finance OKLO
2026-08-17,us,OKLO,OKLO,44.099998474121094,44.65800094604492,43.5,43.880001068115234,6159400,Yahoo Finance OKLO
2026-08-18,us,OKLO,OKLO,42.06999969482422,42.9900016784668,41.16999816894531,41.36000061035156,7700500,Yahoo Finance OKLO
2026-08-19,us,OKLO,OKLO,41.150001525878906,43.02000045776367,40.29999923706055,42.939998626708984,7689900,Yahoo Finance OKLO
2026-08-20,us,OKLO,OKLO,42.29999923706055,42.83000183105469,40.77000045776367,41.65999984741211,6346800,Yahoo Finance OKLO
2026-08-21,us,OKLO,OKLO,42.040000915527344,43.68000030517578,41.38999938964844,42.09000015258789,6499100,Yahoo Finance OKLO
2026-08-24,us,OKLO,OKLO,41.1349983215332,41.29999923706055,39.41999816894531,39.689998626708984,7593500,Yahoo Finance OKLO
