date,market,symbol,name,open,high,low,close,volume,source
2021-04-16,us,RXRX,,30.0,33.0,25.170000076293945,31.299999237060547,5687300,Yahoo Finance daily
2021-04-19,us,RXRX,,28.677000045776367,29.049999237060547,25.209999084472656,28.0,1016600,Yahoo Finance daily
2021-04-20,us,RXRX,,27.31999969482422,31.920000076293945,26.920000076293945,29.940000534057617,895400,Yahoo Finance daily
2021-04-21,us,RXRX,,29.5,35.0,28.850000381469727,32.54999923706055,1077600,Yahoo Finance daily
2021-04-22,us,RXRX,,33.63999938964844,34.099998474121094,30.084999084472656,31.25,2341600,Yahoo Finance daily
2021-04-23,us,RXRX,,31.479999542236328,32.04999923706055,29.420000076293945,29.850000381469727,273500,Yahoo Finance daily
2021-04-26,us,RXRX,,30.0,31.270000457763672,29.799999237060547,30.420000076293945,341600,Yahoo Finance daily
2021-04-27,us,RXRX,,30.809999465942383,33.4900016784668,30.809999465942383,31.440000534057617,244900,Yahoo Finance daily
2021-04-28,us,RXRX,,31.81999969482422,32.9900016784668,31.020000457763672,31.3700008392334,223800,Yahoo Finance daily
2021-04-29,us,RXRX,,31.780000686645508,34.77000045776367,31.040000915527344,34.02000045776367,291200,Yahoo Finance daily
2021-04-30,us,RXRX,,34.470001220703125,35.779998779296875,31.559999465942383,33.400001525878906,509200,Yahoo Finance daily
2021-05-03,us,RXRX,,33.810001373291016,34.2400016784668,32.43000030517578,33.02000045776367,198900,Yahoo Finance daily
2021-05-04,us,RXRX,,32.540000915527344,33.45000076293945,30.549999237060547,33.41999816894531,328900,Yahoo Finance daily
2021-05-05,us,RXRX,,33.369998931884766,33.39400100708008,31.73500061035156,32.41999816894531,127900,Yahoo Finance daily
2021-05-06,us,RXRX,,32.27000045776367,32.435001373291016,26.899999618530277,28.0,389400,Yahoo Finance daily
2021-05-07,us,RXRX,,28.420000076293945,29.26000022888184,26.65999984741211,27.729999542236328,365500,Yahoo Finance daily
2021-05-10,us,RXRX,,28.18000030517578,28.700000762939453,22.770000457763672,23.040000915527344,495800,Yahoo Finance daily
2021-05-11,us,RXRX,,22.01000022888184,23.229999542236328,21.059999465942383,22.65999984741211,506700,Yahoo Finance daily
2021-05-12,us,RXRX,,22.59000015258789,23.3799991607666,21.30699920654297,22.229999542236328,640800,Yahoo Finance daily
2021-05-13,us,RXRX,,22.31999969482422,23.795000076293945,19.68000030517578,21.059999465942383,303900,Yahoo Finance daily
2021-05-14,us,RXRX,,21.290000915527344,22.350000381469727,20.020000457763672,21.18000030517578,599600,Yahoo Finance daily
2021-05-17,us,RXRX,,21.489999771118164,22.34000015258789,21.190000534057617,21.84000015258789,454300,Yahoo Finance daily
2021-05-18,us,RXRX,,22.3799991607666,23.89699935913086,21.86000061035156,22.81999969482422,445500,Yahoo Finance daily
2021-05-19,us,RXRX,,22.209999084472656,22.979999542236328,20.850000381469727,21.09000015258789,604800,Yahoo Finance daily
2021-05-20,us,RXRX,,21.540000915527344,23.06999969482422,21.51000022888184,22.75,309600,Yahoo Finance daily
2021-05-21,us,RXRX,,23.290000915527344,25.790000915527344,23.09000015258789,25.25,467800,Yahoo Finance daily
2021-05-24,us,RXRX,,25.6200008392334,25.6200008392334,24.0,24.530000686645508,201100,Yahoo Finance daily
2021-05-25,us,RXRX,,24.68000030517578,25.84000015258789,23.90999984741211,24.06999969482422,263200,Yahoo Finance daily
2021-05-26,us,RXRX,,24.06999969482422,25.1200008392334,23.61000061035156,24.63999938964844,239200,Yahoo Finance daily
2021-05-27,us,RXRX,,24.899999618530277,25.420000076293945,24.239999771118164,25.270000457763672,131000,Yahoo Finance daily
2021-05-28,us,RXRX,,25.59000015258789,26.899999618530277,25.170000076293945,26.36000061035156,413900,Yahoo Finance daily
2021-06-01,us,RXRX,,26.690000534057617,28.795000076293945,25.520000457763672,28.479999542236328,267700,Yahoo Finance daily
2021-06-02,us,RXRX,,28.729999542236328,29.69499969482422,28.26000022888184,29.040000915527344,247400,Yahoo Finance daily
2021-06-03,us,RXRX,,28.63999938964844,29.15999984741211,28.299999237060547,28.420000076293945,221200,Yahoo Finance daily
2021-06-04,us,RXRX,,28.729999542236328,29.96500015258789,28.57999992370605,29.420000076293945,199900,Yahoo Finance daily
2021-06-07,us,RXRX,,29.8700008392334,29.899999618530277,27.6299991607666,27.709999084472656,195100,Yahoo Finance daily
2021-06-08,us,RXRX,,27.700000762939453,29.888999938964844,27.3700008392334,29.799999237060547,224500,Yahoo Finance daily
2021-06-09,us,RXRX,,30.0,30.6299991607666,28.3799991607666,30.200000762939453,232500,Yahoo Finance daily
2021-06-10,us,RXRX,,30.0,30.94499969482422,29.475000381469727,30.229999542236328,331800,Yahoo Finance daily
2021-06-11,us,RXRX,,30.0,31.739999771118164,29.959999084472656,31.229999542236328,430800,Yahoo Finance daily
2021-06-14,us,RXRX,,31.440000534057617,34.20000076293945,31.440000534057617,33.15999984741211,431700,Yahoo Finance daily
2021-06-15,us,RXRX,,33.09000015258789,33.83000183105469,31.63999938964844,32.7599983215332,538600,Yahoo Finance daily
2021-06-16,us,RXRX,,32.900001525878906,34.189998626708984,32.900001525878906,33.79999923706055,555800,Yahoo Finance daily
2021-06-17,us,RXRX,,33.630001068115234,35.7400016784668,33.290000915527344,35.040000915527344,723300,Yahoo Finance daily
2021-06-18,us,RXRX,,35.45000076293945,37.709999084472656,34.599998474121094,36.43000030517578,1846100,Yahoo Finance daily
2021-06-21,us,RXRX,,37.0,37.84999847412109,36.43000030517578,37.41999816894531,559100,Yahoo Finance daily
2021-06-22,us,RXRX,,37.720001220703125,37.720001220703125,35.53499984741211,35.709999084472656,474500,Yahoo Finance daily
2021-06-23,us,RXRX,,35.880001068115234,36.79999923706055,33.209999084472656,33.5099983215332,307200,Yahoo Finance daily
2021-06-24,us,RXRX,,33.459999084472656,35.0099983215332,33.02000045776367,34.810001373291016,240400,Yahoo Finance daily
2021-06-25,us,RXRX,,34.86000061035156,35.0,33.27000045776367,33.77000045776367,2882700,Yahoo Finance daily
2021-06-28,us,RXRX,,34.439998626708984,37.0099983215332,33.83000183105469,36.9900016784668,353800,Yahoo Finance daily
2021-06-29,us,RXRX,,37.369998931884766,38.38999938964844,36.400001525878906,37.310001373291016,336200,Yahoo Finance daily
2021-06-30,us,RXRX,,37.369998931884766,38.0,34.68000030517578,36.5,353200,Yahoo Finance daily
2021-07-01,us,RXRX,,36.720001220703125,37.59000015258789,35.599998474121094,35.9900016784668,262200,Yahoo Finance daily
2021-07-02,us,RXRX,,36.18000030517578,36.84000015258789,35.18000030517578,36.70000076293945,243100,Yahoo Finance daily
2021-07-06,us,RXRX,,37.25,38.84999847412109,36.7400016784668,37.959999084472656,321000,Yahoo Finance daily
2021-07-07,us,RXRX,,38.18999862670898,38.45000076293945,37.310001373291016,38.130001068115234,495100,Yahoo Finance daily
2021-07-08,us,RXRX,,37.400001525878906,39.2400016784668,35.20000076293945,38.83000183105469,347500,Yahoo Finance daily
2021-07-09,us,RXRX,,38.869998931884766,42.060001373291016,38.83000183105469,40.150001525878906,490200,Yahoo Finance daily
2021-07-12,us,RXRX,,40.5099983215332,42.11000061035156,39.36100006103516,40.630001068115234,327000,Yahoo Finance daily
2021-07-13,us,RXRX,,40.61000061035156,42.810001373291016,40.13999938964844,41.33000183105469,366300,Yahoo Finance daily
2021-07-14,us,RXRX,,41.18999862670898,41.18999862670898,33.150001525878906,33.310001373291016,820700,Yahoo Finance daily
2021-07-15,us,RXRX,,33.279998779296875,34.650001525878906,30.940000534057617,32.4900016784668,405100,Yahoo Finance daily
2021-07-16,us,RXRX,,32.7599983215332,34.81999969482422,32.52000045776367,33.02000045776367,229200,Yahoo Finance daily
2021-07-19,us,RXRX,,32.689998626708984,35.689998626708984,32.59000015258789,33.66999816894531,387200,Yahoo Finance daily
2021-07-20,us,RXRX,,33.810001373291016,37.470001220703125,33.810001373291016,34.90999984741211,490700,Yahoo Finance daily
2021-07-21,us,RXRX,,34.779998779296875,36.880001068115234,34.0,35.9900016784668,216700,Yahoo Finance daily
2021-07-22,us,RXRX,,36.650001525878906,37.61000061035156,35.439998626708984,35.9900016784668,189700,Yahoo Finance daily
2021-07-23,us,RXRX,,35.7400016784668,36.97200012207031,34.52000045776367,35.060001373291016,200700,Yahoo Finance daily
2021-07-26,us,RXRX,,35.15999984741211,35.61000061035156,32.560001373291016,33.209999084472656,203500,Yahoo Finance daily
2021-07-27,us,RXRX,,32.9900016784668,33.0,29.200000762939453,30.71999931335449,518800,Yahoo Finance daily
2021-07-28,us,RXRX,,30.899999618530277,32.810001373291016,30.8700008392334,32.599998474121094,220500,Yahoo Finance daily
2021-07-29,us,RXRX,,32.810001373291016,33.970001220703125,31.940000534057617,32.36000061035156,256200,Yahoo Finance daily
2021-07-30,us,RXRX,,32.380001068115234,32.64899826049805,30.01000022888184,30.350000381469727,127600,Yahoo Finance daily
2021-08-02,us,RXRX,,30.6200008392334,31.06999969482422,29.81999969482422,30.239999771118164,148400,Yahoo Finance daily
2021-08-03,us,RXRX,,29.950000762939453,31.81999969482422,29.604999542236328,31.350000381469727,196400,Yahoo Finance daily
2021-08-04,us,RXRX,,31.200000762939453,31.84000015258789,30.06999969482422,30.440000534057617,225300,Yahoo Finance daily
2021-08-05,us,RXRX,,30.549999237060547,31.450000762939453,30.11000061035156,31.3799991607666,271400,Yahoo Finance daily
2021-08-06,us,RXRX,,31.43000030517578,31.43000030517578,28.25,28.40999984741211,268200,Yahoo Finance daily
2021-08-09,us,RXRX,,28.5,28.850000381469727,27.88999938964844,28.100000381469727,274000,Yahoo Finance daily
2021-08-10,us,RXRX,,28.31999969482422,28.86000061035156,25.88999938964844,26.299999237060547,230600,Yahoo Finance daily
2021-08-11,us,RXRX,,26.209999084472656,26.65399932861328,24.351999282836918,26.190000534057617,356900,Yahoo Finance daily
2021-08-12,us,RXRX,,25.75,27.46999931335449,22.5,22.989999771118164,631500,Yahoo Finance daily
2021-08-13,us,RXRX,,22.86000061035156,23.5,21.440000534057617,22.46999931335449,753700,Yahoo Finance daily
2021-08-16,us,RXRX,,22.729999542236328,22.729999542236328,20.270000457763672,20.5,410600,Yahoo Finance daily
2021-08-17,us,RXRX,,20.200000762939453,20.5,19.520000457763672,19.899999618530277,332100,Yahoo Finance daily
2021-08-18,us,RXRX,,20.01000022888184,20.280000686645508,18.8799991607666,19.030000686645508,272800,Yahoo Finance daily
2021-08-19,us,RXRX,,18.88999938964844,19.700000762939453,17.799999237060547,19.149999618530277,468500,Yahoo Finance daily
2021-08-20,us,RXRX,,19.059999465942383,20.030000686645508,19.030000686645508,19.850000381469727,187600,Yahoo Finance daily
2021-08-23,us,RXRX,,20.32999992370605,21.947999954223636,20.049999237060547,21.600000381469727,665500,Yahoo Finance daily
2021-08-24,us,RXRX,,21.790000915527344,22.770000457763672,20.799999237060547,21.200000762939453,232700,Yahoo Finance daily
2021-08-25,us,RXRX,,21.200000762939453,23.11000061035156,20.93000030517578,22.0,377500,Yahoo Finance daily
2021-08-26,us,RXRX,,22.399999618530277,23.07999992370605,21.59000015258789,21.670000076293945,247000,Yahoo Finance daily
2021-08-27,us,RXRX,,21.690000534057617,22.799999237060547,21.5,22.51000022888184,302500,Yahoo Finance daily
2021-08-30,us,RXRX,,22.670000076293945,24.950000762939453,22.18000030517578,24.600000381469727,322900,Yahoo Finance daily
2021-08-31,us,RXRX,,24.850000381469727,25.6299991607666,24.11000061035156,25.21999931335449,370800,Yahoo Finance daily
2021-09-01,us,RXRX,,25.239999771118164,26.770000457763672,24.479999542236328,24.780000686645508,360700,Yahoo Finance daily
2021-09-02,us,RXRX,,25.049999237060547,27.309999465942383,24.059999465942383,26.63999938964844,288900,Yahoo Finance daily
2021-09-03,us,RXRX,,26.200000762939453,28.274999618530277,25.850000381469727,27.01000022888184,395300,Yahoo Finance daily
2021-09-07,us,RXRX,,27.34000015258789,29.1200008392334,27.15999984741211,28.190000534057617,559900,Yahoo Finance daily
2021-09-08,us,RXRX,,27.96999931335449,27.989999771118164,25.920000076293945,26.76000022888184,299500,Yahoo Finance daily
2021-09-09,us,RXRX,,26.5,29.399999618530277,26.440000534057617,28.82999992370605,546300,Yahoo Finance daily
2021-09-10,us,RXRX,,28.540000915527344,29.059999465942383,26.440000534057617,28.290000915527344,1098600,Yahoo Finance daily
2021-09-13,us,RXRX,,28.59000015258789,29.36000061035156,25.93000030517578,26.09000015258789,616100,Yahoo Finance daily
2021-09-14,us,RXRX,,26.09000015258789,27.799999237060547,25.549999237060547,25.770000457763672,538800,Yahoo Finance daily
2021-09-15,us,RXRX,,25.8700008392334,25.8700008392334,23.84000015258789,23.950000762939453,743500,Yahoo Finance daily
2021-09-16,us,RXRX,,23.690000534057617,25.290000915527344,22.80500030517578,24.26000022888184,1430300,Yahoo Finance daily
2021-09-17,us,RXRX,,24.32999992370605,27.3799991607666,24.1299991607666,26.809999465942383,3063700,Yahoo Finance daily
2021-09-20,us,RXRX,,25.979999542236328,27.649999618530277,24.950000762939453,26.09000015258789,1173500,Yahoo Finance daily
2021-09-21,us,RXRX,,26.93000030517578,27.256999969482425,24.780000686645508,25.479999542236328,456200,Yahoo Finance daily
2021-09-22,us,RXRX,,25.290000915527344,25.670000076293945,24.26000022888184,24.399999618530277,416100,Yahoo Finance daily
2021-09-23,us,RXRX,,24.420000076293945,24.8799991607666,23.600000381469727,24.649999618530277,283100,Yahoo Finance daily
2021-09-24,us,RXRX,,24.350000381469727,25.440000534057617,24.290000915527344,24.520000457763672,199200,Yahoo Finance daily
2021-09-27,us,RXRX,,24.479999542236328,26.0,23.979999542236328,24.670000076293945,202000,Yahoo Finance daily
2021-09-28,us,RXRX,,24.309999465942383,24.61000061035156,22.3700008392334,22.920000076293945,263900,Yahoo Finance daily
2021-09-29,us,RXRX,,22.920000076293945,23.100000381469727,21.190000534057617,22.1299991607666,304700,Yahoo Finance daily
2021-09-30,us,RXRX,,22.21999931335449,23.739999771118164,21.38999938964844,23.01000022888184,507300,Yahoo Finance daily
2021-10-01,us,RXRX,,22.96999931335449,23.86000061035156,20.65999984741211,21.86000061035156,672800,Yahoo Finance daily
2021-10-04,us,RXRX,,21.88999938964844,23.38999938964844,20.114999771118164,20.61000061035156,747300,Yahoo Finance daily
2021-10-05,us,RXRX,,20.59000015258789,21.989999771118164,20.479999542236328,21.34000015258789,491300,Yahoo Finance daily
2021-10-06,us,RXRX,,21.100000381469727,21.979999542236328,18.09000015258789,18.489999771118164,1135700,Yahoo Finance daily
2021-10-07,us,RXRX,,18.799999237060547,20.149999618530277,18.57099914550781,20.0,1189100,Yahoo Finance daily
2021-10-08,us,RXRX,,20.030000686645508,20.3799991607666,18.11000061035156,18.68000030517578,561100,Yahoo Finance daily
2021-10-11,us,RXRX,,18.82999992370605,19.01499938964844,17.139999389648438,18.3700008392334,928000,Yahoo Finance daily
2021-10-12,us,RXRX,,18.549999237060547,18.940000534057617,17.600000381469727,17.860000610351562,610800,Yahoo Finance daily
2021-10-13,us,RXRX,,17.700000762939453,20.399999618530277,17.700000762939453,19.739999771118164,1148800,Yahoo Finance daily
2021-10-14,us,RXRX,,19.8700008392334,20.16399955749512,19.520000457763672,19.899999618530277,718800,Yahoo Finance daily
2021-10-15,us,RXRX,,19.899999618530277,20.15999984741211,18.75,19.040000915527344,903100,Yahoo Finance daily
2021-10-18,us,RXRX,,18.790000915527344,19.729999542236328,18.030000686645508,19.299999237060547,1280500,Yahoo Finance daily
2021-10-19,us,RXRX,,19.46999931335449,19.93000030517578,19.06999969482422,19.71999931335449,914700,Yahoo Finance daily
2021-10-20,us,RXRX,,19.71999931335449,20.01000022888184,18.280000686645508,18.450000762939453,1135700,Yahoo Finance daily
2021-10-21,us,RXRX,,18.549999237060547,19.559999465942383,18.07999992370605,18.36000061035156,1008600,Yahoo Finance daily
2021-10-22,us,RXRX,,18.149999618530277,18.149999618530277,16.5,17.770000457763672,1269800,Yahoo Finance daily
2021-10-25,us,RXRX,,17.799999237060547,18.3700008392334,17.40999984741211,18.26000022888184,836100,Yahoo Finance daily
2021-10-26,us,RXRX,,18.350000381469727,19.290000915527344,17.799999237060547,18.559999465942383,1760400,Yahoo Finance daily
2021-10-27,us,RXRX,,18.479999542236328,19.57999992370605,18.25,18.850000381469727,1046300,Yahoo Finance daily
2021-10-28,us,RXRX,,18.979999542236328,19.40999984741211,18.479999542236328,19.36000061035156,795300,Yahoo Finance daily
2021-10-29,us,RXRX,,19.100000381469727,19.59000015258789,18.65999984741211,19.149999618530277,713200,Yahoo Finance daily
2021-11-01,us,RXRX,,19.25,20.200000762939453,19.09000015258789,20.18000030517578,1429300,Yahoo Finance daily
2021-11-02,us,RXRX,,19.780000686645508,20.809999465942383,19.420000076293945,20.68000030517578,1547500,Yahoo Finance daily
2021-11-03,us,RXRX,,20.790000915527344,20.790000915527344,19.59000015258789,20.09000015258789,858500,Yahoo Finance daily
2021-11-04,us,RXRX,,20.170000076293945,20.63999938964844,19.36000061035156,19.520000457763672,1777000,Yahoo Finance daily
2021-11-05,us,RXRX,,19.200000762939453,19.899999618530277,18.540000915527344,19.21999931335449,798600,Yahoo Finance daily
2021-11-08,us,RXRX,,19.350000381469727,20.149999618530277,19.290000915527344,19.43000030517578,628700,Yahoo Finance daily
2021-11-09,us,RXRX,,19.489999771118164,19.75,18.799999237060547,19.600000381469727,1227000,Yahoo Finance daily
2021-11-10,us,RXRX,,16.68000030517578,18.0,15.720000267028809,16.139999389648438,2039800,Yahoo Finance daily
2021-11-11,us,RXRX,,16.5,18.3700008392334,16.229999542236328,17.809999465942383,1725400,Yahoo Finance daily
2021-11-12,us,RXRX,,17.790000915527344,18.8799991607666,17.56999969482422,18.780000686645508,828400,Yahoo Finance daily
2021-11-15,us,RXRX,,18.959999084472656,19.440000534057617,18.6200008392334,18.75,777300,Yahoo Finance daily
2021-11-16,us,RXRX,,18.71999931335449,20.2450008392334,18.690000534057617,20.0,1261900,Yahoo Finance daily
2021-11-17,us,RXRX,,19.459999084472656,20.170000076293945,19.34000015258789,19.420000076293945,907400,Yahoo Finance daily
2021-11-18,us,RXRX,,19.34000015258789,19.565000534057617,17.860000610351562,19.229999542236328,952600,Yahoo Finance daily
2021-11-19,us,RXRX,,19.15999984741211,20.280000686645508,19.07999992370605,19.809999465942383,1065900,Yahoo Finance daily
2021-11-22,us,RXRX,,19.450000762939453,19.739999771118164,16.479999542236328,16.649999618530273,2371500,Yahoo Finance daily
2021-11-23,us,RXRX,,16.760000228881836,17.239999771118164,15.25,16.260000228881836,1948100,Yahoo Finance daily
2021-11-24,us,RXRX,,16.5,19.1299991607666,16.3799991607666,18.799999237060547,2205800,Yahoo Finance daily
2021-11-26,us,RXRX,,18.459999084472656,19.229999542236328,18.010000228881836,18.90999984741211,1043800,Yahoo Finance daily
2021-11-29,us,RXRX,,19.030000686645508,19.59000015258789,18.4950008392334,18.979999542236328,1632200,Yahoo Finance daily
2021-11-30,us,RXRX,,19.0,19.899999618530277,18.5,19.1200008392334,2149700,Yahoo Finance daily
2021-12-01,us,RXRX,,19.25,19.28899955749512,17.43000030517578,17.479999542236328,1630100,Yahoo Finance daily
2021-12-02,us,RXRX,,17.450000762939453,19.049999237060547,17.239999771118164,19.01000022888184,1300400,Yahoo Finance daily
2021-12-03,us,RXRX,,19.030000686645508,19.11000061035156,16.850000381469727,17.719999313354492,1401700,Yahoo Finance daily
2021-12-06,us,RXRX,,17.709999084472656,19.059999465942383,17.100000381469727,18.479999542236328,2099200,Yahoo Finance daily
2021-12-07,us,RXRX,,18.6299991607666,21.18899917602539,18.6299991607666,20.71999931335449,3148200,Yahoo Finance daily
2021-12-08,us,RXRX,,20.104999542236328,20.6200008392334,19.440000534057617,19.809999465942383,2927200,Yahoo Finance daily
2021-12-09,us,RXRX,,19.71999931335449,20.13999938964844,18.82999992370605,18.84000015258789,1641100,Yahoo Finance daily
2021-12-10,us,RXRX,,18.86000061035156,19.729999542236328,18.31999969482422,18.979999542236328,1584600,Yahoo Finance daily
2021-12-13,us,RXRX,,19.09000015258789,20.209999084472656,18.440000534057617,19.43000030517578,1439500,Yahoo Finance daily
2021-12-14,us,RXRX,,18.80500030517578,19.940000534057617,18.200000762939453,18.6200008392334,1183100,Yahoo Finance daily
2021-12-15,us,RXRX,,18.459999084472656,19.82999992370605,17.75,19.75,2590600,Yahoo Finance daily
2021-12-16,us,RXRX,,19.700000762939453,20.149999618530277,17.5049991607666,17.700000762939453,2266500,Yahoo Finance daily
2021-12-17,us,RXRX,,17.860000610351562,19.07999992370605,16.690000534057617,18.15999984741211,16947300,Yahoo Finance daily
2021-12-20,us,RXRX,,18.15999984741211,19.5,17.540000915527344,19.290000915527344,2041000,Yahoo Finance daily
2021-12-21,us,RXRX,,19.5,19.5,18.170000076293945,18.90999984741211,1679900,Yahoo Finance daily
2021-12-22,us,RXRX,,18.15999984741211,18.649999618530277,17.510000228881836,18.299999237060547,1280500,Yahoo Finance daily
2021-12-23,us,RXRX,,18.13999938964844,18.26499938964844,16.559999465942383,16.780000686645508,1783400,Yahoo Finance daily
2021-12-27,us,RXRX,,16.690000534057617,17.40999984741211,16.280000686645508,16.739999771118164,911000,Yahoo Finance daily
2021-12-28,us,RXRX,,16.770000457763672,18.100000381469727,16.700000762939453,16.889999389648438,1029000,Yahoo Finance daily
2021-12-29,us,RXRX,,16.860000610351562,17.15999984741211,16.440000534057617,16.920000076293945,637000,Yahoo Finance daily
2021-12-30,us,RXRX,,17.100000381469727,17.770000457763672,16.799999237060547,17.479999542236328,880300,Yahoo Finance daily
2021-12-31,us,RXRX,,17.489999771118164,17.93000030517578,16.850000381469727,17.1299991607666,716100,Yahoo Finance daily
2022-01-03,us,RXRX,,17.200000762939453,18.049999237060547,16.350000381469727,18.030000686645508,1075400,Yahoo Finance daily
2022-01-04,us,RXRX,,17.780000686645508,18.18000030517578,17.350000381469727,18.020000457763672,1359800,Yahoo Finance daily
2022-01-05,us,RXRX,,17.93000030517578,18.229999542236328,16.309999465942383,16.350000381469727,1495000,Yahoo Finance daily
2022-01-06,us,RXRX,,16.360000610351562,16.81999969482422,15.760000228881836,16.5,808400,Yahoo Finance daily
2022-01-07,us,RXRX,,16.389999389648438,17.149999618530273,15.720000267028809,15.800000190734863,635900,Yahoo Finance daily
2022-01-10,us,RXRX,,15.5600004196167,15.75,14.25,15.4399995803833,1266100,Yahoo Finance daily
2022-01-11,us,RXRX,,15.489999771118164,16.049999237060547,15.25,15.729999542236328,426600,Yahoo Finance daily
2022-01-12,us,RXRX,,16.040000915527344,16.40999984741211,14.789999961853027,14.81999969482422,641800,Yahoo Finance daily
2022-01-13,us,RXRX,,15.0,15.149999618530272,13.800000190734863,13.899999618530272,890900,Yahoo Finance daily
2022-01-14,us,RXRX,,13.65999984741211,14.220000267028809,13.079999923706056,13.8100004196167,1774200,Yahoo Finance daily
2022-01-18,us,RXRX,,13.75,13.75,12.25,12.270000457763672,1048900,Yahoo Finance daily
2022-01-19,us,RXRX,,12.529999732971191,12.779999732971191,12.0,12.239999771118164,1755200,Yahoo Finance daily
2022-01-20,us,RXRX,,12.5,13.779999732971191,12.329999923706056,12.460000038146973,1954000,Yahoo Finance daily
2022-01-21,us,RXRX,,12.25,12.579999923706056,11.210000038146973,11.25,1008000,Yahoo Finance daily
2022-01-24,us,RXRX,,11.149999618530272,11.93000030517578,10.350000381469728,11.789999961853027,1406100,Yahoo Finance daily
2022-01-25,us,RXRX,,11.369999885559082,11.970000267028809,10.994999885559082,11.619999885559082,1312000,Yahoo Finance daily
2022-01-26,us,RXRX,,12.020000457763672,12.529999732971191,10.989999771118164,11.079999923706056,1052600,Yahoo Finance daily
2022-01-27,us,RXRX,,11.520000457763672,12.0,10.149999618530272,10.220000267028809,864300,Yahoo Finance daily
2022-01-28,us,RXRX,,10.239999771118164,10.75,9.859999656677246,10.729999542236328,1284500,Yahoo Finance daily
2022-01-31,us,RXRX,,10.779999732971191,11.859999656677246,10.779999732971191,11.84000015258789,1016100,Yahoo Finance daily
2022-02-01,us,RXRX,,11.630000114440918,12.600000381469728,11.449999809265137,12.359999656677246,749500,Yahoo Finance daily
2022-02-02,us,RXRX,,12.5,12.600000381469728,11.420000076293944,11.760000228881836,843000,Yahoo Finance daily
2022-02-03,us,RXRX,,11.40999984741211,11.979999542236328,11.260000228881836,11.329999923706056,647000,Yahoo Finance daily
2022-02-04,us,RXRX,,11.25,11.649999618530272,10.979999542236328,11.399999618530272,775400,Yahoo Finance daily
2022-02-07,us,RXRX,,11.399999618530272,12.09000015258789,11.369999885559082,11.630000114440918,619600,Yahoo Finance daily
2022-02-08,us,RXRX,,11.600000381469728,11.81999969482422,11.06999969482422,11.489999771118164,456100,Yahoo Finance daily
2022-02-09,us,RXRX,,11.84000015258789,12.425000190734863,11.84000015258789,12.34000015258789,714800,Yahoo Finance daily
2022-02-10,us,RXRX,,11.859999656677246,12.890000343322754,11.579999923706056,11.789999961853027,745400,Yahoo Finance daily
2022-02-11,us,RXRX,,11.8100004196167,12.699999809265137,11.760000228881836,11.989999771118164,668700,Yahoo Finance daily
2022-02-14,us,RXRX,,12.020000457763672,12.270000457763672,11.125,11.31999969482422,777000,Yahoo Finance daily
2022-02-15,us,RXRX,,11.739999771118164,12.210000038146973,11.630000114440918,11.899999618530272,1042800,Yahoo Finance daily
2022-02-16,us,RXRX,,11.880000114440918,11.880000114440918,11.199999809265137,11.619999885559082,668500,Yahoo Finance daily
2022-02-17,us,RXRX,,11.449999809265137,11.8100004196167,10.510000228881836,10.630000114440918,1337900,Yahoo Finance daily
2022-02-18,us,RXRX,,10.699999809265137,10.869999885559082,10.039999961853027,10.199999809265137,826300,Yahoo Finance daily
2022-02-22,us,RXRX,,10.0600004196167,10.609999656677246,9.90999984741211,10.15999984741211,876100,Yahoo Finance daily
2022-02-23,us,RXRX,,10.31999969482422,10.604999542236328,9.859999656677246,10.010000228881836,949000,Yahoo Finance daily
2022-02-24,us,RXRX,,9.5,10.859999656677246,9.460000038146973,10.8100004196167,945700,Yahoo Finance daily
2022-02-25,us,RXRX,,10.859999656677246,10.859999656677246,10.149999618530272,10.739999771118164,549500,Yahoo Finance daily
2022-02-28,us,RXRX,,10.65999984741211,11.31999969482422,10.479999542236328,10.949999809265137,843600,Yahoo Finance daily
2022-03-01,us,RXRX,,10.779999732971191,11.300000190734863,10.56999969482422,10.760000228881836,1154600,Yahoo Finance daily
2022-03-02,us,RXRX,,10.850000381469728,10.960000038146973,10.529999732971191,10.739999771118164,435600,Yahoo Finance daily
2022-03-03,us,RXRX,,10.550000190734863,10.800000190734863,9.529999732971191,9.699999809265137,1104000,Yahoo Finance daily
2022-03-04,us,RXRX,,9.220000267028809,9.649999618530272,7.46999979019165,7.650000095367432,3286300,Yahoo Finance daily
2022-03-07,us,RXRX,,7.53000020980835,7.769999980926514,7.010000228881836,7.090000152587891,2561200,Yahoo Finance daily
2022-03-08,us,RXRX,,7.150000095367432,7.570000171661377,6.599999904632568,7.119999885559082,1235000,Yahoo Finance daily
2022-03-09,us,RXRX,,7.510000228881836,7.889999866485596,7.199999809265137,7.699999809265137,970300,Yahoo Finance daily
2022-03-10,us,RXRX,,7.440000057220459,7.610000133514404,7.139999866485596,7.309999942779541,810000,Yahoo Finance daily
2022-03-11,us,RXRX,,7.420000076293945,7.449999809265137,6.710000038146973,6.75,1058200,Yahoo Finance daily
2022-03-14,us,RXRX,,6.699999809265137,7.166999816894531,6.059999942779541,6.159999847412109,2222500,Yahoo Finance daily
2022-03-15,us,RXRX,,6.199999809265137,6.380000114440918,5.804999828338623,6.25,1423100,Yahoo Finance daily
2022-03-16,us,RXRX,,6.360000133514404,6.71999979019165,6.050000190734863,6.570000171661377,1653500,Yahoo Finance daily
2022-03-17,us,RXRX,,6.489999771118164,7.019999980926514,6.349999904632568,6.920000076293945,1337100,Yahoo Finance daily
2022-03-18,us,RXRX,,6.920000076293945,7.46999979019165,6.920000076293945,7.170000076293945,7004900,Yahoo Finance daily
2022-03-21,us,RXRX,,7.179999828338623,7.304999828338623,6.460000038146973,6.619999885559082,1325200,Yahoo Finance daily
2022-03-22,us,RXRX,,6.679999828338623,7.010000228881836,6.650000095367432,6.989999771118164,982900,Yahoo Finance daily
2022-03-23,us,RXRX,,6.920000076293945,7.309999942779541,6.659999847412109,6.909999847412109,735900,Yahoo Finance daily
2022-03-24,us,RXRX,,6.820000171661377,7.170000076293945,6.599999904632568,6.940000057220459,858200,Yahoo Finance daily
2022-03-25,us,RXRX,,6.949999809265137,6.949999809265137,6.610000133514404,6.760000228881836,748600,Yahoo Finance daily
2022-03-28,us,RXRX,,6.769999980926514,7.070000171661377,6.590000152587891,6.869999885559082,634200,Yahoo Finance daily
2022-03-29,us,RXRX,,6.96999979019165,7.539999961853027,6.909999847412109,7.320000171661377,891900,Yahoo Finance daily
2022-03-30,us,RXRX,,7.210000038146973,7.539999961853027,7.070000171661377,7.130000114440918,616300,Yahoo Finance daily
2022-03-31,us,RXRX,,7.110000133514404,7.289999961853027,7.010000228881836,7.159999847412109,824600,Yahoo Finance daily
2022-04-01,us,RXRX,,7.170000076293945,7.775000095367432,7.170000076293945,7.690000057220459,960300,Yahoo Finance daily
2022-04-04,us,RXRX,,7.710000038146973,7.935999870300293,7.670000076293945,7.800000190734863,842600,Yahoo Finance daily
2022-04-05,us,RXRX,,7.670000076293945,7.885000228881836,7.019999980926514,7.119999885559082,1280100,Yahoo Finance daily
2022-04-06,us,RXRX,,7.019999980926514,7.079999923706055,6.349999904632568,6.650000095367432,1260500,Yahoo Finance daily
2022-04-07,us,RXRX,,6.610000133514404,6.860000133514404,6.199999809265137,6.690000057220459,908200,Yahoo Finance daily
2022-04-08,us,RXRX,,6.550000190734863,6.940000057220459,6.300000190734863,6.650000095367432,1912200,Yahoo Finance daily
2022-04-11,us,RXRX,,6.5,7.170000076293945,6.5,6.880000114440918,1802700,Yahoo Finance daily
2022-04-12,us,RXRX,,7.0,7.349999904632568,6.929999828338623,7.199999809265137,1265600,Yahoo Finance daily
2022-04-13,us,RXRX,,7.050000190734863,7.840000152587891,7.050000190734863,7.730000019073486,596500,Yahoo Finance daily
2022-04-14,us,RXRX,,7.730000019073486,7.730000019073486,7.329999923706055,7.460000038146973,1181600,Yahoo Finance daily
2022-04-18,us,RXRX,,6.909999847412109,7.090000152587891,6.449999809265137,6.53000020980835,1892100,Yahoo Finance daily
2022-04-19,us,RXRX,,6.460000038146973,6.710000038146973,6.349999904632568,6.480000019073486,1352400,Yahoo Finance daily
2022-04-20,us,RXRX,,6.590000152587891,6.590000152587891,6.190000057220459,6.429999828338623,667900,Yahoo Finance daily
2022-04-21,us,RXRX,,6.510000228881836,6.659999847412109,6.019999980926514,6.139999866485596,854400,Yahoo Finance daily
2022-04-22,us,RXRX,,6.03000020980835,6.289999961853027,5.840000152587891,6.0,1063800,Yahoo Finance daily
2022-04-25,us,RXRX,,6.070000171661377,6.769999980926514,6.010000228881836,6.760000228881836,1300700,Yahoo Finance daily
2022-04-26,us,RXRX,,6.659999847412109,6.800000190734863,6.320000171661377,6.320000171661377,1038100,Yahoo Finance daily
2022-04-27,us,RXRX,,6.300000190734863,6.579999923706055,5.940000057220459,6.170000076293945,918000,Yahoo Finance daily
2022-04-28,us,RXRX,,6.239999771118164,6.369999885559082,5.71999979019165,6.329999923706055,768400,Yahoo Finance daily
2022-04-29,us,RXRX,,6.239999771118164,6.550000190734863,6.010000228881836,6.199999809265137,635200,Yahoo Finance daily
2022-05-02,us,RXRX,,6.210000038146973,6.619999885559082,6.099999904632568,6.610000133514404,751700,Yahoo Finance daily
2022-05-03,us,RXRX,,6.610000133514404,6.739999771118164,6.360000133514404,6.489999771118164,984500,Yahoo Finance daily
2022-05-04,us,RXRX,,6.539999961853027,6.980000019073486,6.119999885559082,6.920000076293945,767300,Yahoo Finance daily
2022-05-05,us,RXRX,,6.695000171661377,6.840000152587891,6.21999979019165,6.449999809265137,479600,Yahoo Finance daily
2022-05-06,us,RXRX,,6.449999809265137,6.449999809265137,5.53000020980835,6.059999942779541,1398000,Yahoo Finance daily
2022-05-09,us,RXRX,,5.820000171661377,6.090000152587891,5.53000020980835,5.559999942779541,1834000,Yahoo Finance daily
2022-05-10,us,RXRX,,5.78000020980835,5.889999866485596,5.46999979019165,5.690000057220459,1214600,Yahoo Finance daily
2022-05-11,us,RXRX,,5.460000038146973,5.78000020980835,5.03000020980835,5.039999961853027,1674800,Yahoo Finance daily
2022-05-12,us,RXRX,,4.920000076293945,5.489999771118164,4.920000076293945,5.210000038146973,1801000,Yahoo Finance daily
2022-05-13,us,RXRX,,5.400000095367432,5.909999847412109,5.369999885559082,5.639999866485596,1314800,Yahoo Finance daily
2022-05-16,us,RXRX,,5.619999885559082,5.954999923706055,5.510000228881836,5.670000076293945,716800,Yahoo Finance daily
2022-05-17,us,RXRX,,5.889999866485596,6.110000133514404,5.760000228881836,6.110000133514404,587800,Yahoo Finance daily
2022-05-18,us,RXRX,,5.829999923706055,6.03000020980835,5.492000102996826,5.619999885559082,701600,Yahoo Finance daily
2022-05-19,us,RXRX,,5.53000020980835,5.739999771118164,5.400000095367432,5.519999980926514,720900,Yahoo Finance daily
2022-05-20,us,RXRX,,5.590000152587891,5.659999847412109,5.150000095367432,5.409999847412109,934900,Yahoo Finance daily
2022-05-23,us,RXRX,,5.449999809265137,5.869999885559082,5.349999904632568,5.800000190734863,980900,Yahoo Finance daily
2022-05-24,us,RXRX,,5.443999767303467,5.75,5.340000152587891,5.449999809265137,814000,Yahoo Finance daily
2022-05-25,us,RXRX,,5.389999866485596,5.585000038146973,5.360000133514404,5.489999771118164,418500,Yahoo Finance daily
2022-05-26,us,RXRX,,5.539999961853027,5.849999904632568,5.485000133514404,5.71999979019165,587700,Yahoo Finance daily
2022-05-27,us,RXRX,,5.78000020980835,6.190000057220459,5.690000057220459,6.170000076293945,1045200,Yahoo Finance daily
2022-05-31,us,RXRX,,6.0,6.340000152587891,5.880000114440918,6.119999885559082,1079700,Yahoo Finance daily
2022-06-01,us,RXRX,,6.130000114440918,6.329999923706055,5.860000133514404,6.03000020980835,646500,Yahoo Finance daily
2022-06-02,us,RXRX,,6.050000190734863,6.590000152587891,5.809999942779541,6.489999771118164,907000,Yahoo Finance daily
2022-06-03,us,RXRX,,6.409999847412109,7.329999923706055,6.210000038146973,7.150000095367432,1102200,Yahoo Finance daily
2022-06-06,us,RXRX,,7.429999828338623,7.539999961853027,7.050000190734863,7.170000076293945,731000,Yahoo Finance daily
2022-06-07,us,RXRX,,7.03000020980835,7.699999809265137,7.0,7.679999828338623,831600,Yahoo Finance daily
2022-06-08,us,RXRX,,7.590000152587891,7.989999771118164,7.590000152587891,7.789999961853027,658000,Yahoo Finance daily
2022-06-09,us,RXRX,,7.739999771118164,7.75,7.409999847412109,7.46999979019165,505800,Yahoo Finance daily
2022-06-10,us,RXRX,,7.289999961853027,7.369999885559082,6.159999847412109,6.480000019073486,858100,Yahoo Finance daily
2022-06-13,us,RXRX,,6.159999847412109,6.369999885559082,5.53000020980835,5.800000190734863,1024200,Yahoo Finance daily
2022-06-14,us,RXRX,,5.869999885559082,6.21999979019165,5.639999866485596,6.199999809265137,646300,Yahoo Finance daily
2022-06-15,us,RXRX,,6.289999961853027,6.789999961853027,5.909999847412109,6.679999828338623,726300,Yahoo Finance daily
2022-06-16,us,RXRX,,6.309999942779541,6.630000114440918,6.110000133514404,6.610000133514404,964200,Yahoo Finance daily
2022-06-17,us,RXRX,,6.869999885559082,7.769999980926514,6.75,7.619999885559082,2413900,Yahoo Finance daily
2022-06-21,us,RXRX,,7.809999942779541,8.75,7.809999942779541,8.380000114440918,1297900,Yahoo Finance daily
2022-06-22,us,RXRX,,8.199999809265137,9.050000190734863,8.109999656677246,8.5600004196167,1699200,Yahoo Finance daily
2022-06-23,us,RXRX,,8.5600004196167,9.279999732971191,8.270000457763672,9.260000228881836,1227200,Yahoo Finance daily
2022-06-24,us,RXRX,,9.399999618530272,9.399999618530272,8.210000038146973,8.989999771118164,5393400,Yahoo Finance daily
2022-06-27,us,RXRX,,9.010000228881836,9.010000228881836,8.1899995803833,8.25,572800,Yahoo Finance daily
2022-06-28,us,RXRX,,8.220000267028809,8.489999771118164,8.039999961853027,8.079999923706055,677000,Yahoo Finance daily
2022-06-29,us,RXRX,,8.0,8.279999732971191,7.909999847412109,8.050000190734863,594000,Yahoo Finance daily
2022-06-30,us,RXRX,,7.849999904632568,8.25,7.78000020980835,8.140000343322754,580800,Yahoo Finance daily
2022-07-01,us,RXRX,,8.149999618530273,8.869999885559082,8.119999885559082,8.430000305175781,940200,Yahoo Finance daily
2022-07-05,us,RXRX,,8.25,8.949999809265137,8.25,8.850000381469727,1197700,Yahoo Finance daily
2022-07-06,us,RXRX,,8.84000015258789,9.170000076293944,8.789999961853027,9.029999732971191,972500,Yahoo Finance daily
2022-07-07,us,RXRX,,9.0,9.289999961853027,8.84000015258789,8.989999771118164,1439100,Yahoo Finance daily
2022-07-08,us,RXRX,,8.819999694824219,9.270000457763672,8.586000442504883,8.960000038146973,1848500,Yahoo Finance daily
2022-07-11,us,RXRX,,9.020000457763672,9.020000457763672,7.989999771118164,8.180000305175781,1325800,Yahoo Finance daily
2022-07-12,us,RXRX,,8.149999618530273,8.234999656677246,7.711999893188477,8.0,981100,Yahoo Finance daily
2022-07-13,us,RXRX,,7.809999942779541,8.260000228881836,7.71999979019165,8.130000114440918,816600,Yahoo Finance daily
2022-07-14,us,RXRX,,8.050000190734863,8.270000457763672,7.789999961853027,8.1899995803833,459500,Yahoo Finance daily
2022-07-15,us,RXRX,,8.430000305175781,8.59000015258789,8.194999694824219,8.5,774300,Yahoo Finance daily
2022-07-18,us,RXRX,,8.579999923706055,8.829999923706055,7.989999771118164,8.020000457763672,839500,Yahoo Finance daily
2022-07-19,us,RXRX,,8.149999618530273,9.079999923706056,8.09000015258789,8.850000381469727,1067600,Yahoo Finance daily
2022-07-20,us,RXRX,,8.890000343322754,9.220000267028809,8.710000038146973,8.989999771118164,1317500,Yahoo Finance daily
2022-07-21,us,RXRX,,8.9399995803833,8.960000038146973,8.40999984741211,8.489999771118164,847600,Yahoo Finance daily
2022-07-22,us,RXRX,,8.5,8.520000457763672,7.710000038146973,7.829999923706055,849200,Yahoo Finance daily
2022-07-25,us,RXRX,,7.820000171661377,7.978000164031982,7.48199987411499,7.849999904632568,737900,Yahoo Finance daily
2022-07-26,us,RXRX,,7.760000228881836,8.020000457763672,7.699999809265137,7.849999904632568,595000,Yahoo Finance daily
2022-07-27,us,RXRX,,7.980000019073486,8.180000305175781,7.809999942779541,8.149999618530273,428300,Yahoo Finance daily
2022-07-28,us,RXRX,,8.199999809265137,8.470000267028809,7.96999979019165,8.270000457763672,580700,Yahoo Finance daily
2022-07-29,us,RXRX,,8.25,8.470000267028809,8.100000381469727,8.460000038146973,500600,Yahoo Finance daily
2022-08-01,us,RXRX,,8.260000228881836,8.529999732971191,8.135000228881836,8.300000190734863,518800,Yahoo Finance daily
2022-08-02,us,RXRX,,8.210000038146973,8.859999656677246,8.210000038146973,8.8100004196167,630900,Yahoo Finance daily
2022-08-03,us,RXRX,,9.109999656677246,9.93000030517578,9.100000381469728,9.779999732971191,1387100,Yahoo Finance daily
2022-08-04,us,RXRX,,9.710000038146973,9.710000038146973,9.225000381469728,9.600000381469728,810200,Yahoo Finance daily
2022-08-05,us,RXRX,,9.25,9.979000091552734,9.239999771118164,9.90999984741211,640400,Yahoo Finance daily
2022-08-08,us,RXRX,,10.0,10.09000015258789,9.1899995803833,9.449999809265137,653200,Yahoo Finance daily
2022-08-09,us,RXRX,,9.239999771118164,9.390000343322754,8.630000114440918,8.8100004196167,672100,Yahoo Finance daily
2022-08-10,us,RXRX,,9.350000381469728,9.989999771118164,9.210000038146973,9.869999885559082,1350000,Yahoo Finance daily
2022-08-11,us,RXRX,,9.899999618530272,11.25,9.770000457763672,11.210000038146973,1688400,Yahoo Finance daily
2022-08-12,us,RXRX,,11.210000038146973,12.149999618530272,10.890000343322754,12.039999961853027,1304500,Yahoo Finance daily
2022-08-15,us,RXRX,,12.039999961853027,13.0600004196167,11.81999969482422,12.960000038146973,1353500,Yahoo Finance daily
2022-08-16,us,RXRX,,12.770000457763672,12.970000267028809,12.029999732971191,12.31999969482422,1054000,Yahoo Finance daily
2022-08-17,us,RXRX,,12.050000190734863,12.175000190734863,11.079999923706056,11.520000457763672,1288500,Yahoo Finance daily
2022-08-18,us,RXRX,,11.130000114440918,11.31999969482422,10.470000267028809,10.770000457763672,990700,Yahoo Finance daily
2022-08-19,us,RXRX,,10.710000038146973,10.720000267028809,9.4350004196167,9.800000190734863,1932000,Yahoo Finance daily
2022-08-22,us,RXRX,,9.489999771118164,9.81999969482422,9.470000267028809,9.649999618530272,733800,Yahoo Finance daily
2022-08-23,us,RXRX,,9.720000267028809,10.279999732971191,9.51200008392334,10.029999732971191,610300,Yahoo Finance daily
2022-08-24,us,RXRX,,10.119999885559082,10.989999771118164,10.010000228881836,10.859999656677246,602100,Yahoo Finance daily
2022-08-25,us,RXRX,,11.0,11.119999885559082,10.630000114440918,11.0600004196167,517300,Yahoo Finance daily
2022-08-26,us,RXRX,,10.9399995803833,11.09000015258789,10.539999961853027,10.550000190734863,495500,Yahoo Finance daily
2022-08-29,us,RXRX,,10.289999961853027,10.6899995803833,10.010000228881836,10.199999809265137,502900,Yahoo Finance daily
2022-08-30,us,RXRX,,10.34000015258789,10.470000267028809,9.81999969482422,9.989999771118164,616600,Yahoo Finance daily
2022-08-31,us,RXRX,,10.15999984741211,10.56999969482422,9.960000038146973,10.510000228881836,705100,Yahoo Finance daily
2022-09-01,us,RXRX,,10.270000457763672,10.899999618530272,10.029999732971191,10.880000114440918,790400,Yahoo Finance daily
2022-09-02,us,RXRX,,11.130000114440918,11.130000114440918,10.109999656677246,10.229999542236328,764300,Yahoo Finance daily
2022-09-06,us,RXRX,,10.380000114440918,11.460000038146973,10.329999923706056,10.920000076293944,1120600,Yahoo Finance daily
2022-09-07,us,RXRX,,10.729999542236328,12.050000190734863,10.729999542236328,11.949999809265137,1147600,Yahoo Finance daily
2022-09-08,us,RXRX,,11.770000457763672,12.960000038146973,11.770000457763672,12.829999923706056,1353500,Yahoo Finance daily
2022-09-09,us,RXRX,,12.960000038146973,13.399999618530272,12.6899995803833,13.270000457763672,999000,Yahoo Finance daily
2022-09-12,us,RXRX,,13.279999732971191,13.640000343322754,13.029999732971191,13.600000381469728,1261500,Yahoo Finance daily
2022-09-13,us,RXRX,,12.68000030517578,13.649999618530272,12.65999984741211,13.380000114440918,1637400,Yahoo Finance daily
2022-09-14,us,RXRX,,13.449999809265137,14.020000457763672,12.699999809265137,13.470000267028809,1505400,Yahoo Finance daily
2022-09-15,us,RXRX,,13.300000190734863,14.18000030517578,12.850000381469728,13.109999656677246,1686700,Yahoo Finance daily
2022-09-16,us,RXRX,,12.949999809265137,12.949999809265137,10.619999885559082,10.800000190734863,10532200,Yahoo Finance daily
2022-09-19,us,RXRX,,10.470000267028809,10.670000076293944,9.829999923706056,10.5,1777300,Yahoo Finance daily
2022-09-20,us,RXRX,,10.31999969482422,11.079999923706056,10.300000190734863,10.9399995803833,862900,Yahoo Finance daily
2022-09-21,us,RXRX,,10.90999984741211,11.5,10.470000267028809,10.859999656677246,1040600,Yahoo Finance daily
2022-09-22,us,RXRX,,10.850000381469728,10.850000381469728,10.3100004196167,10.710000038146973,875400,Yahoo Finance daily
2022-09-23,us,RXRX,,10.600000381469728,11.06999969482422,10.390000343322754,10.789999961853027,1050400,Yahoo Finance daily
2022-09-26,us,RXRX,,10.789999961853027,11.239999771118164,9.869999885559082,9.970000267028809,950600,Yahoo Finance daily
2022-09-27,us,RXRX,,10.1899995803833,11.050000190734863,10.18000030517578,10.890000343322754,1192300,Yahoo Finance daily
2022-09-28,us,RXRX,,10.961999893188477,11.699999809265137,10.920000076293944,11.65999984741211,1173000,Yahoo Finance daily
2022-09-29,us,RXRX,,11.380000114440918,11.56999969482422,10.479999542236328,10.739999771118164,1135400,Yahoo Finance daily
2022-09-30,us,RXRX,,10.699999809265137,11.220000267028809,10.600000381469728,10.640000343322754,1210800,Yahoo Finance daily
2022-10-03,us,RXRX,,10.850000381469728,11.300000190734863,10.529999732971191,10.869999885559082,1027100,Yahoo Finance daily
2022-10-04,us,RXRX,,11.260000228881836,11.84000015258789,11.109999656677246,11.84000015258789,949100,Yahoo Finance daily
2022-10-05,us,RXRX,,11.699999809265137,11.9350004196167,11.270000457763672,11.609999656677246,607800,Yahoo Finance daily
2022-10-06,us,RXRX,,11.609999656677246,11.84000015258789,11.380000114440918,11.720000267028809,584400,Yahoo Finance daily
2022-10-07,us,RXRX,,11.529999732971191,11.59000015258789,10.69499969482422,10.779999732971191,815300,Yahoo Finance daily
2022-10-10,us,RXRX,,10.899999618530272,11.06999969482422,10.539999961853027,10.899999618530272,703600,Yahoo Finance daily
2022-10-11,us,RXRX,,10.829999923706056,11.18000030517578,10.1899995803833,10.90999984741211,541900,Yahoo Finance daily
2022-10-12,us,RXRX,,10.9399995803833,11.050000190734863,10.5,10.880000114440918,488600,Yahoo Finance daily
2022-10-13,us,RXRX,,10.43000030517578,11.074999809265137,10.1899995803833,11.029999732971191,551400,Yahoo Finance daily
2022-10-14,us,RXRX,,11.029999732971191,11.4350004196167,10.40999984741211,10.489999771118164,697200,Yahoo Finance daily
2022-10-17,us,RXRX,,10.729999542236328,10.789999961853027,10.010000228881836,10.40999984741211,965400,Yahoo Finance daily
2022-10-18,us,RXRX,,10.8100004196167,11.1899995803833,10.73799991607666,10.899999618530272,611800,Yahoo Finance daily
2022-10-19,us,RXRX,,10.869999885559082,10.869999885559082,9.8100004196167,10.020000457763672,1078700,Yahoo Finance daily
2022-10-20,us,RXRX,,9.800000190734863,10.755000114440918,9.800000190734863,10.329999923706056,626500,Yahoo Finance daily
2022-10-21,us,RXRX,,10.420000076293944,11.140000343322754,10.029000282287598,11.119999885559082,893900,Yahoo Finance daily
2022-10-24,us,RXRX,,11.170000076293944,11.170000076293944,10.449999809265137,10.90999984741211,700300,Yahoo Finance daily
2022-10-25,us,RXRX,,10.970000267028809,11.779999732971191,10.670000076293944,10.720000267028809,1231400,Yahoo Finance daily
2022-10-26,us,RXRX,,10.670000076293944,11.550000190734863,10.270000457763672,10.949999809265137,1334800,Yahoo Finance daily
2022-10-27,us,RXRX,,11.119999885559082,11.130000114440918,10.30500030517578,10.59000015258789,749000,Yahoo Finance daily
2022-10-28,us,RXRX,,10.630000114440918,11.18000030517578,10.40999984741211,11.09000015258789,864100,Yahoo Finance daily
2022-10-31,us,RXRX,,10.90999984741211,11.079999923706056,10.4350004196167,10.550000190734863,776500,Yahoo Finance daily
2022-11-01,us,RXRX,,10.710000038146973,11.015000343322754,10.4399995803833,10.550000190734863,1092600,Yahoo Finance daily
2022-11-02,us,RXRX,,10.5,11.005000114440918,10.239999771118164,10.359999656677246,693300,Yahoo Finance daily
2022-11-03,us,RXRX,,10.0600004196167,10.440999984741213,9.880000114440918,10.050000190734863,727500,Yahoo Finance daily
2022-11-04,us,RXRX,,10.289999961853027,10.31999969482422,9.270000457763672,9.640000343322754,1044700,Yahoo Finance daily
2022-11-07,us,RXRX,,9.739999771118164,9.84000015258789,9.25,9.399999618530272,615200,Yahoo Finance daily
2022-11-08,us,RXRX,,9.460000038146973,9.8100004196167,9.289999961853027,9.600000381469728,853000,Yahoo Finance daily
2022-11-09,us,RXRX,,9.760000228881836,10.479999542236328,9.760000228881836,10.239999771118164,1091700,Yahoo Finance daily
2022-11-10,us,RXRX,,10.699999809265137,11.260000228881836,10.43000030517578,11.109999656677246,1917500,Yahoo Finance daily
2022-11-11,us,RXRX,,11.09000015258789,12.550000190734863,11.09000015258789,12.479999542236328,1754100,Yahoo Finance daily
2022-11-14,us,RXRX,,12.489999771118164,13.289999961853027,12.420000076293944,12.699999809265137,1217800,Yahoo Finance daily
2022-11-15,us,RXRX,,12.699999809265137,12.699999809265137,11.329999923706056,11.859999656677246,2333800,Yahoo Finance daily
2022-11-16,us,RXRX,,11.84000015258789,11.84000015258789,10.614999771118164,11.25,1520000,Yahoo Finance daily
2022-11-17,us,RXRX,,11.479999542236328,11.479999542236328,10.75,10.920000076293944,1070000,Yahoo Finance daily
2022-11-18,us,RXRX,,11.1899995803833,11.1899995803833,9.1899995803833,9.81999969482422,2044300,Yahoo Finance daily
2022-11-21,us,RXRX,,9.449999809265137,9.520000457763672,8.8100004196167,9.079999923706056,1325400,Yahoo Finance daily
2022-11-22,us,RXRX,,9.06999969482422,9.43000030517578,8.539999961853027,9.279999732971191,1533700,Yahoo Finance daily
2022-11-23,us,RXRX,,9.154999732971191,9.729999542236328,9.0600004196167,9.239999771118164,1097700,Yahoo Finance daily
2022-11-25,us,RXRX,,9.220000267028809,9.520000457763672,9.109999656677246,9.260000228881836,352000,Yahoo Finance daily
2022-11-28,us,RXRX,,9.15999984741211,9.31999969482422,8.25,8.380000114440918,2422400,Yahoo Finance daily
2022-11-29,us,RXRX,,8.40999984741211,8.918000221252441,8.390000343322754,8.850000381469727,1441300,Yahoo Finance daily
2022-11-30,us,RXRX,,8.920000076293945,9.40999984741211,8.369999885559082,9.399999618530272,2325200,Yahoo Finance daily
2022-12-01,us,RXRX,,9.260000228881836,9.520000457763672,8.770000457763672,9.300000190734863,1322200,Yahoo Finance daily
2022-12-02,us,RXRX,,9.09000015258789,9.390000343322754,9.0,9.3100004196167,722900,Yahoo Finance daily
2022-12-05,us,RXRX,,9.260000228881836,9.420000076293944,8.970000267028809,9.109999656677246,818800,Yahoo Finance daily
2022-12-06,us,RXRX,,9.15999984741211,9.300000190734863,8.864999771118164,9.100000381469728,1097800,Yahoo Finance daily
2022-12-07,us,RXRX,,9.100000381469728,9.529999732971191,9.039999961853027,9.329999923706056,813900,Yahoo Finance daily
2022-12-08,us,RXRX,,9.4399995803833,9.720000267028809,9.154999732971191,9.34000015258789,1124100,Yahoo Finance daily
2022-12-09,us,RXRX,,9.25,9.527999877929688,8.399999618530273,8.619999885559082,1056000,Yahoo Finance daily
2022-12-12,us,RXRX,,8.6899995803833,8.954999923706055,8.520000457763672,8.869999885559082,1270400,Yahoo Finance daily
2022-12-13,us,RXRX,,9.34000015258789,9.56999969482422,8.770000457763672,8.850000381469727,1394700,Yahoo Finance daily
2022-12-14,us,RXRX,,8.779999732971191,9.300000190734863,8.680000305175781,9.130000114440918,1417500,Yahoo Finance daily
2022-12-15,us,RXRX,,8.930000305175781,9.18000030517578,8.375,8.470000267028809,1564300,Yahoo Finance daily
2022-12-16,us,RXRX,,8.300000190734863,8.619999885559082,7.880000114440918,8.430000305175781,7241100,Yahoo Finance daily
2022-12-19,us,RXRX,,8.420000076293945,8.524999618530273,7.46999979019165,7.610000133514404,1764300,Yahoo Finance daily
2022-12-20,us,RXRX,,7.550000190734863,7.769999980926514,7.429999828338623,7.639999866485596,1657900,Yahoo Finance daily
2022-12-21,us,RXRX,,7.800000190734863,7.945000171661377,7.429999828338623,7.730000019073486,992800,Yahoo Finance daily
2022-12-22,us,RXRX,,7.820000171661377,7.820000171661377,7.260000228881836,7.630000114440918,933300,Yahoo Finance daily
2022-12-23,us,RXRX,,7.559999942779541,7.690000057220459,7.321000099182129,7.510000228881836,1056600,Yahoo Finance daily
2022-12-27,us,RXRX,,7.510000228881836,7.619999885559082,7.119999885559082,7.159999847412109,991200,Yahoo Finance daily
2022-12-28,us,RXRX,,7.170000076293945,7.329999923706055,7.045000076293945,7.199999809265137,1025900,Yahoo Finance daily
2022-12-29,us,RXRX,,7.329999923706055,7.920000076293945,7.199999809265137,7.670000076293945,1307400,Yahoo Finance daily
2022-12-30,us,RXRX,,7.510000228881836,7.735000133514404,7.324999809265137,7.710000038146973,1130700,Yahoo Finance daily
2023-01-03,us,RXRX,,7.769999980926514,7.869999885559082,7.360000133514404,7.550000190734863,1190100,Yahoo Finance daily
2023-01-04,us,RXRX,,7.639999866485596,7.889999866485596,7.519999980926514,7.820000171661377,765900,Yahoo Finance daily
2023-01-05,us,RXRX,,7.75,7.75,7.21999979019165,7.369999885559082,848500,Yahoo Finance daily
2023-01-06,us,RXRX,,7.46999979019165,7.59499979019165,7.099999904632568,7.440000057220459,791700,Yahoo Finance daily
2023-01-09,us,RXRX,,7.570000171661377,7.949999809265137,7.429999828338623,7.519999980926514,1456000,Yahoo Finance daily
2023-01-10,us,RXRX,,7.519999980926514,7.840000152587891,7.46999979019165,7.789999961853027,718700,Yahoo Finance daily
2023-01-11,us,RXRX,,7.789999961853027,7.994999885559082,7.630000114440918,7.920000076293945,683300,Yahoo Finance daily
2023-01-12,us,RXRX,,7.989999771118164,8.720000267028809,7.699999809265137,8.710000038146973,1018300,Yahoo Finance daily
2023-01-13,us,RXRX,,8.579999923706055,9.0,8.449999809265137,8.699999809265137,1374500,Yahoo Finance daily
2023-01-17,us,RXRX,,9.130000114440918,9.479999542236328,8.899999618530273,9.18000030517578,1296300,Yahoo Finance daily
2023-01-18,us,RXRX,,9.3100004196167,9.479999542236328,8.930000305175781,8.9399995803833,790200,Yahoo Finance daily
2023-01-19,us,RXRX,,8.880000114440918,8.885000228881836,8.25,8.470000267028809,577300,Yahoo Finance daily
2023-01-20,us,RXRX,,8.640000343322754,8.71500015258789,8.40999984741211,8.649999618530273,922700,Yahoo Finance daily
2023-01-23,us,RXRX,,8.550000190734863,8.949999809265137,8.279999732971191,8.710000038146973,1105400,Yahoo Finance daily
2023-01-24,us,RXRX,,8.609999656677246,8.869999885559082,8.489999771118164,8.59000015258789,927000,Yahoo Finance daily
2023-01-25,us,RXRX,,8.430000305175781,8.430000305175781,7.739999771118164,8.220000267028809,964500,Yahoo Finance daily
2023-01-26,us,RXRX,,8.3100004196167,8.364999771118164,7.945000171661377,8.1899995803833,584900,Yahoo Finance daily
2023-01-27,us,RXRX,,8.229999542236328,8.680000305175781,8.149999618530273,8.539999961853027,732400,Yahoo Finance daily
2023-01-30,us,RXRX,,8.430000305175781,8.510000228881836,7.980000019073486,8.0600004196167,896300,Yahoo Finance daily
2023-01-31,us,RXRX,,8.09000015258789,8.460000038146973,8.09000015258789,8.329999923706055,704500,Yahoo Finance daily
2023-02-01,us,RXRX,,8.270000457763672,8.699999809265137,7.96999979019165,8.550000190734863,918200,Yahoo Finance daily
2023-02-02,us,RXRX,,8.699999809265137,9.630000114440918,8.630000114440918,9.369999885559082,1325600,Yahoo Finance daily
2023-02-03,us,RXRX,,9.100000381469728,9.734999656677246,9.079999923706056,9.640000343322754,1311100,Yahoo Finance daily
2023-02-06,us,RXRX,,9.56999969482422,9.729999542236328,9.039999961853027,9.100000381469728,712200,Yahoo Finance daily
2023-02-07,us,RXRX,,9.06999969482422,9.12600040435791,8.569999694824219,8.859999656677246,937900,Yahoo Finance daily
2023-02-08,us,RXRX,,8.819999694824219,9.0,8.279999732971191,8.300000190734863,778700,Yahoo Finance daily
2023-02-09,us,RXRX,,8.5,8.545000076293945,8.020000457763672,8.0600004196167,939100,Yahoo Finance daily
2023-02-10,us,RXRX,,8.149999618530273,8.25,7.829999923706055,8.1899995803833,574700,Yahoo Finance daily
2023-02-13,us,RXRX,,8.199999809265137,8.225000381469727,7.889999866485596,7.980000019073486,577900,Yahoo Finance daily
2023-02-14,us,RXRX,,7.96999979019165,8.420000076293945,7.880000114440918,8.329999923706055,539300,Yahoo Finance daily
2023-02-15,us,RXRX,,8.329999923706055,8.489999771118164,8.170999526977539,8.4399995803833,666700,Yahoo Finance daily
2023-02-16,us,RXRX,,8.420000076293945,8.420000076293945,7.789999961853027,7.820000171661377,986400,Yahoo Finance daily
2023-02-17,us,RXRX,,7.769999980926514,7.989999771118164,7.559999942779541,7.989999771118164,886600,Yahoo Finance daily
2023-02-21,us,RXRX,,7.909999847412109,8.029999732971191,7.639999866485596,7.710000038146973,1154000,Yahoo Finance daily
2023-02-22,us,RXRX,,7.840000152587891,7.949999809265137,7.670000076293945,7.940000057220459,766800,Yahoo Finance daily
2023-02-23,us,RXRX,,8.079999923706055,8.100000381469727,7.71999979019165,7.849999904632568,717200,Yahoo Finance daily
2023-02-24,us,RXRX,,7.699999809265137,7.860000133514404,7.550000190734863,7.610000133514404,1093700,Yahoo Finance daily
2023-02-27,us,RXRX,,7.809999942779541,7.809999942779541,7.550000190734863,7.71999979019165,630700,Yahoo Finance daily
2023-02-28,us,RXRX,,7.96999979019165,8.779999732971191,7.849999904632568,8.149999618530273,1362900,Yahoo Finance daily
2023-03-01,us,RXRX,,8.130000114440918,8.239999771118164,7.815000057220459,7.949999809265137,906200,Yahoo Finance daily
2023-03-02,us,RXRX,,7.909999847412109,8.170000076293945,7.699999809265137,8.010000228881836,1045100,Yahoo Finance daily
2023-03-03,us,RXRX,,8.109999656677246,8.555000305175781,8.031000137329102,8.479999542236328,808600,Yahoo Finance daily
2023-03-06,us,RXRX,,8.5,8.585000038146973,8.09000015258789,8.210000038146973,872500,Yahoo Finance daily
2023-03-07,us,RXRX,,8.210000038146973,8.529999732971191,8.069999694824219,8.25,633900,Yahoo Finance daily
2023-03-08,us,RXRX,,8.279999732971191,8.279999732971191,7.965000152587891,8.100000381469727,830800,Yahoo Finance daily
2023-03-09,us,RXRX,,8.119999885559082,8.206999778747559,7.409999847412109,7.5,1090300,Yahoo Finance daily
2023-03-10,us,RXRX,,7.440000057220459,7.480000019073486,6.755000114440918,7.070000171661377,1862600,Yahoo Finance daily
2023-03-13,us,RXRX,,6.980000019073486,7.75,6.869999885559082,7.670000076293945,1486600,Yahoo Finance daily
2023-03-14,us,RXRX,,7.949999809265137,7.949999809265137,7.369999885559082,7.630000114440918,1046900,Yahoo Finance daily
2023-03-15,us,RXRX,,7.429999828338623,7.599999904632568,7.130000114440918,7.480000019073486,1146800,Yahoo Finance daily
2023-03-16,us,RXRX,,7.710000038146973,7.75,7.329999923706055,7.650000095367432,916600,Yahoo Finance daily
2023-03-17,us,RXRX,,7.579999923706055,7.710000038146973,7.360000133514404,7.409999847412109,2488300,Yahoo Finance daily
2023-03-20,us,RXRX,,7.409999847412109,7.414999961853027,7.110000133514404,7.260000228881836,838200,Yahoo Finance daily
2023-03-21,us,RXRX,,7.329999923706055,7.5,7.269999980926514,7.429999828338623,824900,Yahoo Finance daily
2023-03-22,us,RXRX,,7.400000095367432,7.46999979019165,6.949999809265137,6.980000019073486,862700,Yahoo Finance daily
2023-03-23,us,RXRX,,7.059999942779541,7.079999923706055,6.434000015258789,6.769999980926514,2178300,Yahoo Finance daily
2023-03-24,us,RXRX,,6.699999809265137,6.789999961853027,6.449999809265137,6.690000057220459,1022600,Yahoo Finance daily
2023-03-27,us,RXRX,,6.730000019073486,6.960000038146973,6.699999809265137,6.71999979019165,738100,Yahoo Finance daily
2023-03-28,us,RXRX,,6.699999809265137,6.809999942779541,6.400000095367432,6.420000076293945,512400,Yahoo Finance daily
2023-03-29,us,RXRX,,6.53000020980835,6.760000228881836,6.5,6.75,868900,Yahoo Finance daily
2023-03-30,us,RXRX,,6.820000171661377,6.820000171661377,6.429999828338623,6.449999809265137,845800,Yahoo Finance daily
2023-03-31,us,RXRX,,6.519999980926514,6.764999866485596,6.480000019073486,6.670000076293945,1174800,Yahoo Finance daily
2023-04-03,us,RXRX,,6.639999866485596,6.889999866485596,6.599999904632568,6.889999866485596,857700,Yahoo Finance daily
2023-04-04,us,RXRX,,7.0,7.0,6.414999961853027,6.570000171661377,807800,Yahoo Finance daily
2023-04-05,us,RXRX,,6.5,6.710000038146973,6.380000114440918,6.449999809265137,845100,Yahoo Finance daily
2023-04-06,us,RXRX,,6.429999828338623,6.730000019073486,6.360000133514404,6.650000095367432,907900,Yahoo Finance daily
2023-04-10,us,RXRX,,6.599999904632568,6.639999866485596,6.409999847412109,6.519999980926514,1483400,Yahoo Finance daily
2023-04-11,us,RXRX,,6.539999961853027,6.590000152587891,6.329999923706055,6.559999942779541,972800,Yahoo Finance daily
2023-04-12,us,RXRX,,6.760000228881836,6.760000228881836,6.114999771118164,6.150000095367432,1061200,Yahoo Finance daily
2023-04-13,us,RXRX,,6.199999809265137,6.659999847412109,6.170000076293945,6.550000190734863,1547400,Yahoo Finance daily
2023-04-14,us,RXRX,,6.519999980926514,6.570000171661377,5.860000133514404,5.940000057220459,1128800,Yahoo Finance daily
2023-04-17,us,RXRX,,5.960000038146973,6.289999961853027,5.849999904632568,6.269999980926514,1751600,Yahoo Finance daily
2023-04-18,us,RXRX,,6.309999942779541,6.309999942779541,5.820000171661377,5.940000057220459,1202500,Yahoo Finance daily
2023-04-19,us,RXRX,,5.840000152587891,5.980000019073486,5.684999942779541,5.960000038146973,1016400,Yahoo Finance daily
2023-04-20,us,RXRX,,5.860000133514404,5.860000133514404,5.389999866485596,5.440000057220459,1390000,Yahoo Finance daily
2023-04-21,us,RXRX,,5.480000019073486,5.840000152587891,5.465000152587891,5.71999979019165,1420900,Yahoo Finance daily
2023-04-24,us,RXRX,,5.690000057220459,5.690000057220459,5.315000057220459,5.400000095367432,972500,Yahoo Finance daily
2023-04-25,us,RXRX,,5.340000152587891,5.460000038146973,5.103000164031982,5.170000076293945,1245700,Yahoo Finance daily
2023-04-26,us,RXRX,,5.159999847412109,5.309999942779541,4.945000171661377,4.96999979019165,1188200,Yahoo Finance daily
2023-04-27,us,RXRX,,4.980000019073486,5.03000020980835,4.820000171661377,4.889999866485596,1009600,Yahoo Finance daily
2023-04-28,us,RXRX,,4.869999885559082,4.929999828338623,4.619999885559082,4.769999980926514,1063100,Yahoo Finance daily
2023-05-01,us,RXRX,,4.769999980926514,4.940000057220459,4.690000057220459,4.789999961853027,1348700,Yahoo Finance daily
2023-05-02,us,RXRX,,4.769999980926514,4.820000171661377,4.539999961853027,4.559999942779541,1599200,Yahoo Finance daily
2023-05-03,us,RXRX,,4.579999923706055,5.184999942779541,4.550000190734863,5.159999847412109,3064900,Yahoo Finance daily
2023-05-04,us,RXRX,,5.110000133514404,5.195000171661377,4.802000045776367,5.139999866485596,1444100,Yahoo Finance daily
2023-05-05,us,RXRX,,5.190000057220459,5.289999961853027,5.03000020980835,5.159999847412109,1174900,Yahoo Finance daily
2023-05-08,us,RXRX,,5.340000152587891,5.690000057220459,5.070000171661377,5.599999904632568,2140400,Yahoo Finance daily
2023-05-09,us,RXRX,,5.539999961853027,5.914999961853027,5.389999866485596,5.760000228881836,1448600,Yahoo Finance daily
2023-05-10,us,RXRX,,5.880000114440918,5.880000114440918,5.105000019073486,5.510000228881836,1660100,Yahoo Finance daily
2023-05-11,us,RXRX,,5.46999979019165,5.510000228881836,5.074999809265137,5.400000095367432,1725000,Yahoo Finance daily
2023-05-12,us,RXRX,,5.5,5.5,5.130000114440918,5.289999961853027,1218100,Yahoo Finance daily
2023-05-15,us,RXRX,,5.309999942779541,5.715000152587891,5.190000057220459,5.599999904632568,1318900,Yahoo Finance daily
2023-05-16,us,RXRX,,5.480000019073486,5.566999912261963,4.920000076293945,5.130000114440918,1728700,Yahoo Finance daily
2023-05-17,us,RXRX,,5.139999866485596,5.400000095367432,4.989999771118164,5.380000114440918,1458100,Yahoo Finance daily
2023-05-18,us,RXRX,,5.349999904632568,5.550000190734863,5.150000095367432,5.46999979019165,1431700,Yahoo Finance daily
2023-05-19,us,RXRX,,5.590000152587891,6.590000152587891,5.510000228881836,6.429999828338623,3850100,Yahoo Finance daily
2023-05-22,us,RXRX,,6.449999809265137,9.460000038146973,6.440000057220459,8.119999885559082,15804700,Yahoo Finance daily
2023-05-23,us,RXRX,,7.989999771118164,10.225000381469728,7.869999885559082,9.25,9809800,Yahoo Finance daily
2023-05-24,us,RXRX,,9.119999885559082,9.18000030517578,8.305000305175781,8.954999923706055,2782700,Yahoo Finance daily
2023-05-25,us,RXRX,,9.34000015258789,9.56999969482422,8.109999656677246,8.65999984741211,2672400,Yahoo Finance daily
2023-05-26,us,RXRX,,8.640000343322754,9.039999961853027,8.430000305175781,8.930000305175781,1750800,Yahoo Finance daily
2023-05-30,us,RXRX,,9.06999969482422,9.65999984741211,8.454999923706055,8.819999694824219,2356700,Yahoo Finance daily
2023-05-31,us,RXRX,,8.829999923706055,9.260000228881836,8.454999923706055,8.770000457763672,4152100,Yahoo Finance daily
2023-06-01,us,RXRX,,8.579999923706055,8.989999771118164,8.470000267028809,8.770000457763672,1754600,Yahoo Finance daily
2023-06-02,us,RXRX,,8.930000305175781,9.329999923706056,8.109999656677246,8.229999542236328,3088600,Yahoo Finance daily
2023-06-05,us,RXRX,,8.199999809265137,8.760000228881836,7.980000019073486,8.430000305175781,1962700,Yahoo Finance daily
2023-06-06,us,RXRX,,8.359999656677246,8.694999694824219,8.170000076293945,8.630000114440918,1273200,Yahoo Finance daily
2023-06-07,us,RXRX,,9.0,9.380000114440918,8.819999694824219,9.06999969482422,2181800,Yahoo Finance daily
2023-06-08,us,RXRX,,9.100000381469728,9.289999961853027,8.550000190734863,9.140000343322754,1358100,Yahoo Finance daily
2023-06-09,us,RXRX,,9.270000457763672,9.579999923706056,8.930000305175781,9.18000030517578,1341200,Yahoo Finance daily
2023-06-12,us,RXRX,,9.199999809265137,9.899999618530272,9.050000190734863,9.850000381469728,3391700,Yahoo Finance daily
2023-06-13,us,RXRX,,9.75,10.199999809265137,9.460000038146973,9.9399995803833,3007900,Yahoo Finance daily
2023-06-14,us,RXRX,,10.1899995803833,10.44499969482422,9.600000381469728,9.859999656677246,2561700,Yahoo Finance daily
2023-06-15,us,RXRX,,9.670000076293944,9.789999961853027,9.050000190734863,9.300000190734863,1872500,Yahoo Finance daily
2023-06-16,us,RXRX,,9.40999984741211,9.510000228881836,8.819999694824219,8.920000076293945,3096400,Yahoo Finance daily
2023-06-20,us,RXRX,,8.920000076293945,9.010000228881836,8.5649995803833,8.979999542236328,1288000,Yahoo Finance daily
2023-06-21,us,RXRX,,8.9399995803833,9.050000190734863,8.5649995803833,8.59000015258789,2070300,Yahoo Finance daily
2023-06-22,us,RXRX,,8.539999961853027,8.539999961853027,7.559999942779541,7.710000038146973,2641500,Yahoo Finance daily
2023-06-23,us,RXRX,,7.579999923706055,7.579999923706055,7.019999980926514,7.360000133514404,2453300,Yahoo Finance daily
2023-06-26,us,RXRX,,7.349999904632568,7.494999885559082,7.230000019073486,7.309999942779541,1077300,Yahoo Finance daily
2023-06-27,us,RXRX,,7.349999904632568,7.590000152587891,7.159999847412109,7.440000057220459,1868800,Yahoo Finance daily
2023-06-28,us,RXRX,,7.550000190734863,7.550000190734863,7.244999885559082,7.550000190734863,1307300,Yahoo Finance daily
2023-06-29,us,RXRX,,7.559999942779541,7.75,7.320000171661377,7.380000114440918,1560100,Yahoo Finance daily
2023-06-30,us,RXRX,,7.489999771118164,7.639999866485596,7.300000190734863,7.46999979019165,1074400,Yahoo Finance daily
2023-07-03,us,RXRX,,7.449999809265137,7.559999942779541,7.290999889373779,7.380000114440918,761600,Yahoo Finance daily
2023-07-05,us,RXRX,,7.400000095367432,7.5,7.25,7.289999961853027,1037700,Yahoo Finance daily
2023-07-06,us,RXRX,,7.139999866485596,7.199999809265137,6.440000057220459,6.590000152587891,2241600,Yahoo Finance daily
2023-07-07,us,RXRX,,6.610000133514404,6.909999847412109,6.590000152587891,6.860000133514404,1249300,Yahoo Finance daily
2023-07-10,us,RXRX,,6.849999904632568,7.295000076293945,6.800000190734863,7.210000038146973,1552500,Yahoo Finance daily
2023-07-11,us,RXRX,,7.230000019073486,7.230000019073486,6.679999828338623,6.78000020980835,1493800,Yahoo Finance daily
2023-07-12,us,RXRX,,14.670000076293944,14.989999771118164,10.130000114440918,12.079999923706056,80150700,Yahoo Finance daily
2023-07-13,us,RXRX,,11.979999542236328,13.0,10.59000015258789,12.4350004196167,27160400,Yahoo Finance daily
2023-07-14,us,RXRX,,12.640000343322754,12.640000343322754,11.5,11.899999618530272,10809700,Yahoo Finance daily
2023-07-17,us,RXRX,,11.720000267028809,14.31999969482422,11.600000381469728,13.404999732971191,22104900,Yahoo Finance daily
2023-07-18,us,RXRX,,13.84000015258789,14.170000076293944,12.890000343322754,13.630000114440918,13021100,Yahoo Finance daily
2023-07-19,us,RXRX,,13.779999732971191,16.7450008392334,13.760000228881836,15.859999656677246,25164900,Yahoo Finance daily
2023-07-20,us,RXRX,,15.359999656677246,16.100000381469727,14.350000381469728,14.8100004196167,12665400,Yahoo Finance daily
2023-07-21,us,RXRX,,15.300000190734863,16.09000015258789,14.359999656677246,15.470000267028809,12231700,Yahoo Finance daily
2023-07-24,us,RXRX,,15.779999732971191,15.869999885559082,14.09000015258789,14.279999732971191,7999200,Yahoo Finance daily
2023-07-25,us,RXRX,,14.300000190734863,15.218999862670898,14.100000381469728,14.65999984741211,5401900,Yahoo Finance daily
2023-07-26,us,RXRX,,14.40999984741211,14.56999969482422,13.109999656677246,13.630000114440918,8137300,Yahoo Finance daily
2023-07-27,us,RXRX,,14.010000228881836,14.470000267028809,12.600000381469728,12.90999984741211,5731200,Yahoo Finance daily
2023-07-28,us,RXRX,,13.0600004196167,13.43000030517578,12.600000381469728,13.119999885559082,4542600,Yahoo Finance daily
2023-07-31,us,RXRX,,13.270000457763672,14.350000381469728,13.09000015258789,14.119999885559082,4421100,Yahoo Finance daily
2023-08-01,us,RXRX,,13.899999618530272,13.920000076293944,13.31999969482422,13.8149995803833,3357000,Yahoo Finance daily
2023-08-02,us,RXRX,,13.4399995803833,13.5,12.3100004196167,13.170000076293944,4546000,Yahoo Finance daily
2023-08-03,us,RXRX,,12.899999618530272,13.199999809265137,12.300000190734863,12.375,3280400,Yahoo Finance daily
2023-08-04,us,RXRX,,12.5,12.864999771118164,11.970000267028809,12.399999618530272,2976700,Yahoo Finance daily
2023-08-07,us,RXRX,,12.350000381469728,12.350000381469728,10.699999809265137,11.029999732971191,4758100,Yahoo Finance daily
2023-08-08,us,RXRX,,10.729999542236328,11.989999771118164,10.5600004196167,11.550000190734863,6045500,Yahoo Finance daily
2023-08-09,us,RXRX,,11.600000381469728,12.229999542236328,10.850000381469728,10.970000267028809,3923500,Yahoo Finance daily
2023-08-10,us,RXRX,,11.0,11.100000381469728,9.75,9.979999542236328,5816000,Yahoo Finance daily
2023-08-11,us,RXRX,,9.899999618530272,10.050000190734863,9.524999618530272,9.56999969482422,3037700,Yahoo Finance daily
2023-08-14,us,RXRX,,9.550000190734863,9.550000190734863,8.760000228881836,9.31999969482422,5160200,Yahoo Finance daily
2023-08-15,us,RXRX,,9.25,9.56999969482422,9.100000381469728,9.1899995803833,3967900,Yahoo Finance daily
2023-08-16,us,RXRX,,9.109999656677246,9.199999809265137,8.640000343322754,8.699999809265137,7659300,Yahoo Finance daily
2023-08-17,us,RXRX,,8.720000267028809,8.850000381469727,8.420000076293945,8.779999732971191,4047400,Yahoo Finance daily
2023-08-18,us,RXRX,,8.630000114440918,8.819999694824219,8.489999771118164,8.579999923706055,3232800,Yahoo Finance daily
2023-08-21,us,RXRX,,8.65999984741211,9.0,8.359999656677246,8.84000015258789,3521500,Yahoo Finance daily
2023-08-22,us,RXRX,,8.899999618530273,9.210000038146973,8.6899995803833,9.079999923706056,3196400,Yahoo Finance daily
2023-08-23,us,RXRX,,9.149999618530272,9.890000343322754,9.020000457763672,9.380000114440918,5562600,Yahoo Finance daily
2023-08-24,us,RXRX,,9.470000267028809,9.609999656677246,8.390000343322754,8.569999694824219,5048300,Yahoo Finance daily
2023-08-25,us,RXRX,,8.600000381469727,8.600000381469727,8.130000114440918,8.529999732971191,3381300,Yahoo Finance daily
2023-08-28,us,RXRX,,8.550000190734863,8.770000457763672,8.444999694824219,8.609999656677246,2939900,Yahoo Finance daily
2023-08-29,us,RXRX,,8.5,8.958999633789062,8.399999618530273,8.529999732971191,3461900,Yahoo Finance daily
2023-08-30,us,RXRX,,8.529999732971191,9.170000076293944,8.529999732971191,8.800000190734863,4317400,Yahoo Finance daily
2023-08-31,us,RXRX,,8.819999694824219,9.114999771118164,8.680000305175781,8.699999809265137,2761500,Yahoo Finance daily
2023-09-01,us,RXRX,,8.819999694824219,9.220000267028809,8.789999961853027,9.119999885559082,2685200,Yahoo Finance daily
2023-09-05,us,RXRX,,9.06999969482422,9.260000228881836,8.600000381469727,8.699999809265137,3332100,Yahoo Finance daily
2023-09-06,us,RXRX,,8.75,9.100000381469728,8.600000381469727,9.050000190734863,2755200,Yahoo Finance daily
2023-09-07,us,RXRX,,8.859999656677246,8.895000457763672,8.300000190734863,8.359999656677246,4322100,Yahoo Finance daily
2023-09-08,us,RXRX,,8.270000457763672,8.300000190734863,7.929999828338623,8.0600004196167,4275100,Yahoo Finance daily
2023-09-11,us,RXRX,,8.100000381469727,8.550000190734863,8.050000190734863,8.329999923706055,3087000,Yahoo Finance daily
2023-09-12,us,RXRX,,8.289999961853027,8.59000015258789,8.1899995803833,8.550000190734863,3277400,Yahoo Finance daily
2023-09-13,us,RXRX,,8.579999923706055,8.880000114440918,8.510000228881836,8.600000381469727,3798700,Yahoo Finance daily
2023-09-14,us,RXRX,,8.670000076293945,8.895000457763672,8.510000228881836,8.600000381469727,4146400,Yahoo Finance daily
2023-09-15,us,RXRX,,8.65999984741211,8.720000267028809,8.359999656677246,8.569999694824219,17567500,Yahoo Finance daily
2023-09-18,us,RXRX,,8.420000076293945,8.850000381469727,8.25,8.729999542236328,5122900,Yahoo Finance daily
2023-09-19,us,RXRX,,8.710000038146973,8.710000038146973,8.1899995803833,8.4399995803833,3705100,Yahoo Finance daily
2023-09-20,us,RXRX,,8.430000305175781,8.4399995803833,8.119999885559082,8.130000114440918,2790900,Yahoo Finance daily
2023-09-21,us,RXRX,,7.960000038146973,8.229999542236328,7.789999961853027,7.96999979019165,3534600,Yahoo Finance daily
2023-09-22,us,RXRX,,8.0600004196167,8.11299991607666,7.809999942779541,7.920000076293945,1980800,Yahoo Finance daily
2023-09-25,us,RXRX,,7.789999961853027,7.835999965667725,7.599999904632568,7.690000057220459,2021400,Yahoo Finance daily
2023-09-26,us,RXRX,,7.650000095367432,7.894000053405762,7.539999961853027,7.570000171661377,2060500,Yahoo Finance daily
2023-09-27,us,RXRX,,7.699999809265137,7.869999885559082,7.570000171661377,7.78000020980835,3104200,Yahoo Finance daily
2023-09-28,us,RXRX,,7.789999961853027,7.849999904632568,7.539999961853027,7.769999980926514,1912500,Yahoo Finance daily
2023-09-29,us,RXRX,,7.869999885559082,8.039999961853027,7.630000114440918,7.650000095367432,2065900,Yahoo Finance daily
2023-10-02,us,RXRX,,7.659999847412109,7.690000057220459,7.119999885559082,7.159999847412109,3473400,Yahoo Finance daily
2023-10-03,us,RXRX,,7.130000114440918,7.510000228881836,7.0,7.389999866485596,2817300,Yahoo Finance daily
2023-10-04,us,RXRX,,7.480000019073486,7.480000019073486,7.070000171661377,7.159999847412109,2700800,Yahoo Finance daily
2023-10-05,us,RXRX,,7.159999847412109,7.199999809265137,6.900000095367432,7.110000133514404,2679100,Yahoo Finance daily
2023-10-06,us,RXRX,,6.900000095367432,7.050000190734863,6.760000228881836,7.03000020980835,2713800,Yahoo Finance daily
2023-10-09,us,RXRX,,6.880000114440918,6.980000019073486,6.659999847412109,6.760000228881836,2004700,Yahoo Finance daily
2023-10-10,us,RXRX,,6.800000190734863,7.300000190734863,6.78000020980835,7.070000171661377,2612500,Yahoo Finance daily
2023-10-11,us,RXRX,,7.050000190734863,7.230000019073486,6.710000038146973,6.820000171661377,2181000,Yahoo Finance daily
2023-10-12,us,RXRX,,6.820000171661377,6.820000171661377,6.28000020980835,6.329999923706055,3620200,Yahoo Finance daily
2023-10-13,us,RXRX,,6.309999942779541,6.429999828338623,6.14900016784668,6.380000114440918,2190900,Yahoo Finance daily
2023-10-16,us,RXRX,,6.300000190734863,6.610000133514404,6.210000038146973,6.550000190734863,1947900,Yahoo Finance daily
2023-10-17,us,RXRX,,6.449999809265137,6.71999979019165,6.429999828338623,6.519999980926514,2003900,Yahoo Finance daily
2023-10-18,us,RXRX,,6.489999771118164,6.489999771118164,6.159999847412109,6.190000057220459,2017300,Yahoo Finance daily
2023-10-19,us,RXRX,,6.190000057220459,6.28000020980835,6.019999980926514,6.050000190734863,2512000,Yahoo Finance daily
2023-10-20,us,RXRX,,6.0,6.125,5.815000057220459,5.96999979019165,2483500,Yahoo Finance daily
2023-10-23,us,RXRX,,5.860000133514404,5.949999809265137,5.699999809265137,5.699999809265137,2068300,Yahoo Finance daily
2023-10-24,us,RXRX,,5.699999809265137,6.090000152587891,5.699999809265137,6.059999942779541,2865400,Yahoo Finance daily
2023-10-25,us,RXRX,,5.940000057220459,5.940000057220459,5.590000152587891,5.599999904632568,2231800,Yahoo Finance daily
2023-10-26,us,RXRX,,5.619999885559082,5.769999980926514,5.519999980926514,5.550000190734863,2731500,Yahoo Finance daily
2023-10-27,us,RXRX,,5.639999866485596,5.699999809265137,5.25,5.28000020980835,3264300,Yahoo Finance daily
2023-10-30,us,RXRX,,5.340000152587891,5.380000114440918,5.130000114440918,5.309999942779541,2582100,Yahoo Finance daily
2023-10-31,us,RXRX,,5.21999979019165,5.369999885559082,5.139999866485596,5.28000020980835,2441200,Yahoo Finance daily
2023-11-01,us,RXRX,,5.239999771118164,5.360000133514404,4.96999979019165,5.090000152587891,4287200,Yahoo Finance daily
2023-11-02,us,RXRX,,5.199999809265137,5.429999828338623,5.150000095367432,5.230000019073486,3995800,Yahoo Finance daily
2023-11-03,us,RXRX,,5.400000095367432,6.159999847412109,5.380000114440918,5.909999847412109,6320900,Yahoo Finance daily
2023-11-06,us,RXRX,,6.0,6.085000038146973,5.485000133514404,5.53000020980835,3445600,Yahoo Finance daily
2023-11-07,us,RXRX,,5.650000095367432,6.239999771118164,5.505000114440918,6.110000133514404,5484600,Yahoo Finance daily
2023-11-08,us,RXRX,,6.150000095367432,6.150000095367432,5.579999923706055,5.630000114440918,3870800,Yahoo Finance daily
2023-11-09,us,RXRX,,5.869999885559082,5.869999885559082,5.210000038146973,5.230000019073486,3961700,Yahoo Finance daily
2023-11-10,us,RXRX,,5.289999961853027,5.46999979019165,5.034999847412109,5.460000038146973,3457100,Yahoo Finance daily
2023-11-13,us,RXRX,,5.360000133514404,5.84499979019165,5.215000152587891,5.829999923706055,3202800,Yahoo Finance daily
2023-11-14,us,RXRX,,6.289999961853027,6.489999771118164,6.125,6.460000038146973,9753000,Yahoo Finance daily
2023-11-15,us,RXRX,,6.5,7.769999980926514,6.5,7.179999828338623,11063900,Yahoo Finance daily
2023-11-16,us,RXRX,,7.179999828338623,7.21999979019165,6.550000190734863,6.670000076293945,5886300,Yahoo Finance daily
2023-11-17,us,RXRX,,6.75,7.109000205993652,6.559999942779541,7.050000190734863,4749200,Yahoo Finance daily
2023-11-20,us,RXRX,,7.070000171661377,7.230000019073486,6.821000099182129,6.860000133514404,4580500,Yahoo Finance daily
2023-11-21,us,RXRX,,6.730000019073486,6.764999866485596,6.329999923706055,6.539999961853027,4031000,Yahoo Finance daily
2023-11-22,us,RXRX,,6.690000057220459,6.820000171661377,6.5,6.78000020980835,3335900,Yahoo Finance daily
2023-11-24,us,RXRX,,6.789999961853027,7.050000190734863,6.710000038146973,6.860000133514404,1980400,Yahoo Finance daily
2023-11-27,us,RXRX,,6.800000190734863,6.809999942779541,6.5,6.53000020980835,6339500,Yahoo Finance daily
2023-11-28,us,RXRX,,6.5,7.054999828338623,6.309999942779541,7.019999980926514,4181600,Yahoo Finance daily
2023-11-29,us,RXRX,,7.389999866485596,7.800000190734863,7.03000020980835,7.050000190734863,6670900,Yahoo Finance daily
2023-11-30,us,RXRX,,7.179999828338623,7.389999866485596,6.815000057220459,6.849999904632568,4720400,Yahoo Finance daily
2023-12-01,us,RXRX,,6.760000228881836,7.400000095367432,6.5,7.389999866485596,5619200,Yahoo Finance daily
2023-12-04,us,RXRX,,7.380000114440918,7.639999866485596,7.105000019073486,7.409999847412109,4173100,Yahoo Finance daily
2023-12-05,us,RXRX,,7.349999904632568,7.400000095367432,7.0,7.099999904632568,4913800,Yahoo Finance daily
2023-12-06,us,RXRX,,7.230000019073486,8.0600004196167,7.179999828338623,7.420000076293945,5906500,Yahoo Finance daily
2023-12-07,us,RXRX,,7.420000076293945,7.650000095367432,7.170000076293945,7.539999961853027,3805400,Yahoo Finance daily
2023-12-08,us,RXRX,,7.5,7.679999828338623,7.269999980926514,7.599999904632568,5745200,Yahoo Finance daily
2023-12-11,us,RXRX,,7.570000171661377,7.619999885559082,7.300000190734863,7.559999942779541,3963500,Yahoo Finance daily
2023-12-12,us,RXRX,,7.559999942779541,7.590000152587891,7.25,7.440000057220459,3080400,Yahoo Finance daily
2023-12-13,us,RXRX,,7.420000076293945,8.350000381469727,7.309999942779541,8.329999923706055,5557200,Yahoo Finance daily
2023-12-14,us,RXRX,,8.600000381469727,9.609999656677246,8.600000381469727,9.529999732971191,9237000,Yahoo Finance daily
2023-12-15,us,RXRX,,9.600000381469728,9.904999732971191,9.399999618530272,9.699999809265137,6324700,Yahoo Finance daily
2023-12-18,us,RXRX,,9.56999969482422,9.739999771118164,9.279999732971191,9.449999809265137,3279400,Yahoo Finance daily
2023-12-19,us,RXRX,,9.675999641418455,10.09000015258789,9.399999618530272,10.039999961853027,4939300,Yahoo Finance daily
2023-12-20,us,RXRX,,9.979999542236328,10.625,9.40999984741211,9.460000038146973,6524500,Yahoo Finance daily
2023-12-21,us,RXRX,,9.8100004196167,10.100000381469728,9.600000381469728,9.84000015258789,4231000,Yahoo Finance daily
2023-12-22,us,RXRX,,9.984999656677246,10.529999732971191,9.850000381469728,10.31999969482422,5734800,Yahoo Finance daily
2023-12-26,us,RXRX,,10.579999923706056,10.9399995803833,10.359999656677246,10.789999961853027,4186900,Yahoo Finance daily
2023-12-27,us,RXRX,,11.029999732971191,11.170000076293944,10.425000190734863,10.699999809265137,3863800,Yahoo Finance daily
2023-12-28,us,RXRX,,10.640000343322754,10.859999656677246,10.324999809265137,10.609999656677246,3908200,Yahoo Finance daily
2023-12-29,us,RXRX,,10.5600004196167,10.699999809265137,9.609999656677246,9.859999656677246,4606000,Yahoo Finance daily
2024-01-02,us,RXRX,,9.68000030517578,10.059000015258787,9.491000175476074,9.869999885559082,4146100,Yahoo Finance daily
2024-01-03,us,RXRX,,9.56999969482422,9.770000457763672,9.255000114440918,9.6899995803833,5300400,Yahoo Finance daily
2024-01-04,us,RXRX,,9.68000030517578,11.510000228881836,9.600000381469728,11.109999656677246,7873100,Yahoo Finance daily
2024-01-05,us,RXRX,,10.93000030517578,11.994999885559082,10.590999603271484,11.93000030517578,10822100,Yahoo Finance daily
2024-01-08,us,RXRX,,12.06999969482422,12.720000267028809,11.609999656677246,12.609999656677246,8970800,Yahoo Finance daily
2024-01-09,us,RXRX,,12.460000038146973,14.18000030517578,12.4399995803833,13.399999618530272,12163500,Yahoo Finance daily
2024-01-10,us,RXRX,,13.520000457763672,13.640000343322754,12.380000114440918,12.489999771118164,9798600,Yahoo Finance daily
2024-01-11,us,RXRX,,12.223999977111816,12.229999542236328,10.510000228881836,11.25,14092400,Yahoo Finance daily
2024-01-12,us,RXRX,,11.4399995803833,11.989999771118164,11.010000228881836,11.15999984741211,5667500,Yahoo Finance daily
2024-01-16,us,RXRX,,10.93000030517578,10.989999771118164,10.0,10.760000228881836,6728300,Yahoo Finance daily
2024-01-17,us,RXRX,,10.399999618530272,10.550000190734863,10.05500030517578,10.260000228881836,5686300,Yahoo Finance daily
2024-01-18,us,RXRX,,10.399999618530272,10.899999618530272,9.670000076293944,9.890000343322754,7135400,Yahoo Finance daily
2024-01-19,us,RXRX,,9.989999771118164,9.989999771118164,9.260000228881836,9.630000114440918,5605800,Yahoo Finance daily
2024-01-22,us,RXRX,,9.789999961853027,10.630000114440918,9.6899995803833,10.479999542236328,5229700,Yahoo Finance daily
2024-01-23,us,RXRX,,10.710000038146973,10.850000381469728,10.31999969482422,10.640000343322754,4220000,Yahoo Finance daily
2024-01-24,us,RXRX,,10.84000015258789,10.989999771118164,10.31999969482422,10.359999656677246,4241200,Yahoo Finance daily
2024-01-25,us,RXRX,,10.470000267028809,10.640000343322754,10.15999984741211,10.229999542236328,3117000,Yahoo Finance daily
2024-01-26,us,RXRX,,10.229999542236328,10.68000030517578,9.699999809265137,9.779999732971191,6059800,Yahoo Finance daily
2024-01-29,us,RXRX,,9.800000190734863,10.779999732971191,9.520000457763672,10.760000228881836,3503100,Yahoo Finance daily
2024-01-30,us,RXRX,,10.539999961853027,10.651000022888184,9.81999969482422,9.84000015258789,4596900,Yahoo Finance daily
2024-01-31,us,RXRX,,9.720000267028809,10.069000244140623,9.399999618530272,9.40999984741211,4390800,Yahoo Finance daily
2024-02-01,us,RXRX,,9.520000457763672,9.869999885559082,9.43000030517578,9.550000190734863,3197100,Yahoo Finance daily
2024-02-02,us,RXRX,,9.239999771118164,9.390000343322754,8.800000190734863,9.289999961853027,4646100,Yahoo Finance daily
2024-02-05,us,RXRX,,9.100000381469728,9.175000190734863,8.675000190734863,9.130000114440918,3163800,Yahoo Finance daily
2024-02-06,us,RXRX,,9.100000381469728,9.489999771118164,8.880000114440918,9.479999542236328,2688500,Yahoo Finance daily
2024-02-07,us,RXRX,,9.489999771118164,9.489999771118164,9.0600004196167,9.130000114440918,2708200,Yahoo Finance daily
2024-02-08,us,RXRX,,9.130000114440918,10.0600004196167,9.039999961853027,9.899999618530272,4249300,Yahoo Finance daily
2024-02-09,us,RXRX,,10.079999923706056,10.18000030517578,9.824000358581545,10.09000015258789,3087100,Yahoo Finance daily
2024-02-12,us,RXRX,,10.130000114440918,11.039999961853027,10.029999732971191,10.9399995803833,4384200,Yahoo Finance daily
2024-02-13,us,RXRX,,10.079999923706056,10.260000228881836,9.630000114440918,9.795000076293944,5572200,Yahoo Finance daily
2024-02-14,us,RXRX,,10.119999885559082,11.039999961853027,9.880000114440918,10.920000076293944,6160300,Yahoo Finance daily
2024-02-15,us,RXRX,,12.579999923706056,12.920000076293944,11.1899995803833,12.43000030517578,21767500,Yahoo Finance daily
2024-02-16,us,RXRX,,12.149999618530272,13.710000038146973,12.06999969482422,13.149999618530272,16680000,Yahoo Finance daily
2024-02-20,us,RXRX,,13.050000190734863,13.079999923706056,11.920000076293944,12.59000015258789,8421200,Yahoo Finance daily
2024-02-21,us,RXRX,,12.199999809265137,12.600000381469728,11.60200023651123,12.369999885559082,6068300,Yahoo Finance daily
2024-02-22,us,RXRX,,12.979999542236328,15.324999809265137,12.850000381469728,15.0,21439500,Yahoo Finance daily
2024-02-23,us,RXRX,,14.920000076293944,14.979999542236328,13.17300033569336,13.369999885559082,10319500,Yahoo Finance daily
2024-02-26,us,RXRX,,13.869999885559082,14.800000190734863,13.56999969482422,14.760000228881836,8185900,Yahoo Finance daily
2024-02-27,us,RXRX,,15.460000038146973,15.739999771118164,14.81999969482422,15.520000457763672,13253200,Yahoo Finance daily
2024-02-28,us,RXRX,,13.843000411987305,14.15999984741211,12.550000190734863,12.9399995803833,13000100,Yahoo Finance daily
2024-02-29,us,RXRX,,13.5,14.119999885559082,13.0,13.460000038146973,7575100,Yahoo Finance daily
2024-03-01,us,RXRX,,13.4399995803833,13.630000114440918,12.649999618530272,12.8100004196167,9171000,Yahoo Finance daily
2024-03-04,us,RXRX,,12.920000076293944,12.93000030517578,12.045000076293944,12.300000190734863,6845600,Yahoo Finance daily
2024-03-05,us,RXRX,,11.989999771118164,12.479999542236328,11.59000015258789,11.90999984741211,5923900,Yahoo Finance daily
2024-03-06,us,RXRX,,12.109999656677246,12.130000114440918,11.204999923706056,11.31999969482422,5200500,Yahoo Finance daily
2024-03-07,us,RXRX,,11.399999618530272,11.56999969482422,10.739999771118164,11.149999618530272,6012300,Yahoo Finance daily
2024-03-08,us,RXRX,,11.399999618530272,12.34000015258789,10.880000114440918,11.1899995803833,6245200,Yahoo Finance daily
2024-03-11,us,RXRX,,11.350000381469728,11.550000190734863,10.265000343322754,10.369999885559082,5551000,Yahoo Finance daily
2024-03-12,us,RXRX,,10.395000457763672,10.68000030517578,10.15999984741211,10.539999961853027,4921000,Yahoo Finance daily
2024-03-13,us,RXRX,,10.600000381469728,11.369999885559082,10.380000114440918,10.979999542236328,7248700,Yahoo Finance daily
2024-03-14,us,RXRX,,11.270000457763672,11.869999885559082,10.449999809265137,10.779999732971191,10143000,Yahoo Finance daily
2024-03-15,us,RXRX,,10.710000038146973,11.529999732971191,10.600000381469728,11.220000267028809,11301500,Yahoo Finance daily
2024-03-18,us,RXRX,,11.760000228881836,12.345000267028809,11.170000076293944,11.420000076293944,11375200,Yahoo Finance daily
2024-03-19,us,RXRX,,10.9399995803833,11.18000030517578,10.449999809265137,10.75,6475000,Yahoo Finance daily
2024-03-20,us,RXRX,,10.56999969482422,11.18000030517578,10.279999732971191,11.06999969482422,5435000,Yahoo Finance daily
2024-03-21,us,RXRX,,11.199999809265137,11.449999809265137,10.260000228881836,10.649999618530272,8042200,Yahoo Finance daily
2024-03-22,us,RXRX,,10.510000228881836,10.789999961853027,10.289999961853027,10.489999771118164,3695400,Yahoo Finance daily
2024-03-25,us,RXRX,,10.510000228881836,10.90999984741211,10.40999984741211,10.529999732971191,3831100,Yahoo Finance daily
2024-03-26,us,RXRX,,10.609999656677246,10.890000343322754,10.3100004196167,10.31999969482422,5067200,Yahoo Finance daily
2024-03-27,us,RXRX,,10.350000381469728,10.420000076293944,10.06999969482422,10.170000076293944,3999400,Yahoo Finance daily
2024-03-28,us,RXRX,,10.100000381469728,10.279999732971191,9.9399995803833,9.970000267028809,5441700,Yahoo Finance daily
2024-04-01,us,RXRX,,9.979999542236328,9.979999542236328,9.329999923706056,9.369999885559082,6625100,Yahoo Finance daily
2024-04-02,us,RXRX,,8.960000038146973,9.0,8.670000076293945,8.770000457763672,6851300,Yahoo Finance daily
2024-04-03,us,RXRX,,8.850000381469727,9.350000381469728,8.722999572753906,8.930000305175781,6047400,Yahoo Finance daily
2024-04-04,us,RXRX,,9.020000457763672,9.329999923706056,8.710000038146973,8.729999542236328,4723900,Yahoo Finance daily
2024-04-05,us,RXRX,,8.534000396728516,8.9399995803833,8.40999984741211,8.869999885559082,3413400,Yahoo Finance daily
2024-04-08,us,RXRX,,8.90999984741211,9.119999885559082,8.789999961853027,9.0,3129400,Yahoo Finance daily
2024-04-09,us,RXRX,,9.0,9.220000267028809,8.949999809265137,9.09000015258789,2589000,Yahoo Finance daily
2024-04-10,us,RXRX,,8.609999656677246,8.777999877929688,8.40999984741211,8.579999923706055,3752500,Yahoo Finance daily
2024-04-11,us,RXRX,,8.649999618530273,8.9399995803833,8.5,8.920000076293945,3148600,Yahoo Finance daily
2024-04-12,us,RXRX,,8.800000190734863,8.925000190734863,8.3149995803833,8.40999984741211,3428300,Yahoo Finance daily
2024-04-15,us,RXRX,,8.40999984741211,8.458000183105469,7.769999980926514,7.789999961853027,5149300,Yahoo Finance daily
2024-04-16,us,RXRX,,7.610000133514404,7.769999980926514,7.510000228881836,7.570000171661377,3847800,Yahoo Finance daily
2024-04-17,us,RXRX,,7.639999866485596,7.710000038146973,7.429999828338623,7.46999979019165,3507700,Yahoo Finance daily
2024-04-18,us,RXRX,,7.349999904632568,7.579999923706055,7.269999980926514,7.400000095367432,2862400,Yahoo Finance daily
2024-04-19,us,RXRX,,7.300000190734863,7.440000057220459,7.135000228881836,7.349999904632568,4013500,Yahoo Finance daily
2024-04-22,us,RXRX,,7.460000038146973,7.789999961853027,7.204999923706055,7.599999904632568,3946300,Yahoo Finance daily
2024-04-23,us,RXRX,,7.559999942779541,7.920000076293945,7.550000190734863,7.699999809265137,5111300,Yahoo Finance daily
2024-04-24,us,RXRX,,8.149999618530273,8.270000457763672,7.889999866485596,7.940000057220459,7206000,Yahoo Finance daily
2024-04-25,us,RXRX,,7.570000171661377,7.885000228881836,7.480000019073486,7.840000152587891,4382400,Yahoo Finance daily
2024-04-26,us,RXRX,,7.860000133514404,8.138999938964844,7.679999828338623,8.119999885559082,4394000,Yahoo Finance daily
2024-04-29,us,RXRX,,8.300000190734863,8.545000076293945,8.09000015258789,8.199999809265137,4108500,Yahoo Finance daily
2024-04-30,us,RXRX,,8.0600004196167,8.262999534606934,7.800000190734863,7.820000171661377,3849700,Yahoo Finance daily
2024-05-01,us,RXRX,,7.75,8.75,7.730000019073486,8.34000015258789,5750300,Yahoo Finance daily
2024-05-02,us,RXRX,,8.470000267028809,8.789999961853027,8.300000190734863,8.789999961853027,3872700,Yahoo Finance daily
2024-05-03,us,RXRX,,9.239999771118164,9.399999618530272,8.699999809265137,8.84000015258789,3982500,Yahoo Finance daily
2024-05-06,us,RXRX,,8.930000305175781,9.210000038146973,8.819999694824219,8.9399995803833,3367000,Yahoo Finance daily
2024-05-07,us,RXRX,,8.899999618530273,9.050000190734863,8.569999694824219,8.789999961853027,3214900,Yahoo Finance daily
2024-05-08,us,RXRX,,8.5600004196167,8.765000343322754,8.430000305175781,8.59000015258789,2585100,Yahoo Finance daily
2024-05-09,us,RXRX,,8.600000381469727,8.6899995803833,8.460000038146973,8.640000343322754,2983600,Yahoo Finance daily
2024-05-10,us,RXRX,,9.050000190734863,9.34000015258789,8.220000267028809,8.600000381469727,7288300,Yahoo Finance daily
2024-05-13,us,RXRX,,9.420000076293944,10.395999908447266,9.0600004196167,9.479999542236328,15407600,Yahoo Finance daily
2024-05-14,us,RXRX,,9.729999542236328,10.5600004196167,9.699999809265137,10.050000190734863,10177600,Yahoo Finance daily
2024-05-15,us,RXRX,,10.34000015258789,10.664999961853027,9.68000030517578,10.010000228881836,6873200,Yahoo Finance daily
2024-05-16,us,RXRX,,10.050000190734863,10.109999656677246,9.43000030517578,9.510000228881836,4872800,Yahoo Finance daily
2024-05-17,us,RXRX,,9.5,9.579999923706056,9.170000076293944,9.420000076293944,4735500,Yahoo Finance daily
2024-05-20,us,RXRX,,9.43000030517578,9.8100004196167,9.25,9.779999732971191,3494700,Yahoo Finance daily
2024-05-21,us,RXRX,,9.630000114440918,9.800000190734863,9.385000228881836,9.510000228881836,3026400,Yahoo Finance daily
2024-05-22,us,RXRX,,9.520000457763672,9.5600004196167,9.220000267028809,9.359999656677246,3605200,Yahoo Finance daily
2024-05-23,us,RXRX,,9.550000190734863,9.5600004196167,8.84000015258789,9.029999732971191,6738900,Yahoo Finance daily
2024-05-24,us,RXRX,,9.100000381469728,9.3100004196167,8.972999572753906,9.15999984741211,3414300,Yahoo Finance daily
2024-05-28,us,RXRX,,9.31999969482422,9.619999885559082,8.869999885559082,8.989999771118164,4574700,Yahoo Finance daily
2024-05-29,us,RXRX,,8.744999885559082,8.75,8.359999656677246,8.579999923706055,5741000,Yahoo Finance daily
2024-05-30,us,RXRX,,8.720000267028809,8.920000076293945,8.600000381469727,8.869999885559082,3372800,Yahoo Finance daily
2024-05-31,us,RXRX,,8.930000305175781,9.199999809265137,8.220000267028809,8.279999732971191,6518100,Yahoo Finance daily
2024-06-03,us,RXRX,,8.390000343322754,8.859999656677246,8.319999694824219,8.59000015258789,4637900,Yahoo Finance daily
2024-06-04,us,RXRX,,8.5600004196167,8.755000114440918,8.399999618530273,8.40999984741211,2975400,Yahoo Finance daily
2024-06-05,us,RXRX,,8.420000076293945,9.135000228881836,8.270000457763672,9.09000015258789,4848500,Yahoo Finance daily
2024-06-06,us,RXRX,,9.0,9.220000267028809,8.720000267028809,9.010000228881836,3394300,Yahoo Finance daily
2024-06-07,us,RXRX,,8.760000228881836,8.9350004196167,8.420000076293945,8.510000228881836,3878100,Yahoo Finance daily
2024-06-10,us,RXRX,,8.449999809265137,8.680000305175781,8.329999923706055,8.619999885559082,3233700,Yahoo Finance daily
2024-06-11,us,RXRX,,8.5,8.670000076293945,8.265000343322754,8.579999923706055,3110100,Yahoo Finance daily
2024-06-12,us,RXRX,,8.949999809265137,9.489999771118164,8.942999839782715,9.300000190734863,6213800,Yahoo Finance daily
2024-06-13,us,RXRX,,9.329999923706056,9.600000381469728,9.119999885559082,9.4399995803833,3069100,Yahoo Finance daily
2024-06-14,us,RXRX,,9.239999771118164,9.40999984741211,9.164999961853027,9.260000228881836,2881400,Yahoo Finance daily
2024-06-17,us,RXRX,,9.199999809265137,9.475000381469728,9.109999656677246,9.369999885559082,3248200,Yahoo Finance daily
2024-06-18,us,RXRX,,9.329999923706056,9.989999771118164,9.239999771118164,9.699999809265137,4452900,Yahoo Finance daily
2024-06-20,us,RXRX,,9.59000015258789,9.65999984741211,8.9399995803833,9.149999618530272,3966700,Yahoo Finance daily
2024-06-21,us,RXRX,,9.100000381469728,9.220000267028809,8.619999885559082,8.850000381469727,8554500,Yahoo Finance daily
2024-06-24,us,RXRX,,8.880000114440918,9.699999809265137,8.869999885559082,9.34000015258789,6476100,Yahoo Finance daily
2024-06-25,us,RXRX,,9.449999809265137,9.864999771118164,9.300000190734863,9.380000114440918,5159400,Yahoo Finance daily
2024-06-26,us,RXRX,,9.300000190734863,9.470000267028809,8.744999885559082,8.760000228881836,5641600,Yahoo Finance daily
2024-06-27,us,RXRX,,7.0,7.599999904632568,6.75,7.574999809265137,28265700,Yahoo Finance daily
2024-06-28,us,RXRX,,7.570000171661377,7.699999809265137,7.150000095367432,7.5,22314500,Yahoo Finance daily
2024-07-01,us,RXRX,,7.53000020980835,7.949999809265137,7.389999866485596,7.460000038146973,8152200,Yahoo Finance daily
2024-07-02,us,RXRX,,7.429999828338623,7.434999942779541,7.039999961853027,7.159999847412109,6257700,Yahoo Finance daily
2024-07-03,us,RXRX,,7.230000019073486,7.570000171661377,7.119999885559082,7.349999904632568,3235000,Yahoo Finance daily
2024-07-05,us,RXRX,,7.360000133514404,7.40500020980835,7.210000038146973,7.320000171661377,3478500,Yahoo Finance daily
2024-07-08,us,RXRX,,7.380000114440918,7.559999942779541,7.320000171661377,7.400000095367432,3873200,Yahoo Finance daily
2024-07-09,us,RXRX,,7.400000095367432,7.449999809265137,7.159999847412109,7.440000057220459,4319600,Yahoo Finance daily
2024-07-10,us,RXRX,,7.480000019073486,7.510000228881836,7.144999980926514,7.230000019073486,5155700,Yahoo Finance daily
2024-07-11,us,RXRX,,7.440000057220459,7.849999904632568,7.440000057220459,7.679999828338623,8441400,Yahoo Finance daily
2024-07-12,us,RXRX,,7.789999961853027,8.609999656677246,7.78000020980835,8.359999656677246,10190700,Yahoo Finance daily
2024-07-15,us,RXRX,,8.40999984741211,8.4399995803833,8.109999656677246,8.199999809265137,5263200,Yahoo Finance daily
2024-07-16,us,RXRX,,8.399999618530273,8.664999961853027,8.289999961853027,8.600000381469727,4967500,Yahoo Finance daily
2024-07-17,us,RXRX,,8.319999694824219,8.734999656677246,8.180000305175781,8.350000381469727,3965800,Yahoo Finance daily
2024-07-18,us,RXRX,,8.350000381469727,8.479999542236328,7.824999809265137,7.869999885559082,3919800,Yahoo Finance daily
2024-07-19,us,RXRX,,7.889999866485596,7.960000038146973,7.590000152587891,7.610000133514404,3080600,Yahoo Finance daily
2024-07-22,us,RXRX,,7.71999979019165,8.1899995803833,7.5,8.140000343322754,4178100,Yahoo Finance daily
2024-07-23,us,RXRX,,8.029999732971191,8.710000038146973,7.920000076293945,8.579999923706055,4152700,Yahoo Finance daily
2024-07-24,us,RXRX,,8.350000381469727,8.510000228881836,7.789999961853027,7.809999942779541,3761600,Yahoo Finance daily
2024-07-25,us,RXRX,,7.800000190734863,8.5600004196167,7.679999828338623,8.050000190734863,5124300,Yahoo Finance daily
2024-07-26,us,RXRX,,8.25,8.489999771118164,8.140000343322754,8.350000381469727,2956500,Yahoo Finance daily
2024-07-29,us,RXRX,,8.359999656677246,8.479999542236328,7.920000076293945,8.1899995803833,3471600,Yahoo Finance daily
2024-07-30,us,RXRX,,8.210000038146973,8.319999694824219,7.880000114440918,7.949999809265137,2399100,Yahoo Finance daily
2024-07-31,us,RXRX,,8.0,8.630000114440918,7.840000152587891,8.199999809265137,5049800,Yahoo Finance daily
2024-08-01,us,RXRX,,8.180000305175781,8.180000305175781,7.25,7.340000152587891,6015500,Yahoo Finance daily
2024-08-02,us,RXRX,,7.03000020980835,7.199999809265137,6.820000171661377,7.019999980926514,5507900,Yahoo Finance daily
2024-08-05,us,RXRX,,6.170000076293945,7.005000114440918,6.099999904632568,6.769999980926514,6592100,Yahoo Finance daily
2024-08-06,us,RXRX,,6.901999950408936,7.019999980926514,6.605000019073486,6.710000038146973,4470400,Yahoo Finance daily
2024-08-07,us,RXRX,,7.099999904632568,7.110000133514404,6.360000133514404,6.369999885559082,7073300,Yahoo Finance daily
2024-08-08,us,RXRX,,6.5,6.820000171661377,6.420000076293945,6.639999866485596,7414700,Yahoo Finance daily
2024-08-09,us,RXRX,,6.829999923706055,7.03000020980835,6.25,6.289999961853027,8675400,Yahoo Finance daily
2024-08-12,us,RXRX,,6.25,6.289999961853027,5.960000038146973,6.03000020980835,5862100,Yahoo Finance daily
2024-08-13,us,RXRX,,6.090000152587891,6.590000152587891,6.010000228881836,6.539999961853027,7239200,Yahoo Finance daily
2024-08-14,us,RXRX,,6.659999847412109,6.670000076293945,6.244999885559082,6.28000020980835,4826800,Yahoo Finance daily
2024-08-15,us,RXRX,,6.46999979019165,6.75,6.465000152587891,6.690000057220459,4996100,Yahoo Finance daily
2024-08-16,us,RXRX,,6.730000019073486,6.818999767303467,6.610000133514404,6.739999771118164,5045700,Yahoo Finance daily
2024-08-19,us,RXRX,,6.760000228881836,7.179999828338623,6.53000020980835,7.150000095367432,4909700,Yahoo Finance daily
2024-08-20,us,RXRX,,7.170000076293945,7.309999942779541,6.96999979019165,7.159999847412109,3871600,Yahoo Finance daily
2024-08-21,us,RXRX,,7.170000076293945,7.659999847412109,7.130000114440918,7.619999885559082,5058600,Yahoo Finance daily
2024-08-22,us,RXRX,,7.699999809265137,7.704999923706055,7.320000171661377,7.349999904632568,5219300,Yahoo Finance daily
2024-08-23,us,RXRX,,7.460000038146973,7.842000007629394,7.260000228881836,7.809999942779541,6388100,Yahoo Finance daily
2024-08-26,us,RXRX,,7.889999866485596,8.164999961853027,7.78000020980835,7.889999866485596,3785000,Yahoo Finance daily
2024-08-27,us,RXRX,,7.800000190734863,7.940000057220459,7.460000038146973,7.610000133514404,3739800,Yahoo Finance daily
2024-08-28,us,RXRX,,7.590000152587891,7.590000152587891,7.159999847412109,7.369999885559082,3663300,Yahoo Finance daily
2024-08-29,us,RXRX,,7.519999980926514,7.809999942779541,7.340000152587891,7.409999847412109,3333600,Yahoo Finance daily
2024-08-30,us,RXRX,,7.53000020980835,7.599999904632568,7.195000171661377,7.28000020980835,3563000,Yahoo Finance daily
2024-09-03,us,RXRX,,6.460000038146973,6.78000020980835,5.940000057220459,6.070000171661377,13369700,Yahoo Finance daily
2024-09-04,us,RXRX,,6.050000190734863,6.224999904632568,5.885000228881836,6.099999904632568,5711900,Yahoo Finance daily
2024-09-05,us,RXRX,,6.139999866485596,6.324999809265137,6.039999961853027,6.170000076293945,3483200,Yahoo Finance daily
2024-09-06,us,RXRX,,6.159999847412109,6.300000190734863,5.894999980926514,5.920000076293945,4577900,Yahoo Finance daily
2024-09-09,us,RXRX,,5.949999809265137,6.130000114440918,5.909999847412109,6.119999885559082,3986000,Yahoo Finance daily
2024-09-10,us,RXRX,,6.159999847412109,6.320000171661377,6.054999828338623,6.320000171661377,3088600,Yahoo Finance daily
2024-09-11,us,RXRX,,6.179999828338623,6.510000228881836,6.170000076293945,6.449999809265137,2941800,Yahoo Finance daily
2024-09-12,us,RXRX,,6.440000057220459,6.635000228881836,6.25,6.5,3442700,Yahoo Finance daily
2024-09-13,us,RXRX,,6.599999904632568,6.755000114440918,6.440000057220459,6.570000171661377,3757800,Yahoo Finance daily
2024-09-16,us,RXRX,,6.559999942779541,6.670000076293945,6.401000022888184,6.650000095367432,3011400,Yahoo Finance daily
2024-09-17,us,RXRX,,6.730000019073486,7.034999847412109,6.730000019073486,6.760000228881836,4154400,Yahoo Finance daily
2024-09-18,us,RXRX,,6.809999942779541,7.40500020980835,6.809999942779541,6.909999847412109,6071900,Yahoo Finance daily
2024-09-19,us,RXRX,,7.159999847412109,7.239999771118164,6.900000095367432,6.940000057220459,4634400,Yahoo Finance daily
2024-09-20,us,RXRX,,6.860000133514404,6.900000095367432,6.711999893188477,6.800000190734863,17168000,Yahoo Finance daily
2024-09-23,us,RXRX,,6.739999771118164,6.800000190734863,6.630000114440918,6.670000076293945,3540200,Yahoo Finance daily
2024-09-24,us,RXRX,,6.71999979019165,6.949999809265137,6.683000087738037,6.840000152587891,2869100,Yahoo Finance daily
2024-09-25,us,RXRX,,6.860000133514404,7.119999885559082,6.809999942779541,6.889999866485596,3265500,Yahoo Finance daily
2024-09-26,us,RXRX,,7.0,7.175000190734863,6.800000190734863,7.170000076293945,6577600,Yahoo Finance daily
2024-09-27,us,RXRX,,7.230000019073486,7.300000190734863,6.965000152587891,6.980000019073486,3615000,Yahoo Finance daily
2024-09-30,us,RXRX,,6.889999866485596,7.09499979019165,6.590000152587891,6.590000152587891,5317400,Yahoo Finance daily
2024-10-01,us,RXRX,,6.510000228881836,6.579999923706055,6.070000171661377,6.170000076293945,7272800,Yahoo Finance daily
2024-10-02,us,RXRX,,6.190000057220459,6.409999847412109,6.070000171661377,6.110000133514404,4763900,Yahoo Finance daily
2024-10-03,us,RXRX,,6.079999923706055,6.179999828338623,6.039999961853027,6.059999942779541,4308100,Yahoo Finance daily
2024-10-04,us,RXRX,,6.150000095367432,6.340000152587891,6.070000171661377,6.110000133514404,3838800,Yahoo Finance daily
2024-10-07,us,RXRX,,6.119999885559082,6.190000057220459,6.03000020980835,6.179999828338623,3491800,Yahoo Finance daily
2024-10-08,us,RXRX,,6.179999828338623,6.489999771118164,6.139999866485596,6.440000057220459,3770800,Yahoo Finance daily
2024-10-09,us,RXRX,,6.489999771118164,6.630000114440918,6.090000152587891,6.150000095367432,5736400,Yahoo Finance daily
2024-10-10,us,RXRX,,6.090000152587891,6.210000038146973,5.949999809265137,6.179999828338623,4983700,Yahoo Finance daily
2024-10-11,us,RXRX,,6.110000133514404,6.670000076293945,6.059999942779541,6.619999885559082,5396000,Yahoo Finance daily
2024-10-14,us,RXRX,,6.639999866485596,6.809999942779541,6.514999866485596,6.71999979019165,3608500,Yahoo Finance daily
2024-10-15,us,RXRX,,6.71999979019165,6.765999794006348,6.489999771118164,6.670000076293945,2579700,Yahoo Finance daily
2024-10-16,us,RXRX,,6.75,7.070000171661377,6.710000038146973,7.010000228881836,4525100,Yahoo Finance daily
2024-10-17,us,RXRX,,7.099999904632568,7.099999904632568,6.539999961853027,6.550000190734863,4856600,Yahoo Finance daily
2024-10-18,us,RXRX,,6.570000171661377,6.949999809265137,6.570000171661377,6.940000057220459,3633900,Yahoo Finance daily
2024-10-21,us,RXRX,,6.934999942779541,6.940000057220459,6.590000152587891,6.760000228881836,3966100,Yahoo Finance daily
2024-10-22,us,RXRX,,6.699999809265137,6.789999961853027,6.559999942779541,6.610000133514404,2843500,Yahoo Finance daily
2024-10-23,us,RXRX,,6.550000190734863,6.630000114440918,6.239999771118164,6.329999923706055,3976600,Yahoo Finance daily
2024-10-24,us,RXRX,,6.449999809265137,6.449999809265137,6.195000171661377,6.360000133514404,2934500,Yahoo Finance daily
2024-10-25,us,RXRX,,6.420000076293945,6.610000133514404,6.28000020980835,6.480000019073486,3517500,Yahoo Finance daily
2024-10-28,us,RXRX,,6.579999923706055,6.945000171661377,6.559999942779541,6.869999885559082,4546900,Yahoo Finance daily
2024-10-29,us,RXRX,,6.849999904632568,6.849999904632568,6.650000095367432,6.739999771118164,2506900,Yahoo Finance daily
2024-10-30,us,RXRX,,6.619999885559082,6.900000095367432,6.599999904632568,6.679999828338623,4475000,Yahoo Finance daily
2024-10-31,us,RXRX,,6.650000095367432,6.684999942779541,6.320000171661377,6.320000171661377,4378400,Yahoo Finance daily
2024-11-01,us,RXRX,,6.360000133514404,6.579999923706055,6.335000038146973,6.400000095367432,3630500,Yahoo Finance daily
2024-11-04,us,RXRX,,6.400000095367432,6.690000057220459,6.21999979019165,6.639999866485596,3884900,Yahoo Finance daily
2024-11-05,us,RXRX,,6.590000152587891,6.829999923706055,6.465000152587891,6.820000171661377,4354200,Yahoo Finance daily
2024-11-06,us,RXRX,,6.949999809265137,7.050000190734863,6.769999980926514,6.96999979019165,7361700,Yahoo Finance daily
2024-11-07,us,RXRX,,6.920000076293945,7.090000152587891,6.679999828338623,6.929999828338623,5800100,Yahoo Finance daily
2024-11-08,us,RXRX,,6.860000133514404,7.204999923706055,6.809999942779541,7.099999904632568,6667000,Yahoo Finance daily
2024-11-11,us,RXRX,,7.5,8.489999771118164,7.230000019073486,7.840000152587891,15577600,Yahoo Finance daily
2024-11-12,us,RXRX,,7.519999980926514,8.045000076293945,7.429999828338623,7.579999923706055,6810800,Yahoo Finance daily
2024-11-13,us,RXRX,,7.795000076293945,8.039999961853027,7.309999942779541,7.320000171661377,6591200,Yahoo Finance daily
2024-11-14,us,RXRX,,7.389999866485596,7.579999923706055,6.880000114440918,6.909999847412109,6588600,Yahoo Finance daily
2024-11-15,us,RXRX,,6.889999866485596,6.920000076293945,6.150000095367432,6.175000190734863,10543800,Yahoo Finance daily
2024-11-18,us,RXRX,,6.25,6.260000228881836,5.900000095367432,6.099999904632568,10403200,Yahoo Finance daily
2024-11-19,us,RXRX,,6.010000228881836,6.329999923706055,5.840000152587891,6.269999980926514,9338900,Yahoo Finance daily
2024-11-20,us,RXRX,,6.300000190734863,6.369999885559082,5.699999809265137,6.039999961853027,17004200,Yahoo Finance daily
2024-11-21,us,RXRX,,6.019999980926514,6.03000020980835,5.619999885559082,5.75,12353700,Yahoo Finance daily
2024-11-22,us,RXRX,,5.78000020980835,5.989999771118164,5.599999904632568,5.699999809265137,13702400,Yahoo Finance daily
2024-11-25,us,RXRX,,5.940000057220459,6.480000019073486,5.829999923706055,6.0,20459800,Yahoo Finance daily
2024-11-26,us,RXRX,,5.96999979019165,6.059999942779541,5.829999923706055,5.889999866485596,8515900,Yahoo Finance daily
2024-11-27,us,RXRX,,5.940000057220459,6.449999809265137,5.929999828338623,6.380000114440918,11323900,Yahoo Finance daily
2024-11-29,us,RXRX,,6.5,7.135000228881836,6.440000057220459,7.070000171661377,13378100,Yahoo Finance daily
2024-12-02,us,RXRX,,7.230000019073486,7.980000019073486,7.210000038146973,7.579999923706055,20357600,Yahoo Finance daily
2024-12-03,us,RXRX,,7.480000019073486,7.659999847412109,7.059999942779541,7.090000152587891,11619100,Yahoo Finance daily
2024-12-04,us,RXRX,,7.179999828338623,7.449999809265137,7.019999980926514,7.130000114440918,8502400,Yahoo Finance daily
2024-12-05,us,RXRX,,7.119999885559082,7.139999866485596,6.559999942779541,6.590000152587891,13481500,Yahoo Finance daily
2024-12-06,us,RXRX,,6.800000190734863,8.149999618530273,6.696000099182129,8.010000228881836,30862000,Yahoo Finance daily
2024-12-09,us,RXRX,,8.8100004196167,9.550000190734863,8.170000076293945,8.270000457763672,34481800,Yahoo Finance daily
2024-12-10,us,RXRX,,8.170000076293945,8.220000267028809,7.28000020980835,7.460000038146973,16106800,Yahoo Finance daily
2024-12-11,us,RXRX,,7.889999866485596,7.889999866485596,7.230000019073486,7.570000171661377,14746800,Yahoo Finance daily
2024-12-12,us,RXRX,,7.519999980926514,7.53000020980835,6.96999979019165,6.980000019073486,12809900,Yahoo Finance daily
2024-12-13,us,RXRX,,7.110000133514404,7.139999866485596,6.75,6.949999809265137,9860200,Yahoo Finance daily
2024-12-16,us,RXRX,,7.099999904632568,7.849999904632568,6.860000133514404,7.440000057220459,18802900,Yahoo Finance daily
2024-12-17,us,RXRX,,7.449999809265137,7.46999979019165,6.949999809265137,7.119999885559082,13525400,Yahoo Finance daily
2024-12-18,us,RXRX,,7.139999866485596,7.139999866485596,6.039999961853027,6.215000152587891,21373600,Yahoo Finance daily
2024-12-19,us,RXRX,,6.510000228881836,6.53000020980835,6.03000020980835,6.090000152587891,16490600,Yahoo Finance daily
2024-12-20,us,RXRX,,6.0,6.199999809265137,5.929999828338623,6.03000020980835,19936800,Yahoo Finance daily
2024-12-23,us,RXRX,,6.159999847412109,7.010000228881836,6.099999904632568,6.989999771118164,20889100,Yahoo Finance daily
2024-12-24,us,RXRX,,7.239999771118164,7.340000152587891,6.940000057220459,7.239999771118164,13659800,Yahoo Finance daily
2024-12-26,us,RXRX,,7.059999942779541,7.860000133514404,7.010000228881836,7.659999847412109,17425000,Yahoo Finance daily
2024-12-27,us,RXRX,,7.599999904632568,7.730000019073486,7.050000190734863,7.389999866485596,13945300,Yahoo Finance daily
2024-12-30,us,RXRX,,7.179999828338623,7.230000019073486,6.71999979019165,6.769999980926514,12755900,Yahoo Finance daily
2024-12-31,us,RXRX,,6.829999923706055,7.199999809265137,6.650000095367432,6.760000228881836,12110300,Yahoo Finance daily
2025-01-02,us,RXRX,,6.909999847412109,7.485000133514404,6.710000038146973,7.210000038146973,16518600,Yahoo Finance daily
2025-01-03,us,RXRX,,7.300000190734863,7.829999923706055,7.170000076293945,7.800000190734863,15650500,Yahoo Finance daily
2025-01-06,us,RXRX,,8.029999732971191,8.65999984741211,7.900000095367432,7.949999809265137,23986100,Yahoo Finance daily
2025-01-07,us,RXRX,,8.050000190734863,8.4399995803833,7.420000076293945,7.489999771118164,17176100,Yahoo Finance daily
2025-01-08,us,RXRX,,7.309999942779541,7.409999847412109,6.980000019073486,7.260000228881836,13037000,Yahoo Finance daily
2025-01-10,us,RXRX,,7.050000190734863,7.074999809265137,6.78000020980835,6.880000114440918,14129100,Yahoo Finance daily
2025-01-13,us,RXRX,,6.664999961853027,6.769999980926514,6.309999942779541,6.739999771118164,13256700,Yahoo Finance daily
2025-01-14,us,RXRX,,6.960000038146973,6.960000038146973,6.199999809265137,6.320000171661377,18258500,Yahoo Finance daily
2025-01-15,us,RXRX,,6.599999904632568,6.820000171661377,6.394999980926514,6.420000076293945,13713700,Yahoo Finance daily
2025-01-16,us,RXRX,,6.570000171661377,6.579999923706055,6.329999923706055,6.400000095367432,9556300,Yahoo Finance daily
2025-01-17,us,RXRX,,6.559999942779541,6.789999961853027,6.480000019073486,6.53000020980835,9909000,Yahoo Finance daily
2025-01-21,us,RXRX,,6.739999771118164,7.170000076293945,6.664000034332275,6.880000114440918,13703000,Yahoo Finance daily
2025-01-22,us,RXRX,,7.170000076293945,8.050000190734863,7.170000076293945,7.489999771118164,36471700,Yahoo Finance daily
2025-01-23,us,RXRX,,7.239999771118164,7.71999979019165,7.139999866485596,7.53000020980835,16553000,Yahoo Finance daily
2025-01-24,us,RXRX,,7.639999866485596,8.260000228881836,7.260000228881836,7.329999923706055,25171500,Yahoo Finance daily
2025-01-27,us,RXRX,,6.980000019073486,7.329999923706055,6.71999979019165,7.03000020980835,21346900,Yahoo Finance daily
2025-01-28,us,RXRX,,7.070000171661377,7.489999771118164,6.889999866485596,7.429999828338623,13225000,Yahoo Finance daily
2025-01-29,us,RXRX,,7.420000076293945,7.75,6.945000171661377,7.159999847412109,12958300,Yahoo Finance daily
2025-01-30,us,RXRX,,7.380000114440918,7.889999866485596,7.25,7.690000057220459,17152700,Yahoo Finance daily
2025-01-31,us,RXRX,,7.909999847412109,7.960000038146973,7.150000095367432,7.239999771118164,21272900,Yahoo Finance daily
2025-02-03,us,RXRX,,6.940000057220459,7.359000205993652,6.889999866485596,7.25,15568400,Yahoo Finance daily
2025-02-04,us,RXRX,,7.409999847412109,7.769999980926514,7.309999942779541,7.610000133514404,15631300,Yahoo Finance daily
2025-02-05,us,RXRX,,7.699999809265137,8.229999542236328,7.599999904632568,7.920000076293945,26526600,Yahoo Finance daily
2025-02-06,us,RXRX,,8.140000343322754,8.279999732971191,7.150000095367432,7.239999771118164,55929100,Yahoo Finance daily
2025-02-07,us,RXRX,,7.349999904632568,7.880000114440918,7.21999979019165,7.489999771118164,24630800,Yahoo Finance daily
2025-02-10,us,RXRX,,7.690000057220459,8.100000381469727,7.480000019073486,7.650000095367432,26220900,Yahoo Finance daily
2025-02-11,us,RXRX,,7.480000019073486,7.909999847412109,7.329999923706055,7.659999847412109,23896600,Yahoo Finance daily
2025-02-12,us,RXRX,,7.429999828338623,8.390000343322754,7.380000114440918,8.34000015258789,36015000,Yahoo Finance daily
2025-02-13,us,RXRX,,8.260000228881836,8.510000228881836,7.940000057220459,8.5,29079400,Yahoo Finance daily
2025-02-14,us,RXRX,,9.170000076293944,10.755000114440918,9.039999961853027,10.529999732971191,83547200,Yahoo Finance daily
2025-02-18,us,RXRX,,11.539999961853027,12.359999656677246,10.414999961853027,10.640000343322754,71874500,Yahoo Finance daily
2025-02-19,us,RXRX,,10.8149995803833,12.050000190734863,10.5600004196167,10.869999885559082,58103000,Yahoo Finance daily
2025-02-20,us,RXRX,,10.859999656677246,10.869999885559082,9.520000457763672,10.350000381469728,38573200,Yahoo Finance daily
2025-02-21,us,RXRX,,10.380000114440918,10.600000381469728,9.149999618530272,9.279999732971191,31524200,Yahoo Finance daily
2025-02-24,us,RXRX,,9.529999732971191,9.739999771118164,8.619999885559082,9.0,28668200,Yahoo Finance daily
2025-02-25,us,RXRX,,8.65999984741211,8.708000183105469,7.809999942779541,8.140000343322754,28369000,Yahoo Finance daily
2025-02-26,us,RXRX,,8.53499984741211,8.6899995803833,8.100000381469727,8.34000015258789,19407000,Yahoo Finance daily
2025-02-27,us,RXRX,,8.59000015258789,8.59000015258789,7.650000095367432,7.670000076293945,25590700,Yahoo Finance daily
2025-02-28,us,RXRX,,6.710000038146973,7.630000114440918,6.610000133514404,7.510000228881836,35505000,Yahoo Finance daily
2025-03-03,us,RXRX,,7.869999885559082,7.889999866485596,6.570000171661377,6.590000152587891,25764900,Yahoo Finance daily
2025-03-04,us,RXRX,,6.369999885559082,6.78000020980835,6.150000095367432,6.46999979019165,28975800,Yahoo Finance daily
2025-03-05,us,RXRX,,6.605000019073486,6.71999979019165,6.309999942779541,6.579999923706055,22837600,Yahoo Finance daily
2025-03-06,us,RXRX,,6.355000019073486,6.764999866485596,6.230000019073486,6.239999771118164,21899300,Yahoo Finance daily
2025-03-07,us,RXRX,,6.199999809265137,6.642000198364258,6.150000095367432,6.590000152587891,19229200,Yahoo Finance daily
2025-03-10,us,RXRX,,6.380000114440918,6.429999828338623,5.929999828338623,6.130000114440918,24026600,Yahoo Finance daily
2025-03-11,us,RXRX,,6.099999904632568,6.21999979019165,5.730000019073486,6.059999942779541,18750900,Yahoo Finance daily
2025-03-12,us,RXRX,,6.230000019073486,6.309999942779541,5.929999828338623,6.170000076293945,17490300,Yahoo Finance daily
2025-03-13,us,RXRX,,6.170000076293945,6.260000228881836,5.840000152587891,5.940000057220459,12584300,Yahoo Finance daily
2025-03-14,us,RXRX,,6.099999904632568,6.440000057220459,6.039999961853027,6.349999904632568,14984500,Yahoo Finance daily
2025-03-17,us,RXRX,,6.385000228881836,6.889999866485596,6.300000190734863,6.840000152587891,16908800,Yahoo Finance daily
2025-03-18,us,RXRX,,6.579999923706055,6.610000133514404,6.21999979019165,6.389999866485596,17825200,Yahoo Finance daily
2025-03-19,us,RXRX,,6.400000095367432,6.75,6.360000133514404,6.579999923706055,13827100,Yahoo Finance daily
2025-03-20,us,RXRX,,6.5,6.760000228881836,6.400000095367432,6.480000019073486,14457900,Yahoo Finance daily
2025-03-21,us,RXRX,,6.309999942779541,6.735000133514404,6.264999866485596,6.679999828338623,18068500,Yahoo Finance daily
2025-03-24,us,RXRX,,6.829999923706055,6.940000057220459,6.659999847412109,6.789999961853027,16033700,Yahoo Finance daily
2025-03-25,us,RXRX,,6.739999771118164,6.755000114440918,6.465000152587891,6.53000020980835,11995000,Yahoo Finance daily
2025-03-26,us,RXRX,,6.519999980926514,6.539999961853027,6.079999923706055,6.170000076293945,15025700,Yahoo Finance daily
2025-03-27,us,RXRX,,6.039999961853027,6.300000190734863,5.949999809265137,5.96999979019165,14741700,Yahoo Finance daily
2025-03-28,us,RXRX,,5.949999809265137,6.005000114440918,5.769999980926514,5.809999942779541,15233700,Yahoo Finance daily
2025-03-31,us,RXRX,,5.494999885559082,5.510000228881836,5.190000057220459,5.289999961853027,17981300,Yahoo Finance daily
2025-04-01,us,RXRX,,5.320000171661377,5.340000152587891,5.0,5.09499979019165,16980800,Yahoo Finance daily
2025-04-02,us,RXRX,,4.989999771118164,5.369999885559082,4.949999809265137,5.289999961853027,17503100,Yahoo Finance daily
2025-04-03,us,RXRX,,4.909999847412109,5.03000020980835,4.78000020980835,4.809999942779541,18370600,Yahoo Finance daily
2025-04-04,us,RXRX,,4.590000152587891,4.739999771118164,4.059999942779541,4.239999771118164,28149300,Yahoo Finance daily
2025-04-07,us,RXRX,,3.9609999656677246,4.599999904632568,3.799999952316284,4.199999809265137,25073300,Yahoo Finance daily
2025-04-08,us,RXRX,,4.489999771118164,4.489999771118164,3.869999885559082,3.9700000286102295,24791400,Yahoo Finance daily
2025-04-09,us,RXRX,,3.890000104904175,4.9679999351501465,3.7899999618530273,4.650000095367432,35709700,Yahoo Finance daily
2025-04-10,us,RXRX,,4.599999904632568,4.635000228881836,4.065000057220459,4.510000228881836,30816900,Yahoo Finance daily
2025-04-11,us,RXRX,,4.994999885559082,6.0,4.860000133514404,5.760000228881836,83410800,Yahoo Finance daily
2025-04-14,us,RXRX,,5.940000057220459,5.960000038146973,5.25,5.510000228881836,34501900,Yahoo Finance daily
2025-04-15,us,RXRX,,5.550000190734863,5.889999866485596,5.460000038146973,5.639999866485596,19330400,Yahoo Finance daily
2025-04-16,us,RXRX,,5.449999809265137,5.559999942779541,5.139999866485596,5.320000171661377,15694200,Yahoo Finance daily
2025-04-17,us,RXRX,,5.320000171661377,5.534999847412109,5.235000133514404,5.5,12766800,Yahoo Finance daily
2025-04-21,us,RXRX,,5.349999904632568,5.650000095367432,5.28000020980835,5.409999847412109,13540200,Yahoo Finance daily
2025-04-22,us,RXRX,,5.53000020980835,5.699999809265137,5.460000038146973,5.630000114440918,14778300,Yahoo Finance daily
2025-04-23,us,RXRX,,5.960000038146973,6.110000133514404,5.565000057220459,5.579999923706055,22425800,Yahoo Finance daily
2025-04-24,us,RXRX,,5.599999904632568,5.776999950408936,5.579999923706055,5.75,13416300,Yahoo Finance daily
2025-04-25,us,RXRX,,5.619999885559082,5.840000152587891,5.539999961853027,5.730000019073486,12699300,Yahoo Finance daily
2025-04-28,us,RXRX,,5.78000020980835,6.070000171661377,5.675000190734863,5.840000152587891,13830000,Yahoo Finance daily
2025-04-29,us,RXRX,,5.869999885559082,5.940000057220459,5.679999828338623,5.71999979019165,10681300,Yahoo Finance daily
2025-04-30,us,RXRX,,5.465000152587891,5.630000114440918,5.239999771118164,5.590000152587891,14941600,Yahoo Finance daily
2025-05-01,us,RXRX,,5.675000190734863,5.699999809265137,5.460000038146973,5.5,12935300,Yahoo Finance daily
2025-05-02,us,RXRX,,5.610000133514404,5.900000095367432,5.599999904632568,5.699999809265137,19857600,Yahoo Finance daily
2025-05-05,us,RXRX,,5.489999771118164,5.800000190734863,4.75,4.755000114440918,34511700,Yahoo Finance daily
2025-05-06,us,RXRX,,4.65500020980835,4.675000190734863,4.150000095367432,4.15500020980835,31948300,Yahoo Finance daily
2025-05-07,us,RXRX,,4.329999923706055,4.380000114440918,4.110000133514404,4.190000057220459,22461400,Yahoo Finance daily
2025-05-08,us,RXRX,,4.320000171661377,4.570000171661377,4.139999866485596,4.389999866485596,27278500,Yahoo Finance daily
2025-05-09,us,RXRX,,4.519999980926514,4.630000114440918,4.309999942779541,4.329999923706055,14827400,Yahoo Finance daily
2025-05-12,us,RXRX,,4.630000114440918,4.679999828338623,4.409999847412109,4.639999866485596,24554400,Yahoo Finance daily
2025-05-13,us,RXRX,,4.659999847412109,4.75,4.46999979019165,4.510000228881836,19014900,Yahoo Finance daily
2025-05-14,us,RXRX,,4.599999904632568,4.715000152587891,4.28000020980835,4.309999942779541,22401600,Yahoo Finance daily
2025-05-15,us,RXRX,,4.239999771118164,4.289999961853027,4.119999885559082,4.25,13518000,Yahoo Finance daily
2025-05-16,us,RXRX,,4.429999828338623,4.639999866485596,4.309999942779541,4.559999942779541,22727500,Yahoo Finance daily
2025-05-19,us,RXRX,,4.360000133514404,4.514999866485596,4.260000228881836,4.510000228881836,14123000,Yahoo Finance daily
2025-05-20,us,RXRX,,4.5,4.650000095367432,4.400000095367432,4.550000190734863,14638400,Yahoo Finance daily
2025-05-21,us,RXRX,,4.429999828338623,4.489999771118164,4.050000190734863,4.09499979019165,22671100,Yahoo Finance daily
2025-05-22,us,RXRX,,4.15500020980835,4.25,4.019999980926514,4.144999980926514,16744400,Yahoo Finance daily
2025-05-23,us,RXRX,,4.014999866485596,4.139999866485596,3.9600000381469727,4.079999923706055,16737000,Yahoo Finance daily
2025-05-27,us,RXRX,,4.199999809265137,4.480000019073486,4.099999904632568,4.389999866485596,22826000,Yahoo Finance daily
2025-05-28,us,RXRX,,4.5,4.690000057220459,4.380000114440918,4.394999980926514,23322600,Yahoo Finance daily
2025-05-29,us,RXRX,,4.489999771118164,4.670000076293945,4.360000133514404,4.449999809265137,21634800,Yahoo Finance daily
2025-05-30,us,RXRX,,4.349999904632568,4.360000133514404,4.110000133514404,4.179999828338623,20561900,Yahoo Finance daily
2025-06-02,us,RXRX,,4.179999828338623,4.519999980926514,4.179999828338623,4.369999885559082,19135900,Yahoo Finance daily
2025-06-03,us,RXRX,,4.425000190734863,4.429999828338623,4.21999979019165,4.389999866485596,16333800,Yahoo Finance daily
2025-06-04,us,RXRX,,4.449999809265137,5.079999923706055,4.409999847412109,4.909999847412109,46074900,Yahoo Finance daily
2025-06-05,us,RXRX,,4.920000076293945,4.960000038146973,4.440000057220459,4.570000171661377,32695300,Yahoo Finance daily
2025-06-06,us,RXRX,,4.71999979019165,5.519999980926514,4.704999923706055,5.489999771118164,60323000,Yahoo Finance daily
2025-06-09,us,RXRX,,5.835000038146973,5.835000038146973,5.320000171661377,5.369999885559082,46978300,Yahoo Finance daily
2025-06-10,us,RXRX,,5.429999828338623,6.070000171661377,5.355000019073486,5.449999809265137,48268900,Yahoo Finance daily
2025-06-11,us,RXRX,,5.650000095367432,5.789999961853027,5.340000152587891,5.400000095367432,33071700,Yahoo Finance daily
2025-06-12,us,RXRX,,5.25,5.409999847412109,5.130000114440918,5.170000076293945,28360000,Yahoo Finance daily
2025-06-13,us,RXRX,,4.954999923706055,5.150000095367432,4.840000152587891,4.920000076293945,37528400,Yahoo Finance daily
2025-06-16,us,RXRX,,5.005000114440918,5.079999923706055,4.829999923706055,5.0,27152600,Yahoo Finance daily
2025-06-17,us,RXRX,,4.900000095367432,5.090000152587891,4.78000020980835,4.840000152587891,21364300,Yahoo Finance daily
2025-06-18,us,RXRX,,4.829999923706055,5.25,4.795000076293945,5.110000133514404,35107900,Yahoo Finance daily
2025-06-20,us,RXRX,,5.230000019073486,5.355000019073486,4.900000095367432,5.03000020980835,32067300,Yahoo Finance daily
2025-06-23,us,RXRX,,4.875,5.050000190734863,4.71999979019165,4.829999923706055,21545400,Yahoo Finance daily
2025-06-24,us,RXRX,,5.0,5.304999828338623,4.989999771118164,5.21999979019165,22993100,Yahoo Finance daily
2025-06-25,us,RXRX,,5.360000133514404,5.360000133514404,4.960000038146973,5.159999847412109,20930100,Yahoo Finance daily
2025-06-26,us,RXRX,,5.03000020980835,5.429999828338623,4.980000019073486,5.400000095367432,21512400,Yahoo Finance daily
2025-06-27,us,RXRX,,5.385000228881836,5.480000019073486,4.980000019073486,5.03000020980835,46633000,Yahoo Finance daily
2025-06-30,us,RXRX,,5.099999904632568,5.269999980926514,5.010000228881836,5.059999942779541,25780600,Yahoo Finance daily
2025-07-01,us,RXRX,,5.0,5.440000057220459,4.909999847412109,5.130000114440918,38012900,Yahoo Finance daily
2025-07-02,us,RXRX,,5.150000095367432,5.400000095367432,5.079999923706055,5.210000038146973,25072100,Yahoo Finance daily
2025-07-03,us,RXRX,,5.239999771118164,5.329999923706055,5.150000095367432,5.269999980926514,16582100,Yahoo Finance daily
2025-07-07,us,RXRX,,5.179999828338623,5.21999979019165,4.800000190734863,4.929999828338623,37377500,Yahoo Finance daily
2025-07-08,us,RXRX,,5.005000114440918,5.630000114440918,5.0,5.360000133514404,45341100,Yahoo Finance daily
2025-07-09,us,RXRX,,5.460000038146973,5.769999980926514,5.429999828338623,5.590000152587891,34721700,Yahoo Finance daily
2025-07-10,us,RXRX,,5.710000038146973,5.879000186920166,5.570000171661377,5.715000152587891,28683900,Yahoo Finance daily
2025-07-11,us,RXRX,,5.559999942779541,5.610000133514404,5.25,5.28000020980835,31616100,Yahoo Finance daily
2025-07-14,us,RXRX,,5.25,5.414999961853027,5.190000057220459,5.28000020980835,20420600,Yahoo Finance daily
2025-07-15,us,RXRX,,5.309999942779541,5.53000020980835,5.130000114440918,5.21999979019165,29137000,Yahoo Finance daily
2025-07-16,us,RXRX,,5.309999942779541,5.554999828338623,5.204999923706055,5.389999866485596,24235100,Yahoo Finance daily
2025-07-17,us,RXRX,,5.474999904632568,5.739999771118164,5.460000038146973,5.519999980926514,27489400,Yahoo Finance daily
2025-07-18,us,RXRX,,5.650000095367432,6.224999904632568,5.570000171661377,5.840000152587891,53043400,Yahoo Finance daily
2025-07-21,us,RXRX,,6.110000133514404,7.150000095367432,6.03000020980835,6.400000095367432,75466000,Yahoo Finance daily
2025-07-22,us,RXRX,,6.510000228881836,6.559999942779541,6.091000080108643,6.539999961853027,37476500,Yahoo Finance daily
2025-07-23,us,RXRX,,6.699999809265137,7.139999866485596,6.28000020980835,6.429999828338623,41946900,Yahoo Finance daily
2025-07-24,us,RXRX,,6.429999828338623,6.554999828338623,6.25,6.260000228881836,22935200,Yahoo Finance daily
2025-07-25,us,RXRX,,6.199999809265137,6.5,5.929999828338623,6.489999771118164,23778000,Yahoo Finance daily
2025-07-28,us,RXRX,,6.659999847412109,6.684999942779541,6.199999809265137,6.309999942779541,25013100,Yahoo Finance daily
2025-07-29,us,RXRX,,6.275000095367432,6.28000020980835,5.860000133514404,5.949999809265137,23880000,Yahoo Finance daily
2025-07-30,us,RXRX,,6.079999923706055,6.199999809265137,5.699999809265137,5.809999942779541,20497300,Yahoo Finance daily
2025-07-31,us,RXRX,,5.855000019073486,6.090000152587891,5.784999847412109,5.949999809265137,21995600,Yahoo Finance daily
2025-08-01,us,RXRX,,5.619999885559082,5.820000171661377,5.574999809265137,5.679999828338623,18032400,Yahoo Finance daily
2025-08-04,us,RXRX,,5.809999942779541,5.920000076293945,5.659999847412109,5.800000190734863,18704200,Yahoo Finance daily
2025-08-05,us,RXRX,,5.934999942779541,5.960000038146973,5.409999847412109,5.53000020980835,35713600,Yahoo Finance daily
2025-08-06,us,RXRX,,5.414999961853027,5.489999771118164,5.28000020980835,5.480000019073486,18092300,Yahoo Finance daily
2025-08-07,us,RXRX,,5.545000076293945,5.690000057220459,5.400000095367432,5.409999847412109,14342000,Yahoo Finance daily
2025-08-08,us,RXRX,,5.449999809265137,5.579999923706055,5.349999904632568,5.360000133514404,12058000,Yahoo Finance daily
2025-08-11,us,RXRX,,5.300000190734863,5.539999961853027,5.199999809265137,5.289999961853027,18672600,Yahoo Finance daily
2025-08-12,us,RXRX,,5.355000019073486,5.5,5.289999961853027,5.409999847412109,16548000,Yahoo Finance daily
2025-08-13,us,RXRX,,5.53000020980835,5.820000171661377,5.519999980926514,5.699999809265137,23560900,Yahoo Finance daily
2025-08-14,us,RXRX,,5.449999809265137,5.690000057220459,5.409999847412109,5.639999866485596,15607400,Yahoo Finance daily
2025-08-15,us,RXRX,,5.639999866485596,5.840000152587891,5.519999980926514,5.769999980926514,14884700,Yahoo Finance daily
2025-08-18,us,RXRX,,5.71999979019165,5.735000133514404,5.449999809265137,5.519999980926514,17054700,Yahoo Finance daily
2025-08-19,us,RXRX,,5.53000020980835,5.539999961853027,5.090000152587891,5.090000152587891,20377300,Yahoo Finance daily
2025-08-20,us,RXRX,,5.010000228881836,5.090000152587891,4.730000019073486,4.769999980926514,24970700,Yahoo Finance daily
2025-08-21,us,RXRX,,4.769999980926514,4.889999866485596,4.71999979019165,4.78000020980835,14600500,Yahoo Finance daily
2025-08-22,us,RXRX,,4.800000190734863,5.170000076293945,4.78000020980835,4.940000057220459,20025800,Yahoo Finance daily
2025-08-25,us,RXRX,,5.0,5.03000020980835,4.829999923706055,4.829999923706055,15935300,Yahoo Finance daily
2025-08-26,us,RXRX,,4.869999885559082,4.929999828338623,4.800000190734863,4.829999923706055,11382300,Yahoo Finance daily
2025-08-27,us,RXRX,,4.869999885559082,4.940000057220459,4.824999809265137,4.889999866485596,11503100,Yahoo Finance daily
2025-08-28,us,RXRX,,4.900000095367432,5.010000228881836,4.829999923706055,4.864999771118164,12751400,Yahoo Finance daily
2025-08-29,us,RXRX,,4.835000038146973,4.894999980926514,4.630000114440918,4.699999809265137,15124800,Yahoo Finance daily
2025-09-02,us,RXRX,,4.599999904632568,4.769999980926514,4.525000095367432,4.659999847412109,12483800,Yahoo Finance daily
2025-09-03,us,RXRX,,4.71999979019165,4.820000171661377,4.550000190734863,4.630000114440918,12646800,Yahoo Finance daily
2025-09-04,us,RXRX,,4.599999904632568,4.619999885559082,4.460000038146973,4.519999980926514,14775700,Yahoo Finance daily
2025-09-05,us,RXRX,,4.579999923706055,4.659999847412109,4.449999809265137,4.610000133514404,13757700,Yahoo Finance daily
2025-09-08,us,RXRX,,4.679999828338623,4.789999961853027,4.579999923706055,4.619999885559082,15260400,Yahoo Finance daily
2025-09-09,us,RXRX,,4.599999904632568,4.710000038146973,4.550000190734863,4.699999809265137,13282400,Yahoo Finance daily
2025-09-10,us,RXRX,,4.739999771118164,4.739999771118164,4.510000228881836,4.539999961853027,15881200,Yahoo Finance daily
2025-09-11,us,RXRX,,4.559999942779541,5.050000190734863,4.545000076293945,4.849999904632568,32111200,Yahoo Finance daily
2025-09-12,us,RXRX,,4.960000038146973,5.0,4.800000190734863,4.829999923706055,17162500,Yahoo Finance daily
2025-09-15,us,RXRX,,4.929999828338623,5.090000152587891,4.670000076293945,4.769999980926514,20913700,Yahoo Finance daily
2025-09-16,us,RXRX,,4.809999942779541,4.920000076293945,4.659999847412109,4.840000152587891,21422800,Yahoo Finance daily
2025-09-17,us,RXRX,,4.804999828338623,4.889999866485596,4.570000171661377,4.710000038146973,28415200,Yahoo Finance daily
2025-09-18,us,RXRX,,4.800000190734863,4.96999979019165,4.789999961853027,4.929999828338623,25034900,Yahoo Finance daily
2025-09-19,us,RXRX,,4.989999771118164,5.150000095367432,4.860000133514404,4.909999847412109,53313500,Yahoo Finance daily
2025-09-22,us,RXRX,,5.119999885559082,5.264999866485596,4.920000076293945,4.980000019073486,29922900,Yahoo Finance daily
2025-09-23,us,RXRX,,5.010000228881836,5.130000114440918,4.800000190734863,4.809999942779541,40399600,Yahoo Finance daily
2025-09-24,us,RXRX,,4.880000114440918,5.170000076293945,4.829999923706055,4.880000114440918,42205200,Yahoo Finance daily
2025-09-25,us,RXRX,,4.760000228881836,4.820000171661377,4.579999923706055,4.630000114440918,47211900,Yahoo Finance daily
2025-09-26,us,RXRX,,4.619999885559082,4.730000019073486,4.570000171661377,4.71999979019165,39343200,Yahoo Finance daily
2025-09-29,us,RXRX,,4.775000095367432,5.0,4.699999809265137,4.909999847412109,40995500,Yahoo Finance daily
2025-09-30,us,RXRX,,4.849999904632568,4.880000114440918,4.730000019073486,4.880000114440918,28881800,Yahoo Finance daily
2025-10-01,us,RXRX,,4.824999809265137,5.230000019073486,4.802999973297119,5.099999904632568,43900000,Yahoo Finance daily
2025-10-02,us,RXRX,,5.210000038146973,5.610000133514404,5.114999771118164,5.519999980926514,58334700,Yahoo Finance daily
2025-10-03,us,RXRX,,5.599999904632568,5.699999809265137,5.340000152587891,5.489999771118164,49126400,Yahoo Finance daily
2025-10-06,us,RXRX,,5.599999904632568,5.699999809265137,5.5,5.53000020980835,34740600,Yahoo Finance daily
2025-10-07,us,RXRX,,5.550000190734863,5.599999904632568,5.110000133514404,5.230000019073486,34119700,Yahoo Finance daily
2025-10-08,us,RXRX,,5.25,6.300000190734863,5.190000057220459,6.090000152587891,94203500,Yahoo Finance daily
2025-10-09,us,RXRX,,6.144999980926514,6.179999828338623,5.704999923706055,5.909999847412109,51030100,Yahoo Finance daily
2025-10-10,us,RXRX,,6.039999961853027,6.199999809265137,5.300000190734863,5.320000171661377,60530300,Yahoo Finance daily
2025-10-13,us,RXRX,,5.519999980926514,5.570000171661377,5.25,5.53000020980835,57007800,Yahoo Finance daily
2025-10-14,us,RXRX,,5.320000171661377,6.0,5.070000171661377,5.889999866485596,104026800,Yahoo Finance daily
2025-10-15,us,RXRX,,6.050000190734863,6.820000171661377,6.010000228881836,6.789999961853027,180161300,Yahoo Finance daily
2025-10-16,us,RXRX,,6.789999961853027,7.039999961853027,6.25,6.360000133514404,229692500,Yahoo Finance daily
2025-10-17,us,RXRX,,6.150000095367432,6.25,5.809999942779541,5.860000133514404,70191200,Yahoo Finance daily
2025-10-20,us,RXRX,,6.21999979019165,7.179999828338623,6.210000038146973,6.679999828338623,90054900,Yahoo Finance daily
2025-10-21,us,RXRX,,6.65500020980835,6.697999954223633,6.0,6.110000133514404,58243200,Yahoo Finance daily
2025-10-22,us,RXRX,,6.070000171661377,6.309999942779541,5.579999923706055,5.75,45277000,Yahoo Finance daily
2025-10-23,us,RXRX,,5.739999771118164,5.889999866485596,5.630000114440918,5.730000019073486,35164400,Yahoo Finance daily
2025-10-24,us,RXRX,,5.940000057220459,6.150000095367432,5.723999977111816,6.039999961853027,39056800,Yahoo Finance daily
2025-10-27,us,RXRX,,6.150000095367432,6.5,5.934999942779541,6.300000190734863,55252500,Yahoo Finance daily
2025-10-28,us,RXRX,,6.21999979019165,6.25,5.849999904632568,5.909999847412109,38643300,Yahoo Finance daily
2025-10-29,us,RXRX,,5.989999771118164,6.099999904632568,5.679999828338623,5.869999885559082,43607100,Yahoo Finance daily
2025-10-30,us,RXRX,,5.679999828338623,5.840000152587891,5.630000114440918,5.650000095367432,33371600,Yahoo Finance daily
2025-10-31,us,RXRX,,5.699999809265137,5.736000061035156,5.409999847412109,5.519999980926514,43304100,Yahoo Finance daily
2025-11-03,us,RXRX,,5.570000171661377,5.760000228881836,5.329999923706055,5.440000057220459,48329800,Yahoo Finance daily
2025-11-04,us,RXRX,,5.199999809265137,5.320000171661377,4.96999979019165,5.0,43371800,Yahoo Finance daily
2025-11-05,us,RXRX,,5.070000171661377,5.195000171661377,4.855000019073486,4.960000038146973,57423900,Yahoo Finance daily
2025-11-06,us,RXRX,,4.980000019073486,4.989999771118164,4.599999904632568,4.619999885559082,38326800,Yahoo Finance daily
2025-11-07,us,RXRX,,4.5,4.639999866485596,4.179999828338623,4.619999885559082,52638100,Yahoo Finance daily
2025-11-10,us,RXRX,,4.894999980926514,4.960000038146973,4.46999979019165,4.510000228881836,33369600,Yahoo Finance daily
2025-11-11,us,RXRX,,4.510000228881836,4.769999980926514,4.460000038146973,4.710000038146973,24526100,Yahoo Finance daily
2025-11-12,us,RXRX,,4.71999979019165,4.800000190734863,4.539999961853027,4.650000095367432,23549400,Yahoo Finance daily
2025-11-13,us,RXRX,,4.539999961853027,4.610000133514404,4.300000190734863,4.329999923706055,25689900,Yahoo Finance daily
2025-11-14,us,RXRX,,4.170000076293945,4.380000114440918,4.130000114440918,4.139999866485596,31415400,Yahoo Finance daily
2025-11-17,us,RXRX,,4.130000114440918,4.28000020980835,4.014999866485596,4.119999885559082,24751300,Yahoo Finance daily
2025-11-18,us,RXRX,,4.025000095367432,4.25,3.9600000381469727,4.159999847412109,25783000,Yahoo Finance daily
2025-11-19,us,RXRX,,4.159999847412109,4.21999979019165,3.9800000190734863,4.03000020980835,27836700,Yahoo Finance daily
2025-11-20,us,RXRX,,4.150000095367432,4.369999885559082,3.809999942779541,3.849999904632568,38836000,Yahoo Finance daily
2025-11-21,us,RXRX,,3.910000085830689,4.260000228881836,3.849999904632568,4.170000076293945,33632400,Yahoo Finance daily
2025-11-24,us,RXRX,,4.199999809265137,4.349999904632568,4.144999980926514,4.329999923706055,17701800,Yahoo Finance daily
2025-11-25,us,RXRX,,4.28000020980835,4.409999847412109,4.179999828338623,4.369999885559082,16245900,Yahoo Finance daily
2025-11-26,us,RXRX,,4.375,4.480000019073486,4.300000190734863,4.409999847412109,17253200,Yahoo Finance daily
2025-11-28,us,RXRX,,4.460000038146973,4.644999980926514,4.400000095367432,4.630000114440918,10570800,Yahoo Finance daily
2025-12-01,us,RXRX,,4.460000038146973,4.544000148773193,4.360000133514404,4.360000133514404,18257400,Yahoo Finance daily
2025-12-02,us,RXRX,,4.369999885559082,4.517000198364258,4.309999942779541,4.320000171661377,17620900,Yahoo Finance daily
2025-12-03,us,RXRX,,4.369999885559082,4.670000076293945,4.329999923706055,4.659999847412109,19822300,Yahoo Finance daily
2025-12-04,us,RXRX,,4.630000114440918,4.940000057220459,4.579999923706055,4.920000076293945,19905600,Yahoo Finance daily
2025-12-05,us,RXRX,,4.869999885559082,4.880000114440918,4.670000076293945,4.710000038146973,17128100,Yahoo Finance daily
2025-12-08,us,RXRX,,4.974999904632568,5.090000152587891,4.679999828338623,4.820000171661377,34939600,Yahoo Finance daily
2025-12-09,us,RXRX,,4.730000019073486,4.90500020980835,4.610000133514404,4.769999980926514,17743300,Yahoo Finance daily
2025-12-10,us,RXRX,,4.760000228881836,4.90500020980835,4.65500020980835,4.769999980926514,13683600,Yahoo Finance daily
2025-12-11,us,RXRX,,4.699999809265137,4.804999828338623,4.570000171661377,4.579999923706055,13575800,Yahoo Finance daily
2025-12-12,us,RXRX,,4.570000171661377,4.639999866485596,4.309999942779541,4.329999923706055,17978300,Yahoo Finance daily
2025-12-15,us,RXRX,,4.34499979019165,4.360000133514404,4.144000053405762,4.199999809265137,17415100,Yahoo Finance daily
2025-12-16,us,RXRX,,4.15500020980835,4.329999923706055,4.139999866485596,4.199999809265137,13617200,Yahoo Finance daily
2025-12-17,us,RXRX,,4.510000228881836,5.010000228881836,4.480000019073486,4.679999828338623,65554800,Yahoo Finance daily
2025-12-18,us,RXRX,,4.760000228881836,4.960000038146973,4.440000057220459,4.440000057220459,31684800,Yahoo Finance daily
2025-12-19,us,RXRX,,4.510000228881836,4.53000020980835,4.25,4.260000228881836,55008600,Yahoo Finance daily
2025-12-22,us,RXRX,,4.360000133514404,4.53000020980835,4.300000190734863,4.400000095367432,24629000,Yahoo Finance daily
2025-12-23,us,RXRX,,4.329999923706055,4.394999980926514,4.179999828338623,4.360000133514404,26036000,Yahoo Finance daily
2025-12-24,us,RXRX,,4.349999904632568,4.429999828338623,4.300000190734863,4.400000095367432,9422200,Yahoo Finance daily
2025-12-26,us,RXRX,,4.409999847412109,4.409999847412109,4.230000019073486,4.25,15948600,Yahoo Finance daily
2025-12-29,us,RXRX,,4.179999828338623,4.309999942779541,4.110000133514404,4.130000114440918,24567500,Yahoo Finance daily
2025-12-30,us,RXRX,,4.150000095367432,4.210000038146973,4.099999904632568,4.110000133514404,18023800,Yahoo Finance daily
2025-12-31,us,RXRX,,4.099999904632568,4.139999866485596,4.050000190734863,4.090000152587891,15217400,Yahoo Finance daily
2026-01-02,us,RXRX,,4.170000076293945,4.230000019073486,4.119999885559082,4.199999809265137,16227200,Yahoo Finance daily
2026-01-05,us,RXRX,,4.260000228881836,4.420000076293945,4.25,4.369999885559082,17617900,Yahoo Finance daily
2026-01-06,us,RXRX,,4.360000133514404,4.659999847412109,4.349999904632568,4.550000190734863,23178000,Yahoo Finance daily
2026-01-07,us,RXRX,,4.554999828338623,5.0,4.544000148773193,4.860000133514404,33116700,Yahoo Finance daily
2026-01-08,us,RXRX,,4.795000076293945,4.795000076293945,4.650000095367432,4.699999809265137,17187200,Yahoo Finance daily
2026-01-09,us,RXRX,,4.78000020980835,4.815000057220459,4.619999885559082,4.659999847412109,15381300,Yahoo Finance daily
2026-01-12,us,RXRX,,4.760000228881836,4.980000019073486,4.71999979019165,4.809999942779541,24699500,Yahoo Finance daily
2026-01-13,us,RXRX,,4.880000114440918,4.960000038146973,4.630000114440918,4.690000057220459,18996400,Yahoo Finance daily
2026-01-14,us,RXRX,,4.619999885559082,4.869999885559082,4.610000133514404,4.849999904632568,16954800,Yahoo Finance daily
2026-01-15,us,RXRX,,4.849999904632568,4.869999885559082,4.630000114440918,4.639999866485596,19182700,Yahoo Finance daily
2026-01-16,us,RXRX,,4.650000095367432,4.880000114440918,4.550000190734863,4.670000076293945,21430700,Yahoo Finance daily
2026-01-20,us,RXRX,,4.460000038146973,4.550000190734863,4.389999866485596,4.400000095367432,22287800,Yahoo Finance daily
2026-01-21,us,RXRX,,4.414999961853027,4.675000190734863,4.349999904632568,4.610000133514404,26949500,Yahoo Finance daily
2026-01-22,us,RXRX,,4.650000095367432,5.239999771118164,4.619999885559082,4.960000038146973,36434600,Yahoo Finance daily
2026-01-23,us,RXRX,,4.901999950408936,4.960000038146973,4.699999809265137,4.730000019073486,18328700,Yahoo Finance daily
2026-01-26,us,RXRX,,4.710000038146973,4.71999979019165,4.550000190734863,4.590000152587891,15464200,Yahoo Finance daily
2026-01-27,us,RXRX,,4.639999866485596,4.739999771118164,4.485000133514404,4.599999904632568,15855800,Yahoo Finance daily
2026-01-28,us,RXRX,,4.639999866485596,4.639999866485596,4.414999961853027,4.46999979019165,16212500,Yahoo Finance daily
2026-01-29,us,RXRX,,4.440000057220459,4.480000019073486,4.300000190734863,4.320000171661377,17455900,Yahoo Finance daily
2026-01-30,us,RXRX,,4.264999866485596,4.34499979019165,4.159999847412109,4.190000057220459,19769400,Yahoo Finance daily
2026-02-02,us,RXRX,,4.119999885559082,4.260000228881836,4.079999923706055,4.179999828338623,17443800,Yahoo Finance daily
2026-02-03,us,RXRX,,4.215000152587891,4.284999847412109,3.9600000381469727,4.099999904632568,23496500,Yahoo Finance daily
2026-02-04,us,RXRX,,4.119999885559082,4.125,3.7100000381469727,3.900000095367432,36835900,Yahoo Finance daily
2026-02-05,us,RXRX,,3.7899999618530273,3.875,3.539999961853028,3.559999942779541,40627200,Yahoo Finance daily
2026-02-06,us,RXRX,,3.740000009536743,4.019999980926514,3.690000057220459,3.9800000190734863,26273100,Yahoo Finance daily
2026-02-09,us,RXRX,,3.950000047683716,4.0,3.849999904632568,3.9800000190734863,14183600,Yahoo Finance daily
2026-02-10,us,RXRX,,4.005000114440918,4.089000225067139,3.839999914169312,3.849999904632568,11126700,Yahoo Finance daily
2026-02-11,us,RXRX,,3.869999885559082,3.880000114440918,3.640000104904175,3.7100000381469727,24045200,Yahoo Finance daily
2026-02-12,us,RXRX,,3.740000009536743,3.75,3.490000009536743,3.5799999237060547,19051500,Yahoo Finance daily
2026-02-13,us,RXRX,,3.5999999046325684,3.7200000286102295,3.450000047683716,3.490000009536743,16161000,Yahoo Finance daily
2026-02-17,us,RXRX,,3.4800000190734863,3.490000009536743,3.309999942779541,3.4600000381469727,17316000,Yahoo Finance daily
2026-02-18,us,RXRX,,3.059999942779541,3.539999961853028,2.9800000190734863,3.5299999713897705,38592800,Yahoo Finance daily
2026-02-19,us,RXRX,,3.4600000381469727,3.7300000190734863,3.444999933242798,3.7200000286102295,20317900,Yahoo Finance daily
2026-02-20,us,RXRX,,3.640000104904175,3.700000047683716,3.380000114440918,3.4200000762939453,18917500,Yahoo Finance daily
2026-02-23,us,RXRX,,3.400000095367432,3.559999942779541,3.3299999237060547,3.4100000858306885,14500900,Yahoo Finance daily
2026-02-24,us,RXRX,,3.390000104904175,3.5999999046325684,3.380000114440918,3.5299999713897705,15892600,Yahoo Finance daily
2026-02-25,us,RXRX,,3.910000085830689,4.079999923706055,3.750999927520752,3.7699999809265137,44549900,Yahoo Finance daily
2026-02-26,us,RXRX,,3.680000066757202,3.7899999618530273,3.569999933242798,3.7699999809265137,16935000,Yahoo Finance daily
2026-02-27,us,RXRX,,3.650000095367432,3.7200000286102295,3.569999933242798,3.670000076293945,14612400,Yahoo Finance daily
2026-03-02,us,RXRX,,3.4800000190734863,3.7100000381469727,3.4600000381469727,3.630000114440918,14003600,Yahoo Finance daily
2026-03-03,us,RXRX,,3.4600000381469727,3.609999895095825,3.440000057220459,3.539999961853028,12569200,Yahoo Finance daily
2026-03-04,us,RXRX,,3.5999999046325684,3.759999990463257,3.5299999713897705,3.640000104904175,16256000,Yahoo Finance daily
2026-03-05,us,RXRX,,3.549999952316284,3.680000066757202,3.4600000381469727,3.539999961853028,14054500,Yahoo Finance daily
2026-03-06,us,RXRX,,3.470000028610229,3.5299999713897705,3.380000114440918,3.4600000381469727,12183800,Yahoo Finance daily
2026-03-09,us,RXRX,,3.3299999237060547,3.539999961853028,3.289999961853028,3.509999990463257,12799000,Yahoo Finance daily
2026-03-10,us,RXRX,,3.490000009536743,3.569999933242798,3.400000095367432,3.440000057220459,10074000,Yahoo Finance daily
2026-03-11,us,RXRX,,3.440000057220459,3.559999942779541,3.3399999141693115,3.450000047683716,14397900,Yahoo Finance daily
2026-03-12,us,RXRX,,3.400000095367432,3.400000095367432,3.220000028610229,3.289999961853028,18345400,Yahoo Finance daily
2026-03-13,us,RXRX,,3.3499999046325684,3.5199999809265137,3.345000028610229,3.4200000762939453,14409900,Yahoo Finance daily
2026-03-16,us,RXRX,,3.450000047683716,3.505000114440918,3.369999885559082,3.390000104904175,10458300,Yahoo Finance daily
2026-03-17,us,RXRX,,3.390000104904175,3.4800000190734863,3.359999895095825,3.4200000762939453,10603900,Yahoo Finance daily
2026-03-18,us,RXRX,,3.4100000858306885,3.5,3.299999952316284,3.319999933242798,14500300,Yahoo Finance daily
2026-03-19,us,RXRX,,3.2300000190734863,3.450000047683716,3.2100000381469727,3.369999885559082,11311300,Yahoo Finance daily
2026-03-20,us,RXRX,,3.3499999046325684,3.4200000762939453,3.2100000381469727,3.25,26878000,Yahoo Finance daily
2026-03-23,us,RXRX,,3.25,3.3299999237060547,3.220000028610229,3.2300000190734863,11203300,Yahoo Finance daily
2026-03-24,us,RXRX,,3.200000047683716,3.2100000381469727,3.0799999237060547,3.1700000762939453,13075800,Yahoo Finance daily
2026-03-25,us,RXRX,,3.2149999141693115,3.2850000858306885,3.109999895095825,3.1700000762939453,13551600,Yahoo Finance daily
2026-03-26,us,RXRX,,3.095000028610229,3.259999990463257,3.095000028610229,3.150000095367432,9541300,Yahoo Finance daily
2026-03-27,us,RXRX,,3.0899999141693115,3.119999885559082,2.9100000858306885,2.940000057220459,19287400,Yahoo Finance daily
2026-03-30,us,RXRX,,2.930000066757202,2.934999942779541,2.799999952316284,2.8399999141693115,16863800,Yahoo Finance daily
2026-03-31,us,RXRX,,2.900000095367432,3.069999933242798,2.900000095367432,3.069999933242798,13923300,Yahoo Finance daily
2026-04-01,us,RXRX,,3.130000114440918,3.2100000381469727,3.039999961853028,3.059999942779541,10859700,Yahoo Finance daily
2026-04-02,us,RXRX,,2.940000057220459,3.130000114440918,2.930000066757202,3.109999895095825,9290500,Yahoo Finance daily
2026-04-06,us,RXRX,,3.119999885559082,3.220000028610229,3.109999895095825,3.150000095367432,8413500,Yahoo Finance daily
2026-04-07,us,RXRX,,3.115000009536743,3.200000047683716,3.039999961853028,3.190000057220459,10453900,Yahoo Finance daily
2026-04-08,us,RXRX,,3.390000104904175,3.4549999237060547,3.289999961853028,3.390000104904175,15677000,Yahoo Finance daily
2026-04-09,us,RXRX,,3.3299999237060547,3.440000057220459,3.2699999809265137,3.309999942779541,8766000,Yahoo Finance daily
2026-04-10,us,RXRX,,3.319999933242798,3.380000114440918,3.240000009536743,3.2799999713897705,8619100,Yahoo Finance daily
2026-04-13,us,RXRX,,3.25,3.430000066757202,3.2300000190734863,3.4200000762939453,8786900,Yahoo Finance daily
2026-04-14,us,RXRX,,3.490000009536743,3.549999952316284,3.4649999141693115,3.539999961853028,9066800,Yahoo Finance daily
2026-04-15,us,RXRX,,3.569999933242798,3.75,3.559999942779541,3.75,12882900,Yahoo Finance daily
2026-04-16,us,RXRX,,3.849999904632568,3.900000095367432,3.5299999713897705,3.5999999046325684,16375600,Yahoo Finance daily
2026-04-17,us,RXRX,,3.740000009536743,3.880000114440918,3.7100000381469727,3.7799999713897705,14319000,Yahoo Finance daily
2026-04-20,us,RXRX,,3.704999923706055,3.799999952316284,3.660000085830689,3.690000057220459,9830100,Yahoo Finance daily
2026-04-21,us,RXRX,,3.700000047683716,3.739000082015991,3.549999952316284,3.559999942779541,11887800,Yahoo Finance daily
2026-04-22,us,RXRX,,3.619999885559082,3.7300000190734863,3.609999895095825,3.7300000190734863,10282000,Yahoo Finance daily
2026-04-23,us,RXRX,,3.690000057220459,3.7100000381469727,3.430000066757202,3.5,11271100,Yahoo Finance daily
2026-04-24,us,RXRX,,3.5,3.569999933242798,3.4600000381469727,3.509999990463257,9351100,Yahoo Finance daily
2026-04-27,us,RXRX,,3.4600000381469727,3.5899999141693115,3.440000057220459,3.4800000190734863,10968100,Yahoo Finance daily
2026-04-28,us,RXRX,,3.430000066757202,3.494999885559082,3.380000114440918,3.4100000858306885,8921800,Yahoo Finance daily
2026-04-29,us,RXRX,,3.369999885559082,3.390000104904175,3.200000047683716,3.299999952316284,12199500,Yahoo Finance daily
2026-04-30,us,RXRX,,3.3299999237060547,3.5899999141693115,3.275000095367432,3.4600000381469727,13200200,Yahoo Finance daily
2026-05-01,us,RXRX,,3.4600000381469727,3.5,3.359999895095825,3.390000104904175,12298000,Yahoo Finance daily
2026-05-04,us,RXRX,,3.400000095367432,3.549999952316284,3.390000104904175,3.5199999809265137,10360000,Yahoo Finance daily
2026-05-05,us,RXRX,,3.5199999809265137,3.558000087738037,3.319999933242798,3.369999885559082,13484700,Yahoo Finance daily
2026-05-06,us,RXRX,,3.190000057220459,3.440000057220459,3.140000104904175,3.430000066757202,17691400,Yahoo Finance daily
2026-05-07,us,RXRX,,3.369999885559082,3.5199999809265137,3.260999917984009,3.2699999809265137,12063400,Yahoo Finance daily
2026-05-08,us,RXRX,,3.299999952316284,3.3499999046325684,3.200000047683716,3.319999933242798,13648200,Yahoo Finance daily
2026-05-11,us,RXRX,,3.240000009536743,3.444999933242798,3.240000009536743,3.259999990463257,14017300,Yahoo Finance daily
2026-05-12,us,RXRX,,3.2100000381469727,3.2300000190734863,3.059999942779541,3.150000095367432,14572500,Yahoo Finance daily
2026-05-13,us,RXRX,,3.119999885559082,3.150000095367432,3.049999952316284,3.049999952316284,13643800,Yahoo Finance daily
2026-05-14,us,RXRX,,3.130000114440918,3.2049999237060547,3.0299999713897705,3.039999961853028,15009900,Yahoo Finance daily
2026-05-15,us,RXRX,,3.0,3.049999952316284,2.9200000762939453,2.930000066757202,17432100,Yahoo Finance daily
2026-05-18,us,RXRX,,2.9200000762939453,2.950000047683716,2.819999933242798,2.890000104904175,19169500,Yahoo Finance daily
2026-05-19,us,RXRX,,2.869999885559082,2.890000104904175,2.7699999809265137,2.8499999046325684,16011100,Yahoo Finance daily
2026-05-20,us,RXRX,,2.859999895095825,3.0,2.809999942779541,2.9600000381469727,13162500,Yahoo Finance daily
2026-05-21,us,RXRX,,2.9200000762939453,3.140000104904175,2.881999969482422,3.109999895095825,13174300,Yahoo Finance daily
2026-05-22,us,RXRX,,3.095000028610229,3.1700000762939453,2.9800000190734863,3.009999990463257,14023400,Yahoo Finance daily
2026-05-26,us,RXRX,,3.0299999713897705,3.140000104904175,2.9100000858306885,2.970000028610229,29619800,Yahoo Finance daily
2026-05-27,us,RXRX,,2.940000057220459,3.2699999809265137,2.900000095367432,3.1700000762939453,26463000,Yahoo Finance daily
2026-05-28,us,RXRX,,3.0999999046325684,3.4800000190734863,3.0799999237060547,3.440000057220459,24723300,Yahoo Finance daily
2026-05-29,us,RXRX,,3.440000057220459,3.680000066757202,3.3499999046325684,3.5899999141693115,29983600,Yahoo Finance daily
2026-06-01,us,RXRX,,3.5299999713897705,3.849999904632568,3.450000047683716,3.7899999618530273,30989100,Yahoo Finance daily
2026-06-02,us,RXRX,,3.680000066757202,3.7899999618530273,3.569999933242798,3.609999895095825,20861600,Yahoo Finance daily
2026-06-03,us,RXRX,,3.539999961853028,3.539999961853028,3.369999885559082,3.470000028610229,18499200,Yahoo Finance daily
2026-06-04,us,RXRX,,3.440000057220459,4.039999961853027,3.440000057220459,3.799999952316284,38926300,Yahoo Finance daily
2026-06-05,us,RXRX,,3.630000114440918,3.700000047683716,3.2049999237060547,3.315000057220459,26943900,Yahoo Finance daily
2026-06-08,us,RXRX,,3.4200000762939453,3.4200000762939453,3.2799999713897705,3.319999933242798,15796600,Yahoo Finance daily
2026-06-09,us,RXRX,,3.3299999237060547,3.490000009536743,3.130000114440918,3.220000028610229,17850900,Yahoo Finance daily
2026-06-10,us,RXRX,,3.150000095367432,3.2799999713897705,3.0299999713897705,3.039999961853028,19534900,Yahoo Finance daily
2026-06-11,us,RXRX,,3.0,3.1600000858306885,2.950000047683716,3.150000095367432,25424800,Yahoo Finance daily
2026-06-12,us,RXRX,,3.200000047683716,3.2950000762939453,3.119999885559082,3.150000095367432,14804700,Yahoo Finance daily
2026-06-15,us,RXRX,,3.299999952316284,3.390000104904175,3.2300000190734863,3.289999961853028,15393600,Yahoo Finance daily
2026-06-16,us,RXRX,,3.2699999809265137,3.3399999141693115,3.1600000858306885,3.180000066757202,15477000,Yahoo Finance daily
2026-06-17,us,RXRX,,3.180000066757202,3.3399999141693115,3.069999933242798,3.109999895095825,22173100,Yahoo Finance daily
2026-06-18,us,RXRX,,3.180000066757202,3.2799999713897705,3.109999895095825,3.2300000190734863,24853700,Yahoo Finance daily
2026-06-22,us,RXRX,,3.200000047683716,3.319999933242798,3.109999895095825,3.180000066757202,14444900,Yahoo Finance daily
2026-06-23,us,RXRX,,3.095000028610229,3.2699999809265137,3.0899999141693115,3.1600000858306885,11169400,Yahoo Finance daily
2026-06-24,us,RXRX,,3.200000047683716,3.380000114440918,3.1600000858306885,3.2300000190734863,15504600,Yahoo Finance daily
2026-06-25,us,RXRX,,3.240000009536743,3.380000114440918,3.190000057220459,3.3399999141693115,15633900,Yahoo Finance daily
2026-06-26,us,RXRX,,3.289999961853028,3.619999885559082,3.282000064849853,3.5199999809265137,42588000,Yahoo Finance daily
2026-06-29,us,RXRX,,3.615000009536743,3.740000009536743,3.549999952316284,3.690000057220459,22932800,Yahoo Finance daily
2026-06-30,us,RXRX,,3.677999973297119,3.7200000286102295,3.569999933242798,3.670000076293945,23160000,Yahoo Finance daily
2026-07-01,us,RXRX,,3.650000095367432,4.039999961853027,3.609999895095825,3.670000076293945,35726800,Yahoo Finance daily
2026-07-02,us,RXRX,,3.744999885559082,3.910000085830689,3.700000047683716,3.799999952316284,32636300,Yahoo Finance daily
2026-07-06,us,RXRX,,3.7799999713897705,4.090000152587891,3.660000085830689,3.9600000381469727,38065200,Yahoo Finance daily
2026-07-07,us,RXRX,,3.950000047683716,4.050000190734863,3.809999942779541,3.839999914169312,28855600,Yahoo Finance daily
2026-07-08,,,,3.7200000286102295,3.808000087738037,3.630000114440918,3.7200000286102295,22705600,
2026-07-09,,,,3.7249999046325684,3.9000000953674316,3.690000057220459,3.759999990463257,22293600,
2026-07-10,,,,3.799999952316284,3.799999952316284,3.440000057220459,3.559999942779541,20808200,
2026-07-13,,,,3.515000104904175,3.5399999618530273,3.2709999084472656,3.299999952316284,24497700,
2026-07-14,,,,3.2899999618530273,3.380000114440918,3.2049999237060547,3.3399999141693115,25658500,
2026-07-15,,,,3.369999885559082,3.440000057220459,3.2799999713897705,3.309999942779541,19429100,
2026-07-16,,,,3.25,3.2699999809265137,2.9749999046325684,3.0199999809265137,40174600,
2026-07-17,,,,2.9600000381469727,3.0199999809265137,2.930000066757202,2.944999933242798,19353200,
2026-07-20,,,,2.944999933242798,2.9549999237060547,2.8399999141693115,2.890000104904175,20808000,
2026-07-21,,,,2.9000000953674316,3.0799999237060547,2.9000000953674316,3.0799999237060547,14868200,
2026-07-22,us,RXRX,RXRX,3.0399999618530273,3.069999933242798,2.9700000286102295,2.9800000190734863,15153100,Yahoo Finance RXRX
2026-07-23,us,RXRX,RXRX,2.924999952316284,3.0299999713897705,2.9200000762939453,3.009999990463257,18810100,Yahoo Finance RXRX
2026-07-24,us,RXRX,RXRX,3.049999952316284,3.0899999141693115,2.9200000762939453,2.930000066757202,1752433,Yahoo Finance RXRX
2026-07-27,us,RXRX,RXRX,3.0299999713897705,3.130000114440918,2.990000009536743,3.009999990463257,21724300,Yahoo Finance RXRX
2026-07-28,us,RXRX,RXRX,2.9749999046325684,3.049999952316284,2.859999895095825,3.049999952316284,24326400,Yahoo Finance RXRX
2026-07-29,us,RXRX,RXRX,3.0299999713897705,3.0899999141693115,2.944999933242798,2.9700000286102295,17901800,Yahoo Finance RXRX
2026-07-30,us,RXRX,RXRX,2.990000009536743,3.0399999618530273,2.950000047683716,3.0399999618530273,10308800,Yahoo Finance RXRX
2026-07-31,us,RXRX,RXRX,3.0899999141693115,3.1050000190734863,2.950000047683716,3.0,15293000,Yahoo Finance RXRX
2026-08-03,us,RXRX,RXRX,3.0299999713897705,3.109999895095825,3.0,3.0999999046325684,2677092,Yahoo Finance RXRX
