date,market,symbol,name,open,high,low,close,volume,source
2017-10-20,us,SE,SE,16.25,16.989999771118164,14.0,16.260000228881836,37563700,Yahoo Finance SE
2017-10-23,us,SE,SE,16.100000381469727,16.39900016784668,15.119999885559082,15.260000228881836,5753800,Yahoo Finance SE
2017-10-24,us,SE,SE,15.399999618530273,15.859999656677246,14.770000457763672,15.239999771118164,3748300,Yahoo Finance SE
2017-10-25,us,SE,SE,15.100000381469727,15.430000305175781,13.619999885559082,13.729999542236328,4408100,Yahoo Finance SE
2017-10-26,us,SE,SE,13.819999694824219,14.15999984741211,13.8100004196167,14.020000457763672,1850000,Yahoo Finance SE
2017-10-27,us,SE,SE,14.050000190734863,14.130000114440918,13.800000190734863,14.010000228881836,2414100,Yahoo Finance SE
2017-10-30,us,SE,SE,13.979999542236328,14.199999809265137,13.979999542236328,14.100000381469727,1230800,Yahoo Finance SE
2017-10-31,us,SE,SE,14.109999656677246,15.104999542236328,14.09000015258789,15.079999923706055,1664400,Yahoo Finance SE
2017-11-01,us,SE,SE,15.329999923706055,15.489999771118164,15.1899995803833,15.430000305175781,1247900,Yahoo Finance SE
2017-11-02,us,SE,SE,15.270000457763672,15.5,14.899999618530273,15.239999771118164,1190600,Yahoo Finance SE
2017-11-03,us,SE,SE,15.279999732971191,15.390000343322754,14.899999618530273,14.989999771118164,510000,Yahoo Finance SE
2017-11-06,us,SE,SE,15.010000228881836,15.010000228881836,14.890000343322754,15.010000228881836,616600,Yahoo Finance SE
2017-11-07,us,SE,SE,15.0,15.09000015258789,14.90999984741211,15.0,1000100,Yahoo Finance SE
2017-11-08,us,SE,SE,15.0,15.0,14.720000267028809,14.84000015258789,734000,Yahoo Finance SE
2017-11-09,us,SE,SE,14.859999656677246,14.949999809265137,14.470000267028809,14.5,1092600,Yahoo Finance SE
2017-11-10,us,SE,SE,14.520000457763672,14.84000015258789,14.5,14.720000267028809,631500,Yahoo Finance SE
2017-11-13,us,SE,SE,14.569999694824219,14.75,14.479999542236328,14.729999542236328,991800,Yahoo Finance SE
2017-11-14,us,SE,SE,14.850000381469727,15.050000190734863,14.821999549865723,15.010000228881836,1124700,Yahoo Finance SE
2017-11-15,us,SE,SE,15.0,15.0,14.600000381469727,14.710000038146973,712200,Yahoo Finance SE
2017-11-16,us,SE,SE,15.229999542236328,15.25,14.960000038146973,15.029999732971191,732800,Yahoo Finance SE
2017-11-17,us,SE,SE,15.0,15.619999885559082,15.0,15.0,1253300,Yahoo Finance SE
2017-11-20,us,SE,SE,15.460000038146973,15.59000015258789,15.149999618530273,15.489999771118164,786200,Yahoo Finance SE
2017-11-21,us,SE,SE,15.699999809265137,15.729999542236328,14.779999732971191,14.779999732971191,1377900,Yahoo Finance SE
2017-11-22,us,SE,SE,14.779999732971191,14.989999771118164,13.720000267028809,13.850000381469727,3799400,Yahoo Finance SE
2017-11-24,us,SE,SE,13.880000114440918,13.960000038146973,12.880000114440918,13.329999923706055,2265600,Yahoo Finance SE
2017-11-27,us,SE,SE,13.3100004196167,13.5600004196167,12.520000457763672,12.670000076293945,2934100,Yahoo Finance SE
2017-11-28,us,SE,SE,12.609999656677246,12.710000038146973,10.817000389099121,11.449999809265137,4752700,Yahoo Finance SE
2017-11-29,us,SE,SE,11.5,12.140000343322754,10.78499984741211,10.970000267028809,3725800,Yahoo Finance SE
2017-11-30,us,SE,SE,11.319999694824219,11.9399995803833,11.220000267028809,11.600000381469727,2325500,Yahoo Finance SE
2017-12-01,us,SE,SE,11.729999542236328,12.59000015258789,11.649999618530273,12.430000305175781,1403700,Yahoo Finance SE
2017-12-04,us,SE,SE,12.319999694824219,12.319999694824219,11.859999656677246,11.979999542236328,1471900,Yahoo Finance SE
2017-12-05,us,SE,SE,11.890000343322754,13.020000457763672,11.779999732971191,12.729999542236328,2044900,Yahoo Finance SE
2017-12-06,us,SE,SE,12.979999542236328,13.210000038146973,12.029999732971191,12.130000114440918,1788100,Yahoo Finance SE
2017-12-07,us,SE,SE,12.199999809265137,12.998000144958496,12.199999809265137,12.920000076293945,1779600,Yahoo Finance SE
2017-12-08,us,SE,SE,12.979999542236328,13.319999694824219,12.836999893188477,13.289999961853027,937800,Yahoo Finance SE
2017-12-11,us,SE,SE,13.329999923706055,13.600000381469727,12.699999809265137,13.40999984741211,1209000,Yahoo Finance SE
2017-12-12,us,SE,SE,13.34000015258789,13.449999809265137,12.930000305175781,13.1899995803833,1054500,Yahoo Finance SE
2017-12-13,us,SE,SE,13.15999984741211,13.180000305175781,12.696000099182129,12.720000267028809,477800,Yahoo Finance SE
2017-12-14,us,SE,SE,12.770000457763672,13.0,11.720000267028809,11.770000457763672,1117400,Yahoo Finance SE
2017-12-15,us,SE,SE,11.729999542236328,12.079999923706055,11.579999923706055,12.0,1469900,Yahoo Finance SE
2017-12-18,us,SE,SE,11.949999809265137,12.229999542236328,11.899999618530273,11.920000076293945,1689400,Yahoo Finance SE
2017-12-19,us,SE,SE,11.949999809265137,12.050000190734863,11.760000228881836,11.869999885559082,745900,Yahoo Finance SE
2017-12-20,us,SE,SE,11.899999618530273,12.279999732971191,11.890000343322754,12.220000267028809,706200,Yahoo Finance SE
2017-12-21,us,SE,SE,12.380000114440918,13.239999771118164,12.359999656677246,12.770000457763672,569400,Yahoo Finance SE
2017-12-22,us,SE,SE,12.510000228881836,13.640000343322754,12.510000228881836,13.239999771118164,747100,Yahoo Finance SE
2017-12-26,us,SE,SE,13.170000076293945,13.256999969482422,12.800000190734863,13.0,336000,Yahoo Finance SE
2017-12-27,us,SE,SE,13.0,13.449999809265137,13.0,13.380000114440918,406400,Yahoo Finance SE
2017-12-28,us,SE,SE,13.539999961853027,13.942999839782715,13.319999694824219,13.5,558300,Yahoo Finance SE
2017-12-29,us,SE,SE,13.520000457763672,13.90999984741211,13.3100004196167,13.329999923706055,484600,Yahoo Finance SE
2018-01-02,us,SE,SE,13.300000190734863,13.619999885559082,12.970000267028809,13.010000228881836,685700,Yahoo Finance SE
2018-01-03,us,SE,SE,13.050000190734863,13.609999656677246,12.90999984741211,13.5,681200,Yahoo Finance SE
2018-01-04,us,SE,SE,13.5,13.600000381469727,13.0,13.0,703700,Yahoo Finance SE
2018-01-05,us,SE,SE,13.100000381469727,13.920000076293945,13.024999618530273,13.890000343322754,682500,Yahoo Finance SE
2018-01-08,us,SE,SE,13.899999618530273,14.199999809265137,13.569999694824219,13.869999885559082,1245900,Yahoo Finance SE
2018-01-09,us,SE,SE,13.890000343322754,14.199999809265137,13.5,13.819999694824219,830400,Yahoo Finance SE
2018-01-10,us,SE,SE,13.789999961853027,14.0600004196167,13.5,13.59000015258789,851000,Yahoo Finance SE
2018-01-11,us,SE,SE,13.710000038146973,14.680000305175781,13.520000457763672,14.229999542236328,829200,Yahoo Finance SE
2018-01-12,us,SE,SE,14.270000457763672,14.569999694824219,12.960000038146973,12.970000267028809,1161600,Yahoo Finance SE
2018-01-16,us,SE,SE,13.220000267028809,13.529999732971191,12.680000305175781,12.779999732971191,1619600,Yahoo Finance SE
2018-01-17,us,SE,SE,13.15999984741211,13.319999694824219,12.579999923706055,12.630000114440918,733900,Yahoo Finance SE
2018-01-18,us,SE,SE,12.630000114440918,12.949999809265137,12.5,12.579999923706055,759600,Yahoo Finance SE
2018-01-19,us,SE,SE,12.210000038146973,12.579999923706055,12.010000228881836,12.3100004196167,642500,Yahoo Finance SE
2018-01-22,us,SE,SE,12.489999771118164,12.609999656677246,12.300000190734863,12.59000015258789,1062900,Yahoo Finance SE
2018-01-23,us,SE,SE,12.600000381469727,13.569999694824219,12.479999542236328,12.899999618530273,2207700,Yahoo Finance SE
2018-01-24,us,SE,SE,13.0,13.09000015258789,12.40999984741211,12.760000228881836,1406600,Yahoo Finance SE
2018-01-25,us,SE,SE,12.819999694824219,12.949999809265137,12.545000076293945,12.75,1177000,Yahoo Finance SE
2018-01-26,us,SE,SE,12.850000381469727,13.359999656677246,12.550000190734863,13.289999961853027,1606000,Yahoo Finance SE
2018-01-29,us,SE,SE,13.279999732971191,13.279999732971191,12.199999809265137,12.220000267028809,924700,Yahoo Finance SE
2018-01-30,us,SE,SE,12.220000267028809,12.380000114440918,11.970000267028809,12.029999732971191,705100,Yahoo Finance SE
2018-01-31,us,SE,SE,12.170000076293945,12.59000015258789,12.015000343322754,12.260000228881836,806400,Yahoo Finance SE
2018-02-01,us,SE,SE,12.260000228881836,12.430000305175781,11.829999923706055,11.920000076293945,612600,Yahoo Finance SE
2018-02-02,us,SE,SE,11.880000114440918,12.149999618530273,11.755000114440918,11.930000305175781,947900,Yahoo Finance SE
2018-02-05,us,SE,SE,11.880000114440918,11.880000114440918,11.3100004196167,11.5,485800,Yahoo Finance SE
2018-02-06,us,SE,SE,11.0,11.539999961853027,11.0,11.180000305175781,686900,Yahoo Finance SE
2018-02-07,us,SE,SE,11.199999809265137,11.329999923706055,11.029999732971191,11.199999809265137,394100,Yahoo Finance SE
2018-02-08,us,SE,SE,11.199999809265137,11.350000381469727,10.850000381469727,10.880000114440918,625700,Yahoo Finance SE
2018-02-09,us,SE,SE,11.15999984741211,11.420000076293945,11.020000457763672,11.329999923706055,630700,Yahoo Finance SE
2018-02-12,us,SE,SE,11.449999809265137,11.604999542236328,11.170000076293945,11.489999771118164,870300,Yahoo Finance SE
2018-02-13,us,SE,SE,11.399999618530273,11.739999771118164,11.399999618530273,11.600000381469727,1062800,Yahoo Finance SE
2018-02-14,us,SE,SE,11.600000381469727,11.84000015258789,11.550000190734863,11.729999542236328,741100,Yahoo Finance SE
2018-02-15,us,SE,SE,11.75,12.710000038146973,11.729999542236328,12.380000114440918,1524400,Yahoo Finance SE
2018-02-16,us,SE,SE,12.399999618530273,12.5,12.1899995803833,12.329999923706055,742600,Yahoo Finance SE
2018-02-20,us,SE,SE,12.420000076293945,12.460000038146973,12.1899995803833,12.329999923706055,780000,Yahoo Finance SE
2018-02-21,us,SE,SE,12.4399995803833,12.720000267028809,12.359999656677246,12.520000457763672,839200,Yahoo Finance SE
2018-02-22,us,SE,SE,12.539999961853027,12.720000267028809,11.930000305175781,11.960000038146973,264600,Yahoo Finance SE
2018-02-23,us,SE,SE,12.130000114440918,12.21500015258789,12.020000457763672,12.15999984741211,207400,Yahoo Finance SE
2018-02-26,us,SE,SE,12.25,13.0,12.079999923706055,12.149999618530273,752800,Yahoo Finance SE
2018-02-27,us,SE,SE,12.289999961853027,12.569999694824219,12.130000114440918,12.260000228881836,831300,Yahoo Finance SE
2018-02-28,us,SE,SE,12.15999984741211,12.15999984741211,10.5600004196167,10.960000038146973,4808300,Yahoo Finance SE
2018-03-01,us,SE,SE,11.0,11.5600004196167,10.859999656677246,11.029999732971191,3035100,Yahoo Finance SE
2018-03-02,us,SE,SE,11.0,11.100000381469727,10.65999984741211,10.670000076293945,983300,Yahoo Finance SE
2018-03-05,us,SE,SE,10.609999656677246,10.979999542236328,10.609999656677246,10.779999732971191,698300,Yahoo Finance SE
2018-03-06,us,SE,SE,10.800000190734863,10.989999771118164,10.710000038146973,10.930000305175781,633900,Yahoo Finance SE
2018-03-07,us,SE,SE,10.949999809265137,11.609999656677246,10.869999885559082,11.59000015258789,688700,Yahoo Finance SE
2018-03-08,us,SE,SE,11.640000343322754,12.0,11.130000114440918,11.1899995803833,720400,Yahoo Finance SE
2018-03-09,us,SE,SE,11.739999771118164,11.739999771118164,11.0,11.079999923706055,421000,Yahoo Finance SE
2018-03-12,us,SE,SE,11.210000038146973,11.600000381469727,11.149999618530273,11.460000038146973,654800,Yahoo Finance SE
2018-03-13,us,SE,SE,11.399999618530273,11.399999618530273,11.100000381469727,11.300000190734863,443200,Yahoo Finance SE
2018-03-14,us,SE,SE,11.319999694824219,11.350000381469727,11.010000228881836,11.149999618530273,1599200,Yahoo Finance SE
2018-03-15,us,SE,SE,11.149999618530273,11.350000381469727,11.119999885559082,11.149999618530273,567100,Yahoo Finance SE
2018-03-16,us,SE,SE,11.149999618530273,11.649999618530273,11.140000343322754,11.1899995803833,1280000,Yahoo Finance SE
2018-03-19,us,SE,SE,11.210000038146973,11.3100004196167,10.729999542236328,10.760000228881836,1121500,Yahoo Finance SE
2018-03-20,us,SE,SE,10.800000190734863,10.859999656677246,10.600000381469727,10.720000267028809,975200,Yahoo Finance SE
2018-03-21,us,SE,SE,10.699999809265137,10.949999809265137,10.65999984741211,10.829999923706055,1037300,Yahoo Finance SE
2018-03-22,us,SE,SE,10.699999809265137,10.880000114440918,10.699999809265137,10.8100004196167,908700,Yahoo Finance SE
2018-03-23,us,SE,SE,10.680000305175781,10.960000038146973,10.630000114440918,10.779999732971191,934800,Yahoo Finance SE
2018-03-26,us,SE,SE,10.920000076293945,11.050000190734863,10.729999542236328,11.0,514700,Yahoo Finance SE
2018-03-27,us,SE,SE,11.109999656677246,11.109999656677246,10.739999771118164,10.869999885559082,878900,Yahoo Finance SE
2018-03-28,us,SE,SE,10.800000190734863,11.020000457763672,10.670000076293945,10.930000305175781,1028600,Yahoo Finance SE
2018-03-29,us,SE,SE,11.0600004196167,11.359999656677246,10.979999542236328,11.270000457763672,612000,Yahoo Finance SE
2018-04-02,us,SE,SE,11.149999618530273,11.59000015258789,11.09000015258789,11.25,820400,Yahoo Finance SE
2018-04-03,us,SE,SE,11.25,11.489999771118164,10.920000076293945,11.109999656677246,940600,Yahoo Finance SE
2018-04-04,us,SE,SE,11.0,11.130000114440918,10.729999542236328,11.09000015258789,377800,Yahoo Finance SE
2018-04-05,us,SE,SE,11.130000114440918,11.260000228881836,10.885000228881836,11.010000228881836,440000,Yahoo Finance SE
2018-04-06,us,SE,SE,10.920000076293945,10.949999809265137,10.600000381469727,10.65999984741211,521600,Yahoo Finance SE
2018-04-09,us,SE,SE,10.779999732971191,11.289999961853027,10.710000038146973,10.789999961853027,378000,Yahoo Finance SE
2018-04-10,us,SE,SE,10.989999771118164,10.989999771118164,10.600000381469727,10.699999809265137,345100,Yahoo Finance SE
2018-04-11,us,SE,SE,10.6899995803833,10.9399995803833,10.479999542236328,10.5,1231200,Yahoo Finance SE
2018-04-12,us,SE,SE,10.5,10.680000305175781,10.420000076293945,10.470000267028809,663400,Yahoo Finance SE
2018-04-13,us,SE,SE,10.640000343322754,10.640000343322754,10.220000267028809,10.350000381469727,759100,Yahoo Finance SE
2018-04-16,us,SE,SE,10.380000114440918,10.5600004196167,10.270000457763672,10.529999732971191,634800,Yahoo Finance SE
2018-04-17,us,SE,SE,10.579999923706055,10.930000305175781,10.430000305175781,10.869999885559082,1048500,Yahoo Finance SE
2018-04-18,us,SE,SE,10.890000343322754,11.90999984741211,10.869999885559082,11.90999984741211,1258700,Yahoo Finance SE
2018-04-19,us,SE,SE,11.699999809265137,11.819999694824219,11.4399995803833,11.59000015258789,806800,Yahoo Finance SE
2018-04-20,us,SE,SE,11.59000015258789,11.710000038146973,11.380000114440918,11.380000114440918,602400,Yahoo Finance SE
2018-04-23,us,SE,SE,11.329999923706055,11.5600004196167,10.699999809265137,10.789999961853027,1024500,Yahoo Finance SE
2018-04-24,us,SE,SE,10.729999542236328,11.194999694824219,10.729999542236328,10.970000267028809,1037500,Yahoo Finance SE
2018-04-25,us,SE,SE,10.949999809265137,10.949999809265137,10.5,10.619999885559082,699600,Yahoo Finance SE
2018-04-26,us,SE,SE,10.649999618530273,10.760000228881836,10.460000038146973,10.489999771118164,666700,Yahoo Finance SE
2018-04-27,us,SE,SE,10.579999923706055,11.0,10.579999923706055,10.609999656677246,474800,Yahoo Finance SE
2018-04-30,us,SE,SE,10.699999809265137,10.779999732971191,10.460000038146973,10.489999771118164,261500,Yahoo Finance SE
2018-05-01,us,SE,SE,10.569999694824219,10.569999694824219,10.359999656677246,10.479999542236328,589900,Yahoo Finance SE
2018-05-02,us,SE,SE,10.579999923706055,10.949999809265137,10.420000076293945,10.899999618530273,639900,Yahoo Finance SE
2018-05-03,us,SE,SE,10.920000076293945,11.0,10.739999771118164,10.890000343322754,381000,Yahoo Finance SE
2018-05-04,us,SE,SE,10.899999618530273,10.925999641418457,10.600000381469727,10.819999694824219,528100,Yahoo Finance SE
2018-05-07,us,SE,SE,10.760000228881836,10.925999641418457,10.420000076293945,10.479999542236328,872600,Yahoo Finance SE
2018-05-08,us,SE,SE,10.5,10.640000343322754,10.329999923706055,10.390000343322754,533800,Yahoo Finance SE
2018-05-09,us,SE,SE,10.5,10.600000381469727,10.0600004196167,10.34000015258789,1233600,Yahoo Finance SE
2018-05-10,us,SE,SE,10.300000190734863,10.979999542236328,10.300000190734863,10.960000038146973,536700,Yahoo Finance SE
2018-05-11,us,SE,SE,10.989999771118164,11.010000228881836,10.460000038146973,10.520000457763672,594900,Yahoo Finance SE
2018-05-14,us,SE,SE,10.550000190734863,10.550000190734863,10.305000305175781,10.449999809265137,306100,Yahoo Finance SE
2018-05-15,us,SE,SE,10.399999618530273,10.710000038146973,10.149999618530273,10.640000343322754,611200,Yahoo Finance SE
2018-05-16,us,SE,SE,11.5600004196167,12.0,11.199999809265137,11.979999542236328,4612100,Yahoo Finance SE
2018-05-17,us,SE,SE,11.930000305175781,12.170000076293945,11.65999984741211,11.739999771118164,1827000,Yahoo Finance SE
2018-05-18,us,SE,SE,11.84000015258789,13.4399995803833,11.649999618530273,13.069999694824219,2831200,Yahoo Finance SE
2018-05-21,us,SE,SE,13.260000228881836,13.720000267028809,12.640000343322754,13.609999656677246,1928000,Yahoo Finance SE
2018-05-22,us,SE,SE,13.729999542236328,13.84000015258789,13.199999809265137,13.369999885559082,1013800,Yahoo Finance SE
2018-05-23,us,SE,SE,13.34000015258789,14.729999542236328,13.34000015258789,14.260000228881836,2988500,Yahoo Finance SE
2018-05-24,us,SE,SE,14.479999542236328,15.039999961853027,14.430000305175781,14.609999656677246,3253900,Yahoo Finance SE
2018-05-25,us,SE,SE,14.609999656677246,14.729999542236328,14.489999771118164,14.5600004196167,2312300,Yahoo Finance SE
2018-05-29,us,SE,SE,14.539999961853027,14.930000305175781,13.736000061035156,14.899999618530273,1682000,Yahoo Finance SE
2018-05-30,us,SE,SE,14.899999618530273,14.899999618530273,14.430000305175781,14.609999656677246,1160100,Yahoo Finance SE
2018-05-31,us,SE,SE,14.510000228881836,15.0,14.5,14.789999961853027,1271000,Yahoo Finance SE
2018-06-01,us,SE,SE,14.800000190734863,16.469999313354492,14.670000076293945,16.309999465942383,3677900,Yahoo Finance SE
2018-06-04,us,SE,SE,16.114999771118164,16.5,15.119999885559082,15.3100004196167,1632100,Yahoo Finance SE
2018-06-05,us,SE,SE,15.350000381469727,16.829999923706055,14.859999656677246,16.399999618530273,4023300,Yahoo Finance SE
2018-06-06,us,SE,SE,16.510000228881836,16.56999969482422,15.940999984741211,16.0,1163900,Yahoo Finance SE
2018-06-07,us,SE,SE,16.100000381469727,16.209999084472656,15.65999984741211,15.920000076293945,831700,Yahoo Finance SE
2018-06-08,us,SE,SE,15.850000381469727,16.3799991607666,15.663999557495117,16.0,739800,Yahoo Finance SE
2018-06-11,us,SE,SE,16.0,16.149999618530273,15.4399995803833,15.869999885559082,858800,Yahoo Finance SE
2018-06-12,us,SE,SE,15.800000190734863,17.190000534057617,15.687999725341797,16.399999618530273,2974900,Yahoo Finance SE
2018-06-13,us,SE,SE,15.880000114440918,16.0,14.529999732971191,14.9399995803833,8304000,Yahoo Finance SE
2018-06-14,us,SE,SE,14.9399995803833,16.110000610351562,14.630000114440918,15.960000038146973,10808600,Yahoo Finance SE
2018-06-15,us,SE,SE,15.869999885559082,15.869999885559082,15.359999656677246,15.510000228881836,3149400,Yahoo Finance SE
2018-06-18,us,SE,SE,15.510000228881836,15.75,15.3100004196167,15.5600004196167,1998300,Yahoo Finance SE
2018-06-19,us,SE,SE,15.180000305175781,15.34000015258789,14.819999694824219,15.100000381469727,2747800,Yahoo Finance SE
2018-06-20,us,SE,SE,15.260000228881836,15.319999694824219,15.024999618530273,15.130000114440918,1521100,Yahoo Finance SE
2018-06-21,us,SE,SE,15.149999618530273,15.149999618530273,14.649999618530273,14.819999694824219,2456400,Yahoo Finance SE
2018-06-22,us,SE,SE,15.25,15.800000190734863,15.09000015258789,15.390000343322754,3197900,Yahoo Finance SE
2018-06-25,us,SE,SE,15.199999809265137,15.199999809265137,14.649999618530273,14.850000381469727,1468600,Yahoo Finance SE
2018-06-26,us,SE,SE,14.930000305175781,15.305000305175781,14.699999809265137,15.220000267028809,2528100,Yahoo Finance SE
2018-06-27,us,SE,SE,15.359999656677246,15.390000343322754,14.78499984741211,14.819999694824219,2242200,Yahoo Finance SE
2018-06-28,us,SE,SE,14.779999732971191,14.8100004196167,14.369999885559082,14.649999618530273,1791400,Yahoo Finance SE
2018-06-29,us,SE,SE,14.6899995803833,15.039999961853027,14.550000190734863,15.0,1177400,Yahoo Finance SE
2018-07-02,us,SE,SE,14.779999732971191,14.800000190734863,14.34000015258789,14.510000228881836,1287900,Yahoo Finance SE
2018-07-03,us,SE,SE,14.520000457763672,14.949999809265137,14.510000228881836,14.869999885559082,612900,Yahoo Finance SE
2018-07-05,us,SE,SE,15.0,15.619999885559082,14.819999694824219,15.600000381469727,3590600,Yahoo Finance SE
2018-07-06,us,SE,SE,15.369999885559082,16.649999618530273,15.3100004196167,16.530000686645508,5583600,Yahoo Finance SE
2018-07-09,us,SE,SE,16.690000534057617,16.739999771118164,16.040000915527344,16.25,1598600,Yahoo Finance SE
2018-07-10,us,SE,SE,16.469999313354492,16.5,15.430000305175781,15.680000305175781,1730700,Yahoo Finance SE
2018-07-11,us,SE,SE,15.510000228881836,15.5600004196167,14.880999565124512,15.489999771118164,1765000,Yahoo Finance SE
2018-07-12,us,SE,SE,15.199999809265137,16.100000381469727,15.149999618530273,16.079999923706055,2872000,Yahoo Finance SE
2018-07-13,us,SE,SE,16.0,16.100000381469727,15.510000228881836,15.90999984741211,909100,Yahoo Finance SE
2018-07-16,us,SE,SE,16.0,16.0,15.460000038146973,15.619999885559082,1263000,Yahoo Finance SE
2018-07-17,us,SE,SE,15.619999885559082,15.789999961853027,15.260000228881836,15.65999984741211,903600,Yahoo Finance SE
2018-07-18,us,SE,SE,15.670000076293945,15.760000228881836,15.489999771118164,15.5600004196167,1069800,Yahoo Finance SE
2018-07-19,us,SE,SE,15.579999923706055,16.100000381469727,15.460000038146973,15.75,2669500,Yahoo Finance SE
2018-07-20,us,SE,SE,15.800000190734863,15.800000190734863,14.949999809265137,15.3100004196167,2612400,Yahoo Finance SE
2018-07-23,us,SE,SE,15.34000015258789,15.420000076293945,14.40999984741211,15.25,1905900,Yahoo Finance SE
2018-07-24,us,SE,SE,14.989999771118164,15.119999885559082,14.170000076293945,14.300000190734863,4232000,Yahoo Finance SE
2018-07-25,us,SE,SE,14.470000267028809,14.859999656677246,14.170000076293945,14.460000038146973,1099800,Yahoo Finance SE
2018-07-26,us,SE,SE,14.229999542236328,14.5,14.229999542236328,14.350000381469727,510300,Yahoo Finance SE
2018-07-27,us,SE,SE,14.399999618530273,14.399999618530273,13.25,13.460000038146973,2639400,Yahoo Finance SE
2018-07-30,us,SE,SE,13.5,13.770000457763672,13.25,13.550000190734863,1160100,Yahoo Finance SE
2018-07-31,us,SE,SE,13.619999885559082,14.479999542236328,13.619999885559082,14.100000381469727,1526500,Yahoo Finance SE
2018-08-01,us,SE,SE,14.050000190734863,14.800000190734863,14.050000190734863,14.619999885559082,1997400,Yahoo Finance SE
2018-08-02,us,SE,SE,14.529999732971191,15.210000038146973,14.529999732971191,14.869999885559082,2262100,Yahoo Finance SE
2018-08-03,us,SE,SE,15.0,15.024999618530273,14.34000015258789,14.510000228881836,1126300,Yahoo Finance SE
2018-08-06,us,SE,SE,14.59000015258789,14.880000114440918,14.520000457763672,14.75,899200,Yahoo Finance SE
2018-08-07,us,SE,SE,14.670000076293945,14.73900032043457,14.40999984741211,14.460000038146973,674900,Yahoo Finance SE
2018-08-08,us,SE,SE,14.460000038146973,14.609999656677246,14.329999923706055,14.34000015258789,895700,Yahoo Finance SE
2018-08-09,us,SE,SE,14.430000305175781,14.609999656677246,14.260000228881836,14.300000190734863,492200,Yahoo Finance SE
2018-08-10,us,SE,SE,14.149999618530273,14.220000267028809,13.720000267028809,13.84000015258789,787100,Yahoo Finance SE
2018-08-13,us,SE,SE,13.850000381469727,14.279999732971191,13.770000457763672,14.1899995803833,978400,Yahoo Finance SE
2018-08-14,us,SE,SE,14.229999542236328,14.309000015258789,13.789999961853027,13.949999809265137,1038300,Yahoo Finance SE
2018-08-15,us,SE,SE,13.649999618530273,13.710000038146973,13.039999961853027,13.420000076293945,2520500,Yahoo Finance SE
2018-08-16,us,SE,SE,13.850000381469727,13.850000381469727,13.140000343322754,13.470000267028809,1228300,Yahoo Finance SE
2018-08-17,us,SE,SE,13.3100004196167,13.670000076293945,13.232000350952148,13.579999923706055,725000,Yahoo Finance SE
2018-08-20,us,SE,SE,13.470000267028809,13.90999984741211,13.420000076293945,13.84000015258789,1173800,Yahoo Finance SE
2018-08-21,us,SE,SE,13.819999694824219,14.5,13.819999694824219,14.260000228881836,1613900,Yahoo Finance SE
2018-08-22,us,SE,SE,14.829999923706055,14.829999923706055,13.34000015258789,13.569999694824219,2834400,Yahoo Finance SE
2018-08-23,us,SE,SE,13.739999771118164,14.380000114440918,13.649999618530273,14.350000381469727,1440800,Yahoo Finance SE
2018-08-24,us,SE,SE,14.390000343322754,14.75,14.390000343322754,14.739999771118164,1677900,Yahoo Finance SE
2018-08-27,us,SE,SE,14.850000381469727,15.199999809265137,14.75,15.15999984741211,1791300,Yahoo Finance SE
2018-08-28,us,SE,SE,15.1899995803833,15.25,14.770000457763672,15.100000381469727,1599800,Yahoo Finance SE
2018-08-29,us,SE,SE,15.229999542236328,15.25,14.84000015258789,14.90999984741211,1006100,Yahoo Finance SE
2018-08-30,us,SE,SE,14.779999732971191,14.835000038146973,13.654999732971191,13.880000114440918,1728800,Yahoo Finance SE
2018-08-31,us,SE,SE,13.8100004196167,14.265000343322754,13.800000190734863,14.25,723500,Yahoo Finance SE
2018-09-04,us,SE,SE,14.3100004196167,14.380000114440918,13.520000457763672,13.84000015258789,1153000,Yahoo Finance SE
2018-09-05,us,SE,SE,13.800000190734863,13.930000305175781,13.295000076293945,13.489999771118164,2138600,Yahoo Finance SE
2018-09-06,us,SE,SE,13.479999542236328,13.819999694824219,13.289999961853027,13.649999618530273,1216800,Yahoo Finance SE
2018-09-07,us,SE,SE,13.670000076293945,13.729999542236328,13.329999923706055,13.489999771118164,838800,Yahoo Finance SE
2018-09-10,us,SE,SE,13.680000305175781,13.680000305175781,12.739999771118164,12.770000457763672,1481000,Yahoo Finance SE
2018-09-11,us,SE,SE,12.699999809265137,13.015000343322754,12.170000076293945,12.40999984741211,2025000,Yahoo Finance SE
2018-09-12,us,SE,SE,12.399999618530273,13.300000190734863,12.130000114440918,13.239999771118164,2369500,Yahoo Finance SE
2018-09-13,us,SE,SE,13.420000076293945,14.199999809265137,13.319999694824219,13.920000076293945,3067100,Yahoo Finance SE
2018-09-14,us,SE,SE,13.899999618530273,14.0,13.454999923706055,13.630000114440918,882400,Yahoo Finance SE
2018-09-17,us,SE,SE,13.550000190734863,13.800000190734863,13.40999984741211,13.65999984741211,594300,Yahoo Finance SE
2018-09-18,us,SE,SE,13.579999923706055,13.920000076293945,13.229999542236328,13.65999984741211,1306800,Yahoo Finance SE
2018-09-19,us,SE,SE,13.5,13.609999656677246,13.100000381469727,13.4399995803833,725300,Yahoo Finance SE
2018-09-20,us,SE,SE,13.4399995803833,13.979999542236328,13.260000228881836,13.920000076293945,1531300,Yahoo Finance SE
2018-09-21,us,SE,SE,13.979999542236328,14.6850004196167,13.930000305175781,14.600000381469727,2036400,Yahoo Finance SE
2018-09-24,us,SE,SE,14.390000343322754,14.5,13.930000305175781,14.239999771118164,722000,Yahoo Finance SE
2018-09-25,us,SE,SE,14.260000228881836,14.569999694824219,13.890000343322754,14.470000267028809,492100,Yahoo Finance SE
2018-09-26,us,SE,SE,14.0,14.520000457763672,13.979999542236328,14.220000267028809,594800,Yahoo Finance SE
2018-09-27,us,SE,SE,14.109999656677246,14.350000381469727,13.960000038146973,14.15999984741211,813300,Yahoo Finance SE
2018-09-28,us,SE,SE,14.020000457763672,14.239999771118164,13.635000228881836,13.829999923706055,1089700,Yahoo Finance SE
2018-10-01,us,SE,SE,14.0,14.819999694824219,13.789999961853027,14.489999771118164,1400600,Yahoo Finance SE
2018-10-02,us,SE,SE,14.279999732971191,14.279999732971191,13.800000190734863,13.899999618530273,940500,Yahoo Finance SE
2018-10-03,us,SE,SE,14.0,14.029999732971191,13.75,13.890000343322754,701900,Yahoo Finance SE
2018-10-04,us,SE,SE,13.760000228881836,13.960000038146973,12.734999656677246,12.819999694824219,1721300,Yahoo Finance SE
2018-10-05,us,SE,SE,12.899999618530273,13.050000190734863,12.460000038146973,12.920000076293945,1309700,Yahoo Finance SE
2018-10-08,us,SE,SE,12.829999923706055,12.9399995803833,12.3100004196167,12.670000076293945,862200,Yahoo Finance SE
2018-10-09,us,SE,SE,12.550000190734863,12.819999694824219,12.5,12.6899995803833,773800,Yahoo Finance SE
2018-10-10,us,SE,SE,12.619999885559082,12.739999771118164,11.899999618530273,11.90999984741211,1393800,Yahoo Finance SE
2018-10-11,us,SE,SE,11.800000190734863,12.164999961853027,11.65999984741211,11.899999618530273,2290400,Yahoo Finance SE
2018-10-12,us,SE,SE,12.600000381469727,13.0,12.199999809265137,12.770000457763672,1008500,Yahoo Finance SE
2018-10-15,us,SE,SE,12.529999732971191,13.1899995803833,12.25,13.09000015258789,926800,Yahoo Finance SE
2018-10-16,us,SE,SE,13.149999618530273,13.75,13.010000228881836,13.670000076293945,1402500,Yahoo Finance SE
2018-10-17,us,SE,SE,13.510000228881836,13.699999809265137,13.239999771118164,13.6899995803833,852800,Yahoo Finance SE
2018-10-18,us,SE,SE,13.430000305175781,13.5,12.869999885559082,13.1899995803833,1718400,Yahoo Finance SE
2018-10-19,us,SE,SE,13.210000038146973,13.510000228881836,12.920000076293945,12.9399995803833,1858500,Yahoo Finance SE
2018-10-22,us,SE,SE,13.079999923706055,13.239999771118164,12.890000343322754,13.100000381469727,706700,Yahoo Finance SE
2018-10-23,us,SE,SE,12.829999923706055,13.119999885559082,12.5600004196167,13.039999961853027,873600,Yahoo Finance SE
2018-10-24,us,SE,SE,12.930000305175781,13.039999961853027,12.510000228881836,12.510000228881836,502600,Yahoo Finance SE
2018-10-25,us,SE,SE,12.600000381469727,12.890000343322754,12.34000015258789,12.75,545100,Yahoo Finance SE
2018-10-26,us,SE,SE,12.34000015258789,12.979999542236328,12.260000228881836,12.619999885559082,452200,Yahoo Finance SE
2018-10-29,us,SE,SE,12.670000076293945,12.930000305175781,11.899999618530273,12.100000381469727,568600,Yahoo Finance SE
2018-10-30,us,SE,SE,12.100000381469727,12.829999923706055,12.0600004196167,12.390000343322754,1395300,Yahoo Finance SE
2018-10-31,us,SE,SE,12.579999923706055,13.229999542236328,12.279999732971191,13.050000190734863,2142500,Yahoo Finance SE
2018-11-01,us,SE,SE,13.130000114440918,13.1899995803833,12.90999984741211,13.020000457763672,932700,Yahoo Finance SE
2018-11-02,us,SE,SE,13.0,13.0,12.430000305175781,12.859999656677246,889600,Yahoo Finance SE
2018-11-05,us,SE,SE,12.819999694824219,12.920000076293945,12.010000228881836,12.210000038146973,1484700,Yahoo Finance SE
2018-11-06,us,SE,SE,12.15999984741211,12.920000076293945,12.119999885559082,12.649999618530273,2621600,Yahoo Finance SE
2018-11-07,us,SE,SE,12.779999732971191,13.390000343322754,12.579999923706055,13.1899995803833,3902400,Yahoo Finance SE
2018-11-08,us,SE,SE,12.9399995803833,13.210000038146973,12.720000267028809,13.050000190734863,736200,Yahoo Finance SE
2018-11-09,us,SE,SE,12.850000381469727,12.899999618530273,12.229999542236328,12.329999923706055,1018400,Yahoo Finance SE
2018-11-12,us,SE,SE,12.239999771118164,12.9399995803833,12.140000343322754,12.779999732971191,1477600,Yahoo Finance SE
2018-11-13,us,SE,SE,12.760000228881836,12.779999732971191,12.270000457763672,12.4399995803833,1053200,Yahoo Finance SE
2018-11-14,us,SE,SE,12.539999961853027,12.779999732971191,12.130000114440918,12.239999771118164,548000,Yahoo Finance SE
2018-11-15,us,SE,SE,12.210000038146973,12.5,12.210000038146973,12.460000038146973,1094400,Yahoo Finance SE
2018-11-16,us,SE,SE,12.180000305175781,12.789999961853027,12.180000305175781,12.510000228881836,1149300,Yahoo Finance SE
2018-11-19,us,SE,SE,12.850000381469727,13.119999885559082,12.569999694824219,12.699999809265137,1912300,Yahoo Finance SE
2018-11-20,us,SE,SE,12.380000114440918,12.520000457763672,11.600000381469727,12.109999656677246,2625900,Yahoo Finance SE
2018-11-21,us,SE,SE,11.760000228881836,13.039999961853027,11.680000305175781,12.800000190734863,3421100,Yahoo Finance SE
2018-11-23,us,SE,SE,12.710000038146973,12.899999618530273,12.489999771118164,12.899999618530273,895400,Yahoo Finance SE
2018-11-26,us,SE,SE,12.970000267028809,13.130000114440918,12.289999961853027,12.630000114440918,2215300,Yahoo Finance SE
2018-11-27,us,SE,SE,12.630000114440918,13.581999778747559,12.609999656677246,13.329999923706055,4942900,Yahoo Finance SE
2018-11-28,us,SE,SE,13.390000343322754,13.470000267028809,12.449999809265137,13.25,2817100,Yahoo Finance SE
2018-11-29,us,SE,SE,13.1899995803833,13.399999618530273,12.850000381469727,12.899999618530273,1362700,Yahoo Finance SE
2018-11-30,us,SE,SE,12.880000114440918,13.8100004196167,12.779999732971191,13.34000015258789,3133300,Yahoo Finance SE
2018-12-03,us,SE,SE,13.600000381469727,13.65999984741211,12.90999984741211,13.289999961853027,1818600,Yahoo Finance SE
2018-12-04,us,SE,SE,13.220000267028809,13.300000190734863,12.380000114440918,12.449999809265137,1254000,Yahoo Finance SE
2018-12-06,us,SE,SE,12.25,12.5,11.899999618530273,12.4399995803833,1812400,Yahoo Finance SE
2018-12-07,us,SE,SE,12.460000038146973,12.555000305175781,11.850000381469727,12.100000381469727,1198000,Yahoo Finance SE
2018-12-10,us,SE,SE,12.09000015258789,12.109999656677246,11.449999809265137,11.8100004196167,1510900,Yahoo Finance SE
2018-12-11,us,SE,SE,11.989999771118164,12.260000228881836,11.890000343322754,12.0,701600,Yahoo Finance SE
2018-12-12,us,SE,SE,12.270000457763672,12.890000343322754,12.229999542236328,12.229999542236328,1503700,Yahoo Finance SE
2018-12-13,us,SE,SE,12.399999618530273,12.609999656677246,12.039999961853027,12.15999984741211,426500,Yahoo Finance SE
2018-12-14,us,SE,SE,12.039999961853027,12.319999694824219,11.760000228881836,11.869999885559082,650900,Yahoo Finance SE
2018-12-17,us,SE,SE,11.90999984741211,11.90999984741211,11.5,11.710000038146973,1019500,Yahoo Finance SE
2018-12-18,us,SE,SE,11.729999542236328,11.970000267028809,11.520000457763672,11.65999984741211,714700,Yahoo Finance SE
2018-12-19,us,SE,SE,11.770000457763672,11.899999618530273,11.329999923706055,11.40999984741211,537400,Yahoo Finance SE
2018-12-20,us,SE,SE,11.319999694824219,11.729999542236328,10.710000038146973,10.989999771118164,1197800,Yahoo Finance SE
2018-12-21,us,SE,SE,11.0600004196167,11.166000366210938,10.515000343322754,10.739999771118164,1035900,Yahoo Finance SE
2018-12-24,us,SE,SE,10.75,10.989999771118164,10.600000381469727,10.739999771118164,211800,Yahoo Finance SE
2018-12-26,us,SE,SE,10.859999656677246,11.40999984741211,10.800000190734863,11.390000343322754,591600,Yahoo Finance SE
2018-12-27,us,SE,SE,11.260000228881836,11.420000076293945,10.979999542236328,11.399999618530273,487900,Yahoo Finance SE
2018-12-28,us,SE,SE,11.319999694824219,11.4399995803833,11.104999542236328,11.149999618530273,727400,Yahoo Finance SE
2018-12-31,us,SE,SE,11.3100004196167,11.444999694824219,11.130000114440918,11.319999694824219,574400,Yahoo Finance SE
2019-01-02,us,SE,SE,11.119999885559082,11.239999771118164,10.979999542236328,11.050000190734863,570400,Yahoo Finance SE
2019-01-03,us,SE,SE,10.960000038146973,11.180000305175781,10.680000305175781,10.720000267028809,941700,Yahoo Finance SE
2019-01-04,us,SE,SE,10.869999885559082,11.65999984741211,10.869999885559082,11.5600004196167,963600,Yahoo Finance SE
2019-01-07,us,SE,SE,11.529999732971191,11.989999771118164,11.430000305175781,11.949999809265137,550900,Yahoo Finance SE
2019-01-08,us,SE,SE,12.0,12.470000267028809,11.979999542236328,12.300000190734863,2513100,Yahoo Finance SE
2019-01-09,us,SE,SE,12.300000190734863,12.5600004196167,11.930000305175781,12.5,2407900,Yahoo Finance SE
2019-01-10,us,SE,SE,12.460000038146973,12.670000076293945,12.1850004196167,12.569999694824219,594000,Yahoo Finance SE
2019-01-11,us,SE,SE,12.569999694824219,13.09000015258789,12.460000038146973,12.569999694824219,2594300,Yahoo Finance SE
2019-01-14,us,SE,SE,12.4399995803833,12.454000473022461,12.010000228881836,12.050000190734863,989500,Yahoo Finance SE
2019-01-15,us,SE,SE,12.09000015258789,12.34000015258789,11.920000076293945,12.180000305175781,1888300,Yahoo Finance SE
2019-01-16,us,SE,SE,12.180000305175781,12.710000038146973,11.949999809265137,12.380000114440918,1947000,Yahoo Finance SE
2019-01-17,us,SE,SE,12.420000076293945,12.609999656677246,12.220000267028809,12.390000343322754,1695200,Yahoo Finance SE
2019-01-18,us,SE,SE,12.600000381469727,12.949999809265137,12.460000038146973,12.600000381469727,1583700,Yahoo Finance SE
2019-01-22,us,SE,SE,12.5,13.319999694824219,12.3100004196167,13.050000190734863,3007600,Yahoo Finance SE
2019-01-23,us,SE,SE,13.170000076293945,13.213000297546387,12.6899995803833,12.710000038146973,1324800,Yahoo Finance SE
2019-01-24,us,SE,SE,12.65999984741211,13.170000076293945,12.5600004196167,13.119999885559082,1195900,Yahoo Finance SE
2019-01-25,us,SE,SE,13.1899995803833,13.869999885559082,13.0600004196167,13.630000114440918,3415500,Yahoo Finance SE
2019-01-28,us,SE,SE,13.5,13.609999656677246,13.0,13.510000228881836,809100,Yahoo Finance SE
2019-01-29,us,SE,SE,13.59000015258789,13.600000381469727,13.260000228881836,13.449999809265137,386700,Yahoo Finance SE
2019-01-30,us,SE,SE,13.5600004196167,13.5600004196167,13.350000381469727,13.5600004196167,684200,Yahoo Finance SE
2019-01-31,us,SE,SE,13.329999923706055,14.239999771118164,13.270000457763672,14.010000228881836,3829300,Yahoo Finance SE
2019-02-01,us,SE,SE,14.0,15.380000114440918,13.960000038146973,15.329999923706055,4941600,Yahoo Finance SE
2019-02-04,us,SE,SE,15.170000076293945,15.260000228881836,14.770000457763672,14.960000038146973,1932800,Yahoo Finance SE
2019-02-05,us,SE,SE,15.069999694824219,15.119999885559082,14.854999542236328,15.020000457763672,1632600,Yahoo Finance SE
2019-02-06,us,SE,SE,15.020000457763672,15.039999961853027,14.664999961853027,14.800000190734863,781100,Yahoo Finance SE
2019-02-07,us,SE,SE,14.699999809265137,14.869999885559082,14.380000114440918,14.75,1896900,Yahoo Finance SE
2019-02-08,us,SE,SE,14.75,15.199999809265137,14.510000228881836,15.100000381469727,2156100,Yahoo Finance SE
2019-02-11,us,SE,SE,15.1899995803833,15.760000228881836,15.050000190734863,15.510000228881836,4517600,Yahoo Finance SE
2019-02-12,us,SE,SE,15.65999984741211,16.170000076293945,15.5600004196167,16.0,7204100,Yahoo Finance SE
2019-02-13,us,SE,SE,16.049999237060547,16.139999389648438,15.680000305175781,15.880000114440918,3498700,Yahoo Finance SE
2019-02-14,us,SE,SE,15.779999732971191,16.0049991607666,15.510000228881836,16.0,2175100,Yahoo Finance SE
2019-02-15,us,SE,SE,15.949999809265137,16.0,15.539999961853027,16.0,1519800,Yahoo Finance SE
2019-02-19,us,SE,SE,16.0,16.059999465942383,15.90999984741211,16.0,2143300,Yahoo Finance SE
2019-02-20,us,SE,SE,16.0,16.020000457763672,15.760000228881836,15.84000015258789,3779500,Yahoo Finance SE
2019-02-21,us,SE,SE,15.710000038146973,15.960000038146973,15.350000381469727,15.710000038146973,1955700,Yahoo Finance SE
2019-02-22,us,SE,SE,15.850000381469727,16.219999313354492,15.819999694824219,15.989999771118164,3799100,Yahoo Finance SE
2019-02-25,us,SE,SE,16.299999237060547,16.389999389648438,15.789999961853027,15.899999618530273,4446100,Yahoo Finance SE
2019-02-26,us,SE,SE,15.8100004196167,16.59000015258789,15.760000228881836,16.200000762939453,5613200,Yahoo Finance SE
2019-02-27,us,SE,SE,18.610000610351562,22.1200008392334,18.479999542236328,21.860000610351562,27474100,Yahoo Finance SE
2019-02-28,us,SE,SE,21.459999084472656,21.690000534057617,20.81999969482422,21.5,7529300,Yahoo Finance SE
2019-03-01,us,SE,SE,21.610000610351562,23.600000381469727,21.200000762939453,23.200000762939453,7847700,Yahoo Finance SE
2019-03-04,us,SE,SE,21.399999618530273,23.219999313354492,21.0,23.010000228881836,9715900,Yahoo Finance SE
2019-03-05,us,SE,SE,23.209999084472656,25.139999389648438,22.59000015258789,24.059999465942383,10515600,Yahoo Finance SE
2019-03-06,us,SE,SE,23.31999969482422,23.399999618530273,22.530000686645508,22.8799991607666,30676100,Yahoo Finance SE
2019-03-07,us,SE,SE,22.719999313354492,23.59000015258789,22.139999389648438,23.440000534057617,12031800,Yahoo Finance SE
2019-03-08,us,SE,SE,22.920000076293945,23.719999313354492,22.719999313354492,23.700000762939453,5493300,Yahoo Finance SE
2019-03-11,us,SE,SE,23.959999084472656,24.040000915527344,23.110000610351562,23.31999969482422,8467800,Yahoo Finance SE
2019-03-12,us,SE,SE,23.399999618530273,23.610000610351562,22.6299991607666,23.100000381469727,7479700,Yahoo Finance SE
2019-03-13,us,SE,SE,23.059999465942383,23.280000686645508,22.770000457763672,22.8799991607666,5130900,Yahoo Finance SE
2019-03-14,us,SE,SE,22.81999969482422,23.479999542236328,22.81999969482422,22.899999618530273,4640300,Yahoo Finance SE
2019-03-15,us,SE,SE,22.950000762939453,23.739999771118164,22.8799991607666,23.510000228881836,9029800,Yahoo Finance SE
2019-03-18,us,SE,SE,23.559999465942383,24.545000076293945,23.531999588012695,24.219999313354492,6666700,Yahoo Finance SE
2019-03-19,us,SE,SE,24.450000762939453,24.65999984741211,23.68000030517578,24.040000915527344,5182700,Yahoo Finance SE
2019-03-20,us,SE,SE,23.979999542236328,24.610000610351562,23.729999542236328,24.3700008392334,4742500,Yahoo Finance SE
2019-03-21,us,SE,SE,24.219999313354492,24.860000610351562,23.8799991607666,24.649999618530273,4642400,Yahoo Finance SE
2019-03-22,us,SE,SE,24.34000015258789,25.0,23.920000076293945,24.149999618530273,2934700,Yahoo Finance SE
2019-03-25,us,SE,SE,24.1299991607666,24.1299991607666,22.950000762939453,23.969999313354492,2465500,Yahoo Finance SE
2019-03-26,us,SE,SE,24.049999237060547,24.510000228881836,24.010000228881836,24.360000610351562,2516400,Yahoo Finance SE
2019-03-27,us,SE,SE,24.399999618530273,24.760000228881836,23.450000762939453,23.799999237060547,5393800,Yahoo Finance SE
2019-03-28,us,SE,SE,23.729999542236328,23.78499984741211,23.229999542236328,23.530000686645508,3485700,Yahoo Finance SE
2019-03-29,us,SE,SE,23.709999084472656,23.780000686645508,22.75,23.520000457763672,4083000,Yahoo Finance SE
2019-04-01,us,SE,SE,23.600000381469727,23.989999771118164,23.09000015258789,23.350000381469727,4967900,Yahoo Finance SE
2019-04-02,us,SE,SE,23.399999618530273,23.489999771118164,22.809999465942383,23.299999237060547,2417400,Yahoo Finance SE
2019-04-03,us,SE,SE,23.329999923706055,23.6299991607666,23.020000457763672,23.309999465942383,3042300,Yahoo Finance SE
2019-04-04,us,SE,SE,23.34000015258789,23.3439998626709,21.829999923706055,22.0,5684600,Yahoo Finance SE
2019-04-05,us,SE,SE,22.229999542236328,23.290000915527344,22.190000534057617,23.0,4448100,Yahoo Finance SE
2019-04-08,us,SE,SE,22.850000381469727,22.850000381469727,22.010000228881836,22.350000381469727,3810300,Yahoo Finance SE
2019-04-09,us,SE,SE,22.56999969482422,22.639999389648438,21.899999618530273,22.100000381469727,3241500,Yahoo Finance SE
2019-04-10,us,SE,SE,22.15999984741211,22.520000457763672,22.065000534057617,22.520000457763672,4105900,Yahoo Finance SE
2019-04-11,us,SE,SE,22.520000457763672,23.5,22.520000457763672,23.40999984741211,6406900,Yahoo Finance SE
2019-04-12,us,SE,SE,23.530000686645508,23.950000762939453,23.170000076293945,23.6299991607666,3837400,Yahoo Finance SE
2019-04-15,us,SE,SE,23.700000762939453,23.84000015258789,23.273000717163086,23.649999618530273,2792300,Yahoo Finance SE
2019-04-16,us,SE,SE,23.719999313354492,24.059999465942383,23.190000534057617,23.450000762939453,2950700,Yahoo Finance SE
2019-04-17,us,SE,SE,23.540000915527344,23.829999923706055,22.770000457763672,22.850000381469727,4889500,Yahoo Finance SE
2019-04-18,us,SE,SE,22.940000534057617,23.15999984741211,22.489999771118164,22.969999313354492,4085100,Yahoo Finance SE
2019-04-22,us,SE,SE,22.780000686645508,23.850000381469727,22.600000381469727,23.68000030517578,4178900,Yahoo Finance SE
2019-04-23,us,SE,SE,23.940000534057617,24.81999969482422,23.940000534057617,24.420000076293945,6384900,Yahoo Finance SE
2019-04-24,us,SE,SE,24.420000076293945,24.860000610351562,24.209999084472656,24.5,2898000,Yahoo Finance SE
2019-04-25,us,SE,SE,24.450000762939453,24.600000381469727,24.06999969482422,24.350000381469727,2400800,Yahoo Finance SE
2019-04-26,us,SE,SE,24.530000686645508,25.985000610351562,24.280000686645508,25.549999237060547,5907900,Yahoo Finance SE
2019-04-29,us,SE,SE,25.559999465942383,26.299999237060547,25.200000762939453,25.360000610351562,8093700,Yahoo Finance SE
2019-04-30,us,SE,SE,25.299999237060547,25.43000030517578,24.66900062561035,24.889999389648438,2142100,Yahoo Finance SE
2019-05-01,us,SE,SE,25.1299991607666,25.790000915527344,24.889999389648438,24.969999313354492,3918800,Yahoo Finance SE
2019-05-02,us,SE,SE,25.0,25.200000762939453,23.059999465942383,24.700000762939453,3958700,Yahoo Finance SE
2019-05-03,us,SE,SE,25.0,25.56999969482422,24.729999542236328,25.200000762939453,2705100,Yahoo Finance SE
2019-05-06,us,SE,SE,24.260000228881836,25.290000915527344,24.059999465942383,25.190000534057617,2790100,Yahoo Finance SE
2019-05-07,us,SE,SE,24.979999542236328,25.079999923706055,23.940000534057617,24.299999237060547,4911200,Yahoo Finance SE
2019-05-08,us,SE,SE,24.31999969482422,25.190000534057617,24.0,24.59000015258789,5405000,Yahoo Finance SE
2019-05-09,us,SE,SE,24.299999237060547,24.825000762939453,23.920000076293945,24.739999771118164,1877000,Yahoo Finance SE
2019-05-10,us,SE,SE,24.610000610351562,25.860000610351562,24.559999465942383,25.690000534057617,4227300,Yahoo Finance SE
2019-05-13,us,SE,SE,25.020000457763672,25.18000030517578,23.399999618530273,24.3799991607666,6154100,Yahoo Finance SE
2019-05-14,us,SE,SE,24.899999618530273,25.0,24.450000762939453,24.920000076293945,6061200,Yahoo Finance SE
2019-05-15,us,SE,SE,24.760000228881836,25.739999771118164,24.649999618530273,25.600000381469727,3443500,Yahoo Finance SE
2019-05-16,us,SE,SE,25.75,27.200000762939453,25.600000381469727,26.93000030517578,6364400,Yahoo Finance SE
2019-05-17,us,SE,SE,26.940000534057617,26.940000534057617,26.334999084472656,26.670000076293945,5432800,Yahoo Finance SE
2019-05-20,us,SE,SE,26.40999984741211,26.40999984741211,24.59000015258789,25.799999237060547,8024600,Yahoo Finance SE
2019-05-21,us,SE,SE,26.25,26.75,25.260000228881836,25.389999389648438,6979500,Yahoo Finance SE
2019-05-22,us,SE,SE,30.8700008392334,32.0,28.799999237060547,31.5,23992000,Yahoo Finance SE
2019-05-23,us,SE,SE,31.100000381469727,31.100000381469727,29.954999923706055,30.59000015258789,6177500,Yahoo Finance SE
2019-05-24,us,SE,SE,30.610000610351562,31.399999618530273,29.719999313354492,29.989999771118164,3713400,Yahoo Finance SE
2019-05-28,us,SE,SE,29.979999542236328,30.6200008392334,29.1299991607666,29.190000534057617,3733600,Yahoo Finance SE
2019-05-29,us,SE,SE,29.100000381469727,29.1299991607666,27.950000762939453,28.329999923706055,3241300,Yahoo Finance SE
2019-05-30,us,SE,SE,28.420000076293945,29.040000915527344,27.947999954223633,28.3700008392334,3420000,Yahoo Finance SE
2019-05-31,us,SE,SE,28.020000457763672,28.790000915527344,27.70199966430664,28.440000534057617,2254300,Yahoo Finance SE
2019-06-03,us,SE,SE,28.440000534057617,28.98699951171875,27.520000457763672,27.969999313354492,2960800,Yahoo Finance SE
2019-06-04,us,SE,SE,28.190000534057617,28.760000228881836,27.3799991607666,28.729999542236328,4153000,Yahoo Finance SE
2019-06-05,us,SE,SE,28.950000762939453,29.469999313354492,28.110000610351562,29.229999542236328,2237100,Yahoo Finance SE
2019-06-06,us,SE,SE,29.25,29.885000228881836,29.0,29.739999771118164,3227100,Yahoo Finance SE
2019-06-07,us,SE,SE,29.940000534057617,30.989999771118164,29.8700008392334,30.850000381469727,2711700,Yahoo Finance SE
2019-06-10,us,SE,SE,31.079999923706055,31.100000381469727,30.559999465942383,30.799999237060547,2040200,Yahoo Finance SE
2019-06-11,us,SE,SE,31.0,31.100000381469727,29.440000534057617,30.489999771118164,3522200,Yahoo Finance SE
2019-06-12,us,SE,SE,30.010000228881836,31.40999984741211,29.780000686645508,31.219999313354492,3704900,Yahoo Finance SE
2019-06-13,us,SE,SE,32.439998626708984,32.439998626708984,30.59000015258789,30.760000228881836,2895100,Yahoo Finance SE
2019-06-14,us,SE,SE,30.610000610351562,30.739999771118164,29.777000427246094,29.959999084472656,2859300,Yahoo Finance SE
2019-06-17,us,SE,SE,29.979999542236328,30.299999237060547,29.6200008392334,29.950000762939453,2548300,Yahoo Finance SE
2019-06-18,us,SE,SE,30.450000762939453,31.889999389648438,30.399999618530273,31.260000228881836,4281200,Yahoo Finance SE
2019-06-19,us,SE,SE,31.579999923706055,31.59000015258789,30.540000915527344,31.489999771118164,4677800,Yahoo Finance SE
2019-06-20,us,SE,SE,32.0099983215332,32.349998474121094,31.079999923706055,32.29999923706055,6072600,Yahoo Finance SE
2019-06-21,us,SE,SE,32.310001373291016,34.75,32.29999923706055,34.45000076293945,7590900,Yahoo Finance SE
2019-06-24,us,SE,SE,34.5,34.599998474121094,33.939998626708984,34.189998626708984,2972400,Yahoo Finance SE
2019-06-25,us,SE,SE,34.41999816894531,34.84000015258789,33.119998931884766,33.41999816894531,2939900,Yahoo Finance SE
2019-06-26,us,SE,SE,34.0,34.150001525878906,33.279998779296875,33.810001373291016,5671400,Yahoo Finance SE
2019-06-27,us,SE,SE,34.029998779296875,34.29999923706055,33.29999923706055,33.77000045776367,1909700,Yahoo Finance SE
2019-06-28,us,SE,SE,33.959999084472656,34.08000183105469,32.150001525878906,33.220001220703125,3354600,Yahoo Finance SE
2019-07-01,us,SE,SE,33.900001525878906,34.849998474121094,33.79999923706055,34.27000045776367,3894600,Yahoo Finance SE
2019-07-02,us,SE,SE,34.31999969482422,35.27299880981445,33.689998626708984,35.13999938964844,2697000,Yahoo Finance SE
2019-07-03,us,SE,SE,35.540000915527344,35.720001220703125,34.93000030517578,35.689998626708984,1917100,Yahoo Finance SE
2019-07-05,us,SE,SE,35.52000045776367,35.959999084472656,35.09000015258789,35.709999084472656,1746000,Yahoo Finance SE
2019-07-08,us,SE,SE,35.47999954223633,35.47999954223633,33.9900016784668,35.36000061035156,2876100,Yahoo Finance SE
2019-07-09,us,SE,SE,34.959999084472656,36.34000015258789,34.83000183105469,35.56999969482422,3640000,Yahoo Finance SE
2019-07-10,us,SE,SE,36.27000045776367,37.0,35.529998779296875,36.08000183105469,3968500,Yahoo Finance SE
2019-07-11,us,SE,SE,36.13999938964844,36.154998779296875,35.650001525878906,36.0,1069300,Yahoo Finance SE
2019-07-12,us,SE,SE,36.20000076293945,36.20000076293945,35.0099983215332,35.16999816894531,1335600,Yahoo Finance SE
2019-07-15,us,SE,SE,35.25,35.5099983215332,34.7599983215332,35.16999816894531,1353300,Yahoo Finance SE
2019-07-16,us,SE,SE,35.41999816894531,35.70000076293945,34.76499938964844,35.209999084472656,1555500,Yahoo Finance SE
2019-07-17,us,SE,SE,34.81999969482422,35.084999084472656,34.130001068115234,34.310001373291016,1858600,Yahoo Finance SE
2019-07-18,us,SE,SE,34.16999816894531,34.65999984741211,33.814998626708984,34.41999816894531,2595100,Yahoo Finance SE
2019-07-19,us,SE,SE,34.650001525878906,35.349998474121094,34.439998626708984,34.650001525878906,1828700,Yahoo Finance SE
2019-07-22,us,SE,SE,34.77000045776367,35.823001861572266,34.400001525878906,35.25,3325700,Yahoo Finance SE
2019-07-23,us,SE,SE,35.459999084472656,35.75,34.79999923706055,35.06999969482422,1435300,Yahoo Finance SE
2019-07-24,us,SE,SE,35.290000915527344,36.11000061035156,34.75,35.81999969482422,2624800,Yahoo Finance SE
2019-07-25,us,SE,SE,35.81999969482422,36.970001220703125,35.70000076293945,36.380001068115234,3476100,Yahoo Finance SE
2019-07-26,us,SE,SE,36.54999923706055,37.689998626708984,36.54999923706055,37.38999938964844,3445900,Yahoo Finance SE
2019-07-29,us,SE,SE,37.9900016784668,38.0,35.61000061035156,36.72999954223633,2375800,Yahoo Finance SE
2019-07-30,us,SE,SE,36.2599983215332,36.529998779296875,35.40999984741211,35.709999084472656,2107100,Yahoo Finance SE
2019-07-31,us,SE,SE,35.95000076293945,36.2599983215332,34.349998474121094,35.099998474121094,2219600,Yahoo Finance SE
2019-08-01,us,SE,SE,35.439998626708984,37.7599983215332,35.15999984741211,35.290000915527344,5028100,Yahoo Finance SE
2019-08-02,us,SE,SE,36.0099983215332,38.0,35.61000061035156,37.709999084472656,4901700,Yahoo Finance SE
2019-08-05,us,SE,SE,35.11000061035156,36.18000030517578,33.0,34.02000045776367,6639100,Yahoo Finance SE
2019-08-06,us,SE,SE,35.25,35.5,33.560001373291016,33.939998626708984,3174100,Yahoo Finance SE
2019-08-07,us,SE,SE,33.66999816894531,34.900001525878906,33.45100021362305,34.52000045776367,2357400,Yahoo Finance SE
2019-08-08,us,SE,SE,35.959999084472656,36.16999816894531,34.0,35.58000183105469,3268900,Yahoo Finance SE
2019-08-09,us,SE,SE,35.13999938964844,35.9900016784668,34.58000183105469,34.689998626708984,2169900,Yahoo Finance SE
2019-08-12,us,SE,SE,34.650001525878906,34.83000183105469,33.60499954223633,34.0,1526800,Yahoo Finance SE
2019-08-13,us,SE,SE,34.36000061035156,34.84000015258789,33.68000030517578,34.619998931884766,1975500,Yahoo Finance SE
2019-08-14,us,SE,SE,34.02000045776367,34.20000076293945,32.630001068115234,33.380001068115234,3119200,Yahoo Finance SE
2019-08-15,us,SE,SE,33.70000076293945,34.709999084472656,33.70000076293945,34.38999938964844,3912900,Yahoo Finance SE
2019-08-16,us,SE,SE,34.91999816894531,35.75,34.31999969482422,35.41999816894531,4846400,Yahoo Finance SE
2019-08-19,us,SE,SE,36.45000076293945,36.900001525878906,35.72999954223633,36.099998474121094,6501500,Yahoo Finance SE
2019-08-20,us,SE,SE,32.0,33.970001220703125,31.5,33.0,19614600,Yahoo Finance SE
2019-08-21,us,SE,SE,33.310001373291016,33.47999954223633,31.799999237060547,31.889999389648438,5713200,Yahoo Finance SE
2019-08-22,us,SE,SE,32.38999938964844,32.439998626708984,31.290000915527344,32.220001220703125,3978900,Yahoo Finance SE
2019-08-23,us,SE,SE,31.75,32.0,30.729999542236328,30.8700008392334,4527300,Yahoo Finance SE
2019-08-26,us,SE,SE,31.049999237060547,32.16999816894531,30.84000015258789,31.719999313354492,4696700,Yahoo Finance SE
2019-08-27,us,SE,SE,31.799999237060547,32.79499816894531,31.530000686645508,31.889999389648438,2143100,Yahoo Finance SE
2019-08-28,us,SE,SE,31.260000228881836,32.68000030517578,30.440000534057617,32.290000915527344,2930900,Yahoo Finance SE
2019-08-29,us,SE,SE,32.91999816894531,32.970001220703125,32.16999816894531,32.41999816894531,1672900,Yahoo Finance SE
2019-08-30,us,SE,SE,32.880001068115234,32.880001068115234,31.670000076293945,32.119998931884766,2280900,Yahoo Finance SE
2019-09-03,us,SE,SE,31.950000762939453,32.029998779296875,30.520000457763672,30.8799991607666,3802900,Yahoo Finance SE
2019-09-04,us,SE,SE,30.639999389648438,32.63999938964844,29.920000076293945,31.90999984741211,6396600,Yahoo Finance SE
2019-09-05,us,SE,SE,32.5,32.5,30.940000534057617,31.600000381469727,5892800,Yahoo Finance SE
2019-09-06,us,SE,SE,31.84000015258789,32.5,31.489999771118164,31.610000610351562,2387700,Yahoo Finance SE
2019-09-09,us,SE,SE,31.579999923706055,31.950000762939453,29.700000762939453,30.040000915527344,6360000,Yahoo Finance SE
2019-09-10,us,SE,SE,29.719999313354492,30.649999618530273,29.329999923706055,30.34000015258789,4283200,Yahoo Finance SE
2019-09-11,us,SE,SE,30.3799991607666,31.549999237060547,29.959999084472656,31.18000030517578,4009300,Yahoo Finance SE
2019-09-12,us,SE,SE,31.440000534057617,33.08000183105469,31.239999771118164,31.329999923706055,3518500,Yahoo Finance SE
2019-09-13,us,SE,SE,31.329999923706055,31.579999923706055,30.6200008392334,31.030000686645508,1468800,Yahoo Finance SE
2019-09-16,us,SE,SE,30.889999389648438,31.459999084472656,30.690000534057617,30.920000076293945,1226800,Yahoo Finance SE
2019-09-17,us,SE,SE,31.149999618530273,31.389999389648438,30.860000610351562,30.8700008392334,1225100,Yahoo Finance SE
2019-09-18,us,SE,SE,30.8799991607666,31.229999542236328,30.3700008392334,31.100000381469727,1188200,Yahoo Finance SE
2019-09-19,us,SE,SE,31.100000381469727,32.38999938964844,31.020999908447266,31.950000762939453,2787500,Yahoo Finance SE
2019-09-20,us,SE,SE,31.940000534057617,32.599998474121094,31.6299991607666,32.27000045776367,1993700,Yahoo Finance SE
2019-09-23,us,SE,SE,32.27000045776367,32.6349983215332,31.709999084472656,32.439998626708984,2298900,Yahoo Finance SE
2019-09-24,us,SE,SE,32.58000183105469,32.70000076293945,31.010000228881836,31.260000228881836,2666600,Yahoo Finance SE
2019-09-25,us,SE,SE,30.979999542236328,32.630001068115234,30.729999542236328,32.439998626708984,4336400,Yahoo Finance SE
2019-09-26,us,SE,SE,32.29999923706055,32.93000030517578,32.20000076293945,32.470001220703125,2036200,Yahoo Finance SE
2019-09-27,us,SE,SE,32.459999084472656,32.68000030517578,29.924999237060547,30.420000076293945,5961000,Yahoo Finance SE
2019-09-30,us,SE,SE,31.209999084472656,31.55500030517578,30.360000610351562,30.950000762939453,3625200,Yahoo Finance SE
2019-10-01,us,SE,SE,31.020000457763672,31.389999389648438,30.93000030517578,31.290000915527344,1468400,Yahoo Finance SE
2019-10-02,us,SE,SE,31.020000457763672,31.149999618530273,29.860000610351562,30.06999969482422,2512500,Yahoo Finance SE
2019-10-03,us,SE,SE,30.09000015258789,31.459999084472656,30.030000686645508,31.149999618530273,3525200,Yahoo Finance SE
2019-10-04,us,SE,SE,31.219999313354492,31.3700008392334,30.6200008392334,31.0,2600400,Yahoo Finance SE
2019-10-07,us,SE,SE,30.950000762939453,31.34000015258789,29.93000030517578,30.540000915527344,3793300,Yahoo Finance SE
2019-10-08,us,SE,SE,30.149999618530273,30.299999237060547,27.780000686645508,27.850000381469727,10536700,Yahoo Finance SE
2019-10-09,us,SE,SE,28.270000457763672,29.0,28.209999084472656,28.6200008392334,5254900,Yahoo Finance SE
2019-10-10,us,SE,SE,28.440000534057617,28.510000228881836,27.1299991607666,27.850000381469727,5211400,Yahoo Finance SE
2019-10-11,us,SE,SE,28.5,28.84000015258789,27.90999984741211,27.920000076293945,3357900,Yahoo Finance SE
2019-10-14,us,SE,SE,28.299999237060547,28.440000534057617,27.290000915527344,27.5,2232200,Yahoo Finance SE
2019-10-15,us,SE,SE,27.510000228881836,28.639999389648438,27.510000228881836,28.280000686645508,5729800,Yahoo Finance SE
2019-10-16,us,SE,SE,28.100000381469727,28.450000762939453,27.770000457763672,28.09000015258789,1521600,Yahoo Finance SE
2019-10-17,us,SE,SE,28.520000457763672,28.780000686645508,27.75,27.829999923706055,2370200,Yahoo Finance SE
2019-10-18,us,SE,SE,27.559999465942383,27.729999542236328,26.719999313354492,26.979999542236328,4361800,Yahoo Finance SE
2019-10-21,us,SE,SE,26.979999542236328,27.43000030517578,26.40999984741211,27.229999542236328,4058300,Yahoo Finance SE
2019-10-22,us,SE,SE,27.229999542236328,27.93000030517578,26.65999984741211,26.700000762939453,3681800,Yahoo Finance SE
2019-10-23,us,SE,SE,26.770000457763672,27.649999618530273,26.649999618530273,27.260000228881836,3985000,Yahoo Finance SE
2019-10-24,us,SE,SE,27.219999313354492,28.34000015258789,27.209999084472656,28.049999237060547,2754400,Yahoo Finance SE
2019-10-25,us,SE,SE,28.110000610351562,28.6299991607666,27.510000228881836,28.5,3683300,Yahoo Finance SE
2019-10-28,us,SE,SE,28.729999542236328,29.334999084472656,28.520000457763672,29.1200008392334,2135600,Yahoo Finance SE
2019-10-29,us,SE,SE,29.719999313354492,29.899999618530273,28.639999389648438,29.350000381469727,3163700,Yahoo Finance SE
2019-10-30,us,SE,SE,29.5,29.8799991607666,29.110000610351562,29.790000915527344,1302100,Yahoo Finance SE
2019-10-31,us,SE,SE,29.75,30.0,29.030000686645508,29.760000228881836,1767300,Yahoo Finance SE
2019-11-01,us,SE,SE,30.1200008392334,30.149999618530273,29.110000610351562,29.899999618530273,2548000,Yahoo Finance SE
2019-11-04,us,SE,SE,30.0,31.0,29.940000534057617,30.889999389648438,3022400,Yahoo Finance SE
2019-11-05,us,SE,SE,31.0,31.139999389648438,30.149999618530273,30.549999237060547,6256900,Yahoo Finance SE
2019-11-06,us,SE,SE,30.3799991607666,30.780000686645508,30.290000915527344,30.649999618530273,2817100,Yahoo Finance SE
2019-11-07,us,SE,SE,30.739999771118164,31.25,30.31999969482422,30.950000762939453,5430600,Yahoo Finance SE
2019-11-08,us,SE,SE,30.899999618530273,31.719999313354492,30.739999771118164,31.700000762939453,4025600,Yahoo Finance SE
2019-11-11,us,SE,SE,31.15999984741211,31.5,30.5,31.0,5340700,Yahoo Finance SE
2019-11-12,us,SE,SE,36.08000183105469,37.470001220703125,35.650001525878906,36.7599983215332,14267400,Yahoo Finance SE
2019-11-13,us,SE,SE,35.119998931884766,37.0099983215332,34.88999938964844,35.18000030517578,11648000,Yahoo Finance SE
2019-11-14,us,SE,SE,35.619998931884766,36.91999816894531,35.34000015258789,36.91999816894531,11893400,Yahoo Finance SE
2019-11-15,us,SE,SE,36.91999816894531,37.029998779296875,35.95000076293945,36.380001068115234,6774100,Yahoo Finance SE
2019-11-18,us,SE,SE,36.54999923706055,37.880001068115234,36.15999984741211,36.630001068115234,4202400,Yahoo Finance SE
2019-11-19,us,SE,SE,36.869998931884766,37.119998931884766,36.02000045776367,37.0099983215332,2652400,Yahoo Finance SE
2019-11-20,us,SE,SE,37.02000045776367,38.97999954223633,36.689998626708984,37.27000045776367,4860100,Yahoo Finance SE
2019-11-21,us,SE,SE,37.279998779296875,37.459999084472656,36.63999938964844,37.220001220703125,1888900,Yahoo Finance SE
2019-11-22,us,SE,SE,37.06999969482422,37.56999969482422,36.540000915527344,37.27000045776367,3372600,Yahoo Finance SE
2019-11-25,us,SE,SE,37.36000061035156,38.04999923706055,37.119998931884766,37.349998474121094,6599500,Yahoo Finance SE
2019-11-26,us,SE,SE,37.290000915527344,38.09000015258789,37.220001220703125,37.75,4077000,Yahoo Finance SE
2019-11-27,us,SE,SE,37.95000076293945,37.97999954223633,37.305999755859375,37.779998779296875,3035900,Yahoo Finance SE
2019-11-29,us,SE,SE,37.52000045776367,37.72999954223633,36.810001373291016,37.040000915527344,2219300,Yahoo Finance SE
2019-12-02,us,SE,SE,37.08000183105469,37.08000183105469,35.869998931884766,36.56999969482422,3014900,Yahoo Finance SE
2019-12-03,us,SE,SE,35.720001220703125,37.02000045776367,35.29999923706055,36.77000045776367,4876200,Yahoo Finance SE
2019-12-04,us,SE,SE,37.18000030517578,37.43000030517578,36.8129997253418,37.09000015258789,1419300,Yahoo Finance SE
2019-12-05,us,SE,SE,37.540000915527344,38.310001373291016,37.060001373291016,37.84000015258789,6288200,Yahoo Finance SE
2019-12-06,us,SE,SE,38.20000076293945,38.970001220703125,37.560001373291016,37.810001373291016,3418100,Yahoo Finance SE
2019-12-09,us,SE,SE,37.939998626708984,38.0,36.72999954223633,36.7400016784668,3535600,Yahoo Finance SE
2019-12-10,us,SE,SE,36.81999969482422,37.099998474121094,36.40999984741211,36.630001068115234,3343000,Yahoo Finance SE
2019-12-11,us,SE,SE,36.630001068115234,36.79999923706055,36.0099983215332,36.77000045776367,5570200,Yahoo Finance SE
2019-12-12,us,SE,SE,36.630001068115234,37.47999954223633,36.2599983215332,37.29999923706055,4489500,Yahoo Finance SE
2019-12-13,us,SE,SE,37.16999816894531,37.68000030517578,36.66999816894531,36.79999923706055,2941200,Yahoo Finance SE
2019-12-16,us,SE,SE,37.0,38.12900161743164,36.849998474121094,38.0,3912100,Yahoo Finance SE
2019-12-17,us,SE,SE,38.459999084472656,38.47999954223633,37.70000076293945,38.0,4825200,Yahoo Finance SE
2019-12-18,us,SE,SE,37.93000030517578,38.02000045776367,36.79999923706055,37.61000061035156,7190700,Yahoo Finance SE
2019-12-19,us,SE,SE,37.75,39.20000076293945,37.630001068115234,38.81999969482422,5935600,Yahoo Finance SE
2019-12-20,us,SE,SE,39.0,39.13199996948242,38.05500030517578,39.0099983215332,3741900,Yahoo Finance SE
2019-12-23,us,SE,SE,38.720001220703125,39.36000061035156,38.52000045776367,38.849998474121094,2662200,Yahoo Finance SE
2019-12-24,us,SE,SE,38.9900016784668,39.45000076293945,38.75,39.119998931884766,702900,Yahoo Finance SE
2019-12-26,us,SE,SE,39.099998474121094,39.49700164794922,38.880001068115234,39.08000183105469,1921700,Yahoo Finance SE
2019-12-27,us,SE,SE,39.369998931884766,39.59000015258789,38.77000045776367,39.29999923706055,1530100,Yahoo Finance SE
2019-12-30,us,SE,SE,39.86000061035156,40.0,38.34000015258789,39.209999084472656,3066100,Yahoo Finance SE
2019-12-31,us,SE,SE,38.97999954223633,40.625,38.810001373291016,40.220001220703125,3517200,Yahoo Finance SE
2020-01-02,us,SE,SE,41.0,41.189998626708984,39.459999084472656,40.040000915527344,5857000,Yahoo Finance SE
2020-01-03,us,SE,SE,39.439998626708984,40.650001525878906,39.400001525878906,40.4900016784668,5237800,Yahoo Finance SE
2020-01-06,us,SE,SE,40.06999969482422,41.029998779296875,40.02899932861328,40.47999954223633,4049200,Yahoo Finance SE
2020-01-07,us,SE,SE,40.5,41.79999923706055,40.349998474121094,41.0099983215332,3947600,Yahoo Finance SE
2020-01-08,us,SE,SE,41.0,41.388999938964844,40.05500030517578,40.15999984741211,3200800,Yahoo Finance SE
2020-01-09,us,SE,SE,40.790000915527344,40.900001525878906,40.040000915527344,40.529998779296875,3129700,Yahoo Finance SE
2020-01-10,us,SE,SE,40.7599983215332,40.90999984741211,39.34000015258789,39.58000183105469,3360900,Yahoo Finance SE
2020-01-13,us,SE,SE,39.709999084472656,40.3650016784668,39.599998474121094,40.02000045776367,1647300,Yahoo Finance SE
2020-01-14,us,SE,SE,40.0,40.27000045776367,39.150001525878906,39.939998626708984,3445800,Yahoo Finance SE
2020-01-15,us,SE,SE,40.400001525878906,40.95000076293945,39.90999984741211,40.41999816894531,2312300,Yahoo Finance SE
2020-01-16,us,SE,SE,40.650001525878906,41.02000045776367,40.19499969482422,40.959999084472656,2351500,Yahoo Finance SE
2020-01-17,us,SE,SE,40.75,41.34000015258789,40.70000076293945,41.279998779296875,3217500,Yahoo Finance SE
2020-01-21,us,SE,SE,41.0099983215332,41.400001525878906,40.33000183105469,41.310001373291016,4195500,Yahoo Finance SE
2020-01-22,us,SE,SE,43.54999923706055,45.150001525878906,42.900001525878906,44.36000061035156,10448600,Yahoo Finance SE
2020-01-23,us,SE,SE,44.25,45.0099983215332,43.742000579833984,44.75,4141600,Yahoo Finance SE
2020-01-24,us,SE,SE,46.060001373291016,46.5,44.349998474121094,45.33000183105469,5869400,Yahoo Finance SE
2020-01-27,us,SE,SE,42.599998474121094,44.45000076293945,42.599998474121094,44.349998474121094,3065600,Yahoo Finance SE
2020-01-28,us,SE,SE,45.0,45.310001373291016,44.5099983215332,45.029998779296875,1561300,Yahoo Finance SE
2020-01-29,us,SE,SE,45.7599983215332,46.290000915527344,45.029998779296875,45.13999938964844,2059000,Yahoo Finance SE
2020-01-30,us,SE,SE,44.720001220703125,45.630001068115234,44.52000045776367,45.59000015258789,1542000,Yahoo Finance SE
2020-01-31,us,SE,SE,45.279998779296875,45.57500076293945,44.810001373291016,45.2400016784668,2784500,Yahoo Finance SE
2020-02-03,us,SE,SE,45.369998931884766,46.5,45.25,46.369998931884766,3350400,Yahoo Finance SE
2020-02-04,us,SE,SE,46.970001220703125,47.10900115966797,46.06999969482422,46.81999969482422,3841400,Yahoo Finance SE
2020-02-05,us,SE,SE,47.5,47.5099983215332,45.72999954223633,45.810001373291016,4292900,Yahoo Finance SE
2020-02-06,us,SE,SE,46.08000183105469,46.775001525878906,44.845001220703125,45.720001220703125,2679100,Yahoo Finance SE
2020-02-07,us,SE,SE,46.58000183105469,46.709999084472656,45.529998779296875,46.20000076293945,3073100,Yahoo Finance SE
2020-02-10,us,SE,SE,46.060001373291016,46.29999923706055,44.95000076293945,45.15999984741211,3370300,Yahoo Finance SE
2020-02-11,us,SE,SE,45.709999084472656,46.66999816894531,45.3849983215332,46.34000015258789,2793700,Yahoo Finance SE
2020-02-12,us,SE,SE,46.59000015258789,47.13999938964844,46.439998626708984,46.93000030517578,2096100,Yahoo Finance SE
2020-02-13,us,SE,SE,47.099998474121094,48.400001525878906,47.040000915527344,47.95000076293945,7357200,Yahoo Finance SE
2020-02-14,us,SE,SE,48.5,49.33000183105469,48.15999984741211,48.4900016784668,3698000,Yahoo Finance SE
2020-02-18,us,SE,SE,49.27000045776367,49.880001068115234,48.79999923706055,49.84000015258789,5075800,Yahoo Finance SE
2020-02-19,us,SE,SE,50.34000015258789,51.209999084472656,49.779998779296875,51.20000076293945,4737400,Yahoo Finance SE
2020-02-20,us,SE,SE,51.15999984741211,52.5099983215332,50.869998931884766,52.5,9306800,Yahoo Finance SE
2020-02-21,us,SE,SE,52.16999816894531,52.38999938964844,51.45000076293945,51.849998474121094,5698300,Yahoo Finance SE
2020-02-24,us,SE,SE,48.68000030517578,49.48500061035156,46.95000076293945,48.20000076293945,8968100,Yahoo Finance SE
2020-02-25,us,SE,SE,49.459999084472656,49.790000915527344,46.060001373291016,46.70000076293945,6217700,Yahoo Finance SE
2020-02-26,us,SE,SE,46.77000045776367,47.90999984741211,46.279998779296875,46.41999816894531,3198200,Yahoo Finance SE
2020-02-27,us,SE,SE,45.0099983215332,46.900001525878906,43.310001373291016,45.06999969482422,8820800,Yahoo Finance SE
2020-02-28,us,SE,SE,43.63999938964844,45.540000915527344,43.5,45.060001373291016,5054400,Yahoo Finance SE
2020-03-02,us,SE,SE,46.209999084472656,48.220001220703125,45.150001525878906,48.040000915527344,7254600,Yahoo Finance SE
2020-03-03,us,SE,SE,49.58000183105469,51.58599853515625,48.2400016784668,48.95000076293945,10998400,Yahoo Finance SE
2020-03-04,us,SE,SE,51.0,52.58000183105469,50.20000076293945,52.52000045776367,5619300,Yahoo Finance SE
2020-03-05,us,SE,SE,51.0099983215332,52.77000045776367,50.380001068115234,52.560001373291016,4239200,Yahoo Finance SE
2020-03-06,us,SE,SE,50.65999984741211,51.16999816894531,47.86000061035156,50.349998474121094,5801800,Yahoo Finance SE
2020-03-09,us,SE,SE,45.9900016784668,47.18000030517578,44.9900016784668,45.90999984741211,7509400,Yahoo Finance SE
2020-03-10,us,SE,SE,48.0,50.77000045776367,47.81999969482422,50.689998626708984,7620700,Yahoo Finance SE
2020-03-11,us,SE,SE,49.040000915527344,50.5,47.27000045776367,48.02000045776367,3794000,Yahoo Finance SE
2020-03-12,us,SE,SE,44.0,44.400001525878906,41.470001220703125,41.630001068115234,8734000,Yahoo Finance SE
2020-03-13,us,SE,SE,44.93000030517578,45.11000061035156,42.369998931884766,44.5099983215332,6643200,Yahoo Finance SE
2020-03-16,us,SE,SE,38.5,43.290000915527344,38.5,41.08000183105469,6871000,Yahoo Finance SE
2020-03-17,us,SE,SE,41.869998931884766,45.0,40.5,44.2599983215332,5394200,Yahoo Finance SE
2020-03-18,us,SE,SE,40.540000915527344,41.959999084472656,36.279998779296875,41.959999084472656,7571800,Yahoo Finance SE
2020-03-19,us,SE,SE,41.08000183105469,41.310001373291016,38.02000045776367,39.70000076293945,7276900,Yahoo Finance SE
2020-03-20,us,SE,SE,41.70000076293945,42.33000183105469,37.994998931884766,38.0,5849000,Yahoo Finance SE
2020-03-23,us,SE,SE,38.099998474121094,38.7599983215332,35.61000061035156,38.45000076293945,5627900,Yahoo Finance SE
2020-03-24,us,SE,SE,41.7400016784668,43.75,41.23500061035156,42.84000015258789,6362200,Yahoo Finance SE
2020-03-25,us,SE,SE,43.470001220703125,46.36000061035156,42.4900016784668,44.040000915527344,4203300,Yahoo Finance SE
2020-03-26,us,SE,SE,45.380001068115234,46.47999954223633,44.64500045776367,45.7400016784668,5064900,Yahoo Finance SE
2020-03-27,us,SE,SE,44.310001373291016,46.0,43.5,43.93000030517578,4146800,Yahoo Finance SE
2020-03-30,us,SE,SE,44.0,44.5,42.5,44.459999084472656,3071200,Yahoo Finance SE
2020-03-31,us,SE,SE,44.13999938964844,45.11000061035156,43.7599983215332,44.310001373291016,2682700,Yahoo Finance SE
2020-04-01,us,SE,SE,43.0,43.93000030517578,42.220001220703125,43.16999816894531,3713500,Yahoo Finance SE
2020-04-02,us,SE,SE,42.77000045776367,44.709999084472656,42.619998931884766,44.58000183105469,2733000,Yahoo Finance SE
2020-04-03,us,SE,SE,43.400001525878906,44.38999938964844,40.40999984741211,42.099998474121094,5554400,Yahoo Finance SE
2020-04-06,us,SE,SE,43.970001220703125,45.75,43.720001220703125,44.79999923706055,3309500,Yahoo Finance SE
2020-04-07,us,SE,SE,46.060001373291016,46.744998931884766,44.5,45.220001220703125,4112800,Yahoo Finance SE
2020-04-08,us,SE,SE,45.400001525878906,46.099998474121094,44.810001373291016,45.45000076293945,1896200,Yahoo Finance SE
2020-04-09,us,SE,SE,46.5,47.900001525878906,44.849998474121094,45.06999969482422,3650000,Yahoo Finance SE
2020-04-13,us,SE,SE,44.7400016784668,47.560001373291016,44.459999084472656,46.9900016784668,2664800,Yahoo Finance SE
2020-04-14,us,SE,SE,47.720001220703125,50.650001525878906,47.56999969482422,50.220001220703125,4886500,Yahoo Finance SE
2020-04-15,us,SE,SE,49.470001220703125,50.619998931884766,48.11000061035156,49.779998779296875,2414200,Yahoo Finance SE
2020-04-16,us,SE,SE,51.599998474121094,54.474998474121094,51.40999984741211,53.95000076293945,6896400,Yahoo Finance SE
2020-04-17,us,SE,SE,55.25,55.25,52.66999816894531,53.02000045776367,3781400,Yahoo Finance SE
2020-04-20,us,SE,SE,52.459999084472656,54.97999954223633,52.25,54.220001220703125,2513000,Yahoo Finance SE
2020-04-21,us,SE,SE,53.540000915527344,54.040000915527344,50.349998474121094,51.97999954223633,3771700,Yahoo Finance SE
2020-04-22,us,SE,SE,54.11000061035156,55.099998474121094,52.880001068115234,54.040000915527344,3067900,Yahoo Finance SE
2020-04-23,us,SE,SE,54.099998474121094,54.91699981689453,53.06999969482422,53.630001068115234,2737100,Yahoo Finance SE
2020-04-24,us,SE,SE,54.220001220703125,54.720001220703125,53.52000045776367,54.38999938964844,2329900,Yahoo Finance SE
2020-04-27,us,SE,SE,55.459999084472656,56.0,54.5099983215332,55.34000015258789,3311500,Yahoo Finance SE
2020-04-28,us,SE,SE,56.4900016784668,56.79999923706055,52.77000045776367,53.29999923706055,4566800,Yahoo Finance SE
2020-04-29,us,SE,SE,53.56999969482422,55.83000183105469,53.43000030517578,55.52000045776367,2828500,Yahoo Finance SE
2020-04-30,us,SE,SE,56.15999984741211,56.75,55.30500030517578,55.58000183105469,2167600,Yahoo Finance SE
2020-05-01,us,SE,SE,53.88999938964844,55.040000915527344,53.349998474121094,54.779998779296875,2053800,Yahoo Finance SE
2020-05-04,us,SE,SE,53.849998474121094,55.72999954223633,53.849998474121094,55.22999954223633,2677200,Yahoo Finance SE
2020-05-05,us,SE,SE,56.77000045776367,59.439998626708984,55.970001220703125,57.93000030517578,4678600,Yahoo Finance SE
2020-05-06,us,SE,SE,58.04999923706055,62.560001373291016,57.60499954223633,61.689998626708984,8235400,Yahoo Finance SE
2020-05-07,us,SE,SE,62.11000061035156,62.189998626708984,57.720001220703125,60.369998931884766,6619500,Yahoo Finance SE
2020-05-08,us,SE,SE,61.15999984741211,63.29999923706055,60.66999816894531,62.4900016784668,3231000,Yahoo Finance SE
2020-05-11,us,SE,SE,61.869998931884766,63.790000915527344,61.58000183105469,62.90999984741211,3545000,Yahoo Finance SE
2020-05-12,us,SE,SE,63.0,64.38999938964844,61.06999969482422,62.70000076293945,3724300,Yahoo Finance SE
2020-05-13,us,SE,SE,63.0,64.0,60.689998626708984,61.97999954223633,5419300,Yahoo Finance SE
2020-05-14,us,SE,SE,61.0,61.59000015258789,59.26100158691406,61.59000015258789,5295700,Yahoo Finance SE
2020-05-15,us,SE,SE,60.09000015258789,62.189998626708984,60.0,61.959999084472656,6439600,Yahoo Finance SE
2020-05-18,us,SE,SE,66.0,69.94999694824219,65.43000030517578,69.48999786376953,9972900,Yahoo Finance SE
2020-05-19,us,SE,SE,69.75,72.80000305175781,68.0999984741211,68.2699966430664,14057000,Yahoo Finance SE
2020-05-20,us,SE,SE,70.0,73.97000122070312,69.9000015258789,72.4000015258789,10281000,Yahoo Finance SE
2020-05-21,us,SE,SE,72.4000015258789,78.54000091552734,72.26000213623047,77.80999755859375,11053800,Yahoo Finance SE
2020-05-22,us,SE,SE,78.01000213623047,79.19200134277344,76.06999969482422,79.0,6901900,Yahoo Finance SE
2020-05-26,us,SE,SE,81.07499694824219,83.80000305175781,80.66000366210938,83.16000366210938,7287900,Yahoo Finance SE
2020-05-27,us,SE,SE,83.69000244140625,83.75,73.93000030517578,78.91000366210938,11287600,Yahoo Finance SE
2020-05-28,us,SE,SE,77.9800033569336,80.37000274658203,75.27999877929688,75.66000366210938,6485800,Yahoo Finance SE
2020-05-29,us,SE,SE,76.02999877929688,79.88999938964844,75.11000061035156,79.80000305175781,4958100,Yahoo Finance SE
2020-06-01,us,SE,SE,80.08000183105469,82.62000274658203,80.08000183105469,82.47000122070312,4527000,Yahoo Finance SE
2020-06-02,us,SE,SE,83.0,86.86000061035156,82.5199966430664,86.86000061035156,4726400,Yahoo Finance SE
2020-06-03,us,SE,SE,87.18000030517578,88.16000366210938,86.12999725341797,88.06999969482422,6449700,Yahoo Finance SE
2020-06-04,us,SE,SE,88.0,88.19999694824219,83.68000030517578,85.30999755859375,5842700,Yahoo Finance SE
2020-06-05,us,SE,SE,86.5199966430664,89.94000244140625,85.61000061035156,89.69999694824219,5178900,Yahoo Finance SE
2020-06-08,us,SE,SE,90.0,93.18000030517578,89.77999877929688,90.87999725341797,6408000,Yahoo Finance SE
2020-06-09,us,SE,SE,90.72000122070312,91.58000183105469,89.63999938964844,90.77999877929688,3750800,Yahoo Finance SE
2020-06-10,us,SE,SE,91.5199966430664,92.93000030517578,89.94000244140625,92.16000366210938,4520400,Yahoo Finance SE
2020-06-11,us,SE,SE,90.0,91.66500091552734,86.5999984741211,88.58000183105469,7983400,Yahoo Finance SE
2020-06-12,us,SE,SE,92.0,94.5199966430664,90.55999755859375,92.9800033569336,4234300,Yahoo Finance SE
2020-06-15,us,SE,SE,91.27999877929688,98.68000030517578,90.62999725341797,97.25,5158200,Yahoo Finance SE
2020-06-16,us,SE,SE,102.48999786376953,102.48999786376953,96.86000061035156,100.80000305175781,5710200,Yahoo Finance SE
2020-06-17,us,SE,SE,99.56999969482422,107.91999816894531,99.5,106.80999755859375,7328200,Yahoo Finance SE
2020-06-18,us,SE,SE,109.0,109.80000305175781,102.5199966430664,106.4800033569336,6714400,Yahoo Finance SE
2020-06-19,us,SE,SE,108.16999816894531,110.12999725341797,106.69999694824219,106.94000244140625,7589600,Yahoo Finance SE
2020-06-22,us,SE,SE,107.80999755859375,113.77999877929688,107.58000183105469,113.38999938964844,6732400,Yahoo Finance SE
2020-06-23,us,SE,SE,115.19999694824219,116.0,110.12000274658203,111.0999984741211,8163300,Yahoo Finance SE
2020-06-24,us,SE,SE,110.37999725341797,111.87000274658203,100.66000366210938,103.63999938964844,10785400,Yahoo Finance SE
2020-06-25,us,SE,SE,103.0,105.69999694824219,101.19999694824219,104.31999969482422,4465300,Yahoo Finance SE
2020-06-26,us,SE,SE,103.54000091552734,107.80000305175781,101.61000061035156,105.19999694824219,4453900,Yahoo Finance SE
2020-06-29,us,SE,SE,104.9800033569336,110.63999938964844,101.61199951171875,108.7699966430664,4478300,Yahoo Finance SE
2020-06-30,us,SE,SE,109.08000183105469,110.41999816894531,107.05000305175781,107.23999786376953,2912400,Yahoo Finance SE
2020-07-01,us,SE,SE,108.27999877929688,116.76000213623047,108.27999877929688,114.45999908447266,4728800,Yahoo Finance SE
2020-07-02,us,SE,SE,117.8499984741211,119.2300033569336,115.33000183105469,117.62000274658203,3278100,Yahoo Finance SE
2020-07-06,us,SE,SE,122.5,123.5,113.18499755859375,114.41000366210938,5475600,Yahoo Finance SE
2020-07-07,us,SE,SE,113.44000244140625,116.12000274658203,111.33999633789062,112.9000015258789,4917700,Yahoo Finance SE
2020-07-08,us,SE,SE,118.0199966430664,126.68000030517578,118.01000213623047,124.45999908447266,7608300,Yahoo Finance SE
2020-07-09,us,SE,SE,129.7100067138672,129.72000122070312,119.0,123.05000305175781,5192900,Yahoo Finance SE
2020-07-10,us,SE,SE,121.52999877929688,122.37999725341797,118.44999694824219,121.0,2501300,Yahoo Finance SE
2020-07-13,us,SE,SE,123.16999816894531,125.29000091552734,113.58000183105469,113.6500015258789,4961600,Yahoo Finance SE
2020-07-14,us,SE,SE,111.1500015258789,113.54000091552734,106.01000213623047,113.30000305175781,5621200,Yahoo Finance SE
2020-07-15,us,SE,SE,114.51000213623047,116.73600006103516,112.62999725341797,113.20999908447266,2941700,Yahoo Finance SE
2020-07-16,us,SE,SE,109.5999984741211,110.48999786376953,106.87999725341797,109.0,3044800,Yahoo Finance SE
2020-07-17,us,SE,SE,110.16999816894531,111.76000213623047,107.87000274658203,109.04000091552734,1697000,Yahoo Finance SE
2020-07-20,us,SE,SE,111.9000015258789,117.98999786376953,111.13999938964844,115.25,3510100,Yahoo Finance SE
2020-07-21,us,SE,SE,118.31999969482422,120.44999694824219,114.68099975585938,115.44999694824219,2526300,Yahoo Finance SE
2020-07-22,us,SE,SE,115.93000030517578,116.75,113.16000366210938,114.6500015258789,1397400,Yahoo Finance SE
2020-07-23,us,SE,SE,114.6500015258789,114.95999908447266,107.19999694824219,108.94999694824219,2745400,Yahoo Finance SE
2020-07-24,us,SE,SE,105.43000030517578,108.19999694824219,101.69999694824219,107.12000274658203,3797800,Yahoo Finance SE
2020-07-27,us,SE,SE,110.4800033569336,115.0199966430664,109.16999816894531,114.18000030517578,3498500,Yahoo Finance SE
2020-07-28,us,SE,SE,115.62999725341797,118.75,114.13999938964844,116.0,2937000,Yahoo Finance SE
2020-07-29,us,SE,SE,119.16999816894531,120.33999633789062,116.91000366210938,118.69000244140625,2385500,Yahoo Finance SE
2020-07-30,us,SE,SE,118.5199966430664,122.55000305175781,118.13999938964844,122.29000091552734,3665400,Yahoo Finance SE
2020-07-31,us,SE,SE,124.51000213623047,125.83999633789062,120.0999984741211,122.19999694824219,4166700,Yahoo Finance SE
2020-08-03,us,SE,SE,124.91999816894531,134.3300018310547,124.5,132.75,4569800,Yahoo Finance SE
2020-08-04,us,SE,SE,132.86000061035156,138.5399932861328,131.74000549316406,137.50999450683594,4490600,Yahoo Finance SE
2020-08-05,us,SE,SE,140.50999450683594,146.69000244140625,140.0500030517578,145.47000122070312,4543000,Yahoo Finance SE
2020-08-06,us,SE,SE,146.99000549316406,146.99000549316406,137.0399932861328,138.2100067138672,4497700,Yahoo Finance SE
2020-08-07,us,SE,SE,137.27000427246094,140.4429931640625,127.63999938964844,129.0,5050200,Yahoo Finance SE
2020-08-10,us,SE,SE,132.66000366210938,135.52000427246094,120.33999633789062,122.69999694824219,5945300,Yahoo Finance SE
2020-08-11,us,SE,SE,122.8499984741211,127.79000091552734,118.08000183105469,120.36000061035156,3967900,Yahoo Finance SE
2020-08-12,us,SE,SE,122.48999786376953,128.6840057373047,121.37000274658203,126.91999816894531,3832400,Yahoo Finance SE
2020-08-13,us,SE,SE,128.0,130.64999389648438,126.5,128.0,4053600,Yahoo Finance SE
2020-08-14,us,SE,SE,128.30999755859375,129.6699981689453,124.38999938964844,126.5,3299400,Yahoo Finance SE
2020-08-17,us,SE,SE,128.9199981689453,134.44000244140625,127.2300033569336,134.27999877929688,6073200,Yahoo Finance SE
2020-08-18,us,SE,SE,148.0,152.50999450683594,141.02999877929688,145.97999572753906,12364800,Yahoo Finance SE
2020-08-19,us,SE,SE,151.77000427246094,154.25,146.3000030517578,150.55999755859375,5442100,Yahoo Finance SE
2020-08-20,us,SE,SE,151.3000030517578,153.33999633789062,145.75999450683594,152.63999938964844,4178400,Yahoo Finance SE
2020-08-21,us,SE,SE,153.27999877929688,154.27999877929688,145.89999389648438,147.4199981689453,3934100,Yahoo Finance SE
2020-08-24,us,SE,SE,149.7899932861328,152.19000244140625,144.25999450683594,150.41000366210938,4437800,Yahoo Finance SE
2020-08-25,us,SE,SE,148.25,155.0,147.3000030517578,154.1300048828125,3644900,Yahoo Finance SE
2020-08-26,us,SE,SE,154.9199981689453,163.13999938964844,154.33999633789062,159.0,5392700,Yahoo Finance SE
2020-08-27,us,SE,SE,158.0,158.89999389648438,150.33999633789062,153.14999389648438,3919200,Yahoo Finance SE
2020-08-28,us,SE,SE,154.47999572753906,156.08999633789062,151.97999572753906,152.6699981689453,2396500,Yahoo Finance SE
2020-08-31,us,SE,SE,154.33999633789062,158.99000549316406,150.55999755859375,152.80999755859375,3949200,Yahoo Finance SE
2020-09-01,us,SE,SE,156.6999969482422,162.0,153.30999755859375,161.8000030517578,5358200,Yahoo Finance SE
2020-09-02,us,SE,SE,164.25999450683594,165.22999572753906,153.3800048828125,157.22000122070312,4471600,Yahoo Finance SE
2020-09-03,us,SE,SE,150.66000366210938,152.97000122070312,144.1199951171875,147.55999755859375,6682700,Yahoo Finance SE
2020-09-04,us,SE,SE,145.0500030517578,145.7100067138672,137.88999938964844,144.14999389648438,7891400,Yahoo Finance SE
2020-09-08,us,SE,SE,136.0,144.92999267578125,135.27999877929688,138.0,7301100,Yahoo Finance SE
2020-09-09,us,SE,SE,141.92999267578125,143.47999572753906,138.1300048828125,142.02999877929688,3896300,Yahoo Finance SE
2020-09-10,us,SE,SE,142.0,146.10000610351562,138.02999877929688,139.5,2591900,Yahoo Finance SE
2020-09-11,us,SE,SE,142.27000427246094,142.99000549316406,138.0749969482422,139.50999450683594,2337000,Yahoo Finance SE
2020-09-14,us,SE,SE,143.99000549316406,149.22000122070312,143.00100708007812,147.82000732421875,3586100,Yahoo Finance SE
2020-09-15,us,SE,SE,150.0,150.58999633789062,145.2899932861328,149.99000549316406,3010300,Yahoo Finance SE
2020-09-16,us,SE,SE,148.9600067138672,151.24000549316406,146.72999572753906,147.5800018310547,1536100,Yahoo Finance SE
2020-09-17,us,SE,SE,143.8000030517578,149.25999450683594,141.85499572753906,149.0800018310547,3154400,Yahoo Finance SE
2020-09-18,us,SE,SE,150.0500030517578,150.97999572753906,143.8800048828125,147.5500030517578,2542800,Yahoo Finance SE
2020-09-21,us,SE,SE,143.0,150.8800048828125,142.63999938964844,150.6999969482422,2230100,Yahoo Finance SE
2020-09-22,us,SE,SE,151.08999633789062,152.75,145.89999389648438,152.1199951171875,3080600,Yahoo Finance SE
2020-09-23,us,SE,SE,150.75,155.5399932861328,146.63999938964844,147.8800048828125,3441800,Yahoo Finance SE
2020-09-24,us,SE,SE,144.94000244140625,152.4499969482422,142.406005859375,150.05999755859375,3102000,Yahoo Finance SE
2020-09-25,us,SE,SE,150.74000549316406,157.8000030517578,149.5500030517578,155.2899932861328,4289600,Yahoo Finance SE
2020-09-28,us,SE,SE,159.0,162.0,157.00999450683594,159.97000122070312,3658100,Yahoo Finance SE
2020-09-29,us,SE,SE,159.41000366210938,161.50999450683594,154.38999938964844,155.14999389648438,2500400,Yahoo Finance SE
2020-09-30,us,SE,SE,155.10000610351562,158.5399932861328,153.86000061035156,154.0399932861328,2290500,Yahoo Finance SE
2020-10-01,us,SE,SE,157.0,160.44000244140625,154.52000427246094,160.0,3054200,Yahoo Finance SE
2020-10-02,us,SE,SE,154.5,160.08999633789062,154.3300018310547,155.36000061035156,3017000,Yahoo Finance SE
2020-10-05,us,SE,SE,158.8800048828125,162.0500030517578,155.2100067138672,157.5800018310547,3345900,Yahoo Finance SE
2020-10-06,us,SE,SE,159.0,167.94000244140625,158.1300048828125,163.44000244140625,5642700,Yahoo Finance SE
2020-10-07,us,SE,SE,167.42999267578125,171.3000030517578,165.4499969482422,167.4199981689453,4245600,Yahoo Finance SE
2020-10-08,us,SE,SE,170.49000549316406,172.0,168.14999389648438,169.2899932861328,3370800,Yahoo Finance SE
2020-10-09,us,SE,SE,170.0,172.5,166.27999877929688,172.1199951171875,2645500,Yahoo Finance SE
2020-10-12,us,SE,SE,175.0,175.60000610351562,166.9010009765625,167.17999267578125,3050400,Yahoo Finance SE
2020-10-13,us,SE,SE,170.0,172.47000122070312,166.3800048828125,172.39999389648438,2064100,Yahoo Finance SE
2020-10-14,us,SE,SE,174.3000030517578,176.89999389648438,166.3300018310547,167.6300048828125,2208300,Yahoo Finance SE
2020-10-15,us,SE,SE,165.8000030517578,169.30999755859375,161.83999633789062,169.3000030517578,1994500,Yahoo Finance SE
2020-10-16,us,SE,SE,170.1699981689453,171.61000061035156,164.8800048828125,165.1999969482422,2158300,Yahoo Finance SE
2020-10-19,us,SE,SE,165.4199981689453,168.17999267578125,161.9499969482422,162.83999633789062,2567700,Yahoo Finance SE
2020-10-20,us,SE,SE,163.0,169.49000549316406,162.5,166.8699951171875,1921600,Yahoo Finance SE
2020-10-21,us,SE,SE,167.22999572753906,172.1199951171875,163.77999877929688,168.3800048828125,2175600,Yahoo Finance SE
2020-10-22,us,SE,SE,168.7899932861328,169.7899932861328,159.60000610351562,161.6300048828125,3112700,Yahoo Finance SE
2020-10-23,us,SE,SE,162.0,163.11700439453125,158.7899932861328,162.9600067138672,1841200,Yahoo Finance SE
2020-10-26,us,SE,SE,160.39999389648438,164.67300415039062,159.41000366210938,162.36000061035156,1965700,Yahoo Finance SE
2020-10-27,us,SE,SE,164.67999267578125,172.4499969482422,162.9499969482422,172.2899932861328,3340200,Yahoo Finance SE
2020-10-28,us,SE,SE,167.49000549316406,167.99000549316406,161.25999450683594,163.24000549316406,2794100,Yahoo Finance SE
2020-10-29,us,SE,SE,166.4199981689453,169.97999572753906,163.4530029296875,167.02000427246094,1902300,Yahoo Finance SE
2020-10-30,us,SE,SE,163.4199981689453,164.74000549316406,155.3300018310547,157.6999969482422,3226900,Yahoo Finance SE
2020-11-02,us,SE,SE,160.39999389648438,164.94000244140625,157.5500030517578,159.6699981689453,2719800,Yahoo Finance SE
2020-11-03,us,SE,SE,161.11000061035156,169.22000122070312,161.0,166.38999938964844,2081300,Yahoo Finance SE
2020-11-04,us,SE,SE,171.35000610351562,177.58999633789062,170.58999633789062,176.9600067138672,3116100,Yahoo Finance SE
2020-11-05,us,SE,SE,183.0,187.4499969482422,180.5800018310547,184.6199951171875,3371000,Yahoo Finance SE
2020-11-06,us,SE,SE,184.7899932861328,187.75,180.1699981689453,186.7899932861328,1734800,Yahoo Finance SE
2020-11-09,us,SE,SE,176.16000366210938,182.97000122070312,164.0,169.0800018310547,6129200,Yahoo Finance SE
2020-11-10,us,SE,SE,169.8000030517578,169.9600067138672,155.10000610351562,156.52999877929688,7169100,Yahoo Finance SE
2020-11-11,us,SE,SE,166.4499969482422,171.69000244140625,161.50999450683594,169.1300048828125,6227100,Yahoo Finance SE
2020-11-12,us,SE,SE,174.0,179.44900512695312,171.82000732421875,178.77000427246094,4093300,Yahoo Finance SE
2020-11-13,us,SE,SE,181.1999969482422,183.66000366210938,176.6300048828125,181.44000244140625,2902900,Yahoo Finance SE
2020-11-16,us,SE,SE,178.6999969482422,179.24000549316406,172.0,178.22000122070312,4711000,Yahoo Finance SE
2020-11-17,us,SE,SE,182.88999938964844,187.17999267578125,168.55999755859375,170.6199951171875,6000700,Yahoo Finance SE
2020-11-18,us,SE,SE,174.2899932861328,174.8300018310547,165.0,165.16000366210938,4290100,Yahoo Finance SE
2020-11-19,us,SE,SE,167.72000122070312,174.80999755859375,166.0,173.47000122070312,2750400,Yahoo Finance SE
2020-11-20,us,SE,SE,175.1999969482422,184.05999755859375,175.19000244140625,183.11000061035156,3841400,Yahoo Finance SE
2020-11-23,us,SE,SE,183.0,185.0,178.1529998779297,182.9199981689453,3122400,Yahoo Finance SE
2020-11-24,us,SE,SE,179.22999572753906,181.25,174.302001953125,176.9199981689453,3308700,Yahoo Finance SE
2020-11-25,us,SE,SE,176.35000610351562,178.72000122070312,173.6999969482422,177.6999969482422,2155800,Yahoo Finance SE
2020-11-27,us,SE,SE,180.5,182.75,178.22000122070312,182.5500030517578,1895800,Yahoo Finance SE
2020-11-30,us,SE,SE,183.0,183.8000030517578,173.91000366210938,180.3699951171875,2289600,Yahoo Finance SE
2020-12-01,us,SE,SE,183.10000610351562,183.5,176.58999633789062,177.3800048828125,2323400,Yahoo Finance SE
2020-12-02,us,SE,SE,174.99000549316406,184.92999267578125,174.5,183.8800048828125,4206600,Yahoo Finance SE
2020-12-03,us,SE,SE,185.05999755859375,192.36000061035156,182.5800018310547,183.52999877929688,5084000,Yahoo Finance SE
2020-12-04,us,SE,SE,190.97000122070312,203.42300415039062,186.10000610351562,198.77999877929688,11898800,Yahoo Finance SE
2020-12-07,us,SE,SE,200.0,200.0,195.39999389648438,198.57000732421875,2951600,Yahoo Finance SE
2020-12-08,us,SE,SE,199.0,207.51499938964844,197.60000610351562,205.8699951171875,5915500,Yahoo Finance SE
2020-12-09,us,SE,SE,208.5500030517578,212.3300018310547,200.39999389648438,202.67999267578125,3627600,Yahoo Finance SE
2020-12-10,us,SE,SE,194.9199981689453,201.6999969482422,194.0399932861328,198.9499969482422,3969000,Yahoo Finance SE
2020-12-11,us,SE,SE,194.3000030517578,195.89999389648438,190.25,193.3800048828125,6945700,Yahoo Finance SE
2020-12-14,us,SE,SE,195.0,195.67999267578125,189.05999755859375,190.25999450683594,2889600,Yahoo Finance SE
2020-12-15,us,SE,SE,191.5,191.75,186.0,188.08999633789062,3005200,Yahoo Finance SE
2020-12-16,us,SE,SE,189.6699981689453,196.44000244140625,188.375,192.99000549316406,3706800,Yahoo Finance SE
2020-12-17,us,SE,SE,195.4600067138672,198.44500732421875,194.02999877929688,198.0500030517578,2842500,Yahoo Finance SE
2020-12-18,us,SE,SE,198.9600067138672,200.85000610351562,196.60000610351562,200.35000610351562,2633200,Yahoo Finance SE
2020-12-21,us,SE,SE,197.0,201.5,192.85000610351562,196.89999389648438,3157700,Yahoo Finance SE
2020-12-22,us,SE,SE,198.5,202.41200256347656,196.51300048828125,200.64999389648438,2244000,Yahoo Finance SE
2020-12-23,us,SE,SE,199.74000549316406,200.3350067138672,194.36000061035156,195.07000732421875,1878600,Yahoo Finance SE
2020-12-24,us,SE,SE,194.5399932861328,197.3000030517578,191.8000030517578,193.17999267578125,1132100,Yahoo Finance SE
2020-12-28,us,SE,SE,193.25,194.5,178.8000030517578,180.27999877929688,5843100,Yahoo Finance SE
2020-12-29,us,SE,SE,185.08999633789062,190.8699951171875,183.30999755859375,188.35000610351562,3111900,Yahoo Finance SE
2020-12-30,us,SE,SE,190.0,197.59300231933594,186.67999267578125,196.75,2526300,Yahoo Finance SE
2020-12-31,us,SE,SE,196.74000549316406,199.1199951171875,194.5290069580078,199.0500030517578,3775300,Yahoo Finance SE
2021-01-04,us,SE,SE,200.75,203.11000061035156,191.8699951171875,196.05999755859375,4332700,Yahoo Finance SE
2021-01-05,us,SE,SE,198.10000610351562,204.08999633789062,195.08999633789062,202.92999267578125,3297500,Yahoo Finance SE
2021-01-06,us,SE,SE,201.5800018310547,204.1199951171875,193.91000366210938,194.3699951171875,3224800,Yahoo Finance SE
2021-01-07,us,SE,SE,198.02000427246094,205.33999633789062,197.88999938964844,203.94000244140625,3392000,Yahoo Finance SE
2021-01-08,us,SE,SE,205.94000244140625,213.60000610351562,202.42999267578125,210.16000366210938,4604400,Yahoo Finance SE
2021-01-11,us,SE,SE,209.0,213.35000610351562,206.88999938964844,209.05999755859375,2553900,Yahoo Finance SE
2021-01-12,us,SE,SE,214.3800048828125,218.57000732421875,212.39999389648438,218.47999572753906,5471700,Yahoo Finance SE
2021-01-13,us,SE,SE,223.61000061035156,229.97999572753906,220.8800048828125,226.77999877929688,5065800,Yahoo Finance SE
2021-01-14,us,SE,SE,230.8800048828125,237.27000427246094,227.64700317382812,229.66000366210938,3890500,Yahoo Finance SE
2021-01-15,us,SE,SE,230.8800048828125,233.47999572753906,222.0800018310547,226.0500030517578,2346800,Yahoo Finance SE
2021-01-19,us,SE,SE,232.4499969482422,234.5,226.0500030517578,231.63999938964844,2515800,Yahoo Finance SE
2021-01-20,us,SE,SE,238.1999969482422,238.4199981689453,232.0800018310547,233.14999389648438,2152500,Yahoo Finance SE
2021-01-21,us,SE,SE,233.3800048828125,237.0,232.0,233.9600067138672,1648000,Yahoo Finance SE
2021-01-22,us,SE,SE,232.61000061035156,236.7899932861328,230.25,236.49000549316406,2043100,Yahoo Finance SE
2021-01-25,us,SE,SE,240.0,240.44000244140625,226.13999938964844,228.67999267578125,4295200,Yahoo Finance SE
2021-01-26,us,SE,SE,230.0,232.3300018310547,215.80999755859375,217.22000122070312,3869600,Yahoo Finance SE
2021-01-27,us,SE,SE,212.26499938964844,223.17300415039062,203.05999755859375,205.77999877929688,6373000,Yahoo Finance SE
2021-01-28,us,SE,SE,210.0,228.41000366210938,209.3000030517578,219.77999877929688,5835000,Yahoo Finance SE
2021-01-29,us,SE,SE,218.05999755859375,221.61000061035156,211.25,216.7100067138672,3419600,Yahoo Finance SE
2021-02-01,us,SE,SE,222.97000122070312,236.97999572753906,222.97000122070312,233.52999877929688,4397100,Yahoo Finance SE
2021-02-02,us,SE,SE,235.9199981689453,241.77999877929688,231.0,238.5399932861328,3377900,Yahoo Finance SE
2021-02-03,us,SE,SE,244.77000427246094,246.3300018310547,239.70399475097656,243.5399932861328,3816500,Yahoo Finance SE
2021-02-04,us,SE,SE,244.2899932861328,245.7100067138672,237.32000732421875,243.9600067138672,2435700,Yahoo Finance SE
2021-02-05,us,SE,SE,244.0,258.6400146484375,242.3939971923828,256.760009765625,3637700,Yahoo Finance SE
2021-02-08,us,SE,SE,258.69000244140625,269.1400146484375,258.30999755859375,263.4599914550781,3684600,Yahoo Finance SE
2021-02-09,us,SE,SE,266.1000061035156,278.3500061035156,266.010009765625,274.6600036621094,3978400,Yahoo Finance SE
2021-02-10,us,SE,SE,277.0899963378906,281.7699890136719,265.20001220703125,270.9700012207031,4306600,Yahoo Finance SE
2021-02-11,us,SE,SE,273.0,277.5,268.2650146484375,274.6300048828125,2404800,Yahoo Finance SE
2021-02-12,us,SE,SE,270.3699951171875,277.3800048828125,268.7799987792969,276.1199951171875,2604700,Yahoo Finance SE
2021-02-16,us,SE,SE,281.9200134277344,285.0,275.25,278.1400146484375,3052900,Yahoo Finance SE
2021-02-17,us,SE,SE,275.1099853515625,275.9599914550781,264.510009765625,268.2200012207031,3655800,Yahoo Finance SE
2021-02-18,us,SE,SE,263.8699951171875,268.1300048828125,255.14999389648438,267.5,3309400,Yahoo Finance SE
2021-02-19,us,SE,SE,271.8299865722656,280.6400146484375,270.8800048828125,280.0,3561200,Yahoo Finance SE
2021-02-22,us,SE,SE,272.7699890136719,273.010009765625,250.92999267578125,252.9600067138672,6114000,Yahoo Finance SE
2021-02-23,us,SE,SE,240.36000061035156,255.9499969482422,229.27000427246094,251.80999755859375,7832200,Yahoo Finance SE
2021-02-24,us,SE,SE,253.11000061035156,254.0,240.63999938964844,248.0399932861328,4219200,Yahoo Finance SE
2021-02-25,us,SE,SE,248.0,250.8000030517578,232.0659942626953,235.35000610351562,4754700,Yahoo Finance SE
2021-02-26,us,SE,SE,235.91000366210938,242.85000610351562,225.0,235.69000244140625,4502600,Yahoo Finance SE
2021-03-01,us,SE,SE,250.75,252.47000122070312,244.7100067138672,248.50999450683594,4083000,Yahoo Finance SE
2021-03-02,us,SE,SE,270.0,276.0199890136719,246.25,250.0,7843100,Yahoo Finance SE
2021-03-03,us,SE,SE,259.3599853515625,260.4100036621094,246.5,251.27999877929688,5080400,Yahoo Finance SE
2021-03-04,us,SE,SE,239.6199951171875,246.6739959716797,218.44000244140625,229.67999267578125,11574600,Yahoo Finance SE
2021-03-05,us,SE,SE,228.6699981689453,231.2899932861328,209.22999572753906,229.75999450683594,9360500,Yahoo Finance SE
2021-03-08,us,SE,SE,227.2100067138672,231.60000610351562,204.8300018310547,206.0500030517578,8293300,Yahoo Finance SE
2021-03-09,us,SE,SE,222.99000549316406,229.99000549316406,216.08999633789062,228.47000122070312,5949900,Yahoo Finance SE
2021-03-10,us,SE,SE,226.0,232.89999389648438,214.91000366210938,217.2100067138672,6311400,Yahoo Finance SE
2021-03-11,us,SE,SE,230.5500030517578,239.5,226.0,236.7899932861328,6173600,Yahoo Finance SE
2021-03-12,us,SE,SE,230.0,235.1699981689453,222.0800018310547,234.99000549316406,4015400,Yahoo Finance SE
2021-03-15,us,SE,SE,227.5,231.4499969482422,223.5,231.33999633789062,3409200,Yahoo Finance SE
2021-03-16,us,SE,SE,234.67999267578125,242.3800048828125,228.7899932861328,233.4600067138672,3751400,Yahoo Finance SE
2021-03-17,us,SE,SE,226.89999389648438,229.6999969482422,214.5,224.35000610351562,6356800,Yahoo Finance SE
2021-03-18,us,SE,SE,216.4499969482422,218.97999572753906,209.56500244140625,211.25999450683594,5054400,Yahoo Finance SE
2021-03-19,us,SE,SE,211.74000549316406,218.4600067138672,209.0,214.89999389648438,3433000,Yahoo Finance SE
2021-03-22,us,SE,SE,218.38999938964844,222.4600067138672,215.02999877929688,217.83999633789062,3132000,Yahoo Finance SE
2021-03-23,us,SE,SE,220.0,223.25,214.60000610351562,216.63999938964844,3149400,Yahoo Finance SE
2021-03-24,us,SE,SE,218.0,218.00999450683594,196.70199584960938,197.5,8021700,Yahoo Finance SE
2021-03-25,us,SE,SE,190.0,204.6300048828125,189.61000061035156,202.61000061035156,6522000,Yahoo Finance SE
2021-03-26,us,SE,SE,205.1999969482422,213.1999969482422,201.61000061035156,209.24000549316406,5270000,Yahoo Finance SE
2021-03-29,us,SE,SE,208.72999572753906,210.0,199.8699951171875,204.25,4326300,Yahoo Finance SE
2021-03-30,us,SE,SE,203.0,217.5,199.77999877929688,214.35000610351562,5073200,Yahoo Finance SE
2021-03-31,us,SE,SE,218.0,228.0800018310547,217.4199981689453,223.22999572753906,4872500,Yahoo Finance SE
2021-04-01,us,SE,SE,228.5,240.0,228.2100067138672,236.4499969482422,4868500,Yahoo Finance SE
2021-04-05,us,SE,SE,239.50999450683594,240.49000549316406,230.52999877929688,234.89999389648438,2373700,Yahoo Finance SE
2021-04-06,us,SE,SE,237.0,250.3249969482422,235.1999969482422,247.02999877929688,4752500,Yahoo Finance SE
2021-04-07,us,SE,SE,243.0,249.75999450683594,242.02000427246094,245.22000122070312,3714200,Yahoo Finance SE
2021-04-08,us,SE,SE,250.0,258.6000061035156,249.22999572753906,253.11000061035156,3912900,Yahoo Finance SE
2021-04-09,us,SE,SE,253.02999877929688,253.3249969482422,248.64999389648438,250.92999267578125,2657600,Yahoo Finance SE
2021-04-12,us,SE,SE,247.80999755859375,250.35000610351562,240.82000732421875,245.33999633789062,2915300,Yahoo Finance SE
2021-04-13,us,SE,SE,245.0,250.5,239.39999389648438,244.1999969482422,2186400,Yahoo Finance SE
2021-04-14,us,SE,SE,247.38999938964844,251.92999267578125,242.8800048828125,245.55999755859375,2776600,Yahoo Finance SE
2021-04-15,us,SE,SE,248.22999572753906,254.3699951171875,245.1300048828125,250.10000610351562,3953100,Yahoo Finance SE
2021-04-16,us,SE,SE,254.17999267578125,254.25999450683594,247.1790008544922,252.4199981689453,1925600,Yahoo Finance SE
2021-04-19,us,SE,SE,249.2899932861328,261.54998779296875,247.5500030517578,250.0,4399800,Yahoo Finance SE
2021-04-20,us,SE,SE,252.89999389648438,252.89999389648438,232.25,236.44000244140625,3749000,Yahoo Finance SE
2021-04-21,us,SE,SE,230.42999267578125,242.89999389648438,228.22000122070312,241.08999633789062,2212300,Yahoo Finance SE
2021-04-22,us,SE,SE,245.0,251.8300018310547,243.24000549316406,246.49000549316406,2989000,Yahoo Finance SE
2021-04-23,us,SE,SE,250.0,259.2049865722656,249.2899932861328,258.5899963378906,2700900,Yahoo Finance SE
2021-04-26,us,SE,SE,259.8500061035156,272.239990234375,258.0,272.010009765625,3885700,Yahoo Finance SE
2021-04-27,us,SE,SE,272.0,278.0,267.1199951171875,267.1400146484375,2829200,Yahoo Finance SE
2021-04-28,us,SE,SE,268.5299987792969,270.4700012207031,263.6400146484375,265.6700134277344,1841800,Yahoo Finance SE
2021-04-29,us,SE,SE,269.9800109863281,270.0,255.22999572753906,256.8299865722656,2448700,Yahoo Finance SE
2021-04-30,us,SE,SE,255.00999450683594,259.25,252.10000610351562,252.5399932861328,2011500,Yahoo Finance SE
2021-05-03,us,SE,SE,256.0,259.7099914550781,252.72000122070312,254.6199951171875,2141500,Yahoo Finance SE
2021-05-04,us,SE,SE,248.99000549316406,250.66000366210938,236.5,243.47999572753906,4445100,Yahoo Finance SE
2021-05-05,us,SE,SE,245.72000122070312,250.82000732421875,242.67999267578125,244.89999389648438,2771100,Yahoo Finance SE
2021-05-06,us,SE,SE,243.0,245.3800048828125,234.1999969482422,238.25,4643800,Yahoo Finance SE
2021-05-07,us,SE,SE,242.99000549316406,248.7899932861328,238.02000427246094,240.27999877929688,2281400,Yahoo Finance SE
2021-05-10,us,SE,SE,234.99000549316406,234.99000549316406,220.6649932861328,222.5500030517578,6593100,Yahoo Finance SE
2021-05-11,us,SE,SE,212.69000244140625,229.81199645996094,212.5500030517578,228.77000427246094,5050600,Yahoo Finance SE
2021-05-12,us,SE,SE,223.3800048828125,224.86000061035156,213.3699951171875,213.4199981689453,4473700,Yahoo Finance SE
2021-05-13,us,SE,SE,217.00999450683594,217.7899932861328,200.0,202.33999633789062,5779500,Yahoo Finance SE
2021-05-14,us,SE,SE,207.32000732421875,218.27499389648438,207.32000732421875,216.69000244140625,3488000,Yahoo Finance SE
2021-05-17,us,SE,SE,216.74000549316406,221.77999877929688,213.92999267578125,218.83999633789062,3803400,Yahoo Finance SE
2021-05-18,us,SE,SE,206.75,228.11000061035156,203.9600067138672,228.0,9603700,Yahoo Finance SE
2021-05-19,us,SE,SE,219.5,226.67999267578125,218.32000732421875,226.66000366210938,3922700,Yahoo Finance SE
2021-05-20,us,SE,SE,230.74000549316406,246.75,230.58999633789062,246.14999389648438,6234700,Yahoo Finance SE
2021-05-21,us,SE,SE,246.14999389648438,250.25,242.5,246.3300018310547,4539900,Yahoo Finance SE
2021-05-24,us,SE,SE,249.5,259.07000732421875,249.5,254.0,4251200,Yahoo Finance SE
2021-05-25,us,SE,SE,256.7300109863281,258.0,249.3000030517578,249.5399932861328,2027100,Yahoo Finance SE
2021-05-26,us,SE,SE,251.8000030517578,254.27000427246094,245.88999938964844,246.22999572753906,1988500,Yahoo Finance SE
2021-05-27,us,SE,SE,247.99000549316406,261.5,241.4499969482422,260.6199951171875,6829000,Yahoo Finance SE
2021-05-28,us,SE,SE,255.50999450683594,261.3399963378906,252.00999450683594,253.24000549316406,3174800,Yahoo Finance SE
2021-06-01,us,SE,SE,257.70001220703125,262.8900146484375,253.04299926757812,257.5400085449219,2934400,Yahoo Finance SE
2021-06-02,us,SE,SE,256.5299987792969,261.9700012207031,255.83999633789062,258.3500061035156,1507200,Yahoo Finance SE
2021-06-03,us,SE,SE,256.1600036621094,257.6449890136719,248.60499572753906,249.60000610351562,2181400,Yahoo Finance SE
2021-06-04,us,SE,SE,252.0,260.5249938964844,251.60000610351562,256.82000732421875,1953400,Yahoo Finance SE
2021-06-07,us,SE,SE,256.3800048828125,258.0,253.1999969482422,257.32000732421875,1987900,Yahoo Finance SE
2021-06-08,us,SE,SE,260.0,270.0,256.8800048828125,264.1000061035156,3611200,Yahoo Finance SE
2021-06-09,us,SE,SE,265.0,269.7300109863281,262.22601318359375,263.0799865722656,2201900,Yahoo Finance SE
2021-06-10,us,SE,SE,268.5,272.5,266.2099914550781,271.1199951171875,3428900,Yahoo Finance SE
2021-06-11,us,SE,SE,272.0,278.5199890136719,270.17999267578125,277.69000244140625,3048500,Yahoo Finance SE
2021-06-14,us,SE,SE,278.8800048828125,282.760009765625,275.1400146484375,277.07000732421875,2801000,Yahoo Finance SE
2021-06-15,us,SE,SE,280.0,280.0,264.3699951171875,271.19000244140625,2872200,Yahoo Finance SE
2021-06-16,us,SE,SE,270.6700134277344,276.94000244140625,269.1300048828125,274.7799987792969,2350600,Yahoo Finance SE
2021-06-17,us,SE,SE,273.19000244140625,285.3900146484375,273.0,283.239990234375,4189400,Yahoo Finance SE
2021-06-18,us,SE,SE,284.6000061035156,286.6000061035156,280.0,282.489990234375,2529900,Yahoo Finance SE
2021-06-21,us,SE,SE,279.0299987792969,281.79998779296875,272.94000244140625,281.05999755859375,1721600,Yahoo Finance SE
2021-06-22,us,SE,SE,281.0,282.79998779296875,276.0199890136719,280.8699951171875,1666800,Yahoo Finance SE
2021-06-23,us,SE,SE,283.5,286.0,279.6600036621094,280.8800048828125,2797100,Yahoo Finance SE
2021-06-24,us,SE,SE,285.7200012207031,297.75,284.04998779296875,289.4200134277344,4060600,Yahoo Finance SE
2021-06-25,us,SE,SE,290.010009765625,292.6499938964844,282.8500061035156,283.3500061035156,3565600,Yahoo Finance SE
2021-06-28,us,SE,SE,284.5400085449219,287.80999755859375,281.1199951171875,281.1199951171875,2475200,Yahoo Finance SE
2021-06-29,us,SE,SE,282.0,287.3900146484375,276.5090026855469,287.19000244140625,3092200,Yahoo Finance SE
2021-06-30,us,SE,SE,288.0199890136719,289.9800109863281,274.44000244140625,274.6000061035156,4929500,Yahoo Finance SE
2021-07-01,us,SE,SE,274.6000061035156,278.9800109863281,269.7699890136719,272.30999755859375,2946300,Yahoo Finance SE
2021-07-02,us,SE,SE,273.9100036621094,279.6499938964844,273.010009765625,273.70001220703125,1873300,Yahoo Finance SE
2021-07-06,us,SE,SE,275.0,279.2300109863281,271.55999755859375,275.67999267578125,2522900,Yahoo Finance SE
2021-07-07,us,SE,SE,276.25,277.20001220703125,264.3599853515625,267.8599853515625,2792000,Yahoo Finance SE
2021-07-08,us,SE,SE,254.80999755859375,268.5799865722656,253.02999877929688,267.0,3079900,Yahoo Finance SE
2021-07-09,us,SE,SE,268.3800048828125,278.1199951171875,267.9200134277344,275.70001220703125,1969900,Yahoo Finance SE
2021-07-12,us,SE,SE,277.9200134277344,281.45001220703125,272.6000061035156,275.8599853515625,1098900,Yahoo Finance SE
2021-07-13,us,SE,SE,278.7300109863281,286.6000061035156,276.239990234375,280.94000244140625,2129600,Yahoo Finance SE
2021-07-14,us,SE,SE,285.0,288.42498779296875,274.2200012207031,275.5799865722656,1910700,Yahoo Finance SE
2021-07-15,us,SE,SE,272.20001220703125,276.8399963378906,264.9599914550781,268.8299865722656,2111600,Yahoo Finance SE
2021-07-16,us,SE,SE,271.3699951171875,271.8699951171875,264.5199890136719,267.6000061035156,1517600,Yahoo Finance SE
2021-07-19,us,SE,SE,260.1300048828125,274.6700134277344,260.0,272.8399963378906,1842700,Yahoo Finance SE
2021-07-20,us,SE,SE,275.989990234375,282.6000061035156,270.739990234375,279.6400146484375,1946900,Yahoo Finance SE
2021-07-21,us,SE,SE,278.8399963378906,295.5,277.19000244140625,293.9200134277344,2830900,Yahoo Finance SE
2021-07-22,us,SE,SE,293.6600036621094,298.4599914550781,290.1600036621094,293.7900085449219,1914600,Yahoo Finance SE
2021-07-23,us,SE,SE,294.07000732421875,300.0,292.0899963378906,297.6700134277344,2668300,Yahoo Finance SE
2021-07-26,us,SE,SE,294.67999267578125,295.3800048828125,284.82000732421875,289.7200012207031,2393300,Yahoo Finance SE
2021-07-27,us,SE,SE,276.3900146484375,280.29998779296875,255.75100708007812,270.9200134277344,7949000,Yahoo Finance SE
2021-07-28,us,SE,SE,274.0,276.3800048828125,264.9700012207031,275.5400085449219,4302500,Yahoo Finance SE
2021-07-29,us,SE,SE,283.0199890136719,289.44000244140625,281.0,285.010009765625,2419500,Yahoo Finance SE
2021-07-30,us,SE,SE,278.69000244140625,285.9800109863281,273.1099853515625,276.1600036621094,2288500,Yahoo Finance SE
2021-08-02,us,SE,SE,279.7950134277344,286.52301025390625,276.4100036621094,281.2900085449219,1683000,Yahoo Finance SE
2021-08-03,us,SE,SE,282.239990234375,283.2460021972656,277.2349853515625,282.9700012207031,1446000,Yahoo Finance SE
2021-08-04,us,SE,SE,284.89801025390625,293.9700012207031,283.9200134277344,293.510009765625,2653000,Yahoo Finance SE
2021-08-05,us,SE,SE,291.9100036621094,307.489990234375,291.9100036621094,304.0,4667400,Yahoo Finance SE
2021-08-06,us,SE,SE,304.989990234375,304.989990234375,296.5,302.7200012207031,2683400,Yahoo Finance SE
2021-08-09,us,SE,SE,303.2300109863281,311.42999267578125,298.4200134277344,307.1400146484375,2447400,Yahoo Finance SE
2021-08-10,us,SE,SE,308.82000732421875,310.20001220703125,295.8699951171875,296.95001220703125,1893900,Yahoo Finance SE
2021-08-11,us,SE,SE,302.3599853515625,304.989990234375,292.6000061035156,297.0,1599100,Yahoo Finance SE
2021-08-12,us,SE,SE,302.5299987792969,308.531005859375,295.6400146484375,306.239990234375,2291800,Yahoo Finance SE
2021-08-13,us,SE,SE,305.1300048828125,315.0,303.35400390625,306.7099914550781,1887600,Yahoo Finance SE
2021-08-16,us,SE,SE,305.0,305.44000244140625,285.75,290.489990234375,3715800,Yahoo Finance SE
2021-08-17,us,SE,SE,296.0199890136719,317.2550048828125,288.1700134277344,308.2699890136719,7334500,Yahoo Finance SE
2021-08-18,us,SE,SE,311.4100036621094,326.7900085449219,305.5,318.6099853515625,4936300,Yahoo Finance SE
2021-08-19,us,SE,SE,309.95001220703125,328.3500061035156,309.95001220703125,321.1199951171875,5107000,Yahoo Finance SE
2021-08-20,us,SE,SE,316.989990234375,321.989990234375,308.52801513671875,309.3299865722656,4813200,Yahoo Finance SE
2021-08-23,us,SE,SE,311.94000244140625,316.44500732421875,306.2300109863281,315.2300109863281,3229300,Yahoo Finance SE
2021-08-24,us,SE,SE,319.989990234375,321.5299987792969,310.8699951171875,312.0,2272700,Yahoo Finance SE
2021-08-25,us,SE,SE,314.42999267578125,320.7799987792969,312.20001220703125,320.0899963378906,2235800,Yahoo Finance SE
2021-08-26,us,SE,SE,316.2699890136719,322.80499267578125,313.04998779296875,321.7699890136719,2742600,Yahoo Finance SE
2021-08-27,us,SE,SE,319.8500061035156,325.6300048828125,317.0249938964844,321.0299987792969,2903100,Yahoo Finance SE
2021-08-30,us,SE,SE,325.0,337.4989929199219,324.0400085449219,331.82000732421875,3579900,Yahoo Finance SE
2021-08-31,us,SE,SE,338.0,344.7699890136719,330.2699890136719,338.32000732421875,11631800,Yahoo Finance SE
2021-09-01,us,SE,SE,340.0,349.2170104980469,338.989990234375,340.0799865722656,4197700,Yahoo Finance SE
2021-09-02,us,SE,SE,342.9100036621094,343.989990234375,334.239990234375,339.0,2405700,Yahoo Finance SE
2021-09-03,us,SE,SE,338.1499938964844,353.885009765625,337.1300048828125,353.3599853515625,2901600,Yahoo Finance SE
2021-09-07,us,SE,SE,357.5299987792969,359.8399963378906,350.1099853515625,351.0199890136719,3452200,Yahoo Finance SE
2021-09-08,us,SE,SE,348.0,349.18499755859375,342.0299987792969,343.79998779296875,3737700,Yahoo Finance SE
2021-09-09,us,SE,SE,326.489990234375,331.9100036621094,317.30999755859375,322.6000061035156,9807300,Yahoo Finance SE
2021-09-10,us,SE,SE,330.5,337.5400085449219,323.6199951171875,325.5,9690300,Yahoo Finance SE
2021-09-13,us,SE,SE,327.70001220703125,329.7200012207031,315.5299987792969,323.05999755859375,4660100,Yahoo Finance SE
2021-09-14,us,SE,SE,323.69000244140625,334.9100036621094,323.69000244140625,333.54998779296875,3691700,Yahoo Finance SE
2021-09-15,us,SE,SE,336.0,338.44000244140625,330.7049865722656,337.6199951171875,2821800,Yahoo Finance SE
2021-09-16,us,SE,SE,336.1000061035156,343.3500061035156,334.1199951171875,342.9100036621094,3990300,Yahoo Finance SE
2021-09-17,us,SE,SE,345.0,347.44000244140625,334.94000244140625,339.80999755859375,3350700,Yahoo Finance SE
2021-09-20,us,SE,SE,327.4800109863281,335.5,321.19000244140625,329.6199951171875,4893000,Yahoo Finance SE
2021-09-21,us,SE,SE,334.8699951171875,336.4200134277344,328.5,329.3900146484375,2426900,Yahoo Finance SE
2021-09-22,us,SE,SE,329.1099853515625,338.8999938964844,327.3900146484375,337.30999755859375,2057400,Yahoo Finance SE
2021-09-23,us,SE,SE,343.7900085449219,343.8699951171875,336.5299987792969,342.7200012207031,1895900,Yahoo Finance SE
2021-09-24,us,SE,SE,339.0,344.6400146484375,335.510009765625,340.4100036621094,2371900,Yahoo Finance SE
2021-09-27,us,SE,SE,340.6400146484375,340.7799987792969,330.510009765625,336.260009765625,3037700,Yahoo Finance SE
2021-09-28,us,SE,SE,332.29998779296875,332.3800048828125,313.80999755859375,316.7200012207031,4728500,Yahoo Finance SE
2021-09-29,us,SE,SE,320.0,322.8399963378906,311.17999267578125,311.7799987792969,3861800,Yahoo Finance SE
2021-09-30,us,SE,SE,314.7900085449219,324.8999938964844,314.4100036621094,318.7300109863281,3732500,Yahoo Finance SE
2021-10-01,us,SE,SE,313.8800048828125,320.1099853515625,308.55999755859375,319.55999755859375,2424600,Yahoo Finance SE
2021-10-04,us,SE,SE,317.2799987792969,317.95001220703125,308.7799987792969,317.8999938964844,2519300,Yahoo Finance SE
2021-10-05,us,SE,SE,316.5299987792969,324.44000244140625,313.5,320.94000244140625,2601400,Yahoo Finance SE
2021-10-06,us,SE,SE,316.1099853515625,321.0,312.510009765625,315.3399963378906,2000000,Yahoo Finance SE
2021-10-07,us,SE,SE,322.92999267578125,332.3999938964844,322.5249938964844,324.25,2526500,Yahoo Finance SE
2021-10-08,us,SE,SE,329.79998779296875,332.55999755859375,322.0,323.2799987792969,1775500,Yahoo Finance SE
2021-10-11,us,SE,SE,320.0,326.25,315.5799865722656,316.07000732421875,1304300,Yahoo Finance SE
2021-10-12,us,SE,SE,319.70001220703125,330.0199890136719,315.5799865722656,324.8999938964844,2094000,Yahoo Finance SE
2021-10-13,us,SE,SE,325.1000061035156,351.67999267578125,324.4949951171875,349.3500061035156,5903800,Yahoo Finance SE
2021-10-14,us,SE,SE,354.1199951171875,354.6499938964844,344.8800048828125,345.3699951171875,3050300,Yahoo Finance SE
2021-10-15,us,SE,SE,348.8299865722656,357.4800109863281,347.1099853515625,354.5,2603700,Yahoo Finance SE
2021-10-18,us,SE,SE,353.75,361.6300048828125,352.2300109863281,357.0899963378906,2197300,Yahoo Finance SE
2021-10-19,us,SE,SE,360.69000244140625,372.70001220703125,360.5199890136719,366.989990234375,2570400,Yahoo Finance SE
2021-10-20,us,SE,SE,370.0,371.6400146484375,356.5799865722656,360.6000061035156,2258300,Yahoo Finance SE
2021-10-21,us,SE,SE,361.0,367.42999267578125,359.8800048828125,363.29998779296875,1468100,Yahoo Finance SE
2021-10-22,us,SE,SE,362.79998779296875,364.8699951171875,352.1300048828125,355.29998779296875,3093700,Yahoo Finance SE
2021-10-25,us,SE,SE,354.5899963378906,354.9200134277344,335.44000244140625,348.32000732421875,4415700,Yahoo Finance SE
2021-10-26,us,SE,SE,354.010009765625,354.92999267578125,335.7200012207031,343.57000732421875,2562100,Yahoo Finance SE
2021-10-27,us,SE,SE,343.9100036621094,349.1499938964844,338.0,340.1700134277344,2116100,Yahoo Finance SE
2021-10-28,us,SE,SE,347.7699890136719,353.2200012207031,341.2650146484375,352.7300109863281,2760700,Yahoo Finance SE
2021-10-29,us,SE,SE,349.32501220703125,349.32501220703125,340.9849853515625,343.57000732421875,2518300,Yahoo Finance SE
2021-11-01,us,SE,SE,345.0199890136719,354.8900146484375,342.739990234375,354.0400085449219,3183100,Yahoo Finance SE
2021-11-02,us,SE,SE,354.0,361.1400146484375,353.9049987792969,360.2300109863281,1993600,Yahoo Finance SE
2021-11-03,us,SE,SE,362.0,366.32000732421875,351.18499755859375,353.6600036621094,1549300,Yahoo Finance SE
2021-11-04,us,SE,SE,357.0,361.2200012207031,350.4119873046875,356.95001220703125,2000800,Yahoo Finance SE
2021-11-05,us,SE,SE,360.2799987792969,361.5,355.0,357.7799987792969,2164800,Yahoo Finance SE
2021-11-08,us,SE,SE,358.4100036621094,363.80999755859375,338.7300109863281,344.0899963378906,3463300,Yahoo Finance SE
2021-11-09,us,SE,SE,348.8999938964844,349.9200134277344,338.1300048828125,340.9100036621094,3446000,Yahoo Finance SE
2021-11-10,us,SE,SE,338.8999938964844,343.3800048828125,330.5400085449219,335.29998779296875,2970400,Yahoo Finance SE
2021-11-11,us,SE,SE,337.75,339.95001220703125,330.19000244140625,333.29998779296875,2864700,Yahoo Finance SE
2021-11-12,us,SE,SE,340.0,344.57000732421875,333.0,341.2900085449219,2890500,Yahoo Finance SE
2021-11-15,us,SE,SE,345.0,354.0,337.0,343.0199890136719,3623600,Yahoo Finance SE
2021-11-16,us,SE,SE,350.29998779296875,355.989990234375,323.0,329.9100036621094,8403800,Yahoo Finance SE
2021-11-17,us,SE,SE,323.2099914550781,324.0,296.2900085449219,314.4100036621094,10798000,Yahoo Finance SE
2021-11-18,us,SE,SE,316.0,320.1369934082031,306.93499755859375,310.739990234375,4001100,Yahoo Finance SE
2021-11-19,us,SE,SE,311.4700012207031,317.3030090332031,307.760009765625,309.989990234375,3409000,Yahoo Finance SE
2021-11-22,us,SE,SE,309.0,312.8299865722656,291.0,299.1300048828125,7042800,Yahoo Finance SE
2021-11-23,us,SE,SE,295.0,297.6700134277344,272.5799865722656,287.5199890136719,9759800,Yahoo Finance SE
2021-11-24,us,SE,SE,282.6000061035156,292.9100036621094,278.44000244140625,289.5899963378906,5139500,Yahoo Finance SE
2021-11-26,us,SE,SE,290.0,301.0400085449219,289.510009765625,296.82000732421875,3854100,Yahoo Finance SE
2021-11-29,us,SE,SE,302.6700134277344,307.8599853515625,289.6000061035156,297.9599914550781,4505900,Yahoo Finance SE
2021-11-30,us,SE,SE,295.0,301.3500061035156,281.5299987792969,288.07000732421875,15548700,Yahoo Finance SE
2021-12-01,us,SE,SE,287.3800048828125,294.0,260.3900146484375,261.80999755859375,8561500,Yahoo Finance SE
2021-12-02,us,SE,SE,261.989990234375,265.989990234375,251.94900512695312,261.1099853515625,7260100,Yahoo Finance SE
2021-12-03,us,SE,SE,256.2099914550781,256.7099914550781,242.64999389648438,253.44000244140625,7002300,Yahoo Finance SE
2021-12-06,us,SE,SE,248.44000244140625,251.6999969482422,235.52999877929688,246.8699951171875,6118000,Yahoo Finance SE
2021-12-07,us,SE,SE,257.0,263.42999267578125,248.52999877929688,252.13999938964844,5365000,Yahoo Finance SE
2021-12-08,us,SE,SE,256.0400085449219,265.30999755859375,249.39999389648438,263.010009765625,4597500,Yahoo Finance SE
2021-12-09,us,SE,SE,263.5,267.5799865722656,250.0,254.8000030517578,3864100,Yahoo Finance SE
2021-12-10,us,SE,SE,252.3699951171875,256.79998779296875,233.25999450683594,237.94000244140625,7211800,Yahoo Finance SE
2021-12-13,us,SE,SE,232.22000122070312,241.22000122070312,226.6199951171875,231.0399932861328,5824600,Yahoo Finance SE
2021-12-14,us,SE,SE,224.0800018310547,226.2899932861328,218.88999938964844,224.72000122070312,5052600,Yahoo Finance SE
2021-12-15,us,SE,SE,224.3300018310547,228.60000610351562,213.10000610351562,226.5,6105100,Yahoo Finance SE
2021-12-16,us,SE,SE,232.0,232.58999633789062,207.49000549316406,214.52000427246094,6116200,Yahoo Finance SE
2021-12-17,us,SE,SE,206.52000427246094,214.1699981689453,201.1300048828125,212.8000030517578,9214400,Yahoo Finance SE
2021-12-20,us,SE,SE,205.0,210.24000549316406,202.5800018310547,205.67999267578125,4708700,Yahoo Finance SE
2021-12-21,us,SE,SE,211.41000366210938,228.7899932861328,210.58999633789062,227.92999267578125,7464300,Yahoo Finance SE
2021-12-22,us,SE,SE,224.22000122070312,228.0,219.00999450683594,222.8800048828125,3411200,Yahoo Finance SE
2021-12-23,us,SE,SE,222.10000610351562,224.67999267578125,215.55999755859375,222.0500030517578,2625000,Yahoo Finance SE
2021-12-27,us,SE,SE,224.5800018310547,226.4600067138672,217.50999450683594,219.60000610351562,2376800,Yahoo Finance SE
2021-12-28,us,SE,SE,219.1699981689453,223.3800048828125,216.27000427246094,216.88999938964844,2569200,Yahoo Finance SE
2021-12-29,us,SE,SE,216.00999450683594,217.39500427246094,210.86000061035156,213.91000366210938,1927900,Yahoo Finance SE
2021-12-30,us,SE,SE,214.39999389648438,227.5850067138672,214.39999389648438,224.30999755859375,3791500,Yahoo Finance SE
2021-12-31,us,SE,SE,224.0,227.42999267578125,219.58999633789062,223.7100067138672,2366400,Yahoo Finance SE
2022-01-03,us,SE,SE,230.7100067138672,231.2100067138672,217.5500030517578,223.30999755859375,3547100,Yahoo Finance SE
2022-01-04,us,SE,SE,206.1999969482422,207.07000732421875,194.0,197.83999633789062,19429000,Yahoo Finance SE
2022-01-05,us,SE,SE,190.32000732421875,198.9499969482422,179.7209930419922,184.72000122070312,17390500,Yahoo Finance SE
2022-01-06,us,SE,SE,183.5,195.8000030517578,177.97000122070312,192.75999450683594,11285300,Yahoo Finance SE
2022-01-07,us,SE,SE,193.25,198.22000122070312,186.74000549316406,187.10000610351562,7099300,Yahoo Finance SE
2022-01-10,us,SE,SE,183.8000030517578,187.97000122070312,168.0,187.10000610351562,11987200,Yahoo Finance SE
2022-01-11,us,SE,SE,187.1699981689453,203.55999755859375,186.0,197.86000061035156,8474400,Yahoo Finance SE
2022-01-12,us,SE,SE,203.2899932861328,206.3800048828125,195.66000366210938,200.60000610351562,6952500,Yahoo Finance SE
2022-01-13,us,SE,SE,200.49000549316406,200.64999389648438,180.0,180.5500030517578,7645700,Yahoo Finance SE
2022-01-14,us,SE,SE,179.57000732421875,183.71400451660156,170.02999877929688,175.02999877929688,7680500,Yahoo Finance SE
2022-01-18,us,SE,SE,173.0,177.14500427246094,166.3000030517578,170.47999572753906,9450300,Yahoo Finance SE
2022-01-19,us,SE,SE,169.0800018310547,174.3800048828125,166.83999633789062,167.8300018310547,6110900,Yahoo Finance SE
2022-01-20,us,SE,SE,172.0,180.61000061035156,169.52999877929688,170.05999755859375,6380600,Yahoo Finance SE
2022-01-21,us,SE,SE,169.27000427246094,169.677001953125,153.2100067138672,154.41000366210938,11606500,Yahoo Finance SE
2022-01-24,us,SE,SE,146.10000610351562,149.7899932861328,132.0,149.32000732421875,18213500,Yahoo Finance SE
2022-01-25,us,SE,SE,143.47000122070312,149.33999633789062,139.25,144.9199981689453,9002200,Yahoo Finance SE
2022-01-26,us,SE,SE,149.7899932861328,151.66000366210938,133.1540069580078,135.61000061035156,10477900,Yahoo Finance SE
2022-01-27,us,SE,SE,137.0,140.8000030517578,127.91000366210938,128.27999877929688,11022200,Yahoo Finance SE
2022-01-28,us,SE,SE,125.3499984741211,137.22999572753906,119.41000366210938,136.6199951171875,15076500,Yahoo Finance SE
2022-01-31,us,SE,SE,139.47999572753906,151.69000244140625,137.1999969482422,150.30999755859375,9621600,Yahoo Finance SE
2022-02-01,us,SE,SE,152.24000549316406,159.2100067138672,148.60000610351562,158.94000244140625,7308600,Yahoo Finance SE
2022-02-02,us,SE,SE,157.52999877929688,160.0,144.35000610351562,147.44000244140625,6923200,Yahoo Finance SE
2022-02-03,us,SE,SE,143.60000610351562,150.32000732421875,140.35699462890625,145.0399932861328,9381900,Yahoo Finance SE
2022-02-04,us,SE,SE,146.99000549316406,156.06500244140625,143.13499450683594,155.02000427246094,6176900,Yahoo Finance SE
2022-02-07,us,SE,SE,152.00999450683594,159.5800018310547,151.80999755859375,156.1199951171875,8302500,Yahoo Finance SE
2022-02-08,us,SE,SE,155.25,164.24000549316406,153.52999877929688,162.50999450683594,7272100,Yahoo Finance SE
2022-02-09,us,SE,SE,163.0,174.0,163.0,173.9499969482422,8629800,Yahoo Finance SE
2022-02-10,us,SE,SE,167.1999969482422,175.36000061035156,164.25,164.66000366210938,7502500,Yahoo Finance SE
2022-02-11,us,SE,SE,160.8000030517578,164.13099670410156,155.75999450683594,158.27999877929688,5256600,Yahoo Finance SE
2022-02-14,us,SE,SE,139.08999633789062,139.6999969482422,127.08000183105469,129.1699981689453,28413100,Yahoo Finance SE
2022-02-15,us,SE,SE,134.00999450683594,149.8000030517578,133.27000427246094,149.5500030517578,16847600,Yahoo Finance SE
2022-02-16,us,SE,SE,146.75,146.97999572753906,138.77000427246094,141.5800018310547,8266700,Yahoo Finance SE
2022-02-17,us,SE,SE,140.0,144.2779998779297,136.47999572753906,137.64999389648438,5541500,Yahoo Finance SE
2022-02-18,us,SE,SE,138.3800048828125,138.47999572753906,125.05999755859375,127.69000244140625,9776200,Yahoo Finance SE
2022-02-22,us,SE,SE,125.5999984741211,133.74000549316406,124.91699981689453,125.72000122070312,9012200,Yahoo Finance SE
2022-02-23,us,SE,SE,125.7300033569336,128.5800018310547,120.25,120.5199966430664,8054400,Yahoo Finance SE
2022-02-24,us,SE,SE,114.93000030517578,124.58000183105469,111.5,122.75,11055800,Yahoo Finance SE
2022-02-25,us,SE,SE,126.11000061035156,138.77099609375,125.80000305175781,137.4600067138672,13409000,Yahoo Finance SE
2022-02-28,us,SE,SE,140.97000122070312,150.97999572753906,140.38999938964844,145.60000610351562,39154000,Yahoo Finance SE
2022-03-01,us,SE,SE,131.99000549316406,137.1999969482422,124.30000305175781,126.5,17505800,Yahoo Finance SE
2022-03-02,us,SE,SE,125.13999938964844,125.48999786376953,116.12000274658203,117.75,12799600,Yahoo Finance SE
2022-03-03,us,SE,SE,120.79000091552734,121.29900360107422,108.81999969482422,110.04000091552734,10424400,Yahoo Finance SE
2022-03-04,us,SE,SE,105.33999633789062,107.7699966430664,96.19000244140625,97.44000244140625,17393200,Yahoo Finance SE
2022-03-07,us,SE,SE,95.76000213623047,96.04000091552734,89.05000305175781,89.98999786376953,15459400,Yahoo Finance SE
2022-03-08,us,SE,SE,89.37000274658203,97.0,86.3499984741211,91.52999877929688,11630300,Yahoo Finance SE
2022-03-09,us,SE,SE,98.4000015258789,104.25499725341797,97.6500015258789,99.0,8713400,Yahoo Finance SE
2022-03-10,us,SE,SE,96.19000244140625,99.70999908447266,89.63999938964844,98.94999694824219,9083000,Yahoo Finance SE
2022-03-11,us,SE,SE,100.5,102.2300033569336,90.44000244140625,91.04000091552734,7583200,Yahoo Finance SE
2022-03-14,us,SE,SE,88.95999908447266,94.11000061035156,86.79000091552734,87.77999877929688,8433400,Yahoo Finance SE
2022-03-15,us,SE,SE,85.3499984741211,93.83000183105469,85.01000213623047,93.7699966430664,10171700,Yahoo Finance SE
2022-03-16,us,SE,SE,106.0999984741211,112.1500015258789,102.19999694824219,111.36000061035156,15234300,Yahoo Finance SE
2022-03-17,us,SE,SE,108.87999725341797,114.63999938964844,105.36000061035156,114.2300033569336,7132400,Yahoo Finance SE
2022-03-18,us,SE,SE,116.01000213623047,124.66000366210938,114.30899810791016,122.54000091552734,10544500,Yahoo Finance SE
2022-03-21,us,SE,SE,119.06999969482422,120.98999786376953,111.53900146484375,114.2300033569336,7514200,Yahoo Finance SE
2022-03-22,us,SE,SE,118.80000305175781,127.5,115.22000122070312,124.5,7786100,Yahoo Finance SE
2022-03-23,us,SE,SE,122.58999633789062,131.3699951171875,121.41000366210938,126.81999969482422,6428700,Yahoo Finance SE
2022-03-24,us,SE,SE,128.47999572753906,128.50999450683594,117.55000305175781,123.31999969482422,7330800,Yahoo Finance SE
2022-03-25,us,SE,SE,121.22000122070312,122.80000305175781,113.6500015258789,116.12000274658203,4890400,Yahoo Finance SE
2022-03-28,us,SE,SE,111.91000366210938,117.95999908447266,109.66999816894531,116.9800033569336,10356000,Yahoo Finance SE
2022-03-29,us,SE,SE,122.23999786376953,129.47799682617188,120.18000030517578,127.36000061035156,8084100,Yahoo Finance SE
2022-03-30,us,SE,SE,127.9800033569336,131.39999389648438,121.63500213623047,123.44000244140625,6768100,Yahoo Finance SE
2022-03-31,us,SE,SE,123.19999694824219,123.49400329589844,115.16000366210938,119.79000091552734,6527100,Yahoo Finance SE
2022-04-01,us,SE,SE,120.98999786376953,123.61900329589844,115.87999725341797,121.0999984741211,5216600,Yahoo Finance SE
2022-04-04,us,SE,SE,126.0,136.42999267578125,125.05999755859375,132.72000122070312,7806800,Yahoo Finance SE
2022-04-05,us,SE,SE,131.3699951171875,132.63999938964844,124.04000091552734,124.86000061035156,5568300,Yahoo Finance SE
2022-04-06,us,SE,SE,122.88999938964844,122.9000015258789,115.66999816894531,120.7699966430664,4609000,Yahoo Finance SE
2022-04-07,us,SE,SE,119.30999755859375,121.98999786376953,113.18000030517578,116.25,5106000,Yahoo Finance SE
2022-04-08,us,SE,SE,116.0,117.3499984741211,112.95500183105469,114.41999816894531,4714800,Yahoo Finance SE
2022-04-11,us,SE,SE,113.80000305175781,115.37000274658203,108.30000305175781,113.93000030517578,5168200,Yahoo Finance SE
2022-04-12,us,SE,SE,114.91000366210938,118.48999786376953,108.02999877929688,108.80000305175781,5328600,Yahoo Finance SE
2022-04-13,us,SE,SE,109.54000091552734,116.5999984741211,107.5,113.16999816894531,4338200,Yahoo Finance SE
2022-04-14,us,SE,SE,111.63999938964844,113.12999725341797,106.6500015258789,108.58000183105469,4317800,Yahoo Finance SE
2022-04-18,us,SE,SE,107.26000213623047,107.66999816894531,101.83499908447266,104.02999877929688,4014700,Yahoo Finance SE
2022-04-19,us,SE,SE,102.45999908447266,108.83499908447266,101.01000213623047,107.52999877929688,3527200,Yahoo Finance SE
2022-04-20,us,SE,SE,106.80000305175781,107.5999984741211,99.18000030517578,100.16999816894531,4604800,Yahoo Finance SE
2022-04-21,us,SE,SE,100.61000061035156,102.25,90.30999755859375,91.22000122070312,7378800,Yahoo Finance SE
2022-04-22,us,SE,SE,92.63999938964844,95.79000091552734,87.19999694824219,87.62000274658203,8016600,Yahoo Finance SE
2022-04-25,us,SE,SE,85.5,90.41999816894531,84.02999877929688,89.5199966430664,6844400,Yahoo Finance SE
2022-04-26,us,SE,SE,88.5,89.01000213623047,83.1500015258789,83.30999755859375,4762000,Yahoo Finance SE
2022-04-27,us,SE,SE,82.9800033569336,86.3499984741211,80.87999725341797,82.5199966430664,4594800,Yahoo Finance SE
2022-04-28,us,SE,SE,82.52999877929688,86.08000183105469,79.66999816894531,84.69999694824219,4754700,Yahoo Finance SE
2022-04-29,us,SE,SE,88.29000091552734,92.18000030517578,82.44999694824219,82.76000213623047,7659500,Yahoo Finance SE
2022-05-02,us,SE,SE,80.27999877929688,88.86000061035156,80.12999725341797,88.69000244140625,4875400,Yahoo Finance SE
2022-05-03,us,SE,SE,86.12999725341797,90.02999877929688,85.47599792480469,87.58999633789062,3294400,Yahoo Finance SE
2022-05-04,us,SE,SE,86.04000091552734,90.37999725341797,81.5,90.16999816894531,5380700,Yahoo Finance SE
2022-05-05,us,SE,SE,87.41999816894531,87.58999633789062,79.75,81.91000366210938,7219000,Yahoo Finance SE
2022-05-06,us,SE,SE,81.41000366210938,81.9000015258789,74.0,76.19999694824219,9516700,Yahoo Finance SE
2022-05-09,us,SE,SE,72.75,72.75900268554688,62.529998779296875,64.62000274658203,17459100,Yahoo Finance SE
2022-05-10,us,SE,SE,66.5199966430664,68.75,62.0,64.18000030517578,10371500,Yahoo Finance SE
2022-05-11,us,SE,SE,63.5,64.8499984741211,56.689998626708984,57.11000061035156,14385100,Yahoo Finance SE
2022-05-12,us,SE,SE,56.40999984741211,64.19000244140625,54.060001373291016,61.45000076293945,15848600,Yahoo Finance SE
2022-05-13,us,SE,SE,64.66000366210938,76.0,64.4800033569336,75.4000015258789,17415500,Yahoo Finance SE
2022-05-16,us,SE,SE,72.19999694824219,75.33000183105469,69.33000183105469,70.33000183105469,10943500,Yahoo Finance SE
2022-05-17,us,SE,SE,79.30000305175781,83.20999908447266,75.0,80.20999908447266,21749200,Yahoo Finance SE
2022-05-18,us,SE,SE,78.29000091552734,79.55000305175781,73.27200317382812,74.19999694824219,8861300,Yahoo Finance SE
2022-05-19,us,SE,SE,73.94000244140625,79.26000213623047,72.7030029296875,76.88999938964844,9149900,Yahoo Finance SE
2022-05-20,us,SE,SE,78.8550033569336,82.45999908447266,75.3499984741211,79.66000366210938,11188200,Yahoo Finance SE
2022-05-23,us,SE,SE,78.94999694824219,80.37999725341797,76.11000061035156,77.25,6959500,Yahoo Finance SE
2022-05-24,us,SE,SE,75.16999816894531,75.5,70.61000061035156,71.33999633789062,5974500,Yahoo Finance SE
2022-05-25,us,SE,SE,72.69999694824219,77.77100372314453,71.91000366210938,75.70999908447266,8538400,Yahoo Finance SE
2022-05-26,us,SE,SE,75.47000122070312,80.80000305175781,74.4800033569336,79.55000305175781,5817800,Yahoo Finance SE
2022-05-27,us,SE,SE,80.75,84.2300033569336,80.4000015258789,82.86000061035156,6388300,Yahoo Finance SE
2022-05-31,us,SE,SE,87.0199966430664,89.73999786376953,81.33499908447266,82.66000366210938,12952100,Yahoo Finance SE
2022-06-01,us,SE,SE,82.86000061035156,83.94999694824219,77.6500015258789,79.75,6358900,Yahoo Finance SE
2022-06-02,us,SE,SE,78.83999633789062,84.16999816894531,78.7699966430664,83.04000091552734,5813900,Yahoo Finance SE
2022-06-03,us,SE,SE,80.7300033569336,82.1969985961914,78.30999755859375,78.76000213623047,4655300,Yahoo Finance SE
2022-06-06,us,SE,SE,81.8499984741211,85.19999694824219,80.51000213623047,81.25,5123500,Yahoo Finance SE
2022-06-07,us,SE,SE,80.79000091552734,87.23999786376953,80.12000274658203,86.27999877929688,7766000,Yahoo Finance SE
2022-06-08,us,SE,SE,87.61000061035156,89.91999816894531,87.31999969482422,88.80999755859375,9086200,Yahoo Finance SE
2022-06-09,us,SE,SE,86.1500015258789,86.54000091552734,81.81999969482422,82.18000030517578,6289400,Yahoo Finance SE
2022-06-10,us,SE,SE,79.81999969482422,80.98999786376953,74.47000122070312,76.27999877929688,5871700,Yahoo Finance SE
2022-06-13,us,SE,SE,71.88999938964844,73.80000305175781,69.2699966430664,70.62000274658203,7135500,Yahoo Finance SE
2022-06-14,us,SE,SE,71.0,73.73999786376953,68.75,70.94999694824219,5834900,Yahoo Finance SE
2022-06-15,us,SE,SE,71.75,77.45999908447266,71.5199966430664,75.68000030517578,5291300,Yahoo Finance SE
2022-06-16,us,SE,SE,69.93000030517578,72.87000274658203,67.9800033569336,69.02999877929688,5841700,Yahoo Finance SE
2022-06-17,us,SE,SE,70.55999755859375,72.21499633789062,67.9000015258789,70.19999694824219,6543800,Yahoo Finance SE
2022-06-21,us,SE,SE,72.05000305175781,75.77999877929688,71.66000366210938,72.87000274658203,4912100,Yahoo Finance SE
2022-06-22,us,SE,SE,69.98999786376953,73.19000244140625,69.6709976196289,71.27999877929688,3458900,Yahoo Finance SE
2022-06-23,us,SE,SE,71.69000244140625,78.78500366210938,69.87999725341797,78.19999694824219,6669300,Yahoo Finance SE
2022-06-24,us,SE,SE,79.80999755859375,81.12000274658203,77.66000366210938,80.47000122070312,5922300,Yahoo Finance SE
2022-06-27,us,SE,SE,81.4000015258789,81.80999755859375,74.06999969482422,75.05000305175781,5999800,Yahoo Finance SE
2022-06-28,us,SE,SE,76.19999694824219,78.08999633789062,71.40499877929688,71.88999938964844,4774100,Yahoo Finance SE
2022-06-29,us,SE,SE,71.12999725341797,71.2300033569336,68.12999725341797,68.9000015258789,5465400,Yahoo Finance SE
2022-06-30,us,SE,SE,68.27999877929688,68.27999877929688,65.20999908447266,66.86000061035156,6131200,Yahoo Finance SE
2022-07-01,us,SE,SE,66.61000061035156,70.77999877929688,66.31999969482422,69.05999755859375,4593100,Yahoo Finance SE
2022-07-05,us,SE,SE,67.56500244140625,76.25,66.19000244140625,75.33999633789062,5848300,Yahoo Finance SE
2022-07-06,us,SE,SE,74.2699966430664,75.79000091552734,71.66999816894531,73.7300033569336,4633800,Yahoo Finance SE
2022-07-07,us,SE,SE,75.0,77.30999755859375,73.9000015258789,76.5,5210700,Yahoo Finance SE
2022-07-08,us,SE,SE,75.36000061035156,79.54000091552734,74.5,77.5199966430664,5041900,Yahoo Finance SE
2022-07-11,us,SE,SE,75.98999786376953,76.0,71.5,72.70999908447266,4017900,Yahoo Finance SE
2022-07-12,us,SE,SE,72.7699966430664,74.11000061035156,70.23899841308594,72.51000213623047,2563500,Yahoo Finance SE
2022-07-13,us,SE,SE,68.94999694824219,73.25499725341797,68.5199966430664,71.11000061035156,4661900,Yahoo Finance SE
2022-07-14,us,SE,SE,69.97000122070312,70.08999633789062,67.26000213623047,67.77999877929688,3979300,Yahoo Finance SE
2022-07-15,us,SE,SE,68.80000305175781,69.33000183105469,66.5199966430664,69.1500015258789,2819700,Yahoo Finance SE
2022-07-18,us,SE,SE,71.38999938964844,72.69999694824219,68.87000274658203,69.25,4908000,Yahoo Finance SE
2022-07-19,us,SE,SE,71.7300033569336,76.02999877929688,70.7300033569336,75.3499984741211,6820700,Yahoo Finance SE
2022-07-20,us,SE,SE,73.70999908447266,78.81999969482422,72.55999755859375,78.5199966430664,7250600,Yahoo Finance SE
2022-07-21,us,SE,SE,78.0,84.48999786376953,77.79000091552734,83.38999938964844,7400800,Yahoo Finance SE
2022-07-22,us,SE,SE,82.5,82.5,75.69000244140625,77.31999969482422,4662100,Yahoo Finance SE
2022-07-25,us,SE,SE,77.54000091552734,77.54499816894531,74.2300033569336,75.13999938964844,3303400,Yahoo Finance SE
2022-07-26,us,SE,SE,74.0,74.0,71.27999877929688,71.81999969482422,3901100,Yahoo Finance SE
2022-07-27,us,SE,SE,73.80000305175781,77.38999938964844,72.97000122070312,76.91999816894531,4968200,Yahoo Finance SE
2022-07-28,us,SE,SE,75.87999725341797,78.5,74.33300018310547,76.77999877929688,3845600,Yahoo Finance SE
2022-07-29,us,SE,SE,76.77999877929688,78.6510009765625,75.33000183105469,76.31999969482422,4394200,Yahoo Finance SE
2022-08-01,us,SE,SE,75.30999755859375,78.69000244140625,74.1050033569336,77.23999786376953,4418300,Yahoo Finance SE
2022-08-02,us,SE,SE,74.93000030517578,80.2699966430664,74.69999694824219,79.48999786376953,3687700,Yahoo Finance SE
2022-08-03,us,SE,SE,81.0,84.73999786376953,80.73500061035156,84.01000213623047,4630200,Yahoo Finance SE
2022-08-04,us,SE,SE,86.55000305175781,88.30000305175781,84.02200317382812,86.95999908447266,5966500,Yahoo Finance SE
2022-08-05,us,SE,SE,84.62999725341797,89.55000305175781,83.9000015258789,87.56999969482422,5129200,Yahoo Finance SE
2022-08-08,us,SE,SE,88.08000183105469,89.62999725341797,84.80000305175781,85.54000091552734,5828400,Yahoo Finance SE
2022-08-09,us,SE,SE,84.51000213623047,85.4000015258789,82.06999969482422,83.52999877929688,3492700,Yahoo Finance SE
2022-08-10,us,SE,SE,86.98999786376953,87.9000015258789,84.5,87.27999877929688,4453700,Yahoo Finance SE
2022-08-11,us,SE,SE,89.44999694824219,93.69999694824219,87.95999908447266,88.58000183105469,6766300,Yahoo Finance SE
2022-08-12,us,SE,SE,88.55000305175781,89.0199966430664,86.26000213623047,88.70999908447266,5269400,Yahoo Finance SE
2022-08-15,us,SE,SE,88.83999633789062,92.3499984741211,86.69100189208984,89.97000122070312,6851700,Yahoo Finance SE
2022-08-16,us,SE,SE,87.0,87.5,75.72000122070312,77.43000030517578,25583000,Yahoo Finance SE
2022-08-17,us,SE,SE,74.9000015258789,75.1500015258789,69.5,72.48999786376953,21892300,Yahoo Finance SE
2022-08-18,us,SE,SE,72.04000091552734,72.29000091552734,67.7699966430664,70.0,14365800,Yahoo Finance SE
2022-08-19,us,SE,SE,68.25,69.69999694824219,66.52999877929688,67.66999816894531,11230100,Yahoo Finance SE
2022-08-22,us,SE,SE,65.8499984741211,66.2300033569336,64.04000091552734,64.30000305175781,8489000,Yahoo Finance SE
2022-08-23,us,SE,SE,63.09000015258789,64.56999969482422,62.25,63.380001068115234,8325800,Yahoo Finance SE
2022-08-24,us,SE,SE,62.63999938964844,67.27200317382812,62.150001525878906,64.63999938964844,8152900,Yahoo Finance SE
2022-08-25,us,SE,SE,67.81999969482422,68.0,65.04000091552734,67.48999786376953,5432100,Yahoo Finance SE
2022-08-26,us,SE,SE,68.27999877929688,68.55000305175781,62.91999816894531,63.81999969482422,6842400,Yahoo Finance SE
2022-08-29,us,SE,SE,62.18000030517578,64.21499633789062,61.33000183105469,61.34000015258789,7805800,Yahoo Finance SE
2022-08-30,us,SE,SE,62.75,63.45000076293945,60.52000045776367,62.34000015258789,5707100,Yahoo Finance SE
2022-08-31,us,SE,SE,62.0099983215332,64.33000183105469,61.20000076293945,62.0,5293300,Yahoo Finance SE
2022-09-01,us,SE,SE,60.709999084472656,61.56999969482422,58.645999908447266,61.31999969482422,5835700,Yahoo Finance SE
2022-09-02,us,SE,SE,61.5,61.88999938964844,59.20000076293945,59.93000030517578,4215900,Yahoo Finance SE
2022-09-06,us,SE,SE,58.25,59.2400016784668,56.970001220703125,58.41999816894531,5845200,Yahoo Finance SE
2022-09-07,us,SE,SE,56.970001220703125,59.15999984741211,55.7599983215332,58.83000183105469,5901800,Yahoo Finance SE
2022-09-08,us,SE,SE,57.06999969482422,60.130001068115234,57.029998779296875,59.36000061035156,5061500,Yahoo Finance SE
2022-09-09,us,SE,SE,61.7400016784668,64.20999908447266,61.2599983215332,63.470001220703125,7175000,Yahoo Finance SE
2022-09-12,us,SE,SE,64.0,66.46499633789062,63.72999954223633,66.43000030517578,4756200,Yahoo Finance SE
2022-09-13,us,SE,SE,62.75,64.16000366210938,62.0,63.04999923706055,5116400,Yahoo Finance SE
2022-09-14,us,SE,SE,61.75,62.91999816894531,60.709999084472656,62.880001068115234,2788700,Yahoo Finance SE
2022-09-15,us,SE,SE,61.650001525878906,63.0,60.18000030517578,60.77000045776367,4874900,Yahoo Finance SE
2022-09-16,us,SE,SE,58.22999954223633,59.08000183105469,57.720001220703125,59.0099983215332,6450200,Yahoo Finance SE
2022-09-19,us,SE,SE,57.279998779296875,59.7599983215332,56.86000061035156,59.75,3597700,Yahoo Finance SE
2022-09-20,us,SE,SE,58.650001525878906,59.529998779296875,57.20000076293945,57.439998626708984,4472400,Yahoo Finance SE
2022-09-21,us,SE,SE,56.88999938964844,59.20000076293945,56.560001373291016,57.040000915527344,4269100,Yahoo Finance SE
2022-09-22,us,SE,SE,56.40999984741211,57.2599983215332,54.279998779296875,54.97999954223633,6418800,Yahoo Finance SE
2022-09-23,us,SE,SE,52.72999954223633,53.86000061035156,52.380001068115234,53.810001373291016,7186700,Yahoo Finance SE
2022-09-26,us,SE,SE,53.290000915527344,55.20000076293945,53.290000915527344,53.970001220703125,5040000,Yahoo Finance SE
2022-09-27,us,SE,SE,55.11000061035156,57.20000076293945,53.95000076293945,54.599998474121094,5054300,Yahoo Finance SE
2022-09-28,us,SE,SE,53.26499938964844,55.810001373291016,53.0,55.75,6029300,Yahoo Finance SE
2022-09-29,us,SE,SE,54.310001373291016,55.20000076293945,53.0099983215332,53.630001068115234,6923800,Yahoo Finance SE
2022-09-30,us,SE,SE,53.79999923706055,56.7400016784668,53.529998779296875,56.04999923706055,6579600,Yahoo Finance SE
2022-10-03,us,SE,SE,55.345001220703125,56.0,53.29999923706055,55.290000915527344,6913800,Yahoo Finance SE
2022-10-04,us,SE,SE,56.959999084472656,60.869998931884766,56.959999084472656,60.66999816894531,6169700,Yahoo Finance SE
2022-10-05,us,SE,SE,60.0,60.880001068115234,58.14500045776367,60.5,3836200,Yahoo Finance SE
2022-10-06,us,SE,SE,59.849998474121094,62.560001373291016,59.849998474121094,61.91999816894531,4227800,Yahoo Finance SE
2022-10-07,us,SE,SE,60.119998931884766,61.20000076293945,59.529998779296875,60.04999923706055,5268900,Yahoo Finance SE
2022-10-10,us,SE,SE,58.810001373291016,59.619998931884766,57.56999969482422,59.20000076293945,4902600,Yahoo Finance SE
2022-10-11,us,SE,SE,58.439998626708984,59.18000030517578,56.02000045776367,57.4900016784668,5033800,Yahoo Finance SE
2022-10-12,us,SE,SE,56.40999984741211,57.68000030517578,55.459999084472656,57.36000061035156,5629000,Yahoo Finance SE
2022-10-13,us,SE,SE,53.90999984741211,54.9900016784668,51.38999938964844,54.45000076293945,7408200,Yahoo Finance SE
2022-10-14,us,SE,SE,55.310001373291016,56.20000076293945,50.790000915527344,51.06999969482422,6351200,Yahoo Finance SE
2022-10-17,us,SE,SE,52.27000045776367,55.33000183105469,52.20000076293945,52.93000030517578,5107900,Yahoo Finance SE
2022-10-18,us,SE,SE,55.5,55.619998931884766,53.040000915527344,53.689998626708984,3429800,Yahoo Finance SE
2022-10-19,us,SE,SE,52.43000030517578,52.43000030517578,45.83000183105469,47.91999816894531,9810000,Yahoo Finance SE
2022-10-20,us,SE,SE,48.310001373291016,50.29999923706055,47.1150016784668,47.38999938964844,4657400,Yahoo Finance SE
2022-10-21,us,SE,SE,45.79999923706055,46.34000015258789,44.25,46.18000030517578,5615400,Yahoo Finance SE
2022-10-24,us,SE,SE,44.36000061035156,47.02000045776367,42.709999084472656,47.0099983215332,7245300,Yahoo Finance SE
2022-10-25,us,SE,SE,47.88999938964844,50.494998931884766,47.70000076293945,50.0099983215332,4829300,Yahoo Finance SE
2022-10-26,us,SE,SE,50.290000915527344,53.0099983215332,50.02000045776367,50.630001068115234,4130400,Yahoo Finance SE
2022-10-27,us,SE,SE,50.09000015258789,50.93000030517578,48.56999969482422,49.59000015258789,2616400,Yahoo Finance SE
2022-10-28,us,SE,SE,48.79999923706055,49.57500076293945,46.810001373291016,49.540000915527344,4802000,Yahoo Finance SE
2022-10-31,us,SE,SE,49.58000183105469,51.369998931884766,48.560001373291016,49.68000030517578,3359300,Yahoo Finance SE
2022-11-01,us,SE,SE,51.880001068115234,52.09000015258789,48.90999984741211,49.11000061035156,3604000,Yahoo Finance SE
2022-11-02,us,SE,SE,48.529998779296875,50.25,47.27000045776367,47.27000045776367,3988200,Yahoo Finance SE
2022-11-03,us,SE,SE,45.70000076293945,47.77000045776367,44.650001525878906,45.84000015258789,4029700,Yahoo Finance SE
2022-11-04,us,SE,SE,48.560001373291016,48.560001373291016,43.720001220703125,44.0099983215332,7553900,Yahoo Finance SE
2022-11-07,us,SE,SE,46.2599983215332,48.7400016784668,46.0,48.470001220703125,5675900,Yahoo Finance SE
2022-11-08,us,SE,SE,48.02000045776367,48.43000030517578,45.900001525878906,47.060001373291016,4066100,Yahoo Finance SE
2022-11-09,us,SE,SE,45.599998474121094,45.72999954223633,40.665000915527344,40.91999816894531,8313600,Yahoo Finance SE
2022-11-10,us,SE,SE,44.529998779296875,47.20000076293945,44.209999084472656,45.9900016784668,7769900,Yahoo Finance SE
2022-11-11,us,SE,SE,46.369998931884766,50.7400016784668,46.369998931884766,49.43000030517578,9957300,Yahoo Finance SE
2022-11-14,us,SE,SE,50.70000076293945,51.34000015258789,44.95000076293945,45.79999923706055,11480900,Yahoo Finance SE
2022-11-15,us,SE,SE,55.724998474121094,65.6500015258789,55.459999084472656,62.310001373291016,42881100,Yahoo Finance SE
2022-11-16,us,SE,SE,59.38999938964844,61.15999984741211,57.65999984741211,58.7599983215332,10874300,Yahoo Finance SE
2022-11-17,us,SE,SE,57.0,60.970001220703125,56.779998779296875,59.93000030517578,9008500,Yahoo Finance SE
2022-11-18,us,SE,SE,60.83000183105469,60.91999816894531,56.36000061035156,56.939998626708984,4939000,Yahoo Finance SE
2022-11-21,us,SE,SE,56.0,57.40999984741211,53.41999816894531,54.09000015258789,5238800,Yahoo Finance SE
2022-11-22,us,SE,SE,53.43000030517578,54.04199981689453,51.7599983215332,53.54999923706055,4146900,Yahoo Finance SE
2022-11-23,us,SE,SE,54.470001220703125,56.0,54.04999923706055,55.630001068115234,4059200,Yahoo Finance SE
2022-11-25,us,SE,SE,54.689998626708984,55.7400016784668,53.64500045776367,54.31999969482422,3034700,Yahoo Finance SE
2022-11-28,us,SE,SE,54.31999969482422,54.90999984741211,53.40999984741211,53.45000076293945,3583700,Yahoo Finance SE
2022-11-29,us,SE,SE,54.58000183105469,55.15999984741211,52.810001373291016,54.2599983215332,6328600,Yahoo Finance SE
2022-11-30,us,SE,SE,55.380001068115234,58.560001373291016,54.68000030517578,58.369998931884766,6730400,Yahoo Finance SE
2022-12-01,us,SE,SE,58.0,61.7599983215332,57.75199890136719,61.150001525878906,7323700,Yahoo Finance SE
2022-12-02,us,SE,SE,59.29999923706055,63.06999969482422,58.810001373291016,61.380001068115234,4338000,Yahoo Finance SE
2022-12-05,us,SE,SE,62.0,63.400001525878906,58.19499969482422,59.02000045776367,6005200,Yahoo Finance SE
2022-12-06,us,SE,SE,59.16999816894531,60.209999084472656,58.20000076293945,59.7599983215332,3276600,Yahoo Finance SE
2022-12-07,us,SE,SE,57.970001220703125,60.0,57.36000061035156,58.099998474121094,3334100,Yahoo Finance SE
2022-12-08,us,SE,SE,59.13999938964844,61.15999984741211,57.928001403808594,61.08000183105469,5027200,Yahoo Finance SE
2022-12-09,us,SE,SE,61.2400016784668,63.150001525878906,60.45000076293945,60.650001525878906,4340400,Yahoo Finance SE
2022-12-12,us,SE,SE,60.650001525878906,62.36000061035156,60.0099983215332,62.27000045776367,3070400,Yahoo Finance SE
2022-12-13,us,SE,SE,66.5,68.7699966430664,62.529998779296875,63.52000045776367,5844400,Yahoo Finance SE
2022-12-14,us,SE,SE,64.13999938964844,66.0999984741211,63.29999923706055,64.9800033569336,3785200,Yahoo Finance SE
2022-12-15,us,SE,SE,62.439998626708984,64.37999725341797,60.90999984741211,61.04999923706055,4184800,Yahoo Finance SE
2022-12-16,us,SE,SE,60.0,60.11000061035156,53.0099983215332,53.689998626708984,10190900,Yahoo Finance SE
2022-12-19,us,SE,SE,53.79999923706055,54.97999954223633,52.06999969482422,53.02000045776367,6299900,Yahoo Finance SE
2022-12-20,us,SE,SE,52.36000061035156,53.36000061035156,50.220001220703125,51.02000045776367,4802500,Yahoo Finance SE
2022-12-21,us,SE,SE,50.900001525878906,53.11000061035156,49.66999816894531,52.439998626708984,4779800,Yahoo Finance SE
2022-12-22,us,SE,SE,52.709999084472656,53.48699951171875,48.439998626708984,50.22999954223633,4393500,Yahoo Finance SE
2022-12-23,us,SE,SE,50.0,50.290000915527344,48.029998779296875,49.91999816894531,3498100,Yahoo Finance SE
2022-12-27,us,SE,SE,48.52000045776367,50.41999816894531,47.57600021362305,50.25,2937400,Yahoo Finance SE
2022-12-28,us,SE,SE,50.060001373291016,50.689998626708984,48.27000045776367,48.91999816894531,2948300,Yahoo Finance SE
2022-12-29,us,SE,SE,48.75,53.15999984741211,47.75,52.810001373291016,6249700,Yahoo Finance SE
2022-12-30,us,SE,SE,52.0,52.79999923706055,51.150001525878906,52.029998779296875,3309000,Yahoo Finance SE
2023-01-03,us,SE,SE,53.150001525878906,54.5099983215332,51.150001525878906,52.97999954223633,4713300,Yahoo Finance SE
2023-01-04,us,SE,SE,54.720001220703125,55.869998931884766,53.689998626708984,55.66999816894531,4062400,Yahoo Finance SE
2023-01-05,us,SE,SE,55.880001068115234,56.25,54.31999969482422,55.84000015258789,2944100,Yahoo Finance SE
2023-01-06,us,SE,SE,55.599998474121094,56.16999816894531,53.69900131225586,55.689998626708984,3135200,Yahoo Finance SE
2023-01-09,us,SE,SE,56.54999923706055,56.95000076293945,53.0099983215332,53.040000915527344,6304200,Yahoo Finance SE
2023-01-10,us,SE,SE,52.9900016784668,54.34000015258789,51.26599884033203,54.209999084472656,4834400,Yahoo Finance SE
2023-01-11,us,SE,SE,54.36000061035156,56.849998474121094,53.060001373291016,56.810001373291016,3943100,Yahoo Finance SE
2023-01-12,us,SE,SE,57.97999954223633,58.38999938964844,54.65999984741211,58.380001068115234,3820400,Yahoo Finance SE
2023-01-13,us,SE,SE,57.93000030517578,60.45000076293945,57.52000045776367,60.119998931884766,4336100,Yahoo Finance SE
2023-01-17,us,SE,SE,60.279998779296875,63.099998474121094,60.0099983215332,62.189998626708984,4975200,Yahoo Finance SE
2023-01-18,us,SE,SE,64.0199966430664,65.44999694824219,61.06999969482422,62.04999923706055,5670200,Yahoo Finance SE
2023-01-19,us,SE,SE,61.45000076293945,62.6609992980957,60.7400016784668,61.31999969482422,3026800,Yahoo Finance SE
2023-01-20,us,SE,SE,63.040000915527344,68.6500015258789,62.560001373291016,65.86000061035156,11628500,Yahoo Finance SE
2023-01-23,us,SE,SE,67.0,67.08000183105469,64.68599700927734,66.7300033569336,4828600,Yahoo Finance SE
2023-01-24,us,SE,SE,65.9000015258789,66.58999633789062,63.349998474121094,64.0,4028700,Yahoo Finance SE
2023-01-25,us,SE,SE,63.88999938964844,64.93399810791016,61.36000061035156,64.26000213623047,4382000,Yahoo Finance SE
2023-01-26,us,SE,SE,67.80000305175781,68.76000213623047,65.36000061035156,67.0,3525600,Yahoo Finance SE
2023-01-27,us,SE,SE,66.68000030517578,69.41000366210938,66.19999694824219,68.55000305175781,5069400,Yahoo Finance SE
2023-01-30,us,SE,SE,66.77999877929688,66.77999877929688,64.13999938964844,64.61000061035156,4363000,Yahoo Finance SE
2023-01-31,us,SE,SE,64.87000274658203,65.87999725341797,63.81999969482422,64.44999694824219,3433000,Yahoo Finance SE
2023-02-01,us,SE,SE,65.0,69.12000274658203,64.41000366210938,68.94999694824219,4454400,Yahoo Finance SE
2023-02-02,us,SE,SE,72.0,74.68299865722656,69.80000305175781,72.51000213623047,7374400,Yahoo Finance SE
2023-02-03,us,SE,SE,70.01000213623047,73.20999908447266,69.72000122070312,70.47000122070312,4002700,Yahoo Finance SE
2023-02-06,us,SE,SE,69.0,69.54000091552734,65.48500061035156,66.26000213623047,4332800,Yahoo Finance SE
2023-02-07,us,SE,SE,66.7699966430664,68.8499984741211,65.67400360107422,68.54000091552734,3317600,Yahoo Finance SE
2023-02-08,us,SE,SE,67.52999877929688,69.6500015258789,67.23999786376953,68.3499984741211,2898100,Yahoo Finance SE
2023-02-09,us,SE,SE,69.69999694824219,71.18000030517578,66.5199966430664,67.31999969482422,2933900,Yahoo Finance SE
2023-02-10,us,SE,SE,66.0,66.44000244140625,63.79999923706055,64.0,3504400,Yahoo Finance SE
2023-02-13,us,SE,SE,63.65999984741211,65.41999816894531,63.220001220703125,65.0199966430664,2314800,Yahoo Finance SE
2023-02-14,us,SE,SE,64.44999694824219,65.51899719238281,62.95100021362305,64.2300033569336,3483300,Yahoo Finance SE
2023-02-15,us,SE,SE,62.040000915527344,65.9000015258789,61.70000076293945,65.80999755859375,4427200,Yahoo Finance SE
2023-02-16,us,SE,SE,66.94000244140625,69.7699966430664,65.18000030517578,66.83000183105469,6071500,Yahoo Finance SE
2023-02-17,us,SE,SE,65.98999786376953,66.06999969482422,63.74800109863281,65.01000213623047,5187200,Yahoo Finance SE
2023-02-21,us,SE,SE,63.0099983215332,64.8499984741211,62.150001525878906,62.90999984741211,4987300,Yahoo Finance SE
2023-02-22,us,SE,SE,63.220001220703125,64.05999755859375,61.79999923706055,63.29999923706055,3229400,Yahoo Finance SE
2023-02-23,us,SE,SE,64.96499633789062,65.12999725341797,61.900001525878906,62.380001068115234,5143700,Yahoo Finance SE
2023-02-24,us,SE,SE,60.20000076293945,60.540000915527344,57.95000076293945,60.0099983215332,4608600,Yahoo Finance SE
2023-02-27,us,SE,SE,60.70000076293945,61.08000183105469,59.84000015258789,59.97999954223633,3185800,Yahoo Finance SE
2023-02-28,us,SE,SE,60.189998626708984,63.310001373291016,59.900001525878906,62.4900016784668,3407100,Yahoo Finance SE
2023-03-01,us,SE,SE,64.01000213623047,64.29000091552734,61.970001220703125,62.06999969482422,4008800,Yahoo Finance SE
2023-03-02,us,SE,SE,61.810001373291016,63.6349983215332,61.4900016784668,63.560001373291016,3101700,Yahoo Finance SE
2023-03-03,us,SE,SE,64.41000366210938,66.02999877929688,64.2699966430664,65.66999816894531,3946700,Yahoo Finance SE
2023-03-06,us,SE,SE,66.33999633789062,67.55999755859375,64.69999694824219,65.70999908447266,8168000,Yahoo Finance SE
2023-03-07,us,SE,SE,70.63999938964844,81.5199966430664,68.69000244140625,80.05999755859375,50929300,Yahoo Finance SE
2023-03-08,us,SE,SE,79.18000030517578,80.66999816894531,77.26000213623047,79.80999755859375,13572000,Yahoo Finance SE
2023-03-09,us,SE,SE,79.5,80.87999725341797,76.30000305175781,77.56999969482422,8146800,Yahoo Finance SE
2023-03-10,us,SE,SE,76.05000305175781,76.76000213623047,72.1500015258789,73.44999694824219,8538900,Yahoo Finance SE
2023-03-13,us,SE,SE,72.0,75.22000122070312,71.08000183105469,74.79000091552734,5485600,Yahoo Finance SE
2023-03-14,us,SE,SE,75.98999786376953,78.51000213623047,75.81999969482422,76.63999938964844,4608000,Yahoo Finance SE
2023-03-15,us,SE,SE,75.23999786376953,76.25,72.5999984741211,75.2300033569336,4121800,Yahoo Finance SE
2023-03-16,us,SE,SE,75.5,78.51000213623047,74.19999694824219,78.2699966430664,3542300,Yahoo Finance SE
2023-03-17,us,SE,SE,79.0,79.6500015258789,77.20999908447266,78.4000015258789,3427900,Yahoo Finance SE
2023-03-20,us,SE,SE,77.16000366210938,78.51000213623047,75.52999877929688,76.91000366210938,3292200,Yahoo Finance SE
2023-03-21,us,SE,SE,77.19999694824219,80.73999786376953,76.31999969482422,79.86000061035156,4634700,Yahoo Finance SE
2023-03-22,us,SE,SE,80.9800033569336,81.4800033569336,77.63999938964844,77.66000366210938,5069200,Yahoo Finance SE
2023-03-23,us,SE,SE,79.66000366210938,85.19999694824219,79.0,83.66999816894531,7812600,Yahoo Finance SE
2023-03-24,us,SE,SE,83.27999877929688,85.08999633789062,80.22000122070312,82.37999725341797,4150900,Yahoo Finance SE
2023-03-27,us,SE,SE,82.48999786376953,83.93000030517578,81.75,83.23999786376953,3459300,Yahoo Finance SE
2023-03-28,us,SE,SE,84.97000122070312,86.2300033569336,81.4000015258789,81.75,4928800,Yahoo Finance SE
2023-03-29,us,SE,SE,82.80999755859375,85.63999938964844,82.6500015258789,85.55999755859375,5908700,Yahoo Finance SE
2023-03-30,us,SE,SE,86.79000091552734,87.68000030517578,84.36499786376953,86.62000274658203,3950900,Yahoo Finance SE
2023-03-31,us,SE,SE,87.44000244140625,87.87799835205078,86.1500015258789,86.55000305175781,3160900,Yahoo Finance SE
2023-04-03,us,SE,SE,87.26000213623047,88.13600158691406,85.23999786376953,87.81999969482422,4595200,Yahoo Finance SE
2023-04-04,us,SE,SE,88.80000305175781,88.83999633789062,86.55999755859375,87.63999938964844,2874500,Yahoo Finance SE
2023-04-05,us,SE,SE,87.98999786376953,87.98999786376953,84.41000366210938,85.69999694824219,3150800,Yahoo Finance SE
2023-04-06,us,SE,SE,84.31999969482422,84.68000030517578,82.31999969482422,84.08000183105469,3686100,Yahoo Finance SE
2023-04-10,us,SE,SE,82.56999969482422,83.66999816894531,81.65499877929688,83.52999877929688,3163900,Yahoo Finance SE
2023-04-11,us,SE,SE,83.87999725341797,84.23999786376953,80.37999725341797,82.02999877929688,4376400,Yahoo Finance SE
2023-04-12,us,SE,SE,83.29000091552734,83.91000366210938,80.77999877929688,81.30000305175781,2965600,Yahoo Finance SE
2023-04-13,us,SE,SE,83.27999877929688,85.30999755859375,83.05999755859375,83.97000122070312,2602500,Yahoo Finance SE
2023-04-14,us,SE,SE,83.3499984741211,85.30000305175781,82.4800033569336,83.5199966430664,1962000,Yahoo Finance SE
2023-04-17,us,SE,SE,83.83999633789062,84.30500030517578,82.68000030517578,82.8499984741211,2779700,Yahoo Finance SE
2023-04-18,us,SE,SE,83.54000091552734,84.23999786376953,81.55000305175781,82.51000213623047,2995800,Yahoo Finance SE
2023-04-19,us,SE,SE,81.1500015258789,82.19999694824219,79.77899932861328,81.48999786376953,1712400,Yahoo Finance SE
2023-04-20,us,SE,SE,79.0,80.22000122070312,77.98999786376953,78.76000213623047,3605000,Yahoo Finance SE
2023-04-21,us,SE,SE,78.45999908447266,79.41999816894531,77.66999816894531,79.16999816894531,2069200,Yahoo Finance SE
2023-04-24,us,SE,SE,79.16000366210938,80.7699966430664,78.18000030517578,78.70999908447266,2309000,Yahoo Finance SE
2023-04-25,us,SE,SE,76.83999633789062,78.0999984741211,74.33000183105469,74.94000244140625,3769900,Yahoo Finance SE
2023-04-26,us,SE,SE,76.62000274658203,76.87999725341797,72.80999755859375,73.47000122070312,3044700,Yahoo Finance SE
2023-04-27,us,SE,SE,74.70999908447266,75.68000030517578,73.73999786376953,74.7300033569336,2722200,Yahoo Finance SE
2023-04-28,us,SE,SE,74.19999694824219,76.91000366210938,73.3499984741211,76.16999816894531,2431200,Yahoo Finance SE
2023-05-01,us,SE,SE,75.11000061035156,76.91999816894531,74.96499633789062,75.8499984741211,1747600,Yahoo Finance SE
2023-05-02,us,SE,SE,75.19000244140625,75.83000183105469,73.91999816894531,74.44999694824219,2111200,Yahoo Finance SE
2023-05-03,us,SE,SE,73.7300033569336,76.22000122070312,73.01000213623047,74.62000274658203,1901600,Yahoo Finance SE
2023-05-04,us,SE,SE,74.9000015258789,76.12000274658203,74.48999786376953,76.0,1369100,Yahoo Finance SE
2023-05-05,us,SE,SE,77.51000213623047,79.44999694824219,77.0999984741211,78.41000366210938,3010200,Yahoo Finance SE
2023-05-08,us,SE,SE,85.0,85.95999908447266,82.37999725341797,84.33000183105469,5764500,Yahoo Finance SE
2023-05-09,us,SE,SE,83.0,85.83000183105469,82.86000061035156,84.0,4300500,Yahoo Finance SE
2023-05-10,us,SE,SE,85.0,86.38999938964844,84.51000213623047,85.54000091552734,2757400,Yahoo Finance SE
2023-05-11,us,SE,SE,85.95999908447266,87.37999725341797,85.25,86.70999908447266,3678300,Yahoo Finance SE
2023-05-12,us,SE,SE,85.33000183105469,86.5,83.30999755859375,84.7699966430664,3743200,Yahoo Finance SE
2023-05-15,us,SE,SE,86.12000274658203,88.38999938964844,85.79000091552734,88.06999969482422,5111600,Yahoo Finance SE
2023-05-16,us,SE,SE,79.5,79.56999969482422,70.7699966430664,72.44999694824219,26427700,Yahoo Finance SE
2023-05-17,us,SE,SE,71.3499984741211,74.8499984741211,71.30000305175781,72.38999938964844,9207300,Yahoo Finance SE
2023-05-18,us,SE,SE,72.41000366210938,72.45999908447266,69.80000305175781,70.16000366210938,6045800,Yahoo Finance SE
2023-05-19,us,SE,SE,70.56999969482422,71.41000366210938,69.44000244140625,69.44000244140625,5865000,Yahoo Finance SE
2023-05-22,us,SE,SE,70.0,70.26000213623047,67.76000213623047,67.97000122070312,6187200,Yahoo Finance SE
2023-05-23,us,SE,SE,67.44999694824219,67.66999816894531,64.1500015258789,64.36000061035156,10867400,Yahoo Finance SE
2023-05-24,us,SE,SE,63.0099983215332,63.654998779296875,62.619998931884766,63.189998626708984,5912000,Yahoo Finance SE
2023-05-25,us,SE,SE,63.29999923706055,63.4900016784668,59.68000030517578,60.47999954223633,7387100,Yahoo Finance SE
2023-05-26,us,SE,SE,60.189998626708984,61.7400016784668,59.52000045776367,60.119998931884766,6612100,Yahoo Finance SE
2023-05-30,us,SE,SE,60.720001220703125,61.27000045776367,58.029998779296875,58.56999969482422,6362100,Yahoo Finance SE
2023-05-31,us,SE,SE,57.380001068115234,59.30500030517578,56.619998931884766,57.40999984741211,9795800,Yahoo Finance SE
2023-06-01,us,SE,SE,56.75,58.79999923706055,56.04999923706055,57.97999954223633,6091900,Yahoo Finance SE
2023-06-02,us,SE,SE,59.58000183105469,60.599998474121094,58.58000183105469,59.38999938964844,4677700,Yahoo Finance SE
2023-06-05,us,SE,SE,58.7599983215332,59.91999816894531,58.11000061035156,58.599998474121094,3855800,Yahoo Finance SE
2023-06-06,us,SE,SE,58.04999923706055,61.31999969482422,58.0099983215332,61.279998779296875,5744000,Yahoo Finance SE
2023-06-07,us,SE,SE,62.0,62.79899978637695,60.29999923706055,60.970001220703125,4765300,Yahoo Finance SE
2023-06-08,us,SE,SE,61.70000076293945,64.16000366210938,61.04999923706055,63.540000915527344,5500100,Yahoo Finance SE
2023-06-09,us,SE,SE,63.9900016784668,64.97000122070312,63.0099983215332,63.380001068115234,3515100,Yahoo Finance SE
2023-06-12,us,SE,SE,63.9900016784668,65.69000244140625,63.91999816894531,65.02999877929688,3602800,Yahoo Finance SE
2023-06-13,us,SE,SE,66.08000183105469,66.38999938964844,64.12999725341797,65.69999694824219,5013400,Yahoo Finance SE
2023-06-14,us,SE,SE,66.0,66.0999984741211,62.689998626708984,63.63999938964844,4509600,Yahoo Finance SE
2023-06-15,us,SE,SE,63.060001373291016,63.5099983215332,61.40999984741211,62.869998931884766,5451900,Yahoo Finance SE
2023-06-16,us,SE,SE,63.470001220703125,63.54999923706055,61.33000183105469,62.08000183105469,4709300,Yahoo Finance SE
2023-06-20,us,SE,SE,61.130001068115234,62.40999984741211,60.93000030517578,61.209999084472656,2951900,Yahoo Finance SE
2023-06-21,us,SE,SE,61.029998779296875,61.189998626708984,59.68000030517578,60.310001373291016,2863400,Yahoo Finance SE
2023-06-22,us,SE,SE,59.970001220703125,60.0,58.91999816894531,59.4900016784668,3281100,Yahoo Finance SE
2023-06-23,us,SE,SE,58.189998626708984,58.9900016784668,57.77000045776367,58.90999984741211,4025900,Yahoo Finance SE
2023-06-26,us,SE,SE,58.650001525878906,58.86000061035156,56.5880012512207,56.9900016784668,4612200,Yahoo Finance SE
2023-06-27,us,SE,SE,57.7400016784668,58.08000183105469,56.880001068115234,57.34000015258789,4426300,Yahoo Finance SE
2023-06-28,us,SE,SE,56.90999984741211,57.47999954223633,56.22999954223633,57.099998474121094,5210400,Yahoo Finance SE
2023-06-29,us,SE,SE,57.150001525878906,57.470001220703125,56.52000045776367,56.880001068115234,3334900,Yahoo Finance SE
2023-06-30,us,SE,SE,56.79999923706055,58.70000076293945,56.400001525878906,58.040000915527344,5587200,Yahoo Finance SE
2023-07-03,us,SE,SE,58.5,59.5,57.33000183105469,57.7400016784668,3156000,Yahoo Finance SE
2023-07-05,us,SE,SE,57.040000915527344,58.66999816894531,56.27000045776367,57.9900016784668,3991200,Yahoo Finance SE
2023-07-06,us,SE,SE,56.59000015258789,56.59000015258789,54.470001220703125,55.2400016784668,5398600,Yahoo Finance SE
2023-07-07,us,SE,SE,54.529998779296875,55.810001373291016,54.34000015258789,54.97999954223633,3623400,Yahoo Finance SE
2023-07-10,us,SE,SE,54.650001525878906,58.33000183105469,54.380001068115234,58.040000915527344,5418800,Yahoo Finance SE
2023-07-11,us,SE,SE,58.0,59.47999954223633,57.220001220703125,59.11000061035156,6306300,Yahoo Finance SE
2023-07-12,us,SE,SE,61.0099983215332,61.84000015258789,60.7140007019043,61.029998779296875,5518600,Yahoo Finance SE
2023-07-13,us,SE,SE,63.060001373291016,63.75,62.5,63.060001373291016,5123100,Yahoo Finance SE
2023-07-14,us,SE,SE,62.43000030517578,63.185001373291016,61.560001373291016,62.5,3634100,Yahoo Finance SE
2023-07-17,us,SE,SE,62.22999954223633,63.2140007019043,61.61000061035156,62.7400016784668,2657800,Yahoo Finance SE
2023-07-18,us,SE,SE,63.40999984741211,63.709999084472656,61.04999923706055,61.459999084472656,2915800,Yahoo Finance SE
2023-07-19,us,SE,SE,62.599998474121094,63.900001525878906,62.17300033569336,62.41999816894531,3341200,Yahoo Finance SE
2023-07-20,us,SE,SE,61.54999923706055,61.97999954223633,59.709999084472656,60.15999984741211,3622200,Yahoo Finance SE
2023-07-21,us,SE,SE,60.849998474121094,62.47999954223633,60.38999938964844,61.18000030517578,2981200,Yahoo Finance SE
2023-07-24,us,SE,SE,60.040000915527344,61.5099983215332,59.220001220703125,61.15999984741211,4336600,Yahoo Finance SE
2023-07-25,us,SE,SE,62.709999084472656,63.540000915527344,60.87099838256836,61.0,2731100,Yahoo Finance SE
2023-07-26,us,SE,SE,61.939998626708984,62.91999816894531,61.34000015258789,61.70000076293945,2785700,Yahoo Finance SE
2023-07-27,us,SE,SE,63.369998931884766,63.6349983215332,59.83000183105469,60.25,4359500,Yahoo Finance SE
2023-07-28,us,SE,SE,62.5,63.845001220703125,62.20000076293945,63.720001220703125,5227500,Yahoo Finance SE
2023-07-31,us,SE,SE,65.68000030517578,67.08000183105469,64.37000274658203,66.5199966430664,5512300,Yahoo Finance SE
2023-08-01,us,SE,SE,65.33999633789062,66.1500015258789,65.01000213623047,65.91000366210938,3054500,Yahoo Finance SE
2023-08-02,us,SE,SE,64.01000213623047,64.19999694824219,60.7599983215332,61.720001220703125,5201100,Yahoo Finance SE
2023-08-03,us,SE,SE,60.70000076293945,62.31999969482422,60.70000076293945,61.7599983215332,3253200,Yahoo Finance SE
2023-08-04,us,SE,SE,62.279998779296875,62.279998779296875,59.01300048828125,59.439998626708984,4802900,Yahoo Finance SE
2023-08-07,us,SE,SE,59.790000915527344,60.08000183105469,58.154998779296875,58.529998779296875,3219800,Yahoo Finance SE
2023-08-08,us,SE,SE,57.25,57.65999984741211,56.56999969482422,57.33000183105469,4785000,Yahoo Finance SE
2023-08-09,us,SE,SE,57.400001525878906,57.5099983215332,56.13999938964844,56.310001373291016,3632200,Yahoo Finance SE
2023-08-10,us,SE,SE,57.61000061035156,58.59000015258789,56.79999923706055,57.2599983215332,5434400,Yahoo Finance SE
2023-08-11,us,SE,SE,57.540000915527344,58.79999923706055,57.064998626708984,57.619998931884766,7441400,Yahoo Finance SE
2023-08-14,us,SE,SE,56.540000915527344,57.08000183105469,55.720001220703125,56.900001525878906,7840700,Yahoo Finance SE
2023-08-15,us,SE,SE,45.095001220703125,45.597999572753906,40.11000061035156,40.58000183105469,52278000,Yahoo Finance SE
2023-08-16,us,SE,SE,39.119998931884766,41.279998779296875,38.0099983215332,40.5,23299100,Yahoo Finance SE
2023-08-17,us,SE,SE,40.93000030517578,41.08000183105469,39.13999938964844,39.4900016784668,11627100,Yahoo Finance SE
2023-08-18,us,SE,SE,38.0,39.20000076293945,37.33000183105469,38.68000030517578,10975800,Yahoo Finance SE
2023-08-21,us,SE,SE,38.54999923706055,38.900001525878906,37.61000061035156,38.66999816894531,8383000,Yahoo Finance SE
2023-08-22,us,SE,SE,38.40999984741211,38.61000061035156,36.47999954223633,36.52000045776367,11551600,Yahoo Finance SE
2023-08-23,us,SE,SE,36.4900016784668,37.380001068115234,36.25,36.849998474121094,8560000,Yahoo Finance SE
2023-08-24,us,SE,SE,36.709999084472656,36.7599983215332,34.869998931884766,35.209999084472656,12124100,Yahoo Finance SE
2023-08-25,us,SE,SE,35.349998474121094,36.4900016784668,35.150001525878906,36.16999816894531,11837800,Yahoo Finance SE
2023-08-28,us,SE,SE,36.56999969482422,37.470001220703125,36.380001068115234,36.900001525878906,6926500,Yahoo Finance SE
2023-08-29,us,SE,SE,37.0,37.58000183105469,36.779998779296875,37.560001373291016,6413500,Yahoo Finance SE
2023-08-30,us,SE,SE,37.25,38.0099983215332,37.0,37.93000030517578,5907400,Yahoo Finance SE
2023-08-31,us,SE,SE,39.220001220703125,39.290000915527344,37.130001068115234,37.630001068115234,7856500,Yahoo Finance SE
2023-09-01,us,SE,SE,37.689998626708984,38.599998474121094,37.529998779296875,38.52000045776367,7032500,Yahoo Finance SE
2023-09-05,us,SE,SE,37.630001068115234,37.95199966430664,37.119998931884766,37.310001373291016,6979500,Yahoo Finance SE
2023-09-06,us,SE,SE,37.279998779296875,40.119998931884766,37.20100021362305,39.220001220703125,12004900,Yahoo Finance SE
2023-09-07,us,SE,SE,38.16999816894531,39.400001525878906,37.83100128173828,39.150001525878906,5396300,Yahoo Finance SE
2023-09-08,us,SE,SE,38.5,38.77000045776367,37.540000915527344,38.25,5300900,Yahoo Finance SE
2023-09-11,us,SE,SE,39.08000183105469,39.130001068115234,38.0099983215332,38.2400016784668,4137100,Yahoo Finance SE
2023-09-12,us,SE,SE,38.0,38.68000030517578,37.90999984741211,38.31999969482422,3432700,Yahoo Finance SE
2023-09-13,us,SE,SE,38.2400016784668,39.040000915527344,37.400001525878906,39.029998779296875,6283300,Yahoo Finance SE
2023-09-14,us,SE,SE,39.720001220703125,40.09400177001953,39.31999969482422,39.88999938964844,7735100,Yahoo Finance SE
2023-09-15,us,SE,SE,40.08000183105469,40.45000076293945,39.13999938964844,39.279998779296875,6882300,Yahoo Finance SE
2023-09-18,us,SE,SE,38.77000045776367,38.970001220703125,38.029998779296875,38.279998779296875,4459200,Yahoo Finance SE
2023-09-19,us,SE,SE,38.0,38.68000030517578,37.52899932861328,38.380001068115234,5363300,Yahoo Finance SE
2023-09-20,us,SE,SE,38.560001373291016,38.667999267578125,37.4119987487793,37.529998779296875,5781200,Yahoo Finance SE
2023-09-21,us,SE,SE,36.0,36.34000015258789,35.060001373291016,35.95000076293945,10874600,Yahoo Finance SE
2023-09-22,us,SE,SE,36.90999984741211,37.25,35.709999084472656,35.959999084472656,7449400,Yahoo Finance SE
2023-09-25,us,SE,SE,36.369998931884766,41.369998931884766,36.189998626708984,40.20000076293945,28883800,Yahoo Finance SE
2023-09-26,us,SE,SE,39.65999984741211,40.93000030517578,39.619998931884766,40.150001525878906,12023200,Yahoo Finance SE
2023-09-27,us,SE,SE,41.45000076293945,43.70000076293945,41.0,42.09000015258789,21219000,Yahoo Finance SE
2023-09-28,us,SE,SE,42.369998931884766,43.439998626708984,41.61000061035156,43.119998931884766,10106000,Yahoo Finance SE
2023-09-29,us,SE,SE,43.88999938964844,44.959999084472656,43.540000915527344,43.95000076293945,9964100,Yahoo Finance SE
2023-10-02,us,SE,SE,42.880001068115234,44.349998474121094,42.5099983215332,43.95000076293945,6121700,Yahoo Finance SE
2023-10-03,us,SE,SE,43.900001525878906,44.65999984741211,42.5,42.599998474121094,8785800,Yahoo Finance SE
2023-10-04,us,SE,SE,42.0,42.189998626708984,40.63999938964844,41.7599983215332,7780000,Yahoo Finance SE
2023-10-05,us,SE,SE,41.54999923706055,42.29999923706055,40.150001525878906,42.119998931884766,5517300,Yahoo Finance SE
2023-10-06,us,SE,SE,42.0,43.43000030517578,41.880001068115234,42.40999984741211,4948500,Yahoo Finance SE
2023-10-09,us,SE,SE,41.400001525878906,42.08000183105469,40.720001220703125,41.470001220703125,5240000,Yahoo Finance SE
2023-10-10,us,SE,SE,42.040000915527344,45.13999938964844,41.70000076293945,44.04999923706055,6900900,Yahoo Finance SE
2023-10-11,us,SE,SE,45.04999923706055,45.65999984741211,43.81999969482422,44.38999938964844,7415300,Yahoo Finance SE
2023-10-12,us,SE,SE,44.90999984741211,45.77000045776367,44.54999923706055,45.36000061035156,6714400,Yahoo Finance SE
2023-10-13,us,SE,SE,45.130001068115234,47.189998626708984,45.130001068115234,45.56999969482422,8832300,Yahoo Finance SE
2023-10-16,us,SE,SE,45.11000061035156,46.79999923706055,44.7599983215332,46.689998626708984,6570400,Yahoo Finance SE
2023-10-17,us,SE,SE,45.650001525878906,48.38999938964844,45.2400016784668,46.689998626708984,6367500,Yahoo Finance SE
2023-10-18,us,SE,SE,46.0,47.25,45.599998474121094,45.65999984741211,3742200,Yahoo Finance SE
2023-10-19,us,SE,SE,45.43000030517578,45.97999954223633,45.029998779296875,45.09000015258789,4160300,Yahoo Finance SE
2023-10-20,us,SE,SE,44.79999923706055,44.84000015258789,43.529998779296875,44.61000061035156,4050500,Yahoo Finance SE
2023-10-23,us,SE,SE,43.779998779296875,44.689998626708984,43.01100158691406,44.470001220703125,4570800,Yahoo Finance SE
2023-10-24,us,SE,SE,45.47999954223633,46.61000061035156,45.060001373291016,45.279998779296875,3722500,Yahoo Finance SE
2023-10-25,us,SE,SE,44.38999938964844,44.470001220703125,43.39500045776367,43.970001220703125,3411300,Yahoo Finance SE
2023-10-26,us,SE,SE,41.5,42.209999084472656,40.0,40.81999969482422,8758000,Yahoo Finance SE
2023-10-27,us,SE,SE,40.58000183105469,41.400001525878906,39.66999816894531,39.970001220703125,4276100,Yahoo Finance SE
2023-10-30,us,SE,SE,40.59000015258789,41.47999954223633,40.34000015258789,41.45000076293945,3420900,Yahoo Finance SE
2023-10-31,us,SE,SE,41.18000030517578,41.83000183105469,40.56999969482422,41.70000076293945,2364200,Yahoo Finance SE
2023-11-01,us,SE,SE,41.310001373291016,41.47999954223633,39.119998931884766,40.439998626708984,6329500,Yahoo Finance SE
2023-11-02,us,SE,SE,41.70000076293945,42.2400016784668,40.63999938964844,41.349998474121094,3799900,Yahoo Finance SE
2023-11-03,us,SE,SE,42.56999969482422,45.111000061035156,42.0,44.790000915527344,5727200,Yahoo Finance SE
2023-11-06,us,SE,SE,45.91999816894531,46.33000183105469,43.79499816894531,44.470001220703125,3772700,Yahoo Finance SE
2023-11-07,us,SE,SE,44.9900016784668,45.040000915527344,43.90999984741211,44.5099983215332,2715800,Yahoo Finance SE
2023-11-08,us,SE,SE,43.81999969482422,44.5,42.27000045776367,44.4900016784668,5009300,Yahoo Finance SE
2023-11-09,us,SE,SE,44.75,45.18000030517578,43.560001373291016,43.599998474121094,5969300,Yahoo Finance SE
2023-11-10,us,SE,SE,44.150001525878906,45.810001373291016,44.0,45.47999954223633,7091300,Yahoo Finance SE
2023-11-13,us,SE,SE,45.5,46.599998474121094,44.849998474121094,46.029998779296875,10972700,Yahoo Finance SE
2023-11-14,us,SE,SE,42.15999984741211,42.560001373291016,35.59000015258789,35.869998931884766,43413600,Yahoo Finance SE
2023-11-15,us,SE,SE,36.880001068115234,39.70000076293945,36.68299865722656,38.4900016784668,23300500,Yahoo Finance SE
2023-11-16,us,SE,SE,37.439998626708984,38.38999938964844,36.84000015258789,37.900001525878906,9195300,Yahoo Finance SE
2023-11-17,us,SE,SE,37.7400016784668,37.97999954223633,36.74100112915039,37.56999969482422,5628300,Yahoo Finance SE
2023-11-20,us,SE,SE,37.5,38.72999954223633,36.95000076293945,38.52000045776367,10330200,Yahoo Finance SE
2023-11-21,us,SE,SE,38.5,38.577999114990234,37.459999084472656,38.2599983215332,4799400,Yahoo Finance SE
2023-11-22,us,SE,SE,38.5,38.68000030517578,37.220001220703125,37.5,6877900,Yahoo Finance SE
2023-11-24,us,SE,SE,37.36000061035156,37.459999084472656,36.2599983215332,36.380001068115234,8187800,Yahoo Finance SE
2023-11-27,us,SE,SE,36.5,37.720001220703125,36.02000045776367,37.470001220703125,8048400,Yahoo Finance SE
2023-11-28,us,SE,SE,36.790000915527344,40.29999923706055,36.790000915527344,39.720001220703125,14708800,Yahoo Finance SE
2023-11-29,us,SE,SE,39.70000076293945,40.08000183105469,36.65999984741211,36.7400016784668,18157900,Yahoo Finance SE
2023-11-30,us,SE,SE,36.91999816894531,37.029998779296875,36.04999923706055,36.220001220703125,8143200,Yahoo Finance SE
2023-12-01,us,SE,SE,36.08000183105469,37.77000045776367,35.650001525878906,37.47999954223633,10411900,Yahoo Finance SE
2023-12-04,us,SE,SE,37.099998474121094,38.220001220703125,36.83000183105469,38.20000076293945,9816200,Yahoo Finance SE
2023-12-05,us,SE,SE,37.29999923706055,38.57099914550781,36.81999969482422,38.0,11104100,Yahoo Finance SE
2023-12-06,us,SE,SE,38.5099983215332,38.9900016784668,38.27000045776367,38.58000183105469,6851600,Yahoo Finance SE
2023-12-07,us,SE,SE,38.0,39.29499816894531,37.7400016784668,39.040000915527344,4159600,Yahoo Finance SE
2023-12-08,us,SE,SE,39.279998779296875,40.130001068115234,39.04999923706055,40.0,6535900,Yahoo Finance SE
2023-12-11,us,SE,SE,35.54999923706055,38.07500076293945,35.20000076293945,37.869998931884766,23052800,Yahoo Finance SE
2023-12-12,us,SE,SE,38.060001373291016,38.70000076293945,37.4900016784668,38.560001373291016,6984500,Yahoo Finance SE
2023-12-13,us,SE,SE,38.54999923706055,38.65999984741211,37.23099899291992,37.5,8710600,Yahoo Finance SE
2023-12-14,us,SE,SE,38.25,38.63999938964844,36.619998931884766,37.650001525878906,15616400,Yahoo Finance SE
2023-12-15,us,SE,SE,38.0,38.0,35.7400016784668,35.7400016784668,20662500,Yahoo Finance SE
2023-12-18,us,SE,SE,35.79999923706055,37.0,35.459999084472656,36.61000061035156,12520000,Yahoo Finance SE
2023-12-19,us,SE,SE,36.79999923706055,37.09000015258789,36.060001373291016,36.939998626708984,9917800,Yahoo Finance SE
2023-12-20,us,SE,SE,36.599998474121094,37.04999923706055,35.06999969482422,35.11000061035156,11393900,Yahoo Finance SE
2023-12-21,us,SE,SE,35.849998474121094,38.189998626708984,35.36000061035156,37.970001220703125,18436000,Yahoo Finance SE
2023-12-22,us,SE,SE,37.939998626708984,39.525001525878906,37.52000045776367,38.58000183105469,10640500,Yahoo Finance SE
2023-12-26,us,SE,SE,38.68000030517578,39.32500076293945,38.29999923706055,39.150001525878906,5466100,Yahoo Finance SE
2023-12-27,us,SE,SE,39.68000030517578,41.470001220703125,39.56999969482422,40.0,10632600,Yahoo Finance SE
2023-12-28,us,SE,SE,40.5,41.04999923706055,39.54999923706055,40.36000061035156,7165000,Yahoo Finance SE
2023-12-29,us,SE,SE,40.41999816894531,41.89899826049805,40.400001525878906,40.5,9287800,Yahoo Finance SE
2024-01-02,us,SE,SE,40.0,40.189998626708984,38.36000061035156,38.45000076293945,8355000,Yahoo Finance SE
2024-01-03,us,SE,SE,37.880001068115234,39.2400016784668,37.65999984741211,38.79999923706055,6954100,Yahoo Finance SE
2024-01-04,us,SE,SE,38.290000915527344,38.56999969482422,37.61800003051758,37.81999969482422,4794800,Yahoo Finance SE
2024-01-05,us,SE,SE,37.939998626708984,38.60900115966797,37.45000076293945,37.90999984741211,5229100,Yahoo Finance SE
2024-01-08,us,SE,SE,37.630001068115234,38.875,37.36000061035156,38.599998474121094,4878900,Yahoo Finance SE
2024-01-09,us,SE,SE,38.099998474121094,38.400001525878906,37.61000061035156,38.13999938964844,4620200,Yahoo Finance SE
2024-01-10,us,SE,SE,37.779998779296875,38.665000915527344,37.61000061035156,38.38999938964844,5359800,Yahoo Finance SE
2024-01-11,us,SE,SE,38.58000183105469,39.04999923706055,37.060001373291016,37.11000061035156,5917600,Yahoo Finance SE
2024-01-12,us,SE,SE,37.209999084472656,37.439998626708984,35.79999923706055,35.88999938964844,9034600,Yahoo Finance SE
2024-01-16,us,SE,SE,35.43000030517578,36.290000915527344,34.91999816894531,35.720001220703125,7211400,Yahoo Finance SE
2024-01-17,us,SE,SE,34.9900016784668,35.06999969482422,34.349998474121094,34.81999969482422,6878400,Yahoo Finance SE
2024-01-18,us,SE,SE,35.06999969482422,35.849998474121094,34.63999938964844,35.84000015258789,7495500,Yahoo Finance SE
2024-01-19,us,SE,SE,35.869998931884766,36.43000030517578,34.869998931884766,36.400001525878906,6610300,Yahoo Finance SE
2024-01-22,us,SE,SE,36.02000045776367,37.48500061035156,35.63999938964844,37.150001525878906,7382600,Yahoo Finance SE
2024-01-23,us,SE,SE,38.25,39.77000045776367,38.0099983215332,38.2400016784668,6413400,Yahoo Finance SE
2024-01-24,us,SE,SE,39.209999084472656,40.16999816894531,38.96500015258789,39.2599983215332,7004900,Yahoo Finance SE
2024-01-25,us,SE,SE,39.540000915527344,40.1150016784668,39.06999969482422,39.400001525878906,4095100,Yahoo Finance SE
2024-01-26,us,SE,SE,39.2599983215332,40.33000183105469,38.88999938964844,39.56999969482422,5478800,Yahoo Finance SE
2024-01-29,us,SE,SE,39.540000915527344,40.650001525878906,39.16999816894531,40.630001068115234,5295400,Yahoo Finance SE
2024-01-30,us,SE,SE,40.43000030517578,40.790000915527344,38.970001220703125,39.25,5057300,Yahoo Finance SE
2024-01-31,us,SE,SE,38.2599983215332,39.279998779296875,38.10499954223633,38.13999938964844,5315800,Yahoo Finance SE
2024-02-01,us,SE,SE,38.54999923706055,40.529998779296875,38.31999969482422,40.470001220703125,8920500,Yahoo Finance SE
2024-02-02,us,SE,SE,40.83000183105469,42.540000915527344,40.59000015258789,42.02000045776367,9608800,Yahoo Finance SE
2024-02-05,us,SE,SE,41.16999816894531,42.189998626708984,41.05099868774414,41.869998931884766,7162600,Yahoo Finance SE
2024-02-06,us,SE,SE,42.4900016784668,42.52000045776367,41.099998474121094,42.38999938964844,6793500,Yahoo Finance SE
2024-02-07,us,SE,SE,42.5,43.775001525878906,42.189998626708984,43.61000061035156,4901200,Yahoo Finance SE
2024-02-08,us,SE,SE,43.40999984741211,43.849998474121094,42.68000030517578,43.34000015258789,5164600,Yahoo Finance SE
2024-02-09,us,SE,SE,43.34000015258789,43.775001525878906,42.689998626708984,43.5099983215332,4257000,Yahoo Finance SE
2024-02-12,us,SE,SE,43.709999084472656,44.63999938964844,43.34000015258789,43.540000915527344,4600700,Yahoo Finance SE
2024-02-13,us,SE,SE,41.72999954223633,42.869998931884766,41.599998474121094,41.9900016784668,4264200,Yahoo Finance SE
2024-02-14,us,SE,SE,42.54999923706055,42.75,41.7599983215332,42.689998626708984,3991200,Yahoo Finance SE
2024-02-15,us,SE,SE,43.16999816894531,44.349998474121094,43.099998474121094,43.9900016784668,4415900,Yahoo Finance SE
2024-02-16,us,SE,SE,44.689998626708984,46.060001373291016,44.220001220703125,44.9900016784668,7490100,Yahoo Finance SE
2024-02-20,us,SE,SE,45.45000076293945,45.981998443603516,44.209999084472656,44.689998626708984,5284100,Yahoo Finance SE
2024-02-21,us,SE,SE,44.349998474121094,44.63999938964844,43.7400016784668,44.209999084472656,3839300,Yahoo Finance SE
2024-02-22,us,SE,SE,44.66999816894531,45.29999923706055,43.68000030517578,44.45000076293945,4804400,Yahoo Finance SE
2024-02-23,us,SE,SE,44.279998779296875,45.63999938964844,43.27000045776367,45.02000045776367,5684400,Yahoo Finance SE
2024-02-26,us,SE,SE,44.83000183105469,45.48500061035156,44.709999084472656,45.36000061035156,4354900,Yahoo Finance SE
2024-02-27,us,SE,SE,45.90999984741211,47.939998626708984,45.43000030517578,46.72999954223633,6355300,Yahoo Finance SE
2024-02-28,us,SE,SE,46.060001373291016,49.380001068115234,46.060001373291016,47.75,10221800,Yahoo Finance SE
2024-02-29,us,SE,SE,48.4900016784668,49.4900016784668,48.13999938964844,48.52000045776367,8150100,Yahoo Finance SE
2024-03-01,us,SE,SE,49.25,51.459999084472656,48.709999084472656,51.04999923706055,13112900,Yahoo Finance SE
2024-03-04,us,SE,SE,56.0,58.0,49.763999938964844,53.900001525878906,34712900,Yahoo Finance SE
2024-03-05,us,SE,SE,54.45000076293945,55.939998626708984,53.54999923706055,55.75,12926500,Yahoo Finance SE
2024-03-06,us,SE,SE,57.22999954223633,59.619998931884766,56.900001525878906,59.220001220703125,14854500,Yahoo Finance SE
2024-03-07,us,SE,SE,59.130001068115234,59.650001525878906,57.84000015258789,59.34000015258789,7181600,Yahoo Finance SE
2024-03-08,us,SE,SE,60.0,60.1349983215332,57.400001525878906,57.720001220703125,7225400,Yahoo Finance SE
2024-03-11,us,SE,SE,57.7400016784668,59.39799880981445,57.45000076293945,58.40999984741211,4870900,Yahoo Finance SE
2024-03-12,us,SE,SE,59.0,59.400001525878906,57.630001068115234,58.02000045776367,5323700,Yahoo Finance SE
2024-03-13,us,SE,SE,58.150001525878906,61.369998931884766,58.02000045776367,60.56999969482422,7712800,Yahoo Finance SE
2024-03-14,us,SE,SE,62.38999938964844,63.25,60.099998474121094,60.75,7685700,Yahoo Finance SE
2024-03-15,us,SE,SE,59.31999969482422,60.040000915527344,58.029998779296875,58.130001068115234,6975700,Yahoo Finance SE
2024-03-18,us,SE,SE,58.58000183105469,59.400001525878906,57.34000015258789,57.849998474121094,4069200,Yahoo Finance SE
2024-03-19,us,SE,SE,56.61000061035156,56.900001525878906,54.209999084472656,55.9900016784668,6869300,Yahoo Finance SE
2024-03-20,us,SE,SE,55.9900016784668,56.42499923706055,55.04999923706055,55.9900016784668,3569700,Yahoo Finance SE
2024-03-21,us,SE,SE,56.97999954223633,57.275001525878906,54.470001220703125,54.54999923706055,5444700,Yahoo Finance SE
2024-03-22,us,SE,SE,54.95000076293945,55.22999954223633,54.16999816894531,54.470001220703125,3825300,Yahoo Finance SE
2024-03-25,us,SE,SE,55.0,55.770999908447266,54.150001525878906,54.650001525878906,3540500,Yahoo Finance SE
2024-03-26,us,SE,SE,54.849998474121094,56.689998626708984,54.75,55.560001373291016,5375400,Yahoo Finance SE
2024-03-27,us,SE,SE,55.2599983215332,55.619998931884766,53.119998931884766,53.56999969482422,6878700,Yahoo Finance SE
2024-03-28,us,SE,SE,53.61000061035156,54.59000015258789,52.41999816894531,53.709999084472656,5247800,Yahoo Finance SE
2024-04-01,us,SE,SE,53.95000076293945,54.0,52.52000045776367,53.02000045776367,3441400,Yahoo Finance SE
2024-04-02,us,SE,SE,53.0,54.88999938964844,52.709999084472656,54.599998474121094,4138000,Yahoo Finance SE
2024-04-03,us,SE,SE,53.88999938964844,55.2760009765625,52.68000030517578,53.04999923706055,4206400,Yahoo Finance SE
2024-04-04,us,SE,SE,54.20000076293945,56.165000915527344,53.400001525878906,53.43000030517578,5852700,Yahoo Finance SE
2024-04-05,us,SE,SE,53.56999969482422,55.310001373291016,53.40999984741211,55.279998779296875,7152200,Yahoo Finance SE
2024-04-08,us,SE,SE,55.310001373291016,56.61000061035156,55.2599983215332,55.97999954223633,3144700,Yahoo Finance SE
2024-04-09,us,SE,SE,56.59000015258789,57.380001068115234,56.209999084472656,57.02000045776367,3828300,Yahoo Finance SE
2024-04-10,us,SE,SE,56.33000183105469,58.472999572753906,56.220001220703125,57.06999969482422,4058600,Yahoo Finance SE
2024-04-11,us,SE,SE,56.58000183105469,57.0,55.349998474121094,55.689998626708984,4183600,Yahoo Finance SE
2024-04-12,us,SE,SE,54.97999954223633,55.231998443603516,53.209999084472656,53.279998779296875,5406600,Yahoo Finance SE
2024-04-15,us,SE,SE,53.33000183105469,53.66999816894531,52.40999984741211,52.720001220703125,3942300,Yahoo Finance SE
2024-04-16,us,SE,SE,51.959999084472656,57.220001220703125,51.702999114990234,56.380001068115234,13151600,Yahoo Finance SE
2024-04-17,us,SE,SE,56.0,56.939998626708984,54.880001068115234,55.630001068115234,5382800,Yahoo Finance SE
2024-04-18,us,SE,SE,56.31999969482422,58.119998931884766,56.099998474121094,56.29999923706055,5538700,Yahoo Finance SE
2024-04-19,us,SE,SE,56.060001373291016,56.7599983215332,54.81999969482422,55.060001373291016,3651200,Yahoo Finance SE
2024-04-22,us,SE,SE,58.84000015258789,61.79999923706055,57.70000076293945,59.43000030517578,11958700,Yahoo Finance SE
2024-04-23,us,SE,SE,60.529998779296875,62.650001525878906,60.18000030517578,62.0099983215332,8043500,Yahoo Finance SE
2024-04-24,us,SE,SE,64.0,64.50499725341797,62.279998779296875,63.27000045776367,6313700,Yahoo Finance SE
2024-04-25,us,SE,SE,61.650001525878906,63.27000045776367,61.24300003051758,62.83000183105469,6822600,Yahoo Finance SE
2024-04-26,us,SE,SE,63.290000915527344,63.93000030517578,62.0099983215332,62.86000061035156,4641500,Yahoo Finance SE
2024-04-29,us,SE,SE,63.5,64.69499969482422,62.0099983215332,64.5199966430664,4988800,Yahoo Finance SE
2024-04-30,us,SE,SE,64.0,64.0,62.540000915527344,63.189998626708984,5130300,Yahoo Finance SE
2024-05-01,us,SE,SE,62.720001220703125,63.47999954223633,61.52000045776367,62.720001220703125,5287300,Yahoo Finance SE
2024-05-02,us,SE,SE,63.33000183105469,64.13999938964844,62.459999084472656,63.97999954223633,6114900,Yahoo Finance SE
2024-05-03,us,SE,SE,64.73999786376953,67.0,64.44999694824219,66.66000366210938,5615800,Yahoo Finance SE
2024-05-06,us,SE,SE,67.0,67.02899932861328,65.80000305175781,66.12999725341797,5786600,Yahoo Finance SE
2024-05-07,us,SE,SE,65.0199966430664,66.20500183105469,64.70999908447266,65.16000366210938,4767400,Yahoo Finance SE
2024-05-08,us,SE,SE,64.0,66.80000305175781,63.18000030517578,66.75,7419100,Yahoo Finance SE
2024-05-09,us,SE,SE,66.26000213623047,67.0,65.86000061035156,65.98999786376953,6411800,Yahoo Finance SE
2024-05-10,us,SE,SE,66.0,67.23999786376953,64.47000122070312,64.91000366210938,6647500,Yahoo Finance SE
2024-05-13,us,SE,SE,64.70999908447266,64.91000366210938,63.56999969482422,64.45999908447266,11155500,Yahoo Finance SE
2024-05-14,us,SE,SE,67.27999877929688,69.69999694824219,63.150001525878906,66.26000213623047,17104300,Yahoo Finance SE
2024-05-15,us,SE,SE,67.41000366210938,69.0,66.5999984741211,68.63999938964844,7411300,Yahoo Finance SE
2024-05-16,us,SE,SE,69.94000244140625,72.37000274658203,69.37000274658203,71.44000244140625,10016700,Yahoo Finance SE
2024-05-17,us,SE,SE,71.80000305175781,74.33000183105469,71.7699966430664,73.76000213623047,5844100,Yahoo Finance SE
2024-05-20,us,SE,SE,72.12000274658203,73.27999877929688,71.5,73.12000274658203,4723100,Yahoo Finance SE
2024-05-21,us,SE,SE,72.0199966430664,73.69999694824219,71.7300033569336,73.26000213623047,4482900,Yahoo Finance SE
2024-05-22,us,SE,SE,73.0,74.03800201416016,73.0,73.66999816894531,3572400,Yahoo Finance SE
2024-05-23,us,SE,SE,73.80000305175781,73.87000274658203,70.44999694824219,71.7300033569336,6120100,Yahoo Finance SE
2024-05-24,us,SE,SE,71.44000244140625,72.37000274658203,70.62999725341797,71.9800033569336,2713800,Yahoo Finance SE
2024-05-28,us,SE,SE,68.16000366210938,69.69999694824219,65.80000305175781,69.62999725341797,8044000,Yahoo Finance SE
2024-05-29,us,SE,SE,68.56999969482422,68.81999969482422,66.94999694824219,68.06999969482422,3491200,Yahoo Finance SE
2024-05-30,us,SE,SE,67.2300033569336,67.5,66.37000274658203,67.1500015258789,4295700,Yahoo Finance SE
2024-05-31,us,SE,SE,66.87000274658203,67.66999816894531,65.7300033569336,67.5199966430664,3874300,Yahoo Finance SE
2024-06-03,us,SE,SE,67.87999725341797,69.56999969482422,67.80999755859375,69.3499984741211,4392400,Yahoo Finance SE
2024-06-04,us,SE,SE,68.87000274658203,70.0999984741211,68.2509994506836,70.08000183105469,3984700,Yahoo Finance SE
2024-06-05,us,SE,SE,69.69000244140625,71.66999816894531,69.69000244140625,71.12999725341797,3738600,Yahoo Finance SE
2024-06-06,us,SE,SE,70.6500015258789,72.1989974975586,70.61000061035156,72.0,3047500,Yahoo Finance SE
2024-06-07,us,SE,SE,71.44999694824219,72.80000305175781,71.41500091552734,72.47000122070312,4371900,Yahoo Finance SE
2024-06-10,us,SE,SE,72.02999877929688,73.58999633789062,71.9000015258789,72.97000122070312,3195100,Yahoo Finance SE
2024-06-11,us,SE,SE,72.70999908447266,73.55000305175781,72.01000213623047,73.30000305175781,4863700,Yahoo Finance SE
2024-06-12,us,SE,SE,73.74500274658203,74.56999969482422,73.3499984741211,73.87999725341797,5112100,Yahoo Finance SE
2024-06-13,us,SE,SE,74.05999755859375,75.58899688720703,74.0,74.55999755859375,3806200,Yahoo Finance SE
2024-06-14,us,SE,SE,73.84500122070312,74.52999877929688,73.16999816894531,74.41999816894531,3300500,Yahoo Finance SE
2024-06-17,us,SE,SE,74.5199966430664,75.80000305175781,73.91999816894531,74.91999816894531,4423100,Yahoo Finance SE
2024-06-18,us,SE,SE,75.0,76.27999877929688,74.41000366210938,76.27999877929688,2867400,Yahoo Finance SE
2024-06-20,us,SE,SE,76.30999755859375,76.30999755859375,74.72000122070312,76.0,5180200,Yahoo Finance SE
2024-06-21,us,SE,SE,76.16999816894531,76.31999969482422,75.0999984741211,75.41999816894531,5958200,Yahoo Finance SE
2024-06-24,us,SE,SE,75.30999755859375,76.5999984741211,75.02999877929688,75.88999938964844,3156800,Yahoo Finance SE
2024-06-25,us,SE,SE,71.9000015258789,74.23999786376953,71.25,74.19000244140625,10277500,Yahoo Finance SE
2024-06-26,us,SE,SE,73.87000274658203,75.63999938964844,73.41000366210938,74.9000015258789,4027000,Yahoo Finance SE
2024-06-27,us,SE,SE,74.51000213623047,74.9800033569336,73.86000061035156,74.51000213623047,4855900,Yahoo Finance SE
2024-06-28,us,SE,SE,73.5,73.75,70.44999694824219,71.41999816894531,9941100,Yahoo Finance SE
2024-07-01,us,SE,SE,67.80999755859375,69.80000305175781,67.0,69.38999938964844,10843900,Yahoo Finance SE
2024-07-02,us,SE,SE,68.5,70.37000274658203,67.88999938964844,70.33999633789062,5764600,Yahoo Finance SE
2024-07-03,us,SE,SE,71.06999969482422,72.05000305175781,70.43000030517578,71.48999786376953,3098600,Yahoo Finance SE
2024-07-05,us,SE,SE,71.5,72.08999633789062,70.4000015258789,71.87999725341797,4945500,Yahoo Finance SE
2024-07-08,us,SE,SE,71.44999694824219,73.08999633789062,70.94999694824219,72.95999908447266,3084700,Yahoo Finance SE
2024-07-09,us,SE,SE,73.5,74.9000015258789,72.8499984741211,73.54000091552734,4753000,Yahoo Finance SE
2024-07-10,us,SE,SE,74.0,74.79000091552734,73.02999877929688,74.70999908447266,3388300,Yahoo Finance SE
2024-07-11,us,SE,SE,74.9000015258789,75.86000061035156,73.72000122070312,73.9000015258789,2593800,Yahoo Finance SE
2024-07-12,us,SE,SE,75.12000274658203,75.69999694824219,73.43000030517578,73.83000183105469,2650200,Yahoo Finance SE
2024-07-15,us,SE,SE,74.69000244140625,75.13999938964844,70.62999725341797,71.87000274658203,3966900,Yahoo Finance SE
2024-07-16,us,SE,SE,71.55999755859375,71.8499984741211,70.45500183105469,71.22000122070312,2785100,Yahoo Finance SE
2024-07-17,us,SE,SE,70.86000061035156,70.86000061035156,68.46499633789062,69.63999938964844,3844400,Yahoo Finance SE
2024-07-18,us,SE,SE,70.0,70.2300033569336,67.77999877929688,68.76000213623047,2970700,Yahoo Finance SE
2024-07-19,us,SE,SE,67.69999694824219,68.76000213623047,67.69000244140625,68.3499984741211,3006800,Yahoo Finance SE
2024-07-22,us,SE,SE,69.0,69.19999694824219,67.06999969482422,67.47000122070312,3701300,Yahoo Finance SE
2024-07-23,us,SE,SE,67.0,67.5199966430664,66.16000366210938,66.9800033569336,4762300,Yahoo Finance SE
2024-07-24,us,SE,SE,66.0,66.55000305175781,65.19999694824219,65.20999908447266,2147000,Yahoo Finance SE
2024-07-25,us,SE,SE,64.01000213623047,64.7699966430664,63.29999923706055,64.0999984741211,4269000,Yahoo Finance SE
2024-07-26,us,SE,SE,64.62000274658203,66.88999938964844,64.30000305175781,65.33999633789062,3704100,Yahoo Finance SE
2024-07-29,us,SE,SE,65.7699966430664,67.76000213623047,65.44999694824219,65.62000274658203,2751200,Yahoo Finance SE
2024-07-30,us,SE,SE,64.9800033569336,66.04000091552734,64.19999694824219,65.04000091552734,4039400,Yahoo Finance SE
2024-07-31,us,SE,SE,66.37999725341797,66.93000030517578,65.19999694824219,65.69999694824219,2496500,Yahoo Finance SE
2024-08-01,us,SE,SE,65.5199966430664,65.61000061035156,63.5099983215332,64.05000305175781,2691700,Yahoo Finance SE
2024-08-02,us,SE,SE,61.86000061035156,62.54999923706055,59.90999984741211,60.75,6838200,Yahoo Finance SE
2024-08-05,us,SE,SE,55.0,61.08000183105469,55.0,59.939998626708984,7424700,Yahoo Finance SE
2024-08-06,us,SE,SE,59.93000030517578,60.91999816894531,58.33000183105469,60.63999938964844,4807800,Yahoo Finance SE
2024-08-07,us,SE,SE,60.79999923706055,62.5,60.70000076293945,60.72999954223633,3652400,Yahoo Finance SE
2024-08-08,us,SE,SE,61.560001373291016,62.70000076293945,61.060001373291016,62.65999984741211,3241800,Yahoo Finance SE
2024-08-09,us,SE,SE,62.540000915527344,64.88999938964844,62.400001525878906,64.86000061035156,4376000,Yahoo Finance SE
2024-08-12,us,SE,SE,65.25,67.08999633789062,65.1500015258789,66.91999816894531,9319700,Yahoo Finance SE
2024-08-13,us,SE,SE,70.5,74.91999816894531,70.0,74.8499984741211,16258300,Yahoo Finance SE
2024-08-14,us,SE,SE,75.7300033569336,78.25,75.7300033569336,76.80000305175781,8517500,Yahoo Finance SE
2024-08-15,us,SE,SE,77.55999755859375,79.90499877929688,77.25,79.29000091552734,9540900,Yahoo Finance SE
2024-08-16,us,SE,SE,79.5,80.08000183105469,78.79000091552734,78.81999969482422,5658600,Yahoo Finance SE
2024-08-19,us,SE,SE,78.9000015258789,82.30000305175781,78.19999694824219,82.2300033569336,6781600,Yahoo Finance SE
2024-08-20,us,SE,SE,82.55000305175781,82.83000183105469,80.4800033569336,81.05999755859375,6149000,Yahoo Finance SE
2024-08-21,us,SE,SE,81.04000091552734,82.5199966430664,80.2300033569336,82.04000091552734,3512400,Yahoo Finance SE
2024-08-22,us,SE,SE,82.55000305175781,83.25,82.29000091552734,82.75,4402700,Yahoo Finance SE
2024-08-23,us,SE,SE,83.45999908447266,83.69000244140625,82.29000091552734,83.18000030517578,3715300,Yahoo Finance SE
2024-08-26,us,SE,SE,82.5199966430664,83.66999816894531,81.05999755859375,82.80999755859375,5255900,Yahoo Finance SE
2024-08-27,us,SE,SE,82.69000244140625,82.80999755859375,81.79000091552734,82.31999969482422,2759900,Yahoo Finance SE
2024-08-28,us,SE,SE,82.0,82.08000183105469,80.05999755859375,81.23999786376953,4363300,Yahoo Finance SE
2024-08-29,us,SE,SE,80.62999725341797,80.83000183105469,76.81999969482422,77.5199966430664,9320900,Yahoo Finance SE
2024-08-30,us,SE,SE,79.0199966430664,79.72000122070312,76.62999725341797,78.30999755859375,4678200,Yahoo Finance SE
2024-09-03,us,SE,SE,77.76000213623047,79.13999938964844,77.37999725341797,77.4000015258789,3561000,Yahoo Finance SE
2024-09-04,us,SE,SE,77.30999755859375,78.76000213623047,75.66999816894531,78.1500015258789,3567900,Yahoo Finance SE
2024-09-05,us,SE,SE,78.12999725341797,80.0,77.4000015258789,78.72000122070312,3295900,Yahoo Finance SE
2024-09-06,us,SE,SE,78.45999908447266,79.16999816894531,75.91000366210938,77.18000030517578,4918800,Yahoo Finance SE
2024-09-09,us,SE,SE,77.5,77.70999908447266,76.66999816894531,76.91000366210938,2512400,Yahoo Finance SE
2024-09-10,us,SE,SE,77.16999816894531,77.5999984741211,76.44000244140625,77.4800033569336,2527900,Yahoo Finance SE
2024-09-11,us,SE,SE,77.5,78.16000366210938,76.37999725341797,77.94999694824219,3055700,Yahoo Finance SE
2024-09-12,us,SE,SE,79.23999786376953,80.16000366210938,78.72000122070312,79.12000274658203,4312300,Yahoo Finance SE
2024-09-13,us,SE,SE,79.69999694824219,81.19000244140625,79.33999633789062,81.18000030517578,3537500,Yahoo Finance SE
2024-09-16,us,SE,SE,81.5,82.05999755859375,78.9000015258789,79.87999725341797,3837200,Yahoo Finance SE
2024-09-17,us,SE,SE,81.0199966430664,81.0999984741211,78.51200103759766,80.33000183105469,2900900,Yahoo Finance SE
2024-09-18,us,SE,SE,80.77999877929688,83.19000244140625,80.3949966430664,82.4000015258789,4706400,Yahoo Finance SE
2024-09-19,us,SE,SE,84.9000015258789,86.37000274658203,84.37999725341797,85.01000213623047,6198000,Yahoo Finance SE
2024-09-20,us,SE,SE,83.86000061035156,85.87999725341797,83.08699798583984,85.70999908447266,5325300,Yahoo Finance SE
2024-09-23,us,SE,SE,87.7699966430664,90.98999786376953,86.52999877929688,90.66999816894531,8565900,Yahoo Finance SE
2024-09-24,us,SE,SE,92.51000213623047,92.98999786376953,90.87000274658203,92.8499984741211,5154400,Yahoo Finance SE
2024-09-25,us,SE,SE,93.18000030517578,94.30000305175781,91.87000274658203,93.94999694824219,4310100,Yahoo Finance SE
2024-09-26,us,SE,SE,94.94999694824219,96.08999633789062,93.20999908447266,94.83000183105469,4459300,Yahoo Finance SE
2024-09-27,us,SE,SE,94.69999694824219,95.0,93.83999633789062,94.30999755859375,3256100,Yahoo Finance SE
2024-09-30,us,SE,SE,94.26000213623047,95.4000015258789,93.0199966430664,94.27999877929688,5851800,Yahoo Finance SE
2024-10-01,us,SE,SE,94.5199966430664,98.08999633789062,93.9000015258789,97.48999786376953,5506900,Yahoo Finance SE
2024-10-02,us,SE,SE,97.12000274658203,97.30999755859375,93.05000305175781,95.30000305175781,3087700,Yahoo Finance SE
2024-10-03,us,SE,SE,93.76000213623047,95.37000274658203,93.30000305175781,95.13999938964844,2708100,Yahoo Finance SE
2024-10-04,us,SE,SE,96.30000305175781,96.51000213623047,94.94000244140625,95.98999786376953,3007800,Yahoo Finance SE
2024-10-07,us,SE,SE,94.80000305175781,96.2699966430664,94.06999969482422,95.1500015258789,2628100,Yahoo Finance SE
2024-10-08,us,SE,SE,93.33000183105469,95.51000213623047,92.72000122070312,95.33000183105469,2560200,Yahoo Finance SE
2024-10-09,us,SE,SE,94.08999633789062,96.75499725341797,94.05000305175781,96.47000122070312,3241300,Yahoo Finance SE
2024-10-10,us,SE,SE,96.20999908447266,96.87000274658203,95.41999816894531,95.8499984741211,1676800,Yahoo Finance SE
2024-10-11,us,SE,SE,96.33000183105469,101.01000213623047,95.83999633789062,99.29000091552734,4991300,Yahoo Finance SE
2024-10-14,us,SE,SE,100.2300033569336,100.8499984741211,99.38999938964844,100.19000244140625,2904200,Yahoo Finance SE
2024-10-15,us,SE,SE,99.88999938964844,100.0199966430664,96.43800354003906,96.83000183105469,3160800,Yahoo Finance SE
2024-10-16,us,SE,SE,99.08999633789062,100.44000244140625,98.33000183105469,99.37000274658203,3656200,Yahoo Finance SE
2024-10-17,us,SE,SE,101.4000015258789,101.5999984741211,98.63999938964844,98.95999908447266,3236600,Yahoo Finance SE
2024-10-18,us,SE,SE,99.1500015258789,100.44000244140625,98.4000015258789,98.9000015258789,2965600,Yahoo Finance SE
2024-10-21,us,SE,SE,97.61000061035156,99.19999694824219,96.54000091552734,99.08999633789062,2983200,Yahoo Finance SE
2024-10-22,us,SE,SE,98.0,99.9800033569336,97.9000015258789,99.58999633789062,2034400,Yahoo Finance SE
2024-10-23,us,SE,SE,100.0,100.08999633789062,97.83999633789062,99.38999938964844,2061200,Yahoo Finance SE
2024-10-24,us,SE,SE,100.0,100.94999694824219,99.33999633789062,100.5199966430664,2473500,Yahoo Finance SE
2024-10-25,us,SE,SE,100.6500015258789,101.93000030517578,98.94000244140625,99.1500015258789,1950600,Yahoo Finance SE
2024-10-28,us,SE,SE,100.95999908447266,100.95999908447266,98.83999633789062,99.26000213623047,1504000,Yahoo Finance SE
2024-10-29,us,SE,SE,99.02999877929688,99.02999877929688,94.62999725341797,95.98999786376953,3952300,Yahoo Finance SE
2024-10-30,us,SE,SE,95.5,96.18000030517578,93.9000015258789,95.3499984741211,2768700,Yahoo Finance SE
2024-10-31,us,SE,SE,93.7699966430664,94.29000091552734,92.5,94.05000305175781,2730300,Yahoo Finance SE
2024-11-01,us,SE,SE,94.4800033569336,96.31999969482422,93.7300033569336,95.37999725341797,3977000,Yahoo Finance SE
2024-11-04,us,SE,SE,95.0,96.66999816894531,94.7699966430664,95.19000244140625,2126800,Yahoo Finance SE
2024-11-05,us,SE,SE,96.23999786376953,96.5,94.45999908447266,95.73999786376953,1685000,Yahoo Finance SE
2024-11-06,us,SE,SE,95.41000366210938,95.54000091552734,93.75,95.37000274658203,2630300,Yahoo Finance SE
2024-11-07,us,SE,SE,95.91999816894531,96.87000274658203,95.16000366210938,95.72000122070312,2899900,Yahoo Finance SE
2024-11-08,us,SE,SE,95.0,95.5,93.19999694824219,93.55999755859375,4819400,Yahoo Finance SE
2024-11-11,us,SE,SE,92.80999755859375,98.22000122070312,92.70600128173828,97.45999908447266,5975400,Yahoo Finance SE
2024-11-12,us,SE,SE,109.55000305175781,117.5199966430664,107.19000244140625,107.6500015258789,14162100,Yahoo Finance SE
2024-11-13,us,SE,SE,109.23999786376953,112.6989974975586,104.45999908447266,104.95999908447266,6121300,Yahoo Finance SE
2024-11-14,us,SE,SE,105.0,105.8499984741211,102.87000274658203,103.33000183105469,4380300,Yahoo Finance SE
2024-11-15,us,SE,SE,102.76000213623047,103.75,99.66000366210938,102.94000244140625,6441900,Yahoo Finance SE
2024-11-18,us,SE,SE,103.5999984741211,109.0,103.5999984741211,108.62999725341797,5643200,Yahoo Finance SE
2024-11-19,us,SE,SE,109.26000213623047,113.73999786376953,107.79900360107422,113.68000030517578,6228700,Yahoo Finance SE
2024-11-20,us,SE,SE,114.0,115.33000183105469,112.0999984741211,114.45999908447266,3978100,Yahoo Finance SE
2024-11-21,us,SE,SE,113.8499984741211,117.8499984741211,111.69999694824219,116.33000183105469,5085400,Yahoo Finance SE
2024-11-22,us,SE,SE,117.16999816894531,117.16999816894531,112.6500015258789,113.04000091552734,3176700,Yahoo Finance SE
2024-11-25,us,SE,SE,114.0,115.12999725341797,111.87999725341797,114.0,4171700,Yahoo Finance SE
2024-11-26,us,SE,SE,114.16999816894531,114.37999725341797,111.7300033569336,113.93000030517578,2389700,Yahoo Finance SE
2024-11-27,us,SE,SE,114.44000244140625,116.0199966430664,113.0,115.70999908447266,3351000,Yahoo Finance SE
2024-11-29,us,SE,SE,116.12000274658203,116.87999725341797,112.88999938964844,113.80000305175781,2622600,Yahoo Finance SE
2024-12-02,us,SE,SE,114.9800033569336,114.9800033569336,111.0,113.23999786376953,3120100,Yahoo Finance SE
2024-12-03,us,SE,SE,113.76000213623047,116.05000305175781,112.81999969482422,115.5,2753200,Yahoo Finance SE
2024-12-04,us,SE,SE,115.5,118.16500091552734,113.75,117.41000366210938,4219900,Yahoo Finance SE
2024-12-05,us,SE,SE,116.5,118.58000183105469,116.08999633789062,117.12000274658203,6075000,Yahoo Finance SE
2024-12-06,us,SE,SE,117.19999694824219,118.55000305175781,115.65299987792969,116.25,4954200,Yahoo Finance SE
2024-12-09,us,SE,SE,117.30000305175781,119.47000122070312,113.6500015258789,114.1500015258789,4109900,Yahoo Finance SE
2024-12-10,us,SE,SE,113.62999725341797,115.0,111.69999694824219,112.05000305175781,2599500,Yahoo Finance SE
2024-12-11,us,SE,SE,112.58000183105469,117.01000213623047,111.94999694824219,116.66999816894531,3790100,Yahoo Finance SE
2024-12-12,us,SE,SE,116.37999725341797,118.3499984741211,115.86000061035156,117.29000091552734,2322500,Yahoo Finance SE
2024-12-13,us,SE,SE,117.80000305175781,118.35199737548828,114.1500015258789,116.47000122070312,1767500,Yahoo Finance SE
2024-12-16,us,SE,SE,115.25,115.55000305175781,113.48500061035156,114.61000061035156,2740800,Yahoo Finance SE
2024-12-17,us,SE,SE,114.08000183105469,116.56500244140625,113.01000213623047,115.79000091552734,3068400,Yahoo Finance SE
2024-12-18,us,SE,SE,115.5999984741211,115.5999984741211,110.55699920654297,110.98999786376953,3058000,Yahoo Finance SE
2024-12-19,us,SE,SE,111.48999786376953,112.70999908447266,110.22000122070312,111.63999938964844,2979500,Yahoo Finance SE
2024-12-20,us,SE,SE,108.37000274658203,111.93199920654297,107.0,110.63999938964844,3544700,Yahoo Finance SE
2024-12-23,us,SE,SE,110.63999938964844,111.29000091552734,108.29000091552734,109.38999938964844,3347400,Yahoo Finance SE
2024-12-24,us,SE,SE,110.0,111.5999984741211,108.76000213623047,111.47000122070312,991900,Yahoo Finance SE
2024-12-26,us,SE,SE,111.0,111.13999938964844,109.37000274658203,109.6500015258789,1372700,Yahoo Finance SE
2024-12-27,us,SE,SE,109.01000213623047,109.08999633789062,106.36000061035156,108.72000122070312,2293700,Yahoo Finance SE
2024-12-30,us,SE,SE,107.29000091552734,107.8499984741211,106.52999877929688,107.4800033569336,2373900,Yahoo Finance SE
2024-12-31,us,SE,SE,107.16999816894531,107.24500274658203,105.38999938964844,106.0999984741211,1904100,Yahoo Finance SE
2025-01-02,us,SE,SE,105.19000244140625,106.0,102.55000305175781,104.87000274658203,4386200,Yahoo Finance SE
2025-01-03,us,SE,SE,105.51000213623047,106.33000183105469,104.0999984741211,106.31999969482422,3010000,Yahoo Finance SE
2025-01-06,us,SE,SE,108.13999938964844,109.27999877929688,106.44000244140625,108.45999908447266,4766300,Yahoo Finance SE
2025-01-07,us,SE,SE,109.98999786376953,110.26000213623047,105.62999725341797,106.41999816894531,3671000,Yahoo Finance SE
2025-01-08,us,SE,SE,109.55000305175781,109.94999694824219,107.47000122070312,109.3499984741211,3122500,Yahoo Finance SE
2025-01-10,us,SE,SE,106.54000091552734,108.81999969482422,105.19999694824219,108.29000091552734,3337300,Yahoo Finance SE
2025-01-13,us,SE,SE,104.58999633789062,106.87000274658203,103.3499984741211,106.87000274658203,2702600,Yahoo Finance SE
2025-01-14,us,SE,SE,108.2699966430664,111.4800033569336,107.45999908447266,110.44000244140625,3336800,Yahoo Finance SE
2025-01-15,us,SE,SE,112.26000213623047,113.38999938964844,110.0,110.81999969482422,3028100,Yahoo Finance SE
2025-01-16,us,SE,SE,112.0,113.33000183105469,111.0999984741211,111.62999725341797,5298600,Yahoo Finance SE
2025-01-17,us,SE,SE,112.08000183105469,115.30000305175781,111.4000015258789,115.08000183105469,2679300,Yahoo Finance SE
2025-01-21,us,SE,SE,116.98999786376953,119.0,115.80999755859375,118.16000366210938,4626300,Yahoo Finance SE
2025-01-22,us,SE,SE,119.2699966430664,119.37999725341797,117.55599975585938,118.36000061035156,3307800,Yahoo Finance SE
2025-01-23,us,SE,SE,117.31999969482422,118.12999725341797,116.0,116.45999908447266,2516500,Yahoo Finance SE
2025-01-24,us,SE,SE,117.11000061035156,118.18000030517578,116.01000213623047,117.79000091552734,1546800,Yahoo Finance SE
2025-01-27,us,SE,SE,113.83000183105469,118.06999969482422,112.80999755859375,114.2300033569336,2663900,Yahoo Finance SE
2025-01-28,us,SE,SE,115.23999786376953,121.64399719238281,114.06800079345703,119.52999877929688,4587900,Yahoo Finance SE
2025-01-29,us,SE,SE,120.3499984741211,122.7699966430664,118.94999694824219,121.91999816894531,3196800,Yahoo Finance SE
2025-01-30,us,SE,SE,122.87000274658203,125.69000244140625,122.5,123.37999725341797,3374600,Yahoo Finance SE
2025-01-31,us,SE,SE,125.01000213623047,126.12000274658203,121.69999694824219,121.79000091552734,5729700,Yahoo Finance SE
2025-02-03,us,SE,SE,119.0,123.19000244140625,118.19999694824219,121.9000015258789,2579000,Yahoo Finance SE
2025-02-04,us,SE,SE,122.20999908447266,124.13999938964844,120.79000091552734,123.1500015258789,3944600,Yahoo Finance SE
2025-02-05,us,SE,SE,123.1500015258789,123.96600341796875,120.26000213623047,123.08000183105469,2705000,Yahoo Finance SE
2025-02-06,us,SE,SE,123.0999984741211,123.5,121.2699966430664,122.66000366210938,2834600,Yahoo Finance SE
2025-02-07,us,SE,SE,124.0,126.3499984741211,122.31999969482422,123.0,3051700,Yahoo Finance SE
2025-02-10,us,SE,SE,124.91999816894531,126.66500091552734,123.18000030517578,125.27999877929688,2732800,Yahoo Finance SE
2025-02-11,us,SE,SE,123.5,129.89999389648438,123.38099670410156,129.7100067138672,4650800,Yahoo Finance SE
2025-02-12,us,SE,SE,129.5,130.64999389648438,128.30999755859375,130.64999389648438,2955600,Yahoo Finance SE
2025-02-13,us,SE,SE,131.49000549316406,133.1300048828125,129.35000610351562,133.1300048828125,3590800,Yahoo Finance SE
2025-02-14,us,SE,SE,133.82000732421875,135.05999755859375,130.5,134.9499969482422,3762700,Yahoo Finance SE
2025-02-18,us,SE,SE,136.50999450683594,139.17999267578125,135.97999572753906,138.6199951171875,7628700,Yahoo Finance SE
2025-02-19,us,SE,SE,139.0,139.0,135.25999450683594,136.22000122070312,3178900,Yahoo Finance SE
2025-02-20,us,SE,SE,135.88999938964844,136.14999389648438,130.7899932861328,132.8300018310547,3435700,Yahoo Finance SE
2025-02-21,us,SE,SE,133.66000366210938,133.77000427246094,127.44000244140625,127.62000274658203,4711800,Yahoo Finance SE
2025-02-24,us,SE,SE,127.4000015258789,128.05999755859375,124.37000274658203,127.19000244140625,5396400,Yahoo Finance SE
2025-02-25,us,SE,SE,125.91000366210938,125.91000366210938,119.88899993896484,123.91999816894531,6543800,Yahoo Finance SE
2025-02-26,us,SE,SE,125.94999694824219,128.9600067138672,125.47000122070312,128.27000427246094,3560100,Yahoo Finance SE
2025-02-27,us,SE,SE,130.42999267578125,130.74000549316406,125.16300201416016,126.41999816894531,2652700,Yahoo Finance SE
2025-02-28,us,SE,SE,124.0,127.91000366210938,123.0,127.2699966430664,5837500,Yahoo Finance SE
2025-03-03,us,SE,SE,131.85000610351562,132.07000732421875,122.68000030517578,123.48999786376953,5943400,Yahoo Finance SE
2025-03-04,us,SE,SE,130.49000549316406,134.1999969482422,125.41000366210938,132.30999755859375,9456600,Yahoo Finance SE
2025-03-05,us,SE,SE,135.64999389648438,147.72799682617188,135.47000122070312,146.30999755859375,9753500,Yahoo Finance SE
2025-03-06,us,SE,SE,143.3000030517578,144.88999938964844,138.30999755859375,139.14999389648438,7022300,Yahoo Finance SE
2025-03-07,us,SE,SE,138.89999389648438,139.3000030517578,129.92999267578125,135.69000244140625,7247200,Yahoo Finance SE
2025-03-10,us,SE,SE,130.64999389648438,132.4199981689453,124.30999755859375,127.31999969482422,9144600,Yahoo Finance SE
2025-03-11,us,SE,SE,126.0,129.8000030517578,120.80999755859375,127.70999908447266,6959500,Yahoo Finance SE
2025-03-12,us,SE,SE,132.97000122070312,133.80999755859375,128.6999969482422,129.6199951171875,5735000,Yahoo Finance SE
2025-03-13,us,SE,SE,129.5399932861328,130.0,124.58999633789062,124.80999755859375,4539500,Yahoo Finance SE
2025-03-14,us,SE,SE,128.5,129.89999389648438,126.68000030517578,127.43000030517578,3140400,Yahoo Finance SE
2025-03-17,us,SE,SE,128.5,133.42999267578125,128.47000122070312,132.63999938964844,5348800,Yahoo Finance SE
2025-03-18,us,SE,SE,129.32000732421875,130.78900146484375,124.0999984741211,125.12999725341797,6934900,Yahoo Finance SE
2025-03-19,us,SE,SE,126.38999938964844,128.4600067138672,125.88500213623047,126.1500015258789,3923000,Yahoo Finance SE
2025-03-20,us,SE,SE,125.79000091552734,127.6719970703125,124.62999725341797,127.08999633789062,4432700,Yahoo Finance SE
2025-03-21,us,SE,SE,125.30000305175781,126.91500091552734,124.5199966430664,126.06999969482422,3156100,Yahoo Finance SE
2025-03-24,us,SE,SE,128.8800048828125,130.29800415039062,128.0800018310547,129.47999572753906,3184500,Yahoo Finance SE
2025-03-25,us,SE,SE,130.5500030517578,131.02999877929688,128.24000549316406,130.3000030517578,4337300,Yahoo Finance SE
2025-03-26,us,SE,SE,130.75999450683594,132.72000122070312,126.6500015258789,129.27000427246094,3535200,Yahoo Finance SE
2025-03-27,us,SE,SE,128.13999938964844,136.0,127.9000015258789,133.57000732421875,5718700,Yahoo Finance SE
2025-03-28,us,SE,SE,131.99000549316406,133.27000427246094,129.99000549316406,130.6699981689453,3272600,Yahoo Finance SE
2025-03-31,us,SE,SE,128.0,130.52999877929688,124.55000305175781,130.49000549316406,3545700,Yahoo Finance SE
2025-04-01,us,SE,SE,129.25,133.00999450683594,128.52999877929688,132.4600067138672,5170000,Yahoo Finance SE
2025-04-02,us,SE,SE,130.05999755859375,137.0,129.85000610351562,134.5800018310547,3091900,Yahoo Finance SE
2025-04-03,us,SE,SE,124.43000030517578,124.56999969482422,115.69999694824219,120.05000305175781,15183300,Yahoo Finance SE
2025-04-04,us,SE,SE,109.0,112.83999633789062,105.98999786376953,106.62999725341797,15813900,Yahoo Finance SE
2025-04-07,us,SE,SE,99.70999908447266,113.94999694824219,99.5,108.66000366210938,11311900,Yahoo Finance SE
2025-04-08,us,SE,SE,114.06999969482422,115.12000274658203,103.52999877929688,105.56999969482422,7077100,Yahoo Finance SE
2025-04-09,us,SE,SE,102.4000015258789,120.86000061035156,102.4000015258789,119.08999633789062,10641600,Yahoo Finance SE
2025-04-10,us,SE,SE,116.48999786376953,118.5,112.0199966430664,115.27999877929688,4724000,Yahoo Finance SE
2025-04-11,us,SE,SE,112.81999969482422,118.68000030517578,111.13999938964844,117.80999755859375,4399500,Yahoo Finance SE
2025-04-14,us,SE,SE,120.33000183105469,124.0,118.04000091552734,118.7300033569336,3900900,Yahoo Finance SE
2025-04-15,us,SE,SE,118.87999725341797,120.2300033569336,117.62999725341797,119.75,4169000,Yahoo Finance SE
2025-04-16,us,SE,SE,116.5,121.08999633789062,116.0199966430664,118.7300033569336,6022000,Yahoo Finance SE
2025-04-17,us,SE,SE,121.2699966430664,123.66999816894531,120.38999938964844,120.97000122070312,3674400,Yahoo Finance SE
2025-04-21,us,SE,SE,120.01000213623047,120.69999694824219,114.5999984741211,116.52999877929688,2923500,Yahoo Finance SE
2025-04-22,us,SE,SE,117.0,120.37999725341797,116.52999877929688,118.5199966430664,3612800,Yahoo Finance SE
2025-04-23,us,SE,SE,124.03500366210938,125.44000244140625,120.30000305175781,120.44999694824219,4470200,Yahoo Finance SE
2025-04-24,us,SE,SE,120.94000244140625,125.16000366210938,120.01000213623047,124.2300033569336,6044700,Yahoo Finance SE
2025-04-25,us,SE,SE,124.45999908447266,128.72999572753906,124.29000091552734,127.76000213623047,3518700,Yahoo Finance SE
2025-04-28,us,SE,SE,129.0,130.60899353027344,127.21299743652344,130.27999877929688,3239300,Yahoo Finance SE
2025-04-29,us,SE,SE,131.0,134.27000427246094,130.22999572753906,133.9199981689453,3583700,Yahoo Finance SE
2025-04-30,us,SE,SE,131.0,134.27999877929688,129.1699981689453,134.0500030517578,3208200,Yahoo Finance SE
2025-05-01,us,SE,SE,136.19000244140625,138.97000122070312,135.66000366210938,137.30999755859375,3223800,Yahoo Finance SE
2025-05-02,us,SE,SE,139.55999755859375,143.57000732421875,138.75,141.77999877929688,3899900,Yahoo Finance SE
2025-05-05,us,SE,SE,140.0,143.39999389648438,140.0,142.5,2557500,Yahoo Finance SE
2025-05-06,us,SE,SE,140.6699981689453,143.39999389648438,139.8000030517578,142.47000122070312,3289300,Yahoo Finance SE
2025-05-07,us,SE,SE,142.47999572753906,144.1300048828125,140.22500610351562,142.52999877929688,4374900,Yahoo Finance SE
2025-05-08,us,SE,SE,144.50999450683594,147.13999938964844,144.2449951171875,145.82000732421875,3536500,Yahoo Finance SE
2025-05-09,us,SE,SE,142.19000244140625,143.25799560546875,138.24000549316406,139.1699981689453,4692100,Yahoo Finance SE
2025-05-12,us,SE,SE,143.02000427246094,143.97999572753906,139.1199951171875,142.4499969482422,7194400,Yahoo Finance SE
2025-05-13,us,SE,SE,152.00999450683594,155.52000427246094,147.25599670410156,154.1300048828125,12348400,Yahoo Finance SE
2025-05-14,us,SE,SE,158.8800048828125,163.25999450683594,156.58999633789062,163.17999267578125,11197900,Yahoo Finance SE
2025-05-15,us,SE,SE,162.0,164.7100067138672,160.4499969482422,164.6300048828125,6286300,Yahoo Finance SE
2025-05-16,us,SE,SE,165.0,165.30999755859375,161.27999877929688,161.50999450683594,3701100,Yahoo Finance SE
2025-05-19,us,SE,SE,160.0,162.97999572753906,158.0,162.72000122070312,3972200,Yahoo Finance SE
2025-05-20,us,SE,SE,163.1999969482422,163.60000610351562,161.02000427246094,162.41000366210938,2319300,Yahoo Finance SE
2025-05-21,us,SE,SE,162.61000061035156,164.99000549316406,161.67999267578125,163.25999450683594,2849200,Yahoo Finance SE
2025-05-22,us,SE,SE,161.10000610351562,162.74000549316406,160.30499267578125,160.69000244140625,3033300,Yahoo Finance SE
2025-05-23,us,SE,SE,159.3300018310547,165.89999389648438,157.3000030517578,164.05999755859375,3656800,Yahoo Finance SE
2025-05-27,us,SE,SE,166.0,169.27999877929688,164.50999450683594,165.24000549316406,6394200,Yahoo Finance SE
2025-05-28,us,SE,SE,166.7899932861328,167.64500427246094,164.1999969482422,164.9199981689453,4782500,Yahoo Finance SE
2025-05-29,us,SE,SE,166.0,166.81500244140625,160.3800048828125,161.2100067138672,4287400,Yahoo Finance SE
2025-05-30,us,SE,SE,163.14999389648438,163.16000366210938,157.9199981689453,160.3699951171875,5670900,Yahoo Finance SE
2025-06-02,us,SE,SE,160.83999633789062,165.14999389648438,160.2899932861328,165.10000610351562,3276600,Yahoo Finance SE
2025-06-03,us,SE,SE,166.64999389648438,167.97000122070312,164.27000427246094,165.77000427246094,3460500,Yahoo Finance SE
2025-06-04,us,SE,SE,166.75,170.0,166.10000610351562,168.16000366210938,3134100,Yahoo Finance SE
2025-06-05,us,SE,SE,169.97000122070312,172.64999389648438,168.75,170.39999389648438,3622900,Yahoo Finance SE
2025-06-06,us,SE,SE,172.0,172.08999633789062,164.3699951171875,165.61000061035156,4359500,Yahoo Finance SE
2025-06-09,us,SE,SE,164.63999938964844,165.97000122070312,162.07000732421875,164.5800018310547,1659100,Yahoo Finance SE
2025-06-10,us,SE,SE,162.02999877929688,162.3800048828125,154.69400024414062,156.8699951171875,5610600,Yahoo Finance SE
2025-06-11,us,SE,SE,155.6999969482422,156.24000549316406,154.02000427246094,154.44000244140625,4784400,Yahoo Finance SE
2025-06-12,us,SE,SE,153.1999969482422,154.9199981689453,152.52000427246094,154.6300048828125,3370900,Yahoo Finance SE
2025-06-13,us,SE,SE,152.91000366210938,157.1300048828125,152.91000366210938,154.3800048828125,4956400,Yahoo Finance SE
2025-06-16,us,SE,SE,155.97000122070312,160.60000610351562,155.9199981689453,158.19000244140625,4102200,Yahoo Finance SE
2025-06-17,us,SE,SE,159.32000732421875,160.0,156.47000122070312,157.27000427246094,3300600,Yahoo Finance SE
2025-06-18,us,SE,SE,157.5500030517578,158.4600067138672,154.52999877929688,155.69000244140625,2758800,Yahoo Finance SE
2025-06-20,us,SE,SE,156.3000030517578,156.8300018310547,153.0449981689453,153.39999389648438,3174000,Yahoo Finance SE
2025-06-23,us,SE,SE,153.1999969482422,154.51499938964844,149.83999633789062,153.52000427246094,2630900,Yahoo Finance SE
2025-06-24,us,SE,SE,156.7899932861328,160.27000427246094,155.50999450683594,158.2899932861328,5000400,Yahoo Finance SE
2025-06-25,us,SE,SE,158.27000427246094,159.802001953125,155.5,155.80999755859375,3562200,Yahoo Finance SE
2025-06-26,us,SE,SE,157.1999969482422,159.16000366210938,155.8300018310547,158.50999450683594,3740100,Yahoo Finance SE
2025-06-27,us,SE,SE,158.1199951171875,161.75,156.1020050048828,159.30999755859375,4607100,Yahoo Finance SE
2025-06-30,us,SE,SE,159.0,162.10000610351562,157.4499969482422,159.94000244140625,4681400,Yahoo Finance SE
2025-07-01,us,SE,SE,159.0,159.69000244140625,149.0,150.5,6451800,Yahoo Finance SE
2025-07-02,us,SE,SE,150.0,151.81500244140625,147.80999755859375,149.4199981689453,3448800,Yahoo Finance SE
2025-07-03,us,SE,SE,150.0,150.3990020751953,147.52000427246094,149.47000122070312,2289200,Yahoo Finance SE
2025-07-07,us,SE,SE,150.0,153.0,148.3000030517578,151.11000061035156,2448100,Yahoo Finance SE
2025-07-08,us,SE,SE,153.0,153.35000610351562,145.92999267578125,149.11000061035156,3728700,Yahoo Finance SE
2025-07-09,us,SE,SE,150.80499267578125,154.92999267578125,148.4199981689453,152.74000549316406,3988600,Yahoo Finance SE
2025-07-10,us,SE,SE,153.08999633789062,153.1199951171875,145.24099731445312,149.39999389648438,5445500,Yahoo Finance SE
2025-07-11,us,SE,SE,149.1699981689453,150.0,147.0500030517578,148.25999450683594,2875000,Yahoo Finance SE
2025-07-14,us,SE,SE,148.47000122070312,152.2899932861328,148.0,151.1199951171875,3530400,Yahoo Finance SE
2025-07-15,us,SE,SE,154.0500030517578,158.55999755859375,150.6999969482422,158.25999450683594,5083300,Yahoo Finance SE
2025-07-16,us,SE,SE,158.5,164.8300018310547,156.4199981689453,161.3000030517578,7759200,Yahoo Finance SE
2025-07-17,us,SE,SE,161.8300018310547,167.39999389648438,159.22999572753906,167.0800018310547,5095300,Yahoo Finance SE
2025-07-18,us,SE,SE,168.00999450683594,170.0,167.0800018310547,168.5500030517578,4355100,Yahoo Finance SE
2025-07-21,us,SE,SE,163.7100067138672,165.5800018310547,154.77000427246094,155.2899932861328,7744500,Yahoo Finance SE
2025-07-22,us,SE,SE,154.9600067138672,156.08999633789062,151.05999755859375,154.82000732421875,4410000,Yahoo Finance SE
2025-07-23,us,SE,SE,155.38999938964844,160.22000122070312,154.9499969482422,158.57000732421875,3450600,Yahoo Finance SE
2025-07-24,us,SE,SE,159.3800048828125,159.8300018310547,154.75,157.8699951171875,2148100,Yahoo Finance SE
2025-07-25,us,SE,SE,153.99000549316406,160.02000427246094,153.47300720214844,157.7100067138672,4272700,Yahoo Finance SE
2025-07-28,us,SE,SE,159.0,161.5,158.11000061035156,160.74000549316406,2479000,Yahoo Finance SE
2025-07-29,us,SE,SE,161.0,162.22000122070312,158.35000610351562,160.4600067138672,2031300,Yahoo Finance SE
2025-07-30,us,SE,SE,159.5399932861328,160.6999969482422,157.25999450683594,159.25,3658200,Yahoo Finance SE
2025-07-31,us,SE,SE,159.6199951171875,160.0399932861328,155.8300018310547,156.64999389648438,2981300,Yahoo Finance SE
2025-08-01,us,SE,SE,153.5399932861328,155.4499969482422,150.75,154.2100067138672,2768600,Yahoo Finance SE
2025-08-04,us,SE,SE,155.5,157.2899932861328,154.0800018310547,156.74000549316406,2113200,Yahoo Finance SE
2025-08-05,us,SE,SE,154.9499969482422,155.02000427246094,149.0399932861328,151.44000244140625,5636700,Yahoo Finance SE
2025-08-06,us,SE,SE,152.25999450683594,152.64999389648438,147.22999572753906,147.5399932861328,6095000,Yahoo Finance SE
2025-08-07,us,SE,SE,150.0,151.11000061035156,147.52000427246094,148.86000061035156,3689700,Yahoo Finance SE
2025-08-08,us,SE,SE,150.27999877929688,151.0399932861328,145.6300048828125,147.61000061035156,3846100,Yahoo Finance SE
2025-08-11,us,SE,SE,147.1999969482422,150.2899932861328,145.88999938964844,146.22999572753906,7008400,Yahoo Finance SE
2025-08-12,us,SE,SE,166.5,178.0,165.8000030517578,174.1199951171875,19402500,Yahoo Finance SE
2025-08-13,us,SE,SE,175.86000061035156,181.75999450683594,173.02000427246094,174.66000366210938,7751400,Yahoo Finance SE
2025-08-14,us,SE,SE,174.0,175.6999969482422,170.69000244140625,174.00999450683594,3556300,Yahoo Finance SE
2025-08-15,us,SE,SE,174.7100067138672,180.11000061035156,174.13999938964844,177.27999877929688,4346700,Yahoo Finance SE
2025-08-18,us,SE,SE,177.0500030517578,177.72000122070312,174.60000610351562,177.27000427246094,2516400,Yahoo Finance SE
2025-08-19,us,SE,SE,177.50999450683594,181.60000610351562,177.25,179.25,4088500,Yahoo Finance SE
2025-08-20,us,SE,SE,178.24000549316406,178.97999572753906,173.7100067138672,178.74000549316406,3428300,Yahoo Finance SE
2025-08-21,us,SE,SE,178.25,181.1999969482422,177.5,179.60000610351562,2616700,Yahoo Finance SE
2025-08-22,us,SE,SE,180.0,185.67999267578125,178.88999938964844,185.52999877929688,4864600,Yahoo Finance SE
2025-08-25,us,SE,SE,186.5,190.75,184.25,187.5500030517578,4745800,Yahoo Finance SE
2025-08-26,us,SE,SE,187.0,188.75999450683594,186.10000610351562,188.2899932861328,2531700,Yahoo Finance SE
2025-08-27,us,SE,SE,187.5,188.8800048828125,182.77000427246094,182.91000366210938,2586600,Yahoo Finance SE
2025-08-28,us,SE,SE,183.47999572753906,186.25,181.38999938964844,186.24000549316406,3570600,Yahoo Finance SE
2025-08-29,us,SE,SE,186.24000549316406,188.02000427246094,185.07000732421875,186.5399932861328,5354500,Yahoo Finance SE
2025-09-02,us,SE,SE,181.6300048828125,181.86000061035156,176.5,178.77999877929688,5167500,Yahoo Finance SE
2025-09-03,us,SE,SE,177.44000244140625,181.08999633789062,173.0,180.97999572753906,2776100,Yahoo Finance SE
2025-09-04,us,SE,SE,182.27000427246094,190.0,182.0,189.7100067138672,3970900,Yahoo Finance SE
2025-09-05,us,SE,SE,192.19000244140625,192.27999877929688,185.82000732421875,191.6199951171875,4430200,Yahoo Finance SE
2025-09-08,us,SE,SE,193.25,195.0,189.9499969482422,190.57000732421875,3182700,Yahoo Finance SE
2025-09-09,us,SE,SE,189.97999572753906,192.91000366210938,187.6999969482422,192.6699981689453,3209400,Yahoo Finance SE
2025-09-10,us,SE,SE,192.0,193.61000061035156,190.6199951171875,193.0399932861328,2485600,Yahoo Finance SE
2025-09-11,us,SE,SE,195.0,199.3000030517578,194.13999938964844,196.5,4523400,Yahoo Finance SE
2025-09-12,us,SE,SE,195.5500030517578,197.73899841308594,194.7100067138672,196.0500030517578,3049000,Yahoo Finance SE
2025-09-15,us,SE,SE,196.1699981689453,196.44900512695312,189.25,190.4600067138672,3215900,Yahoo Finance SE
2025-09-16,us,SE,SE,189.19000244140625,191.01499938964844,187.02999877929688,189.07000732421875,3708700,Yahoo Finance SE
2025-09-17,us,SE,SE,189.30999755859375,189.5,184.5500030517578,186.88999938964844,3519400,Yahoo Finance SE
2025-09-18,us,SE,SE,188.6300048828125,191.36000061035156,187.0,190.55999755859375,4202100,Yahoo Finance SE
2025-09-19,us,SE,SE,191.72999572753906,193.52999877929688,190.75,192.75999450683594,3152400,Yahoo Finance SE
2025-09-22,us,SE,SE,191.1999969482422,195.47999572753906,189.8000030517578,192.9600067138672,2362000,Yahoo Finance SE
2025-09-23,us,SE,SE,192.08999633789062,192.52000427246094,185.00999450683594,185.25,3570100,Yahoo Finance SE
2025-09-24,us,SE,SE,185.0,189.32000732421875,183.30999755859375,185.82000732421875,2495800,Yahoo Finance SE
2025-09-25,us,SE,SE,183.2899932861328,186.4199981689453,183.0,185.91000366210938,3110200,Yahoo Finance SE
2025-09-26,us,SE,SE,185.05999755859375,186.0,179.75,184.5800018310547,3143200,Yahoo Finance SE
2025-09-29,us,SE,SE,186.1300048828125,186.23500061035156,180.3800048828125,181.4499969482422,3839700,Yahoo Finance SE
2025-09-30,us,SE,SE,182.1999969482422,182.2100067138672,176.25999450683594,178.72999572753906,4199400,Yahoo Finance SE
2025-10-01,us,SE,SE,179.0,182.8699951171875,176.69000244140625,182.00999450683594,4333400,Yahoo Finance SE
2025-10-02,us,SE,SE,183.99000549316406,184.64999389648438,176.82200622558594,184.22000122070312,3429400,Yahoo Finance SE
2025-10-03,us,SE,SE,184.30999755859375,188.77000427246094,183.14999389648438,184.91000366210938,2215200,Yahoo Finance SE
2025-10-06,us,SE,SE,186.0500030517578,190.9199981689453,184.9600067138672,189.5,2973300,Yahoo Finance SE
2025-10-07,us,SE,SE,190.5,191.32000732421875,187.69000244140625,191.00999450683594,2458700,Yahoo Finance SE
2025-10-08,us,SE,SE,190.99000549316406,193.47999572753906,189.3300018310547,192.69000244140625,2718000,Yahoo Finance SE
2025-10-09,us,SE,SE,191.3699951171875,191.38999938964844,183.8800048828125,188.0,4338400,Yahoo Finance SE
2025-10-10,us,SE,SE,186.60000610351562,189.77999877929688,180.0,180.82000732421875,3196300,Yahoo Finance SE
2025-10-13,us,SE,SE,181.14999389648438,183.89999389648438,180.9340057373047,182.60000610351562,2371000,Yahoo Finance SE
2025-10-14,us,SE,SE,179.32000732421875,181.86000061035156,176.0,180.69000244140625,2744500,Yahoo Finance SE
2025-10-15,us,SE,SE,184.25,184.9600067138672,162.02000427246094,163.4199981689453,9218300,Yahoo Finance SE
2025-10-16,us,SE,SE,174.49000549316406,175.8000030517578,162.5,162.64999389648438,12260800,Yahoo Finance SE
2025-10-17,us,SE,SE,161.42999267578125,162.64999389648438,158.83999633789062,160.05999755859375,6112900,Yahoo Finance SE
2025-10-20,us,SE,SE,162.58999633789062,167.19000244140625,160.85000610351562,165.6999969482422,4097800,Yahoo Finance SE
2025-10-21,us,SE,SE,170.0,171.08999633789062,164.60000610351562,164.60000610351562,3882800,Yahoo Finance SE
2025-10-22,us,SE,SE,156.39999389648438,161.3000030517578,154.72000122070312,156.74000549316406,7693100,Yahoo Finance SE
2025-10-23,us,SE,SE,157.27999877929688,157.60499572753906,155.0500030517578,156.25999450683594,3057900,Yahoo Finance SE
2025-10-24,us,SE,SE,158.7100067138672,158.7100067138672,154.22500610351562,154.66000366210938,2532600,Yahoo Finance SE
2025-10-27,us,SE,SE,157.8300018310547,161.64999389648438,156.50999450683594,160.10000610351562,3932000,Yahoo Finance SE
2025-10-28,us,SE,SE,162.16000366210938,164.02999877929688,157.41000366210938,159.7100067138672,4508000,Yahoo Finance SE
2025-10-29,us,SE,SE,159.5,159.63999938964844,154.8699951171875,155.92999267578125,3152500,Yahoo Finance SE
2025-10-30,us,SE,SE,154.24000549316406,159.1199951171875,152.79600524902344,155.92999267578125,4045400,Yahoo Finance SE
2025-10-31,us,SE,SE,156.5,157.42999267578125,154.80999755859375,156.25,3122000,Yahoo Finance SE
2025-11-03,us,SE,SE,156.75999450683594,159.1300048828125,155.08999633789062,157.41000366210938,2694200,Yahoo Finance SE
2025-11-04,us,SE,SE,154.3000030517578,156.9499969482422,151.6300048828125,156.50999450683594,2981800,Yahoo Finance SE
2025-11-05,us,SE,SE,156.16000366210938,159.11000061035156,155.47999572753906,157.75999450683594,2723700,Yahoo Finance SE
2025-11-06,us,SE,SE,158.32000732421875,159.8000030517578,152.35000610351562,153.55999755859375,4305800,Yahoo Finance SE
2025-11-07,us,SE,SE,151.0,151.1199951171875,145.7899932861328,149.94000244140625,7065000,Yahoo Finance SE
2025-11-10,us,SE,SE,152.8000030517578,156.02000427246094,151.0,155.0500030517578,8953700,Yahoo Finance SE
2025-11-11,us,SE,SE,159.02999877929688,159.08999633789062,141.1999969482422,142.30999755859375,16009100,Yahoo Finance SE
2025-11-12,us,SE,SE,145.2949981689453,150.7899932861328,142.61000061035156,143.35000610351562,6978700,Yahoo Finance SE
2025-11-13,us,SE,SE,144.27000427246094,144.47999572753906,139.41000366210938,140.0399932861328,5486200,Yahoo Finance SE
2025-11-14,us,SE,SE,134.75,141.49000549316406,134.50999450683594,140.85000610351562,6168500,Yahoo Finance SE
2025-11-17,us,SE,SE,145.13999938964844,148.0800018310547,143.69500732421875,145.75,5145900,Yahoo Finance SE
2025-11-18,us,SE,SE,143.52000427246094,148.0,143.49000549316406,147.25999450683594,4416800,Yahoo Finance SE
2025-11-19,us,SE,SE,146.5,147.33999633789062,143.24000549316406,143.52999877929688,3567300,Yahoo Finance SE
2025-11-20,us,SE,SE,145.27000427246094,145.27000427246094,130.44000244140625,130.99000549316406,10163700,Yahoo Finance SE
2025-11-21,us,SE,SE,131.27999877929688,133.94000244140625,127.83499908447266,131.33999633789062,7647500,Yahoo Finance SE
2025-11-24,us,SE,SE,132.6999969482422,136.9250030517578,130.6699981689453,136.3800048828125,5855300,Yahoo Finance SE
2025-11-25,us,SE,SE,136.72999572753906,136.72999572753906,132.7050018310547,136.2899932861328,4313100,Yahoo Finance SE
2025-11-26,us,SE,SE,138.11000061035156,140.41000366210938,134.19000244140625,134.25999450683594,4661700,Yahoo Finance SE
2025-11-28,us,SE,SE,136.38999938964844,140.0449981689453,135.6300048828125,139.00999450683594,2590500,Yahoo Finance SE
2025-12-01,us,SE,SE,138.32000732421875,138.6750030517578,135.05999755859375,135.27999877929688,4135600,Yahoo Finance SE
2025-12-02,us,SE,SE,135.27000427246094,138.47000122070312,133.5,137.8300018310547,3556200,Yahoo Finance SE
2025-12-03,us,SE,SE,137.1999969482422,137.22999572753906,134.5800018310547,135.0399932861328,3318700,Yahoo Finance SE
2025-12-04,us,SE,SE,134.66000366210938,135.72000122070312,132.2100067138672,135.41000366210938,2689200,Yahoo Finance SE
2025-12-05,us,SE,SE,136.07000732421875,138.11000061035156,133.7550048828125,133.99000549316406,3580000,Yahoo Finance SE
2025-12-08,us,SE,SE,134.00999450683594,134.5,127.02999877929688,128.27999877929688,7294200,Yahoo Finance SE
2025-12-09,us,SE,SE,127.37000274658203,129.5,126.80999755859375,128.66000366210938,5845200,Yahoo Finance SE
2025-12-10,us,SE,SE,128.52999877929688,129.0,123.15499877929688,124.22000122070312,7090800,Yahoo Finance SE
2025-12-11,us,SE,SE,125.0,129.02999877929688,124.20999908447266,126.5999984741211,6427100,Yahoo Finance SE
2025-12-12,us,SE,SE,127.5,129.10000610351562,123.7509994506836,125.0199966430664,4132400,Yahoo Finance SE
2025-12-15,us,SE,SE,125.0199966430664,125.5,121.32499694824219,121.55999755859375,3651000,Yahoo Finance SE
2025-12-16,us,SE,SE,121.83000183105469,125.08000183105469,121.29499816894531,124.2699966430664,5373300,Yahoo Finance SE
2025-12-17,us,SE,SE,125.0,125.37000274658203,118.86000061035156,118.94999694824219,5494100,Yahoo Finance SE
2025-12-18,us,SE,SE,121.04000091552734,122.73999786376953,119.4800033569336,120.45999908447266,5655900,Yahoo Finance SE
2025-12-19,us,SE,SE,122.55999755859375,123.6500015258789,121.5,121.97000122070312,4908100,Yahoo Finance SE
2025-12-22,us,SE,SE,123.01000213623047,125.80999755859375,120.30000305175781,124.77999877929688,3641600,Yahoo Finance SE
2025-12-23,us,SE,SE,126.0,126.11000061035156,123.4000015258789,125.7699966430664,3274600,Yahoo Finance SE
2025-12-24,us,SE,SE,125.69999694824219,127.13500213623047,125.18000030517578,126.25,1716600,Yahoo Finance SE
2025-12-26,us,SE,SE,126.25,128.52000427246094,125.9000015258789,127.8499984741211,1840500,Yahoo Finance SE
2025-12-29,us,SE,SE,127.8499984741211,131.19000244140625,127.44999694824219,130.88999938964844,4615900,Yahoo Finance SE
2025-12-30,us,SE,SE,131.5500030517578,132.47999572753906,128.25,128.35000610351562,2425300,Yahoo Finance SE
2025-12-31,us,SE,SE,127.80999755859375,128.14300537109375,126.83000183105469,127.56999969482422,1974000,Yahoo Finance SE
2026-01-02,us,SE,SE,131.52999877929688,133.5,129.16000366210938,131.49000549316406,3407400,Yahoo Finance SE
2026-01-05,us,SE,SE,133.86000061035156,142.8000030517578,133.3350067138672,139.77999877929688,6905400,Yahoo Finance SE
2026-01-06,us,SE,SE,142.3800048828125,148.25999450683594,142.35000610351562,142.88999938964844,8311800,Yahoo Finance SE
2026-01-07,us,SE,SE,143.1999969482422,143.27999877929688,139.0500030517578,139.24000549316406,4316200,Yahoo Finance SE
2026-01-08,us,SE,SE,136.0800018310547,137.42999267578125,133.0,134.14999389648438,4156200,Yahoo Finance SE
2026-01-09,us,SE,SE,133.57000732421875,135.0,131.7100067138672,133.52000427246094,2921600,Yahoo Finance SE
2026-01-12,us,SE,SE,134.0,134.38999938964844,130.1999969482422,131.58999633789062,3083200,Yahoo Finance SE
2026-01-13,us,SE,SE,130.41000366210938,130.4499969482422,126.5199966430664,129.86000061035156,6346300,Yahoo Finance SE
2026-01-14,us,SE,SE,129.0399932861328,129.18499755859375,123.93000030517578,125.25,6248800,Yahoo Finance SE
2026-01-15,us,SE,SE,124.02999877929688,125.0,121.86000061035156,124.0,5026400,Yahoo Finance SE
2026-01-16,us,SE,SE,124.0,124.37999725341797,120.80000305175781,121.41999816894531,3989400,Yahoo Finance SE
2026-01-20,us,SE,SE,119.2300033569336,121.7300033569336,118.54000091552734,121.22000122070312,6096900,Yahoo Finance SE
2026-01-21,us,SE,SE,122.41000366210938,122.80000305175781,119.58999633789062,121.12999725341797,7875100,Yahoo Finance SE
2026-01-22,us,SE,SE,122.0,125.69999694824219,120.52999877929688,122.83000183105469,6826600,Yahoo Finance SE
2026-01-23,us,SE,SE,124.69999694824219,126.95999908447266,124.16999816894531,124.77999877929688,3701700,Yahoo Finance SE
2026-01-26,us,SE,SE,124.88500213623047,126.55999755859375,122.0999984741211,125.93000030517578,3823300,Yahoo Finance SE
2026-01-27,us,SE,SE,127.19999694824219,127.91999816894531,124.05000305175781,127.11000061035156,2784700,Yahoo Finance SE
2026-01-28,us,SE,SE,128.3800048828125,130.19000244140625,125.54000091552734,126.55000305175781,5645600,Yahoo Finance SE
2026-01-29,us,SE,SE,127.5,128.5,120.625,121.9000015258789,5797700,Yahoo Finance SE
2026-01-30,us,SE,SE,120.51000213623047,121.88999938964844,115.61000061035156,116.48999786376953,5395800,Yahoo Finance SE
2026-02-02,us,SE,SE,116.27999877929688,116.33999633789062,111.93000030517578,113.58999633789062,7639300,Yahoo Finance SE
2026-02-03,us,SE,SE,113.02999877929688,113.25,105.19999694824219,108.19999694824219,10319600,Yahoo Finance SE
2026-02-04,us,SE,SE,107.62999725341797,107.9000015258789,102.28500366210938,106.26000213623047,10093600,Yahoo Finance SE
2026-02-05,us,SE,SE,106.55000305175781,109.49700164794922,106.0,108.56999969482422,7897700,Yahoo Finance SE
2026-02-06,us,SE,SE,110.05999755859375,112.1449966430664,107.05000305175781,108.54000091552734,7723500,Yahoo Finance SE
2026-02-09,us,SE,SE,108.0,110.22000122070312,106.80999755859375,108.86000061035156,6581700,Yahoo Finance SE
2026-02-10,us,SE,SE,109.88999938964844,114.9000015258789,108.51000213623047,113.33000183105469,6155500,Yahoo Finance SE
2026-02-11,us,SE,SE,116.5,118.08999633789062,113.3499984741211,114.5199966430664,5579400,Yahoo Finance SE
2026-02-12,us,SE,SE,114.26000213623047,114.93000030517578,106.5,109.05999755859375,6932800,Yahoo Finance SE
2026-02-13,us,SE,SE,108.79000091552734,110.08499908447266,105.5999984741211,106.73999786376953,5137700,Yahoo Finance SE
2026-02-17,us,SE,SE,107.0,110.7699966430664,106.75,108.51000213623047,3754500,Yahoo Finance SE
2026-02-18,us,SE,SE,109.0,113.18000030517578,108.4800033569336,112.77999877929688,4276800,Yahoo Finance SE
2026-02-19,us,SE,SE,113.33999633789062,117.45999908447266,113.10600280761719,114.5999984741211,3227500,Yahoo Finance SE
2026-02-20,us,SE,SE,113.80000305175781,116.52999877929688,112.77999877929688,115.0,3065800,Yahoo Finance SE
2026-02-23,us,SE,SE,113.91999816894531,115.8499984741211,110.98999786376953,111.23999786376953,3951100,Yahoo Finance SE
2026-02-24,us,SE,SE,109.69999694824219,109.87000274658203,104.51000213623047,107.11000061035156,7030900,Yahoo Finance SE
2026-02-25,us,SE,SE,106.0,106.69999694824219,102.54000091552734,104.47000122070312,6300300,Yahoo Finance SE
2026-02-26,us,SE,SE,104.54000091552734,111.08000183105469,103.54000091552734,110.9000015258789,6276700,Yahoo Finance SE
2026-02-27,us,SE,SE,108.87000274658203,110.51000213623047,107.74400329589844,108.44999694824219,5515000,Yahoo Finance SE
2026-03-02,us,SE,SE,105.02999877929688,105.72799682617188,102.80999755859375,105.20999908447266,8486500,Yahoo Finance SE
2026-03-03,us,SE,SE,80.4000015258789,89.62999725341797,77.05000305175781,87.81999969482422,34838400,Yahoo Finance SE
2026-03-04,us,SE,SE,88.0,89.29000091552734,86.25,88.26000213623047,12027400,Yahoo Finance SE
2026-03-05,us,SE,SE,89.43000030517578,96.0,89.08100128173828,95.5199966430664,11432200,Yahoo Finance SE
2026-03-06,us,SE,SE,94.4800033569336,95.75,91.0,91.9800033569336,7466300,Yahoo Finance SE
2026-03-09,us,SE,SE,90.13999938964844,90.80000305175781,87.58000183105469,90.0999984741211,6762800,Yahoo Finance SE
2026-03-10,us,SE,SE,91.58000183105469,91.97899627685547,89.0,89.16999816894531,4408200,Yahoo Finance SE
2026-03-11,us,SE,SE,88.41000366210938,89.94999694824219,85.94999694824219,87.81999969482422,4093200,Yahoo Finance SE
2026-03-12,us,SE,SE,86.38999938964844,89.0,84.66999816894531,85.16000366210938,4609800,Yahoo Finance SE
2026-03-13,us,SE,SE,85.33999633789062,87.5,84.91000366210938,86.0,2983700,Yahoo Finance SE
2026-03-16,us,SE,SE,87.0,88.95999908447266,86.47100067138672,87.56999969482422,3732900,Yahoo Finance SE
2026-03-17,us,SE,SE,87.22000122070312,89.19200134277344,86.26000213623047,87.58999633789062,3682300,Yahoo Finance SE
2026-03-18,us,SE,SE,86.47000122070312,86.56999969482422,84.29499816894531,84.47000122070312,3271000,Yahoo Finance SE
2026-03-19,us,SE,SE,82.19999694824219,82.19999694824219,79.88999938964844,80.9800033569336,5359100,Yahoo Finance SE
2026-03-20,us,SE,SE,80.76000213623047,81.69999694824219,78.32099914550781,78.8499984741211,6022000,Yahoo Finance SE
2026-03-23,us,SE,SE,79.75,81.41999816894531,77.76200103759766,79.79000091552734,4818300,Yahoo Finance SE
2026-03-24,us,SE,SE,78.44999694824219,79.41000366210938,77.2699966430664,78.30999755859375,3986100,Yahoo Finance SE
2026-03-25,us,SE,SE,80.18000030517578,82.80000305175781,79.94000244140625,82.47000122070312,3013900,Yahoo Finance SE
2026-03-26,us,SE,SE,81.91000366210938,83.0999984741211,79.7300033569336,79.86000061035156,2557200,Yahoo Finance SE
2026-03-27,us,SE,SE,79.2699966430664,79.98999786376953,77.89199829101562,78.16000366210938,2503500,Yahoo Finance SE
2026-03-30,us,SE,SE,78.76000213623047,79.62000274658203,77.5999984741211,78.30999755859375,3394600,Yahoo Finance SE
2026-03-31,us,SE,SE,80.37999725341797,83.30999755859375,80.0199966430664,82.80999755859375,4062000,Yahoo Finance SE
2026-04-01,us,SE,SE,84.12999725341797,84.8550033569336,81.37000274658203,82.16000366210938,3924200,Yahoo Finance SE
2026-04-02,us,SE,SE,79.5199966430664,82.55999755859375,79.0,82.27999877929688,2318200,Yahoo Finance SE
2026-04-06,us,SE,SE,82.51000213623047,84.41999816894531,81.95999908447266,82.29000091552734,2062600,Yahoo Finance SE
2026-04-07,us,SE,SE,82.22000122070312,82.52999877929688,80.30000305175781,81.36000061035156,1905800,Yahoo Finance SE
2026-04-08,us,SE,SE,89.0,92.7699966430664,85.02999877929688,85.30999755859375,5444300,Yahoo Finance SE
2026-04-09,us,SE,SE,85.0,85.55000305175781,82.35600280761719,85.45999908447266,2639600,Yahoo Finance SE
2026-04-10,us,SE,SE,86.76000213623047,86.8499984741211,84.62000274658203,85.91999816894531,3378300,Yahoo Finance SE
2026-04-13,us,SE,SE,84.55000305175781,87.3499984741211,83.69000244140625,86.41000366210938,3162600,Yahoo Finance SE
2026-04-14,us,SE,SE,87.0,90.19999694824219,85.3499984741211,85.5999984741211,4716100,Yahoo Finance SE
2026-04-15,us,SE,SE,86.5,91.07499694824219,85.88999938964844,90.33000183105469,4770900,Yahoo Finance SE
2026-04-16,us,SE,SE,92.86000061035156,93.31999969482422,89.80999755859375,90.4000015258789,3169100,Yahoo Finance SE
2026-04-17,us,SE,SE,92.12999725341797,93.44000244140625,89.47000122070312,91.33000183105469,3792300,Yahoo Finance SE
2026-04-20,us,SE,SE,90.6500015258789,90.875,88.6050033569336,89.33999633789062,4192500,Yahoo Finance SE
2026-04-21,us,SE,SE,89.5,89.88999938964844,86.61000061035156,86.83000183105469,3344800,Yahoo Finance SE
2026-04-22,us,SE,SE,86.75,87.73999786376953,84.25,86.29000091552734,7161900,Yahoo Finance SE
2026-04-23,us,SE,SE,84.77999877929688,84.77999877929688,82.04000091552734,83.3499984741211,3385400,Yahoo Finance SE
2026-04-24,us,SE,SE,83.5,85.83999633789062,83.0,85.44000244140625,3283100,Yahoo Finance SE
2026-04-27,us,SE,SE,85.4749984741211,86.48999786376953,84.47000122070312,85.48999786376953,2917400,Yahoo Finance SE
2026-04-28,us,SE,SE,84.41000366210938,86.77999877929688,84.41000366210938,85.83999633789062,3526200,Yahoo Finance SE
2026-04-29,us,SE,SE,85.88999938964844,86.5999984741211,81.87999725341797,83.20999908447266,3904000,Yahoo Finance SE
2026-04-30,us,SE,SE,82.87000274658203,85.5199966430664,82.3219985961914,84.87999725341797,2890400,Yahoo Finance SE
2026-05-01,us,SE,SE,86.02999877929688,86.6050033569336,85.31999969482422,86.19999694824219,2655100,Yahoo Finance SE
2026-05-04,us,SE,SE,86.19999694824219,87.47000122070312,84.37000274658203,85.41000366210938,2143000,Yahoo Finance SE
2026-05-05,us,SE,SE,86.08000183105469,86.11000061035156,83.51000213623047,84.4800033569336,2695200,Yahoo Finance SE
2026-05-06,us,SE,SE,86.25,90.04000091552734,86.19999694824219,90.0199966430664,3806300,Yahoo Finance SE
2026-05-07,us,SE,SE,90.42500305175781,91.97000122070312,88.54499816894531,88.63999938964844,4340900,Yahoo Finance SE
2026-05-08,us,SE,SE,85.80000305175781,87.79000091552734,84.68000030517578,86.7300033569336,4006700,Yahoo Finance SE
2026-05-11,us,SE,SE,84.81999969482422,85.33000183105469,81.83999633789062,84.87000274658203,11019000,Yahoo Finance SE
2026-05-12,us,SE,SE,94.70999908447266,98.09700012207031,90.25,96.0199966430664,14999700,Yahoo Finance SE
2026-05-13,us,SE,SE,98.56999969482422,99.9729995727539,92.89399719238281,93.5199966430664,10087100,Yahoo Finance SE
2026-05-14,us,SE,SE,93.0999984741211,93.0999984741211,87.4000015258789,88.33000183105469,4864600,Yahoo Finance SE
2026-05-15,us,SE,SE,88.19999694824219,90.2699966430664,87.72000122070312,88.2300033569336,4228900,Yahoo Finance SE
2026-05-18,us,SE,SE,87.18000030517578,89.9739990234375,86.3499984741211,88.29000091552734,3588600,Yahoo Finance SE
2026-05-19,us,SE,SE,87.3499984741211,88.875,86.00199890136719,87.27999877929688,3233400,Yahoo Finance SE
2026-05-20,us,SE,SE,87.0,87.66999816894531,84.69000244140625,86.55000305175781,4488700,Yahoo Finance SE
2026-05-21,us,SE,SE,85.3499984741211,88.9800033569336,84.62999725341797,88.95999908447266,3119800,Yahoo Finance SE
2026-05-22,us,SE,SE,89.33999633789062,91.79000091552734,86.02400207519531,87.2699966430664,2712800,Yahoo Finance SE
2026-05-26,us,SE,SE,88.44999694824219,90.58999633789062,87.5999984741211,89.0199966430664,3366400,Yahoo Finance SE
2026-05-27,us,SE,SE,89.0999984741211,94.36000061035156,88.5,93.45999908447266,3585500,Yahoo Finance SE
2026-05-28,us,SE,SE,92.0,93.19000244140625,90.87999725341797,91.94000244140625,3548400,Yahoo Finance SE
2026-05-29,us,SE,SE,91.0,92.12000274658203,88.87999725341797,90.52999877929688,5715100,Yahoo Finance SE
2026-06-01,us,SE,SE,91.98999786376953,97.80000305175781,91.9800033569336,95.25,3915300,Yahoo Finance SE
2026-06-02,us,SE,SE,95.25,96.5,92.62000274658203,93.13999938964844,2779800,Yahoo Finance SE
2026-06-03,us,SE,SE,92.6500015258789,93.50499725341797,88.06999969482422,89.45999908447266,5241600,Yahoo Finance SE
2026-06-04,us,SE,SE,91.0,93.55000305175781,90.0,92.08999633789062,2521800,Yahoo Finance SE
2026-06-05,us,SE,SE,91.19999694824219,91.62000274658203,85.80000305175781,86.55999755859375,4358200,Yahoo Finance SE
2026-06-08,us,SE,SE,85.0999984741211,85.98300170898438,83.55999755859375,84.48999786376953,2936900,Yahoo Finance SE
2026-06-09,us,SE,SE,84.75,85.76000213623047,82.2300033569336,84.87000274658203,3009300,Yahoo Finance SE
2026-06-10,us,SE,SE,83.91000366210938,84.19999694824219,81.31999969482422,82.44000244140625,4079200,Yahoo Finance SE
2026-06-11,us,SE,SE,82.12999725341797,85.70999908447266,80.80000305175781,85.69000244140625,2731500,Yahoo Finance SE
2026-06-12,us,SE,SE,86.11000061035156,86.6500015258789,82.66500091552734,82.94000244140625,3428200,Yahoo Finance SE
2026-06-15,us,SE,SE,85.5999984741211,88.2300033569336,85.33000183105469,86.66000366210938,3899800,Yahoo Finance SE
2026-06-16,us,SE,SE,88.5,90.29000091552734,86.20999908447266,86.80999755859375,3228700,Yahoo Finance SE
2026-06-17,us,SE,SE,88.54000091552734,93.76000213623047,88.25,90.83999633789062,4944700,Yahoo Finance SE
2026-06-18,us,SE,SE,90.80000305175781,92.26000213623047,89.15499877929688,91.27999877929688,3538500,Yahoo Finance SE
2026-06-22,us,SE,SE,90.01000213623047,90.5,88.73999786376953,89.04000091552734,2752000,Yahoo Finance SE
2026-06-23,us,SE,SE,87.26000213623047,92.37999725341797,87.0,91.79000091552734,3241200,Yahoo Finance SE
2026-06-24,us,SE,SE,90.9000015258789,95.66000366210938,89.97000122070312,92.75,3389600,Yahoo Finance SE
2026-06-25,us,SE,SE,91.27999877929688,92.27999877929688,88.04000091552734,89.01000213623047,3016300,Yahoo Finance SE
2026-06-26,us,SE,SE,87.13999938964844,91.44000244140625,85.66999816894531,91.33000183105469,2716800,Yahoo Finance SE
2026-06-29,us,SE,SE,92.05000305175781,94.84100341796875,91.19000244140625,92.94999694824219,2744700,Yahoo Finance SE
2026-06-30,us,SE,SE,91.33999633789062,96.16000366210938,90.16000366210938,95.83000183105469,6330100,Yahoo Finance SE
2026-07-01,us,SE,SE,96.88999938964844,103.30000305175781,95.7750015258789,102.33000183105469,6207300,Yahoo Finance SE
2026-07-02,us,SE,SE,103.98999786376953,105.9000015258789,102.5199966430664,103.30000305175781,7394600,Yahoo Finance SE
2026-07-06,us,SE,SE,103.31999969482422,106.19999694824219,102.78900146484375,105.0,4833400,Yahoo Finance SE
2026-07-07,us,SE,SE,105.0,106.80999755859375,104.0,104.2300033569336,3479500,Yahoo Finance SE
2026-07-08,us,SE,SE,102.12999725341797,106.01000213623047,101.0199966430664,105.30999755859375,5048400,Yahoo Finance SE
2026-07-09,us,SE,SE,105.76000213623047,109.5999984741211,104.75,109.11000061035156,3839200,Yahoo Finance SE
2026-07-10,us,SE,SE,112.44000244140625,115.72000122070312,110.77999877929688,111.13999938964844,8048000,Yahoo Finance SE
2026-07-13,us,SE,SE,111.22000122070312,115.54000091552734,110.55999755859375,110.66000366210938,6623000,Yahoo Finance SE
2026-07-14,us,SE,SE,110.0,111.76000213623047,108.29000091552734,109.29000091552734,5027700,Yahoo Finance SE
2026-07-15,us,SE,SE,109.08499908447266,114.69999694824219,109.0,111.36000061035156,4263600,Yahoo Finance SE
2026-07-16,us,SE,SE,111.19999694824219,111.96900177001953,105.5999984741211,106.22000122070312,5108200,Yahoo Finance SE
2026-07-17,us,SE,SE,102.62000274658203,105.41999816894531,100.7699966430664,104.05000305175781,6010600,Yahoo Finance SE
2026-07-20,us,SE,SE,104.0,108.20500183105469,104.0,105.69000244140625,2602400,Yahoo Finance SE
2026-07-21,us,SE,SE,106.68000030517578,108.19000244140625,105.87000274658203,106.18000030517578,472020,Yahoo Finance SE
