date,market,symbol,name,open,high,low,close,volume,source
2010-02-16,us,UNH,,32.33000183105469,32.599998474121094,31.38999938964844,31.6299991607666,13934200,Yahoo Finance daily
2010-02-17,us,UNH,,31.68000030517578,33.209999084472656,31.68000030517578,32.54999923706055,11690900,Yahoo Finance daily
2010-02-18,us,UNH,,32.22999954223633,32.9900016784668,32.119998931884766,32.689998626708984,10327100,Yahoo Finance daily
2010-02-19,us,UNH,,32.41999816894531,32.77000045776367,31.82999992370605,31.940000534057617,11508200,Yahoo Finance daily
2010-02-22,us,UNH,,32.11000061035156,33.119998931884766,31.8799991607666,33.08000183105469,16338800,Yahoo Finance daily
2010-02-23,us,UNH,,32.869998931884766,33.16999816894531,32.36000061035156,32.810001373291016,10746500,Yahoo Finance daily
2010-02-24,us,UNH,,32.880001068115234,33.65999984741211,32.36000061035156,33.619998931884766,10982600,Yahoo Finance daily
2010-02-25,us,UNH,,33.31999969482422,33.97999954223633,32.84000015258789,33.45000076293945,14779500,Yahoo Finance daily
2010-02-26,us,UNH,,33.52000045776367,34.29999923706055,33.36000061035156,33.86000061035156,9684700,Yahoo Finance daily
2010-03-01,us,UNH,,34.0,34.720001220703125,33.529998779296875,34.040000915527344,10970800,Yahoo Finance daily
2010-03-02,us,UNH,,34.11000061035156,34.369998931884766,33.61000061035156,33.95000076293945,7081500,Yahoo Finance daily
2010-03-03,us,UNH,,34.04999923706055,34.349998474121094,33.77000045776367,34.099998474121094,8089700,Yahoo Finance daily
2010-03-04,us,UNH,,34.04999923706055,34.099998474121094,32.41999816894531,32.95000076293945,17386600,Yahoo Finance daily
2010-03-05,us,UNH,,33.029998779296875,33.790000915527344,32.959999084472656,33.7400016784668,8133300,Yahoo Finance daily
2010-03-08,us,UNH,,33.7400016784668,33.84000015258789,33.029998779296875,33.099998474121094,7734800,Yahoo Finance daily
2010-03-09,us,UNH,,33.18000030517578,33.45000076293945,33.06999969482422,33.08000183105469,8770800,Yahoo Finance daily
2010-03-10,us,UNH,,33.02000045776367,33.54999923706055,32.939998626708984,33.2400016784668,7419000,Yahoo Finance daily
2010-03-11,us,UNH,,33.09000015258789,33.560001373291016,32.939998626708984,33.5,14678000,Yahoo Finance daily
2010-03-12,us,UNH,,33.68000030517578,33.7400016784668,32.779998779296875,32.90999984741211,9450400,Yahoo Finance daily
2010-03-15,us,UNH,,32.779998779296875,32.779998779296875,31.93000030517578,32.529998779296875,13520100,Yahoo Finance daily
2010-03-16,us,UNH,,32.150001525878906,33.11000061035156,32.09000015258789,33.04999923706055,12932100,Yahoo Finance daily
2010-03-17,us,UNH,,33.15999984741211,33.15999984741211,32.2599983215332,32.75,10614400,Yahoo Finance daily
2010-03-18,us,UNH,,32.459999084472656,33.689998626708984,31.979999542236328,33.59000015258789,15407200,Yahoo Finance daily
2010-03-19,us,UNH,,34.38999938964844,34.70000076293945,33.720001220703125,34.38999938964844,21827600,Yahoo Finance daily
2010-03-22,us,UNH,,34.470001220703125,35.15999984741211,33.209999084472656,33.29999923706055,20218800,Yahoo Finance daily
2010-03-23,us,UNH,,33.36000061035156,33.459999084472656,32.959999084472656,33.15999984741211,11409500,Yahoo Finance daily
2010-03-24,us,UNH,,33.13999938964844,33.34000015258789,32.720001220703125,32.720001220703125,10825800,Yahoo Finance daily
2010-03-25,us,UNH,,32.7599983215332,33.2599983215332,32.599998474121094,33.119998931884766,14786200,Yahoo Finance daily
2010-03-26,us,UNH,,33.099998474121094,33.27000045776367,32.599998474121094,32.630001068115234,8751000,Yahoo Finance daily
2010-03-29,us,UNH,,32.65999984741211,33.02000045776367,32.52000045776367,32.84000015258789,7967200,Yahoo Finance daily
2010-03-30,us,UNH,,32.790000915527344,33.290000915527344,32.599998474121094,33.060001373291016,7253100,Yahoo Finance daily
2010-03-31,us,UNH,,32.900001525878906,33.11000061035156,32.5,32.66999816894531,6961600,Yahoo Finance daily
2010-04-01,us,UNH,,32.79999923706055,32.9900016784668,32.52000045776367,32.9900016784668,6713400,Yahoo Finance daily
2010-04-05,us,UNH,,33.119998931884766,33.220001220703125,32.77000045776367,33.13999938964844,6722000,Yahoo Finance daily
2010-04-06,us,UNH,,33.27000045776367,34.0,33.25,33.40999984741211,9430900,Yahoo Finance daily
2010-04-07,us,UNH,,33.529998779296875,33.529998779296875,32.7400016784668,32.93000030517578,8395900,Yahoo Finance daily
2010-04-08,us,UNH,,32.84000015258789,32.959999084472656,32.20000076293945,32.619998931884766,11174600,Yahoo Finance daily
2010-04-09,us,UNH,,32.65999984741211,32.709999084472656,31.61000061035156,32.2599983215332,12831400,Yahoo Finance daily
2010-04-12,us,UNH,,32.18000030517578,32.380001068115234,32.0099983215332,32.2599983215332,8763300,Yahoo Finance daily
2010-04-13,us,UNH,,32.439998626708984,32.68000030517578,31.82999992370605,32.15999984741211,11119100,Yahoo Finance daily
2010-04-14,us,UNH,,32.11000061035156,32.119998931884766,30.940000534057617,31.049999237060547,16499100,Yahoo Finance daily
2010-04-15,us,UNH,,31.06999969482422,31.299999237060547,30.07999992370605,30.6299991607666,25271500,Yahoo Finance daily
2010-04-16,us,UNH,,30.540000915527344,31.11000061035156,30.34000015258789,30.729999542236328,15355500,Yahoo Finance daily
2010-04-19,us,UNH,,30.559999465942383,31.670000076293945,30.559999465942383,31.229999542236328,13524400,Yahoo Finance daily
2010-04-20,us,UNH,,32.220001220703125,32.22999954223633,30.26000022888184,30.979999542236328,26564000,Yahoo Finance daily
2010-04-21,us,UNH,,31.13999938964844,31.450000762939453,30.09000015258789,30.26000022888184,13735400,Yahoo Finance daily
2010-04-22,us,UNH,,30.25,30.520000457763672,29.8799991607666,30.459999084472656,14148700,Yahoo Finance daily
2010-04-23,us,UNH,,30.309999465942383,30.96999931335449,30.280000686645508,30.950000762939453,14799000,Yahoo Finance daily
2010-04-26,us,UNH,,31.1200008392334,31.149999618530277,29.700000762939453,29.850000381469727,16596800,Yahoo Finance daily
2010-04-27,us,UNH,,29.84000015258789,30.36000061035156,29.6200008392334,29.799999237060547,16204300,Yahoo Finance daily
2010-04-28,us,UNH,,29.93000030517578,30.6200008392334,29.709999084472656,30.440000534057617,13270600,Yahoo Finance daily
2010-04-29,us,UNH,,30.809999465942383,31.739999771118164,30.790000915527344,31.299999237060547,13609500,Yahoo Finance daily
2010-04-30,us,UNH,,31.34000015258789,31.34000015258789,30.21999931335449,30.309999465942383,15545900,Yahoo Finance daily
2010-05-03,us,UNH,,30.5,30.57999992370605,29.88999938964844,30.26000022888184,9553500,Yahoo Finance daily
2010-05-04,us,UNH,,30.01000022888184,30.049999237060547,29.280000686645508,29.489999771118164,11745200,Yahoo Finance daily
2010-05-05,us,UNH,,29.239999771118164,30.100000381469727,29.13999938964844,30.0,11359500,Yahoo Finance daily
2010-05-06,us,UNH,,30.149999618530277,30.270000457763672,27.96999931335449,29.239999771118164,10439100,Yahoo Finance daily
2010-05-07,us,UNH,,29.049999237060547,29.280000686645508,28.25,29.020000457763672,14194800,Yahoo Finance daily
2010-05-10,us,UNH,,28.979999542236328,30.059999465942383,28.920000076293945,29.8799991607666,9059800,Yahoo Finance daily
2010-05-11,us,UNH,,29.809999465942383,30.07999992370605,29.549999237060547,29.850000381469727,9614100,Yahoo Finance daily
2010-05-12,us,UNH,,29.850000381469727,30.3799991607666,29.790000915527344,30.31999969482422,11345400,Yahoo Finance daily
2010-05-13,us,UNH,,30.200000762939453,30.43000030517578,29.93000030517578,30.18000030517578,7148300,Yahoo Finance daily
2010-05-14,us,UNH,,29.96999931335449,30.479999542236328,29.559999465942383,30.38999938964844,12201000,Yahoo Finance daily
2010-05-17,us,UNH,,30.46999931335449,30.729999542236328,29.8700008392334,30.440000534057617,8658100,Yahoo Finance daily
2010-05-18,us,UNH,,30.530000686645508,30.739999771118164,30.07999992370605,30.18000030517578,8907900,Yahoo Finance daily
2010-05-19,us,UNH,,30.11000061035156,30.25,29.75,29.989999771118164,10096000,Yahoo Finance daily
2010-05-20,us,UNH,,29.520000457763672,29.649999618530277,28.950000762939453,28.959999084472656,10194300,Yahoo Finance daily
2010-05-21,us,UNH,,28.540000915527344,29.06999969482422,28.15999984741211,28.700000762939453,11502800,Yahoo Finance daily
2010-05-24,us,UNH,,28.59000015258789,29.18000030517578,28.170000076293945,28.82999992370605,7996700,Yahoo Finance daily
2010-05-25,us,UNH,,28.32999992370605,28.88999938964844,28.11000061035156,28.8700008392334,8547300,Yahoo Finance daily
2010-05-26,us,UNH,,29.049999237060547,29.549999237060547,28.770000457763672,28.790000915527344,9613100,Yahoo Finance daily
2010-05-27,us,UNH,,29.309999465942383,29.31999969482422,28.850000381469727,29.31999969482422,6502100,Yahoo Finance daily
2010-05-28,us,UNH,,29.290000915527344,29.40999984741211,28.850000381469727,29.06999969482422,11697300,Yahoo Finance daily
2010-06-01,us,UNH,,29.18000030517578,29.61000061035156,28.88999938964844,28.979999542236328,8178500,Yahoo Finance daily
2010-06-02,us,UNH,,29.1200008392334,29.940000534057617,28.8700008392334,29.90999984741211,7967800,Yahoo Finance daily
2010-06-03,us,UNH,,29.920000076293945,30.489999771118164,29.65999984741211,30.459999084472656,8064800,Yahoo Finance daily
2010-06-04,us,UNH,,30.09000015258789,31.61000061035156,29.88999938964844,30.34000015258789,16676300,Yahoo Finance daily
2010-06-07,us,UNH,,30.46999931335449,31.06999969482422,29.31999969482422,30.459999084472656,16847400,Yahoo Finance daily
2010-06-08,us,UNH,,30.43000030517578,31.11000061035156,30.26000022888184,30.88999938964844,18435500,Yahoo Finance daily
2010-06-09,us,UNH,,30.88999938964844,31.15999984741211,30.450000762939453,30.530000686645508,10126400,Yahoo Finance daily
2010-06-10,us,UNH,,30.920000076293945,31.1200008392334,30.21999931335449,30.700000762939453,11766600,Yahoo Finance daily
2010-06-11,us,UNH,,30.5,30.82999992370605,30.1299991607666,30.670000076293945,9072700,Yahoo Finance daily
2010-06-14,us,UNH,,30.71999931335449,30.940000534057617,30.549999237060547,30.59000015258789,8390100,Yahoo Finance daily
2010-06-15,us,UNH,,30.899999618530277,31.209999084472656,30.76000022888184,31.190000534057617,9569200,Yahoo Finance daily
2010-06-16,us,UNH,,30.84000015258789,31.6299991607666,30.84000015258789,31.38999938964844,10152000,Yahoo Finance daily
2010-06-17,us,UNH,,31.540000915527344,31.540000915527344,31.170000076293945,31.5,9370800,Yahoo Finance daily
2010-06-18,us,UNH,,31.5,31.6200008392334,31.200000762939453,31.32999992370605,10243000,Yahoo Finance daily
2010-06-21,us,UNH,,31.61000061035156,31.799999237060547,31.049999237060547,31.149999618530277,7110500,Yahoo Finance daily
2010-06-22,us,UNH,,31.11000061035156,31.34000015258789,30.57999992370605,30.63999938964844,6578200,Yahoo Finance daily
2010-06-23,us,UNH,,30.770000457763672,30.920000076293945,30.1200008392334,30.209999084472656,8358400,Yahoo Finance daily
2010-06-24,us,UNH,,30.07999992370605,30.149999618530277,29.6299991607666,29.76000022888184,8952600,Yahoo Finance daily
2010-06-25,us,UNH,,29.75,30.11000061035156,29.57999992370605,29.8799991607666,14216100,Yahoo Finance daily
2010-06-28,us,UNH,,29.8700008392334,30.32999992370605,29.1200008392334,29.190000534057617,9883000,Yahoo Finance daily
2010-06-29,us,UNH,,28.8799991607666,29.030000686645508,28.459999084472656,28.6299991607666,14389900,Yahoo Finance daily
2010-06-30,us,UNH,,28.51000022888184,28.76000022888184,28.309999465942383,28.399999618530277,11078500,Yahoo Finance daily
2010-07-01,us,UNH,,28.309999465942383,28.309999465942383,27.1299991607666,27.850000381469727,15600900,Yahoo Finance daily
2010-07-02,us,UNH,,27.88999938964844,28.450000762939453,27.790000915527344,28.299999237060547,9312900,Yahoo Finance daily
2010-07-06,us,UNH,,28.489999771118164,29.059999465942383,28.290000915527344,28.88999938964844,13395000,Yahoo Finance daily
2010-07-07,us,UNH,,28.979999542236328,29.25,28.799999237060547,29.200000762939453,8978500,Yahoo Finance daily
2010-07-08,us,UNH,,29.31999969482422,29.88999938964844,29.25,29.68000030517578,8996400,Yahoo Finance daily
2010-07-09,us,UNH,,29.75,30.1299991607666,29.520000457763672,29.96999931335449,6971100,Yahoo Finance daily
2010-07-12,us,UNH,,29.90999984741211,30.06999969482422,29.61000061035156,30.040000915527344,8901800,Yahoo Finance daily
2010-07-13,us,UNH,,30.239999771118164,30.270000457763672,29.799999237060547,30.13999938964844,6905100,Yahoo Finance daily
2010-07-14,us,UNH,,30.0,30.38999938964844,29.780000686645508,30.31999969482422,4711100,Yahoo Finance daily
2010-07-15,us,UNH,,30.31999969482422,30.93000030517578,30.1200008392334,30.8799991607666,9214500,Yahoo Finance daily
2010-07-16,us,UNH,,30.729999542236328,31.1200008392334,30.149999618530277,30.34000015258789,9411300,Yahoo Finance daily
2010-07-19,us,UNH,,30.479999542236328,30.959999084472656,30.290000915527344,30.81999969482422,8575500,Yahoo Finance daily
2010-07-20,us,UNH,,31.350000381469727,31.489999771118164,30.239999771118164,30.82999992370605,13493900,Yahoo Finance daily
2010-07-21,us,UNH,,30.850000381469727,31.1299991607666,30.57999992370605,30.700000762939453,8884400,Yahoo Finance daily
2010-07-22,us,UNH,,31.09000015258789,31.200000762939453,30.649999618530277,31.0,9202600,Yahoo Finance daily
2010-07-23,us,UNH,,31.0,31.25,30.739999771118164,30.920000076293945,5746700,Yahoo Finance daily
2010-07-26,us,UNH,,30.84000015258789,31.489999771118164,30.84000015258789,31.46999931335449,5479000,Yahoo Finance daily
2010-07-27,us,UNH,,31.530000686645508,31.71999931335449,30.6299991607666,30.780000686645508,11856600,Yahoo Finance daily
2010-07-28,us,UNH,,30.790000915527344,30.920000076293945,30.149999618530277,30.32999992370605,7981800,Yahoo Finance daily
2010-07-29,us,UNH,,30.489999771118164,30.8799991607666,30.040000915527344,30.440000534057617,5540300,Yahoo Finance daily
2010-07-30,us,UNH,,30.200000762939453,30.68000030517578,29.940000534057617,30.450000762939453,4893200,Yahoo Finance daily
2010-08-02,us,UNH,,30.88999938964844,31.559999465942383,30.82999992370605,31.440000534057617,7440900,Yahoo Finance daily
2010-08-03,us,UNH,,31.38999938964844,32.58000183105469,31.270000457763672,32.41999816894531,9954200,Yahoo Finance daily
2010-08-04,us,UNH,,32.43000030517578,33.2400016784668,32.400001525878906,32.90999984741211,9379500,Yahoo Finance daily
2010-08-05,us,UNH,,32.7599983215332,33.4900016784668,32.68000030517578,33.41999816894531,7829600,Yahoo Finance daily
2010-08-06,us,UNH,,33.08000183105469,33.54999923706055,32.959999084472656,33.45000076293945,7479400,Yahoo Finance daily
2010-08-09,us,UNH,,33.5,33.790000915527344,33.36000061035156,33.4900016784668,6059400,Yahoo Finance daily
2010-08-10,us,UNH,,33.29999923706055,33.619998931884766,32.959999084472656,33.33000183105469,7957600,Yahoo Finance daily
2010-08-11,us,UNH,,32.849998474121094,33.150001525878906,31.739999771118164,31.989999771118164,17250600,Yahoo Finance daily
2010-08-12,us,UNH,,31.709999084472656,32.2400016784668,31.56999969482422,32.130001068115234,8998000,Yahoo Finance daily
2010-08-13,us,UNH,,32.0099983215332,32.189998626708984,31.649999618530277,32.029998779296875,6868600,Yahoo Finance daily
2010-08-16,us,UNH,,31.850000381469727,31.989999771118164,31.3700008392334,31.899999618530277,5231900,Yahoo Finance daily
2010-08-17,us,UNH,,32.22999954223633,32.58000183105469,31.979999542236328,32.349998474121094,5544800,Yahoo Finance daily
2010-08-18,us,UNH,,32.279998779296875,32.959999084472656,32.119998931884766,32.540000915527344,6444900,Yahoo Finance daily
2010-08-19,us,UNH,,32.369998931884766,32.470001220703125,31.76000022888184,31.790000915527344,7067700,Yahoo Finance daily
2010-08-20,us,UNH,,31.75,31.82999992370605,31.38999938964844,31.61000061035156,5330200,Yahoo Finance daily
2010-08-23,us,UNH,,31.6299991607666,32.16999816894531,31.46999931335449,31.5,5077300,Yahoo Finance daily
2010-08-24,us,UNH,,31.200000762939453,31.420000076293945,30.86000061035156,31.040000915527344,7509700,Yahoo Finance daily
2010-08-25,us,UNH,,30.93000030517578,32.25,30.81999969482422,31.959999084472656,10921200,Yahoo Finance daily
2010-08-26,us,UNH,,32.040000915527344,32.38999938964844,31.850000381469727,31.850000381469727,9944700,Yahoo Finance daily
2010-08-27,us,UNH,,31.959999084472656,32.41999816894531,31.479999542236328,32.369998931884766,7051400,Yahoo Finance daily
2010-08-30,us,UNH,,32.33000183105469,32.47999954223633,31.8799991607666,31.90999984741211,7173200,Yahoo Finance daily
2010-08-31,us,UNH,,31.809999465942383,32.209999084472656,31.420000076293945,31.71999931335449,8650800,Yahoo Finance daily
2010-09-01,us,UNH,,32.0099983215332,32.630001068115234,31.84000015258789,32.59000015258789,8623100,Yahoo Finance daily
2010-09-02,us,UNH,,32.83000183105469,32.93000030517578,32.290000915527344,32.86000061035156,5430000,Yahoo Finance daily
2010-09-03,us,UNH,,32.95000076293945,33.90999984741211,32.90999984741211,33.90999984741211,7760900,Yahoo Finance daily
2010-09-07,us,UNH,,33.7599983215332,34.09000015258789,33.619998931884766,33.779998779296875,6831800,Yahoo Finance daily
2010-09-08,us,UNH,,33.779998779296875,33.959999084472656,33.33000183105469,33.849998474121094,8552100,Yahoo Finance daily
2010-09-09,us,UNH,,34.099998474121094,34.25,33.91999816894531,34.02000045776367,7507100,Yahoo Finance daily
2010-09-10,us,UNH,,33.9900016784668,34.63999938964844,33.79999923706055,34.4900016784668,8940700,Yahoo Finance daily
2010-09-13,us,UNH,,34.790000915527344,35.279998779296875,34.66999816894531,34.720001220703125,7101400,Yahoo Finance daily
2010-09-14,us,UNH,,34.0099983215332,35.0,33.97999954223633,34.61000061035156,8716000,Yahoo Finance daily
2010-09-15,us,UNH,,34.5,34.599998474121094,33.970001220703125,34.27000045776367,11169600,Yahoo Finance daily
2010-09-16,us,UNH,,34.22999954223633,34.38999938964844,33.91999816894531,34.2400016784668,6153700,Yahoo Finance daily
2010-09-17,us,UNH,,34.459999084472656,34.61000061035156,34.130001068115234,34.130001068115234,7286900,Yahoo Finance daily
2010-09-20,us,UNH,,34.369998931884766,35.029998779296875,34.349998474121094,34.93000030517578,5639200,Yahoo Finance daily
2010-09-21,us,UNH,,34.88999938964844,35.5,34.83000183105469,35.2599983215332,6428000,Yahoo Finance daily
2010-09-22,us,UNH,,35.119998931884766,35.70000076293945,34.90999984741211,35.68000030517578,7184300,Yahoo Finance daily
2010-09-23,us,UNH,,35.400001525878906,35.79999923706055,35.189998626708984,35.439998626708984,6711800,Yahoo Finance daily
2010-09-24,us,UNH,,35.939998626708984,35.939998626708984,35.599998474121094,35.72999954223633,8558100,Yahoo Finance daily
2010-09-27,us,UNH,,35.83000183105469,35.83000183105469,35.25,35.349998474121094,7505200,Yahoo Finance daily
2010-09-28,us,UNH,,35.45000076293945,35.61000061035156,34.90999984741211,35.040000915527344,8410300,Yahoo Finance daily
2010-09-29,us,UNH,,34.90999984741211,35.209999084472656,34.709999084472656,35.20000076293945,7872500,Yahoo Finance daily
2010-09-30,us,UNH,,35.4900016784668,35.560001373291016,35.08000183105469,35.11000061035156,7847200,Yahoo Finance daily
2010-10-01,us,UNH,,35.06999969482422,35.470001220703125,34.7599983215332,35.43000030517578,6503500,Yahoo Finance daily
2010-10-04,us,UNH,,35.29999923706055,35.29999923706055,34.349998474121094,34.540000915527344,5883300,Yahoo Finance daily
2010-10-05,us,UNH,,34.77000045776367,35.130001068115234,34.54999923706055,35.06999969482422,6887400,Yahoo Finance daily
2010-10-06,us,UNH,,35.040000915527344,35.220001220703125,33.939998626708984,33.95000076293945,13815400,Yahoo Finance daily
2010-10-07,us,UNH,,34.38999938964844,34.59000015258789,34.11000061035156,34.34000015258789,6878900,Yahoo Finance daily
2010-10-08,us,UNH,,34.45000076293945,34.54999923706055,34.189998626708984,34.349998474121094,6022300,Yahoo Finance daily
2010-10-11,us,UNH,,34.09000015258789,34.900001525878906,34.06999969482422,34.650001525878906,6746300,Yahoo Finance daily
2010-10-12,us,UNH,,34.52000045776367,35.060001373291016,34.439998626708984,35.02000045776367,6766300,Yahoo Finance daily
2010-10-13,us,UNH,,35.09000015258789,35.619998931884766,35.02000045776367,35.31999969482422,8050100,Yahoo Finance daily
2010-10-14,us,UNH,,35.2599983215332,36.2599983215332,35.22999954223633,35.779998779296875,10274300,Yahoo Finance daily
2010-10-15,us,UNH,,36.0099983215332,36.22999954223633,35.77000045776367,35.97999954223633,7825200,Yahoo Finance daily
2010-10-18,us,UNH,,36.09000015258789,36.369998931884766,35.84000015258789,36.25,8035000,Yahoo Finance daily
2010-10-19,us,UNH,,35.630001068115234,35.91999816894531,34.91999816894531,35.29999923706055,13178200,Yahoo Finance daily
2010-10-20,us,UNH,,35.459999084472656,36.75,35.45000076293945,36.72999954223633,10386500,Yahoo Finance daily
2010-10-21,us,UNH,,36.84999847412109,36.84999847412109,36.119998931884766,36.4900016784668,6840200,Yahoo Finance daily
2010-10-22,us,UNH,,36.70000076293945,37.2599983215332,36.41999816894531,37.2599983215332,6622900,Yahoo Finance daily
2010-10-25,us,UNH,,37.52000045776367,37.95000076293945,37.459999084472656,37.560001373291016,7456100,Yahoo Finance daily
2010-10-26,us,UNH,,37.5099983215332,37.68999862670898,37.150001525878906,37.56999969482422,8050600,Yahoo Finance daily
2010-10-27,us,UNH,,37.25,37.36000061035156,35.70000076293945,35.93000030517578,12700700,Yahoo Finance daily
2010-10-28,us,UNH,,36.27999877929688,36.400001525878906,35.95000076293945,36.25,6281600,Yahoo Finance daily
2010-10-29,us,UNH,,36.400001525878906,36.93000030517578,35.810001373291016,36.04999923706055,6696900,Yahoo Finance daily
2010-11-01,us,UNH,,36.27000045776367,36.63999938964844,35.70000076293945,36.11000061035156,7671800,Yahoo Finance daily
2010-11-02,us,UNH,,36.400001525878906,37.09000015258789,36.36000061035156,37.0,9988000,Yahoo Finance daily
2010-11-03,us,UNH,,36.650001525878906,37.45000076293945,36.06999969482422,36.65999984741211,10730400,Yahoo Finance daily
2010-11-04,us,UNH,,37.0,37.04999923706055,36.380001068115234,36.79999923706055,6839700,Yahoo Finance daily
2010-11-05,us,UNH,,36.72999954223633,37.18999862670898,36.47999954223633,36.86000061035156,7190400,Yahoo Finance daily
2010-11-08,us,UNH,,36.630001068115234,37.18000030517578,36.61000061035156,37.119998931884766,4370500,Yahoo Finance daily
2010-11-09,us,UNH,,37.2400016784668,37.27999877929688,36.810001373291016,36.97999954223633,6027600,Yahoo Finance daily
2010-11-10,us,UNH,,36.709999084472656,37.16999816894531,35.970001220703125,37.15999984741211,8385100,Yahoo Finance daily
2010-11-11,us,UNH,,36.970001220703125,37.5,36.7400016784668,37.470001220703125,5396400,Yahoo Finance daily
2010-11-12,us,UNH,,37.209999084472656,37.33000183105469,36.22999954223633,36.66999816894531,7373900,Yahoo Finance daily
2010-11-15,us,UNH,,36.31999969482422,36.380001068115234,35.439998626708984,35.470001220703125,9124200,Yahoo Finance daily
2010-11-16,us,UNH,,35.279998779296875,35.380001068115234,34.810001373291016,35.0099983215332,10840800,Yahoo Finance daily
2010-11-17,us,UNH,,35.09000015258789,35.34000015258789,34.58000183105469,35.33000183105469,9578000,Yahoo Finance daily
2010-11-18,us,UNH,,34.59000015258789,35.95000076293945,34.5,35.630001068115234,9207900,Yahoo Finance daily
2010-11-19,us,UNH,,35.540000915527344,36.4900016784668,35.34000015258789,36.0,14341600,Yahoo Finance daily
2010-11-22,us,UNH,,37.310001373291016,37.41999816894531,35.56999969482422,36.459999084472656,14972500,Yahoo Finance daily
2010-11-23,us,UNH,,36.150001525878906,36.34000015258789,35.779998779296875,36.04999923706055,6577900,Yahoo Finance daily
2010-11-24,us,UNH,,36.61000061035156,36.75,36.02000045776367,36.18000030517578,6306100,Yahoo Finance daily
2010-11-26,us,UNH,,35.7599983215332,36.27000045776367,35.7400016784668,35.880001068115234,2972200,Yahoo Finance daily
2010-11-29,us,UNH,,35.540000915527344,36.66999816894531,35.04999923706055,36.59000015258789,10899000,Yahoo Finance daily
2010-11-30,us,UNH,,36.31999969482422,36.97999954223633,36.040000915527344,36.52000045776367,12039400,Yahoo Finance daily
2010-12-01,us,UNH,,37.13999938964844,37.900001525878906,37.13999938964844,37.66999816894531,11012000,Yahoo Finance daily
2010-12-02,us,UNH,,37.68000030517578,38.060001373291016,37.63999938964844,38.04999923706055,8600200,Yahoo Finance daily
2010-12-03,us,UNH,,37.709999084472656,37.97999954223633,37.380001068115234,37.81999969482422,5383200,Yahoo Finance daily
2010-12-06,us,UNH,,37.66999816894531,37.880001068115234,37.2400016784668,37.290000915527344,5179900,Yahoo Finance daily
2010-12-07,us,UNH,,37.470001220703125,37.619998931884766,36.72999954223633,36.77000045776367,8523900,Yahoo Finance daily
2010-12-08,us,UNH,,36.90999984741211,37.0099983215332,36.68000030517578,36.84000015258789,5753700,Yahoo Finance daily
2010-12-09,us,UNH,,37.209999084472656,37.209999084472656,36.43000030517578,36.650001525878906,8309700,Yahoo Finance daily
2010-12-10,us,UNH,,36.790000915527344,36.84999847412109,36.43000030517578,36.66999816894531,7979300,Yahoo Finance daily
2010-12-13,us,UNH,,36.7599983215332,37.86000061035156,36.619998931884766,36.900001525878906,11122300,Yahoo Finance daily
2010-12-14,us,UNH,,36.59000015258789,37.08000183105469,36.34000015258789,36.5,8351800,Yahoo Finance daily
2010-12-15,us,UNH,,36.27000045776367,36.34000015258789,35.11000061035156,35.45000076293945,13520200,Yahoo Finance daily
2010-12-16,us,UNH,,35.45000076293945,35.7599983215332,34.939998626708984,35.61000061035156,10177800,Yahoo Finance daily
2010-12-17,us,UNH,,35.599998474121094,35.61000061035156,34.970001220703125,35.04999923706055,18279900,Yahoo Finance daily
2010-12-20,us,UNH,,35.290000915527344,35.33000183105469,34.97999954223633,35.18000030517578,6407700,Yahoo Finance daily
2010-12-21,us,UNH,,35.119998931884766,35.810001373291016,35.04999923706055,35.33000183105469,6873900,Yahoo Finance daily
2010-12-22,us,UNH,,35.40999984741211,35.869998931884766,35.279998779296875,35.84000015258789,5115000,Yahoo Finance daily
2010-12-23,us,UNH,,35.81999969482422,36.09999847412109,35.630001068115234,35.77000045776367,3808500,Yahoo Finance daily
2010-12-27,us,UNH,,35.5,35.709999084472656,35.45000076293945,35.540000915527344,2810600,Yahoo Finance daily
2010-12-28,us,UNH,,35.5099983215332,35.77000045776367,35.380001068115234,35.720001220703125,3082900,Yahoo Finance daily
2010-12-29,us,UNH,,35.84000015258789,36.02999877929688,35.66999816894531,35.90999984741211,3593700,Yahoo Finance daily
2010-12-30,us,UNH,,35.90999984741211,36.02999877929688,35.720001220703125,35.939998626708984,2865500,Yahoo Finance daily
2010-12-31,us,UNH,,36.040000915527344,36.209999084472656,35.790000915527344,36.11000061035156,2828000,Yahoo Finance daily
2011-01-03,us,UNH,,36.380001068115234,37.18000030517578,36.369998931884766,37.130001068115234,8212400,Yahoo Finance daily
2011-01-04,us,UNH,,37.02999877929688,37.5,36.83000183105469,37.470001220703125,6724300,Yahoo Finance daily
2011-01-05,us,UNH,,37.5,37.810001373291016,37.290000915527344,37.59000015258789,7528100,Yahoo Finance daily
2011-01-06,us,UNH,,37.959999084472656,38.400001525878906,37.7400016784668,38.369998931884766,7157300,Yahoo Finance daily
2011-01-07,us,UNH,,38.380001068115234,38.540000915527344,38.04999923706055,38.45000076293945,6437700,Yahoo Finance daily
2011-01-10,us,UNH,,38.540000915527344,38.650001525878906,38.0099983215332,38.45000076293945,5725300,Yahoo Finance daily
2011-01-11,us,UNH,,38.52999877929688,39.09999847412109,38.34000015258789,39.08000183105469,5569100,Yahoo Finance daily
2011-01-12,us,UNH,,39.22999954223633,39.33000183105469,38.810001373291016,38.86000061035156,5872400,Yahoo Finance daily
2011-01-13,us,UNH,,39.27000045776367,39.59999847412109,38.93000030517578,39.59999847412109,8618200,Yahoo Finance daily
2011-01-14,us,UNH,,39.47999954223633,40.900001525878906,39.40999984741211,40.77000045776367,10560400,Yahoo Finance daily
2011-01-18,us,UNH,,40.790000915527344,40.9900016784668,40.470001220703125,40.880001068115234,6738900,Yahoo Finance daily
2011-01-19,us,UNH,,40.869998931884766,41.02000045776367,40.11000061035156,40.560001373291016,9424600,Yahoo Finance daily
2011-01-20,us,UNH,,40.0,40.5,39.369998931884766,40.310001373291016,11293100,Yahoo Finance daily
2011-01-21,us,UNH,,40.58000183105469,40.59000015258789,40.130001068115234,40.40999984741211,7384200,Yahoo Finance daily
2011-01-24,us,UNH,,40.40999984741211,40.5,39.70000076293945,39.810001373291016,7604100,Yahoo Finance daily
2011-01-25,us,UNH,,39.68999862670898,41.0,39.650001525878906,40.619998931884766,10000100,Yahoo Finance daily
2011-01-26,us,UNH,,40.59000015258789,41.130001068115234,40.11000061035156,40.25,8937900,Yahoo Finance daily
2011-01-27,us,UNH,,40.93999862670898,42.41999816894531,40.43999862670898,42.290000915527344,13558000,Yahoo Finance daily
2011-01-28,us,UNH,,42.310001373291016,42.43999862670898,40.86000061035156,40.93000030517578,7767400,Yahoo Finance daily
2011-01-31,us,UNH,,41.02000045776367,41.31999969482422,40.709999084472656,41.04999923706055,7320400,Yahoo Finance daily
2011-02-01,us,UNH,,41.36000061035156,42.18000030517578,41.290000915527344,42.06999969482422,9074600,Yahoo Finance daily
2011-02-02,us,UNH,,41.7400016784668,42.2599983215332,41.66999816894531,41.95000076293945,4285800,Yahoo Finance daily
2011-02-03,us,UNH,,41.77999877929688,44.09000015258789,40.900001525878906,43.040000915527344,14831200,Yahoo Finance daily
2011-02-04,us,UNH,,43.150001525878906,43.900001525878906,42.040000915527344,42.4900016784668,8338500,Yahoo Finance daily
2011-02-07,us,UNH,,42.13999938964844,42.2599983215332,41.56999969482422,41.810001373291016,7114100,Yahoo Finance daily
2011-02-08,us,UNH,,41.52000045776367,42.54999923706055,41.38999938964844,41.970001220703125,5618500,Yahoo Finance daily
2011-02-09,us,UNH,,41.970001220703125,42.459999084472656,41.83000183105469,42.06999969482422,5232500,Yahoo Finance daily
2011-02-10,us,UNH,,42.27999877929688,42.58000183105469,42.02000045776367,42.43000030517578,5457200,Yahoo Finance daily
2011-02-11,us,UNH,,42.15999984741211,42.84000015258789,42.040000915527344,42.380001068115234,5051100,Yahoo Finance daily
2011-02-14,us,UNH,,42.2400016784668,42.5099983215332,41.619998931884766,42.459999084472656,3752200,Yahoo Finance daily
2011-02-15,us,UNH,,42.11000061035156,42.459999084472656,41.88999938964844,42.02999877929688,4392700,Yahoo Finance daily
2011-02-16,us,UNH,,42.20000076293945,42.560001373291016,41.9900016784668,42.5,4993700,Yahoo Finance daily
2011-02-17,us,UNH,,42.34000015258789,42.75,42.150001525878906,42.59000015258789,4823300,Yahoo Finance daily
2011-02-18,us,UNH,,42.68999862670898,43.29999923706055,42.560001373291016,42.84000015258789,6034900,Yahoo Finance daily
2011-02-22,us,UNH,,43.86000061035156,44.33000183105469,42.72999954223633,42.959999084472656,10738900,Yahoo Finance daily
2011-02-23,us,UNH,,42.58000183105469,43.68999862670898,42.560001373291016,42.90999984741211,7102200,Yahoo Finance daily
2011-02-24,us,UNH,,42.83000183105469,43.34999847412109,42.380001068115234,42.75,6313200,Yahoo Finance daily
2011-02-25,us,UNH,,42.84999847412109,43.02000045776367,42.40999984741211,42.52000045776367,5498700,Yahoo Finance daily
2011-02-28,us,UNH,,42.66999816894531,42.93999862670898,42.34999847412109,42.58000183105469,6644900,Yahoo Finance daily
2011-03-01,us,UNH,,42.560001373291016,42.959999084472656,42.380001068115234,42.45000076293945,5547400,Yahoo Finance daily
2011-03-02,us,UNH,,42.54999923706055,43.790000915527344,42.45000076293945,43.560001373291016,7233800,Yahoo Finance daily
2011-03-03,us,UNH,,44.27000045776367,44.88999938964844,43.7400016784668,44.790000915527344,8739600,Yahoo Finance daily
2011-03-04,us,UNH,,44.63999938964844,44.86000061035156,43.869998931884766,44.45000076293945,5622100,Yahoo Finance daily
2011-03-07,us,UNH,,44.470001220703125,44.77000045776367,43.310001373291016,43.560001373291016,6084100,Yahoo Finance daily
2011-03-08,us,UNH,,43.59999847412109,44.09999847412109,43.119998931884766,43.83000183105469,4696700,Yahoo Finance daily
2011-03-09,us,UNH,,43.90999984741211,44.5099983215332,43.52999877929688,44.4900016784668,4553400,Yahoo Finance daily
2011-03-10,us,UNH,,44.290000915527344,44.290000915527344,43.59999847412109,43.790000915527344,5117600,Yahoo Finance daily
2011-03-11,us,UNH,,43.880001068115234,44.060001373291016,43.2599983215332,43.59000015258789,4774800,Yahoo Finance daily
2011-03-14,us,UNH,,43.29999923706055,43.43000030517578,42.84999847412109,43.15999984741211,4516400,Yahoo Finance daily
2011-03-15,us,UNH,,42.34000015258789,43.08000183105469,42.15999984741211,42.790000915527344,4397900,Yahoo Finance daily
2011-03-16,us,UNH,,42.68000030517578,42.68999862670898,41.459999084472656,41.86000061035156,7141200,Yahoo Finance daily
2011-03-17,us,UNH,,42.400001525878906,42.72999954223633,41.90999984741211,42.27000045776367,5850600,Yahoo Finance daily
2011-03-18,us,UNH,,42.369998931884766,42.84999847412109,42.29999923706055,42.59999847412109,7372200,Yahoo Finance daily
2011-03-21,us,UNH,,42.83000183105469,43.43000030517578,42.65999984741211,43.18999862670898,4592100,Yahoo Finance daily
2011-03-22,us,UNH,,43.2599983215332,43.709999084472656,42.65999984741211,42.7400016784668,4505300,Yahoo Finance daily
2011-03-23,us,UNH,,42.63999938964844,42.869998931884766,42.38999938964844,42.75,3348200,Yahoo Finance daily
2011-03-24,us,UNH,,43.2400016784668,43.93999862670898,43.0099983215332,43.79999923706055,3917900,Yahoo Finance daily
2011-03-25,us,UNH,,43.630001068115234,44.02000045776367,43.59999847412109,43.75,4190300,Yahoo Finance daily
2011-03-28,us,UNH,,43.90999984741211,44.04999923706055,43.5099983215332,43.869998931884766,3531100,Yahoo Finance daily
2011-03-29,us,UNH,,43.75,44.47999954223633,43.75,44.47999954223633,4202900,Yahoo Finance daily
2011-03-30,us,UNH,,44.720001220703125,45.58000183105469,44.58000183105469,45.400001525878906,6533900,Yahoo Finance daily
2011-03-31,us,UNH,,45.63999938964844,45.75,45.11000061035156,45.20000076293945,5374300,Yahoo Finance daily
2011-04-01,us,UNH,,45.5,45.7400016784668,45.29999923706055,45.61000061035156,4511600,Yahoo Finance daily
2011-04-04,us,UNH,,45.93999862670898,46.09000015258789,45.52000045776367,45.59999847412109,3499900,Yahoo Finance daily
2011-04-05,us,UNH,,44.86000061035156,45.27000045776367,44.77999877929688,45.09000015258789,4950900,Yahoo Finance daily
2011-04-06,us,UNH,,45.18999862670898,45.2599983215332,44.83000183105469,44.959999084472656,5158600,Yahoo Finance daily
2011-04-07,us,UNH,,44.77000045776367,48.58000183105469,44.41999816894531,44.43000030517578,7706300,Yahoo Finance daily
2011-04-08,us,UNH,,44.619998931884766,45.2400016784668,44.13999938964844,44.380001068115234,4723900,Yahoo Finance daily
2011-04-11,us,UNH,,44.33000183105469,44.4900016784668,43.84000015258789,44.31999969482422,6048700,Yahoo Finance daily
2011-04-12,us,UNH,,44.18999862670898,44.900001525878906,44.02999877929688,44.810001373291016,3959100,Yahoo Finance daily
2011-04-13,us,UNH,,44.880001068115234,45.16999816894531,44.08000183105469,44.33000183105469,4766300,Yahoo Finance daily
2011-04-14,us,UNH,,44.20000076293945,44.97999954223633,43.869998931884766,44.81999969482422,4719700,Yahoo Finance daily
2011-04-15,us,UNH,,45.0,45.08000183105469,44.56999969482422,44.97999954223633,5783300,Yahoo Finance daily
2011-04-18,us,UNH,,44.52999877929688,44.61000061035156,43.34999847412109,43.54999923706055,6722600,Yahoo Finance daily
2011-04-19,us,UNH,,43.59999847412109,43.970001220703125,43.29999923706055,43.959999084472656,5731300,Yahoo Finance daily
2011-04-20,us,UNH,,44.77999877929688,44.77999877929688,44.18000030517578,44.2400016784668,5168100,Yahoo Finance daily
2011-04-21,us,UNH,,48.09000015258789,48.900001525878906,47.560001373291016,47.810001373291016,18367400,Yahoo Finance daily
2011-04-25,us,UNH,,47.13999938964844,48.13999938964844,47.08000183105469,47.709999084472656,6650100,Yahoo Finance daily
2011-04-26,us,UNH,,48.119998931884766,48.75,46.93000030517578,47.34999847412109,10500000,Yahoo Finance daily
2011-04-27,us,UNH,,47.52000045776367,48.29999923706055,46.880001068115234,48.209999084472656,10513300,Yahoo Finance daily
2011-04-28,us,UNH,,48.18999862670898,49.09999847412109,48.060001373291016,49.09999847412109,7913500,Yahoo Finance daily
2011-04-29,us,UNH,,48.95000076293945,49.400001525878906,48.66999816894531,49.22999954223633,9542700,Yahoo Finance daily
2011-05-02,us,UNH,,49.400001525878906,50.20000076293945,49.22999954223633,49.880001068115234,9858200,Yahoo Finance daily
2011-05-03,us,UNH,,49.68000030517578,50.0099983215332,49.40999984741211,49.68000030517578,5879100,Yahoo Finance daily
2011-05-04,us,UNH,,49.54999923706055,49.77000045776367,48.959999084472656,49.560001373291016,7553000,Yahoo Finance daily
2011-05-05,us,UNH,,49.43999862670898,50.150001525878906,49.02000045776367,49.58000183105469,7393900,Yahoo Finance daily
2011-05-06,us,UNH,,50.060001373291016,50.25,49.650001525878906,50.119998931884766,6295300,Yahoo Finance daily
2011-05-09,us,UNH,,49.75,50.90999984741211,49.75,50.470001220703125,5665200,Yahoo Finance daily
2011-05-10,us,UNH,,50.720001220703125,50.97999954223633,50.18999862670898,50.5099983215332,5635900,Yahoo Finance daily
2011-05-11,us,UNH,,50.5,50.59999847412109,49.52000045776367,50.02000045776367,6196800,Yahoo Finance daily
2011-05-12,us,UNH,,50.0099983215332,50.36000061035156,49.06999969482422,50.08000183105469,5311300,Yahoo Finance daily
2011-05-13,us,UNH,,50.90999984741211,51.459999084472656,49.7599983215332,49.95000076293945,11099500,Yahoo Finance daily
2011-05-16,us,UNH,,49.560001373291016,50.72999954223633,49.380001068115234,50.16999816894531,6018900,Yahoo Finance daily
2011-05-17,us,UNH,,49.86000061035156,50.70000076293945,49.70000076293945,49.9900016784668,7224900,Yahoo Finance daily
2011-05-18,us,UNH,,49.86000061035156,50.68999862670898,49.75,50.61000061035156,7140400,Yahoo Finance daily
2011-05-19,us,UNH,,50.75,50.77999877929688,50.18000030517578,50.54999923706055,6101100,Yahoo Finance daily
2011-05-20,us,UNH,,50.470001220703125,50.75,49.72999954223633,49.7400016784668,10827500,Yahoo Finance daily
2011-05-23,us,UNH,,49.43999862670898,49.470001220703125,48.650001525878906,49.15999984741211,6741800,Yahoo Finance daily
2011-05-24,us,UNH,,49.15999984741211,49.18000030517578,47.79999923706055,47.959999084472656,9573100,Yahoo Finance daily
2011-05-25,us,UNH,,47.70000076293945,48.31999969482422,47.58000183105469,47.869998931884766,9448100,Yahoo Finance daily
2011-05-26,us,UNH,,47.66999816894531,47.88999938964844,46.970001220703125,47.70000076293945,11917200,Yahoo Finance daily
2011-05-27,us,UNH,,47.900001525878906,48.310001373291016,47.59000015258789,48.29999923706055,6039500,Yahoo Finance daily
2011-05-31,us,UNH,,48.65999984741211,48.95000076293945,48.34999847412109,48.95000076293945,6412000,Yahoo Finance daily
2011-06-01,us,UNH,,48.70000076293945,48.9900016784668,48.25,48.34999847412109,6614800,Yahoo Finance daily
2011-06-02,us,UNH,,48.59999847412109,49.4900016784668,48.27999877929688,49.38999938964844,8258700,Yahoo Finance daily
2011-06-03,us,UNH,,48.59999847412109,49.310001373291016,48.459999084472656,48.84999847412109,7949200,Yahoo Finance daily
2011-06-06,us,UNH,,48.68999862670898,48.810001373291016,48.0099983215332,48.150001525878906,5187400,Yahoo Finance daily
2011-06-07,us,UNH,,48.54999923706055,48.84000015258789,47.970001220703125,47.970001220703125,4530900,Yahoo Finance daily
2011-06-08,us,UNH,,47.97999954223633,48.5,47.56999969482422,48.20000076293945,6564200,Yahoo Finance daily
2011-06-09,us,UNH,,48.54999923706055,50.61000061035156,48.36000061035156,50.59999847412109,11530000,Yahoo Finance daily
2011-06-10,us,UNH,,50.34000015258789,50.36000061035156,49.15999984741211,49.40999984741211,8545400,Yahoo Finance daily
2011-06-13,us,UNH,,49.619998931884766,49.959999084472656,49.06999969482422,49.11000061035156,6362200,Yahoo Finance daily
2011-06-14,us,UNH,,49.400001525878906,50.0,49.22999954223633,49.59999847412109,6986300,Yahoo Finance daily
2011-06-15,us,UNH,,49.220001220703125,49.95000076293945,48.93000030517578,49.34999847412109,8991300,Yahoo Finance daily
2011-06-16,us,UNH,,49.27000045776367,49.84999847412109,48.70000076293945,49.65999984741211,9101200,Yahoo Finance daily
2011-06-17,us,UNH,,50.09999847412109,50.38999938964844,49.720001220703125,49.959999084472656,9675100,Yahoo Finance daily
2011-06-20,us,UNH,,49.790000915527344,51.650001525878906,49.650001525878906,51.27000045776367,8987600,Yahoo Finance daily
2011-06-21,us,UNH,,51.61000061035156,52.25,51.27000045776367,52.220001220703125,9781300,Yahoo Finance daily
2011-06-22,us,UNH,,51.97999954223633,52.63999938964844,51.720001220703125,51.77999877929688,6999500,Yahoo Finance daily
2011-06-23,us,UNH,,51.0099983215332,51.29999923706055,50.040000915527344,51.150001525878906,9979800,Yahoo Finance daily
2011-06-24,us,UNH,,51.25,51.38999938964844,50.220001220703125,50.459999084472656,7398600,Yahoo Finance daily
2011-06-27,us,UNH,,50.31999969482422,51.25,50.119998931884766,51.02999877929688,4544700,Yahoo Finance daily
2011-06-28,us,UNH,,51.34000015258789,51.97999954223633,51.02000045776367,51.77000045776367,5957100,Yahoo Finance daily
2011-06-29,us,UNH,,51.810001373291016,51.880001068115234,51.060001373291016,51.540000915527344,5630100,Yahoo Finance daily
2011-06-30,us,UNH,,51.75,52.040000915527344,51.41999816894531,51.58000183105469,6394000,Yahoo Finance daily
2011-07-01,us,UNH,,51.84000015258789,53.27000045776367,51.560001373291016,53.130001068115234,8152700,Yahoo Finance daily
2011-07-05,us,UNH,,53.08000183105469,53.11000061035156,52.27000045776367,52.84999847412109,4822300,Yahoo Finance daily
2011-07-06,us,UNH,,52.84999847412109,53.220001220703125,52.54999923706055,53.130001068115234,5319100,Yahoo Finance daily
2011-07-07,us,UNH,,53.27999877929688,53.5,51.970001220703125,52.630001068115234,7559100,Yahoo Finance daily
2011-07-08,us,UNH,,52.0,52.31999969482422,51.540000915527344,52.08000183105469,6927300,Yahoo Finance daily
2011-07-11,us,UNH,,51.380001068115234,51.540000915527344,50.7400016784668,50.93999862670898,6037500,Yahoo Finance daily
2011-07-12,us,UNH,,50.7400016784668,52.02999877929688,50.72999954223633,51.40999984741211,6631700,Yahoo Finance daily
2011-07-13,us,UNH,,51.54999923706055,52.630001068115234,51.54999923706055,51.72999954223633,4869400,Yahoo Finance daily
2011-07-14,us,UNH,,51.810001373291016,52.560001373291016,51.790000915527344,52.27000045776367,7167600,Yahoo Finance daily
2011-07-15,us,UNH,,52.470001220703125,52.59000015258789,51.68000030517578,51.970001220703125,7030500,Yahoo Finance daily
2011-07-18,us,UNH,,51.59999847412109,52.20000076293945,51.04999923706055,51.95000076293945,7257700,Yahoo Finance daily
2011-07-19,us,UNH,,51.369998931884766,51.7599983215332,49.95000076293945,51.45000076293945,13946300,Yahoo Finance daily
2011-07-20,us,UNH,,51.7599983215332,51.880001068115234,50.970001220703125,51.5099983215332,7748900,Yahoo Finance daily
2011-07-21,us,UNH,,51.91999816894531,52.900001525878906,51.68999862670898,52.150001525878906,7831500,Yahoo Finance daily
2011-07-22,us,UNH,,52.52000045776367,52.869998931884766,52.130001068115234,52.75,5717300,Yahoo Finance daily
2011-07-25,us,UNH,,52.47999954223633,52.83000183105469,51.5,51.630001068115234,6533500,Yahoo Finance daily
2011-07-26,us,UNH,,51.88999938964844,52.18000030517578,51.15999984741211,51.2599983215332,5670100,Yahoo Finance daily
2011-07-27,us,UNH,,50.56999969482422,50.93999862670898,49.709999084472656,49.88999938964844,10581400,Yahoo Finance daily
2011-07-28,us,UNH,,49.84000015258789,50.88999938964844,49.790000915527344,49.91999816894531,7703600,Yahoo Finance daily
2011-07-29,us,UNH,,49.09999847412109,50.09000015258789,48.11000061035156,49.630001068115234,10759500,Yahoo Finance daily
2011-08-01,us,UNH,,50.27999877929688,50.36000061035156,45.68999862670898,48.02000045776367,23228700,Yahoo Finance daily
2011-08-02,us,UNH,,47.68999862670898,48.43999862670898,46.7599983215332,46.97999954223633,10060500,Yahoo Finance daily
2011-08-03,us,UNH,,46.9900016784668,47.290000915527344,45.970001220703125,47.18000030517578,8304300,Yahoo Finance daily
2011-08-04,us,UNH,,46.59000015258789,46.709999084472656,45.02000045776367,45.06999969482422,10154500,Yahoo Finance daily
2011-08-05,us,UNH,,45.58000183105469,46.220001220703125,44.25,45.560001373291016,14313700,Yahoo Finance daily
2011-08-08,us,UNH,,43.29999923706055,44.41999816894531,41.7400016784668,41.93000030517578,16743400,Yahoo Finance daily
2011-08-09,us,UNH,,42.33000183105469,44.79999923706055,41.810001373291016,44.72999954223633,19959800,Yahoo Finance daily
2011-08-10,us,UNH,,44.06999969482422,44.27000045776367,41.66999816894531,41.84999847412109,12690300,Yahoo Finance daily
2011-08-11,us,UNH,,41.54999923706055,44.41999816894531,41.27000045776367,43.93000030517578,13915800,Yahoo Finance daily
2011-08-12,us,UNH,,43.790000915527344,45.34000015258789,43.790000915527344,44.810001373291016,9500600,Yahoo Finance daily
2011-08-15,us,UNH,,45.18999862670898,46.02999877929688,44.97999954223633,45.93999862670898,8314700,Yahoo Finance daily
2011-08-16,us,UNH,,45.77999877929688,45.88999938964844,44.650001525878906,45.5,10044500,Yahoo Finance daily
2011-08-17,us,UNH,,45.68000030517578,46.209999084472656,45.130001068115234,45.52999877929688,4924400,Yahoo Finance daily
2011-08-18,us,UNH,,44.380001068115234,44.65999984741211,43.38999938964844,43.88999938964844,9901300,Yahoo Finance daily
2011-08-19,us,UNH,,43.13999938964844,44.2400016784668,42.97999954223633,43.31999969482422,8882900,Yahoo Finance daily
2011-08-22,us,UNH,,44.16999816894531,44.29999923706055,43.290000915527344,43.61000061035156,7162800,Yahoo Finance daily
2011-08-23,us,UNH,,43.79999923706055,44.97999954223633,43.119998931884766,44.869998931884766,9080100,Yahoo Finance daily
2011-08-24,us,UNH,,44.630001068115234,46.0,44.38999938964844,45.90999984741211,6286100,Yahoo Finance daily
2011-08-25,us,UNH,,46.27000045776367,46.400001525878906,44.83000183105469,45.09000015258789,5878900,Yahoo Finance daily
2011-08-26,us,UNH,,44.34999847412109,46.08000183105469,43.5099983215332,45.720001220703125,6009900,Yahoo Finance daily
2011-08-29,us,UNH,,46.2400016784668,46.83000183105469,45.970001220703125,46.7599983215332,4036700,Yahoo Finance daily
2011-08-30,us,UNH,,46.540000915527344,47.61000061035156,46.20000076293945,47.27999877929688,6002600,Yahoo Finance daily
2011-08-31,us,UNH,,47.7400016784668,48.4900016784668,47.0099983215332,47.52000045776367,6516400,Yahoo Finance daily
2011-09-01,us,UNH,,47.58000183105469,48.380001068115234,47.119998931884766,47.18000030517578,6493800,Yahoo Finance daily
2011-09-02,us,UNH,,45.790000915527344,46.7599983215332,45.68999862670898,45.72999954223633,5102800,Yahoo Finance daily
2011-09-06,us,UNH,,44.619998931884766,45.810001373291016,44.09000015258789,45.709999084472656,6797700,Yahoo Finance daily
2011-09-07,us,UNH,,46.470001220703125,47.45000076293945,46.18999862670898,47.209999084472656,6823700,Yahoo Finance daily
2011-09-08,us,UNH,,46.75,48.0,46.650001525878906,47.20000076293945,7435200,Yahoo Finance daily
2011-09-09,us,UNH,,46.59999847412109,46.93999862670898,45.27999877929688,45.52000045776367,9076000,Yahoo Finance daily
2011-09-12,us,UNH,,44.4900016784668,46.33000183105469,44.43999862670898,46.2599983215332,8216100,Yahoo Finance daily
2011-09-13,us,UNH,,46.380001068115234,48.220001220703125,46.31999969482422,47.9900016784668,11932000,Yahoo Finance daily
2011-09-14,us,UNH,,48.310001373291016,49.41999816894531,47.0,48.68000030517578,10108400,Yahoo Finance daily
2011-09-15,us,UNH,,49.11000061035156,50.7400016784668,48.59999847412109,50.540000915527344,11325800,Yahoo Finance daily
2011-09-16,us,UNH,,51.06999969482422,51.18000030517578,49.34000015258789,50.7599983215332,11790300,Yahoo Finance daily
2011-09-19,us,UNH,,49.65999984741211,50.18000030517578,49.38999938964844,49.95000076293945,8956300,Yahoo Finance daily
2011-09-20,us,UNH,,50.040000915527344,51.2400016784668,49.34000015258789,49.83000183105469,8440000,Yahoo Finance daily
2011-09-21,us,UNH,,49.91999816894531,50.40999984741211,47.97999954223633,48.0099983215332,7002700,Yahoo Finance daily
2011-09-22,us,UNH,,46.75,47.66999816894531,46.33000183105469,47.09000015258789,10065200,Yahoo Finance daily
2011-09-23,us,UNH,,46.79999923706055,47.880001068115234,46.47999954223633,47.59999847412109,7130000,Yahoo Finance daily
2011-09-26,us,UNH,,48.130001068115234,48.84000015258789,47.58000183105469,48.810001373291016,7147400,Yahoo Finance daily
2011-09-27,us,UNH,,49.61000061035156,50.38999938964844,48.86000061035156,49.45000076293945,8030600,Yahoo Finance daily
2011-09-28,us,UNH,,49.27000045776367,49.52000045776367,47.560001373291016,47.63999938964844,7338900,Yahoo Finance daily
2011-09-29,us,UNH,,48.34999847412109,48.7400016784668,45.790000915527344,46.58000183105469,9154500,Yahoo Finance daily
2011-09-30,us,UNH,,46.08000183105469,47.22999954223633,45.61000061035156,46.119998931884766,10485400,Yahoo Finance daily
2011-10-03,us,UNH,,45.77000045776367,46.220001220703125,42.869998931884766,42.91999816894531,12717100,Yahoo Finance daily
2011-10-04,us,UNH,,42.11000061035156,42.84000015258789,41.31999969482422,42.77999877929688,13800000,Yahoo Finance daily
2011-10-05,us,UNH,,43.540000915527344,44.68000030517578,42.84000015258789,44.45000076293945,8455800,Yahoo Finance daily
2011-10-06,us,UNH,,44.619998931884766,45.150001525878906,43.97999954223633,44.93999862670898,5804800,Yahoo Finance daily
2011-10-07,us,UNH,,45.0,45.45000076293945,44.45000076293945,44.88999938964844,5962900,Yahoo Finance daily
2011-10-10,us,UNH,,45.52000045776367,46.52000045776367,45.5099983215332,46.52000045776367,4752100,Yahoo Finance daily
2011-10-11,us,UNH,,46.380001068115234,46.81999969482422,45.88999938964844,46.63999938964844,4639600,Yahoo Finance daily
2011-10-12,us,UNH,,47.209999084472656,47.650001525878906,46.369998931884766,46.380001068115234,7267400,Yahoo Finance daily
2011-10-13,us,UNH,,46.02000045776367,46.619998931884766,45.66999816894531,46.52999877929688,5034600,Yahoo Finance daily
2011-10-14,us,UNH,,47.220001220703125,47.34999847412109,46.52999877929688,47.220001220703125,6074100,Yahoo Finance daily
2011-10-17,us,UNH,,46.869998931884766,47.61000061035156,46.459999084472656,46.59999847412109,5944600,Yahoo Finance daily
2011-10-18,us,UNH,,44.2400016784668,45.900001525878906,42.86000061035156,45.34000015258789,23926900,Yahoo Finance daily
2011-10-19,us,UNH,,45.400001525878906,47.41999816894531,45.209999084472656,46.45000076293945,12250600,Yahoo Finance daily
2011-10-20,us,UNH,,46.68000030517578,46.9900016784668,45.93999862670898,46.880001068115234,7985300,Yahoo Finance daily
2011-10-21,us,UNH,,47.43000030517578,48.5,47.310001373291016,47.91999816894531,9218800,Yahoo Finance daily
2011-10-24,us,UNH,,48.209999084472656,49.2400016784668,48.0,49.02999877929688,7146200,Yahoo Finance daily
2011-10-25,us,UNH,,47.66999816894531,49.29999923706055,47.66999816894531,48.7599983215332,7477100,Yahoo Finance daily
2011-10-26,us,UNH,,49.43000030517578,49.47999954223633,48.130001068115234,48.7599983215332,10387600,Yahoo Finance daily
2011-10-27,us,UNH,,49.91999816894531,50.0,48.810001373291016,49.18000030517578,10025800,Yahoo Finance daily
2011-10-28,us,UNH,,49.16999816894531,49.34999847412109,48.18999862670898,48.84999847412109,6377300,Yahoo Finance daily
2011-10-31,us,UNH,,48.380001068115234,48.95000076293945,47.959999084472656,47.9900016784668,6164900,Yahoo Finance daily
2011-11-01,us,UNH,,46.810001373291016,47.09999847412109,45.95000076293945,46.220001220703125,11125900,Yahoo Finance daily
2011-11-02,us,UNH,,47.0,47.0,46.06999969482422,46.36000061035156,7858100,Yahoo Finance daily
2011-11-03,us,UNH,,46.79999923706055,46.880001068115234,45.79999923706055,46.18000030517578,6721300,Yahoo Finance daily
2011-11-04,us,UNH,,46.06999969482422,46.09999847412109,45.08000183105469,45.58000183105469,8010400,Yahoo Finance daily
2011-11-07,us,UNH,,45.45000076293945,45.7400016784668,44.79999923706055,45.16999816894531,7919000,Yahoo Finance daily
2011-11-08,us,UNH,,45.290000915527344,46.27000045776367,45.08000183105469,46.150001525878906,7086400,Yahoo Finance daily
2011-11-09,us,UNH,,45.220001220703125,46.09999847412109,45.130001068115234,45.540000915527344,6423200,Yahoo Finance daily
2011-11-10,us,UNH,,46.060001373291016,46.29999923706055,45.43999862670898,46.130001068115234,5479700,Yahoo Finance daily
2011-11-11,us,UNH,,46.619998931884766,47.5099983215332,46.4900016784668,47.130001068115234,5104500,Yahoo Finance daily
2011-11-14,us,UNH,,46.93000030517578,47.310001373291016,46.65999984741211,46.93999862670898,4734200,Yahoo Finance daily
2011-11-15,us,UNH,,46.79999923706055,46.970001220703125,46.150001525878906,46.54999923706055,4911600,Yahoo Finance daily
2011-11-16,us,UNH,,45.9900016784668,46.290000915527344,44.84000015258789,44.90999984741211,8053800,Yahoo Finance daily
2011-11-17,us,UNH,,44.9900016784668,45.27000045776367,44.04999923706055,44.52000045776367,8147900,Yahoo Finance daily
2011-11-18,us,UNH,,44.61000061035156,44.7400016784668,44.13999938964844,44.54999923706055,5972300,Yahoo Finance daily
2011-11-21,us,UNH,,43.7400016784668,44.75,43.7400016784668,44.43999862670898,6656300,Yahoo Finance daily
2011-11-22,us,UNH,,44.33000183105469,44.9900016784668,43.97999954223633,44.41999816894531,4758800,Yahoo Finance daily
2011-11-23,us,UNH,,43.959999084472656,44.09999847412109,43.41999816894531,43.560001373291016,5515800,Yahoo Finance daily
2011-11-25,us,UNH,,43.54999923706055,44.22999954223633,43.470001220703125,43.66999816894531,2985100,Yahoo Finance daily
2011-11-28,us,UNH,,44.459999084472656,45.4900016784668,44.38999938964844,45.02999877929688,8826400,Yahoo Finance daily
2011-11-29,us,UNH,,45.310001373291016,46.18999862670898,45.09000015258789,45.880001068115234,6457300,Yahoo Finance daily
2011-11-30,us,UNH,,47.36000061035156,48.880001068115234,46.9900016784668,48.77000045776367,11702500,Yahoo Finance daily
2011-12-01,us,UNH,,48.59000015258789,49.060001373291016,48.400001525878906,48.52000045776367,7021500,Yahoo Finance daily
2011-12-02,us,UNH,,48.4900016784668,49.0,48.02999877929688,48.22999954223633,7639100,Yahoo Finance daily
2011-12-05,us,UNH,,48.84000015258789,49.5,47.90999984741211,48.27000045776367,8135400,Yahoo Finance daily
2011-12-06,us,UNH,,48.36000061035156,48.68000030517578,48.08000183105469,48.290000915527344,8306100,Yahoo Finance daily
2011-12-07,us,UNH,,47.9900016784668,49.70000076293945,47.81999969482422,49.34000015258789,10200500,Yahoo Finance daily
2011-12-08,us,UNH,,49.22999954223633,49.54999923706055,47.97999954223633,48.15999984741211,8641800,Yahoo Finance daily
2011-12-09,us,UNH,,48.209999084472656,49.08000183105469,48.119998931884766,48.90999984741211,5713500,Yahoo Finance daily
2011-12-12,us,UNH,,48.709999084472656,49.0,47.93999862670898,48.20000076293945,4947700,Yahoo Finance daily
2011-12-13,us,UNH,,48.43999862670898,49.29999923706055,47.70000076293945,47.93000030517578,5267700,Yahoo Finance daily
2011-12-14,us,UNH,,47.86000061035156,48.29999923706055,47.630001068115234,47.7599983215332,7513500,Yahoo Finance daily
2011-12-15,us,UNH,,47.880001068115234,48.79999923706055,47.880001068115234,48.52000045776367,9354200,Yahoo Finance daily
2011-12-16,us,UNH,,49.02000045776367,49.5,48.709999084472656,49.0,10214200,Yahoo Finance daily
2011-12-19,us,UNH,,48.91999816894531,49.560001373291016,48.84000015258789,48.970001220703125,5877400,Yahoo Finance daily
2011-12-20,us,UNH,,49.41999816894531,49.93999862670898,49.36000061035156,49.81999969482422,6053300,Yahoo Finance daily
2011-12-21,us,UNH,,49.83000183105469,50.0,49.54999923706055,49.9900016784668,6695000,Yahoo Finance daily
2011-12-22,us,UNH,,49.88999938964844,50.93000030517578,49.84999847412109,50.72999954223633,4627100,Yahoo Finance daily
2011-12-23,us,UNH,,50.95000076293945,51.5,50.68999862670898,51.34999847412109,3898000,Yahoo Finance daily
2011-12-27,us,UNH,,51.34999847412109,51.709999084472656,51.09000015258789,51.34999847412109,2999300,Yahoo Finance daily
2011-12-28,us,UNH,,51.34999847412109,51.5,50.65999984741211,50.709999084472656,2959600,Yahoo Finance daily
2011-12-29,us,UNH,,50.93000030517578,51.56999969482422,50.88999938964844,51.18000030517578,3774000,Yahoo Finance daily
2011-12-30,us,UNH,,51.060001373291016,51.18000030517578,50.68000030517578,50.68000030517578,2205400,Yahoo Finance daily
2012-01-03,us,UNH,,51.2400016784668,51.70000076293945,51.11000061035156,51.4900016784668,6021000,Yahoo Finance daily
2012-01-04,us,UNH,,51.2599983215332,52.25,51.25,52.2400016784668,5406400,Yahoo Finance daily
2012-01-05,us,UNH,,51.88999938964844,52.72999954223633,51.79999923706055,52.59000015258789,6330100,Yahoo Finance daily
2012-01-06,us,UNH,,52.75,53.41999816894531,52.47999954223633,52.77999877929688,5321700,Yahoo Finance daily
2012-01-09,us,UNH,,52.630001068115234,52.970001220703125,52.470001220703125,52.720001220703125,5079300,Yahoo Finance daily
2012-01-10,us,UNH,,52.959999084472656,53.040000915527344,52.369998931884766,52.619998931884766,7063200,Yahoo Finance daily
2012-01-11,us,UNH,,52.4900016784668,53.119998931884766,52.060001373291016,53.0099983215332,4281600,Yahoo Finance daily
2012-01-12,us,UNH,,53.220001220703125,53.2400016784668,52.52999877929688,52.869998931884766,4550300,Yahoo Finance daily
2012-01-13,us,UNH,,52.68999862670898,52.790000915527344,51.93000030517578,52.70000076293945,4995700,Yahoo Finance daily
2012-01-17,us,UNH,,53.04999923706055,53.63999938964844,52.869998931884766,53.56999969482422,6495700,Yahoo Finance daily
2012-01-18,us,UNH,,53.34999847412109,54.18000030517578,52.93000030517578,53.93999862670898,8389800,Yahoo Finance daily
2012-01-19,us,UNH,,52.310001373291016,53.02000045776367,51.41999816894531,52.31999969482422,18656600,Yahoo Finance daily
2012-01-20,us,UNH,,52.34000015258789,52.5099983215332,51.61000061035156,52.27000045776367,8873800,Yahoo Finance daily
2012-01-23,us,UNH,,52.20000076293945,53.04999923706055,51.959999084472656,52.43000030517578,7535900,Yahoo Finance daily
2012-01-24,us,UNH,,52.27000045776367,52.52000045776367,51.22999954223633,51.33000183105469,10397800,Yahoo Finance daily
2012-01-25,us,UNH,,50.630001068115234,51.650001525878906,49.81999969482422,51.56999969482422,13121500,Yahoo Finance daily
2012-01-26,us,UNH,,51.61000061035156,51.720001220703125,49.900001525878906,50.34999847412109,13576200,Yahoo Finance daily
2012-01-27,us,UNH,,50.34000015258789,51.2400016784668,50.31999969482422,51.02000045776367,7027300,Yahoo Finance daily
2012-01-30,us,UNH,,50.81999969482422,51.16999816894531,50.06999969482422,51.06999969482422,4852400,Yahoo Finance daily
2012-01-31,us,UNH,,51.400001525878906,52.880001068115234,51.380001068115234,51.790000915527344,8843000,Yahoo Finance daily
2012-02-01,us,UNH,,52.15999984741211,53.61000061035156,52.119998931884766,53.2599983215332,7480600,Yahoo Finance daily
2012-02-02,us,UNH,,53.25,53.25,52.0099983215332,52.540000915527344,5319200,Yahoo Finance daily
2012-02-03,us,UNH,,52.7400016784668,52.77000045776367,50.75,51.310001373291016,9676900,Yahoo Finance daily
2012-02-06,us,UNH,,50.97999954223633,51.400001525878906,50.68000030517578,51.290000915527344,8577100,Yahoo Finance daily
2012-02-07,us,UNH,,51.09000015258789,52.130001068115234,50.90999984741211,52.02999877929688,5243300,Yahoo Finance daily
2012-02-08,us,UNH,,52.0,52.369998931884766,51.650001525878906,52.13999938964844,6022000,Yahoo Finance daily
2012-02-09,us,UNH,,52.209999084472656,53.52999877929688,52.20000076293945,53.060001373291016,9613500,Yahoo Finance daily
2012-02-10,us,UNH,,52.56999969482422,53.5,52.310001373291016,53.31999969482422,6574700,Yahoo Finance daily
2012-02-13,us,UNH,,53.5,54.2400016784668,53.380001068115234,53.84999847412109,5703700,Yahoo Finance daily
2012-02-14,us,UNH,,53.900001525878906,54.4900016784668,53.56999969482422,54.459999084472656,5982000,Yahoo Finance daily
2012-02-15,us,UNH,,54.52999877929688,54.84000015258789,54.220001220703125,54.619998931884766,7009300,Yahoo Finance daily
2012-02-16,us,UNH,,54.619998931884766,54.88999938964844,54.2599983215332,54.790000915527344,6907700,Yahoo Finance daily
2012-02-17,us,UNH,,54.810001373291016,54.84999847412109,54.540000915527344,54.68000030517578,6387400,Yahoo Finance daily
2012-02-21,us,UNH,,54.9900016784668,55.52999877929688,54.880001068115234,55.31999969482422,7502200,Yahoo Finance daily
2012-02-22,us,UNH,,55.060001373291016,55.63999938964844,54.68000030517578,55.18000030517578,6760100,Yahoo Finance daily
2012-02-23,us,UNH,,55.150001525878906,55.36000061035156,54.65999984741211,54.93999862670898,7195800,Yahoo Finance daily
2012-02-24,us,UNH,,55.11000061035156,55.7400016784668,55.0,55.650001525878906,5004500,Yahoo Finance daily
2012-02-27,us,UNH,,55.34000015258789,56.15999984741211,55.27000045776367,55.72999954223633,5355900,Yahoo Finance daily
2012-02-28,us,UNH,,55.630001068115234,55.95000076293945,55.25,55.84000015258789,4538200,Yahoo Finance daily
2012-02-29,us,UNH,,55.9900016784668,56.09999847412109,55.560001373291016,55.75,5582600,Yahoo Finance daily
2012-03-01,us,UNH,,55.75,56.09999847412109,55.59000015258789,55.9900016784668,4258200,Yahoo Finance daily
2012-03-02,us,UNH,,55.959999084472656,56.04999923706055,55.369998931884766,55.84000015258789,4408900,Yahoo Finance daily
2012-03-05,us,UNH,,55.63999938964844,56.08000183105469,55.040000915527344,55.040000915527344,4739900,Yahoo Finance daily
2012-03-06,us,UNH,,54.709999084472656,55.40999984741211,54.119998931884766,54.459999084472656,4445700,Yahoo Finance daily
2012-03-07,us,UNH,,54.36000061035156,54.72999954223633,54.2400016784668,54.38999938964844,4474900,Yahoo Finance daily
2012-03-08,us,UNH,,54.869998931884766,56.02999877929688,54.810001373291016,55.61000061035156,4883600,Yahoo Finance daily
2012-03-09,us,UNH,,55.75,56.11000061035156,55.5,55.77999877929688,4743200,Yahoo Finance daily
2012-03-12,us,UNH,,55.79999923706055,55.880001068115234,54.95000076293945,55.02000045776367,4567000,Yahoo Finance daily
2012-03-13,us,UNH,,55.119998931884766,55.380001068115234,54.70000076293945,55.33000183105469,6497400,Yahoo Finance daily
2012-03-14,us,UNH,,55.15999984741211,55.869998931884766,55.040000915527344,55.77999877929688,6684000,Yahoo Finance daily
2012-03-15,us,UNH,,55.900001525878906,56.25,55.540000915527344,55.709999084472656,4598700,Yahoo Finance daily
2012-03-16,us,UNH,,55.58000183105469,55.81999969482422,55.400001525878906,55.59000015258789,8510100,Yahoo Finance daily
2012-03-19,us,UNH,,56.310001373291016,56.34000015258789,55.79999923706055,56.130001068115234,5347700,Yahoo Finance daily
2012-03-20,us,UNH,,55.93000030517578,56.02999877929688,54.72999954223633,54.77999877929688,5378100,Yahoo Finance daily
2012-03-21,us,UNH,,54.9900016784668,54.9900016784668,53.959999084472656,53.970001220703125,6252500,Yahoo Finance daily
2012-03-22,us,UNH,,53.619998931884766,54.209999084472656,53.400001525878906,53.880001068115234,7550900,Yahoo Finance daily
2012-03-23,us,UNH,,53.869998931884766,53.9900016784668,53.52000045776367,53.65999984741211,6471200,Yahoo Finance daily
2012-03-26,us,UNH,,53.88999938964844,55.09999847412109,53.86000061035156,55.09999847412109,5098400,Yahoo Finance daily
2012-03-27,us,UNH,,55.25,55.56999969482422,54.18000030517578,55.43000030517578,7455900,Yahoo Finance daily
2012-03-28,us,UNH,,55.38999938964844,55.959999084472656,54.880001068115234,55.43999862670898,5435300,Yahoo Finance daily
2012-03-29,us,UNH,,55.0,58.31999969482422,54.97999954223633,58.11000061035156,17258500,Yahoo Finance daily
2012-03-30,us,UNH,,57.970001220703125,59.43000030517578,57.7400016784668,58.93999862670898,10802600,Yahoo Finance daily
2012-04-02,us,UNH,,58.93999862670898,59.27000045776367,58.11000061035156,59.119998931884766,9105900,Yahoo Finance daily
2012-04-03,us,UNH,,59.02000045776367,59.61000061035156,58.720001220703125,59.400001525878906,7948100,Yahoo Finance daily
2012-04-04,us,UNH,,59.15999984741211,59.27999877929688,58.66999816894531,59.060001373291016,4791300,Yahoo Finance daily
2012-04-05,us,UNH,,58.81999969482422,59.18999862670898,58.59999847412109,59.0099983215332,4826800,Yahoo Finance daily
2012-04-09,us,UNH,,58.52000045776367,58.869998931884766,58.0099983215332,58.13999938964844,4755600,Yahoo Finance daily
2012-04-10,us,UNH,,57.959999084472656,58.33000183105469,57.220001220703125,57.560001373291016,5841700,Yahoo Finance daily
2012-04-11,us,UNH,,58.08000183105469,58.540000915527344,57.84999847412109,58.02000045776367,6496000,Yahoo Finance daily
2012-04-12,us,UNH,,58.02999877929688,58.619998931884766,57.720001220703125,58.459999084472656,4303200,Yahoo Finance daily
2012-04-13,us,UNH,,58.38999938964844,58.54999923706055,57.7400016784668,58.04999923706055,5655400,Yahoo Finance daily
2012-04-16,us,UNH,,58.34999847412109,58.34999847412109,57.36000061035156,57.36000061035156,6628000,Yahoo Finance daily
2012-04-17,us,UNH,,57.61000061035156,58.400001525878906,57.29999923706055,58.09999847412109,5896300,Yahoo Finance daily
2012-04-18,us,UNH,,57.70000076293945,57.70000076293945,57.11000061035156,57.31999969482422,6551300,Yahoo Finance daily
2012-04-19,us,UNH,,57.27999877929688,59.34999847412109,56.9900016784668,58.709999084472656,10754500,Yahoo Finance daily
2012-04-20,us,UNH,,59.15999984741211,59.709999084472656,58.93000030517578,59.5099983215332,8378800,Yahoo Finance daily
2012-04-23,us,UNH,,59.040000915527344,59.33000183105469,58.900001525878906,59.18999862670898,4471400,Yahoo Finance daily
2012-04-24,us,UNH,,59.02000045776367,59.20000076293945,58.470001220703125,58.720001220703125,5030600,Yahoo Finance daily
2012-04-25,us,UNH,,58.790000915527344,59.5,58.66999816894531,58.869998931884766,6091300,Yahoo Finance daily
2012-04-26,us,UNH,,56.93999862670898,58.66999816894531,56.470001220703125,58.369998931884766,9384700,Yahoo Finance daily
2012-04-27,us,UNH,,58.61000061035156,58.7400016784668,57.59000015258789,57.90999984741211,7509600,Yahoo Finance daily
2012-04-30,us,UNH,,56.95000076293945,57.47999954223633,55.47999954223633,56.150001525878906,9874300,Yahoo Finance daily
2012-05-01,us,UNH,,56.27000045776367,57.38999938964844,56.150001525878906,57.130001068115234,4887100,Yahoo Finance daily
2012-05-02,us,UNH,,56.77000045776367,57.41999816894531,56.56999969482422,56.65999984741211,5175400,Yahoo Finance daily
2012-05-03,us,UNH,,56.52000045776367,56.52000045776367,55.38999938964844,55.720001220703125,7296800,Yahoo Finance daily
2012-05-04,us,UNH,,55.650001525878906,55.72999954223633,54.65999984741211,54.720001220703125,5787500,Yahoo Finance daily
2012-05-07,us,UNH,,54.34999847412109,55.43000030517578,54.2599983215332,55.25,4076600,Yahoo Finance daily
2012-05-08,us,UNH,,55.2400016784668,55.970001220703125,54.90999984741211,55.81999969482422,4702900,Yahoo Finance daily
2012-05-09,us,UNH,,55.369998931884766,55.959999084472656,54.84999847412109,55.220001220703125,6635800,Yahoo Finance daily
2012-05-10,us,UNH,,55.560001373291016,55.86000061035156,55.02999877929688,55.290000915527344,4030800,Yahoo Finance daily
2012-05-11,us,UNH,,55.20000076293945,55.63999938964844,55.02000045776367,55.20000076293945,3937800,Yahoo Finance daily
2012-05-14,us,UNH,,54.81999969482422,55.56999969482422,54.56999969482422,55.15999984741211,4634300,Yahoo Finance daily
2012-05-15,us,UNH,,55.02000045776367,55.70000076293945,54.7599983215332,54.93999862670898,5514500,Yahoo Finance daily
2012-05-16,us,UNH,,55.040000915527344,55.290000915527344,54.84000015258789,54.900001525878906,4036200,Yahoo Finance daily
2012-05-17,us,UNH,,55.06999969482422,55.459999084472656,54.72999954223633,54.880001068115234,5465300,Yahoo Finance daily
2012-05-18,us,UNH,,54.88999938964844,55.34000015258789,53.77999877929688,53.9900016784668,6420400,Yahoo Finance daily
2012-05-21,us,UNH,,54.09000015258789,55.59999847412109,54.08000183105469,55.54999923706055,4825900,Yahoo Finance daily
2012-05-22,us,UNH,,55.7599983215332,56.630001068115234,55.5,55.720001220703125,5832200,Yahoo Finance daily
2012-05-23,us,UNH,,55.45000076293945,55.880001068115234,54.70000076293945,55.36000061035156,4671800,Yahoo Finance daily
2012-05-24,us,UNH,,55.02999877929688,56.7400016784668,55.0099983215332,56.220001220703125,7192400,Yahoo Finance daily
2012-05-25,us,UNH,,56.16999816894531,56.560001373291016,55.869998931884766,56.119998931884766,4306500,Yahoo Finance daily
2012-05-29,us,UNH,,56.08000183105469,56.25,55.5,56.150001525878906,5005900,Yahoo Finance daily
2012-05-30,us,UNH,,56.0,56.470001220703125,55.77999877929688,56.16999816894531,4398100,Yahoo Finance daily
2012-05-31,us,UNH,,56.209999084472656,56.33000183105469,55.459999084472656,55.77000045776367,6343300,Yahoo Finance daily
2012-06-01,us,UNH,,55.220001220703125,55.900001525878906,54.93999862670898,55.040000915527344,5703900,Yahoo Finance daily
2012-06-04,us,UNH,,54.77000045776367,55.34999847412109,54.68999862670898,54.90999984741211,5508000,Yahoo Finance daily
2012-06-05,us,UNH,,54.84000015258789,56.20000076293945,54.720001220703125,56.040000915527344,6112200,Yahoo Finance daily
2012-06-06,us,UNH,,56.61000061035156,57.70000076293945,56.5,57.70000076293945,6776600,Yahoo Finance daily
2012-06-07,us,UNH,,57.79999923706055,58.38999938964844,57.400001525878906,57.45000076293945,7249100,Yahoo Finance daily
2012-06-08,us,UNH,,56.84000015258789,58.38999938964844,56.84000015258789,58.0,6406900,Yahoo Finance daily
2012-06-11,us,UNH,,58.220001220703125,58.380001068115234,57.400001525878906,57.459999084472656,6236300,Yahoo Finance daily
2012-06-12,us,UNH,,57.470001220703125,58.130001068115234,57.0,57.84000015258789,6023900,Yahoo Finance daily
2012-06-13,us,UNH,,57.720001220703125,58.52999877929688,57.56999969482422,58.0099983215332,6373600,Yahoo Finance daily
2012-06-14,us,UNH,,58.16999816894531,59.380001068115234,57.88999938964844,59.25,6649800,Yahoo Finance daily
2012-06-15,us,UNH,,59.68999862670898,59.84999847412109,58.5099983215332,58.900001525878906,9021000,Yahoo Finance daily
2012-06-18,us,UNH,,58.790000915527344,59.470001220703125,58.18000030517578,59.41999816894531,9718000,Yahoo Finance daily
2012-06-19,us,UNH,,59.58000183105469,60.75,59.369998931884766,60.2599983215332,8602400,Yahoo Finance daily
2012-06-20,us,UNH,,59.95000076293945,60.22999954223633,59.29999923706055,59.59999847412109,4344500,Yahoo Finance daily
2012-06-21,us,UNH,,59.83000183105469,60.040000915527344,58.27000045776367,58.34000015258789,5320500,Yahoo Finance daily
2012-06-22,us,UNH,,58.5,59.52999877929688,58.40999984741211,59.06999969482422,7494300,Yahoo Finance daily
2012-06-25,us,UNH,,58.59000015258789,59.09999847412109,57.650001525878906,57.68999862670898,6884400,Yahoo Finance daily
2012-06-26,us,UNH,,57.65999984741211,59.15999984741211,57.22999954223633,58.79999923706055,7458200,Yahoo Finance daily
2012-06-27,us,UNH,,59.5,60.59999847412109,58.81999969482422,59.290000915527344,7088700,Yahoo Finance daily
2012-06-28,us,UNH,,58.869998931884766,60.5,55.34000015258789,59.59999847412109,25319900,Yahoo Finance daily
2012-06-29,us,UNH,,60.34000015258789,60.59999847412109,57.869998931884766,58.5,11121700,Yahoo Finance daily
2012-07-02,us,UNH,,58.88999938964844,59.310001373291016,55.959999084472656,56.2599983215332,12997500,Yahoo Finance daily
2012-07-03,us,UNH,,56.38999938964844,56.72999954223633,54.7400016784668,54.880001068115234,8460200,Yahoo Finance daily
2012-07-05,us,UNH,,54.880001068115234,56.15999984741211,54.86000061035156,55.810001373291016,6937800,Yahoo Finance daily
2012-07-06,us,UNH,,55.290000915527344,55.93999862670898,55.150001525878906,55.81999969482422,4458600,Yahoo Finance daily
2012-07-09,us,UNH,,56.290000915527344,56.65999984741211,55.52999877929688,56.09000015258789,4241500,Yahoo Finance daily
2012-07-10,us,UNH,,56.27000045776367,56.43999862670898,55.2400016784668,55.70000076293945,5662700,Yahoo Finance daily
2012-07-11,us,UNH,,55.77000045776367,56.290000915527344,55.70000076293945,56.040000915527344,5316400,Yahoo Finance daily
2012-07-12,us,UNH,,55.880001068115234,55.900001525878906,54.43999862670898,54.56999969482422,6079200,Yahoo Finance daily
2012-07-13,us,UNH,,54.61000061035156,55.54999923706055,54.56999969482422,55.20000076293945,5053000,Yahoo Finance daily
2012-07-16,us,UNH,,55.18000030517578,55.27999877929688,54.720001220703125,55.15999984741211,3170100,Yahoo Finance daily
2012-07-17,us,UNH,,55.209999084472656,56.20000076293945,54.88999938964844,55.900001525878906,6180000,Yahoo Finance daily
2012-07-18,us,UNH,,55.540000915527344,56.47999954223633,54.869998931884766,56.34999847412109,5090200,Yahoo Finance daily
2012-07-19,us,UNH,,57.38999938964844,57.59999847412109,53.630001068115234,54.9900016784668,16696600,Yahoo Finance daily
2012-07-20,us,UNH,,54.869998931884766,55.83000183105469,54.86000061035156,55.40999984741211,8367300,Yahoo Finance daily
2012-07-23,us,UNH,,54.369998931884766,55.060001373291016,53.970001220703125,54.5099983215332,6037000,Yahoo Finance daily
2012-07-24,us,UNH,,54.63999938964844,55.09999847412109,54.310001373291016,54.900001525878906,7561100,Yahoo Finance daily
2012-07-25,us,UNH,,51.5,52.959999084472656,51.0099983215332,52.47999954223633,19603900,Yahoo Finance daily
2012-07-26,us,UNH,,53.119998931884766,53.34999847412109,50.88999938964844,52.0099983215332,10510600,Yahoo Finance daily
2012-07-27,us,UNH,,51.810001373291016,53.5099983215332,51.68999862670898,53.34000015258789,8569900,Yahoo Finance daily
2012-07-30,us,UNH,,53.31999969482422,53.709999084472656,52.88999938964844,53.2599983215332,4405400,Yahoo Finance daily
2012-07-31,us,UNH,,52.7400016784668,53.18999862670898,51.08000183105469,51.09000015258789,9879500,Yahoo Finance daily
2012-08-01,us,UNH,,51.209999084472656,51.91999816894531,50.75,51.209999084472656,7617600,Yahoo Finance daily
2012-08-02,us,UNH,,50.75,51.7599983215332,50.31999969482422,51.09999847412109,7320500,Yahoo Finance daily
2012-08-03,us,UNH,,51.380001068115234,52.25,50.619998931884766,51.61000061035156,6408000,Yahoo Finance daily
2012-08-06,us,UNH,,51.86000061035156,52.08000183105469,50.970001220703125,51.0,4982600,Yahoo Finance daily
2012-08-07,us,UNH,,51.380001068115234,52.77999877929688,51.209999084472656,52.540000915527344,6590800,Yahoo Finance daily
2012-08-08,us,UNH,,52.29999923706055,52.900001525878906,51.90999984741211,52.72999954223633,5718000,Yahoo Finance daily
2012-08-09,us,UNH,,52.56999969482422,52.790000915527344,51.68999862670898,52.02000045776367,4890700,Yahoo Finance daily
2012-08-10,us,UNH,,51.84000015258789,52.11000061035156,51.70000076293945,51.900001525878906,5381700,Yahoo Finance daily
2012-08-13,us,UNH,,51.63999938964844,52.0,51.40999984741211,51.900001525878906,4259900,Yahoo Finance daily
2012-08-14,us,UNH,,52.18999862670898,52.27000045776367,51.810001373291016,51.970001220703125,3460200,Yahoo Finance daily
2012-08-15,us,UNH,,51.900001525878906,52.90999984741211,51.810001373291016,52.81999969482422,4647300,Yahoo Finance daily
2012-08-16,us,UNH,,52.84000015258789,53.52999877929688,52.77999877929688,53.38999938964844,5598900,Yahoo Finance daily
2012-08-17,us,UNH,,53.63999938964844,53.63999938964844,52.880001068115234,53.130001068115234,4653600,Yahoo Finance daily
2012-08-20,us,UNH,,52.970001220703125,53.619998931884766,52.75,53.20000076293945,4930500,Yahoo Finance daily
2012-08-21,us,UNH,,53.43999862670898,53.900001525878906,53.25,53.41999816894531,5323300,Yahoo Finance daily
2012-08-22,us,UNH,,53.43000030517578,54.09999847412109,53.34999847412109,53.970001220703125,5367100,Yahoo Finance daily
2012-08-23,us,UNH,,53.9900016784668,54.34999847412109,53.7599983215332,53.91999816894531,4450300,Yahoo Finance daily
2012-08-24,us,UNH,,53.869998931884766,54.33000183105469,53.810001373291016,54.15999984741211,4143200,Yahoo Finance daily
2012-08-27,us,UNH,,54.119998931884766,54.9900016784668,53.880001068115234,54.61000061035156,4773600,Yahoo Finance daily
2012-08-28,us,UNH,,54.400001525878906,54.79999923706055,54.209999084472656,54.33000183105469,4611700,Yahoo Finance daily
2012-08-29,us,UNH,,54.52999877929688,54.970001220703125,54.369998931884766,54.63999938964844,4611900,Yahoo Finance daily
2012-08-30,us,UNH,,54.459999084472656,54.91999816894531,54.27000045776367,54.68999862670898,5188200,Yahoo Finance daily
2012-08-31,us,UNH,,54.84000015258789,55.02999877929688,54.209999084472656,54.29999923706055,5070900,Yahoo Finance daily
2012-09-04,us,UNH,,54.400001525878906,54.68000030517578,54.0,54.560001373291016,4233900,Yahoo Finance daily
2012-09-05,us,UNH,,54.7400016784668,54.93000030517578,54.18000030517578,54.27999877929688,4166100,Yahoo Finance daily
2012-09-06,us,UNH,,54.54999923706055,54.9900016784668,54.5,54.88999938964844,3741600,Yahoo Finance daily
2012-09-07,us,UNH,,54.970001220703125,55.2599983215332,54.70000076293945,54.880001068115234,3732700,Yahoo Finance daily
2012-09-10,us,UNH,,55.0099983215332,55.0099983215332,53.540000915527344,53.7400016784668,5447700,Yahoo Finance daily
2012-09-11,us,UNH,,53.709999084472656,53.93000030517578,52.68999862670898,52.79999923706055,6575400,Yahoo Finance daily
2012-09-12,us,UNH,,52.68000030517578,53.31999969482422,52.68000030517578,52.81999969482422,4834000,Yahoo Finance daily
2012-09-13,us,UNH,,52.63999938964844,53.970001220703125,52.58000183105469,53.88999938964844,6316500,Yahoo Finance daily
2012-09-14,us,UNH,,54.70000076293945,55.27000045776367,53.77000045776367,54.25,15735800,Yahoo Finance daily
2012-09-17,us,UNH,,54.59000015258789,54.63999938964844,54.0099983215332,54.47999954223633,5481600,Yahoo Finance daily
2012-09-18,us,UNH,,54.33000183105469,55.43000030517578,54.29999923706055,55.130001068115234,6600300,Yahoo Finance daily
2012-09-19,us,UNH,,55.060001373291016,55.31999969482422,54.72999954223633,54.95000076293945,6195400,Yahoo Finance daily
2012-09-20,us,UNH,,54.68999862670898,54.970001220703125,54.40999984741211,54.93999862670898,5776100,Yahoo Finance daily
2012-09-21,us,UNH,,55.09000015258789,56.220001220703125,54.90999984741211,56.18000030517578,26628600,Yahoo Finance daily
2012-09-24,us,UNH,,56.08000183105469,56.63999938964844,55.84999847412109,55.97999954223633,6443800,Yahoo Finance daily
2012-09-25,us,UNH,,56.220001220703125,56.5,55.84000015258789,56.20000076293945,6343300,Yahoo Finance daily
2012-09-26,us,UNH,,56.34000015258789,56.75,55.75,55.77999877929688,5562000,Yahoo Finance daily
2012-09-27,us,UNH,,56.290000915527344,56.43999862670898,55.70000076293945,56.2400016784668,4245400,Yahoo Finance daily
2012-09-28,us,UNH,,55.95000076293945,55.97999954223633,55.18000030517578,55.40999984741211,5838100,Yahoo Finance daily
2012-10-01,us,UNH,,55.720001220703125,56.560001373291016,55.52000045776367,56.459999084472656,4424400,Yahoo Finance daily
2012-10-02,us,UNH,,56.459999084472656,56.88999938964844,56.310001373291016,56.79999923706055,3828700,Yahoo Finance daily
2012-10-03,us,UNH,,56.97999954223633,57.150001525878906,56.630001068115234,56.86000061035156,4662900,Yahoo Finance daily
2012-10-04,us,UNH,,57.150001525878906,58.150001525878906,57.0099983215332,57.970001220703125,6897300,Yahoo Finance daily
2012-10-05,us,UNH,,58.09999847412109,58.150001525878906,56.84000015258789,57.130001068115234,6078300,Yahoo Finance daily
2012-10-08,us,UNH,,57.59000015258789,58.290000915527344,57.31999969482422,57.59999847412109,6050700,Yahoo Finance daily
2012-10-09,us,UNH,,57.59999847412109,57.84000015258789,57.09999847412109,57.470001220703125,5093300,Yahoo Finance daily
2012-10-10,us,UNH,,57.41999816894531,57.7599983215332,56.93000030517578,57.11000061035156,4141500,Yahoo Finance daily
2012-10-11,us,UNH,,57.540000915527344,58.18000030517578,57.33000183105469,57.65999984741211,5035900,Yahoo Finance daily
2012-10-12,us,UNH,,57.75,57.75,56.91999816894531,57.06999969482422,4283900,Yahoo Finance daily
2012-10-15,us,UNH,,57.13999938964844,57.790000915527344,56.91999816894531,57.4900016784668,4193300,Yahoo Finance daily
2012-10-16,us,UNH,,57.18999862670898,57.84999847412109,56.2599983215332,56.880001068115234,7531600,Yahoo Finance daily
2012-10-17,us,UNH,,57.58000183105469,57.70000076293945,55.650001525878906,55.9900016784668,6255200,Yahoo Finance daily
2012-10-18,us,UNH,,55.79999923706055,56.43000030517578,55.7599983215332,56.0099983215332,5384500,Yahoo Finance daily
2012-10-19,us,UNH,,56.0099983215332,56.09000015258789,55.369998931884766,55.65999984741211,5704800,Yahoo Finance daily
2012-10-22,us,UNH,,55.52000045776367,56.630001068115234,55.45000076293945,56.540000915527344,5723600,Yahoo Finance daily
2012-10-23,us,UNH,,56.08000183105469,56.31999969482422,55.34999847412109,56.18000030517578,5557400,Yahoo Finance daily
2012-10-24,us,UNH,,56.43999862670898,56.66999816894531,55.77000045776367,55.91999816894531,4545000,Yahoo Finance daily
2012-10-25,us,UNH,,55.93999862670898,56.720001220703125,55.79999923706055,56.209999084472656,4701900,Yahoo Finance daily
2012-10-26,us,UNH,,56.13999938964844,56.2599983215332,55.34000015258789,55.77999877929688,3346700,Yahoo Finance daily
2012-10-31,us,UNH,,56.13999938964844,56.15999984741211,55.5099983215332,56.0,4157700,Yahoo Finance daily
2012-11-01,us,UNH,,55.86000061035156,57.09000015258789,55.86000061035156,56.95000076293945,4833700,Yahoo Finance daily
2012-11-02,us,UNH,,57.02000045776367,57.2400016784668,55.9900016784668,56.04999923706055,4948200,Yahoo Finance daily
2012-11-05,us,UNH,,56.2599983215332,56.400001525878906,54.83000183105469,55.27999877929688,6149600,Yahoo Finance daily
2012-11-06,us,UNH,,55.27999877929688,56.4900016784668,54.650001525878906,56.38999938964844,4880800,Yahoo Finance daily
2012-11-07,us,UNH,,55.380001068115234,55.400001525878906,53.38999938964844,54.2599983215332,13812600,Yahoo Finance daily
2012-11-08,us,UNH,,54.34999847412109,54.97999954223633,53.41999816894531,53.43999862670898,8846100,Yahoo Finance daily
2012-11-09,us,UNH,,53.36000061035156,54.0,52.63999938964844,52.900001525878906,8585800,Yahoo Finance daily
2012-11-12,us,UNH,,53.040000915527344,53.5099983215332,52.04999923706055,52.20000076293945,5944000,Yahoo Finance daily
2012-11-13,us,UNH,,52.040000915527344,52.97999954223633,52.0,52.18999862670898,5669900,Yahoo Finance daily
2012-11-14,us,UNH,,52.38999938964844,52.43000030517578,51.09999847412109,51.25,5792500,Yahoo Finance daily
2012-11-15,us,UNH,,51.27000045776367,51.720001220703125,51.09000015258789,51.25,6668600,Yahoo Finance daily
2012-11-16,us,UNH,,51.25,52.18999862670898,51.13999938964844,51.900001525878906,6388000,Yahoo Finance daily
2012-11-19,us,UNH,,52.22999954223633,52.90999984741211,51.84999847412109,52.90999984741211,5868900,Yahoo Finance daily
2012-11-20,us,UNH,,52.91999816894531,53.18000030517578,52.65999984741211,53.13999938964844,4737800,Yahoo Finance daily
2012-11-21,us,UNH,,53.20000076293945,53.70000076293945,52.81999969482422,53.52999877929688,5097000,Yahoo Finance daily
2012-11-23,us,UNH,,53.66999816894531,53.93000030517578,53.5,53.91999816894531,1709300,Yahoo Finance daily
2012-11-26,us,UNH,,52.9900016784668,53.61000061035156,52.7599983215332,53.52999877929688,5692900,Yahoo Finance daily
2012-11-27,us,UNH,,53.130001068115234,53.83000183105469,52.54999923706055,52.59000015258789,7859400,Yahoo Finance daily
2012-11-28,us,UNH,,52.27000045776367,53.2400016784668,52.2400016784668,52.75,5744200,Yahoo Finance daily
2012-11-29,us,UNH,,53.2599983215332,54.59000015258789,53.0,54.36000061035156,10911600,Yahoo Finance daily
2012-11-30,us,UNH,,54.18000030517578,54.880001068115234,54.06999969482422,54.38999938964844,7818600,Yahoo Finance daily
2012-12-03,us,UNH,,54.560001373291016,54.95000076293945,53.83000183105469,53.88999938964844,3861300,Yahoo Finance daily
2012-12-04,us,UNH,,53.959999084472656,54.2400016784668,53.52000045776367,53.540000915527344,5948900,Yahoo Finance daily
2012-12-05,us,UNH,,53.72999954223633,54.22999954223633,53.61000061035156,53.84000015258789,4495100,Yahoo Finance daily
2012-12-06,us,UNH,,53.900001525878906,53.900001525878906,53.27999877929688,53.650001525878906,3771900,Yahoo Finance daily
2012-12-07,us,UNH,,53.79999923706055,53.900001525878906,53.38999938964844,53.869998931884766,4206200,Yahoo Finance daily
2012-12-10,us,UNH,,53.869998931884766,54.33000183105469,53.7400016784668,54.18999862670898,4113500,Yahoo Finance daily
2012-12-11,us,UNH,,54.25,54.97999954223633,54.08000183105469,54.7599983215332,4970400,Yahoo Finance daily
2012-12-12,us,UNH,,55.0,55.81999969482422,54.900001525878906,55.25,7054000,Yahoo Finance daily
2012-12-13,us,UNH,,55.220001220703125,55.38999938964844,54.310001373291016,54.380001068115234,4911800,Yahoo Finance daily
2012-12-14,us,UNH,,54.16999816894531,54.52999877929688,53.91999816894531,54.04999923706055,3468700,Yahoo Finance daily
2012-12-17,us,UNH,,54.08000183105469,54.54999923706055,53.97999954223633,54.36000061035156,6336900,Yahoo Finance daily
2012-12-18,us,UNH,,54.619998931884766,55.34000015258789,54.470001220703125,54.95000076293945,4637800,Yahoo Finance daily
2012-12-19,us,UNH,,55.119998931884766,55.119998931884766,54.43000030517578,54.4900016784668,5537600,Yahoo Finance daily
2012-12-20,us,UNH,,54.47999954223633,55.5099983215332,54.45000076293945,55.459999084472656,5025900,Yahoo Finance daily
2012-12-21,us,UNH,,55.380001068115234,55.52000045776367,54.43000030517578,55.02999877929688,9440100,Yahoo Finance daily
2012-12-24,us,UNH,,54.79999923706055,55.04999923706055,54.52999877929688,54.84999847412109,1713900,Yahoo Finance daily
2012-12-26,us,UNH,,54.79999923706055,54.84999847412109,54.119998931884766,54.220001220703125,3232400,Yahoo Finance daily
2012-12-27,us,UNH,,54.119998931884766,54.59000015258789,53.95000076293945,54.43999862670898,3245700,Yahoo Finance daily
2012-12-28,us,UNH,,54.09000015258789,54.63999938964844,53.79999923706055,53.86000061035156,3137400,Yahoo Finance daily
2012-12-31,us,UNH,,53.630001068115234,54.2599983215332,53.4900016784668,54.2400016784668,4948700,Yahoo Finance daily
2013-01-02,us,UNH,,54.880001068115234,55.0,54.0099983215332,54.540000915527344,5358100,Yahoo Finance daily
2013-01-03,us,UNH,,53.43999862670898,53.52000045776367,51.84999847412109,51.9900016784668,14413200,Yahoo Finance daily
2013-01-04,us,UNH,,52.20000076293945,52.72999954223633,52.060001373291016,52.09000015258789,10458000,Yahoo Finance daily
2013-01-07,us,UNH,,51.880001068115234,52.33000183105469,51.54999923706055,52.09000015258789,7804500,Yahoo Finance daily
2013-01-08,us,UNH,,52.0,52.2400016784668,51.36000061035156,51.400001525878906,8196200,Yahoo Finance daily
2013-01-09,us,UNH,,51.59000015258789,52.5,51.5,52.369998931884766,5154300,Yahoo Finance daily
2013-01-10,us,UNH,,52.52000045776367,53.18999862670898,52.33000183105469,53.11000061035156,6506500,Yahoo Finance daily
2013-01-11,us,UNH,,53.400001525878906,53.400001525878906,52.33000183105469,52.81999969482422,10182500,Yahoo Finance daily
2013-01-14,us,UNH,,52.869998931884766,54.41999816894531,52.59999847412109,53.36000061035156,7119900,Yahoo Finance daily
2013-01-15,us,UNH,,53.220001220703125,53.84999847412109,53.209999084472656,53.619998931884766,5802900,Yahoo Finance daily
2013-01-16,us,UNH,,53.63999938964844,53.79999923706055,53.34000015258789,53.65999984741211,6474500,Yahoo Finance daily
2013-01-17,us,UNH,,53.7599983215332,54.52999877929688,53.16999816894531,54.400001525878906,14438900,Yahoo Finance daily
2013-01-18,us,UNH,,54.400001525878906,54.630001068115234,54.220001220703125,54.560001373291016,7023900,Yahoo Finance daily
2013-01-22,us,UNH,,54.650001525878906,56.09000015258789,54.560001373291016,56.02000045776367,9330000,Yahoo Finance daily
2013-01-23,us,UNH,,56.11000061035156,56.25,55.45000076293945,55.90999984741211,6665700,Yahoo Finance daily
2013-01-24,us,UNH,,56.02999877929688,56.43999862670898,55.900001525878906,56.220001220703125,4221700,Yahoo Finance daily
2013-01-25,us,UNH,,56.36000061035156,56.380001068115234,55.720001220703125,56.040000915527344,5604700,Yahoo Finance daily
2013-01-28,us,UNH,,56.41999816894531,56.52999877929688,55.79999923706055,55.810001373291016,5736900,Yahoo Finance daily
2013-01-29,us,UNH,,55.75,56.68999862670898,55.68000030517578,56.27999877929688,7317600,Yahoo Finance daily
2013-01-30,us,UNH,,56.25,56.43999862670898,55.91999816894531,56.08000183105469,6269200,Yahoo Finance daily
2013-01-31,us,UNH,,55.84000015258789,56.040000915527344,55.209999084472656,55.209999084472656,6957500,Yahoo Finance daily
2013-02-01,us,UNH,,55.7400016784668,55.84000015258789,55.369998931884766,55.77000045776367,6369500,Yahoo Finance daily
2013-02-04,us,UNH,,55.31999969482422,56.369998931884766,55.31999969482422,55.75,4795700,Yahoo Finance daily
2013-02-05,us,UNH,,57.06999969482422,57.83000183105469,56.83000183105469,57.77000045776367,8645500,Yahoo Finance daily
2013-02-06,us,UNH,,57.43999862670898,57.540000915527344,57.09999847412109,57.380001068115234,5266100,Yahoo Finance daily
2013-02-07,us,UNH,,57.36000061035156,57.5,56.650001525878906,57.04999923706055,6050700,Yahoo Finance daily
2013-02-08,us,UNH,,57.15999984741211,58.2599983215332,57.119998931884766,57.7400016784668,4554600,Yahoo Finance daily
2013-02-11,us,UNH,,57.560001373291016,57.709999084472656,57.04999923706055,57.119998931884766,4166800,Yahoo Finance daily
2013-02-12,us,UNH,,57.20000076293945,57.380001068115234,56.93000030517578,57.0099983215332,4448600,Yahoo Finance daily
2013-02-13,us,UNH,,57.0099983215332,57.369998931884766,56.75,57.22999954223633,4261200,Yahoo Finance daily
2013-02-14,us,UNH,,57.0099983215332,57.220001220703125,56.75,57.04999923706055,5173800,Yahoo Finance daily
2013-02-15,us,UNH,,57.060001373291016,57.4900016784668,57.040000915527344,57.31999969482422,5750400,Yahoo Finance daily
2013-02-19,us,UNH,,54.20000076293945,56.880001068115234,54.040000915527344,56.65999984741211,14566200,Yahoo Finance daily
2013-02-20,us,UNH,,56.5099983215332,56.58000183105469,55.18999862670898,55.209999084472656,7542900,Yahoo Finance daily
2013-02-21,us,UNH,,55.56999969482422,55.93999862670898,54.880001068115234,55.2400016784668,6357300,Yahoo Finance daily
2013-02-22,us,UNH,,55.400001525878906,55.40999984741211,54.25,54.470001220703125,8400700,Yahoo Finance daily
2013-02-25,us,UNH,,54.68999862670898,54.75,53.290000915527344,53.29999923706055,6807800,Yahoo Finance daily
2013-02-26,us,UNH,,53.5099983215332,53.59999847412109,52.5099983215332,53.04999923706055,6325100,Yahoo Finance daily
2013-02-27,us,UNH,,52.959999084472656,54.0099983215332,52.93000030517578,53.869998931884766,5133800,Yahoo Finance daily
2013-02-28,us,UNH,,53.81999969482422,53.959999084472656,53.38999938964844,53.45000076293945,5879800,Yahoo Finance daily
2013-03-01,us,UNH,,53.34000015258789,53.790000915527344,52.880001068115234,53.52000045776367,6972100,Yahoo Finance daily
2013-03-04,us,UNH,,53.310001373291016,53.5,53.130001068115234,53.31999969482422,4783000,Yahoo Finance daily
2013-03-05,us,UNH,,53.43000030517578,53.84000015258789,53.18000030517578,53.5,4911700,Yahoo Finance daily
2013-03-06,us,UNH,,53.560001373291016,53.93999862670898,53.34999847412109,53.61000061035156,5562600,Yahoo Finance daily
2013-03-07,us,UNH,,53.7599983215332,54.18000030517578,53.68999862670898,53.79999923706055,4455700,Yahoo Finance daily
2013-03-08,us,UNH,,53.970001220703125,54.25,53.52000045776367,53.810001373291016,4584400,Yahoo Finance daily
2013-03-11,us,UNH,,53.83000183105469,54.63999938964844,53.75,54.209999084472656,4008700,Yahoo Finance daily
2013-03-12,us,UNH,,54.16999816894531,55.0,54.08000183105469,54.83000183105469,5466300,Yahoo Finance daily
2013-03-13,us,UNH,,54.68000030517578,54.880001068115234,54.34999847412109,54.47999954223633,4343000,Yahoo Finance daily
2013-03-14,us,UNH,,54.58000183105469,54.810001373291016,54.060001373291016,54.72999954223633,5066800,Yahoo Finance daily
2013-03-15,us,UNH,,54.630001068115234,54.900001525878906,54.41999816894531,54.72999954223633,7888300,Yahoo Finance daily
2013-03-18,us,UNH,,54.29999923706055,55.470001220703125,54.27999877929688,55.0,5974200,Yahoo Finance daily
2013-03-19,us,UNH,,55.0,55.400001525878906,54.91999816894531,55.16999816894531,5486600,Yahoo Finance daily
2013-03-20,us,UNH,,55.470001220703125,55.52999877929688,54.810001373291016,54.880001068115234,4528800,Yahoo Finance daily
2013-03-21,us,UNH,,54.68999862670898,55.34999847412109,54.630001068115234,55.060001373291016,4953700,Yahoo Finance daily
2013-03-22,us,UNH,,55.13999938964844,55.29999923706055,54.22999954223633,54.459999084472656,5415900,Yahoo Finance daily
2013-03-25,us,UNH,,54.650001525878906,55.119998931884766,54.43999862670898,54.86000061035156,5142500,Yahoo Finance daily
2013-03-26,us,UNH,,55.13999938964844,55.77999877929688,55.09000015258789,55.650001525878906,6059700,Yahoo Finance daily
2013-03-27,us,UNH,,55.54999923706055,57.02999877929688,55.43999862670898,56.619998931884766,8525800,Yahoo Finance daily
2013-03-28,us,UNH,,56.65999984741211,57.310001373291016,56.4900016784668,57.209999084472656,5685400,Yahoo Finance daily
2013-04-01,us,UNH,,57.15999984741211,59.36000061035156,57.0099983215332,58.970001220703125,9006100,Yahoo Finance daily
2013-04-02,us,UNH,,61.630001068115234,63.95000076293945,61.5,61.7400016784668,22664600,Yahoo Finance daily
2013-04-03,us,UNH,,62.40999984741211,62.75,61.619998931884766,61.66999816894531,10140400,Yahoo Finance daily
2013-04-04,us,UNH,,61.75,62.5,61.4900016784668,62.02999877929688,7648400,Yahoo Finance daily
2013-04-05,us,UNH,,61.91999816894531,62.560001373291016,61.650001525878906,62.09999847412109,6841300,Yahoo Finance daily
2013-04-08,us,UNH,,62.06999969482422,62.369998931884766,61.290000915527344,61.88999938964844,4545600,Yahoo Finance daily
2013-04-09,us,UNH,,62.09000015258789,62.56999969482422,61.95000076293945,62.18000030517578,4405900,Yahoo Finance daily
2013-04-10,us,UNH,,62.31999969482422,62.59999847412109,62.09000015258789,62.40999984741211,4400600,Yahoo Finance daily
2013-04-11,us,UNH,,62.38999938964844,63.0,62.33000183105469,62.97999954223633,4738900,Yahoo Finance daily
2013-04-12,us,UNH,,62.83000183105469,63.27999877929688,62.619998931884766,63.02999877929688,4162000,Yahoo Finance daily
2013-04-15,us,UNH,,62.720001220703125,63.0,61.58000183105469,61.59000015258789,4625600,Yahoo Finance daily
2013-04-16,us,UNH,,62.18000030517578,63.0,61.77000045776367,62.810001373291016,4976400,Yahoo Finance daily
2013-04-17,us,UNH,,62.38999938964844,63.150001525878906,61.959999084472656,62.02999877929688,8429000,Yahoo Finance daily
2013-04-18,us,UNH,,59.38999938964844,60.75,58.02999877929688,59.68999862670898,14015000,Yahoo Finance daily
2013-04-19,us,UNH,,59.93999862670898,60.75,59.470001220703125,60.040000915527344,6524600,Yahoo Finance daily
2013-04-22,us,UNH,,59.9900016784668,60.09999847412109,58.63999938964844,59.220001220703125,6020900,Yahoo Finance daily
2013-04-23,us,UNH,,59.470001220703125,59.65999984741211,58.119998931884766,58.540000915527344,6277700,Yahoo Finance daily
2013-04-24,us,UNH,,58.900001525878906,59.25,58.720001220703125,58.790000915527344,5883000,Yahoo Finance daily
2013-04-25,us,UNH,,59.130001068115234,59.40999984741211,58.61000061035156,59.34000015258789,5669100,Yahoo Finance daily
2013-04-26,us,UNH,,59.2599983215332,60.150001525878906,59.130001068115234,59.47999954223633,5798100,Yahoo Finance daily
2013-04-29,us,UNH,,59.95000076293945,60.4900016784668,59.810001373291016,60.0099983215332,4861600,Yahoo Finance daily
2013-04-30,us,UNH,,60.13999938964844,60.380001068115234,59.209999084472656,59.93000030517578,5701800,Yahoo Finance daily
2013-05-01,us,UNH,,59.959999084472656,60.43999862670898,59.29999923706055,59.720001220703125,4897800,Yahoo Finance daily
2013-05-02,us,UNH,,59.709999084472656,60.380001068115234,59.38999938964844,59.47999954223633,6072500,Yahoo Finance daily
2013-05-03,us,UNH,,59.790000915527344,60.02999877929688,58.869998931884766,58.91999816894531,5149500,Yahoo Finance daily
2013-05-06,us,UNH,,59.380001068115234,60.72999954223633,59.31999969482422,60.20000076293945,5609600,Yahoo Finance daily
2013-05-07,us,UNH,,60.08000183105469,61.130001068115234,59.93000030517578,60.5,4830700,Yahoo Finance daily
2013-05-08,us,UNH,,60.31999969482422,62.77000045776367,60.310001373291016,62.5099983215332,10032800,Yahoo Finance daily
2013-05-09,us,UNH,,62.25,62.560001373291016,61.459999084472656,62.0099983215332,6416700,Yahoo Finance daily
2013-05-10,us,UNH,,62.040000915527344,62.9900016784668,61.810001373291016,62.90999984741211,5015700,Yahoo Finance daily
2013-05-13,us,UNH,,62.66999816894531,62.79999923706055,62.2599983215332,62.38999938964844,3490400,Yahoo Finance daily
2013-05-14,us,UNH,,62.29999923706055,62.47999954223633,61.54999923706055,61.72999954223633,5390300,Yahoo Finance daily
2013-05-15,us,UNH,,61.52000045776367,62.27999877929688,61.16999816894531,61.61000061035156,6808200,Yahoo Finance daily
2013-05-16,us,UNH,,61.29999923706055,62.34999847412109,61.20000076293945,62.13999938964844,6904800,Yahoo Finance daily
2013-05-17,us,UNH,,62.25,63.310001373291016,62.220001220703125,62.84000015258789,5840800,Yahoo Finance daily
2013-05-20,us,UNH,,62.72999954223633,62.91999816894531,62.41999816894531,62.560001373291016,2688200,Yahoo Finance daily
2013-05-21,us,UNH,,62.56999969482422,63.02999877929688,62.45000076293945,62.869998931884766,3248400,Yahoo Finance daily
2013-05-22,us,UNH,,62.0,63.27000045776367,61.52999877929688,62.27999877929688,6317500,Yahoo Finance daily
2013-05-23,us,UNH,,62.09000015258789,62.81999969482422,61.81999969482422,62.36000061035156,4479100,Yahoo Finance daily
2013-05-24,us,UNH,,62.02000045776367,62.52000045776367,61.4900016784668,62.060001373291016,4697900,Yahoo Finance daily
2013-05-28,us,UNH,,62.4900016784668,63.58000183105469,62.400001525878906,63.34000015258789,5341000,Yahoo Finance daily
2013-05-29,us,UNH,,63.31999969482422,63.54999923706055,62.810001373291016,63.34999847412109,5009100,Yahoo Finance daily
2013-05-30,us,UNH,,63.43000030517578,64.9000015258789,63.02000045776367,64.66000366210938,5671300,Yahoo Finance daily
2013-05-31,us,UNH,,64.44999694824219,64.8499984741211,62.59999847412109,62.630001068115234,5888300,Yahoo Finance daily
2013-06-03,us,UNH,,62.88999938964844,63.0,62.09000015258789,62.79999923706055,3756200,Yahoo Finance daily
2013-06-04,us,UNH,,62.59999847412109,62.9900016784668,61.91999816894531,62.36000061035156,5151100,Yahoo Finance daily
2013-06-05,us,UNH,,63.0099983215332,63.11000061035156,61.650001525878906,61.75,5380100,Yahoo Finance daily
2013-06-06,us,UNH,,61.75,61.91999816894531,60.95000076293945,61.91999816894531,4711400,Yahoo Finance daily
2013-06-07,us,UNH,,62.27000045776367,62.93000030517578,61.70000076293945,62.56999969482422,5214700,Yahoo Finance daily
2013-06-10,us,UNH,,62.58000183105469,63.900001525878906,62.56999969482422,63.68000030517578,5256600,Yahoo Finance daily
2013-06-11,us,UNH,,63.150001525878906,64.55999755859375,62.70000076293945,63.93000030517578,6063400,Yahoo Finance daily
2013-06-12,us,UNH,,64.23999786376953,64.51000213623047,63.619998931884766,63.83000183105469,3891100,Yahoo Finance daily
2013-06-13,us,UNH,,63.70000076293945,64.20999908447266,63.150001525878906,64.1500015258789,4379500,Yahoo Finance daily
2013-06-14,us,UNH,,64.12999725341797,64.44999694824219,63.59000015258789,63.79999923706055,3122600,Yahoo Finance daily
2013-06-17,us,UNH,,64.29000091552734,65.23999786376953,64.0999984741211,64.37000274658203,4975000,Yahoo Finance daily
2013-06-18,us,UNH,,64.9000015258789,65.70999908447266,64.45999908447266,65.68000030517578,5183300,Yahoo Finance daily
2013-06-19,us,UNH,,65.69999694824219,66.16000366210938,65.2300033569336,65.26000213623047,6370200,Yahoo Finance daily
2013-06-20,us,UNH,,64.80000305175781,64.81999969482422,63.650001525878906,63.79999923706055,5748300,Yahoo Finance daily
2013-06-21,us,UNH,,64.19000244140625,64.83000183105469,63.43000030517578,63.900001525878906,7806500,Yahoo Finance daily
2013-06-24,us,UNH,,63.4900016784668,65.04000091552734,63.459999084472656,64.6500015258789,5717100,Yahoo Finance daily
2013-06-25,us,UNH,,65.02999877929688,65.54000091552734,63.65999984741211,63.72999954223633,4959100,Yahoo Finance daily
2013-06-26,us,UNH,,64.02999877929688,65.05999755859375,64.0199966430664,64.77999877929688,4851700,Yahoo Finance daily
2013-06-27,us,UNH,,65.05999755859375,66.19000244140625,64.95999908447266,66.08999633789062,4483600,Yahoo Finance daily
2013-06-28,us,UNH,,65.62000274658203,66.12999725341797,65.04000091552734,65.4800033569336,6867800,Yahoo Finance daily
2013-07-01,us,UNH,,65.88999938964844,66.36000061035156,65.5199966430664,65.62999725341797,3736500,Yahoo Finance daily
2013-07-02,us,UNH,,65.43000030517578,65.66000366210938,65.05000305175781,65.2699966430664,4484800,Yahoo Finance daily
2013-07-03,us,UNH,,64.95999908447266,65.83999633789062,64.6500015258789,65.54000091552734,2271100,Yahoo Finance daily
2013-07-05,us,UNH,,65.95999908447266,66.19000244140625,65.2699966430664,66.16999816894531,2356500,Yahoo Finance daily
2013-07-08,us,UNH,,66.94999694824219,67.58000183105469,66.36000061035156,67.55999755859375,6192500,Yahoo Finance daily
2013-07-09,us,UNH,,68.0199966430664,68.44999694824219,67.29000091552734,67.97000122070312,4275700,Yahoo Finance daily
2013-07-10,us,UNH,,68.0,68.75,67.61000061035156,67.69000244140625,4383900,Yahoo Finance daily
2013-07-11,us,UNH,,68.2699966430664,68.55000305175781,67.6500015258789,68.36000061035156,6588900,Yahoo Finance daily
2013-07-12,us,UNH,,68.56999969482422,68.73999786376953,67.69000244140625,68.0,4645600,Yahoo Finance daily
2013-07-15,us,UNH,,68.12999725341797,68.19000244140625,67.45999908447266,67.62000274658203,3813600,Yahoo Finance daily
2013-07-16,us,UNH,,67.23999786376953,67.3499984741211,66.55999755859375,66.91000366210938,5459600,Yahoo Finance daily
2013-07-17,us,UNH,,67.01000213623047,67.44000244140625,65.91999816894531,66.2300033569336,8904300,Yahoo Finance daily
2013-07-18,us,UNH,,69.3499984741211,70.8499984741211,68.91000366210938,70.55000305175781,14082900,Yahoo Finance daily
2013-07-19,us,UNH,,70.61000061035156,72.08999633789062,70.16000366210938,71.44999694824219,7504900,Yahoo Finance daily
2013-07-22,us,UNH,,71.55999755859375,72.54000091552734,71.4000015258789,72.18000030517578,5038000,Yahoo Finance daily
2013-07-23,us,UNH,,72.20999908447266,72.73999786376953,71.81999969482422,72.69000244140625,3934300,Yahoo Finance daily
2013-07-24,us,UNH,,72.80999755859375,73.1500015258789,72.18000030517578,72.52999877929688,6023300,Yahoo Finance daily
2013-07-25,us,UNH,,72.08000183105469,72.62000274658203,71.69999694824219,72.62000274658203,3840600,Yahoo Finance daily
2013-07-26,us,UNH,,72.12999725341797,72.58999633789062,71.56999969482422,72.20999908447266,3826000,Yahoo Finance daily
2013-07-29,us,UNH,,72.11000061035156,72.86000061035156,71.95999908447266,72.79000091552734,3835300,Yahoo Finance daily
2013-07-30,us,UNH,,72.87999725341797,73.22000122070312,71.9800033569336,72.2699966430664,5375400,Yahoo Finance daily
2013-07-31,us,UNH,,72.47000122070312,73.66000366210938,72.47000122070312,72.8499984741211,5964700,Yahoo Finance daily
2013-08-01,us,UNH,,73.2300033569336,73.5199966430664,72.9000015258789,73.16000366210938,3254000,Yahoo Finance daily
2013-08-02,us,UNH,,73.02999877929688,73.02999877929688,71.93000030517578,72.26000213623047,3622500,Yahoo Finance daily
2013-08-05,us,UNH,,72.36000061035156,73.58000183105469,72.30000305175781,73.33999633789062,2871000,Yahoo Finance daily
2013-08-06,us,UNH,,73.18000030517578,73.37000274658203,72.52999877929688,73.23999786376953,3089500,Yahoo Finance daily
2013-08-07,us,UNH,,73.18000030517578,73.4000015258789,72.62000274658203,72.91999816894531,2807300,Yahoo Finance daily
2013-08-08,us,UNH,,73.1500015258789,73.66999816894531,72.86000061035156,73.18000030517578,2171600,Yahoo Finance daily
2013-08-09,us,UNH,,73.19999694824219,73.58999633789062,72.2699966430664,72.93000030517578,2556900,Yahoo Finance daily
2013-08-12,us,UNH,,72.41000366210938,72.58999633789062,72.01000213623047,72.38999938964844,3043300,Yahoo Finance daily
2013-08-13,us,UNH,,72.43000030517578,73.38999938964844,72.30999755859375,73.3499984741211,2627400,Yahoo Finance daily
2013-08-14,us,UNH,,73.19000244140625,73.30000305175781,72.30999755859375,72.48999786376953,3079000,Yahoo Finance daily
2013-08-15,us,UNH,,71.98999786376953,72.62000274658203,71.37000274658203,71.4000015258789,3402000,Yahoo Finance daily
2013-08-16,us,UNH,,71.1500015258789,71.9800033569336,71.0,71.43000030517578,3323600,Yahoo Finance daily
2013-08-19,us,UNH,,71.52999877929688,72.19999694824219,71.45999908447266,71.70999908447266,2794800,Yahoo Finance daily
2013-08-20,us,UNH,,71.8499984741211,72.83999633789062,71.61000061035156,72.45999908447266,3110000,Yahoo Finance daily
2013-08-21,us,UNH,,72.18000030517578,72.33999633789062,71.47000122070312,71.8499984741211,3314200,Yahoo Finance daily
2013-08-22,us,UNH,,72.04000091552734,72.73999786376953,71.83000183105469,71.97000122070312,2959400,Yahoo Finance daily
2013-08-23,us,UNH,,72.01000213623047,72.72000122070312,71.91000366210938,72.54000091552734,3215600,Yahoo Finance daily
2013-08-26,us,UNH,,72.63999938964844,72.91999816894531,72.27999877929688,72.37999725341797,2797700,Yahoo Finance daily
2013-08-27,us,UNH,,71.94999694824219,72.13999938964844,71.31999969482422,71.5199966430664,3626200,Yahoo Finance daily
2013-08-28,us,UNH,,71.4000015258789,72.16000366210938,71.3499984741211,71.54000091552734,3297700,Yahoo Finance daily
2013-08-29,us,UNH,,71.33999633789062,72.83000183105469,71.1500015258789,72.44000244140625,5243500,Yahoo Finance daily
2013-08-30,us,UNH,,72.45999908447266,72.80999755859375,71.48999786376953,71.73999786376953,4186200,Yahoo Finance daily
2013-09-03,us,UNH,,71.80999755859375,72.7699966430664,71.79000091552734,72.55999755859375,3801500,Yahoo Finance daily
2013-09-04,us,UNH,,72.45999908447266,73.3499984741211,72.19999694824219,73.3499984741211,3333600,Yahoo Finance daily
2013-09-05,us,UNH,,73.33999633789062,74.2300033569336,73.13999938964844,74.04000091552734,2861600,Yahoo Finance daily
2013-09-06,us,UNH,,74.23999786376953,74.79000091552734,72.55000305175781,74.05999755859375,3584100,Yahoo Finance daily
2013-09-09,us,UNH,,74.11000061035156,74.55000305175781,73.77999877929688,74.25,2629600,Yahoo Finance daily
2013-09-10,us,UNH,,74.5999984741211,74.63999938964844,73.83999633789062,74.62999725341797,3925400,Yahoo Finance daily
2013-09-11,us,UNH,,74.58000183105469,75.19000244140625,74.33000183105469,75.18000030517578,3819200,Yahoo Finance daily
2013-09-12,us,UNH,,75.31999969482422,75.5,74.69999694824219,74.73999786376953,2823800,Yahoo Finance daily
2013-09-13,us,UNH,,74.91999816894531,75.25,74.12000274658203,74.4800033569336,3421000,Yahoo Finance daily
2013-09-16,us,UNH,,75.08999633789062,75.87999725341797,74.97000122070312,75.12000274658203,4224800,Yahoo Finance daily
2013-09-17,us,UNH,,75.11000061035156,75.3499984741211,73.93000030517578,74.30999755859375,5138100,Yahoo Finance daily
2013-09-18,us,UNH,,74.1500015258789,74.19000244140625,72.44000244140625,73.04000091552734,7725600,Yahoo Finance daily
2013-09-19,us,UNH,,73.08999633789062,73.12000274658203,70.62000274658203,70.83999633789062,8322900,Yahoo Finance daily
2013-09-20,us,UNH,,70.55000305175781,71.75,70.4000015258789,70.56999969482422,9088700,Yahoo Finance daily
2013-09-23,us,UNH,,70.80000305175781,71.94000244140625,70.62000274658203,71.81999969482422,4482500,Yahoo Finance daily
2013-09-24,us,UNH,,72.18000030517578,72.94000244140625,71.62999725341797,72.31999969482422,4855200,Yahoo Finance daily
2013-09-25,us,UNH,,72.30000305175781,72.66000366210938,71.86000061035156,71.9800033569336,4812900,Yahoo Finance daily
2013-09-26,us,UNH,,72.0,72.80999755859375,71.91999816894531,72.16000366210938,2413200,Yahoo Finance daily
2013-09-27,us,UNH,,71.69999694824219,72.11000061035156,71.5,71.98999786376953,3548000,Yahoo Finance daily
2013-09-30,us,UNH,,71.29000091552734,71.66999816894531,71.01000213623047,71.61000061035156,4183600,Yahoo Finance daily
2013-10-01,us,UNH,,71.73999786376953,72.94000244140625,71.6500015258789,72.58000183105469,4322300,Yahoo Finance daily
2013-10-02,us,UNH,,72.23999786376953,72.62999725341797,72.06999969482422,72.56999969482422,2705700,Yahoo Finance daily
2013-10-03,us,UNH,,72.5,72.9800033569336,72.26000213623047,72.5199966430664,5038300,Yahoo Finance daily
2013-10-04,us,UNH,,72.5,73.13999938964844,72.2300033569336,72.98999786376953,4297600,Yahoo Finance daily
2013-10-07,us,UNH,,72.58999633789062,72.69999694824219,72.16000366210938,72.16999816894531,4787000,Yahoo Finance daily
2013-10-08,us,UNH,,72.0,72.41999816894531,71.43000030517578,71.4800033569336,6049100,Yahoo Finance daily
2013-10-09,us,UNH,,71.70999908447266,71.87999725341797,71.18000030517578,71.37999725341797,4464100,Yahoo Finance daily
2013-10-10,us,UNH,,72.12999725341797,73.9800033569336,71.83999633789062,73.9800033569336,4894300,Yahoo Finance daily
2013-10-11,us,UNH,,73.93000030517578,74.2699966430664,73.5,74.2699966430664,2935800,Yahoo Finance daily
2013-10-14,us,UNH,,73.86000061035156,74.80999755859375,73.5199966430664,74.72000122070312,2562200,Yahoo Finance daily
2013-10-15,us,UNH,,74.51000213623047,74.93000030517578,73.76000213623047,73.87000274658203,2922900,Yahoo Finance daily
2013-10-16,us,UNH,,74.5,75.48999786376953,74.37999725341797,75.19000244140625,4368600,Yahoo Finance daily
2013-10-17,us,UNH,,71.7699966430664,72.87999725341797,71.05000305175781,71.37000274658203,21810200,Yahoo Finance daily
2013-10-18,us,UNH,,71.26000213623047,71.3499984741211,67.54000091552734,68.76000213623047,21080600,Yahoo Finance daily
2013-10-21,us,UNH,,68.6500015258789,68.7699966430664,67.08999633789062,68.19999694824219,11496900,Yahoo Finance daily
2013-10-22,us,UNH,,68.22000122070312,69.62999725341797,68.22000122070312,68.86000061035156,7647300,Yahoo Finance daily
2013-10-23,us,UNH,,68.51000213623047,68.61000061035156,67.6500015258789,68.01000213623047,8227700,Yahoo Finance daily
2013-10-24,us,UNH,,68.01000213623047,68.38999938964844,67.18000030517578,67.61000061035156,6352500,Yahoo Finance daily
2013-10-25,us,UNH,,67.51000213623047,68.18000030517578,67.27999877929688,67.62000274658203,6892500,Yahoo Finance daily
2013-10-28,us,UNH,,67.55000305175781,67.80000305175781,66.72000122070312,66.94000244140625,6989300,Yahoo Finance daily
2013-10-29,us,UNH,,66.87999725341797,68.1500015258789,66.8499984741211,68.08000183105469,5860000,Yahoo Finance daily
2013-10-30,us,UNH,,68.12000274658203,68.66999816894531,67.7699966430664,68.01000213623047,4360500,Yahoo Finance daily
2013-10-31,us,UNH,,68.4000015258789,68.70999908447266,67.86000061035156,68.26000213623047,4216700,Yahoo Finance daily
2013-11-01,us,UNH,,68.2699966430664,68.69999694824219,67.94999694824219,68.62999725341797,4459000,Yahoo Finance daily
2013-11-04,us,UNH,,68.77999877929688,69.26000213623047,68.36000061035156,68.94999694824219,3698700,Yahoo Finance daily
2013-11-05,us,UNH,,68.5,68.94000244140625,68.2699966430664,68.72000122070312,3328700,Yahoo Finance daily
2013-11-06,us,UNH,,68.87000274658203,71.0199966430664,68.80000305175781,70.29000091552734,5479400,Yahoo Finance daily
2013-11-07,us,UNH,,70.9000015258789,70.9800033569336,69.66000366210938,69.76000213623047,4497300,Yahoo Finance daily
2013-11-08,us,UNH,,69.69999694824219,70.52999877929688,69.63999938964844,70.5,3741900,Yahoo Finance daily
2013-11-11,us,UNH,,70.7300033569336,70.94999694824219,70.29000091552734,70.5,3082600,Yahoo Finance daily
2013-11-12,us,UNH,,70.47000122070312,70.9000015258789,69.87000274658203,69.94999694824219,3604800,Yahoo Finance daily
2013-11-13,us,UNH,,69.94999694824219,71.12999725341797,69.80999755859375,71.01000213623047,3879500,Yahoo Finance daily
2013-11-14,us,UNH,,71.33999633789062,71.5999984741211,70.94000244140625,71.44000244140625,3581200,Yahoo Finance daily
2013-11-15,us,UNH,,71.12999725341797,71.95999908447266,71.08999633789062,71.87000274658203,3872600,Yahoo Finance daily
2013-11-18,us,UNH,,71.97000122070312,72.0999984741211,71.5,71.68000030517578,3263700,Yahoo Finance daily
2013-11-19,us,UNH,,71.76000213623047,71.91000366210938,71.26000213623047,71.61000061035156,4260900,Yahoo Finance daily
2013-11-20,us,UNH,,71.87999725341797,72.86000061035156,71.66000366210938,71.9800033569336,5031300,Yahoo Finance daily
2013-11-21,us,UNH,,72.38999938964844,73.68000030517578,72.37000274658203,72.91000366210938,4368000,Yahoo Finance daily
2013-11-22,us,UNH,,72.91000366210938,73.75,72.80000305175781,73.73999786376953,3178400,Yahoo Finance daily
2013-11-25,us,UNH,,74.0,74.66000366210938,73.79000091552734,74.06999969482422,3773900,Yahoo Finance daily
2013-11-26,us,UNH,,74.20999908447266,74.98999786376953,74.05000305175781,74.5199966430664,4635400,Yahoo Finance daily
2013-11-27,us,UNH,,74.66999816894531,74.93000030517578,74.08000183105469,74.36000061035156,3640600,Yahoo Finance daily
2013-11-29,us,UNH,,74.58999633789062,74.93000030517578,74.2300033569336,74.4800033569336,2025600,Yahoo Finance daily
2013-12-02,us,UNH,,73.63999938964844,74.44999694824219,73.63999938964844,74.16000366210938,4276000,Yahoo Finance daily
2013-12-03,us,UNH,,74.13999938964844,74.13999938964844,72.91999816894531,73.7300033569336,5162400,Yahoo Finance daily
2013-12-04,us,UNH,,73.0199966430664,74.41000366210938,72.54000091552734,73.6500015258789,5548700,Yahoo Finance daily
2013-12-05,us,UNH,,73.31999969482422,73.68000030517578,72.54000091552734,72.75,4104700,Yahoo Finance daily
2013-12-06,us,UNH,,73.2300033569336,73.72000122070312,72.83999633789062,73.5,3886000,Yahoo Finance daily
2013-12-09,us,UNH,,73.5,74.30999755859375,73.43000030517578,73.72000122070312,3988600,Yahoo Finance daily
2013-12-10,us,UNH,,73.69999694824219,74.41000366210938,73.68000030517578,74.05000305175781,3741100,Yahoo Finance daily
2013-12-11,us,UNH,,74.08000183105469,74.0999984741211,71.9000015258789,72.13999938964844,7304300,Yahoo Finance daily
2013-12-12,us,UNH,,72.19000244140625,72.56999969482422,70.91000366210938,71.01000213623047,5815300,Yahoo Finance daily
2013-12-13,us,UNH,,71.19999694824219,71.86000061035156,70.45999908447266,70.4800033569336,4737000,Yahoo Finance daily
2013-12-16,us,UNH,,70.7300033569336,71.37999725341797,70.52999877929688,71.05999755859375,4369500,Yahoo Finance daily
2013-12-17,us,UNH,,71.22000122070312,71.22000122070312,70.19999694824219,70.7300033569336,4280100,Yahoo Finance daily
2013-12-18,us,UNH,,71.02999877929688,72.47000122070312,70.69999694824219,72.37999725341797,4975700,Yahoo Finance daily
2013-12-19,us,UNH,,72.16999816894531,72.52999877929688,71.66999816894531,72.38999938964844,4359200,Yahoo Finance daily
2013-12-20,us,UNH,,72.62999725341797,73.7300033569336,72.62000274658203,73.3499984741211,7511500,Yahoo Finance daily
2013-12-23,us,UNH,,73.83999633789062,74.58999633789062,73.70999908447266,74.3499984741211,3263100,Yahoo Finance daily
2013-12-24,us,UNH,,74.19999694824219,74.41999816894531,73.91999816894531,74.12999725341797,1253500,Yahoo Finance daily
2013-12-26,us,UNH,,74.44000244140625,74.97000122070312,74.27999877929688,74.8499984741211,2121000,Yahoo Finance daily
2013-12-27,us,UNH,,75.0,75.31999969482422,74.58000183105469,74.69000244140625,2859900,Yahoo Finance daily
2013-12-30,us,UNH,,74.8499984741211,75.04000091552734,74.30999755859375,74.77999877929688,1983800,Yahoo Finance daily
2013-12-31,us,UNH,,75.0,75.54000091552734,74.62999725341797,75.30000305175781,2280000,Yahoo Finance daily
2014-01-02,us,UNH,,74.91000366210938,75.29000091552734,74.51000213623047,74.56999969482422,3067000,Yahoo Finance daily
2014-01-03,us,UNH,,74.80000305175781,75.76000213623047,74.5999984741211,75.0999984741211,3206400,Yahoo Finance daily
2014-01-06,us,UNH,,75.41999816894531,75.41999816894531,74.12000274658203,74.23999786376953,3424500,Yahoo Finance daily
2014-01-07,us,UNH,,74.94000244140625,77.33000183105469,74.94000244140625,76.51000213623047,6542500,Yahoo Finance daily
2014-01-08,us,UNH,,76.33000183105469,76.45999908447266,75.4800033569336,75.62000274658203,6172200,Yahoo Finance daily
2014-01-09,us,UNH,,75.6500015258789,76.23999786376953,75.6500015258789,76.08000183105469,6291500,Yahoo Finance daily
2014-01-10,us,UNH,,76.19999694824219,76.30000305175781,74.55000305175781,74.69999694824219,6632200,Yahoo Finance daily
2014-01-13,us,UNH,,74.66999816894531,75.0,73.68000030517578,73.94000244140625,5248700,Yahoo Finance daily
2014-01-14,us,UNH,,74.05000305175781,74.33999633789062,73.69000244140625,74.0199966430664,5783900,Yahoo Finance daily
2014-01-15,us,UNH,,73.98999786376953,74.86000061035156,73.98999786376953,74.83999633789062,7043300,Yahoo Finance daily
2014-01-16,us,UNH,,74.12999725341797,74.83999633789062,72.1500015258789,72.76000213623047,8892800,Yahoo Finance daily
2014-01-17,us,UNH,,73.12000274658203,73.12000274658203,72.30000305175781,72.5199966430664,5551300,Yahoo Finance daily
2014-01-21,us,UNH,,72.72000122070312,73.62000274658203,72.41000366210938,73.16000366210938,6379300,Yahoo Finance daily
2014-01-22,us,UNH,,73.83000183105469,73.93000030517578,73.23999786376953,73.4000015258789,4864700,Yahoo Finance daily
2014-01-23,us,UNH,,72.69999694824219,73.69000244140625,72.48999786376953,73.19999694824219,5050300,Yahoo Finance daily
2014-01-24,us,UNH,,72.83000183105469,72.91999816894531,71.37999725341797,71.5999984741211,5523600,Yahoo Finance daily
2014-01-27,us,UNH,,71.30999755859375,72.19999694824219,71.13999938964844,71.6500015258789,4233600,Yahoo Finance daily
2014-01-28,us,UNH,,71.6500015258789,72.36000061035156,71.47000122070312,71.70999908447266,2932700,Yahoo Finance daily
2014-01-29,us,UNH,,71.38999938964844,72.95999908447266,70.83999633789062,71.26000213623047,6005100,Yahoo Finance daily
2014-01-30,us,UNH,,71.69999694824219,73.04000091552734,71.52999877929688,72.80000305175781,4254000,Yahoo Finance daily
2014-01-31,us,UNH,,71.87000274658203,72.3499984741211,71.44999694824219,72.27999877929688,4291500,Yahoo Finance daily
2014-02-03,us,UNH,,72.13999938964844,72.20999908447266,70.63999938964844,70.73999786376953,4526100,Yahoo Finance daily
2014-02-04,us,UNH,,70.80000305175781,71.0,69.80000305175781,70.51000213623047,4646100,Yahoo Finance daily
2014-02-05,us,UNH,,69.94000244140625,71.19999694824219,69.83000183105469,70.81999969482422,4394300,Yahoo Finance daily
2014-02-06,us,UNH,,70.7699966430664,71.05999755859375,70.08999633789062,70.87000274658203,4765600,Yahoo Finance daily
2014-02-07,us,UNH,,70.5,71.6500015258789,70.11000061035156,71.36000061035156,6902900,Yahoo Finance daily
2014-02-10,us,UNH,,70.91000366210938,71.06999969482422,69.56999969482422,69.73999786376953,7774000,Yahoo Finance daily
2014-02-11,us,UNH,,69.76000213623047,70.87000274658203,69.58000183105469,70.62000274658203,5543000,Yahoo Finance daily
2014-02-12,us,UNH,,70.91000366210938,71.30000305175781,69.9800033569336,70.23999786376953,4120600,Yahoo Finance daily
2014-02-13,us,UNH,,70.12999725341797,71.4800033569336,69.93000030517578,71.20999908447266,3788000,Yahoo Finance daily
2014-02-14,us,UNH,,71.16000366210938,73.83999633789062,71.0,73.5199966430664,6848800,Yahoo Finance daily
2014-02-18,us,UNH,,73.5199966430664,74.62000274658203,73.44999694824219,73.83000183105469,5538400,Yahoo Finance daily
2014-02-19,us,UNH,,73.55000305175781,74.30999755859375,73.41999816894531,73.55000305175781,3926500,Yahoo Finance daily
2014-02-20,us,UNH,,73.5999984741211,74.11000061035156,73.2300033569336,73.4800033569336,4134000,Yahoo Finance daily
2014-02-21,us,UNH,,73.43000030517578,74.0999984741211,73.33999633789062,73.80999755859375,4552300,Yahoo Finance daily
2014-02-24,us,UNH,,74.13999938964844,76.7699966430664,74.0,76.01000213623047,9559000,Yahoo Finance daily
2014-02-25,us,UNH,,75.9800033569336,76.13999938964844,75.12999725341797,75.31999969482422,3761800,Yahoo Finance daily
2014-02-26,us,UNH,,75.33000183105469,76.12999725341797,74.77999877929688,76.05999755859375,5433200,Yahoo Finance daily
2014-02-27,us,UNH,,75.77999877929688,76.41000366210938,75.5999984741211,76.0199966430664,4227300,Yahoo Finance daily
2014-02-28,us,UNH,,76.04000091552734,77.70999908447266,75.80000305175781,77.2699966430664,6176600,Yahoo Finance daily
2014-03-03,us,UNH,,76.69999694824219,77.45999908447266,76.52999877929688,77.0999984741211,3673400,Yahoo Finance daily
2014-03-04,us,UNH,,77.73999786376953,78.56999969482422,77.54000091552734,78.12999725341797,5164500,Yahoo Finance daily
2014-03-05,us,UNH,,78.26000213623047,78.5,77.58000183105469,77.98999786376953,3917600,Yahoo Finance daily
2014-03-06,us,UNH,,78.1500015258789,78.33999633789062,77.55000305175781,77.63999938964844,4200500,Yahoo Finance daily
2014-03-07,us,UNH,,78.01000213623047,78.06999969482422,77.04000091552734,77.4000015258789,3434700,Yahoo Finance daily
2014-03-10,us,UNH,,77.27999877929688,77.9000015258789,77.11000061035156,77.87999725341797,2986400,Yahoo Finance daily
2014-03-11,us,UNH,,77.91000366210938,78.44999694824219,77.5199966430664,77.77999877929688,3471200,Yahoo Finance daily
2014-03-12,us,UNH,,77.27999877929688,77.69999694824219,77.2300033569336,77.5999984741211,2875400,Yahoo Finance daily
2014-03-13,us,UNH,,77.76000213623047,78.0999984741211,76.95999908447266,77.01000213623047,3178600,Yahoo Finance daily
2014-03-14,us,UNH,,77.0199966430664,77.0199966430664,75.6500015258789,75.69999694824219,5128700,Yahoo Finance daily
2014-03-17,us,UNH,,76.13999938964844,77.0199966430664,76.08999633789062,76.76000213623047,3517900,Yahoo Finance daily
2014-03-18,us,UNH,,76.97000122070312,78.05000305175781,76.7699966430664,78.0,3670800,Yahoo Finance daily
2014-03-19,us,UNH,,78.06999969482422,80.30000305175781,77.94000244140625,79.95999908447266,9060100,Yahoo Finance daily
2014-03-20,us,UNH,,79.58000183105469,81.58999633789062,79.43000030517578,81.52999877929688,7786500,Yahoo Finance daily
2014-03-21,us,UNH,,82.19000244140625,83.31999969482422,81.30000305175781,81.33999633789062,11828100,Yahoo Finance daily
2014-03-24,us,UNH,,81.6500015258789,81.72000122070312,80.86000061035156,81.27999877929688,5306200,Yahoo Finance daily
2014-03-25,us,UNH,,81.58999633789062,82.1500015258789,80.9800033569336,81.0999984741211,4588800,Yahoo Finance daily
2014-03-26,us,UNH,,81.4800033569336,82.30000305175781,81.06999969482422,81.54000091552734,6910000,Yahoo Finance daily
2014-03-27,us,UNH,,81.58000183105469,81.9000015258789,80.77999877929688,81.0199966430664,5453900,Yahoo Finance daily
2014-03-28,us,UNH,,81.4000015258789,82.3499984741211,81.26000213623047,81.62000274658203,4787400,Yahoo Finance daily
2014-03-31,us,UNH,,82.08000183105469,82.2699966430664,81.41000366210938,81.98999786376953,3513700,Yahoo Finance daily
2014-04-01,us,UNH,,82.3499984741211,83.05000305175781,81.58000183105469,81.83999633789062,4339800,Yahoo Finance daily
2014-04-02,us,UNH,,81.54000091552734,81.73999786376953,81.2699966430664,81.61000061035156,3832100,Yahoo Finance daily
2014-04-03,us,UNH,,81.6500015258789,82.3499984741211,81.5999984741211,82.25,4214700,Yahoo Finance daily
2014-04-04,us,UNH,,82.69000244140625,82.93000030517578,81.37000274658203,81.52999877929688,4788100,Yahoo Finance daily
2014-04-07,us,UNH,,81.5,81.9800033569336,80.75,81.08000183105469,5286700,Yahoo Finance daily
2014-04-08,us,UNH,,81.06999969482422,81.55000305175781,80.11000061035156,80.66000366210938,4044900,Yahoo Finance daily
2014-04-09,us,UNH,,80.80000305175781,81.55999755859375,80.5,81.38999938964844,3308900,Yahoo Finance daily
2014-04-10,us,UNH,,81.41999816894531,81.98999786376953,79.77999877929688,79.98999786376953,4850000,Yahoo Finance daily
2014-04-11,us,UNH,,79.7699966430664,79.97000122070312,78.81999969482422,78.94999694824219,3418700,Yahoo Finance daily
2014-04-14,us,UNH,,79.44000244140625,79.68000030517578,78.37999725341797,79.18000030517578,4013700,Yahoo Finance daily
2014-04-15,us,UNH,,79.36000061035156,79.72000122070312,78.05999755859375,79.51000213623047,4719100,Yahoo Finance daily
2014-04-16,us,UNH,,79.48999786376953,79.54000091552734,77.47000122070312,78.19000244140625,8098100,Yahoo Finance daily
2014-04-17,us,UNH,,75.44000244140625,76.6500015258789,73.61000061035156,75.77999877929688,13422900,Yahoo Finance daily
2014-04-21,us,UNH,,75.69999694824219,76.4800033569336,74.79000091552734,74.94999694824219,6912500,Yahoo Finance daily
2014-04-22,us,UNH,,75.19000244140625,76.19000244140625,74.94999694824219,75.76000213623047,6199400,Yahoo Finance daily
2014-04-23,us,UNH,,75.80999755859375,76.06999969482422,75.11000061035156,75.33000183105469,4645700,Yahoo Finance daily
2014-04-24,us,UNH,,76.1500015258789,77.08000183105469,75.91000366210938,76.58999633789062,4604900,Yahoo Finance daily
2014-04-25,us,UNH,,76.56999969482422,77.29000091552734,75.2300033569336,75.66000366210938,5416200,Yahoo Finance daily
2014-04-28,us,UNH,,76.3499984741211,76.58000183105469,75.41999816894531,75.73999786376953,5346800,Yahoo Finance daily
2014-04-29,us,UNH,,75.94999694824219,76.20999908447266,74.88999938964844,75.19999694824219,4813200,Yahoo Finance daily
2014-04-30,us,UNH,,75.25,76.19000244140625,74.91999816894531,75.04000091552734,6435900,Yahoo Finance daily
2014-05-01,us,UNH,,75.05000305175781,75.4000015258789,74.26000213623047,74.94999694824219,4598000,Yahoo Finance daily
2014-05-02,us,UNH,,74.68000030517578,75.33000183105469,74.51000213623047,75.02999877929688,3794700,Yahoo Finance daily
2014-05-05,us,UNH,,74.83000183105469,75.30999755859375,74.30000305175781,75.2300033569336,4476100,Yahoo Finance daily
2014-05-06,us,UNH,,75.12999725341797,75.5999984741211,74.88999938964844,75.26000213623047,4728200,Yahoo Finance daily
2014-05-07,us,UNH,,75.58999633789062,77.94999694824219,75.08000183105469,77.91000366210938,6383500,Yahoo Finance daily
2014-05-08,us,UNH,,77.81999969482422,78.05999755859375,76.73999786376953,76.88999938964844,4943100,Yahoo Finance daily
2014-05-09,us,UNH,,76.81999969482422,77.30000305175781,76.62000274658203,76.94999694824219,3465600,Yahoo Finance daily
2014-05-12,us,UNH,,77.19999694824219,78.0199966430664,77.0999984741211,77.73999786376953,3110900,Yahoo Finance daily
2014-05-13,us,UNH,,77.86000061035156,78.22000122070312,77.52999877929688,78.04000091552734,3059000,Yahoo Finance daily
2014-05-14,us,UNH,,78.05000305175781,78.05000305175781,76.94000244140625,77.16999816894531,2635300,Yahoo Finance daily
2014-05-15,us,UNH,,77.16000366210938,77.31999969482422,76.2300033569336,76.4800033569336,3075200,Yahoo Finance daily
2014-05-16,us,UNH,,76.3499984741211,76.66999816894531,76.01000213623047,76.6500015258789,2974600,Yahoo Finance daily
2014-05-19,us,UNH,,76.41999816894531,77.2300033569336,76.36000061035156,77.19999694824219,2149100,Yahoo Finance daily
2014-05-20,us,UNH,,77.19000244140625,77.4000015258789,76.36000061035156,76.66000366210938,2806500,Yahoo Finance daily
2014-05-21,us,UNH,,76.70999908447266,77.87999725341797,76.62999725341797,77.72000122070312,2401200,Yahoo Finance daily
2014-05-22,us,UNH,,77.70999908447266,78.62999725341797,77.62999725341797,78.33999633789062,3146900,Yahoo Finance daily
2014-05-23,us,UNH,,78.6500015258789,79.0,78.36000061035156,78.7699966430664,2251500,Yahoo Finance daily
2014-05-27,us,UNH,,79.2300033569336,79.33000183105469,78.66000366210938,79.11000061035156,2645500,Yahoo Finance daily
2014-05-28,us,UNH,,78.97000122070312,79.20999908447266,78.30000305175781,78.58000183105469,2250900,Yahoo Finance daily
2014-05-29,us,UNH,,78.5999984741211,79.43000030517578,78.08000183105469,79.37000274658203,3526800,Yahoo Finance daily
2014-05-30,us,UNH,,79.23999786376953,79.73999786376953,78.87999725341797,79.62999725341797,5139900,Yahoo Finance daily
2014-06-02,us,UNH,,79.7699966430664,79.93000030517578,79.31999969482422,79.47000122070312,1986400,Yahoo Finance daily
2014-06-03,us,UNH,,79.30999755859375,80.18000030517578,79.27999877929688,79.87999725341797,2841100,Yahoo Finance daily
2014-06-04,us,UNH,,79.7300033569336,80.56999969482422,79.4800033569336,80.51000213623047,3552900,Yahoo Finance daily
2014-06-05,us,UNH,,80.4800033569336,80.75,79.68000030517578,79.80000305175781,3453700,Yahoo Finance daily
2014-06-06,us,UNH,,79.98999786376953,80.31999969482422,79.56999969482422,79.93000030517578,3286600,Yahoo Finance daily
2014-06-09,us,UNH,,80.05000305175781,80.25,79.26000213623047,79.76000213623047,2801700,Yahoo Finance daily
2014-06-10,us,UNH,,79.5999984741211,80.0,79.47000122070312,79.80999755859375,2459200,Yahoo Finance daily
2014-06-11,us,UNH,,79.76000213623047,80.33999633789062,79.41999816894531,80.16999816894531,2733500,Yahoo Finance daily
2014-06-12,us,UNH,,79.77999877929688,80.0,79.0999984741211,79.44000244140625,2560000,Yahoo Finance daily
2014-06-13,us,UNH,,79.33999633789062,79.37000274658203,78.5999984741211,79.18000030517578,2265200,Yahoo Finance daily
2014-06-16,us,UNH,,79.18000030517578,79.20999908447266,77.80999755859375,78.0,4542900,Yahoo Finance daily
2014-06-17,us,UNH,,77.9000015258789,78.25,77.52999877929688,78.16999816894531,3430900,Yahoo Finance daily
2014-06-18,us,UNH,,78.16999816894531,79.37000274658203,77.77999877929688,79.20999908447266,4823000,Yahoo Finance daily
2014-06-19,us,UNH,,79.3499984741211,80.79000091552734,79.26000213623047,80.51000213623047,4538600,Yahoo Finance daily
2014-06-20,us,UNH,,80.83000183105469,81.48999786376953,80.45999908447266,81.41000366210938,7366500,Yahoo Finance daily
2014-06-23,us,UNH,,81.38999938964844,81.6500015258789,80.9800033569336,81.48999786376953,3066900,Yahoo Finance daily
2014-06-24,us,UNH,,81.43000030517578,82.38999938964844,81.41999816894531,81.73999786376953,4685500,Yahoo Finance daily
2014-06-25,us,UNH,,81.3499984741211,82.37999725341797,80.80999755859375,82.33999633789062,3629200,Yahoo Finance daily
2014-06-26,us,UNH,,82.4800033569336,82.4800033569336,81.66000366210938,82.29000091552734,2915900,Yahoo Finance daily
2014-06-27,us,UNH,,81.69000244140625,82.11000061035156,81.30999755859375,82.0,4755600,Yahoo Finance daily
2014-06-30,us,UNH,,82.27999877929688,82.54000091552734,81.5999984741211,81.75,3916100,Yahoo Finance daily
2014-07-01,us,UNH,,81.73999786376953,82.3499984741211,81.6500015258789,81.88999938964844,5482400,Yahoo Finance daily
2014-07-02,us,UNH,,81.80000305175781,82.5199966430664,81.06999969482422,82.48999786376953,3693500,Yahoo Finance daily
2014-07-03,us,UNH,,82.58999633789062,83.44000244140625,82.31999969482422,83.3499984741211,2183400,Yahoo Finance daily
2014-07-07,us,UNH,,82.98999786376953,83.0999984741211,81.79000091552734,82.22000122070312,2558500,Yahoo Finance daily
2014-07-08,us,UNH,,82.0199966430664,82.06999969482422,81.37999725341797,81.93000030517578,2967300,Yahoo Finance daily
2014-07-09,us,UNH,,81.9800033569336,82.75,81.88999938964844,82.73999786376953,3079500,Yahoo Finance daily
2014-07-10,us,UNH,,81.27999877929688,82.51000213623047,81.05000305175781,82.08000183105469,3829400,Yahoo Finance daily
2014-07-11,us,UNH,,81.91999816894531,83.12999725341797,81.7300033569336,82.87000274658203,2758400,Yahoo Finance daily
2014-07-14,us,UNH,,83.33000183105469,84.69000244140625,83.20999908447266,84.2699966430664,3794500,Yahoo Finance daily
2014-07-15,us,UNH,,84.04000091552734,84.73999786376953,83.7300033569336,83.9000015258789,4356300,Yahoo Finance daily
2014-07-16,us,UNH,,84.06999969482422,84.12999725341797,83.22000122070312,83.76000213623047,3955200,Yahoo Finance daily
2014-07-17,us,UNH,,84.25,87.23999786376953,83.43000030517578,85.11000061035156,7117900,Yahoo Finance daily
2014-07-18,us,UNH,,85.47000122070312,85.77999877929688,84.43000030517578,85.5199966430664,3892100,Yahoo Finance daily
2014-07-21,us,UNH,,85.22000122070312,85.29000091552734,84.02999877929688,85.05999755859375,4025100,Yahoo Finance daily
2014-07-22,us,UNH,,85.5199966430664,86.76000213623047,85.47000122070312,86.05000305175781,4366900,Yahoo Finance daily
2014-07-23,us,UNH,,86.30999755859375,86.55000305175781,85.7699966430664,85.94000244140625,2596300,Yahoo Finance daily
2014-07-24,us,UNH,,85.44999694824219,86.33000183105469,85.29000091552734,85.68000030517578,4022400,Yahoo Finance daily
2014-07-25,us,UNH,,84.12000274658203,85.01000213623047,84.0,84.68000030517578,3362600,Yahoo Finance daily
2014-07-28,us,UNH,,85.02999877929688,85.9000015258789,84.5999984741211,85.75,2206900,Yahoo Finance daily
2014-07-29,us,UNH,,84.95999908447266,85.55999755859375,83.98999786376953,84.2699966430664,4897800,Yahoo Finance daily
2014-07-30,us,UNH,,84.76000213623047,84.87000274658203,81.72000122070312,82.94999694824219,7171800,Yahoo Finance daily
2014-07-31,us,UNH,,81.7699966430664,82.18000030517578,80.55000305175781,81.05000305175781,5345400,Yahoo Finance daily
2014-08-01,us,UNH,,81.13999938964844,82.06999969482422,80.55999755859375,81.48999786376953,4625100,Yahoo Finance daily
2014-08-04,us,UNH,,81.58999633789062,82.52999877929688,81.16000366210938,82.2699966430664,3197700,Yahoo Finance daily
2014-08-05,us,UNH,,81.83000183105469,82.52999877929688,80.56999969482422,80.98999786376953,4599500,Yahoo Finance daily
2014-08-06,us,UNH,,80.94999694824219,82.12000274658203,80.73999786376953,81.5,3311300,Yahoo Finance daily
2014-08-07,us,UNH,,81.0,81.08999633789062,79.16000366210938,79.26000213623047,5465400,Yahoo Finance daily
2014-08-08,us,UNH,,79.41000366210938,80.19000244140625,78.73999786376953,80.12000274658203,3713400,Yahoo Finance daily
2014-08-11,us,UNH,,80.38999938964844,80.6500015258789,79.76000213623047,79.87000274658203,3460000,Yahoo Finance daily
2014-08-12,us,UNH,,79.61000061035156,80.38999938964844,79.52999877929688,80.22000122070312,3206200,Yahoo Finance daily
2014-08-13,us,UNH,,80.62000274658203,81.66999816894531,80.38999938964844,81.51000213623047,3049900,Yahoo Finance daily
2014-08-14,us,UNH,,81.70999908447266,82.06999969482422,80.16000366210938,81.81999969482422,2241100,Yahoo Finance daily
2014-08-15,us,UNH,,82.20999908447266,82.27999877929688,80.80999755859375,81.47000122070312,2442700,Yahoo Finance daily
2014-08-18,us,UNH,,81.7699966430664,82.4800033569336,81.3499984741211,82.33999633789062,2795800,Yahoo Finance daily
2014-08-19,us,UNH,,82.48999786376953,83.76000213623047,82.05000305175781,83.47000122070312,3549300,Yahoo Finance daily
2014-08-20,us,UNH,,82.94000244140625,83.75,82.36000061035156,83.43000030517578,2579600,Yahoo Finance daily
2014-08-21,us,UNH,,83.61000061035156,84.0999984741211,83.58999633789062,83.7699966430664,2648500,Yahoo Finance daily
2014-08-22,us,UNH,,83.5999984741211,84.0,83.45999908447266,83.77999877929688,2089300,Yahoo Finance daily
2014-08-25,us,UNH,,84.38999938964844,84.75,83.94999694824219,84.23999786376953,1988100,Yahoo Finance daily
2014-08-26,us,UNH,,84.44999694824219,85.33999633789062,84.1500015258789,85.12000274658203,2267800,Yahoo Finance daily
2014-08-27,us,UNH,,85.18000030517578,86.97000122070312,84.95999908447266,86.37999725341797,5800700,Yahoo Finance daily
2014-08-28,us,UNH,,86.0,87.0,85.5199966430664,86.33999633789062,2749700,Yahoo Finance daily
2014-08-29,us,UNH,,86.75,87.2300033569336,86.3499984741211,86.68000030517578,3297500,Yahoo Finance daily
2014-09-02,us,UNH,,87.12000274658203,87.22000122070312,85.76000213623047,86.38999938964844,3726100,Yahoo Finance daily
2014-09-03,us,UNH,,86.77999877929688,87.3499984741211,86.41999816894531,86.79000091552734,2824400,Yahoo Finance daily
2014-09-04,us,UNH,,86.76000213623047,88.44999694824219,86.70999908447266,87.05999755859375,3650100,Yahoo Finance daily
2014-09-05,us,UNH,,86.94999694824219,87.80000305175781,86.73999786376953,87.75,3873500,Yahoo Finance daily
2014-09-08,us,UNH,,87.69999694824219,88.0,87.41999816894531,87.91000366210938,2298000,Yahoo Finance daily
2014-09-09,us,UNH,,88.0,88.8499984741211,87.48999786376953,88.55999755859375,4409400,Yahoo Finance daily
2014-09-10,us,UNH,,88.44000244140625,88.5,86.69000244140625,87.25,3355800,Yahoo Finance daily
2014-09-11,us,UNH,,86.76000213623047,87.12000274658203,86.19999694824219,87.08000183105469,3034500,Yahoo Finance daily
2014-09-12,us,UNH,,87.23999786376953,87.23999786376953,85.86000061035156,86.18000030517578,2582400,Yahoo Finance daily
2014-09-15,us,UNH,,86.30000305175781,86.81999969482422,85.83000183105469,86.02999877929688,2441800,Yahoo Finance daily
2014-09-16,us,UNH,,86.0,87.37000274658203,85.8499984741211,87.16000366210938,2973700,Yahoo Finance daily
2014-09-17,us,UNH,,86.94999694824219,87.55999755859375,86.47000122070312,86.98999786376953,3302700,Yahoo Finance daily
2014-09-18,us,UNH,,87.41999816894531,87.97000122070312,87.19000244140625,87.62999725341797,2584000,Yahoo Finance daily
2014-09-19,us,UNH,,88.51000213623047,88.72000122070312,87.63999938964844,87.80000305175781,6486300,Yahoo Finance daily
2014-09-22,us,UNH,,87.80000305175781,88.44000244140625,87.4800033569336,87.7699966430664,2335400,Yahoo Finance daily
2014-09-23,us,UNH,,87.31999969482422,87.69000244140625,86.37999725341797,86.58999633789062,2640200,Yahoo Finance daily
2014-09-24,us,UNH,,86.62000274658203,88.45999908447266,86.5999984741211,88.20999908447266,2661500,Yahoo Finance daily
2014-09-25,us,UNH,,87.79000091552734,88.0,86.02999877929688,86.18000030517578,3657100,Yahoo Finance daily
2014-09-26,us,UNH,,86.25,86.97000122070312,85.91000366210938,86.5999984741211,2260500,Yahoo Finance daily
2014-09-29,us,UNH,,85.58000183105469,86.94999694824219,85.58000183105469,86.51000213623047,3114800,Yahoo Finance daily
2014-09-30,us,UNH,,86.68000030517578,87.08000183105469,86.12000274658203,86.25,2843200,Yahoo Finance daily
2014-10-01,us,UNH,,86.0,86.26000213623047,84.61000061035156,84.87999725341797,4140200,Yahoo Finance daily
2014-10-02,us,UNH,,84.8499984741211,85.2699966430664,83.7300033569336,84.9000015258789,3047000,Yahoo Finance daily
2014-10-03,us,UNH,,85.37000274658203,86.27999877929688,85.06999969482422,86.0199966430664,3108100,Yahoo Finance daily
2014-10-06,us,UNH,,86.6500015258789,86.94999694824219,84.94999694824219,85.08999633789062,2596100,Yahoo Finance daily
2014-10-07,us,UNH,,84.9000015258789,85.12999725341797,83.93000030517578,84.19000244140625,3412900,Yahoo Finance daily
2014-10-08,us,UNH,,84.29000091552734,86.83999633789062,83.98999786376953,86.62000274658203,4787400,Yahoo Finance daily
2014-10-09,us,UNH,,86.3499984741211,86.55000305175781,84.62999725341797,84.94000244140625,4432800,Yahoo Finance daily
2014-10-10,us,UNH,,85.08999633789062,86.81999969482422,85.05000305175781,85.38999938964844,4036800,Yahoo Finance daily
2014-10-13,us,UNH,,85.22000122070312,85.94999694824219,83.76000213623047,83.94999694824219,3672600,Yahoo Finance daily
2014-10-14,us,UNH,,84.33999633789062,84.56999969482422,82.55000305175781,82.81999969482422,5929500,Yahoo Finance daily
2014-10-15,us,UNH,,82.16999816894531,82.9800033569336,80.72000122070312,82.16000366210938,8308900,Yahoo Finance daily
2014-10-16,us,UNH,,84.76000213623047,86.69999694824219,84.0999984741211,85.38999938964844,10233000,Yahoo Finance daily
2014-10-17,us,UNH,,86.8499984741211,88.80999755859375,86.75,88.18000030517578,8532800,Yahoo Finance daily
2014-10-20,us,UNH,,88.23999786376953,88.83999633789062,88.0,88.54000091552734,4890900,Yahoo Finance daily
2014-10-21,us,UNH,,89.16000366210938,91.08000183105467,88.8499984741211,90.9499969482422,5882100,Yahoo Finance daily
2014-10-22,us,UNH,,91.44000244140624,91.44000244140624,89.70999908447266,89.7699966430664,4290300,Yahoo Finance daily
2014-10-23,us,UNH,,90.94000244140624,91.27999877929688,90.41999816894533,90.66000366210938,3159200,Yahoo Finance daily
2014-10-24,us,UNH,,90.66000366210938,91.6999969482422,90.58999633789062,91.63999938964844,2977300,Yahoo Finance daily
2014-10-27,us,UNH,,91.43000030517578,92.27999877929688,91.37999725341795,92.12999725341795,3948900,Yahoo Finance daily
2014-10-28,us,UNH,,91.0500030517578,92.77999877929688,90.36000061035156,92.63999938964844,4741300,Yahoo Finance daily
2014-10-29,us,UNH,,92.9000015258789,93.68000030517578,92.69000244140624,92.95999908447266,4330400,Yahoo Finance daily
2014-10-30,us,UNH,,92.55999755859376,94.1500015258789,92.5,93.87999725341795,2836400,Yahoo Finance daily
2014-10-31,us,UNH,,95.0,95.66999816894533,94.30999755859376,95.01000213623048,5031500,Yahoo Finance daily
2014-11-03,us,UNH,,95.4499969482422,95.66999816894533,94.5,94.86000061035156,4001200,Yahoo Finance daily
2014-11-04,us,UNH,,94.98999786376952,95.5999984741211,94.23999786376952,94.9800033569336,4437300,Yahoo Finance daily
2014-11-05,us,UNH,,95.56999969482422,96.01000213623048,95.0199966430664,95.8000030517578,3454700,Yahoo Finance daily
2014-11-06,us,UNH,,96.04000091552734,96.63999938964844,95.9000015258789,96.20999908447266,3743200,Yahoo Finance daily
2014-11-07,us,UNH,,95.5,95.72000122070312,93.01000213623048,93.61000061035156,6155400,Yahoo Finance daily
2014-11-10,us,UNH,,93.68000030517578,95.0,93.5,94.75,4087700,Yahoo Finance daily
2014-11-11,us,UNH,,95.0500030517578,95.75,94.72000122070312,95.69000244140624,2291400,Yahoo Finance daily
2014-11-12,us,UNH,,95.2300033569336,95.97000122070312,94.5199966430664,95.68000030517578,2897700,Yahoo Finance daily
2014-11-13,us,UNH,,95.63999938964844,96.73999786376952,95.4000015258789,95.9000015258789,2767700,Yahoo Finance daily
2014-11-14,us,UNH,,96.0199966430664,96.12000274658205,94.87000274658205,95.11000061035156,2709600,Yahoo Finance daily
2014-11-17,us,UNH,,95.1999969482422,96.69000244140624,94.83999633789062,96.47000122070312,3297600,Yahoo Finance daily
2014-11-18,us,UNH,,96.98999786376952,98.61000061035156,96.8499984741211,98.19000244140624,4320800,Yahoo Finance daily
2014-11-19,us,UNH,,97.7300033569336,98.41000366210938,96.79000091552734,96.86000061035156,3433800,Yahoo Finance daily
2014-11-20,us,UNH,,96.45999908447266,96.8499984741211,96.16999816894533,96.8499984741211,3316700,Yahoo Finance daily
2014-11-21,us,UNH,,97.4000015258789,98.04000091552734,96.58999633789062,96.70999908447266,4408600,Yahoo Finance daily
2014-11-24,us,UNH,,97.2699966430664,97.29000091552734,96.51000213623048,96.9000015258789,3998800,Yahoo Finance daily
2014-11-25,us,UNH,,97.0,98.13999938964844,96.91000366210938,97.9000015258789,4066300,Yahoo Finance daily
2014-11-26,us,UNH,,97.98999786376952,98.73999786376952,97.81999969482422,98.11000061035156,2765900,Yahoo Finance daily
2014-11-28,us,UNH,,98.6999969482422,99.41999816894533,98.43000030517578,98.62999725341795,2177500,Yahoo Finance daily
2014-12-01,us,UNH,,98.75,99.83000183105467,98.01000213623048,99.05999755859376,4892800,Yahoo Finance daily
2014-12-02,us,UNH,,99.0,100.0,98.1999969482422,99.83000183105467,5297200,Yahoo Finance daily
2014-12-03,us,UNH,,99.87999725341795,101.33000183105467,99.6999969482422,100.8000030517578,6689000,Yahoo Finance daily
2014-12-04,us,UNH,,100.83999633789062,100.93000030517578,99.41999816894533,99.66999816894533,4065200,Yahoo Finance daily
2014-12-05,us,UNH,,99.80999755859376,100.70999908447266,99.68000030517578,100.33000183105467,3104900,Yahoo Finance daily
2014-12-08,us,UNH,,100.31999969482422,100.9000015258789,99.63999938964844,99.91999816894533,3085800,Yahoo Finance daily
2014-12-09,us,UNH,,99.04000091552734,101.08999633789062,98.75,101.0199966430664,3792200,Yahoo Finance daily
2014-12-10,us,UNH,,100.7699966430664,101.0199966430664,99.01000213623048,99.08999633789062,3908700,Yahoo Finance daily
2014-12-11,us,UNH,,99.38999938964844,100.66999816894533,99.23999786376952,99.7300033569336,2940600,Yahoo Finance daily
2014-12-12,us,UNH,,99.58000183105467,100.41000366210938,98.69000244140624,98.76000213623048,3086500,Yahoo Finance daily
2014-12-15,us,UNH,,98.8000030517578,99.75,97.41000366210938,98.2699966430664,3649300,Yahoo Finance daily
2014-12-16,us,UNH,,97.6500015258789,98.77999877929688,95.75,95.8499984741211,4843800,Yahoo Finance daily
2014-12-17,us,UNH,,96.5500030517578,99.75,96.16999816894533,99.13999938964844,6235000,Yahoo Finance daily
2014-12-18,us,UNH,,100.27999877929688,102.26000213623048,99.91000366210938,102.23999786376952,4681000,Yahoo Finance daily
2014-12-19,us,UNH,,102.0,104.0,102.0,102.48999786376952,7986500,Yahoo Finance daily
2014-12-22,us,UNH,,102.58000183105467,103.23999786376952,102.47000122070312,103.04000091552734,2398100,Yahoo Finance daily
2014-12-23,us,UNH,,103.72000122070312,103.93000030517578,102.44000244140624,102.8499984741211,3028600,Yahoo Finance daily
2014-12-24,us,UNH,,103.0,103.31999969482422,102.54000091552734,102.68000030517578,950700,Yahoo Finance daily
2014-12-26,us,UNH,,102.58999633789062,103.0,102.16000366210938,102.5500030517578,2019900,Yahoo Finance daily
2014-12-29,us,UNH,,102.37999725341795,103.01000213623048,101.83000183105467,102.33000183105467,1708100,Yahoo Finance daily
2014-12-30,us,UNH,,102.25,103.05999755859376,102.25,102.8499984741211,1767600,Yahoo Finance daily
2014-12-31,us,UNH,,103.12000274658205,103.68000030517578,101.02999877929688,101.08999633789062,2313900,Yahoo Finance daily
2015-01-02,us,UNH,,101.5,102.62000274658205,100.01000213623048,100.77999877929688,3060900,Yahoo Finance daily
2015-01-05,us,UNH,,100.3000030517578,100.4499969482422,98.75,99.12000274658205,4679000,Yahoo Finance daily
2015-01-06,us,UNH,,99.83000183105467,100.13999938964844,98.45999908447266,98.91999816894533,3468300,Yahoo Finance daily
2015-01-07,us,UNH,,98.95999908447266,100.3000030517578,98.91999816894533,99.93000030517578,3225800,Yahoo Finance daily
2015-01-08,us,UNH,,101.56999969482422,104.9800033569336,100.72000122070312,104.6999969482422,5346100,Yahoo Finance daily
2015-01-09,us,UNH,,104.41999816894533,104.62999725341795,102.9000015258789,103.72000122070312,3397600,Yahoo Finance daily
2015-01-12,us,UNH,,103.83000183105467,104.0,101.91000366210938,102.5500030517578,3051500,Yahoo Finance daily
2015-01-13,us,UNH,,103.94000244140624,105.5999984741211,101.83999633789062,103.06999969482422,3856500,Yahoo Finance daily
2015-01-14,us,UNH,,101.61000061035156,103.4800033569336,101.18000030517578,103.33000183105467,4725600,Yahoo Finance daily
2015-01-15,us,UNH,,103.55999755859376,104.58999633789062,103.12999725341795,104.45999908447266,5888900,Yahoo Finance daily
2015-01-16,us,UNH,,104.5,106.0,103.6500015258789,105.7699966430664,6045500,Yahoo Finance daily
2015-01-20,us,UNH,,106.1999969482422,106.37999725341795,104.5,105.62000274658205,6526800,Yahoo Finance daily
2015-01-21,us,UNH,,106.5199966430664,109.4499969482422,105.62000274658205,109.31999969482422,8293700,Yahoo Finance daily
2015-01-22,us,UNH,,109.75,114.12000274658205,109.33000183105467,113.8499984741211,8055200,Yahoo Finance daily
2015-01-23,us,UNH,,113.63999938964844,114.31999969482422,112.0,112.0,5256000,Yahoo Finance daily
2015-01-26,us,UNH,,112.0,112.0,110.76000213623048,111.61000061035156,4203400,Yahoo Finance daily
2015-01-27,us,UNH,,110.9499969482422,111.25,109.91999816894533,110.01000213623048,4718300,Yahoo Finance daily
2015-01-28,us,UNH,,110.56999969482422,110.87999725341795,108.4499969482422,108.45999908447266,6633500,Yahoo Finance daily
2015-01-29,us,UNH,,108.1500015258789,109.58000183105467,106.73999786376952,109.38999938964844,4912300,Yahoo Finance daily
2015-01-30,us,UNH,,108.62000274658205,109.38999938964844,106.13999938964844,106.25,5397500,Yahoo Finance daily
2015-02-02,us,UNH,,106.7300033569336,107.33999633789062,105.06999969482422,107.29000091552734,4657100,Yahoo Finance daily
2015-02-03,us,UNH,,107.3499984741211,108.0,106.5199966430664,107.80999755859376,4192600,Yahoo Finance daily
2015-02-04,us,UNH,,106.83000183105467,108.73999786376952,106.75,107.91999816894533,4768900,Yahoo Finance daily
2015-02-05,us,UNH,,108.31999969482422,109.80999755859376,108.31999969482422,108.81999969482422,3297700,Yahoo Finance daily
2015-02-06,us,UNH,,108.58999633789062,109.4000015258789,107.19000244140624,107.5999984741211,3661400,Yahoo Finance daily
2015-02-09,us,UNH,,106.93000030517578,107.23999786376952,106.27999877929688,106.48999786376952,3909700,Yahoo Finance daily
2015-02-10,us,UNH,,107.26000213623048,109.45999908447266,107.12999725341795,108.97000122070312,5437400,Yahoo Finance daily
2015-02-11,us,UNH,,108.7300033569336,110.05999755859376,108.37999725341795,109.8499984741211,3798500,Yahoo Finance daily
2015-02-12,us,UNH,,110.6999969482422,110.77999877929688,108.83000183105467,109.83999633789062,3378000,Yahoo Finance daily
2015-02-13,us,UNH,,109.69000244140624,109.83999633789062,108.68000030517578,109.44000244140624,3727600,Yahoo Finance daily
2015-02-17,us,UNH,,109.33999633789062,109.76000213623048,108.5199966430664,109.76000213623048,3430600,Yahoo Finance daily
2015-02-18,us,UNH,,109.76000213623048,110.22000122070312,108.9499969482422,109.7699966430664,2958700,Yahoo Finance daily
2015-02-19,us,UNH,,109.54000091552734,110.36000061035156,109.44000244140624,110.02999877929688,2674800,Yahoo Finance daily
2015-02-20,us,UNH,,109.95999908447266,112.81999969482422,109.44000244140624,112.62000274658205,4647100,Yahoo Finance daily
2015-02-23,us,UNH,,112.98999786376952,116.48999786376952,112.8499984741211,116.4000015258789,7060000,Yahoo Finance daily
2015-02-24,us,UNH,,116.26000213623048,116.58000183105467,115.31999969482422,115.43000030517578,3582800,Yahoo Finance daily
2015-02-25,us,UNH,,115.81999969482422,115.81999969482422,113.72000122070312,114.0500030517578,3845900,Yahoo Finance daily
2015-02-26,us,UNH,,114.41000366210938,114.62000274658205,113.37000274658205,113.66000366210938,3126800,Yahoo Finance daily
2015-02-27,us,UNH,,113.7699966430664,114.25,113.41000366210938,113.62999725341795,4016400,Yahoo Finance daily
2015-03-02,us,UNH,,113.62999725341795,114.8499984741211,113.62999725341795,114.4000015258789,2952200,Yahoo Finance daily
2015-03-03,us,UNH,,113.9499969482422,114.48999786376952,112.36000061035156,112.86000061035156,3163700,Yahoo Finance daily
2015-03-04,us,UNH,,112.25,113.97000122070312,111.6500015258789,113.81999969482422,3180900,Yahoo Finance daily
2015-03-05,us,UNH,,114.06999969482422,115.72000122070312,114.06999969482422,114.79000091552734,2941400,Yahoo Finance daily
2015-03-06,us,UNH,,115.16000366210938,115.16000366210938,112.61000061035156,112.87999725341795,3196900,Yahoo Finance daily
2015-03-09,us,UNH,,112.97000122070312,114.95999908447266,112.87000274658205,114.9000015258789,3942000,Yahoo Finance daily
2015-03-10,us,UNH,,114.26000213623048,114.41000366210938,112.45999908447266,112.45999908447266,3957900,Yahoo Finance daily
2015-03-11,us,UNH,,112.9000015258789,113.58999633789062,112.63999938964844,112.72000122070312,2593700,Yahoo Finance daily
2015-03-12,us,UNH,,113.31999969482422,115.0500030517578,113.1500015258789,114.87999725341795,3258600,Yahoo Finance daily
2015-03-13,us,UNH,,114.44000244140624,115.38999938964844,113.52999877929688,115.25,3066800,Yahoo Finance daily
2015-03-16,us,UNH,,116.0,118.69000244140624,115.81999969482422,118.5199966430664,4692200,Yahoo Finance daily
2015-03-17,us,UNH,,118.08000183105467,118.12999725341795,116.91999816894533,117.5999984741211,3303500,Yahoo Finance daily
2015-03-18,us,UNH,,117.43000030517578,120.5199966430664,116.7300033569336,119.95999908447266,5533500,Yahoo Finance daily
2015-03-19,us,UNH,,120.0,121.0999984741211,119.81999969482422,120.76000213623048,4032500,Yahoo Finance daily
2015-03-20,us,UNH,,121.3499984741211,121.52999877929688,119.0,119.13999938964844,7195700,Yahoo Finance daily
2015-03-23,us,UNH,,119.4800033569336,120.4800033569336,118.58999633789062,119.04000091552734,4576500,Yahoo Finance daily
2015-03-24,us,UNH,,118.9000015258789,119.63999938964844,118.08000183105467,118.12000274658205,3054700,Yahoo Finance daily
2015-03-25,us,UNH,,118.8499984741211,119.75,116.51000213623048,116.54000091552734,3385500,Yahoo Finance daily
2015-03-26,us,UNH,,116.06999969482422,117.20999908447266,114.5999984741211,116.25,2856400,Yahoo Finance daily
2015-03-27,us,UNH,,116.05999755859376,118.22000122070312,116.0199966430664,118.01000213623048,2608500,Yahoo Finance daily
2015-03-30,us,UNH,,122.31999969482422,123.76000213623048,120.52999877929688,121.0,5178500,Yahoo Finance daily
2015-03-31,us,UNH,,120.8000030517578,120.93000030517578,118.22000122070312,118.29000091552734,4573100,Yahoo Finance daily
2015-04-01,us,UNH,,119.5199966430664,119.5199966430664,116.54000091552734,117.4499969482422,4826200,Yahoo Finance daily
2015-04-02,us,UNH,,117.5999984741211,118.37999725341795,116.87000274658205,117.36000061035156,2497100,Yahoo Finance daily
2015-04-06,us,UNH,,116.0199966430664,118.5199966430664,115.9499969482422,117.6999969482422,2544700,Yahoo Finance daily
2015-04-07,us,UNH,,119.4499969482422,119.83000183105467,117.2699966430664,117.3499984741211,2528500,Yahoo Finance daily
2015-04-08,us,UNH,,117.77999877929688,118.83000183105467,117.47000122070312,118.19000244140624,2627000,Yahoo Finance daily
2015-04-09,us,UNH,,117.83000183105467,118.76000213623048,117.5999984741211,118.5500030517578,2247200,Yahoo Finance daily
2015-04-10,us,UNH,,118.5500030517578,119.0999984741211,117.97000122070312,119.0,2232600,Yahoo Finance daily
2015-04-13,us,UNH,,121.0,121.30999755859376,119.12999725341795,119.37000274658205,3961000,Yahoo Finance daily
2015-04-14,us,UNH,,119.33999633789062,120.18000030517578,118.5199966430664,119.91999816894533,3208800,Yahoo Finance daily
2015-04-15,us,UNH,,120.37999725341795,120.73999786376952,116.5500030517578,117.31999969482422,7344000,Yahoo Finance daily
2015-04-16,us,UNH,,121.93000030517578,122.31999969482422,120.5199966430664,121.5999984741211,7068000,Yahoo Finance daily
2015-04-17,us,UNH,,121.0,121.0500030517578,117.73999786376952,118.70999908447266,4390000,Yahoo Finance daily
2015-04-20,us,UNH,,119.8499984741211,120.33000183105467,118.06999969482422,118.58000183105467,4650700,Yahoo Finance daily
2015-04-21,us,UNH,,119.0,119.62999725341795,118.76000213623048,119.27999877929688,3379800,Yahoo Finance daily
2015-04-22,us,UNH,,119.54000091552734,119.94000244140624,117.16999816894533,117.80999755859376,3846700,Yahoo Finance daily
2015-04-23,us,UNH,,117.4800033569336,118.58000183105467,116.95999908447266,118.26000213623048,3244300,Yahoo Finance daily
2015-04-24,us,UNH,,118.27999877929688,119.08999633789062,118.0199966430664,118.69000244140624,3139200,Yahoo Finance daily
2015-04-27,us,UNH,,119.18000030517578,119.41000366210938,116.06999969482422,116.23999786376952,5174300,Yahoo Finance daily
2015-04-28,us,UNH,,116.88999938964844,117.73999786376952,114.27999877929688,117.58999633789062,4144800,Yahoo Finance daily
2015-04-29,us,UNH,,116.22000122070312,117.31999969482422,112.04000091552734,113.61000061035156,7122600,Yahoo Finance daily
2015-04-30,us,UNH,,113.52999877929688,114.33000183105467,111.12000274658205,111.4000015258789,6705600,Yahoo Finance daily
2015-05-01,us,UNH,,112.29000091552734,113.66000366210938,111.73999786376952,113.1999969482422,5805100,Yahoo Finance daily
2015-05-04,us,UNH,,113.6999969482422,114.93000030517578,113.4499969482422,114.55999755859376,3531500,Yahoo Finance daily
2015-05-05,us,UNH,,113.94000244140624,114.27999877929688,113.01000213623048,113.37000274658205,3960400,Yahoo Finance daily
2015-05-06,us,UNH,,114.0,114.48999786376952,112.66000366210938,113.48999786376952,3369800,Yahoo Finance daily
2015-05-07,us,UNH,,113.1500015258789,115.13999938964844,113.11000061035156,114.76000213623048,3300200,Yahoo Finance daily
2015-05-08,us,UNH,,115.93000030517578,116.58999633789062,115.0500030517578,115.68000030517578,3066000,Yahoo Finance daily
2015-05-11,us,UNH,,115.61000061035156,115.79000091552734,114.72000122070312,114.7699966430664,3376400,Yahoo Finance daily
2015-05-12,us,UNH,,114.2300033569336,115.08000183105467,113.83000183105467,114.63999938964844,3844600,Yahoo Finance daily
2015-05-13,us,UNH,,114.62000274658205,116.3000030517578,114.62000274658205,115.86000061035156,3667700,Yahoo Finance daily
2015-05-14,us,UNH,,117.18000030517578,118.62000274658205,116.20999908447266,118.52999877929688,4771400,Yahoo Finance daily
2015-05-15,us,UNH,,118.77999877929688,119.3499984741211,118.30999755859376,119.33000183105467,3083800,Yahoo Finance daily
2015-05-18,us,UNH,,119.22000122070312,119.9800033569336,118.83999633789062,119.8000030517578,2824700,Yahoo Finance daily
2015-05-19,us,UNH,,119.81999969482422,121.12999725341795,119.69000244140624,120.5500030517578,3554900,Yahoo Finance daily
2015-05-20,us,UNH,,120.7300033569336,121.8499984741211,120.02999877929688,121.23999786376952,3379200,Yahoo Finance daily
2015-05-21,us,UNH,,120.76000213623048,120.83999633789062,120.0500030517578,120.45999908447266,2983500,Yahoo Finance daily
2015-05-22,us,UNH,,120.3000030517578,120.77999877929688,119.13999938964844,119.58999633789062,2945900,Yahoo Finance daily
2015-05-26,us,UNH,,119.22000122070312,119.58999633789062,117.6999969482422,118.23999786376952,3014500,Yahoo Finance daily
2015-05-27,us,UNH,,118.87999725341795,119.8499984741211,118.2699966430664,119.4499969482422,2887700,Yahoo Finance daily
2015-05-28,us,UNH,,119.30999755859376,119.81999969482422,118.29000091552734,119.62000274658205,2873600,Yahoo Finance daily
2015-05-29,us,UNH,,120.05999755859376,121.62000274658205,117.73999786376952,120.20999908447266,6019900,Yahoo Finance daily
2015-06-01,us,UNH,,120.54000091552734,120.55999755859376,118.75,119.86000061035156,3876400,Yahoo Finance daily
2015-06-02,us,UNH,,119.48999786376952,119.68000030517578,117.41000366210938,117.75,4219500,Yahoo Finance daily
2015-06-03,us,UNH,,118.0,118.98999786376952,117.4499969482422,118.3499984741211,3438100,Yahoo Finance daily
2015-06-04,us,UNH,,117.91999816894533,117.97000122070312,116.02999877929688,116.6500015258789,3300300,Yahoo Finance daily
2015-06-05,us,UNH,,116.33000183105467,116.75,115.36000061035156,116.52999877929688,2724500,Yahoo Finance daily
2015-06-08,us,UNH,,116.37999725341795,117.66999816894533,116.31999969482422,116.91000366210938,3271300,Yahoo Finance daily
2015-06-09,us,UNH,,116.93000030517578,117.37999725341795,115.79000091552734,116.98999786376952,3047300,Yahoo Finance daily
2015-06-10,us,UNH,,117.02999877929688,118.87999725341795,116.7300033569336,118.5500030517578,4006400,Yahoo Finance daily
2015-06-11,us,UNH,,118.41000366210938,119.94000244140624,118.22000122070312,119.31999969482422,3815600,Yahoo Finance daily
2015-06-12,us,UNH,,118.83999633789062,119.0,117.5,117.6500015258789,3076600,Yahoo Finance daily
2015-06-15,us,UNH,,116.83000183105467,120.87999725341795,116.0,118.9800033569336,6809500,Yahoo Finance daily
2015-06-16,us,UNH,,119.13999938964844,122.18000030517578,119.0,121.5500030517578,7229400,Yahoo Finance daily
2015-06-17,us,UNH,,121.9000015258789,122.1999969482422,119.16999816894533,119.73999786376952,4805900,Yahoo Finance daily
2015-06-18,us,UNH,,120.38999938964844,121.37999725341795,119.91999816894533,120.88999938964844,3478300,Yahoo Finance daily
2015-06-19,us,UNH,,120.6500015258789,120.87999725341795,119.9000015258789,120.33000183105467,4178700,Yahoo Finance daily
2015-06-22,us,UNH,,121.62999725341795,122.2300033569336,119.94000244140624,120.25,4435600,Yahoo Finance daily
2015-06-23,us,UNH,,121.37000274658205,122.7699966430664,121.01000213623048,122.73999786376952,4991000,Yahoo Finance daily
2015-06-24,us,UNH,,122.8000030517578,123.0,119.0999984741211,119.16999816894533,4650500,Yahoo Finance daily
2015-06-25,us,UNH,,119.56999969482422,123.41000366210938,119.5,122.33000183105467,6149500,Yahoo Finance daily
2015-06-26,us,UNH,,123.79000091552734,124.11000061035156,122.7300033569336,123.25,16358200,Yahoo Finance daily
2015-06-29,us,UNH,,122.04000091552734,123.02999877929688,121.11000061035156,121.19000244140624,3604000,Yahoo Finance daily
2015-06-30,us,UNH,,122.41999816894533,122.94000244140624,121.0,122.0,4982600,Yahoo Finance daily
2015-07-01,us,UNH,,122.9499969482422,123.6500015258789,122.22000122070312,123.37999725341795,3269300,Yahoo Finance daily
2015-07-02,us,UNH,,123.81999969482422,123.87999725341795,121.0199966430664,121.80999755859376,3682300,Yahoo Finance daily
2015-07-06,us,UNH,,119.5999984741211,123.0999984741211,119.26000213623048,122.16000366210938,6522800,Yahoo Finance daily
2015-07-07,us,UNH,,122.36000061035156,122.8000030517578,117.80999755859376,120.6999969482422,6476200,Yahoo Finance daily
2015-07-08,us,UNH,,119.0500030517578,119.98999786376952,118.4000015258789,118.77999877929688,4009800,Yahoo Finance daily
2015-07-09,us,UNH,,120.04000091552734,120.55999755859376,119.30999755859376,119.33999633789062,3315600,Yahoo Finance daily
2015-07-10,us,UNH,,120.98999786376952,122.75,120.6999969482422,122.1500015258789,4033500,Yahoo Finance daily
2015-07-13,us,UNH,,123.0999984741211,123.75,121.80999755859376,122.4499969482422,3766900,Yahoo Finance daily
2015-07-14,us,UNH,,122.18000030517578,125.1999969482422,122.0,125.0,4192400,Yahoo Finance daily
2015-07-15,us,UNH,,124.9499969482422,126.0500030517578,123.80999755859376,125.86000061035156,5067300,Yahoo Finance daily
2015-07-16,us,UNH,,125.41999816894533,125.5,122.0999984741211,124.93000030517578,7216600,Yahoo Finance daily
2015-07-17,us,UNH,,124.6999969482422,124.9800033569336,123.6999969482422,123.8499984741211,3702700,Yahoo Finance daily
2015-07-20,us,UNH,,124.0500030517578,124.2300033569336,122.33000183105467,122.6500015258789,3199700,Yahoo Finance daily
2015-07-21,us,UNH,,122.56999969482422,122.72000122070312,120.33999633789062,120.86000061035156,4239100,Yahoo Finance daily
2015-07-22,us,UNH,,120.97000122070312,121.23999786376952,120.08000183105467,120.61000061035156,3384700,Yahoo Finance daily
2015-07-23,us,UNH,,121.62999725341795,121.68000030517578,118.76000213623048,119.33000183105467,4896100,Yahoo Finance daily
2015-07-24,us,UNH,,119.12000274658205,119.72000122070312,117.58000183105467,117.94000244140624,3840600,Yahoo Finance daily
2015-07-27,us,UNH,,117.87999725341795,118.08999633789062,116.66000366210938,117.87999725341795,3752300,Yahoo Finance daily
2015-07-28,us,UNH,,118.73999786376952,121.56999969482422,118.5,121.5199966430664,5216900,Yahoo Finance daily
2015-07-29,us,UNH,,121.81999969482422,122.11000061035156,120.62000274658205,121.5199966430664,3924400,Yahoo Finance daily
2015-07-30,us,UNH,,121.13999938964844,121.91999816894533,119.5500030517578,120.55999755859376,3732400,Yahoo Finance daily
2015-07-31,us,UNH,,120.47000122070312,122.72000122070312,120.47000122070312,121.4000015258789,3593000,Yahoo Finance daily
2015-08-03,us,UNH,,121.61000061035156,122.16999816894533,120.13999938964844,120.88999938964844,2541300,Yahoo Finance daily
2015-08-04,us,UNH,,121.58000183105467,121.62999725341795,120.2300033569336,120.83999633789062,2058200,Yahoo Finance daily
2015-08-05,us,UNH,,121.76000213623048,124.23999786376952,121.76000213623048,123.91999816894533,3831900,Yahoo Finance daily
2015-08-06,us,UNH,,124.37000274658205,124.63999938964844,121.8000030517578,122.04000091552734,3014900,Yahoo Finance daily
2015-08-07,us,UNH,,121.70999908447266,121.86000061035156,120.26000213623048,121.81999969482422,2276300,Yahoo Finance daily
2015-08-10,us,UNH,,122.5,123.33999633789062,121.94000244140624,122.4800033569336,2480000,Yahoo Finance daily
2015-08-11,us,UNH,,121.2699966430664,123.0199966430664,121.2699966430664,122.26000213623048,2756000,Yahoo Finance daily
2015-08-12,us,UNH,,121.26000213623048,121.77999877929688,119.0500030517578,121.1999969482422,3005300,Yahoo Finance daily
2015-08-13,us,UNH,,121.33000183105467,121.98999786376952,120.29000091552734,120.5199966430664,3253400,Yahoo Finance daily
2015-08-14,us,UNH,,120.56999969482422,121.18000030517578,120.26000213623048,121.0199966430664,2040500,Yahoo Finance daily
2015-08-17,us,UNH,,120.4000015258789,123.9499969482422,120.3000030517578,123.81999969482422,2951800,Yahoo Finance daily
2015-08-18,us,UNH,,123.87999725341795,126.20999908447266,123.81999969482422,125.5,4140200,Yahoo Finance daily
2015-08-19,us,UNH,,124.70999908447266,124.98999786376952,122.8499984741211,123.22000122070312,3411500,Yahoo Finance daily
2015-08-20,us,UNH,,122.23999786376952,122.41999816894533,119.79000091552734,119.79000091552734,3201600,Yahoo Finance daily
2015-08-21,us,UNH,,118.25,118.8000030517578,116.01000213623048,116.27999877929688,5627800,Yahoo Finance daily
2015-08-24,us,UNH,,110.86000061035156,112.43000030517578,95.0,110.43000030517578,8824900,Yahoo Finance daily
2015-08-25,us,UNH,,113.0,114.58999633789062,109.8000030517578,109.9800033569336,8109900,Yahoo Finance daily
2015-08-26,us,UNH,,112.55999755859376,113.83000183105467,110.27999877929688,113.45999908447266,7503200,Yahoo Finance daily
2015-08-27,us,UNH,,115.25,117.83000183105467,114.95999908447266,117.7699966430664,5783700,Yahoo Finance daily
2015-08-28,us,UNH,,117.38999938964844,117.83999633789062,116.0,117.27999877929688,3333100,Yahoo Finance daily
2015-08-31,us,UNH,,117.20999908447266,118.77999877929688,115.16000366210938,115.6999969482422,4087000,Yahoo Finance daily
2015-09-01,us,UNH,,113.36000061035156,114.22000122070312,112.06999969482422,112.62999725341795,4658100,Yahoo Finance daily
2015-09-02,us,UNH,,113.83000183105467,114.5999984741211,112.52999877929688,114.2300033569336,4522100,Yahoo Finance daily
2015-09-03,us,UNH,,114.73999786376952,115.91999816894533,113.45999908447266,113.98999786376952,3137100,Yahoo Finance daily
2015-09-04,us,UNH,,112.5,113.06999969482422,111.26000213623048,112.36000061035156,3394900,Yahoo Finance daily
2015-09-08,us,UNH,,114.12999725341795,116.20999908447266,113.66999816894533,116.08999633789062,3990600,Yahoo Finance daily
2015-09-09,us,UNH,,117.29000091552734,117.72000122070312,114.83000183105467,115.08000183105467,3753500,Yahoo Finance daily
2015-09-10,us,UNH,,114.8499984741211,117.94000244140624,114.7300033569336,116.7699966430664,5525700,Yahoo Finance daily
2015-09-11,us,UNH,,116.16999816894533,118.87000274658205,115.86000061035156,118.6999969482422,3752500,Yahoo Finance daily
2015-09-14,us,UNH,,119.02999877929688,119.5,117.1500015258789,117.8000030517578,2686500,Yahoo Finance daily
2015-09-15,us,UNH,,118.61000061035156,120.61000061035156,117.43000030517578,120.02999877929688,3072100,Yahoo Finance daily
2015-09-16,us,UNH,,120.2699966430664,121.36000061035156,119.5500030517578,121.1500015258789,3475700,Yahoo Finance daily
2015-09-17,us,UNH,,121.5,125.12000274658205,120.9000015258789,123.26000213623048,5466500,Yahoo Finance daily
2015-09-18,us,UNH,,122.20999908447266,123.7699966430664,121.81999969482422,122.47000122070312,7458400,Yahoo Finance daily
2015-09-21,us,UNH,,123.48999786376952,124.2699966430664,121.38999938964844,123.94000244140624,3476700,Yahoo Finance daily
2015-09-22,us,UNH,,121.44000244140624,123.79000091552734,121.44000244140624,122.93000030517578,4566800,Yahoo Finance daily
2015-09-23,us,UNH,,123.0,124.20999908447266,122.04000091552734,123.27999877929688,3131300,Yahoo Finance daily
2015-09-24,us,UNH,,122.3499984741211,122.62999725341795,119.2699966430664,121.08999633789062,4735800,Yahoo Finance daily
2015-09-25,us,UNH,,122.18000030517578,122.41000366210938,115.2300033569336,116.37000274658205,8060200,Yahoo Finance daily
2015-09-28,us,UNH,,115.5500030517578,115.81999969482422,111.01000213623048,112.6999969482422,5727000,Yahoo Finance daily
2015-09-29,us,UNH,,112.88999938964844,114.86000061035156,111.61000061035156,114.22000122070312,5142700,Yahoo Finance daily
2015-09-30,us,UNH,,115.38999938964844,116.91999816894533,114.87999725341795,116.01000213623048,4638600,Yahoo Finance daily
2015-10-01,us,UNH,,115.94000244140624,116.70999908447266,114.91000366210938,116.61000061035156,3768300,Yahoo Finance daily
2015-10-02,us,UNH,,115.13999938964844,118.8499984741211,114.81999969482422,118.83000183105467,3521600,Yahoo Finance daily
2015-10-05,us,UNH,,119.66999816894533,120.33999633789062,118.12999725341795,119.6500015258789,3491200,Yahoo Finance daily
2015-10-06,us,UNH,,119.45999908447266,119.5999984741211,114.66999816894533,116.0500030517578,4652000,Yahoo Finance daily
2015-10-07,us,UNH,,116.45999908447266,116.80999755859376,114.5999984741211,116.43000030517578,4282000,Yahoo Finance daily
2015-10-08,us,UNH,,116.43000030517578,116.94000244140624,114.9000015258789,116.08000183105467,3646500,Yahoo Finance daily
2015-10-09,us,UNH,,115.98999786376952,119.47000122070312,115.95999908447266,119.2699966430664,4485100,Yahoo Finance daily
2015-10-12,us,UNH,,119.01000213623048,123.06999969482422,118.55999755859376,122.51000213623048,5840000,Yahoo Finance daily
2015-10-13,us,UNH,,123.16000366210938,125.98999786376952,121.58999633789062,123.98999786376952,6655700,Yahoo Finance daily
2015-10-14,us,UNH,,123.8499984741211,125.0,120.83999633789062,122.06999969482422,5592200,Yahoo Finance daily
2015-10-15,us,UNH,,119.0,120.5,115.95999908447266,120.16999816894533,8012400,Yahoo Finance daily
2015-10-16,us,UNH,,120.8499984741211,120.8499984741211,118.58000183105467,119.9800033569336,4416500,Yahoo Finance daily
2015-10-19,us,UNH,,119.77999877929688,120.91000366210938,119.1999969482422,120.7300033569336,3707500,Yahoo Finance daily
2015-10-20,us,UNH,,120.63999938964844,121.56999969482422,119.69000244140624,120.41999816894533,3278400,Yahoo Finance daily
2015-10-21,us,UNH,,120.69000244140624,120.8000030517578,115.2699966430664,118.11000061035156,5305600,Yahoo Finance daily
2015-10-22,us,UNH,,118.20999908447266,119.02999877929688,110.06999969482422,113.80999755859376,10475000,Yahoo Finance daily
2015-10-23,us,UNH,,114.4499969482422,116.62000274658205,114.04000091552734,115.91999816894533,5497500,Yahoo Finance daily
2015-10-26,us,UNH,,115.91999816894533,117.0,115.0,116.52999877929688,3377100,Yahoo Finance daily
2015-10-27,us,UNH,,116.38999938964844,119.5199966430664,115.9000015258789,119.37000274658205,4008400,Yahoo Finance daily
2015-10-28,us,UNH,,119.76000213623048,120.13999938964844,115.91000366210938,119.77999877929688,4405500,Yahoo Finance daily
2015-10-29,us,UNH,,119.79000091552734,121.66999816894533,119.5,119.70999908447266,3257500,Yahoo Finance daily
2015-10-30,us,UNH,,119.93000030517578,120.37000274658205,117.77999877929688,117.77999877929688,4237800,Yahoo Finance daily
2015-11-02,us,UNH,,118.63999938964844,119.9499969482422,117.83999633789062,118.69000244140624,3874200,Yahoo Finance daily
2015-11-03,us,UNH,,118.16999816894533,118.45999908447266,116.25,117.66000366210938,2758200,Yahoo Finance daily
2015-11-04,us,UNH,,117.5999984741211,117.75,114.05999755859376,114.63999938964844,5396100,Yahoo Finance daily
2015-11-05,us,UNH,,114.9800033569336,116.7699966430664,113.62999725341795,116.2300033569336,4009100,Yahoo Finance daily
2015-11-06,us,UNH,,115.2300033569336,115.8000030517578,114.01000213623048,114.80999755859376,4106900,Yahoo Finance daily
2015-11-09,us,UNH,,114.12999725341795,114.63999938964844,113.01000213623048,114.26000213623048,2755100,Yahoo Finance daily
2015-11-10,us,UNH,,114.2699966430664,116.1999969482422,114.02999877929688,115.88999938964844,2842600,Yahoo Finance daily
2015-11-11,us,UNH,,116.3499984741211,116.86000061035156,114.3499984741211,114.54000091552734,2374200,Yahoo Finance daily
2015-11-12,us,UNH,,113.76000213623048,114.73999786376952,112.52999877929688,112.81999969482422,3341300,Yahoo Finance daily
2015-11-13,us,UNH,,112.48999786376952,113.0199966430664,111.18000030517578,111.41000366210938,3767300,Yahoo Finance daily
2015-11-16,us,UNH,,110.9000015258789,114.13999938964844,110.79000091552734,113.81999969482422,2450000,Yahoo Finance daily
2015-11-17,us,UNH,,113.7300033569336,115.44000244140624,113.16999816894533,114.38999938964844,1981400,Yahoo Finance daily
2015-11-18,us,UNH,,114.25,117.52999877929688,113.75,117.25,3319900,Yahoo Finance daily
2015-11-19,us,UNH,,109.79000091552734,113.70999908447266,109.61000061035156,110.62999725341795,15731900,Yahoo Finance daily
2015-11-20,us,UNH,,110.88999938964844,114.44000244140624,110.5999984741211,112.97000122070312,7059400,Yahoo Finance daily
2015-11-23,us,UNH,,112.97000122070312,114.48999786376952,112.0999984741211,112.16000366210938,3780400,Yahoo Finance daily
2015-11-24,us,UNH,,111.37999725341795,113.4499969482422,111.05999755859376,113.19000244140624,3244800,Yahoo Finance daily
2015-11-25,us,UNH,,113.47000122070312,115.0500030517578,113.0,114.41000366210938,2959200,Yahoo Finance daily
2015-11-27,us,UNH,,114.48999786376952,115.9000015258789,114.08000183105467,114.33999633789062,1740400,Yahoo Finance daily
2015-11-30,us,UNH,,114.55999755859376,114.81999969482422,112.62000274658205,112.70999908447266,4605200,Yahoo Finance daily
2015-12-01,us,UNH,,113.52999877929688,116.37000274658205,113.0500030517578,116.26000213623048,5467000,Yahoo Finance daily
2015-12-02,us,UNH,,116.23999786376952,119.37999725341795,116.11000061035156,117.63999938964844,6071100,Yahoo Finance daily
2015-12-03,us,UNH,,117.8000030517578,118.27999877929688,114.43000030517578,115.0,4286600,Yahoo Finance daily
2015-12-04,us,UNH,,115.58999633789062,118.25,115.23999786376952,117.73999786376952,3588200,Yahoo Finance daily
2015-12-07,us,UNH,,117.88999938964844,117.88999938964844,115.1999969482422,115.91000366210938,3164300,Yahoo Finance daily
2015-12-08,us,UNH,,114.9499969482422,116.3499984741211,113.9499969482422,115.87999725341795,3551900,Yahoo Finance daily
2015-12-09,us,UNH,,115.4000015258789,116.81999969482422,114.66000366210938,115.0500030517578,3839100,Yahoo Finance daily
2015-12-10,us,UNH,,115.0500030517578,117.0500030517578,114.33999633789062,116.20999908447266,3202600,Yahoo Finance daily
2015-12-11,us,UNH,,116.20999908447266,117.33999633789062,114.62000274658205,115.9800033569336,3830800,Yahoo Finance daily
2015-12-14,us,UNH,,115.87999725341795,116.73999786376952,114.43000030517578,115.8499984741211,3867200,Yahoo Finance daily
2015-12-15,us,UNH,,116.87000274658205,118.5,116.66000366210938,117.61000061035156,3124100,Yahoo Finance daily
2015-12-16,us,UNH,,118.3000030517578,119.76000213623048,116.9000015258789,118.83000183105467,3516900,Yahoo Finance daily
2015-12-17,us,UNH,,118.83000183105467,121.08999633789062,118.63999938964844,119.22000122070312,3945800,Yahoo Finance daily
2015-12-18,us,UNH,,118.61000061035156,118.86000061035156,115.81999969482422,115.81999969482422,7574800,Yahoo Finance daily
2015-12-21,us,UNH,,116.56999969482422,117.7699966430664,116.0,117.41000366210938,3185200,Yahoo Finance daily
2015-12-22,us,UNH,,118.19000244140624,118.33999633789062,116.20999908447266,117.44000244140624,2821600,Yahoo Finance daily
2015-12-23,us,UNH,,117.9000015258789,118.83000183105467,117.5500030517578,118.69000244140624,2479600,Yahoo Finance daily
2015-12-24,us,UNH,,118.52999877929688,119.18000030517578,118.29000091552734,118.33999633789062,900100,Yahoo Finance daily
2015-12-28,us,UNH,,118.26000213623048,118.61000061035156,117.37999725341795,118.33000183105467,1582600,Yahoo Finance daily
2015-12-29,us,UNH,,118.87000274658205,120.41000366210938,118.6999969482422,119.81999969482422,2027600,Yahoo Finance daily
2015-12-30,us,UNH,,120.02999877929688,120.11000061035156,118.66000366210938,118.91999816894533,1747700,Yahoo Finance daily
2015-12-31,us,UNH,,118.63999938964844,119.37000274658205,117.36000061035156,117.63999938964844,2372500,Yahoo Finance daily
2016-01-04,us,UNH,,116.91000366210938,116.91000366210938,114.52999877929688,116.45999908447266,4991000,Yahoo Finance daily
2016-01-05,us,UNH,,116.72000122070312,117.88999938964844,116.20999908447266,116.68000030517578,2816800,Yahoo Finance daily
2016-01-06,us,UNH,,115.77999877929688,116.6500015258789,114.5,115.48999786376952,2677300,Yahoo Finance daily
2016-01-07,us,UNH,,113.62999725341795,114.08999633789062,111.41999816894533,112.08999633789062,5277200,Yahoo Finance daily
2016-01-08,us,UNH,,112.3499984741211,113.0,109.76000213623048,110.16000366210938,4422400,Yahoo Finance daily
2016-01-11,us,UNH,,110.51000213623048,110.62000274658205,108.19000244140624,109.58000183105467,4525800,Yahoo Finance daily
2016-01-12,us,UNH,,110.36000061035156,113.12999725341795,110.0500030517578,112.26000213623048,4037800,Yahoo Finance daily
2016-01-13,us,UNH,,112.41000366210938,113.04000091552734,108.93000030517578,109.2300033569336,3434300,Yahoo Finance daily
2016-01-14,us,UNH,,108.73999786376952,111.8000030517578,107.51000213623048,110.76000213623048,4238200,Yahoo Finance daily
2016-01-15,us,UNH,,109.08000183105467,110.6500015258789,107.79000091552734,109.2699966430664,6357000,Yahoo Finance daily
2016-01-19,us,UNH,,111.48999786376952,114.16000366210938,109.5999984741211,112.58000183105467,7122800,Yahoo Finance daily
2016-01-20,us,UNH,,112.08999633789062,115.73999786376952,110.1500015258789,114.79000091552734,8380700,Yahoo Finance daily
2016-01-21,us,UNH,,114.66999816894533,115.4800033569336,112.26000213623048,113.5,5413900,Yahoo Finance daily
2016-01-22,us,UNH,,114.66999816894533,115.1500015258789,113.88999938964844,114.33000183105467,3622200,Yahoo Finance daily
2016-01-25,us,UNH,,114.5199966430664,115.30999755859376,112.8499984741211,113.37999725341795,2908500,Yahoo Finance daily
2016-01-26,us,UNH,,112.91000366210938,114.18000030517578,111.76000213623048,113.95999908447266,4592500,Yahoo Finance daily
2016-01-27,us,UNH,,114.43000030517578,114.80999755859376,111.83999633789062,112.33000183105467,4720300,Yahoo Finance daily
2016-01-28,us,UNH,,112.29000091552734,113.25,110.61000061035156,111.37999725341795,3525600,Yahoo Finance daily
2016-01-29,us,UNH,,111.93000030517578,115.16000366210938,110.62000274658205,115.16000366210938,5280800,Yahoo Finance daily
2016-02-01,us,UNH,,114.83000183105467,116.1500015258789,114.11000061035156,115.88999938964844,4333500,Yahoo Finance daily
2016-02-02,us,UNH,,114.9499969482422,115.38999938964844,113.2699966430664,113.87999725341795,2997700,Yahoo Finance daily
2016-02-03,us,UNH,,114.37000274658205,114.37000274658205,110.3000030517578,112.75,3462300,Yahoo Finance daily
2016-02-04,us,UNH,,112.66999816894533,114.5500030517578,112.04000091552734,114.1999969482422,3608300,Yahoo Finance daily
2016-02-05,us,UNH,,114.06999969482422,114.20999908447266,110.9000015258789,111.72000122070312,3330800,Yahoo Finance daily
2016-02-08,us,UNH,,110.5,111.12000274658205,108.83000183105467,110.0199966430664,5050200,Yahoo Finance daily
2016-02-09,us,UNH,,109.37000274658205,112.27999877929688,109.13999938964844,111.16000366210938,3680200,Yahoo Finance daily
2016-02-10,us,UNH,,111.33000183105467,114.4800033569336,111.33000183105467,112.73999786376952,3023200,Yahoo Finance daily
2016-02-11,us,UNH,,111.31999969482422,111.69000244140624,110.08999633789062,110.62000274658205,3955000,Yahoo Finance daily
2016-02-12,us,UNH,,111.1999969482422,111.91000366210938,110.20999908447266,111.81999969482422,2552100,Yahoo Finance daily
2016-02-16,us,UNH,,112.62999725341795,115.2699966430664,112.52999877929688,115.1500015258789,3445700,Yahoo Finance daily
2016-02-17,us,UNH,,115.5,118.38999938964844,115.1999969482422,118.3000030517578,4466000,Yahoo Finance daily
2016-02-18,us,UNH,,118.5,120.0,117.05999755859376,117.4499969482422,3847100,Yahoo Finance daily
2016-02-19,us,UNH,,117.5,118.5500030517578,116.0199966430664,117.68000030517578,4481400,Yahoo Finance daily
2016-02-22,us,UNH,,119.0999984741211,122.13999938964844,118.95999908447266,121.2699966430664,5054800,Yahoo Finance daily
2016-02-23,us,UNH,,120.63999938964844,121.8000030517578,120.2699966430664,121.1500015258789,2804400,Yahoo Finance daily
2016-02-24,us,UNH,,119.93000030517578,120.31999969482422,117.83000183105467,120.1999969482422,2559700,Yahoo Finance daily
2016-02-25,us,UNH,,120.1999969482422,121.2300033569336,119.81999969482422,121.1999969482422,2281700,Yahoo Finance daily
2016-02-26,us,UNH,,121.4800033569336,122.26000213623048,120.88999938964844,121.33000183105467,2877500,Yahoo Finance daily
2016-02-29,us,UNH,,121.0999984741211,121.81999969482422,118.97000122070312,119.0999984741211,4526300,Yahoo Finance daily
2016-03-01,us,UNH,,119.48999786376952,122.22000122070312,119.37000274658205,121.66999816894533,3295600,Yahoo Finance daily
2016-03-02,us,UNH,,121.2300033569336,121.83999633789062,120.37000274658205,121.2699966430664,2670900,Yahoo Finance daily
2016-03-03,us,UNH,,120.86000061035156,121.86000061035156,120.08999633789062,121.81999969482422,3064100,Yahoo Finance daily
2016-03-04,us,UNH,,121.31999969482422,122.19000244140624,120.73999786376952,121.8000030517578,2873900,Yahoo Finance daily
2016-03-07,us,UNH,,121.08000183105467,122.73999786376952,120.9000015258789,121.76000213623048,2315400,Yahoo Finance daily
2016-03-08,us,UNH,,121.27999877929688,122.31999969482422,120.7300033569336,121.66000366210938,2522000,Yahoo Finance daily
2016-03-09,us,UNH,,121.87999725341795,122.12000274658205,120.4499969482422,121.0999984741211,2094000,Yahoo Finance daily
2016-03-10,us,UNH,,121.1999969482422,122.76000213623048,120.41000366210938,122.08999633789062,2638200,Yahoo Finance daily
2016-03-11,us,UNH,,122.47000122070312,125.31999969482422,122.25,125.0999984741211,3766200,Yahoo Finance daily
2016-03-14,us,UNH,,124.8000030517578,126.0199966430664,124.36000061035156,125.22000122070312,2856400,Yahoo Finance daily
2016-03-15,us,UNH,,124.54000091552734,125.47000122070312,124.08000183105467,124.8499984741211,2610300,Yahoo Finance daily
2016-03-16,us,UNH,,124.38999938964844,125.5500030517578,124.0999984741211,124.9000015258789,2140900,Yahoo Finance daily
2016-03-17,us,UNH,,124.61000061035156,124.95999908447266,122.22000122070312,124.52999877929688,3911400,Yahoo Finance daily
2016-03-18,us,UNH,,124.86000061035156,127.08000183105467,124.52999877929688,126.72000122070312,6948400,Yahoo Finance daily
2016-03-21,us,UNH,,126.23999786376952,127.0,125.68000030517578,126.73999786376952,2667000,Yahoo Finance daily
2016-03-22,us,UNH,,126.6500015258789,128.82000732421875,126.0199966430664,128.02000427246094,3984000,Yahoo Finance daily
2016-03-23,us,UNH,,128.14999389648438,130.35000610351562,128.02000427246094,129.7899932861328,6166400,Yahoo Finance daily
2016-03-24,us,UNH,,128.97000122070312,130.32000732421875,127.16999816894533,128.58999633789062,4153900,Yahoo Finance daily
2016-03-28,us,UNH,,128.82000732421875,129.5,128.00999450683594,128.9199981689453,1955100,Yahoo Finance daily
2016-03-29,us,UNH,,129.27000427246094,130.08999633789062,128.5399932861328,129.8300018310547,2463100,Yahoo Finance daily
2016-03-30,us,UNH,,130.08999633789062,131.10000610351562,129.38999938964844,129.67999267578125,2578500,Yahoo Finance daily
2016-03-31,us,UNH,,129.63999938964844,129.97000122070312,128.2899932861328,128.89999389648438,3181800,Yahoo Finance daily
2016-04-01,us,UNH,,128.69000244140625,130.44000244140625,128.36000061035156,129.9199981689453,3901700,Yahoo Finance daily
2016-04-04,us,UNH,,130.5,130.6999969482422,128.8800048828125,129.49000549316406,2812400,Yahoo Finance daily
2016-04-05,us,UNH,,128.9499969482422,129.4600067138672,126.9000015258789,127.04000091552734,4440000,Yahoo Finance daily
2016-04-06,us,UNH,,127.2300033569336,128.4199981689453,126.87999725341795,128.02999877929688,3021400,Yahoo Finance daily
2016-04-07,us,UNH,,127.51000213623048,128.44000244140625,126.2300033569336,126.87000274658205,3186600,Yahoo Finance daily
2016-04-08,us,UNH,,127.19000244140624,128.14999389648438,125.26000213623048,125.68000030517578,3642300,Yahoo Finance daily
2016-04-11,us,UNH,,125.83000183105467,126.94000244140624,125.83000183105467,126.33000183105467,3119200,Yahoo Finance daily
2016-04-12,us,UNH,,126.3000030517578,127.36000061035156,125.4000015258789,126.8000030517578,2887200,Yahoo Finance daily
2016-04-13,us,UNH,,127.6500015258789,128.66000366210938,127.2699966430664,127.76000213623048,2592400,Yahoo Finance daily
2016-04-14,us,UNH,,127.72000122070312,128.57000732421875,127.55999755859376,127.9800033569336,1674600,Yahoo Finance daily
2016-04-15,us,UNH,,127.88999938964844,128.05999755859375,126.22000122070312,127.33000183105467,2835200,Yahoo Finance daily
2016-04-18,us,UNH,,126.87999725341795,128.02999877929688,126.5999984741211,127.80999755859376,2717400,Yahoo Finance daily
2016-04-19,us,UNH,,130.08999633789062,131.3000030517578,129.1199951171875,130.5,4340100,Yahoo Finance daily
2016-04-20,us,UNH,,131.2899932861328,135.11000061035156,130.89999389648438,133.92999267578125,7321000,Yahoo Finance daily
2016-04-21,us,UNH,,133.55999755859375,134.0,132.42999267578125,132.9600067138672,3786000,Yahoo Finance daily
2016-04-22,us,UNH,,133.72000122070312,134.3300018310547,133.0500030517578,134.1300048828125,2782800,Yahoo Finance daily
2016-04-25,us,UNH,,133.7100067138672,134.07000732421875,132.58999633789062,133.77999877929688,2702100,Yahoo Finance daily
2016-04-26,us,UNH,,133.97000122070312,134.61000061035156,133.0,134.24000549316406,2638000,Yahoo Finance daily
2016-04-27,us,UNH,,134.33999633789062,134.5800018310547,131.89999389648438,132.8000030517578,3358800,Yahoo Finance daily
2016-04-28,us,UNH,,132.7899932861328,134.38999938964844,131.69000244140625,132.07000732421875,3332800,Yahoo Finance daily
2016-04-29,us,UNH,,131.05999755859375,131.8800048828125,128.92999267578125,131.67999267578125,4161100,Yahoo Finance daily
2016-05-02,us,UNH,,132.61000061035156,132.92999267578125,130.9199981689453,132.10000610351562,2887700,Yahoo Finance daily
2016-05-03,us,UNH,,131.3699951171875,133.22999572753906,131.1300048828125,132.4600067138672,3632300,Yahoo Finance daily
2016-05-04,us,UNH,,131.02000427246094,132.41000366210938,130.58999633789062,132.02999877929688,2909300,Yahoo Finance daily
2016-05-05,us,UNH,,132.0500030517578,133.27999877929688,131.85000610351562,132.30999755859375,2054700,Yahoo Finance daily
2016-05-06,us,UNH,,132.08999633789062,132.27999877929688,130.60000610351562,132.0399932861328,2618600,Yahoo Finance daily
2016-05-09,us,UNH,,131.75,133.58999633789062,131.57000732421875,132.6699981689453,2191800,Yahoo Finance daily
2016-05-10,us,UNH,,132.9199981689453,133.60000610351562,132.5800018310547,133.57000732421875,2223500,Yahoo Finance daily
2016-05-11,us,UNH,,133.74000549316406,134.0,130.5800018310547,130.69000244140625,3450800,Yahoo Finance daily
2016-05-12,us,UNH,,131.0,131.2899932861328,128.75,129.74000549316406,3210400,Yahoo Finance daily
2016-05-13,us,UNH,,129.10000610351562,130.02999877929688,128.5500030517578,129.0,3137300,Yahoo Finance daily
2016-05-16,us,UNH,,128.75,130.86000061035156,128.52999877929688,130.63999938964844,2466000,Yahoo Finance daily
2016-05-17,us,UNH,,130.57000732421875,131.22000122070312,128.99000549316406,129.55999755859375,2294500,Yahoo Finance daily
2016-05-18,us,UNH,,129.11000061035156,131.27000427246094,128.92999267578125,130.50999450683594,2246400,Yahoo Finance daily
2016-05-19,us,UNH,,129.69000244140625,131.1199951171875,128.75999450683594,130.0,2756000,Yahoo Finance daily
2016-05-20,us,UNH,,130.6300048828125,131.7899932861328,130.1999969482422,130.94000244140625,2538100,Yahoo Finance daily
2016-05-23,us,UNH,,130.1300048828125,131.1999969482422,130.00999450683594,130.4199981689453,3036500,Yahoo Finance daily
2016-05-24,us,UNH,,130.75999450683594,132.99000549316406,130.30999755859375,132.58999633789062,2702400,Yahoo Finance daily
2016-05-25,us,UNH,,133.2100067138672,134.3000030517578,132.77999877929688,133.4199981689453,2211300,Yahoo Finance daily
2016-05-26,us,UNH,,133.5,133.9600067138672,132.66000366210938,132.97999572753906,1499300,Yahoo Finance daily
2016-05-27,us,UNH,,132.97999572753906,134.52999877929688,132.9600067138672,134.0,1833400,Yahoo Finance daily
2016-05-31,us,UNH,,134.60000610351562,134.75,133.47999572753906,133.6699981689453,3634100,Yahoo Finance daily
2016-06-01,us,UNH,,133.5800018310547,134.85000610351562,133.02000427246094,134.52999877929688,2618000,Yahoo Finance daily
2016-06-02,us,UNH,,134.25999450683594,136.14999389648438,134.00999450683594,136.0399932861328,4015000,Yahoo Finance daily
2016-06-03,us,UNH,,135.61000061035156,137.1199951171875,135.14999389648438,136.83999633789062,3625600,Yahoo Finance daily
2016-06-06,us,UNH,,136.9199981689453,138.38999938964844,136.50999450683594,138.14999389648438,2959900,Yahoo Finance daily
2016-06-07,us,UNH,,138.16000366210938,138.5,136.8800048828125,136.94000244140625,2943200,Yahoo Finance daily
2016-06-08,us,UNH,,137.27000427246094,140.88999938964844,137.0,140.39999389648438,6180800,Yahoo Finance daily
2016-06-09,us,UNH,,140.49000549316406,140.8699951171875,139.5399932861328,140.67999267578125,3682400,Yahoo Finance daily
2016-06-10,us,UNH,,140.25,140.38999938964844,138.63999938964844,139.24000549316406,2805800,Yahoo Finance daily
2016-06-13,us,UNH,,139.0,140.1300048828125,138.0800018310547,138.08999633789062,2804300,Yahoo Finance daily
2016-06-14,us,UNH,,137.8800048828125,138.25999450683594,137.33999633789062,137.8699951171875,2970700,Yahoo Finance daily
2016-06-15,us,UNH,,137.74000549316406,138.1699981689453,137.0500030517578,137.25999450683594,2369400,Yahoo Finance daily
2016-06-16,us,UNH,,137.2100067138672,138.88999938964844,136.3800048828125,138.66000366210938,3176100,Yahoo Finance daily
2016-06-17,us,UNH,,138.75999450683594,138.85000610351562,136.5500030517578,137.69000244140625,4430900,Yahoo Finance daily
2016-06-20,us,UNH,,139.22000122070312,139.83999633789062,138.13999938964844,138.52000427246094,3731700,Yahoo Finance daily
2016-06-21,us,UNH,,139.1999969482422,139.22999572753906,138.07000732421875,138.19000244140625,2021400,Yahoo Finance daily
2016-06-22,us,UNH,,138.4499969482422,139.5399932861328,137.6300048828125,137.89999389648438,2375200,Yahoo Finance daily
2016-06-23,us,UNH,,139.35000610351562,139.97999572753906,138.00999450683594,139.19000244140625,2646800,Yahoo Finance daily
2016-06-24,us,UNH,,135.66000366210938,138.6199951171875,135.14999389648438,137.2899932861328,4475100,Yahoo Finance daily
2016-06-27,us,UNH,,136.14999389648438,137.38999938964844,135.47999572753906,137.11000061035156,3996200,Yahoo Finance daily
2016-06-28,us,UNH,,138.2100067138672,139.08999633789062,137.64999389648438,138.7100067138672,4160200,Yahoo Finance daily
2016-06-29,us,UNH,,139.8000030517578,140.67999267578125,139.60000610351562,140.52000427246094,3704500,Yahoo Finance daily
2016-06-30,us,UNH,,140.67999267578125,141.30999755859375,140.24000549316406,141.1999969482422,4730800,Yahoo Finance daily
2016-07-01,us,UNH,,141.16000366210938,141.7899932861328,140.6199951171875,140.86000061035156,2882500,Yahoo Finance daily
2016-07-05,us,UNH,,140.14999389648438,141.91000366210938,140.02999877929688,141.55999755859375,3749300,Yahoo Finance daily
2016-07-06,us,UNH,,140.97999572753906,142.9600067138672,140.97000122070312,142.3800048828125,4083300,Yahoo Finance daily
2016-07-07,us,UNH,,142.3699951171875,142.66000366210938,139.9499969482422,140.8000030517578,3515500,Yahoo Finance daily
2016-07-08,us,UNH,,141.6999969482422,141.77999877929688,139.5500030517578,141.27000427246094,3605500,Yahoo Finance daily
2016-07-11,us,UNH,,141.27000427246094,141.60000610351562,140.00999450683594,140.32000732421875,4084000,Yahoo Finance daily
2016-07-12,us,UNH,,140.88999938964844,140.9499969482422,139.3699951171875,139.86000061035156,4310100,Yahoo Finance daily
2016-07-13,us,UNH,,140.9600067138672,141.58999633789062,139.9199981689453,141.47999572753906,3164700,Yahoo Finance daily
2016-07-14,us,UNH,,142.38999938964844,142.85000610351562,140.47000122070312,140.83999633789062,3000700,Yahoo Finance daily
2016-07-15,us,UNH,,141.64999389648438,142.77999877929688,141.05999755859375,141.3300018310547,3748700,Yahoo Finance daily
2016-07-18,us,UNH,,141.75999450683594,141.89999389648438,139.6199951171875,140.75,4166300,Yahoo Finance daily
2016-07-19,us,UNH,,140.75,142.6300048828125,139.32000732421875,142.58999633789062,5326200,Yahoo Finance daily
2016-07-20,us,UNH,,143.47000122070312,144.47999572753906,142.80999755859375,143.02000427246094,5489800,Yahoo Finance daily
2016-07-21,us,UNH,,142.7100067138672,143.72999572753906,142.1300048828125,142.8699951171875,3475100,Yahoo Finance daily
2016-07-22,us,UNH,,143.69000244140625,144.0500030517578,142.9199981689453,143.69000244140625,2697500,Yahoo Finance daily
2016-07-25,us,UNH,,143.5500030517578,143.88999938964844,141.41000366210938,141.72999572753906,2725600,Yahoo Finance daily
2016-07-26,us,UNH,,141.94000244140625,142.19000244140625,141.02000427246094,141.6999969482422,2668100,Yahoo Finance daily
2016-07-27,us,UNH,,141.1699981689453,142.33999633789062,139.91000366210938,141.67999267578125,2684100,Yahoo Finance daily
2016-07-28,us,UNH,,141.36000061035156,143.02999877929688,141.19000244140625,142.75999450683594,2517000,Yahoo Finance daily
2016-07-29,us,UNH,,141.85000610351562,143.89999389648438,141.60000610351562,143.1999969482422,3269700,Yahoo Finance daily
2016-08-01,us,UNH,,143.4199981689453,144.16000366210938,143.0399932861328,143.50999450683594,2494900,Yahoo Finance daily
2016-08-02,us,UNH,,143.80999755859375,143.97000122070312,142.33999633789062,143.1699981689453,2679100,Yahoo Finance daily
2016-08-03,us,UNH,,143.3300018310547,143.6199951171875,142.42999267578125,142.8800048828125,1963600,Yahoo Finance daily
2016-08-04,us,UNH,,143.10000610351562,143.47999572753906,142.25999450683594,142.7100067138672,1890900,Yahoo Finance daily
2016-08-05,us,UNH,,143.3300018310547,143.5399932861328,142.39999389648438,142.99000549316406,2000100,Yahoo Finance daily
2016-08-08,us,UNH,,142.61000061035156,143.07000732421875,141.86000061035156,142.1300048828125,1846400,Yahoo Finance daily
2016-08-09,us,UNH,,142.5500030517578,143.1300048828125,141.67999267578125,141.82000732421875,2140700,Yahoo Finance daily
2016-08-10,us,UNH,,141.8699951171875,142.33999633789062,140.92999267578125,142.19000244140625,1866300,Yahoo Finance daily
2016-08-11,us,UNH,,142.24000549316406,143.05999755859375,141.44000244140625,142.6300048828125,1857500,Yahoo Finance daily
2016-08-12,us,UNH,,142.16000366210938,143.13999938964844,141.5,142.8800048828125,1787900,Yahoo Finance daily
2016-08-15,us,UNH,,142.9600067138672,143.11000061035156,141.49000549316406,141.6199951171875,2369600,Yahoo Finance daily
2016-08-16,us,UNH,,141.14999389648438,141.6199951171875,140.3300018310547,141.0800018310547,1688500,Yahoo Finance daily
2016-08-17,us,UNH,,141.2899932861328,141.91000366210938,140.66000366210938,141.7100067138672,1849100,Yahoo Finance daily
2016-08-18,us,UNH,,141.6699981689453,142.83999633789062,141.27000427246094,142.1699981689453,1572700,Yahoo Finance daily
2016-08-19,us,UNH,,141.64999389648438,142.25,141.22000122070312,142.0399932861328,1950200,Yahoo Finance daily
2016-08-22,us,UNH,,142.11000061035156,143.0,141.7100067138672,142.08999633789062,1587900,Yahoo Finance daily
2016-08-23,us,UNH,,142.72999572753906,142.8699951171875,141.75,142.00999450683594,2295500,Yahoo Finance daily
2016-08-24,us,UNH,,142.0,142.0800018310547,139.50999450683594,139.8699951171875,2529800,Yahoo Finance daily
2016-08-25,us,UNH,,139.75,139.75,137.02999877929688,137.3000030517578,3891000,Yahoo Finance daily
2016-08-26,us,UNH,,137.6699981689453,138.3000030517578,135.99000549316406,136.6199951171875,3082400,Yahoo Finance daily
2016-08-29,us,UNH,,137.1999969482422,138.0399932861328,136.47999572753906,137.27000427246094,2315900,Yahoo Finance daily
2016-08-30,us,UNH,,137.27000427246094,137.69000244140625,136.24000549316406,136.8699951171875,2026600,Yahoo Finance daily
2016-08-31,us,UNH,,136.5500030517578,136.82000732421875,135.5500030517578,136.0500030517578,2837300,Yahoo Finance daily
2016-09-01,us,UNH,,136.82000732421875,136.97999572753906,135.35000610351562,135.74000549316406,2765400,Yahoo Finance daily
2016-09-02,us,UNH,,136.5,136.77999877929688,135.75999450683594,136.61000061035156,2390500,Yahoo Finance daily
2016-09-06,us,UNH,,136.6199951171875,136.85000610351562,135.6300048828125,135.97000122070312,2242400,Yahoo Finance daily
2016-09-07,us,UNH,,135.0,135.9600067138672,134.1999969482422,134.99000549316406,2816300,Yahoo Finance daily
2016-09-08,us,UNH,,134.47000122070312,135.6199951171875,134.41000366210938,135.44000244140625,2826700,Yahoo Finance daily
2016-09-09,us,UNH,,134.7100067138672,135.14999389648438,133.6199951171875,133.6199951171875,3322300,Yahoo Finance daily
2016-09-12,us,UNH,,132.7100067138672,135.72000122070312,132.38999938964844,135.52999877929688,3457400,Yahoo Finance daily
2016-09-13,us,UNH,,134.24000549316406,135.14999389648438,133.3699951171875,133.9499969482422,3331500,Yahoo Finance daily
2016-09-14,us,UNH,,133.8699951171875,134.69000244140625,132.97999572753906,133.69000244140625,4592400,Yahoo Finance daily
2016-09-15,us,UNH,,133.02999877929688,136.08999633789062,132.8800048828125,135.61000061035156,3302900,Yahoo Finance daily
2016-09-16,us,UNH,,135.61000061035156,138.5500030517578,135.52999877929688,138.47000122070312,7421900,Yahoo Finance daily
2016-09-19,us,UNH,,138.67999267578125,139.38999938964844,137.52000427246094,137.67999267578125,3239500,Yahoo Finance daily
2016-09-20,us,UNH,,138.1300048828125,138.52999877929688,137.05999755859375,137.47000122070312,2425700,Yahoo Finance daily
2016-09-21,us,UNH,,138.1999969482422,139.9600067138672,137.99000549316406,139.91000366210938,3506600,Yahoo Finance daily
2016-09-22,us,UNH,,140.49000549316406,141.41000366210938,140.3300018310547,141.0399932861328,3018300,Yahoo Finance daily
2016-09-23,us,UNH,,141.02000427246094,141.77999877929688,140.36000061035156,140.50999450683594,2802000,Yahoo Finance daily
2016-09-26,us,UNH,,139.9499969482422,140.1699981689453,138.89999389648438,139.72000122070312,2636500,Yahoo Finance daily
2016-09-27,us,UNH,,139.99000549316406,140.83999633789062,138.69000244140625,140.7899932861328,3048600,Yahoo Finance daily
2016-09-28,us,UNH,,141.1300048828125,141.7100067138672,139.66000366210938,140.41000366210938,1990400,Yahoo Finance daily
2016-09-29,us,UNH,,140.17999267578125,140.27999877929688,137.83999633789062,138.32000732421875,2201000,Yahoo Finance daily
2016-09-30,us,UNH,,139.17999267578125,140.47999572753906,138.4199981689453,140.0,4164100,Yahoo Finance daily
2016-10-03,us,UNH,,139.35000610351562,139.72000122070312,138.02999877929688,138.49000549316406,2724400,Yahoo Finance daily
2016-10-04,us,UNH,,138.69000244140625,139.36000061035156,137.16000366210938,138.16000366210938,2452600,Yahoo Finance daily
2016-10-05,us,UNH,,138.2100067138672,138.92999267578125,136.60000610351562,137.60000610351562,4625600,Yahoo Finance daily
2016-10-06,us,UNH,,137.30999755859375,137.49000549316406,135.66000366210938,136.47000122070312,4025300,Yahoo Finance daily
2016-10-07,us,UNH,,137.2100067138672,137.5500030517578,135.97999572753906,136.66000366210938,2568700,Yahoo Finance daily
2016-10-10,us,UNH,,136.97000122070312,138.35000610351562,136.97000122070312,138.0800018310547,2586000,Yahoo Finance daily
2016-10-11,us,UNH,,137.32000732421875,137.69000244140625,134.3699951171875,134.75,3353600,Yahoo Finance daily
2016-10-12,us,UNH,,134.97999572753906,135.72000122070312,133.63999938964844,135.10000610351562,4287900,Yahoo Finance daily
2016-10-13,us,UNH,,134.64999389648438,134.64999389648438,133.61000061035156,134.19000244140625,3425700,Yahoo Finance daily
2016-10-14,us,UNH,,134.77999877929688,135.50999450683594,133.88999938964844,133.9199981689453,3452900,Yahoo Finance daily
2016-10-17,us,UNH,,134.05999755859375,134.42999267578125,133.02999877929688,134.1300048828125,3602500,Yahoo Finance daily
2016-10-18,us,UNH,,139.1999969482422,143.9499969482422,137.8699951171875,143.38999938964844,10141900,Yahoo Finance daily
2016-10-19,us,UNH,,143.82000732421875,146.36000061035156,142.82000732421875,144.3699951171875,5796000,Yahoo Finance daily
2016-10-20,us,UNH,,144.49000549316406,145.8800048828125,143.97999572753906,145.07000732421875,5203700,Yahoo Finance daily
2016-10-21,us,UNH,,144.25999450683594,145.44000244140625,143.75999450683594,145.3699951171875,3331800,Yahoo Finance daily
2016-10-24,us,UNH,,146.0,146.22000122070312,144.02000427246094,144.69000244140625,2930200,Yahoo Finance daily
2016-10-25,us,UNH,,144.8800048828125,145.3800048828125,143.60000610351562,143.77999877929688,3095400,Yahoo Finance daily
2016-10-26,us,UNH,,143.75,143.77999877929688,141.88999938964844,142.22999572753906,3267600,Yahoo Finance daily
2016-10-27,us,UNH,,142.72000122070312,143.25,141.5800018310547,141.94000244140625,3358000,Yahoo Finance daily
2016-10-28,us,UNH,,141.66000366210938,142.35000610351562,139.44000244140625,140.35000610351562,4033600,Yahoo Finance daily
2016-10-31,us,UNH,,140.8000030517578,141.5399932861328,139.97000122070312,141.3300018310547,3761100,Yahoo Finance daily
2016-11-01,us,UNH,,141.50999450683594,141.50999450683594,138.82000732421875,139.42999267578125,3391400,Yahoo Finance daily
2016-11-02,us,UNH,,139.02000427246094,141.22999572753906,138.92999267578125,138.97999572753906,3149700,Yahoo Finance daily
2016-11-03,us,UNH,,139.17999267578125,140.33999633789062,137.64999389648438,137.8300018310547,2989700,Yahoo Finance daily
2016-11-04,us,UNH,,138.4499969482422,138.88999938964844,137.69000244140625,137.7100067138672,3520700,Yahoo Finance daily
2016-11-07,us,UNH,,139.60000610351562,142.44000244140625,139.5500030517578,141.92999267578125,3896600,Yahoo Finance daily
2016-11-08,us,UNH,,141.35000610351562,143.61000061035156,141.0,142.89999389648438,4389300,Yahoo Finance daily
2016-11-09,us,UNH,,139.5399932861328,144.19000244140625,136.22000122070312,141.89999389648438,8042400,Yahoo Finance daily
2016-11-10,us,UNH,,142.33999633789062,146.57000732421875,142.0,146.1300048828125,6075500,Yahoo Finance daily
2016-11-11,us,UNH,,146.7100067138672,147.5,146.00999450683594,146.4199981689453,4475400,Yahoo Finance daily
2016-11-14,us,UNH,,147.32000732421875,152.9199981689453,147.0399932861328,152.27999877929688,5740400,Yahoo Finance daily
2016-11-15,us,UNH,,153.50999450683594,153.9600067138672,151.50999450683594,152.22999572753906,4910700,Yahoo Finance daily
2016-11-16,us,UNH,,151.99000549316406,153.0,151.22999572753906,151.5,3899000,Yahoo Finance daily
2016-11-17,us,UNH,,151.82000732421875,151.9199981689453,150.19000244140625,150.77000427246094,4683000,Yahoo Finance daily
2016-11-18,us,UNH,,151.0500030517578,151.66000366210938,149.39999389648438,149.4499969482422,5664800,Yahoo Finance daily
2016-11-21,us,UNH,,149.72000122070312,150.66000366210938,148.55999755859375,150.41000366210938,3867800,Yahoo Finance daily
2016-11-22,us,UNH,,151.0800018310547,152.92999267578125,150.55999755859375,152.25999450683594,4992100,Yahoo Finance daily
2016-11-23,us,UNH,,152.00999450683594,153.74000549316406,150.9600067138672,153.5399932861328,2697200,Yahoo Finance daily
2016-11-25,us,UNH,,153.92999267578125,154.5,152.61000061035156,152.80999755859375,1664500,Yahoo Finance daily
2016-11-28,us,UNH,,152.74000549316406,152.85000610351562,150.0,152.11000061035156,5029600,Yahoo Finance daily
2016-11-29,us,UNH,,156.94000244140625,158.1199951171875,155.17999267578125,157.58999633789062,5827400,Yahoo Finance daily
2016-11-30,us,UNH,,157.47000122070312,159.75999450683594,157.07000732421875,158.32000732421875,7142400,Yahoo Finance daily
2016-12-01,us,UNH,,159.1199951171875,161.72000122070312,159.1199951171875,160.94000244140625,5250200,Yahoo Finance daily
2016-12-02,us,UNH,,161.0,162.52000427246094,160.55999755859375,160.72999572753906,3480000,Yahoo Finance daily
2016-12-05,us,UNH,,160.19000244140625,160.6699981689453,156.22999572753906,157.6300048828125,5854200,Yahoo Finance daily
2016-12-06,us,UNH,,158.1699981689453,158.22999572753906,156.25999450683594,157.32000732421875,3216700,Yahoo Finance daily
2016-12-07,us,UNH,,157.88999938964844,159.97999572753906,156.35000610351562,159.39999389648438,4552300,Yahoo Finance daily
2016-12-08,us,UNH,,159.41000366210938,160.24000549316406,158.0,159.32000732421875,3407500,Yahoo Finance daily
2016-12-09,us,UNH,,159.52000427246094,160.16000366210938,157.7100067138672,160.1199951171875,4007200,Yahoo Finance daily
2016-12-12,us,UNH,,158.8300018310547,159.66000366210938,157.75,159.49000549316406,3471200,Yahoo Finance daily
2016-12-13,us,UNH,,160.39999389648438,161.7100067138672,160.07000732421875,160.5399932861328,3868900,Yahoo Finance daily
2016-12-14,us,UNH,,161.13999938964844,161.8000030517578,158.72000122070312,159.86000061035156,3885700,Yahoo Finance daily
2016-12-15,us,UNH,,159.8699951171875,161.2899932861328,159.42999267578125,160.6199951171875,4422700,Yahoo Finance daily
2016-12-16,us,UNH,,161.3800048828125,164.0,161.19000244140625,163.94000244140625,7605300,Yahoo Finance daily
2016-12-19,us,UNH,,163.08999633789062,163.94000244140625,161.22000122070312,161.5399932861328,4732600,Yahoo Finance daily
2016-12-20,us,UNH,,161.7100067138672,163.11000061035156,161.41000366210938,161.58999633789062,3131200,Yahoo Finance daily
2016-12-21,us,UNH,,161.4199981689453,162.2899932861328,159.6199951171875,161.3300018310547,2767700,Yahoo Finance daily
2016-12-22,us,UNH,,161.38999938964844,161.8800048828125,160.27000427246094,161.5800018310547,2741700,Yahoo Finance daily
2016-12-23,us,UNH,,161.55999755859375,163.0399932861328,160.5500030517578,163.02999877929688,2044400,Yahoo Finance daily
2016-12-27,us,UNH,,163.25999450683594,163.9600067138672,162.4499969482422,162.63999938964844,1344000,Yahoo Finance daily
2016-12-28,us,UNH,,162.16000366210938,163.25,161.32000732421875,161.44000244140625,1669100,Yahoo Finance daily
2016-12-29,us,UNH,,161.9199981689453,162.36000061035156,160.38999938964844,161.0399932861328,2476300,Yahoo Finance daily
2016-12-30,us,UNH,,161.3699951171875,161.47999572753906,159.85000610351562,160.0399932861328,2855600,Yahoo Finance daily
2017-01-03,us,UNH,,161.1300048828125,162.27000427246094,159.14999389648438,161.4499969482422,3539700,Yahoo Finance daily
2017-01-04,us,UNH,,162.35000610351562,162.5800018310547,159.74000549316406,161.91000366210938,2695200,Yahoo Finance daily
2017-01-05,us,UNH,,161.75,162.6300048828125,161.50999450683594,162.17999267578125,2961100,Yahoo Finance daily
2017-01-06,us,UNH,,161.75,162.94000244140625,161.11000061035156,162.41000366210938,3081300,Yahoo Finance daily
2017-01-09,us,UNH,,162.0,162.42999267578125,160.77999877929688,161.9499969482422,3040800,Yahoo Finance daily
2017-01-10,us,UNH,,161.27000427246094,162.97999572753906,160.5,161.5800018310547,3500700,Yahoo Finance daily
2017-01-11,us,UNH,,161.3000030517578,162.94000244140625,160.61000061035156,161.88999938964844,3330600,Yahoo Finance daily
2017-01-12,us,UNH,,161.69000244140625,162.94000244140625,160.88999938964844,162.36000061035156,2555900,Yahoo Finance daily
2017-01-13,us,UNH,,162.16000366210938,162.74000549316406,161.41000366210938,161.8000030517578,3183300,Yahoo Finance daily
2017-01-17,us,UNH,,162.61000061035156,162.97000122070312,157.50999450683594,160.66000366210938,5475800,Yahoo Finance daily
2017-01-18,us,UNH,,161.05999755859375,161.1999969482422,156.08999633789062,157.74000549316406,6591600,Yahoo Finance daily
2017-01-19,us,UNH,,157.74000549316406,160.5500030517578,157.24000549316406,158.6999969482422,4976900,Yahoo Finance daily
2017-01-20,us,UNH,,159.02000427246094,159.8000030517578,157.80999755859375,158.66000366210938,3579100,Yahoo Finance daily
2017-01-23,us,UNH,,158.6199951171875,159.52000427246094,156.55999755859375,159.07000732421875,4062600,Yahoo Finance daily
2017-01-24,us,UNH,,159.36000061035156,161.30999755859375,159.10000610351562,160.42999267578125,3514100,Yahoo Finance daily
2017-01-25,us,UNH,,160.82000732421875,161.97999572753906,160.35000610351562,161.24000549316406,3605800,Yahoo Finance daily
2017-01-26,us,UNH,,161.86000061035156,163.5800018310547,161.25,162.75,4202400,Yahoo Finance daily
2017-01-27,us,UNH,,163.5,163.8000030517578,162.6199951171875,162.99000549316406,3110400,Yahoo Finance daily
2017-01-30,us,UNH,,162.94000244140625,163.4600067138672,161.30999755859375,162.08999633789062,2784600,Yahoo Finance daily
2017-01-31,us,UNH,,161.6199951171875,162.19000244140625,160.00999450683594,162.10000610351562,3037000,Yahoo Finance daily
2017-02-01,us,UNH,,162.75,163.89999389648438,162.02999877929688,162.7100067138672,3718500,Yahoo Finance daily
2017-02-02,us,UNH,,162.52000427246094,163.25,160.25999450683594,160.75999450683594,4714000,Yahoo Finance daily
2017-02-03,us,UNH,,161.1300048828125,162.0,160.2100067138672,161.8699951171875,2762300,Yahoo Finance daily
2017-02-06,us,UNH,,161.50999450683594,162.52999877929688,160.22000122070312,160.50999450683594,3479400,Yahoo Finance daily
2017-02-07,us,UNH,,161.0500030517578,161.67999267578125,159.5399932861328,160.52999877929688,2942700,Yahoo Finance daily
2017-02-08,us,UNH,,160.0,160.6300048828125,159.41000366210938,160.30999755859375,2339700,Yahoo Finance daily
2017-02-09,us,UNH,,160.30999755859375,161.3000030517578,159.55999755859375,160.44000244140625,3056800,Yahoo Finance daily
2017-02-10,us,UNH,,160.1199951171875,161.58999633789062,160.10000610351562,160.75,1905900,Yahoo Finance daily
2017-02-13,us,UNH,,160.69000244140625,162.02000427246094,160.69000244140625,161.99000549316406,3275800,Yahoo Finance daily
2017-02-14,us,UNH,,161.4499969482422,163.5,161.25,163.1300048828125,2969400,Yahoo Finance daily
2017-02-15,us,UNH,,162.5800018310547,164.88999938964844,162.5800018310547,164.2899932861328,4537900,Yahoo Finance daily
2017-02-16,us,UNH,,164.77999877929688,164.97000122070312,162.3300018310547,163.64999389648438,3191600,Yahoo Finance daily
2017-02-17,us,UNH,,159.0,160.16000366210938,156.49000549316406,157.6199951171875,12033600,Yahoo Finance daily
2017-02-21,us,UNH,,157.6199951171875,160.82000732421875,157.52000427246094,160.57000732421875,5419000,Yahoo Finance daily
2017-02-22,us,UNH,,160.91000366210938,161.77999877929688,159.63999938964844,160.57000732421875,2725300,Yahoo Finance daily
2017-02-23,us,UNH,,161.3300018310547,162.60000610351562,160.69000244140625,162.60000610351562,2459600,Yahoo Finance daily
2017-02-24,us,UNH,,162.6699981689453,163.08999633789062,161.74000549316406,163.05999755859375,2715700,Yahoo Finance daily
2017-02-27,us,UNH,,163.16000366210938,165.4600067138672,162.80999755859375,165.3800048828125,4071800,Yahoo Finance daily
2017-02-28,us,UNH,,165.47000122070312,166.75999450683594,164.89999389648438,165.3800048828125,4382100,Yahoo Finance daily
2017-03-01,us,UNH,,166.72000122070312,168.60000610351562,166.35000610351562,167.94000244140625,3514200,Yahoo Finance daily
2017-03-02,us,UNH,,168.32000732421875,168.42999267578125,166.9600067138672,167.30999755859375,1889800,Yahoo Finance daily
2017-03-03,us,UNH,,167.30999755859375,168.4499969482422,166.6199951171875,168.1999969482422,2254400,Yahoo Finance daily
2017-03-06,us,UNH,,167.42999267578125,169.35000610351562,167.1300048828125,168.6999969482422,2576500,Yahoo Finance daily
2017-03-07,us,UNH,,168.4499969482422,169.36000061035156,167.92999267578125,168.3000030517578,2702300,Yahoo Finance daily
2017-03-08,us,UNH,,167.50999450683594,168.4600067138672,166.8000030517578,167.91000366210938,2048200,Yahoo Finance daily
2017-03-09,us,UNH,,168.14999389648438,169.07000732421875,167.74000549316406,168.00999450683594,3631400,Yahoo Finance daily
2017-03-10,us,UNH,,168.4199981689453,170.0,168.05999755859375,169.97999572753906,3716600,Yahoo Finance daily
2017-03-13,us,UNH,,169.99000549316406,170.92999267578125,169.5500030517578,170.2100067138672,3130200,Yahoo Finance daily
2017-03-14,us,UNH,,169.66000366210938,170.17999267578125,168.5,169.05999755859375,2522600,Yahoo Finance daily
2017-03-15,us,UNH,,169.36000061035156,171.97000122070312,169.2899932861328,171.77999877929688,2807600,Yahoo Finance daily
2017-03-16,us,UNH,,172.07000732421875,172.13999938964844,170.22000122070312,171.3000030517578,3138600,Yahoo Finance daily
2017-03-17,us,UNH,,171.08999633789062,171.5399932861328,169.58999633789062,169.6999969482422,5622900,Yahoo Finance daily
2017-03-20,us,UNH,,169.92999267578125,170.24000549316406,167.9199981689453,168.0,3928600,Yahoo Finance daily
2017-03-21,us,UNH,,168.6699981689453,168.82000732421875,167.05999755859375,167.6999969482422,4953100,Yahoo Finance daily
2017-03-22,us,UNH,,168.1300048828125,168.3800048828125,165.6300048828125,167.02999877929688,2999800,Yahoo Finance daily
2017-03-23,us,UNH,,166.22999572753906,166.92999267578125,164.77000427246094,165.2899932861328,3947400,Yahoo Finance daily
2017-03-24,us,UNH,,166.1300048828125,167.39999389648438,164.35000610351562,165.0,5243900,Yahoo Finance daily
2017-03-27,us,UNH,,163.99000549316406,165.11000061035156,163.30999755859375,164.60000610351562,4383000,Yahoo Finance daily
2017-03-28,us,UNH,,164.5800018310547,166.07000732421875,163.83999633789062,165.35000610351562,7327100,Yahoo Finance daily
2017-03-29,us,UNH,,164.66000366210938,164.97000122070312,162.74000549316406,163.44000244140625,5900400,Yahoo Finance daily
2017-03-30,us,UNH,,163.64999389648438,165.92999267578125,163.4600067138672,164.99000549316406,2993800,Yahoo Finance daily
2017-03-31,us,UNH,,164.63999938964844,165.10000610351562,163.75,164.00999450683594,3496100,Yahoo Finance daily
2017-04-03,us,UNH,,164.6199951171875,166.13999938964844,164.25,165.58999633789062,3473700,Yahoo Finance daily
2017-04-04,us,UNH,,165.8699951171875,166.4499969482422,164.7899932861328,164.97000122070312,2886000,Yahoo Finance daily
2017-04-05,us,UNH,,165.75999450683594,167.25999450683594,165.22000122070312,165.3699951171875,3541600,Yahoo Finance daily
2017-04-06,us,UNH,,165.4499969482422,166.02000427246094,164.83999633789062,165.33999633789062,2923600,Yahoo Finance daily
2017-04-07,us,UNH,,164.9600067138672,166.5,164.6199951171875,166.02000427246094,2927800,Yahoo Finance daily
2017-04-10,us,UNH,,166.19000244140625,167.0,165.27999877929688,165.47999572753906,3234900,Yahoo Finance daily
2017-04-11,us,UNH,,164.88999938964844,165.83999633789062,164.60000610351562,165.8300018310547,3172900,Yahoo Finance daily
2017-04-12,us,UNH,,166.32000732421875,166.4199981689453,164.60000610351562,165.55999755859375,2978700,Yahoo Finance daily
2017-04-13,us,UNH,,164.9499969482422,165.64999389648438,164.6699981689453,164.9600067138672,1979800,Yahoo Finance daily
2017-04-17,us,UNH,,164.99000549316406,167.4199981689453,164.9600067138672,167.17999267578125,4396700,Yahoo Finance daily
2017-04-18,us,UNH,,170.05999755859375,170.22999572753906,167.6999969482422,168.58999633789062,5526200,Yahoo Finance daily
2017-04-19,us,UNH,,169.58999633789062,171.19000244140625,168.69000244140625,169.25,4703400,Yahoo Finance daily
2017-04-20,us,UNH,,169.52000427246094,172.19000244140625,168.3699951171875,171.5399932861328,3652100,Yahoo Finance daily
2017-04-21,us,UNH,,172.1300048828125,172.6199951171875,170.47000122070312,171.16000366210938,2982300,Yahoo Finance daily
2017-04-24,us,UNH,,172.66000366210938,173.16000366210938,171.6999969482422,172.3300018310547,2830300,Yahoo Finance daily
2017-04-25,us,UNH,,173.5,174.74000549316406,173.19000244140625,174.0399932861328,3394700,Yahoo Finance daily
2017-04-26,us,UNH,,174.08999633789062,175.64999389648438,173.97999572753906,174.3800048828125,2817500,Yahoo Finance daily
2017-04-27,us,UNH,,174.07000732421875,176.07000732421875,174.02000427246094,174.6300048828125,2438600,Yahoo Finance daily
2017-04-28,us,UNH,,174.61000061035156,175.0,173.91000366210938,174.8800048828125,2010800,Yahoo Finance daily
2017-05-01,us,UNH,,175.0,176.13999938964844,174.08999633789062,174.58999633789062,2709700,Yahoo Finance daily
2017-05-02,us,UNH,,174.91000366210938,175.3699951171875,170.27000427246094,174.13999938964844,4951000,Yahoo Finance daily
2017-05-03,us,UNH,,173.75,174.3000030517578,171.86000061035156,172.5399932861328,3622200,Yahoo Finance daily
2017-05-04,us,UNH,,173.0500030517578,174.2100067138672,172.3800048828125,174.02000427246094,2585200,Yahoo Finance daily
2017-05-05,us,UNH,,174.5399932861328,174.8800048828125,173.30999755859375,174.1199951171875,2189000,Yahoo Finance daily
2017-05-08,us,UNH,,173.92999267578125,174.55999755859375,173.57000732421875,174.44000244140625,2505900,Yahoo Finance daily
2017-05-09,us,UNH,,174.10000610351562,174.77000427246094,172.72999572753906,173.24000549316406,1653700,Yahoo Finance daily
2017-05-10,us,UNH,,173.0399932861328,173.63999938964844,172.4600067138672,173.38999938964844,1568700,Yahoo Finance daily
2017-05-11,us,UNH,,172.75999450683594,173.86000061035156,171.6699981689453,173.32000732421875,1901300,Yahoo Finance daily
2017-05-12,us,UNH,,172.63999938964844,173.38999938964844,171.52000427246094,171.80999755859375,2335400,Yahoo Finance daily
2017-05-15,us,UNH,,171.7899932861328,172.0,170.22999572753906,171.52999877929688,2831400,Yahoo Finance daily
2017-05-16,us,UNH,,170.6699981689453,171.0,167.25,168.1199951171875,4343700,Yahoo Finance daily
2017-05-17,us,UNH,,168.1199951171875,170.38999938964844,166.64999389648438,168.86000061035156,4442300,Yahoo Finance daily
2017-05-18,us,UNH,,168.25,173.97999572753906,167.8699951171875,171.4499969482422,3908000,Yahoo Finance daily
2017-05-19,us,UNH,,172.3000030517578,172.9499969482422,170.25,172.58999633789062,3877300,Yahoo Finance daily
2017-05-22,us,UNH,,172.72999572753906,174.89999389648438,172.60000610351562,174.6999969482422,3480300,Yahoo Finance daily
2017-05-23,us,UNH,,174.44000244140625,175.52000427246094,173.7100067138672,175.22000122070312,2471500,Yahoo Finance daily
2017-05-24,us,UNH,,175.4499969482422,176.10000610351562,174.52000427246094,175.58999633789062,1612300,Yahoo Finance daily
2017-05-25,us,UNH,,176.32000732421875,178.72999572753906,175.94000244140625,178.0500030517578,3212200,Yahoo Finance daily
2017-05-26,us,UNH,,177.67999267578125,178.88999938964844,177.0,177.5,1583600,Yahoo Finance daily
2017-05-30,us,UNH,,177.5399932861328,178.0800018310547,176.24000549316406,176.58999633789062,2285700,Yahoo Finance daily
2017-05-31,us,UNH,,176.88999938964844,176.89999389648438,174.9199981689453,175.17999267578125,3320400,Yahoo Finance daily
2017-06-01,us,UNH,,175.77999877929688,179.5800018310547,175.19000244140625,179.5800018310547,2890600,Yahoo Finance daily
2017-06-02,us,UNH,,179.9199981689453,179.9199981689453,178.33999633789062,179.38999938964844,2610100,Yahoo Finance daily
2017-06-05,us,UNH,,179.52999877929688,180.32000732421875,179.16000366210938,179.3699951171875,2640600,Yahoo Finance daily
2017-06-06,us,UNH,,179.19000244140625,181.05999755859372,178.47999572753906,180.82000732421875,3443900,Yahoo Finance daily
2017-06-07,us,UNH,,182.0,183.47000122070312,179.64999389648438,183.2100067138672,3783600,Yahoo Finance daily
2017-06-08,us,UNH,,183.2100067138672,183.75999450683597,180.97999572753903,181.69000244140625,3079900,Yahoo Finance daily
2017-06-09,us,UNH,,181.83999633789065,182.3999938964844,180.8600006103516,181.4600067138672,2392200,Yahoo Finance daily
2017-06-12,us,UNH,,181.4600067138672,181.82000732421875,176.4199981689453,179.25,3705600,Yahoo Finance daily
2017-06-13,us,UNH,,179.2100067138672,181.38999938964844,179.14999389648438,181.0500030517578,2458500,Yahoo Finance daily
2017-06-14,us,UNH,,180.94000244140625,182.83999633789065,180.94000244140625,182.3600006103516,2039300,Yahoo Finance daily
2017-06-15,us,UNH,,181.75,183.5,180.08999633789062,180.3800048828125,3078700,Yahoo Finance daily
2017-06-16,us,UNH,,180.8300018310547,182.4600067138672,180.3800048828125,181.6300048828125,4473300,Yahoo Finance daily
2017-06-19,us,UNH,,182.3000030517578,183.0200042724609,180.75999450683597,183.0200042724609,3887100,Yahoo Finance daily
2017-06-20,us,UNH,,182.75,183.4199981689453,182.22000122070312,183.2700042724609,2742600,Yahoo Finance daily
2017-06-21,us,UNH,,183.4900054931641,185.1100006103516,182.7100067138672,184.9199981689453,2866300,Yahoo Finance daily
2017-06-22,us,UNH,,184.8999938964844,188.66000366210935,184.77999877929688,186.5,3841300,Yahoo Finance daily
2017-06-23,us,UNH,,186.2700042724609,186.2700042724609,184.13999938964844,185.25,3438500,Yahoo Finance daily
2017-06-26,us,UNH,,185.1300048828125,185.88999938964844,183.38999938964844,185.1199951171875,2327400,Yahoo Finance daily
2017-06-27,us,UNH,,185.72000122070312,186.8000030517578,184.22000122070312,184.6000061035156,2682800,Yahoo Finance daily
2017-06-28,us,UNH,,185.67999267578125,186.30999755859372,185.08999633789065,185.6999969482422,2451200,Yahoo Finance daily
2017-06-29,us,UNH,,185.82000732421875,186.08999633789065,184.3300018310547,185.2700042724609,2193600,Yahoo Finance daily
2017-06-30,us,UNH,,185.1499938964844,186.19000244140625,184.92999267578125,185.4199981689453,2392000,Yahoo Finance daily
2017-07-03,us,UNH,,186.2899932861328,187.52999877929688,185.7400054931641,186.6499938964844,2087000,Yahoo Finance daily
2017-07-05,us,UNH,,186.13999938964844,188.3600006103516,185.72000122070312,188.25,2587400,Yahoo Finance daily
2017-07-06,us,UNH,,188.1199951171875,188.19000244140625,186.1499938964844,186.94000244140625,1844700,Yahoo Finance daily
2017-07-07,us,UNH,,187.3500061035156,188.42999267578125,187.00999450683597,187.9600067138672,2252500,Yahoo Finance daily
2017-07-10,us,UNH,,187.3300018310547,188.0,186.1499938964844,186.9499969482422,2612000,Yahoo Finance daily
2017-07-11,us,UNH,,187.0,187.66000366210935,185.08999633789065,185.9499969482422,2664500,Yahoo Finance daily
2017-07-12,us,UNH,,186.7899932861328,187.3000030517578,186.41000366210935,186.69000244140625,3342800,Yahoo Finance daily
2017-07-13,us,UNH,,187.0,187.27999877929688,185.32000732421875,185.47999572753903,2379300,Yahoo Finance daily
2017-07-14,us,UNH,,185.80999755859372,187.1300048828125,184.7700042724609,186.8999938964844,2716700,Yahoo Finance daily
2017-07-17,us,UNH,,187.07000732421875,187.25,185.75999450683597,186.3500061035156,2444600,Yahoo Finance daily
2017-07-18,us,UNH,,186.9499969482422,187.1999969482422,183.8600006103516,186.8500061035156,4235800,Yahoo Finance daily
2017-07-19,us,UNH,,187.50999450683597,189.41000366210935,187.50999450683597,189.19000244140625,3401600,Yahoo Finance daily
2017-07-20,us,UNH,,189.41000366210935,191.9199981689453,188.9199981689453,191.5,3099600,Yahoo Finance daily
2017-07-21,us,UNH,,191.3800048828125,193.0,190.6000061035156,191.77999877929688,4911500,Yahoo Finance daily
2017-07-24,us,UNH,,191.7899932861328,192.1699981689453,190.63999938964844,190.88999938964844,2356500,Yahoo Finance daily
2017-07-25,us,UNH,,192.1300048828125,192.47999572753903,190.3000030517578,190.3999938964844,1960100,Yahoo Finance daily
2017-07-26,us,UNH,,190.0200042724609,191.52999877929688,189.3800048828125,190.75,2683500,Yahoo Finance daily
2017-07-27,us,UNH,,190.2400054931641,190.4900054931641,188.4600067138672,188.92999267578125,2631400,Yahoo Finance daily
2017-07-28,us,UNH,,189.1100006103516,191.2400054931641,187.6000061035156,191.1499938964844,1925000,Yahoo Finance daily
2017-07-31,us,UNH,,191.58999633789065,192.6100006103516,191.13999938964844,191.80999755859372,3767100,Yahoo Finance daily
2017-08-01,us,UNH,,193.3999938964844,193.3999938964844,191.6199951171875,192.22999572753903,3336800,Yahoo Finance daily
2017-08-02,us,UNH,,192.13999938964844,193.4499969482422,192.13999938964844,193.0,2463800,Yahoo Finance daily
2017-08-03,us,UNH,,193.25999450683597,194.9600067138672,193.00999450683597,194.7700042724609,2886100,Yahoo Finance daily
2017-08-04,us,UNH,,194.9499969482422,196.0399932861328,194.6000061035156,194.8800048828125,2892300,Yahoo Finance daily
2017-08-07,us,UNH,,194.80999755859372,195.41000366210935,193.8999938964844,194.77999877929688,2074800,Yahoo Finance daily
2017-08-08,us,UNH,,194.67999267578125,194.9900054931641,194.0800018310547,194.8999938964844,1741000,Yahoo Finance daily
2017-08-09,us,UNH,,194.8999938964844,195.3600006103516,194.1699981689453,194.8300018310547,2125900,Yahoo Finance daily
2017-08-10,us,UNH,,194.25999450683597,194.38999938964844,192.3999938964844,192.57000732421875,2698600,Yahoo Finance daily
2017-08-11,us,UNH,,193.91000366210935,194.5399932861328,192.66000366210935,193.0200042724609,2210700,Yahoo Finance daily
2017-08-14,us,UNH,,194.6000061035156,194.75,192.8999938964844,193.7100067138672,2322000,Yahoo Finance daily
2017-08-15,us,UNH,,194.47000122070312,195.00999450683597,193.80999755859372,194.5,1595200,Yahoo Finance daily
2017-08-16,us,UNH,,194.80999755859372,195.2700042724609,192.8300018310547,193.7700042724609,1881600,Yahoo Finance daily
2017-08-17,us,UNH,,193.75,194.2400054931641,192.66000366210935,192.6999969482422,2440900,Yahoo Finance daily
2017-08-18,us,UNH,,192.83999633789065,193.1999969482422,190.6300048828125,190.82000732421875,2858500,Yahoo Finance daily
2017-08-21,us,UNH,,190.8800048828125,192.30999755859372,190.8800048828125,192.02999877929688,1930500,Yahoo Finance daily
2017-08-22,us,UNH,,192.1499938964844,194.9600067138672,191.55999755859372,194.7899932861328,2021900,Yahoo Finance daily
2017-08-23,us,UNH,,194.5,194.58999633789065,193.72000122070312,194.2400054931641,1547000,Yahoo Finance daily
2017-08-24,us,UNH,,194.5500030517578,195.07000732421875,194.2100067138672,194.75,1923700,Yahoo Finance daily
2017-08-25,us,UNH,,195.3300018310547,195.5399932861328,194.13999938964844,194.3600006103516,1375000,Yahoo Finance daily
2017-08-28,us,UNH,,194.58999633789065,195.80999755859372,194.3600006103516,195.08999633789065,2009900,Yahoo Finance daily
2017-08-29,us,UNH,,194.8300018310547,197.0399932861328,194.3300018310547,196.72999572753903,2072200,Yahoo Finance daily
2017-08-30,us,UNH,,196.3800048828125,196.8800048828125,195.1999969482422,195.8800048828125,1506700,Yahoo Finance daily
2017-08-31,us,UNH,,196.92999267578125,199.4900054931641,196.38999938964844,198.8999938964844,2990200,Yahoo Finance daily
2017-09-01,us,UNH,,199.7899932861328,199.9900054931641,198.3600006103516,199.75,2241800,Yahoo Finance daily
2017-09-05,us,UNH,,199.1999969482422,200.44000244140625,198.7100067138672,199.30999755859372,2700800,Yahoo Finance daily
2017-09-06,us,UNH,,199.5399932861328,199.9900054931641,197.6300048828125,198.3800048828125,3040200,Yahoo Finance daily
2017-09-07,us,UNH,,197.7700042724609,199.47999572753903,197.07000732421875,198.1699981689453,2684600,Yahoo Finance daily
2017-09-08,us,UNH,,198.42999267578125,198.8600006103516,197.0,197.75,2206000,Yahoo Finance daily
2017-09-11,us,UNH,,199.25,200.4199981689453,198.77999877929688,199.5800018310547,3307900,Yahoo Finance daily
2017-09-12,us,UNH,,199.44000244140625,199.47000122070312,196.91000366210935,197.47000122070312,2554700,Yahoo Finance daily
2017-09-13,us,UNH,,197.8000030517578,200.75999450683597,197.77999877929688,198.3300018310547,2394400,Yahoo Finance daily
2017-09-14,us,UNH,,197.9499969482422,198.3800048828125,197.08999633789065,197.72999572753903,2378600,Yahoo Finance daily
2017-09-15,us,UNH,,198.5200042724609,199.7100067138672,197.1999969482422,198.17999267578125,4198700,Yahoo Finance daily
2017-09-18,us,UNH,,198.1699981689453,198.82000732421875,197.50999450683597,198.19000244140625,1915200,Yahoo Finance daily
2017-09-19,us,UNH,,198.44000244140625,198.6000061035156,192.38999938964844,194.6499938964844,3819000,Yahoo Finance daily
2017-09-20,us,UNH,,195.0200042724609,195.83999633789065,194.05999755859372,195.75,2788500,Yahoo Finance daily
2017-09-21,us,UNH,,195.6300048828125,196.1300048828125,194.8999938964844,195.2100067138672,1895000,Yahoo Finance daily
2017-09-22,us,UNH,,195.1100006103516,195.8699951171875,188.25,193.02999877929688,5660200,Yahoo Finance daily
2017-09-25,us,UNH,,193.2700042724609,196.30999755859372,190.9199981689453,191.75,3105900,Yahoo Finance daily
2017-09-26,us,UNH,,192.30999755859372,194.3600006103516,192.0399932861328,192.6999969482422,2775400,Yahoo Finance daily
2017-09-27,us,UNH,,193.1999969482422,195.6199951171875,191.7400054931641,194.4900054931641,3267200,Yahoo Finance daily
2017-09-28,us,UNH,,194.25,196.5500030517578,193.50999450683597,196.1000061035156,2088400,Yahoo Finance daily
2017-09-29,us,UNH,,195.82000732421875,196.08999633789065,194.47999572753903,195.8500061035156,2646300,Yahoo Finance daily
2017-10-02,us,UNH,,196.58999633789065,197.91000366210935,196.3300018310547,197.44000244140625,2893600,Yahoo Finance daily
2017-10-03,us,UNH,,197.5,199.44000244140625,197.25999450683597,198.6300048828125,2533800,Yahoo Finance daily
2017-10-04,us,UNH,,199.02999877929688,200.72999572753903,198.42999267578125,200.47999572753903,2286400,Yahoo Finance daily
2017-10-05,us,UNH,,199.92999267578125,199.92999267578125,196.55999755859372,197.8999938964844,4069000,Yahoo Finance daily
2017-10-06,us,UNH,,197.8999938964844,199.9900054931641,197.50999450683597,198.05999755859372,3361900,Yahoo Finance daily
2017-10-09,us,UNH,,198.00999450683597,198.32000732421875,195.77999877929688,196.3000030517578,3365400,Yahoo Finance daily
2017-10-10,us,UNH,,196.25999450683597,196.42999267578125,193.6699981689453,194.67999267578125,2499100,Yahoo Finance daily
2017-10-11,us,UNH,,194.6300048828125,196.07000732421875,193.58999633789065,195.25999450683597,2935600,Yahoo Finance daily
2017-10-12,us,UNH,,195.00999450683597,195.3600006103516,192.72999572753903,192.9199981689453,2954700,Yahoo Finance daily
2017-10-13,us,UNH,,189.58999633789065,192.7100067138672,186.0,192.5200042724609,5435000,Yahoo Finance daily
2017-10-16,us,UNH,,192.47999572753903,193.32000732421875,191.3600006103516,193.1999969482422,2927400,Yahoo Finance daily
2017-10-17,us,UNH,,196.8000030517578,206.6199951171875,196.3699951171875,203.88999938964844,8949700,Yahoo Finance daily
2017-10-18,us,UNH,,203.8000030517578,207.8000030517578,203.67999267578125,205.22999572753903,4796300,Yahoo Finance daily
2017-10-19,us,UNH,,205.47000122070312,205.75,202.6999969482422,203.25,3471800,Yahoo Finance daily
2017-10-20,us,UNH,,204.25999450683597,208.2100067138672,203.69000244140625,207.4900054931641,5138800,Yahoo Finance daily
2017-10-23,us,UNH,,207.5800018310547,208.4499969482422,205.8000030517578,207.00999450683597,2261400,Yahoo Finance daily
2017-10-24,us,UNH,,206.3800048828125,208.22999572753903,205.8800048828125,208.1499938964844,3459900,Yahoo Finance daily
2017-10-25,us,UNH,,208.32000732421875,209.13999938964844,207.07000732421875,207.55999755859372,2908300,Yahoo Finance daily
2017-10-26,us,UNH,,207.9199981689453,211.6999969482422,207.5800018310547,209.1499938964844,4346000,Yahoo Finance daily
2017-10-27,us,UNH,,209.1499938964844,212.7700042724609,208.5500030517578,212.6000061035156,4385300,Yahoo Finance daily
2017-10-30,us,UNH,,212.2100067138672,212.7700042724609,209.3800048828125,209.38999938964844,2477400,Yahoo Finance daily
2017-10-31,us,UNH,,209.38999938964844,210.5200042724609,207.8000030517578,210.22000122070312,3749600,Yahoo Finance daily
2017-11-01,us,UNH,,211.6199951171875,212.6300048828125,208.9199981689453,209.52999877929688,1902900,Yahoo Finance daily
2017-11-02,us,UNH,,210.1100006103516,211.4900054931641,209.00999450683597,211.1000061035156,2825900,Yahoo Finance daily
2017-11-03,us,UNH,,210.72000122070312,213.8300018310547,210.1000061035156,212.8699951171875,2196900,Yahoo Finance daily
2017-11-06,us,UNH,,211.91000366210935,213.92999267578125,211.8000030517578,212.1199951171875,2293700,Yahoo Finance daily
2017-11-07,us,UNH,,212.7400054931641,213.5399932861328,210.88999938964844,212.6999969482422,1845800,Yahoo Finance daily
2017-11-08,us,UNH,,212.0800018310547,212.92999267578125,210.6999969482422,210.7700042724609,2261100,Yahoo Finance daily
2017-11-09,us,UNH,,210.58999633789065,211.75999450683597,209.1300048828125,211.55999755859372,1839700,Yahoo Finance daily
2017-11-10,us,UNH,,211.4600067138672,211.80999755859372,210.1999969482422,211.07000732421875,1384700,Yahoo Finance daily
2017-11-13,us,UNH,,210.30999755859372,213.5399932861328,209.94000244140625,212.66000366210935,2662200,Yahoo Finance daily
2017-11-14,us,UNH,,212.2100067138672,212.6999969482422,210.9199981689453,211.7100067138672,1993900,Yahoo Finance daily
2017-11-15,us,UNH,,210.8800048828125,211.97999572753903,209.6199951171875,209.8600006103516,1816300,Yahoo Finance daily
2017-11-16,us,UNH,,210.3800048828125,212.00999450683597,209.8999938964844,211.1300048828125,1919600,Yahoo Finance daily
2017-11-17,us,UNH,,210.4600067138672,211.4600067138672,209.1499938964844,209.8999938964844,1887500,Yahoo Finance daily
2017-11-20,us,UNH,,210.0,210.67999267578125,209.5800018310547,210.25,2040400,Yahoo Finance daily
2017-11-21,us,UNH,,211.1300048828125,212.8500061035156,210.75,212.6000061035156,2327200,Yahoo Finance daily
2017-11-22,us,UNH,,212.25999450683597,212.80999755859372,210.75999450683597,211.22000122070312,2257800,Yahoo Finance daily
2017-11-24,us,UNH,,212.0,212.92999267578125,211.0,212.50999450683597,744000,Yahoo Finance daily
2017-11-27,us,UNH,,212.25,214.25,211.80999755859372,212.3999938964844,2856300,Yahoo Finance daily
2017-11-28,us,UNH,,213.8800048828125,216.30999755859372,212.50999450683597,216.13999938964844,2905700,Yahoo Finance daily
2017-11-29,us,UNH,,217.6999969482422,224.2700042724609,217.3600006103516,222.8800048828125,4247200,Yahoo Finance daily
2017-11-30,us,UNH,,223.8300018310547,228.75,222.2899932861328,228.1699981689453,6846400,Yahoo Finance daily
2017-12-01,us,UNH,,228.88999938964844,229.22000122070312,221.0800018310547,226.77999877929688,3325800,Yahoo Finance daily
2017-12-04,us,UNH,,229.25999450683597,231.7700042724609,221.3999938964844,221.4199981689453,5591500,Yahoo Finance daily
2017-12-05,us,UNH,,221.0,223.72000122070312,219.16000366210935,220.08999633789065,3246300,Yahoo Finance daily
2017-12-06,us,UNH,,221.0200042724609,221.9600067138672,219.02999877929688,219.94000244140625,2397500,Yahoo Finance daily
2017-12-07,us,UNH,,220.58999633789065,220.6100006103516,218.19000244140625,220.1499938964844,2661600,Yahoo Finance daily
2017-12-08,us,UNH,,220.5500030517578,224.3300018310547,220.22000122070312,223.91000366210935,2233300,Yahoo Finance daily
2017-12-11,us,UNH,,222.50999450683597,224.82000732421875,222.0399932861328,222.7700042724609,1599500,Yahoo Finance daily
2017-12-12,us,UNH,,221.3999938964844,223.4199981689453,221.25999450683597,222.4900054931641,2294100,Yahoo Finance daily
2017-12-13,us,UNH,,221.7400054931641,224.9499969482422,221.22999572753903,224.3500061035156,3059400,Yahoo Finance daily
2017-12-14,us,UNH,,225.0,226.97000122070312,221.00999450683597,221.25,2811700,Yahoo Finance daily
2017-12-15,us,UNH,,223.75,223.75,220.6300048828125,221.82000732421875,6293400,Yahoo Finance daily
2017-12-18,us,UNH,,222.6000061035156,224.80999755859372,222.19000244140625,222.6699981689453,3194100,Yahoo Finance daily
2017-12-19,us,UNH,,222.9900054931641,223.7899932861328,220.8500061035156,222.0399932861328,2340200,Yahoo Finance daily
2017-12-20,us,UNH,,223.1100006103516,224.88999938964844,221.72999572753903,222.3800048828125,2633200,Yahoo Finance daily
2017-12-21,us,UNH,,223.1199951171875,223.94000244140625,221.3699951171875,221.69000244140625,2955300,Yahoo Finance daily
2017-12-22,us,UNH,,222.0,222.3500061035156,218.4499969482422,220.0,1959700,Yahoo Finance daily
2017-12-26,us,UNH,,219.08999633789065,220.4199981689453,219.08999633789065,219.6000061035156,1482400,Yahoo Finance daily
2017-12-27,us,UNH,,219.97999572753903,221.44000244140625,219.25,220.4199981689453,1861900,Yahoo Finance daily
2017-12-28,us,UNH,,221.4600067138672,222.7899932861328,220.1499938964844,222.7700042724609,1452600,Yahoo Finance daily
2017-12-29,us,UNH,,223.9499969482422,223.9499969482422,220.4600067138672,220.4600067138672,2350200,Yahoo Finance daily
2018-01-02,us,UNH,,221.0200042724609,222.4499969482422,220.0,221.16000366210935,3485000,Yahoo Finance daily
2018-01-03,us,UNH,,221.6199951171875,223.80999755859372,220.5200042724609,223.47999572753903,2417600,Yahoo Finance daily
2018-01-04,us,UNH,,224.33999633789065,226.1000061035156,224.1699981689453,224.4499969482422,2749100,Yahoo Finance daily
2018-01-05,us,UNH,,225.19000244140625,229.0500030517578,224.72000122070312,228.72999572753903,2432800,Yahoo Finance daily
2018-01-08,us,UNH,,228.1300048828125,228.7100067138672,224.6100006103516,224.75999450683597,2850800,Yahoo Finance daily
2018-01-09,us,UNH,,224.75999450683597,226.6300048828125,223.3000030517578,225.8800048828125,2672200,Yahoo Finance daily
2018-01-10,us,UNH,,224.8300018310547,225.00999450683597,223.02999877929688,224.1999969482422,2311600,Yahoo Finance daily
2018-01-11,us,UNH,,224.17999267578125,225.9199981689453,223.6999969482422,225.38999938964844,2543600,Yahoo Finance daily
2018-01-12,us,UNH,,227.4499969482422,229.8999938964844,226.5200042724609,228.63999938964844,3943800,Yahoo Finance daily
2018-01-16,us,UNH,,233.3699951171875,235.0,231.25,232.8999938964844,6852600,Yahoo Finance daily
2018-01-17,us,UNH,,234.6699981689453,238.9600067138672,233.8500061035156,238.42999267578125,5124800,Yahoo Finance daily
2018-01-18,us,UNH,,239.25999450683597,243.8999938964844,238.5500030517578,243.16000366210935,6234200,Yahoo Finance daily
2018-01-19,us,UNH,,244.17999267578125,244.3500061035156,241.07000732421875,243.3500061035156,4293600,Yahoo Finance daily
2018-01-22,us,UNH,,243.58999633789065,243.8000030517578,241.3600006103516,243.55999755859372,4012200,Yahoo Finance daily
2018-01-23,us,UNH,,242.9900054931641,246.97999572753903,242.41000366210935,245.2100067138672,3300000,Yahoo Finance daily
2018-01-24,us,UNH,,246.00999450683597,247.30999755859372,243.7100067138672,244.8500061035156,2733300,Yahoo Finance daily
2018-01-25,us,UNH,,244.75,246.19000244140625,243.8999938964844,245.17999267578125,2420500,Yahoo Finance daily
2018-01-26,us,UNH,,245.0,248.7400054931641,244.4600067138672,248.47000122070312,2615300,Yahoo Finance daily
2018-01-29,us,UNH,,249.27999877929688,250.7899932861328,247.3999938964844,247.41000366210935,2564700,Yahoo Finance daily
2018-01-30,us,UNH,,232.8800048828125,242.7400054931641,232.1000061035156,236.6499938964844,11565500,Yahoo Finance daily
2018-01-31,us,UNH,,242.83999633789065,247.0,235.75999450683597,236.77999877929688,5187400,Yahoo Finance daily
2018-02-01,us,UNH,,235.25999450683597,237.82000732421875,233.8300018310547,235.22000122070312,4268300,Yahoo Finance daily
2018-02-02,us,UNH,,233.0,236.3000030517578,231.19000244140625,231.8800048828125,3959900,Yahoo Finance daily
2018-02-05,us,UNH,,230.7899932861328,233.1100006103516,208.47999572753903,220.0200042724609,6290000,Yahoo Finance daily
2018-02-06,us,UNH,,212.1999969482422,226.50999450683597,210.2100067138672,225.17999267578125,7064800,Yahoo Finance daily
2018-02-07,us,UNH,,222.3300018310547,229.2899932861328,221.50999450683597,225.82000732421875,5589200,Yahoo Finance daily
2018-02-08,us,UNH,,225.3300018310547,226.6300048828125,216.25999450683597,216.4600067138672,4902400,Yahoo Finance daily
2018-02-09,us,UNH,,218.0,223.27999877929688,212.00999450683597,220.9600067138672,6225300,Yahoo Finance daily
2018-02-12,us,UNH,,222.44000244140625,228.0,222.1499938964844,225.69000244140625,4912000,Yahoo Finance daily
2018-02-13,us,UNH,,223.1499938964844,227.1199951171875,222.38999938964844,226.63999938964844,3536800,Yahoo Finance daily
2018-02-14,us,UNH,,224.9499969482422,229.33999633789065,223.9199981689453,228.77999877929688,2878400,Yahoo Finance daily
2018-02-15,us,UNH,,229.2700042724609,230.0,221.7400054931641,226.0200042724609,4662700,Yahoo Finance daily
2018-02-16,us,UNH,,225.9900054931641,230.5500030517578,225.6999969482422,229.3699951171875,3621700,Yahoo Finance daily
2018-02-20,us,UNH,,227.91000366210935,228.75,225.6100006103516,226.66000366210935,3172300,Yahoo Finance daily
2018-02-21,us,UNH,,226.1499938964844,229.3500061035156,225.1100006103516,225.1300048828125,3371900,Yahoo Finance daily
2018-02-22,us,UNH,,226.3000030517578,229.83999633789065,225.0800018310547,227.08999633789065,2767900,Yahoo Finance daily
2018-02-23,us,UNH,,227.8999938964844,230.32000732421875,225.91000366210935,230.16000366210935,2393900,Yahoo Finance daily
2018-02-26,us,UNH,,231.63999938964844,234.50999450683597,229.6999969482422,234.05999755859372,3307000,Yahoo Finance daily
2018-02-27,us,UNH,,234.3999938964844,235.88999938964844,232.44000244140625,232.5200042724609,2899500,Yahoo Finance daily
2018-02-28,us,UNH,,234.4199981689453,234.75,226.08999633789065,226.16000366210935,4368600,Yahoo Finance daily
2018-03-01,us,UNH,,225.6999969482422,229.2899932861328,222.7400054931641,224.4499969482422,3514600,Yahoo Finance daily
2018-03-02,us,UNH,,223.2100067138672,225.82000732421875,222.58999633789065,225.19000244140625,2613600,Yahoo Finance daily
2018-03-05,us,UNH,,223.3699951171875,229.42999267578125,222.7899932861328,228.3800048828125,2627300,Yahoo Finance daily
2018-03-06,us,UNH,,228.9199981689453,229.1499938964844,223.88999938964844,226.17999267578125,2652800,Yahoo Finance daily
2018-03-07,us,UNH,,224.3500061035156,227.82000732421875,223.75,227.2700042724609,3242200,Yahoo Finance daily
2018-03-08,us,UNH,,227.92999267578125,227.9900054931641,223.9199981689453,224.72999572753903,3500900,Yahoo Finance daily
2018-03-09,us,UNH,,226.1100006103516,226.5200042724609,222.5,225.42999267578125,4834600,Yahoo Finance daily
2018-03-12,us,UNH,,226.2100067138672,227.0,222.7700042724609,222.7700042724609,3117300,Yahoo Finance daily
2018-03-13,us,UNH,,223.52999877929688,228.05999755859372,223.16000366210935,226.94000244140625,3343800,Yahoo Finance daily
2018-03-14,us,UNH,,227.1300048828125,229.38999938964844,225.0200042724609,225.3800048828125,3048200,Yahoo Finance daily
2018-03-15,us,UNH,,225.8300018310547,230.75999450683597,225.66000366210935,229.47999572753903,3330200,Yahoo Finance daily
2018-03-16,us,UNH,,229.66000366210935,231.2700042724609,227.75,227.8600006103516,5690300,Yahoo Finance daily
2018-03-19,us,UNH,,227.30999755859372,227.97000122070312,223.67999267578125,225.0500030517578,3407300,Yahoo Finance daily
2018-03-20,us,UNH,,225.16000366210935,227.6000061035156,223.8800048828125,226.77999877929688,3429100,Yahoo Finance daily
2018-03-21,us,UNH,,226.4499969482422,227.44000244140625,222.82000732421875,222.82000732421875,3419800,Yahoo Finance daily
2018-03-22,us,UNH,,221.6499938964844,221.66000366210935,215.1000061035156,215.2100067138672,5894800,Yahoo Finance daily
2018-03-23,us,UNH,,215.75,217.72999572753903,212.5,212.5500030517578,5741200,Yahoo Finance daily
2018-03-26,us,UNH,,215.19000244140625,219.41000366210935,214.6999969482422,219.07000732421875,3561300,Yahoo Finance daily
2018-03-27,us,UNH,,220.32000732421875,221.9499969482422,216.41000366210935,217.9600067138672,3722100,Yahoo Finance daily
2018-03-28,us,UNH,,218.88999938964844,219.91000366210935,217.0399932861328,218.5,3179500,Yahoo Finance daily
2018-03-29,us,UNH,,219.3800048828125,223.3500061035156,214.0,214.0,5529400,Yahoo Finance daily
2018-04-02,us,UNH,,218.4600067138672,222.9900054931641,214.6300048828125,217.1999969482422,6220700,Yahoo Finance daily
2018-04-03,us,UNH,,220.33999633789065,225.1000061035156,219.69000244140625,224.5800018310547,4652000,Yahoo Finance daily
2018-04-04,us,UNH,,220.69000244140625,229.47999572753903,220.4199981689453,228.7899932861328,4674000,Yahoo Finance daily
2018-04-05,us,UNH,,229.4600067138672,231.5800018310547,226.8000030517578,229.07000732421875,3348100,Yahoo Finance daily
2018-04-06,us,UNH,,226.6499938964844,228.19000244140625,221.82000732421875,223.9600067138672,3231700,Yahoo Finance daily
2018-04-09,us,UNH,,225.5800018310547,226.1300048828125,222.3600006103516,222.72999572753903,3031500,Yahoo Finance daily
2018-04-10,us,UNH,,225.3999938964844,228.16000366210935,223.4900054931641,226.7899932861328,2737500,Yahoo Finance daily
2018-04-11,us,UNH,,224.2700042724609,225.38999938964844,221.69000244140625,221.8999938964844,3482100,Yahoo Finance daily
2018-04-12,us,UNH,,224.0399932861328,225.75,223.41000366210935,224.2400054931641,2664500,Yahoo Finance daily
2018-04-13,us,UNH,,225.1000061035156,226.1300048828125,223.0800018310547,224.27999877929688,2496600,Yahoo Finance daily
2018-04-16,us,UNH,,227.1100006103516,231.8500061035156,226.3500061035156,230.32000732421875,4510600,Yahoo Finance daily
2018-04-17,us,UNH,,239.30999755859372,241.6699981689453,236.0800018310547,238.5500030517578,6180300,Yahoo Finance daily
2018-04-18,us,UNH,,239.0,239.7400054931641,236.3000030517578,236.3999938964844,2940100,Yahoo Finance daily
2018-04-19,us,UNH,,236.1999969482422,238.2700042724609,234.8000030517578,235.75999450683597,2734900,Yahoo Finance daily
2018-04-20,us,UNH,,236.0500030517578,237.1000061035156,233.5,235.05999755859372,2842000,Yahoo Finance daily
2018-04-23,us,UNH,,235.2899932861328,236.2100067138672,233.0800018310547,234.33999633789065,3051700,Yahoo Finance daily
2018-04-24,us,UNH,,235.9499969482422,237.32000732421875,232.55999755859372,234.22000122070312,2771200,Yahoo Finance daily
2018-04-25,us,UNH,,233.4499969482422,235.1000061035156,230.44000244140625,234.8999938964844,3118800,Yahoo Finance daily
2018-04-26,us,UNH,,235.72999572753903,237.83999633789065,234.3300018310547,237.02999877929688,2252800,Yahoo Finance daily
2018-04-27,us,UNH,,237.6300048828125,240.5399932861328,237.1499938964844,240.17999267578125,2301800,Yahoo Finance daily
2018-04-30,us,UNH,,241.0,241.0,236.3999938964844,236.3999938964844,3446900,Yahoo Finance daily
2018-05-01,us,UNH,,237.0,237.4900054931641,234.3600006103516,236.8500061035156,2633500,Yahoo Finance daily
2018-05-02,us,UNH,,235.3800048828125,236.2100067138672,232.8600006103516,233.4600067138672,3542700,Yahoo Finance daily
2018-05-03,us,UNH,,231.97000122070312,234.8000030517578,229.30999755859372,234.1499938964844,2731600,Yahoo Finance daily
2018-05-04,us,UNH,,233.1000061035156,236.6499938964844,232.16000366210935,235.8999938964844,1999900,Yahoo Finance daily
2018-05-07,us,UNH,,235.8800048828125,236.9900054931641,232.6300048828125,233.77999877929688,3237800,Yahoo Finance daily
2018-05-08,us,UNH,,233.72000122070312,233.72000122070312,230.6499938964844,232.02999877929688,2698300,Yahoo Finance daily
2018-05-09,us,UNH,,233.0500030517578,233.4199981689453,228.22999572753903,229.2100067138672,3504200,Yahoo Finance daily
2018-05-10,us,UNH,,230.1499938964844,234.2899932861328,229.3600006103516,233.7100067138672,2169000,Yahoo Finance daily
2018-05-11,us,UNH,,233.5800018310547,238.8000030517578,232.9499969482422,238.27999877929688,3044900,Yahoo Finance daily
2018-05-14,us,UNH,,238.8999938964844,243.6699981689453,238.82000732421875,242.8999938964844,3893600,Yahoo Finance daily
2018-05-15,us,UNH,,241.8600006103516,242.22000122070312,238.6699981689453,239.5,2396600,Yahoo Finance daily
2018-05-16,us,UNH,,239.6499938964844,241.80999755859372,238.57000732421875,241.72000122070312,1906100,Yahoo Finance daily
2018-05-17,us,UNH,,241.4900054931641,243.55999755859372,240.5399932861328,242.9600067138672,2418700,Yahoo Finance daily
2018-05-18,us,UNH,,243.3699951171875,244.75999450683597,242.38999938964844,244.63999938964844,2283600,Yahoo Finance daily
2018-05-21,us,UNH,,245.0,249.1699981689453,244.83999633789065,247.8999938964844,3040700,Yahoo Finance daily
2018-05-22,us,UNH,,248.0,248.0500030517578,243.83999633789065,245.17999267578125,2644100,Yahoo Finance daily
2018-05-23,us,UNH,,244.02999877929688,245.5,241.63999938964844,244.25999450683597,3047800,Yahoo Finance daily
2018-05-24,us,UNH,,244.57000732421875,245.44000244140625,242.1999969482422,242.72999572753903,2610400,Yahoo Finance daily
2018-05-25,us,UNH,,242.9499969482422,245.5800018310547,242.44000244140625,244.9499969482422,1554900,Yahoo Finance daily
2018-05-29,us,UNH,,243.8600006103516,243.8600006103516,240.2400054931641,242.1699981689453,2837800,Yahoo Finance daily
2018-05-30,us,UNH,,243.7400054931641,245.75,242.6300048828125,244.94000244140625,2071900,Yahoo Finance daily
2018-05-31,us,UNH,,244.2100067138672,244.75,240.67999267578125,241.50999450683597,2966100,Yahoo Finance daily
2018-06-01,us,UNH,,243.7400054931641,243.7400054931641,241.2899932861328,243.3500061035156,2371400,Yahoo Finance daily
2018-06-04,us,UNH,,244.0,245.2400054931641,242.7400054931641,244.6300048828125,2188900,Yahoo Finance daily
2018-06-05,us,UNH,,245.08999633789065,245.1100006103516,241.91000366210935,244.42999267578125,1531900,Yahoo Finance daily
2018-06-06,us,UNH,,246.32000732421875,248.72000122070312,245.1300048828125,248.6499938964844,2650300,Yahoo Finance daily
2018-06-07,us,UNH,,249.75999450683597,250.0,248.25,248.97999572753903,2117200,Yahoo Finance daily
2018-06-08,us,UNH,,249.4600067138672,251.5,248.07000732421875,250.67999267578125,3034600,Yahoo Finance daily
2018-06-11,us,UNH,,250.83999633789065,254.9900054931641,250.3999938964844,253.77999877929688,2775200,Yahoo Finance daily
2018-06-12,us,UNH,,253.1999969482422,253.94000244140625,250.1699981689453,253.5800018310547,2567200,Yahoo Finance daily
2018-06-13,us,UNH,,254.13999938964844,256.7300109863281,252.47999572753903,252.8699951171875,3138300,Yahoo Finance daily
2018-06-14,us,UNH,,254.47000122070312,255.9900054931641,253.66000366210935,255.3300018310547,2456600,Yahoo Finance daily
2018-06-15,us,UNH,,254.2700042724609,255.97999572753903,252.55999755859372,255.97999572753903,4772200,Yahoo Finance daily
2018-06-18,us,UNH,,254.0,255.00999450683597,252.13999938964844,254.8699951171875,1961900,Yahoo Finance daily
2018-06-19,us,UNH,,252.97000122070312,253.3000030517578,251.16000366210935,253.0200042724609,2370200,Yahoo Finance daily
2018-06-20,us,UNH,,253.32000732421875,253.72999572753903,251.8800048828125,252.80999755859372,2580400,Yahoo Finance daily
2018-06-21,us,UNH,,252.9499969482422,253.6499938964844,250.9199981689453,251.88999938964844,2150300,Yahoo Finance daily
2018-06-22,us,UNH,,252.2400054931641,255.1100006103516,251.19000244140625,254.3699951171875,2604000,Yahoo Finance daily
2018-06-25,us,UNH,,254.3600006103516,255.1300048828125,248.6100006103516,250.7100067138672,3060800,Yahoo Finance daily
2018-06-26,us,UNH,,250.55999755859372,252.47000122070312,249.5399932861328,249.7700042724609,2158000,Yahoo Finance daily
2018-06-27,us,UNH,,250.2899932861328,251.75999450683597,248.1300048828125,248.1699981689453,2481000,Yahoo Finance daily
2018-06-28,us,UNH,,247.1300048828125,248.0,242.22999572753903,244.8999938964844,3556900,Yahoo Finance daily
2018-06-29,us,UNH,,244.8999938964844,247.5,244.6000061035156,245.33999633789065,2772600,Yahoo Finance daily
2018-07-02,us,UNH,,245.0,247.72999572753903,244.1199951171875,247.47999572753903,1793300,Yahoo Finance daily
2018-07-03,us,UNH,,248.3000030517578,248.75,246.7400054931641,246.97999572753903,1248000,Yahoo Finance daily
2018-07-05,us,UNH,,249.1100006103516,250.92999267578125,247.5800018310547,250.5,2182900,Yahoo Finance daily
2018-07-06,us,UNH,,251.00999450683597,251.72999572753903,249.4199981689453,250.75999450683597,1572300,Yahoo Finance daily
2018-07-09,us,UNH,,252.1300048828125,254.00999450683597,251.0500030517578,253.6699981689453,2039600,Yahoo Finance daily
2018-07-10,us,UNH,,254.17999267578125,256.8999938964844,253.75,255.5399932861328,2012200,Yahoo Finance daily
2018-07-11,us,UNH,,255.13999938964844,256.0,253.7400054931641,254.58999633789065,1486000,Yahoo Finance daily
2018-07-12,us,UNH,,256.17999267578125,256.82000732421875,254.9199981689453,256.04998779296875,1592700,Yahoo Finance daily
2018-07-13,us,UNH,,256.3900146484375,259.010009765625,256.0199890136719,258.70001220703125,2356200,Yahoo Finance daily
2018-07-16,us,UNH,,258.2900085449219,258.45001220703125,256.44000244140625,256.9800109863281,3625400,Yahoo Finance daily
2018-07-17,us,UNH,,251.5500030517578,252.5200042724609,246.2700042724609,250.2899932861328,6932300,Yahoo Finance daily
2018-07-18,us,UNH,,251.1100006103516,256.6099853515625,250.44000244140625,255.4199981689453,3359800,Yahoo Finance daily
2018-07-19,us,UNH,,255.32000732421875,256.5,251.8500061035156,252.92999267578125,2307600,Yahoo Finance daily
2018-07-20,us,UNH,,251.1699981689453,253.5500030517578,251.1699981689453,252.6999969482422,1959600,Yahoo Finance daily
2018-07-23,us,UNH,,252.91000366210935,255.22999572753903,252.42999267578125,252.7400054931641,1479600,Yahoo Finance daily
2018-07-24,us,UNH,,254.8600006103516,254.9600067138672,252.00999450683597,253.75999450683597,2476500,Yahoo Finance daily
2018-07-25,us,UNH,,254.80999755859372,255.2700042724609,252.7700042724609,254.8600006103516,3016900,Yahoo Finance daily
2018-07-26,us,UNH,,256.25,257.8699951171875,255.8000030517578,257.0,2021300,Yahoo Finance daily
2018-07-27,us,UNH,,257.7900085449219,257.7900085449219,255.38999938964844,255.9499969482422,1656800,Yahoo Finance daily
2018-07-30,us,UNH,,255.91000366210935,256.8900146484375,253.1100006103516,253.83999633789065,1681500,Yahoo Finance daily
2018-07-31,us,UNH,,254.13999938964844,255.1999969482422,252.8500061035156,253.22000122070312,2355900,Yahoo Finance daily
2018-08-01,us,UNH,,256.1000061035156,256.1000061035156,252.80999755859372,253.3699951171875,3006700,Yahoo Finance daily
2018-08-02,us,UNH,,253.5,256.29998779296875,252.22999572753903,256.0799865722656,1854400,Yahoo Finance daily
2018-08-03,us,UNH,,256.45001220703125,257.5599975585937,254.3000030517578,257.2200012207031,1422300,Yahoo Finance daily
2018-08-06,us,UNH,,256.5,257.5400085449219,255.47000122070312,256.760009765625,1398100,Yahoo Finance daily
2018-08-07,us,UNH,,257.6400146484375,258.8399963378906,257.1300048828125,257.6499938964844,1462800,Yahoo Finance daily
2018-08-08,us,UNH,,258.1099853515625,259.5,257.9200134277344,258.8099975585937,1494300,Yahoo Finance daily
2018-08-09,us,UNH,,259.9100036621094,263.0199890136719,259.3099975585937,261.5899963378906,2315000,Yahoo Finance daily
2018-08-10,us,UNH,,260.489990234375,261.5,259.1099853515625,260.3599853515625,1625000,Yahoo Finance daily
2018-08-13,us,UNH,,261.0,262.54998779296875,260.29998779296875,260.9100036621094,1635100,Yahoo Finance daily
2018-08-14,us,UNH,,260.8900146484375,264.29998779296875,260.8500061035156,263.4800109863281,1941600,Yahoo Finance daily
2018-08-15,us,UNH,,261.9800109863281,262.69000244140625,259.19000244140625,260.6099853515625,2017700,Yahoo Finance daily
2018-08-16,us,UNH,,261.57000732421875,263.75,261.45001220703125,263.1000061035156,2115900,Yahoo Finance daily
2018-08-17,us,UNH,,263.54998779296875,264.1300048828125,261.7200012207031,262.3299865722656,1969700,Yahoo Finance daily
2018-08-20,us,UNH,,263.0,263.489990234375,261.57000732421875,262.3999938964844,1786200,Yahoo Finance daily
2018-08-21,us,UNH,,261.8500061035156,262.5199890136719,260.7300109863281,261.69000244140625,1559300,Yahoo Finance daily
2018-08-22,us,UNH,,261.95001220703125,261.95001220703125,260.25,260.739990234375,2148500,Yahoo Finance daily
2018-08-23,us,UNH,,261.0199890136719,262.5599975585937,259.5599975585937,261.4200134277344,1603500,Yahoo Finance daily
2018-08-24,us,UNH,,261.75,264.7799987792969,261.75,264.2799987792969,2238600,Yahoo Finance daily
2018-08-27,us,UNH,,265.0,267.45001220703125,264.4200134277344,267.0799865722656,2614000,Yahoo Finance daily
2018-08-28,us,UNH,,268.5400085449219,269.1400146484375,267.3299865722656,268.510009765625,2603900,Yahoo Finance daily
2018-08-29,us,UNH,,268.3900146484375,269.32000732421875,267.25,269.0,2880600,Yahoo Finance daily
2018-08-30,us,UNH,,269.4599914550781,270.1700134277344,268.1099853515625,268.3900146484375,2976300,Yahoo Finance daily
2018-08-31,us,UNH,,268.2799987792969,269.2099914550781,267.20001220703125,268.4599914550781,2961500,Yahoo Finance daily
2018-09-04,us,UNH,,268.0,269.4100036621094,266.57000732421875,268.510009765625,2097300,Yahoo Finance daily
2018-09-05,us,UNH,,268.5599975585937,268.79998779296875,266.92999267578125,267.6400146484375,2230600,Yahoo Finance daily
2018-09-06,us,UNH,,267.6000061035156,270.0199890136719,266.94000244140625,269.6499938964844,2556100,Yahoo Finance daily
2018-09-07,us,UNH,,269.6400146484375,271.1600036621094,267.510009765625,268.2799987792969,2958000,Yahoo Finance daily
2018-09-10,us,UNH,,266.7799987792969,266.79998779296875,258.75,259.7300109863281,4146200,Yahoo Finance daily
2018-09-11,us,UNH,,257.9200134277344,261.4200134277344,257.4800109863281,261.0400085449219,2283300,Yahoo Finance daily
2018-09-12,us,UNH,,261.1199951171875,264.489990234375,260.8500061035156,262.6700134277344,2236300,Yahoo Finance daily
2018-09-13,us,UNH,,264.1600036621094,265.69000244140625,263.4200134277344,265.489990234375,2734500,Yahoo Finance daily
2018-09-14,us,UNH,,265.3999938964844,266.6499938964844,263.2799987792969,265.3099975585937,2084600,Yahoo Finance daily
2018-09-17,us,UNH,,266.5,266.6600036621094,263.4100036621094,263.8699951171875,1940400,Yahoo Finance daily
2018-09-18,us,UNH,,262.92999267578125,264.0899963378906,262.0,263.2900085449219,3557000,Yahoo Finance daily
2018-09-19,us,UNH,,264.4700012207031,265.6099853515625,263.1600036621094,265.3299865722656,2274300,Yahoo Finance daily
2018-09-20,us,UNH,,266.0799865722656,267.94000244140625,266.0599975585937,266.3900146484375,2095000,Yahoo Finance daily
2018-09-21,us,UNH,,266.1000061035156,267.8399963378906,265.8500061035156,266.6700134277344,5671600,Yahoo Finance daily
2018-09-24,us,UNH,,267.010009765625,269.5299987792969,266.6700134277344,267.3599853515625,2699800,Yahoo Finance daily
2018-09-25,us,UNH,,267.29998779296875,267.3299865722656,263.0299987792969,263.510009765625,3789700,Yahoo Finance daily
2018-09-26,us,UNH,,264.5,265.489990234375,262.45001220703125,262.9100036621094,2238000,Yahoo Finance daily
2018-09-27,us,UNH,,263.0,265.4100036621094,262.92999267578125,264.6499938964844,2761400,Yahoo Finance daily
2018-09-28,us,UNH,,264.3800048828125,266.19000244140625,263.8500061035156,266.0400085449219,2875100,Yahoo Finance daily
2018-10-01,us,UNH,,267.25,270.0199890136719,267.0199890136719,269.1000061035156,3314500,Yahoo Finance daily
2018-10-02,us,UNH,,269.0,271.44000244140625,267.5,270.6300048828125,2777300,Yahoo Finance daily
2018-10-03,us,UNH,,272.0,272.07000732421875,269.7699890136719,270.8999938964844,3002200,Yahoo Finance daily
2018-10-04,us,UNH,,271.0,271.6199951171875,267.3099975585937,268.32000732421875,2186600,Yahoo Finance daily
2018-10-05,us,UNH,,268.6499938964844,271.0,267.95001220703125,269.20001220703125,2045700,Yahoo Finance daily
2018-10-08,us,UNH,,268.8399963378906,269.6499938964844,265.6499938964844,269.010009765625,1865000,Yahoo Finance daily
2018-10-09,us,UNH,,269.19000244140625,271.9599914550781,268.4700012207031,270.1099853515625,2510100,Yahoo Finance daily
2018-10-10,us,UNH,,270.6000061035156,271.4200134277344,262.5199890136719,263.0799865722656,4267300,Yahoo Finance daily
2018-10-11,us,UNH,,262.0,264.3999938964844,255.77999877929688,257.1199951171875,4558500,Yahoo Finance daily
2018-10-12,us,UNH,,259.70001220703125,261.3900146484375,256.8599853515625,259.6099853515625,4006300,Yahoo Finance daily
2018-10-15,us,UNH,,260.1300048828125,262.44000244140625,259.3099975585937,260.25,3583400,Yahoo Finance daily
2018-10-16,us,UNH,,269.69000244140625,272.8099975585937,265.0,272.57000732421875,6453600,Yahoo Finance daily
2018-10-17,us,UNH,,270.19000244140625,271.0,265.6300048828125,267.29998779296875,3985100,Yahoo Finance daily
2018-10-18,us,UNH,,267.3500061035156,267.8800048828125,263.7099914550781,266.8099975585937,3132100,Yahoo Finance daily
2018-10-19,us,UNH,,266.6199951171875,267.9800109863281,263.8900146484375,265.29998779296875,3336600,Yahoo Finance daily
2018-10-22,us,UNH,,266.75,266.8299865722656,260.0599975585937,262.19000244140625,2618100,Yahoo Finance daily
2018-10-23,us,UNH,,259.7200012207031,265.5199890136719,259.20001220703125,264.8599853515625,4081800,Yahoo Finance daily
2018-10-24,us,UNH,,264.010009765625,265.3299865722656,255.92999267578125,256.32000732421875,5265600,Yahoo Finance daily
2018-10-25,us,UNH,,258.1600036621094,265.17999267578125,253.3699951171875,264.239990234375,4675600,Yahoo Finance daily
2018-10-26,us,UNH,,261.5,262.3999938964844,257.0199890136719,258.17999267578125,4830600,Yahoo Finance daily
2018-10-29,us,UNH,,259.7200012207031,262.0400085449219,253.32000732421875,256.5199890136719,3697700,Yahoo Finance daily
2018-10-30,us,UNH,,256.69000244140625,259.69000244140625,253.97999572753903,258.2799987792969,4169200,Yahoo Finance daily
2018-10-31,us,UNH,,260.8699951171875,264.07000732421875,260.2200012207031,261.3500061035156,4230200,Yahoo Finance daily
2018-11-01,us,UNH,,262.9200134277344,264.67999267578125,259.760009765625,260.92999267578125,2771300,Yahoo Finance daily
2018-11-02,us,UNH,,264.6099853515625,266.3800048828125,259.5599975585937,261.010009765625,2593600,Yahoo Finance daily
2018-11-05,us,UNH,,262.1499938964844,263.0,260.07000732421875,261.010009765625,3287000,Yahoo Finance daily
2018-11-06,us,UNH,,260.70001220703125,264.010009765625,260.70001220703125,263.5400085449219,2582400,Yahoo Finance daily
2018-11-07,us,UNH,,266.8999938964844,276.75,266.8999938964844,274.6300048828125,5796800,Yahoo Finance daily
2018-11-08,us,UNH,,276.0,278.0,274.70001220703125,276.6499938964844,3809100,Yahoo Finance daily
2018-11-09,us,UNH,,276.8599853515625,278.0,274.19000244140625,276.54998779296875,2904300,Yahoo Finance daily
2018-11-12,us,UNH,,276.0,277.7900085449219,272.0,272.3800048828125,3140600,Yahoo Finance daily
2018-11-13,us,UNH,,272.5799865722656,273.6000061035156,268.1400146484375,269.2200012207031,2516900,Yahoo Finance daily
2018-11-14,us,UNH,,269.2900085449219,270.5199890136719,263.3500061035156,264.9599914550781,3511900,Yahoo Finance daily
2018-11-15,us,UNH,,264.0,265.9200134277344,260.8500061035156,264.94000244140625,3657600,Yahoo Finance daily
2018-11-16,us,UNH,,264.989990234375,271.79998779296875,264.9200134277344,271.1099853515625,3857800,Yahoo Finance daily
2018-11-19,us,UNH,,271.4800109863281,272.2699890136719,264.17999267578125,266.04998779296875,3670800,Yahoo Finance daily
2018-11-20,us,UNH,,265.6199951171875,266.7799987792969,260.3999938964844,261.5,3617700,Yahoo Finance daily
2018-11-21,us,UNH,,262.5899963378906,264.6300048828125,260.45001220703125,260.54998779296875,3234300,Yahoo Finance daily
2018-11-23,us,UNH,,260.0,262.94000244140625,258.2799987792969,261.6199951171875,1159300,Yahoo Finance daily
2018-11-26,us,UNH,,264.6199951171875,268.29998779296875,263.5,266.1600036621094,3879800,Yahoo Finance daily
2018-11-27,us,UNH,,265.57000732421875,271.29998779296875,265.0299987792969,271.1499938964844,3497300,Yahoo Finance daily
2018-11-28,us,UNH,,272.82000732421875,282.3999938964844,272.82000732421875,280.95001220703125,5044300,Yahoo Finance daily
2018-11-29,us,UNH,,280.42999267578125,285.45001220703125,280.3099975585937,282.54998779296875,4177800,Yahoo Finance daily
2018-11-30,us,UNH,,282.989990234375,283.6400146484375,279.07000732421875,281.3599853515625,6143200,Yahoo Finance daily
2018-12-03,us,UNH,,283.0,286.5299987792969,282.7099914550781,286.3299865722656,4178800,Yahoo Finance daily
2018-12-04,us,UNH,,286.1499938964844,287.94000244140625,276.9100036621094,278.54998779296875,4635500,Yahoo Finance daily
2018-12-06,us,UNH,,273.0199890136719,276.94000244140625,265.25,276.8500061035156,6694600,Yahoo Finance daily
2018-12-07,us,UNH,,273.760009765625,276.4200134277344,267.2799987792969,269.17999267578125,3506900,Yahoo Finance daily
2018-12-10,us,UNH,,268.5899963378906,269.0,260.2300109863281,266.5299987792969,4061300,Yahoo Finance daily
2018-12-11,us,UNH,,269.5799865722656,271.5299987792969,265.6700134277344,267.2200012207031,3102800,Yahoo Finance daily
2018-12-12,us,UNH,,271.95001220703125,274.5599975585937,270.489990234375,270.6400146484375,3167900,Yahoo Finance daily
2018-12-13,us,UNH,,270.8599853515625,273.32000732421875,269.6199951171875,272.1499938964844,2350400,Yahoo Finance daily
2018-12-14,us,UNH,,270.3599853515625,270.57000732421875,263.7099914550781,265.0199890136719,3360500,Yahoo Finance daily
2018-12-17,us,UNH,,261.0400085449219,262.75,256.7300109863281,258.07000732421875,5806800,Yahoo Finance daily
2018-12-18,us,UNH,,259.70001220703125,259.989990234375,248.1999969482422,252.97000122070312,5065500,Yahoo Finance daily
2018-12-19,us,UNH,,252.3699951171875,256.5599975585937,247.58999633789065,250.30999755859372,5468500,Yahoo Finance daily
2018-12-20,us,UNH,,248.5,249.00999450683597,240.0500030517578,242.44000244140625,7311700,Yahoo Finance daily
2018-12-21,us,UNH,,240.72999572753903,247.5,237.4499969482422,238.33999633789065,12209700,Yahoo Finance daily
2018-12-24,us,UNH,,236.2400054931641,237.8999938964844,232.55999755859372,232.94000244140625,3091000,Yahoo Finance daily
2018-12-26,us,UNH,,232.6999969482422,243.3699951171875,231.80999755859372,243.3500061035156,4159300,Yahoo Finance daily
2018-12-27,us,UNH,,239.1000061035156,245.97000122070312,235.2400054931641,245.97000122070312,4295800,Yahoo Finance daily
2018-12-28,us,UNH,,246.7100067138672,249.7899932861328,244.80999755859372,246.2400054931641,3312700,Yahoo Finance daily
2018-12-31,us,UNH,,248.05999755859372,250.27999877929688,246.94000244140625,249.1199951171875,3123200,Yahoo Finance daily
2019-01-02,us,UNH,,245.0,246.3500061035156,241.47000122070312,243.4900054931641,4063600,Yahoo Finance daily
2019-01-03,us,UNH,,243.47999572753903,243.47999572753903,236.1300048828125,236.8500061035156,4623200,Yahoo Finance daily
2019-01-04,us,UNH,,239.8000030517578,243.4600067138672,238.8000030517578,239.6199951171875,5367600,Yahoo Finance daily
2019-01-07,us,UNH,,240.3999938964844,241.97999572753903,238.22999572753903,240.0800018310547,4133000,Yahoo Finance daily
2019-01-08,us,UNH,,242.3300018310547,244.7899932861328,239.7100067138672,243.2899932861328,3618600,Yahoo Finance daily
2019-01-09,us,UNH,,244.75999450683597,246.6300048828125,242.05999755859372,243.63999938964844,3425400,Yahoo Finance daily
2019-01-10,us,UNH,,242.0800018310547,245.13999938964844,241.41000366210935,244.8699951171875,3374100,Yahoo Finance daily
2019-01-11,us,UNH,,243.4499969482422,247.75999450683597,243.2700042724609,247.6699981689453,3967100,Yahoo Finance daily
2019-01-14,us,UNH,,246.58999633789065,249.9199981689453,246.1100006103516,248.05999755859372,4955500,Yahoo Finance daily
2019-01-15,us,UNH,,250.0,256.9200134277344,247.0,256.8699951171875,5325600,Yahoo Finance daily
2019-01-16,us,UNH,,258.7300109863281,262.19000244140625,258.1700134277344,261.4599914550781,6069400,Yahoo Finance daily
2019-01-17,us,UNH,,260.989990234375,261.739990234375,257.8900146484375,259.7699890136719,3583600,Yahoo Finance daily
2019-01-18,us,UNH,,262.6000061035156,266.260009765625,260.4200134277344,265.5,4844800,Yahoo Finance daily
2019-01-22,us,UNH,,264.0599975585937,267.5,263.739990234375,265.69000244140625,4052700,Yahoo Finance daily
2019-01-23,us,UNH,,267.75,269.4700012207031,263.6700134277344,267.0199890136719,2971100,Yahoo Finance daily
2019-01-24,us,UNH,,266.79998779296875,268.1600036621094,264.260009765625,266.1300048828125,2927300,Yahoo Finance daily
2019-01-25,us,UNH,,268.79998779296875,270.4100036621094,265.70001220703125,268.04998779296875,2809100,Yahoo Finance daily
2019-01-28,us,UNH,,266.8999938964844,266.92999267578125,264.6099853515625,266.7699890136719,2837300,Yahoo Finance daily
2019-01-29,us,UNH,,266.0,268.45001220703125,265.44000244140625,267.3399963378906,2173000,Yahoo Finance daily
2019-01-30,us,UNH,,269.69000244140625,272.44000244140625,267.19000244140625,270.3699951171875,3659000,Yahoo Finance daily
2019-01-31,us,UNH,,270.4800109863281,271.739990234375,268.989990234375,270.20001220703125,4055100,Yahoo Finance daily
2019-02-01,us,UNH,,268.4700012207031,269.3900146484375,266.0299987792969,268.7200012207031,3946800,Yahoo Finance daily
2019-02-04,us,UNH,,268.3099975585937,268.69000244140625,264.2699890136719,268.2099914550781,3398900,Yahoo Finance daily
2019-02-05,us,UNH,,270.1199951171875,272.0899963378906,265.8399963378906,266.3099975585937,3597000,Yahoo Finance daily
2019-02-06,us,UNH,,265.1400146484375,269.92999267578125,264.9800109863281,269.5,2570000,Yahoo Finance daily
2019-02-07,us,UNH,,268.6400146484375,270.5799865722656,267.260009765625,269.0,2458200,Yahoo Finance daily
2019-02-08,us,UNH,,267.5,268.70001220703125,260.32000732421875,261.8999938964844,4547000,Yahoo Finance daily
2019-02-11,us,UNH,,261.1700134277344,261.17999267578125,256.3399963378906,257.1400146484375,4856200,Yahoo Finance daily
2019-02-12,us,UNH,,259.2200012207031,264.0,256.9200134277344,263.5,4327900,Yahoo Finance daily
2019-02-13,us,UNH,,263.5199890136719,266.2900085449219,263.1499938964844,263.79998779296875,3066400,Yahoo Finance daily
2019-02-14,us,UNH,,263.239990234375,267.07000732421875,262.7099914550781,265.3299865722656,3015300,Yahoo Finance daily
2019-02-15,us,UNH,,267.7900085449219,271.1300048828125,266.6199951171875,271.1300048828125,3673700,Yahoo Finance daily
2019-02-19,us,UNH,,271.1700134277344,272.489990234375,269.2799987792969,270.4100036621094,2486700,Yahoo Finance daily
2019-02-20,us,UNH,,269.2099914550781,270.5899963378906,268.17999267578125,269.510009765625,2802800,Yahoo Finance daily
2019-02-21,us,UNH,,269.4700012207031,269.94000244140625,265.1000061035156,266.3999938964844,2554300,Yahoo Finance daily
2019-02-22,us,UNH,,266.5,268.3900146484375,265.95001220703125,267.1099853515625,3191100,Yahoo Finance daily
2019-02-25,us,UNH,,267.5799865722656,268.1700134277344,264.3800048828125,264.6000061035156,3679100,Yahoo Finance daily
2019-02-26,us,UNH,,264.6600036621094,265.42999267578125,262.79998779296875,262.9800109863281,3212900,Yahoo Finance daily
2019-02-27,us,UNH,,261.6099853515625,261.6099853515625,248.94000244140625,250.0800018310547,8952900,Yahoo Finance daily
2019-02-28,us,UNH,,249.6999969482422,251.9499969482422,239.1499938964844,242.22000122070312,11034300,Yahoo Finance daily
2019-03-01,us,UNH,,243.55999755859372,248.0,243.55999755859372,246.1499938964844,6921300,Yahoo Finance daily
2019-03-04,us,UNH,,248.1199951171875,248.4499969482422,234.50999450683597,236.0200042724609,8646300,Yahoo Finance daily
2019-03-05,us,UNH,,236.52999877929688,243.1999969482422,234.94000244140625,241.42999267578125,6924500,Yahoo Finance daily
2019-03-06,us,UNH,,241.7400054931641,241.7400054931641,237.02999877929688,239.07000732421875,4878700,Yahoo Finance daily
2019-03-07,us,UNH,,240.3000030517578,241.17999267578125,235.5500030517578,236.6999969482422,5033500,Yahoo Finance daily
2019-03-08,us,UNH,,235.1499938964844,239.41000366210935,234.63999938964844,237.2899932861328,4921700,Yahoo Finance daily
2019-03-11,us,UNH,,239.2100067138672,244.0200042724609,236.4199981689453,243.1499938964844,4539600,Yahoo Finance daily
2019-03-12,us,UNH,,244.9499969482422,247.47999572753903,243.7400054931641,245.8800048828125,4235800,Yahoo Finance daily
2019-03-13,us,UNH,,247.9600067138672,252.75999450683597,247.0800018310547,252.25,4881600,Yahoo Finance daily
2019-03-14,us,UNH,,253.0,255.05999755859372,252.33999633789065,253.2700042724609,3865200,Yahoo Finance daily
2019-03-15,us,UNH,,254.33999633789065,254.7400054931641,249.94000244140625,251.3999938964844,6466200,Yahoo Finance daily
2019-03-18,us,UNH,,252.66000366210935,255.30999755859372,250.4199981689453,255.0,3927400,Yahoo Finance daily
2019-03-19,us,UNH,,255.9499969482422,259.25,255.13999938964844,257.1300048828125,4164800,Yahoo Finance daily
2019-03-20,us,UNH,,257.42999267578125,257.69000244140625,249.97000122070312,250.5,4193500,Yahoo Finance daily
2019-03-21,us,UNH,,249.19000244140625,252.9600067138672,248.66000366210935,252.0200042724609,2699700,Yahoo Finance daily
2019-03-22,us,UNH,,250.57000732421875,251.1999969482422,246.9900054931641,247.08999633789065,3777900,Yahoo Finance daily
2019-03-25,us,UNH,,247.4199981689453,247.4199981689453,240.77999877929688,246.8600006103516,4110900,Yahoo Finance daily
2019-03-26,us,UNH,,247.25999450683597,247.88999938964844,241.72000122070312,243.38999938964844,4416200,Yahoo Finance daily
2019-03-27,us,UNH,,242.94000244140625,245.67999267578125,238.16000366210935,241.7100067138672,4819200,Yahoo Finance daily
2019-03-28,us,UNH,,242.58999633789065,242.8500061035156,238.88999938964844,242.22999572753903,3601500,Yahoo Finance daily
2019-03-29,us,UNH,,244.2899932861328,247.75999450683597,241.8699951171875,247.25999450683597,4294200,Yahoo Finance daily
2019-04-01,us,UNH,,249.7100067138672,250.1999969482422,243.05999755859372,245.5399932861328,4809500,Yahoo Finance daily
2019-04-02,us,UNH,,245.50999450683597,246.3999938964844,242.8000030517578,244.41000366210935,4057100,Yahoo Finance daily
2019-04-03,us,UNH,,246.30999755859372,247.5399932861328,244.58999633789065,245.83999633789065,2851400,Yahoo Finance daily
2019-04-04,us,UNH,,245.47999572753903,249.1100006103516,244.63999938964844,247.38999938964844,2255500,Yahoo Finance daily
2019-04-05,us,UNH,,248.9499969482422,249.30999755859372,245.1699981689453,248.77999877929688,3343000,Yahoo Finance daily
2019-04-08,us,UNH,,249.67999267578125,249.67999267578125,246.30999755859372,248.75,2195400,Yahoo Finance daily
2019-04-09,us,UNH,,247.57000732421875,249.94000244140625,245.9499969482422,248.7899932861328,2903800,Yahoo Finance daily
2019-04-10,us,UNH,,248.77999877929688,249.8699951171875,245.5200042724609,246.02999877929688,2753700,Yahoo Finance daily
2019-04-11,us,UNH,,246.0500030517578,246.9199981689453,232.67999267578125,235.4199981689453,8223400,Yahoo Finance daily
2019-04-12,us,UNH,,236.5,236.77999877929688,220.7700042724609,223.22000122070312,13979400,Yahoo Finance daily
2019-04-15,us,UNH,,225.7700042724609,230.97000122070312,224.41000366210935,230.1999969482422,10021800,Yahoo Finance daily
2019-04-16,us,UNH,,238.00999450683597,238.00999450683597,215.82000732421875,220.9600067138672,27361400,Yahoo Finance daily
2019-04-17,us,UNH,,223.7899932861328,224.2400054931641,208.07000732421875,216.83999633789065,22101400,Yahoo Finance daily
2019-04-18,us,UNH,,217.13999938964844,223.0,214.2100067138672,221.75,13927200,Yahoo Finance daily
2019-04-22,us,UNH,,224.0,227.55999755859372,221.5,227.1100006103516,11191800,Yahoo Finance daily
2019-04-23,us,UNH,,228.25,231.94000244140625,226.1000061035156,230.5800018310547,10261400,Yahoo Finance daily
2019-04-24,us,UNH,,230.08999633789065,231.6300048828125,227.75,230.3500061035156,6104100,Yahoo Finance daily
2019-04-25,us,UNH,,228.52999877929688,232.1199951171875,228.1300048828125,230.7899932861328,5954500,Yahoo Finance daily
2019-04-26,us,UNH,,232.13999938964844,237.1100006103516,231.19000244140625,237.0,6186200,Yahoo Finance daily
2019-04-29,us,UNH,,237.3999938964844,238.05999755859372,234.16000366210935,237.4499969482422,5345300,Yahoo Finance daily
2019-04-30,us,UNH,,238.0800018310547,238.0800018310547,230.19000244140625,233.07000732421875,7632300,Yahoo Finance daily
2019-05-01,us,UNH,,233.07000732421875,234.6199951171875,230.3500061035156,231.9499969482422,4823200,Yahoo Finance daily
2019-05-02,us,UNH,,230.8999938964844,233.33999633789065,228.0800018310547,232.4499969482422,5499200,Yahoo Finance daily
2019-05-03,us,UNH,,232.83999633789065,233.8999938964844,227.17999267578125,231.9499969482422,4323100,Yahoo Finance daily
2019-05-06,us,UNH,,228.1699981689453,240.57000732421875,227.5,240.5,7180200,Yahoo Finance daily
2019-05-07,us,UNH,,239.19000244140625,243.1499938964844,236.3999938964844,238.0500030517578,5104700,Yahoo Finance daily
2019-05-08,us,UNH,,238.0,240.80999755859372,235.52999877929688,239.1499938964844,3768400,Yahoo Finance daily
2019-05-09,us,UNH,,236.6000061035156,240.5399932861328,235.6699981689453,237.97000122070312,4299500,Yahoo Finance daily
2019-05-10,us,UNH,,239.97000122070312,242.6199951171875,236.3699951171875,240.58999633789065,4374400,Yahoo Finance daily
2019-05-13,us,UNH,,236.4499969482422,240.1000061035156,236.1999969482422,239.5500030517578,4684400,Yahoo Finance daily
2019-05-14,us,UNH,,240.63999938964844,240.9900054931641,236.27999877929688,236.42999267578125,5329700,Yahoo Finance daily
2019-05-15,us,UNH,,235.0,237.52999877929688,232.6199951171875,236.0800018310547,5099700,Yahoo Finance daily
2019-05-16,us,UNH,,235.88999938964844,240.4499969482422,235.72000122070312,236.7899932861328,4456400,Yahoo Finance daily
2019-05-17,us,UNH,,236.1699981689453,242.44000244140625,235.6499938964844,241.3800048828125,4486400,Yahoo Finance daily
2019-05-20,us,UNH,,240.0,246.7400054931641,239.7700042724609,245.9900054931641,5390800,Yahoo Finance daily
2019-05-21,us,UNH,,247.00999450683597,251.17999267578125,246.8000030517578,249.94000244140625,5345300,Yahoo Finance daily
2019-05-22,us,UNH,,249.1000061035156,251.02999877929688,248.7100067138672,249.33999633789065,4038000,Yahoo Finance daily
2019-05-23,us,UNH,,247.97999572753903,248.1499938964844,244.38999938964844,246.5,3934600,Yahoo Finance daily
2019-05-24,us,UNH,,247.25,249.3600006103516,245.50999450683597,247.6300048828125,2973900,Yahoo Finance daily
2019-05-28,us,UNH,,248.5,249.3000030517578,241.97999572753903,242.05999755859372,6172700,Yahoo Finance daily
2019-05-29,us,UNH,,239.8500061035156,243.02999877929688,237.8999938964844,242.3999938964844,3958400,Yahoo Finance daily
2019-05-30,us,UNH,,241.9199981689453,245.3500061035156,241.33999633789065,243.5,2646600,Yahoo Finance daily
2019-05-31,us,UNH,,241.9499969482422,243.6199951171875,239.47999572753903,241.8000030517578,3285700,Yahoo Finance daily
2019-06-03,us,UNH,,241.4900054931641,243.8000030517578,236.0200042724609,236.55999755859372,4999400,Yahoo Finance daily
2019-06-04,us,UNH,,238.1300048828125,241.0500030517578,234.8300018310547,240.75999450683597,4992000,Yahoo Finance daily
2019-06-05,us,UNH,,243.1699981689453,245.7899932861328,241.22999572753903,242.7700042724609,3194400,Yahoo Finance daily
2019-06-06,us,UNH,,243.1300048828125,243.94000244140625,241.72999572753903,241.82000732421875,2630100,Yahoo Finance daily
2019-06-07,us,UNH,,242.8999938964844,247.07000732421875,242.19000244140625,246.7700042724609,2837400,Yahoo Finance daily
2019-06-10,us,UNH,,247.0800018310547,249.6699981689453,245.9900054931641,248.13999938964844,2331000,Yahoo Finance daily
2019-06-11,us,UNH,,248.5200042724609,250.69000244140625,245.72999572753903,245.8699951171875,3043000,Yahoo Finance daily
2019-06-12,us,UNH,,246.1999969482422,246.5,242.3000030517578,244.5,3251800,Yahoo Finance daily
2019-06-13,us,UNH,,244.82000732421875,245.33999633789065,243.1199951171875,244.9600067138672,3107800,Yahoo Finance daily
2019-06-14,us,UNH,,244.72000122070312,246.1000061035156,242.7899932861328,245.3699951171875,2165500,Yahoo Finance daily
2019-06-17,us,UNH,,246.0,247.1000061035156,245.22000122070312,245.97000122070312,2270300,Yahoo Finance daily
2019-06-18,us,UNH,,247.5,249.33999633789065,245.1499938964844,245.6999969482422,3482500,Yahoo Finance daily
2019-06-19,us,UNH,,246.0,251.3699951171875,245.50999450683597,250.19000244140625,4204600,Yahoo Finance daily
2019-06-20,us,UNH,,251.6000061035156,252.82000732421875,247.3999938964844,247.75999450683597,3800800,Yahoo Finance daily
2019-06-21,us,UNH,,248.77999877929688,253.4900054931641,246.8999938964844,252.27999877929688,6323500,Yahoo Finance daily
2019-06-24,us,UNH,,251.3300018310547,252.6300048828125,247.8600006103516,249.63999938964844,3163800,Yahoo Finance daily
2019-06-25,us,UNH,,249.3000030517578,251.0399932861328,247.4199981689453,247.66000366210935,3182700,Yahoo Finance daily
2019-06-26,us,UNH,,248.0,248.0800018310547,243.1300048828125,243.47000122070312,3852900,Yahoo Finance daily
2019-06-27,us,UNH,,244.25999450683597,248.1499938964844,243.16000366210935,246.33999633789065,3366200,Yahoo Finance daily
2019-06-28,us,UNH,,246.5,246.75,238.6499938964844,244.00999450683597,6727600,Yahoo Finance daily
2019-07-01,us,UNH,,245.9499969482422,246.1699981689453,240.72000122070312,242.63999938964844,4102700,Yahoo Finance daily
2019-07-02,us,UNH,,242.58999633789065,243.9900054931641,239.5399932861328,243.97000122070312,3863500,Yahoo Finance daily
2019-07-03,us,UNH,,244.32000732421875,247.5200042724609,244.0399932861328,245.2100067138672,2559400,Yahoo Finance daily
2019-07-05,us,UNH,,244.38999938964844,248.75999450683597,244.05999755859372,246.9900054931641,2965000,Yahoo Finance daily
2019-07-08,us,UNH,,246.41000366210935,247.97999572753903,244.8800048828125,247.83999633789065,1902500,Yahoo Finance daily
2019-07-09,us,UNH,,244.6300048828125,246.0800018310547,243.69000244140625,246.0,2774800,Yahoo Finance daily
2019-07-10,us,UNH,,246.82000732421875,249.1100006103516,245.47999572753903,247.47999572753903,2753000,Yahoo Finance daily
2019-07-11,us,UNH,,255.8000030517578,261.69000244140625,249.0500030517578,261.1600036621094,10268800,Yahoo Finance daily
2019-07-12,us,UNH,,261.6300048828125,266.5199890136719,261.6300048828125,265.8999938964844,5336100,Yahoo Finance daily
2019-07-15,us,UNH,,265.0599975585937,267.6499938964844,264.25,265.9599914550781,2611400,Yahoo Finance daily
2019-07-16,us,UNH,,265.3299865722656,267.1400146484375,263.19000244140625,264.6600036621094,3121600,Yahoo Finance daily
2019-07-17,us,UNH,,264.0,268.69000244140625,263.5,266.6499938964844,3995200,Yahoo Finance daily
2019-07-18,us,UNH,,265.6400146484375,266.510009765625,257.260009765625,260.6000061035156,5825800,Yahoo Finance daily
2019-07-19,us,UNH,,261.1000061035156,262.7200012207031,256.3999938964844,256.6499938964844,4413200,Yahoo Finance daily
2019-07-22,us,UNH,,258.1400146484375,258.95001220703125,254.52999877929688,255.32000732421875,4104300,Yahoo Finance daily
2019-07-23,us,UNH,,254.47000122070312,256.1000061035156,252.0200042724609,255.00999450683597,2889300,Yahoo Finance daily
2019-07-24,us,UNH,,252.7899932861328,252.8300018310547,245.1300048828125,251.1300048828125,4864000,Yahoo Finance daily
2019-07-25,us,UNH,,251.1300048828125,252.75,248.2899932861328,248.6999969482422,3362800,Yahoo Finance daily
2019-07-26,us,UNH,,249.0200042724609,253.8800048828125,246.50999450683597,252.94000244140625,3362600,Yahoo Finance daily
2019-07-29,us,UNH,,252.83999633789065,255.3000030517578,252.33999633789065,253.82000732421875,2005500,Yahoo Finance daily
2019-07-30,us,UNH,,252.66000366210935,255.05999755859372,250.47000122070312,254.92999267578125,1908800,Yahoo Finance daily
2019-07-31,us,UNH,,256.32000732421875,257.1600036621094,248.47999572753903,249.00999450683597,3532400,Yahoo Finance daily
2019-08-01,us,UNH,,249.19000244140625,251.5800018310547,247.27999877929688,249.25,3613600,Yahoo Finance daily
2019-08-02,us,UNH,,249.69000244140625,251.57000732421875,246.1000061035156,250.0500030517578,2677600,Yahoo Finance daily
2019-08-05,us,UNH,,248.1300048828125,249.94000244140625,242.58999633789065,245.05999755859372,5812400,Yahoo Finance daily
2019-08-06,us,UNH,,245.92999267578125,248.27999877929688,243.57000732421875,248.27999877929688,3533000,Yahoo Finance daily
2019-08-07,us,UNH,,246.2700042724609,247.0399932861328,241.25999450683597,246.4499969482422,3205800,Yahoo Finance daily
2019-08-08,us,UNH,,246.19000244140625,247.6699981689453,243.3699951171875,247.6199951171875,2830700,Yahoo Finance daily
2019-08-09,us,UNH,,247.72000122070312,250.4199981689453,246.13999938964844,248.6300048828125,2535000,Yahoo Finance daily
2019-08-12,us,UNH,,246.7899932861328,247.9600067138672,243.02999877929688,243.1999969482422,2667400,Yahoo Finance daily
2019-08-13,us,UNH,,241.67999267578125,250.4600067138672,241.50999450683597,249.22000122070312,2763400,Yahoo Finance daily
2019-08-14,us,UNH,,246.72999572753903,248.41000366210935,243.00999450683597,243.1999969482422,3464300,Yahoo Finance daily
2019-08-15,us,UNH,,244.3500061035156,245.25999450683597,241.4499969482422,244.25,2513500,Yahoo Finance daily
2019-08-16,us,UNH,,245.3800048828125,247.1100006103516,244.17999267578125,245.69000244140625,2810000,Yahoo Finance daily
2019-08-19,us,UNH,,247.4900054931641,248.4900054931641,244.08999633789065,244.7100067138672,2672300,Yahoo Finance daily
2019-08-20,us,UNH,,244.2100067138672,244.6000061035156,239.9199981689453,240.16000366210935,3201300,Yahoo Finance daily
2019-08-21,us,UNH,,240.19000244140625,241.88999938964844,239.3000030517578,240.3500061035156,2761900,Yahoo Finance daily
2019-08-22,us,UNH,,240.3500061035156,240.3500061035156,232.6699981689453,232.94000244140625,4498200,Yahoo Finance daily
2019-08-23,us,UNH,,232.8999938964844,235.1000061035156,229.3800048828125,230.66000366210935,4826600,Yahoo Finance daily
2019-08-26,us,UNH,,232.5200042724609,234.55999755859372,230.4600067138672,231.0800018310547,2918300,Yahoo Finance daily
2019-08-27,us,UNH,,231.72000122070312,232.3999938964844,222.6000061035156,222.92999267578125,4988100,Yahoo Finance daily
2019-08-28,us,UNH,,222.4199981689453,229.7700042724609,220.77999877929688,227.3500061035156,4847600,Yahoo Finance daily
2019-08-29,us,UNH,,228.4199981689453,232.3000030517578,228.00999450683597,230.6199951171875,4052500,Yahoo Finance daily
2019-08-30,us,UNH,,233.6699981689453,235.0500030517578,232.2899932861328,234.0,3384100,Yahoo Finance daily
2019-09-03,us,UNH,,231.7400054931641,232.1699981689453,228.47000122070312,230.6199951171875,3382300,Yahoo Finance daily
2019-09-04,us,UNH,,231.9499969482422,232.9499969482422,226.5,226.72999572753903,4526100,Yahoo Finance daily
2019-09-05,us,UNH,,230.0,231.50999450683597,227.5800018310547,229.58999633789065,4256900,Yahoo Finance daily
2019-09-06,us,UNH,,230.1699981689453,231.9600067138672,228.58999633789065,229.0,4183200,Yahoo Finance daily
2019-09-09,us,UNH,,229.0,232.0,228.55999755859372,230.67999267578125,3895600,Yahoo Finance daily
2019-09-10,us,UNH,,231.4499969482422,234.2899932861328,230.8300018310547,232.4600067138672,4257600,Yahoo Finance daily
2019-09-11,us,UNH,,232.4900054931641,234.25,228.5800018310547,234.2100067138672,3168100,Yahoo Finance daily
2019-09-12,us,UNH,,235.0,236.3999938964844,229.6999969482422,230.1000061035156,4713700,Yahoo Finance daily
2019-09-13,us,UNH,,232.9900054931641,236.55999755859372,231.5399932861328,233.6100006103516,4523200,Yahoo Finance daily
2019-09-16,us,UNH,,232.82000732421875,236.0500030517578,232.1499938964844,234.42999267578125,2973600,Yahoo Finance daily
2019-09-17,us,UNH,,233.07000732421875,233.9900054931641,231.1699981689453,232.5200042724609,2392900,Yahoo Finance daily
2019-09-18,us,UNH,,230.8000030517578,233.1300048828125,229.22999572753903,230.6100006103516,2960500,Yahoo Finance daily
2019-09-19,us,UNH,,232.0,233.9499969482422,231.22999572753903,232.8500061035156,2666700,Yahoo Finance daily
2019-09-20,us,UNH,,234.7700042724609,235.0,231.9199981689453,232.88999938964844,6220100,Yahoo Finance daily
2019-09-23,us,UNH,,229.7700042724609,230.77999877929688,228.32000732421875,228.7700042724609,3281200,Yahoo Finance daily
2019-09-24,us,UNH,,229.3800048828125,229.83999633789065,222.9199981689453,225.0,5006800,Yahoo Finance daily
2019-09-25,us,UNH,,224.27999877929688,226.5,222.1300048828125,222.1699981689453,4658000,Yahoo Finance daily
2019-09-26,us,UNH,,223.0399932861328,223.6300048828125,213.42999267578125,215.47999572753903,10444400,Yahoo Finance daily
2019-09-27,us,UNH,,218.17999267578125,218.8800048828125,215.0200042724609,215.25999450683597,4834900,Yahoo Finance daily
2019-09-30,us,UNH,,213.63999938964844,218.52999877929688,213.1199951171875,217.32000732421875,5286300,Yahoo Finance daily
2019-10-01,us,UNH,,219.19000244140625,219.19000244140625,212.0800018310547,217.2100067138672,5523600,Yahoo Finance daily
2019-10-02,us,UNH,,216.1499938964844,219.3600006103516,215.27999877929688,216.75,4921200,Yahoo Finance daily
2019-10-03,us,UNH,,215.6300048828125,216.3600006103516,213.0500030517578,215.3600006103516,3375800,Yahoo Finance daily
2019-10-04,us,UNH,,216.83999633789065,219.8600006103516,215.13999938964844,219.8000030517578,3700500,Yahoo Finance daily
2019-10-07,us,UNH,,219.0500030517578,222.52999877929688,218.9900054931641,221.2400054931641,3843200,Yahoo Finance daily
2019-10-08,us,UNH,,219.4900054931641,221.97999572753903,218.3999938964844,220.1100006103516,4817000,Yahoo Finance daily
2019-10-09,us,UNH,,221.7100067138672,223.47000122070312,220.1699981689453,222.0800018310547,4483100,Yahoo Finance daily
2019-10-10,us,UNH,,218.19000244140625,224.1300048828125,217.5200042724609,223.72999572753903,5252200,Yahoo Finance daily
2019-10-11,us,UNH,,225.5399932861328,228.8500061035156,221.58999633789065,222.07000732421875,5891600,Yahoo Finance daily
2019-10-14,us,UNH,,221.6300048828125,223.33999633789065,219.8999938964844,220.58999633789065,4075300,Yahoo Finance daily
2019-10-15,us,UNH,,232.69000244140625,239.83999633789065,231.08999633789065,238.58999633789065,13397700,Yahoo Finance daily
2019-10-16,us,UNH,,236.2899932861328,237.47999572753903,234.0800018310547,236.9900054931641,5368600,Yahoo Finance daily
2019-10-17,us,UNH,,238.69000244140625,244.6100006103516,237.2700042724609,243.6699981689453,6301200,Yahoo Finance daily
2019-10-18,us,UNH,,244.4499969482422,246.41000366210935,241.75999450683597,245.33999633789065,4922100,Yahoo Finance daily
2019-10-21,us,UNH,,245.0200042724609,245.6000061035156,242.1499938964844,243.9199981689453,3029200,Yahoo Finance daily
2019-10-22,us,UNH,,243.63999938964844,251.5,243.1499938964844,249.47999572753903,5660800,Yahoo Finance daily
2019-10-23,us,UNH,,248.38999938964844,251.75,246.72999572753903,247.8000030517578,3706600,Yahoo Finance daily
2019-10-24,us,UNH,,248.02999877929688,248.4900054931641,243.91000366210935,244.50999450683597,2546900,Yahoo Finance daily
2019-10-25,us,UNH,,243.91000366210935,246.0800018310547,242.1499938964844,244.91000366210935,2815100,Yahoo Finance daily
2019-10-28,us,UNH,,245.25999450683597,248.38999938964844,244.9199981689453,247.0500030517578,2957100,Yahoo Finance daily
2019-10-29,us,UNH,,247.0399932861328,253.1999969482422,246.30999755859372,252.2899932861328,3528900,Yahoo Finance daily
2019-10-30,us,UNH,,252.1699981689453,255.27999877929688,251.97999572753903,254.8000030517578,3299600,Yahoo Finance daily
2019-10-31,us,UNH,,254.3800048828125,255.72000122070312,249.91000366210935,252.6999969482422,3960400,Yahoo Finance daily
2019-11-01,us,UNH,,253.9900054931641,256.3299865722656,252.16000366210935,252.2100067138672,2919600,Yahoo Finance daily
2019-11-04,us,UNH,,253.6300048828125,253.8300018310547,249.91000366210935,251.25,3186400,Yahoo Finance daily
2019-11-05,us,UNH,,253.7400054931641,254.2700042724609,250.08999633789065,250.3000030517578,5393400,Yahoo Finance daily
2019-11-06,us,UNH,,249.7100067138672,251.9900054931641,249.08999633789065,250.5200042724609,3668600,Yahoo Finance daily
2019-11-07,us,UNH,,251.9499969482422,256.75,251.25999450683597,256.4599914550781,3646300,Yahoo Finance daily
2019-11-08,us,UNH,,256.7699890136719,258.3399963378906,255.0,256.9700012207031,2200300,Yahoo Finance daily
2019-11-11,us,UNH,,255.0500030517578,256.4599914550781,253.3300018310547,254.08999633789065,1765600,Yahoo Finance daily
2019-11-12,us,UNH,,253.58999633789065,255.75999450683597,253.41000366210935,255.25,1892500,Yahoo Finance daily
2019-11-13,us,UNH,,254.8699951171875,256.8800048828125,253.19000244140625,253.57000732421875,3289800,Yahoo Finance daily
2019-11-14,us,UNH,,253.8000030517578,256.0799865722656,253.47000122070312,255.8300018310547,2101900,Yahoo Finance daily
2019-11-15,us,UNH,,256.1099853515625,275.57000732421875,255.3600006103516,269.3999938964844,10136000,Yahoo Finance daily
2019-11-18,us,UNH,,269.0,278.45001220703125,269.0,272.92999267578125,6985200,Yahoo Finance daily
2019-11-19,us,UNH,,275.239990234375,275.3599853515625,271.54998779296875,274.2300109863281,4002000,Yahoo Finance daily
2019-11-20,us,UNH,,272.25,276.0299987792969,271.239990234375,275.5599975585937,4141600,Yahoo Finance daily
2019-11-21,us,UNH,,275.2200012207031,277.67999267578125,273.9100036621094,276.54998779296875,3309900,Yahoo Finance daily
2019-11-22,us,UNH,,276.5299987792969,277.7699890136719,275.0,276.8399963378906,2802700,Yahoo Finance daily
2019-11-25,us,UNH,,277.7799987792969,283.0,277.010009765625,282.6700134277344,4082900,Yahoo Finance daily
2019-11-26,us,UNH,,280.7099914550781,282.25,280.1600036621094,281.3999938964844,2998600,Yahoo Finance daily
2019-11-27,us,UNH,,281.010009765625,281.92999267578125,278.69000244140625,280.6700134277344,2323900,Yahoo Finance daily
2019-11-29,us,UNH,,278.1000061035156,280.9200134277344,277.3299865722656,279.8699951171875,1520900,Yahoo Finance daily
2019-12-02,us,UNH,,281.7799987792969,282.0,278.57000732421875,279.6600036621094,2517100,Yahoo Finance daily
2019-12-03,us,UNH,,276.9700012207031,278.4200134277344,273.8500061035156,276.8999938964844,3239200,Yahoo Finance daily
2019-12-04,us,UNH,,281.6199951171875,281.8399963378906,278.6400146484375,279.32000732421875,2694200,Yahoo Finance daily
2019-12-05,us,UNH,,279.239990234375,282.82000732421875,277.4800109863281,282.0,3357300,Yahoo Finance daily
2019-12-06,us,UNH,,282.8399963378906,283.0400085449219,279.1099853515625,280.19000244140625,2828900,Yahoo Finance daily
2019-12-09,us,UNH,,280.7699890136719,280.8699951171875,277.4200134277344,277.5400085449219,2697100,Yahoo Finance daily
2019-12-10,us,UNH,,277.6000061035156,279.6000061035156,274.010009765625,279.5199890136719,2515300,Yahoo Finance daily
2019-12-11,us,UNH,,278.29998779296875,280.6600036621094,278.0299987792969,280.5,2751300,Yahoo Finance daily
2019-12-12,us,UNH,,281.0299987792969,283.989990234375,280.0400085449219,283.6099853515625,2996200,Yahoo Finance daily
2019-12-13,us,UNH,,284.9700012207031,287.8099975585937,284.1199951171875,285.4800109863281,3599300,Yahoo Finance daily
2019-12-16,us,UNH,,287.9700012207031,295.44000244140625,287.0599975585937,292.0299987792969,4663600,Yahoo Finance daily
2019-12-17,us,UNH,,291.239990234375,292.7799987792969,289.1700134277344,290.4700012207031,4409100,Yahoo Finance daily
2019-12-18,us,UNH,,291.0,294.8599853515625,290.989990234375,292.8999938964844,3621600,Yahoo Finance daily
2019-12-19,us,UNH,,295.0,297.20001220703125,293.6199951171875,294.6199951171875,2905900,Yahoo Finance daily
2019-12-20,us,UNH,,298.8999938964844,300.0,292.510009765625,292.5899963378906,6608300,Yahoo Finance daily
2019-12-23,us,UNH,,293.42999267578125,295.8500061035156,292.8099975585937,295.0899963378906,2098900,Yahoo Finance daily
2019-12-24,us,UNH,,295.260009765625,295.8299865722656,293.5599975585937,294.5400085449219,714000,Yahoo Finance daily
2019-12-26,us,UNH,,295.29998779296875,296.260009765625,294.5400085449219,295.6499938964844,1050600,Yahoo Finance daily
2019-12-27,us,UNH,,296.010009765625,296.5400085449219,295.010009765625,295.9700012207031,1547100,Yahoo Finance daily
2019-12-30,us,UNH,,296.04998779296875,296.5400085449219,293.45001220703125,293.8500061035156,1511700,Yahoo Finance daily
2019-12-31,us,UNH,,293.6600036621094,294.0899963378906,291.1499938964844,293.9800109863281,2224200,Yahoo Finance daily
2020-01-02,us,UNH,,293.9800109863281,295.70001220703125,289.7900085449219,292.5,2543400,Yahoo Finance daily
2020-01-03,us,UNH,,287.2699890136719,291.8800048828125,284.3599853515625,289.5400085449219,2711400,Yahoo Finance daily
2020-01-06,us,UNH,,288.0,291.6600036621094,287.2200012207031,291.54998779296875,3079100,Yahoo Finance daily
2020-01-07,us,UNH,,290.70001220703125,291.489990234375,287.5799865722656,289.7900085449219,2492900,Yahoo Finance daily
2020-01-08,us,UNH,,291.5,297.3800048828125,290.0400085449219,295.8999938964844,3379200,Yahoo Finance daily
2020-01-09,us,UNH,,294.2900085449219,297.20001220703125,293.7200012207031,294.2200012207031,2838200,Yahoo Finance daily
2020-01-10,us,UNH,,296.07000732421875,296.07000732421875,292.2099914550781,295.1300048828125,2477900,Yahoo Finance daily
2020-01-13,us,UNH,,294.3699951171875,294.45001220703125,285.0199890136719,285.8500061035156,6994900,Yahoo Finance daily
2020-01-14,us,UNH,,285.6000061035156,288.239990234375,284.25,288.239990234375,6056300,Yahoo Finance daily
2020-01-15,us,UNH,,289.0199890136719,299.6400146484375,289.0,296.4100036621094,6081300,Yahoo Finance daily
2020-01-16,us,UNH,,298.0,300.989990234375,295.92999267578125,300.739990234375,3710300,Yahoo Finance daily
2020-01-17,us,UNH,,300.010009765625,300.70001220703125,295.8800048828125,298.4700012207031,4632200,Yahoo Finance daily
2020-01-21,us,UNH,,296.8900146484375,302.5400085449219,296.010009765625,300.5299987792969,4962800,Yahoo Finance daily
2020-01-22,us,UNH,,301.989990234375,302.1300048828125,297.3500061035156,300.5899963378906,3117600,Yahoo Finance daily
2020-01-23,us,UNH,,300.010009765625,300.5799865722656,296.6499938964844,299.4599914550781,3169600,Yahoo Finance daily
2020-01-24,us,UNH,,298.3399963378906,299.92999267578125,291.5599975585937,292.8099975585937,3678500,Yahoo Finance daily
2020-01-27,us,UNH,,288.0,288.0799865722656,280.07000732421875,284.0899963378906,4399400,Yahoo Finance daily
2020-01-28,us,UNH,,283.9100036621094,288.3699951171875,283.29998779296875,285.8699951171875,4341000,Yahoo Finance daily
2020-01-29,us,UNH,,284.0,286.19000244140625,280.8900146484375,282.8999938964844,3963800,Yahoo Finance daily
2020-01-30,us,UNH,,281.8399963378906,281.8399963378906,275.9200134277344,280.9800109863281,4211800,Yahoo Finance daily
2020-01-31,us,UNH,,278.1700134277344,278.7799987792969,271.17999267578125,272.45001220703125,5532600,Yahoo Finance daily
2020-02-03,us,UNH,,275.1300048828125,276.8500061035156,270.82000732421875,274.0199890136719,5646800,Yahoo Finance daily
2020-02-04,us,UNH,,277.2799987792969,283.5,276.8800048828125,280.8399963378906,4290200,Yahoo Finance daily
2020-02-05,us,UNH,,285.6000061035156,297.0,285.44000244140625,295.7300109863281,5761000,Yahoo Finance daily
2020-02-06,us,UNH,,297.0,297.2699890136719,290.0,292.4599914550781,3044000,Yahoo Finance daily
2020-02-07,us,UNH,,292.8699951171875,293.3900146484375,288.9100036621094,289.2200012207031,3425900,Yahoo Finance daily
2020-02-10,us,UNH,,286.2300109863281,289.2900085449219,285.45001220703125,287.0299987792969,3147400,Yahoo Finance daily
2020-02-11,us,UNH,,286.8500061035156,291.57000732421875,285.8999938964844,290.7900085449219,2992200,Yahoo Finance daily
2020-02-12,us,UNH,,295.0,305.0,294.010009765625,303.4800109863281,6701900,Yahoo Finance daily
2020-02-13,us,UNH,,300.1400146484375,305.8999938964844,300.1400146484375,302.20001220703125,3565500,Yahoo Finance daily
2020-02-14,us,UNH,,302.2099914550781,303.9700012207031,297.3099975585937,298.7799987792969,2485600,Yahoo Finance daily
2020-02-18,us,UNH,,299.6700134277344,303.3500061035156,299.0,302.1400146484375,3241700,Yahoo Finance daily
2020-02-19,us,UNH,,303.3699951171875,306.7099914550781,302.7300109863281,305.3099975585937,3021100,Yahoo Finance daily
2020-02-20,us,UNH,,303.20001220703125,304.1600036621094,297.8900146484375,302.1300048828125,2885500,Yahoo Finance daily
2020-02-21,us,UNH,,300.4700012207031,302.510009765625,298.6099853515625,301.42999267578125,2987100,Yahoo Finance daily
2020-02-24,us,UNH,,286.8900146484375,288.989990234375,277.6400146484375,277.7900085449219,8790600,Yahoo Finance daily
2020-02-25,us,UNH,,280.1499938964844,281.9800109863281,262.010009765625,263.3900146484375,8171200,Yahoo Finance daily
2020-02-26,us,UNH,,264.7200012207031,269.8299865722656,258.7099914550781,263.0,6806600,Yahoo Finance daily
2020-02-27,us,UNH,,258.4200134277344,262.1499938964844,252.07000732421875,253.9199981689453,7604300,Yahoo Finance daily
2020-02-28,us,UNH,,246.1999969482422,257.1000061035156,245.3000030517578,254.9600067138672,9961000,Yahoo Finance daily
2020-03-02,us,UNH,,257.3399963378906,273.239990234375,250.32000732421875,273.1099853515625,8866300,Yahoo Finance daily
2020-03-03,us,UNH,,275.3500061035156,280.3500061035156,259.2300109863281,261.3999938964844,9188100,Yahoo Finance daily
2020-03-04,us,UNH,,290.0,295.8399963378906,282.2099914550781,289.4200134277344,14533000,Yahoo Finance daily
2020-03-05,us,UNH,,281.6000061035156,289.4200134277344,279.94000244140625,282.9599914550781,5908400,Yahoo Finance daily
2020-03-06,us,UNH,,275.4200134277344,284.9700012207031,271.8999938964844,283.8699951171875,5361900,Yahoo Finance daily
2020-03-09,us,UNH,,264.4599914550781,281.44000244140625,259.239990234375,273.44000244140625,8070700,Yahoo Finance daily
2020-03-10,us,UNH,,279.7200012207031,283.8999938964844,272.5,280.0,7366000,Yahoo Finance daily
2020-03-11,us,UNH,,274.760009765625,285.239990234375,273.260009765625,277.7799987792969,7744600,Yahoo Finance daily
2020-03-12,us,UNH,,260.0,272.2300109863281,250.0,250.41000366210935,10496600,Yahoo Finance daily
2020-03-13,us,UNH,,260.989990234375,273.2200012207031,242.2700042724609,272.0400085449219,9308400,Yahoo Finance daily
2020-03-16,us,UNH,,243.9199981689453,245.67999267578125,223.9499969482422,225.0399932861328,10303500,Yahoo Finance daily
2020-03-17,us,UNH,,230.82000732421875,248.75999450683597,228.2899932861328,244.22000122070312,9642200,Yahoo Finance daily
2020-03-18,us,UNH,,225.75,231.4499969482422,200.19000244140625,217.05999755859372,12917500,Yahoo Finance daily
2020-03-19,us,UNH,,216.97999572753903,226.1199951171875,208.94000244140625,219.8000030517578,8065200,Yahoo Finance daily
2020-03-20,us,UNH,,223.17999267578125,232.63999938964844,203.4600067138672,206.58999633789065,9364100,Yahoo Finance daily
2020-03-23,us,UNH,,202.0399932861328,205.75,187.72000122070312,194.8600006103516,10654500,Yahoo Finance daily
2020-03-24,us,UNH,,202.13999938964844,220.2700042724609,199.0,219.8000030517578,8894400,Yahoo Finance daily
2020-03-25,us,UNH,,219.08999633789065,247.50999450683597,216.0,234.4900054931641,10014000,Yahoo Finance daily
2020-03-26,us,UNH,,234.02999877929688,257.9599914550781,232.3000030517578,255.38999938964844,7517600,Yahoo Finance daily
2020-03-27,us,UNH,,242.94000244140625,251.6000061035156,238.2400054931641,242.4499969482422,4879500,Yahoo Finance daily
2020-03-30,us,UNH,,242.63999938964844,254.08999633789065,242.63999938964844,251.27999877929688,5329000,Yahoo Finance daily
2020-03-31,us,UNH,,243.47999572753903,254.52999877929688,243.0,249.3800048828125,5450000,Yahoo Finance daily
2020-04-01,us,UNH,,238.69000244140625,246.6100006103516,235.44000244140625,237.32000732421875,4548800,Yahoo Finance daily
2020-04-02,us,UNH,,235.3000030517578,242.0,226.02999877929688,240.44000244140625,4636800,Yahoo Finance daily
2020-04-03,us,UNH,,238.32000732421875,239.33999633789065,227.2700042724609,229.4900054931641,4650300,Yahoo Finance daily
2020-04-06,us,UNH,,240.0,249.2899932861328,235.1199951171875,248.33999633789065,6365900,Yahoo Finance daily
2020-04-07,us,UNH,,259.8099975585937,266.7099914550781,246.5399932861328,248.0399932861328,4984100,Yahoo Finance daily
2020-04-08,us,UNH,,247.69000244140625,269.1600036621094,246.25999450683597,267.8299865722656,6390200,Yahoo Finance daily
2020-04-09,us,UNH,,265.0,270.3999938964844,261.6000061035156,264.1300048828125,4923300,Yahoo Finance daily
2020-04-13,us,UNH,,262.0599975585937,264.9599914550781,258.17999267578125,263.510009765625,2964900,Yahoo Finance daily
2020-04-14,us,UNH,,269.0,273.07000732421875,267.0,270.5,4778900,Yahoo Finance daily
2020-04-15,us,UNH,,276.3299865722656,282.989990234375,270.67999267578125,281.67999267578125,7841800,Yahoo Finance daily
2020-04-16,us,UNH,,283.44000244140625,300.0,280.010009765625,298.42999267578125,7738900,Yahoo Finance daily
2020-04-17,us,UNH,,300.989990234375,304.0,287.1000061035156,290.5599975585937,5857500,Yahoo Finance daily
2020-04-20,us,UNH,,285.29998779296875,289.010009765625,281.2699890136719,282.1400146484375,4072600,Yahoo Finance daily
2020-04-21,us,UNH,,274.95001220703125,280.0,273.25,274.19000244140625,3977500,Yahoo Finance daily
2020-04-22,us,UNH,,279.5799865722656,283.82000732421875,276.7099914550781,277.0199890136719,3663300,Yahoo Finance daily
2020-04-23,us,UNH,,279.0599975585937,288.4599914550781,278.5400085449219,285.3299865722656,4420500,Yahoo Finance daily
2020-04-24,us,UNH,,287.2900085449219,291.8999938964844,284.0,291.2900085449219,3265000,Yahoo Finance daily
2020-04-27,us,UNH,,293.2099914550781,296.8599853515625,290.6300048828125,293.9800109863281,3706200,Yahoo Finance daily
2020-04-28,us,UNH,,298.0,298.25,285.6199951171875,288.3599853515625,3862900,Yahoo Finance daily
2020-04-29,us,UNH,,292.0,292.75,286.1000061035156,287.6499938964844,4258400,Yahoo Finance daily
2020-04-30,us,UNH,,286.6499938964844,295.0,285.5199890136719,292.4700012207031,7631700,Yahoo Finance daily
2020-05-01,us,UNH,,288.3900146484375,289.0,279.6000061035156,284.510009765625,3526100,Yahoo Finance daily
2020-05-04,us,UNH,,284.489990234375,287.94000244140625,282.1099853515625,287.5400085449219,2894200,Yahoo Finance daily
2020-05-05,us,UNH,,289.9599914550781,296.0,287.2900085449219,293.0400085449219,2501300,Yahoo Finance daily
2020-05-06,us,UNH,,295.1000061035156,297.67999267578125,288.44000244140625,288.7699890136719,2579200,Yahoo Finance daily
2020-05-07,us,UNH,,291.0599975585937,292.2900085449219,284.5199890136719,285.0,3162300,Yahoo Finance daily
2020-05-08,us,UNH,,289.489990234375,290.0,285.6600036621094,287.0,3200000,Yahoo Finance daily
2020-05-11,us,UNH,,285.5599975585937,290.1000061035156,285.260009765625,288.69000244140625,3490700,Yahoo Finance daily
2020-05-12,us,UNH,,291.7699890136719,293.1499938964844,287.70001220703125,287.70001220703125,4214300,Yahoo Finance daily
2020-05-13,us,UNH,,284.489990234375,286.3999938964844,275.5599975585937,278.0,5474100,Yahoo Finance daily
2020-05-14,us,UNH,,275.92999267578125,292.45001220703125,275.6400146484375,290.6099853515625,5704600,Yahoo Finance daily
2020-05-15,us,UNH,,292.4100036621094,300.0,290.7200012207031,290.9599914550781,12182800,Yahoo Finance daily
2020-05-18,us,UNH,,298.4800109863281,299.7200012207031,292.0199890136719,293.3599853515625,4015100,Yahoo Finance daily
2020-05-19,us,UNH,,290.739990234375,294.6300048828125,288.8800048828125,289.04998779296875,3059400,Yahoo Finance daily
2020-05-20,us,UNH,,292.8999938964844,292.8999938964844,286.70001220703125,287.989990234375,3200600,Yahoo Finance daily
2020-05-21,us,UNH,,286.0400085449219,290.1300048828125,284.92999267578125,286.9100036621094,3604900,Yahoo Finance daily
2020-05-22,us,UNH,,287.29998779296875,290.239990234375,284.7900085449219,289.94000244140625,2922800,Yahoo Finance daily
2020-05-26,us,UNH,,296.5,297.0299987792969,292.5,294.8900146484375,4567800,Yahoo Finance daily
2020-05-27,us,UNH,,297.4200134277344,303.79998779296875,290.79998779296875,303.7699890136719,5618900,Yahoo Finance daily
2020-05-28,us,UNH,,305.95001220703125,309.6600036621094,303.2900085449219,303.9700012207031,4387700,Yahoo Finance daily
2020-05-29,us,UNH,,304.7200012207031,308.3699951171875,300.8500061035156,304.8500061035156,6251500,Yahoo Finance daily
2020-06-01,us,UNH,,304.0199890136719,305.9800109863281,300.5599975585937,305.92999267578125,2894000,Yahoo Finance daily
2020-06-02,us,UNH,,305.5799865722656,308.1000061035156,301.7300109863281,306.3099975585937,2756800,Yahoo Finance daily
2020-06-03,us,UNH,,307.8500061035156,310.1199951171875,302.739990234375,305.3500061035156,4360000,Yahoo Finance daily
2020-06-04,us,UNH,,303.17999267578125,304.4700012207031,294.2900085449219,298.0799865722656,4374300,Yahoo Finance daily
2020-06-05,us,UNH,,304.0,314.2799987792969,300.5,311.8500061035156,5554300,Yahoo Finance daily
2020-06-08,us,UNH,,308.6400146484375,315.8399963378906,307.92999267578125,309.4800109863281,4635500,Yahoo Finance daily
2020-06-09,us,UNH,,309.8999938964844,312.6499938964844,307.3299865722656,309.2099914550781,3061500,Yahoo Finance daily
2020-06-10,us,UNH,,308.94000244140625,310.3099975585937,302.8599853515625,305.75,3296100,Yahoo Finance daily
2020-06-11,us,UNH,,303.3599853515625,303.3599853515625,280.79998779296875,283.7300109863281,6638900,Yahoo Finance daily
2020-06-12,us,UNH,,290.6499938964844,294.1000061035156,278.70001220703125,285.1499938964844,5416800,Yahoo Finance daily
2020-06-15,us,UNH,,278.0199890136719,287.0,273.7099914550781,286.2799987792969,4494600,Yahoo Finance daily
2020-06-16,us,UNH,,295.44000244140625,297.57000732421875,287.44000244140625,293.0,4245400,Yahoo Finance daily
2020-06-17,us,UNH,,295.1000061035156,295.1000061035156,291.2300109863281,292.6000061035156,2538000,Yahoo Finance daily
2020-06-18,us,UNH,,290.42999267578125,291.7799987792969,286.6000061035156,291.4800109863281,2926600,Yahoo Finance daily
2020-06-19,us,UNH,,294.42999267578125,296.5199890136719,290.9100036621094,291.239990234375,5172800,Yahoo Finance daily
2020-06-22,us,UNH,,289.7900085449219,293.0,286.260009765625,292.6700134277344,2174100,Yahoo Finance daily
2020-06-23,us,UNH,,294.010009765625,299.2799987792969,291.07000732421875,297.6000061035156,4023400,Yahoo Finance daily
2020-06-24,us,UNH,,293.989990234375,297.1000061035156,285.57000732421875,289.17999267578125,3399900,Yahoo Finance daily
2020-06-25,us,UNH,,288.2799987792969,296.7799987792969,286.0599975585937,296.2200012207031,3112500,Yahoo Finance daily
2020-06-26,us,UNH,,295.1400146484375,296.5799865722656,285.82000732421875,286.8800048828125,5043200,Yahoo Finance daily
2020-06-29,us,UNH,,288.45001220703125,292.2799987792969,286.6199951171875,289.760009765625,2356700,Yahoo Finance daily
2020-06-30,us,UNH,,288.57000732421875,296.45001220703125,287.6600036621094,294.95001220703125,2932900,Yahoo Finance daily
2020-07-01,us,UNH,,295.8299865722656,300.3999938964844,295.239990234375,297.7300109863281,2303800,Yahoo Finance daily
2020-07-02,us,UNH,,300.5,303.0799865722656,297.17999267578125,298.260009765625,1971700,Yahoo Finance daily
2020-07-06,us,UNH,,303.0,303.489990234375,299.3299865722656,302.8099975585937,2395000,Yahoo Finance daily
2020-07-07,us,UNH,,300.6600036621094,303.5599975585937,295.95001220703125,296.6499938964844,2075700,Yahoo Finance daily
2020-07-08,us,UNH,,297.3500061035156,300.8699951171875,295.67999267578125,298.3599853515625,1987400,Yahoo Finance daily
2020-07-09,us,UNH,,295.1000061035156,298.54998779296875,287.5,291.1600036621094,3061700,Yahoo Finance daily
2020-07-10,us,UNH,,294.239990234375,294.239990234375,287.1000061035156,291.2300109863281,2391600,Yahoo Finance daily
2020-07-13,us,UNH,,292.0899963378906,304.5199890136719,291.7699890136719,299.7099914550781,4263300,Yahoo Finance daily
2020-07-14,us,UNH,,297.8099975585937,309.739990234375,296.7099914550781,308.5199890136719,4234900,Yahoo Finance daily
2020-07-15,us,UNH,,301.1199951171875,310.69000244140625,298.6600036621094,304.07000732421875,5116900,Yahoo Finance daily
2020-07-16,us,UNH,,305.010009765625,310.8500061035156,303.1600036621094,307.1499938964844,3844500,Yahoo Finance daily
2020-07-17,us,UNH,,309.0899963378906,310.9700012207031,306.25,306.5299987792969,3016500,Yahoo Finance daily
2020-07-20,us,UNH,,306.7900085449219,308.6000061035156,302.3800048828125,303.4599914550781,2375500,Yahoo Finance daily
2020-07-21,us,UNH,,305.0299987792969,307.0,303.1099853515625,305.1099853515625,2340200,Yahoo Finance daily
2020-07-22,us,UNH,,304.8599853515625,306.9100036621094,301.8099975585937,306.7099914550781,1935800,Yahoo Finance daily
2020-07-23,us,UNH,,308.20001220703125,308.5,301.2699890136719,302.9700012207031,2367700,Yahoo Finance daily
2020-07-24,us,UNH,,303.3299865722656,304.2799987792969,299.2300109863281,300.7900085449219,2415700,Yahoo Finance daily
2020-07-27,us,UNH,,298.42999267578125,302.1300048828125,297.3699951171875,298.6000061035156,2060500,Yahoo Finance daily
2020-07-28,us,UNH,,297.8900146484375,301.3999938964844,297.2099914550781,299.92999267578125,2257400,Yahoo Finance daily
2020-07-29,us,UNH,,301.4599914550781,309.75,300.0,306.67999267578125,2672700,Yahoo Finance daily
2020-07-30,us,UNH,,301.67999267578125,306.4599914550781,298.8900146484375,305.2300109863281,2205300,Yahoo Finance daily
2020-07-31,us,UNH,,303.44000244140625,303.739990234375,298.04998779296875,302.7799987792969,3913500,Yahoo Finance daily
2020-08-03,us,UNH,,303.5899963378906,304.9100036621094,299.20001220703125,303.6099853515625,2628500,Yahoo Finance daily
2020-08-04,us,UNH,,301.9100036621094,308.8599853515625,300.07000732421875,304.5,3594900,Yahoo Finance daily
2020-08-05,us,UNH,,306.8299865722656,312.9599914550781,305.0199890136719,312.4700012207031,2982200,Yahoo Finance daily
2020-08-06,us,UNH,,312.0,316.239990234375,310.3999938964844,314.0599975585937,3305300,Yahoo Finance daily
2020-08-07,us,UNH,,313.3399963378906,319.0,313.3399963378906,317.0299987792969,2600800,Yahoo Finance daily
2020-08-10,us,UNH,,317.0,320.4700012207031,315.5799865722656,319.1000061035156,2563600,Yahoo Finance daily
2020-08-11,us,UNH,,322.9200134277344,324.57000732421875,314.6600036621094,315.54998779296875,3018200,Yahoo Finance daily
2020-08-12,us,UNH,,318.0,323.2900085449219,317.6400146484375,322.2699890136719,2915800,Yahoo Finance daily
2020-08-13,us,UNH,,320.67999267578125,321.8699951171875,317.8399963378906,321.5199890136719,2159500,Yahoo Finance daily
2020-08-14,us,UNH,,320.5400085449219,323.92999267578125,318.7300109863281,323.70001220703125,1787200,Yahoo Finance daily
2020-08-17,us,UNH,,321.45001220703125,323.79998779296875,319.3500061035156,320.510009765625,2772500,Yahoo Finance daily
2020-08-18,us,UNH,,321.9800109863281,322.6700134277344,315.7099914550781,316.8099975585937,2520000,Yahoo Finance daily
2020-08-19,us,UNH,,316.7699890136719,319.489990234375,315.17999267578125,315.3999938964844,2066700,Yahoo Finance daily
2020-08-20,us,UNH,,314.8299865722656,315.2799987792969,312.010009765625,313.3299865722656,2245600,Yahoo Finance daily
2020-08-21,us,UNH,,311.2799987792969,315.2799987792969,310.0899963378906,314.1400146484375,2488500,Yahoo Finance daily
2020-08-24,us,UNH,,316.8099975585937,316.8999938964844,306.489990234375,308.8399963378906,2922200,Yahoo Finance daily
2020-08-25,us,UNH,,312.20001220703125,312.3599853515625,307.79998779296875,312.2200012207031,1879300,Yahoo Finance daily
2020-08-26,us,UNH,,310.9800109863281,311.3599853515625,303.6099853515625,308.82000732421875,3178900,Yahoo Finance daily
2020-08-27,us,UNH,,310.4100036621094,314.7699890136719,305.489990234375,311.6700134277344,2321000,Yahoo Finance daily
2020-08-28,us,UNH,,312.3399963378906,315.82000732421875,308.9700012207031,314.3699951171875,2883500,Yahoo Finance daily
2020-08-31,us,UNH,,314.8900146484375,319.5599975585937,312.5400085449219,312.54998779296875,4341600,Yahoo Finance daily
2020-09-01,us,UNH,,310.1600036621094,314.7200012207031,310.0,312.8299865722656,2487100,Yahoo Finance daily
2020-09-02,us,UNH,,312.5599975585937,321.2799987792969,312.5599975585937,320.239990234375,2846500,Yahoo Finance daily
2020-09-03,us,UNH,,322.0,323.82000732421875,313.7300109863281,316.2300109863281,3872500,Yahoo Finance daily
2020-09-04,us,UNH,,316.4800109863281,317.8299865722656,306.6300048828125,312.0,2901000,Yahoo Finance daily
2020-09-08,us,UNH,,311.0299987792969,311.4599914550781,303.8299865722656,307.25,2594500,Yahoo Finance daily
2020-09-09,us,UNH,,309.67999267578125,315.32000732421875,308.4200134277344,312.0199890136719,2195600,Yahoo Finance daily
2020-09-10,us,UNH,,312.7300109863281,314.44000244140625,303.7200012207031,304.6000061035156,2421200,Yahoo Finance daily
2020-09-11,us,UNH,,305.07000732421875,306.4599914550781,297.2900085449219,301.4800109863281,3085900,Yahoo Finance daily
2020-09-14,us,UNH,,303.010009765625,311.1199951171875,303.010009765625,308.57000732421875,1795500,Yahoo Finance daily
2020-09-15,us,UNH,,310.04998779296875,311.4599914550781,306.04998779296875,307.2300109863281,1468300,Yahoo Finance daily
2020-09-16,us,UNH,,309.07000732421875,312.25,306.20001220703125,306.5199890136719,3438200,Yahoo Finance daily
2020-09-17,us,UNH,,304.5,307.3800048828125,302.1099853515625,304.9800109863281,2394100,Yahoo Finance daily
2020-09-18,us,UNH,,305.010009765625,310.3900146484375,303.7699890136719,308.0199890136719,3795400,Yahoo Finance daily
2020-09-21,us,UNH,,300.4700012207031,300.5299987792969,291.6600036621094,299.19000244140625,4124700,Yahoo Finance daily
2020-09-22,us,UNH,,298.44000244140625,300.6199951171875,292.9200134277344,294.260009765625,3163600,Yahoo Finance daily
2020-09-23,us,UNH,,295.0,296.1000061035156,291.8299865722656,292.1400146484375,3709900,Yahoo Finance daily
2020-09-24,us,UNH,,292.19000244140625,294.92999267578125,289.6400146484375,292.6600036621094,2869100,Yahoo Finance daily
2020-09-25,us,UNH,,291.25,303.2699890136719,291.2200012207031,302.5,2455800,Yahoo Finance daily
2020-09-28,us,UNH,,306.3900146484375,310.010009765625,302.8299865722656,303.2300109863281,2575700,Yahoo Finance daily
2020-09-29,us,UNH,,303.6700134277344,305.5,300.67999267578125,304.1499938964844,1797800,Yahoo Finance daily
2020-09-30,us,UNH,,304.0199890136719,314.5199890136719,303.989990234375,311.7699890136719,3497300,Yahoo Finance daily
2020-10-01,us,UNH,,312.9100036621094,315.1700134277344,309.1499938964844,313.07000732421875,2731200,Yahoo Finance daily
2020-10-02,us,UNH,,312.1000061035156,317.3900146484375,308.3599853515625,311.9800109863281,2338000,Yahoo Finance daily
2020-10-05,us,UNH,,315.07000732421875,318.4200134277344,313.1199951171875,318.1499938964844,1638600,Yahoo Finance daily
2020-10-06,us,UNH,,318.95001220703125,320.29998779296875,313.489990234375,314.45001220703125,2434400,Yahoo Finance daily
2020-10-07,us,UNH,,315.82000732421875,324.739990234375,315.82000732421875,323.1700134277344,2596600,Yahoo Finance daily
2020-10-08,us,UNH,,323.42999267578125,325.3500061035156,320.989990234375,322.4100036621094,2056700,Yahoo Finance daily
2020-10-09,us,UNH,,324.6600036621094,328.1700134277344,323.9200134277344,327.8399963378906,2028900,Yahoo Finance daily
2020-10-12,us,UNH,,329.1199951171875,333.5599975585937,329.010009765625,329.9700012207031,2424200,Yahoo Finance daily
2020-10-13,us,UNH,,328.5,333.70001220703125,327.7099914550781,331.4200134277344,2713500,Yahoo Finance daily
2020-10-14,us,UNH,,322.07000732421875,330.57000732421875,320.20001220703125,321.8500061035156,4455400,Yahoo Finance daily
2020-10-15,us,UNH,,318.8500061035156,326.9700012207031,316.3299865722656,324.57000732421875,3172200,Yahoo Finance daily
2020-10-16,us,UNH,,325.4599914550781,332.3500061035156,324.7300109863281,329.8999938964844,3293300,Yahoo Finance daily
2020-10-19,us,UNH,,328.5400085449219,330.7799987792969,322.0599975585937,324.2200012207031,2482100,Yahoo Finance daily
2020-10-20,us,UNH,,326.6199951171875,328.6199951171875,323.2799987792969,323.4100036621094,1988600,Yahoo Finance daily
2020-10-21,us,UNH,,323.4100036621094,326.489990234375,322.17999267578125,322.7900085449219,2139000,Yahoo Finance daily
2020-10-22,us,UNH,,322.32000732421875,328.0599975585937,322.25,325.7300109863281,2100600,Yahoo Finance daily
2020-10-23,us,UNH,,329.1600036621094,335.6499938964844,328.1300048828125,330.6000061035156,2349500,Yahoo Finance daily
2020-10-26,us,UNH,,326.32000732421875,327.75,318.5400085449219,323.0599975585937,2408500,Yahoo Finance daily
2020-10-27,us,UNH,,323.0599975585937,323.5,319.42999267578125,320.510009765625,2427700,Yahoo Finance daily
2020-10-28,us,UNH,,313.3299865722656,317.8099975585937,307.44000244140625,308.0,3301400,Yahoo Finance daily
2020-10-29,us,UNH,,306.5899963378906,309.4800109863281,301.4599914550781,303.67999267578125,3279200,Yahoo Finance daily
2020-10-30,us,UNH,,303.2300109863281,307.1700134277344,299.6000061035156,305.1400146484375,3556800,Yahoo Finance daily
2020-11-02,us,UNH,,312.6400146484375,312.6400146484375,307.3599853515625,312.1000061035156,4519000,Yahoo Finance daily
2020-11-03,us,UNH,,317.4700012207031,326.44000244140625,315.0199890136719,321.3500061035156,4043900,Yahoo Finance daily
2020-11-04,us,UNH,,345.2300109863281,360.4400024414063,341.1400146484375,354.5599975585937,10344900,Yahoo Finance daily
2020-11-05,us,UNH,,358.07000732421875,360.9800109863281,349.67999267578125,354.3999938964844,4786500,Yahoo Finance daily
2020-11-06,us,UNH,,350.3599853515625,352.0,344.57000732421875,347.4599914550781,2994900,Yahoo Finance daily
2020-11-09,us,UNH,,366.30999755859375,367.9500122070313,348.9800109863281,350.0,4635300,Yahoo Finance daily
2020-11-10,us,UNH,,349.489990234375,355.8999938964844,348.1700134277344,353.69000244140625,3733200,Yahoo Finance daily
2020-11-11,us,UNH,,356.1600036621094,356.8099975585937,349.4100036621094,351.70001220703125,2048200,Yahoo Finance daily
2020-11-12,us,UNH,,351.3999938964844,360.5199890136719,349.75,354.4100036621094,2907300,Yahoo Finance daily
2020-11-13,us,UNH,,356.8599853515625,357.94000244140625,352.7900085449219,355.6700134277344,2442100,Yahoo Finance daily
2020-11-16,us,UNH,,358.95001220703125,359.5799865722656,351.010009765625,356.82000732421875,2790100,Yahoo Finance daily
2020-11-17,us,UNH,,352.3900146484375,353.3599853515625,347.5,352.1000061035156,2557600,Yahoo Finance daily
2020-11-18,us,UNH,,353.42999267578125,354.04998779296875,343.0899963378906,344.510009765625,2722500,Yahoo Finance daily
2020-11-19,us,UNH,,342.2900085449219,343.07000732421875,334.3299865722656,337.0,3935600,Yahoo Finance daily
2020-11-20,us,UNH,,335.0,337.6600036621094,331.7099914550781,334.70001220703125,3702000,Yahoo Finance daily
2020-11-23,us,UNH,,335.54998779296875,336.260009765625,331.5899963378906,335.0599975585937,2535700,Yahoo Finance daily
2020-11-24,us,UNH,,336.17999267578125,340.0,334.42999267578125,336.010009765625,3759700,Yahoo Finance daily
2020-11-25,us,UNH,,338.82000732421875,338.82000732421875,329.1400146484375,333.19000244140625,3145100,Yahoo Finance daily
2020-11-27,us,UNH,,333.5299987792969,338.8999938964844,331.8399963378906,337.94000244140625,1558600,Yahoo Finance daily
2020-11-30,us,UNH,,335.1099853515625,337.94000244140625,330.2900085449219,336.3399963378906,5265700,Yahoo Finance daily
2020-12-01,us,UNH,,344.7699890136719,354.1000061035156,339.92999267578125,341.19000244140625,3817700,Yahoo Finance daily
2020-12-02,us,UNH,,341.7699890136719,351.8299865722656,341.5,347.5599975585937,2864300,Yahoo Finance daily
2020-12-03,us,UNH,,347.8999938964844,352.7699890136719,346.489990234375,348.67999267578125,4169200,Yahoo Finance daily
2020-12-04,us,UNH,,346.0,351.4700012207031,345.75,349.8900146484375,3255100,Yahoo Finance daily
2020-12-07,us,UNH,,348.7200012207031,349.8900146484375,345.2200012207031,347.8599853515625,2999400,Yahoo Finance daily
2020-12-08,us,UNH,,344.75,349.8999938964844,344.0799865722656,347.8599853515625,2471200,Yahoo Finance daily
2020-12-09,us,UNH,,348.8900146484375,349.4100036621094,341.6099853515625,344.4100036621094,2600400,Yahoo Finance daily
2020-12-10,us,UNH,,345.1600036621094,345.4599914550781,339.260009765625,339.6499938964844,2896900,Yahoo Finance daily
2020-12-11,us,UNH,,338.1300048828125,338.8800048828125,334.3299865722656,337.07000732421875,3071700,Yahoo Finance daily
2020-12-14,us,UNH,,340.0299987792969,343.2300109863281,335.8599853515625,336.1300048828125,2479000,Yahoo Finance daily
2020-12-15,us,UNH,,339.1400146484375,341.010009765625,337.0400085449219,339.6700134277344,2616500,Yahoo Finance daily
2020-12-16,us,UNH,,336.8299865722656,341.6600036621094,334.260009765625,339.3399963378906,2365600,Yahoo Finance daily
2020-12-17,us,UNH,,339.8099975585937,342.6000061035156,337.3099975585937,341.6700134277344,2525700,Yahoo Finance daily
2020-12-18,us,UNH,,342.5199890136719,342.6099853515625,334.0,338.3800048828125,8742700,Yahoo Finance daily
2020-12-21,us,UNH,,332.07000732421875,336.95001220703125,329.3999938964844,336.0799865722656,2892700,Yahoo Finance daily
2020-12-22,us,UNH,,335.1600036621094,336.9800109863281,333.4700012207031,335.010009765625,2069700,Yahoo Finance daily
2020-12-23,us,UNH,,336.489990234375,341.6499938964844,336.0299987792969,337.5899963378906,2348100,Yahoo Finance daily
2020-12-24,us,UNH,,336.44000244140625,341.4100036621094,336.44000244140625,340.7900085449219,1360600,Yahoo Finance daily
2020-12-28,us,UNH,,343.2099914550781,347.7900085449219,343.0599975585937,345.95001220703125,2308200,Yahoo Finance daily
2020-12-29,us,UNH,,347.989990234375,351.2900085449219,345.0,347.3500061035156,2275700,Yahoo Finance daily
2020-12-30,us,UNH,,347.0799865722656,349.010009765625,344.4700012207031,344.989990234375,1866000,Yahoo Finance daily
2020-12-31,us,UNH,,345.0400085449219,351.0899963378906,344.04998779296875,350.67999267578125,1969000,Yahoo Finance daily
2021-01-04,us,UNH,,351.45001220703125,352.0799865722656,340.3800048828125,349.5,4203800,Yahoo Finance daily
2021-01-05,us,UNH,,348.69000244140625,351.3599853515625,344.4800109863281,344.79998779296875,3160500,Yahoo Finance daily
2021-01-06,us,UNH,,337.1099853515625,359.489990234375,335.1099853515625,359.2699890136719,6561400,Yahoo Finance daily
2021-01-07,us,UNH,,358.5400085449219,366.4500122070313,357.9200134277344,365.0299987792969,3366700,Yahoo Finance daily
2021-01-08,us,UNH,,367.0,367.489990234375,358.760009765625,363.3900146484375,2947800,Yahoo Finance daily
2021-01-11,us,UNH,,362.6199951171875,364.2900085449219,359.19000244140625,360.75,2695100,Yahoo Finance daily
2021-01-12,us,UNH,,357.94000244140625,360.0799865722656,355.2300109863281,357.3699951171875,2372500,Yahoo Finance daily
2021-01-13,us,UNH,,356.0400085449219,356.8099975585937,351.2300109863281,355.0400085449219,1974500,Yahoo Finance daily
2021-01-14,us,UNH,,356.8500061035156,358.8099975585937,350.4200134277344,350.5299987792969,2919900,Yahoo Finance daily
2021-01-15,us,UNH,,349.1199951171875,353.04998779296875,345.739990234375,351.29998779296875,3777000,Yahoo Finance daily
2021-01-19,us,UNH,,356.2099914550781,356.9599914550781,351.5599975585937,352.19000244140625,3361300,Yahoo Finance daily
2021-01-20,us,UNH,,351.8800048828125,352.0799865722656,345.8299865722656,350.8399963378906,3036800,Yahoo Finance daily
2021-01-21,us,UNH,,350.8099975585937,360.8900146484375,350.739990234375,355.0,3749800,Yahoo Finance daily
2021-01-22,us,UNH,,353.3099975585937,354.6199951171875,347.5400085449219,347.54998779296875,2585100,Yahoo Finance daily
2021-01-25,us,UNH,,347.1499938964844,350.3900146484375,344.6000061035156,347.8099975585937,2506300,Yahoo Finance daily
2021-01-26,us,UNH,,350.510009765625,351.510009765625,342.57000732421875,343.1099853515625,2467500,Yahoo Finance daily
2021-01-27,us,UNH,,337.0400085449219,338.0,329.010009765625,332.989990234375,4770900,Yahoo Finance daily
2021-01-28,us,UNH,,336.6400146484375,346.5799865722656,334.510009765625,338.1499938964844,2769900,Yahoo Finance daily
2021-01-29,us,UNH,,336.5299987792969,339.0199890136719,330.6300048828125,333.5799865722656,3899200,Yahoo Finance daily
2021-02-01,us,UNH,,335.0299987792969,338.1499938964844,332.739990234375,334.0,3020200,Yahoo Finance daily
2021-02-02,us,UNH,,337.1000061035156,344.6400146484375,337.1000061035156,338.7200012207031,2663700,Yahoo Finance daily
2021-02-03,us,UNH,,338.0,340.1600036621094,334.6000061035156,337.8900146484375,2537100,Yahoo Finance daily
2021-02-04,us,UNH,,332.32000732421875,335.2900085449219,328.3900146484375,329.32000732421875,5962200,Yahoo Finance daily
2021-02-05,us,UNH,,332.1099853515625,333.4800109863281,323.4800109863281,324.510009765625,7227900,Yahoo Finance daily
2021-02-08,us,UNH,,327.010009765625,327.0199890136719,323.8099975585937,324.3399963378906,4758200,Yahoo Finance daily
2021-02-09,us,UNH,,323.8999938964844,331.0400085449219,321.7099914550781,329.6300048828125,4096900,Yahoo Finance daily
2021-02-10,us,UNH,,332.6600036621094,335.760009765625,329.7699890136719,333.3999938964844,4122700,Yahoo Finance daily
2021-02-11,us,UNH,,335.0,336.6499938964844,331.5,333.07000732421875,2776700,Yahoo Finance daily
2021-02-12,us,UNH,,331.67999267578125,332.3999938964844,327.8800048828125,328.239990234375,2760800,Yahoo Finance daily
2021-02-16,us,UNH,,327.3599853515625,329.8399963378906,322.4800109863281,324.6199951171875,4339000,Yahoo Finance daily
2021-02-17,us,UNH,,323.4599914550781,328.6000061035156,322.239990234375,326.8599853515625,2620000,Yahoo Finance daily
2021-02-18,us,UNH,,325.8999938964844,329.5799865722656,325.20001220703125,328.4100036621094,2383500,Yahoo Finance daily
2021-02-19,us,UNH,,328.75,328.8500061035156,324.1099853515625,324.5799865722656,2313800,Yahoo Finance daily
2021-02-22,us,UNH,,321.5,329.04998779296875,320.3500061035156,327.6400146484375,2688300,Yahoo Finance daily
2021-02-23,us,UNH,,329.989990234375,333.94000244140625,326.6400146484375,329.510009765625,3225700,Yahoo Finance daily
2021-02-24,us,UNH,,328.489990234375,333.6000061035156,326.0400085449219,332.2099914550781,3360500,Yahoo Finance daily
2021-02-25,us,UNH,,331.0,333.6000061035156,327.3599853515625,328.8699951171875,2780100,Yahoo Finance daily
2021-02-26,us,UNH,,330.54998779296875,337.9100036621094,329.8500061035156,332.2200012207031,5430000,Yahoo Finance daily
2021-03-01,us,UNH,,334.3599853515625,338.9100036621094,333.67999267578125,334.6499938964844,4198900,Yahoo Finance daily
2021-03-02,us,UNH,,335.0,337.6700134277344,333.8900146484375,334.6400146484375,2568900,Yahoo Finance daily
2021-03-03,us,UNH,,333.32000732421875,338.1600036621094,332.7799987792969,332.8699951171875,3039700,Yahoo Finance daily
2021-03-04,us,UNH,,334.1700134277344,340.8399963378906,332.6700134277344,333.8099975585937,4991600,Yahoo Finance daily
2021-03-05,us,UNH,,335.0299987792969,348.2900085449219,335.0199890136719,347.1000061035156,4563100,Yahoo Finance daily
2021-03-08,us,UNH,,347.010009765625,354.0,345.6000061035156,350.1700134277344,3419900,Yahoo Finance daily
2021-03-09,us,UNH,,352.9200134277344,361.25,351.3399963378906,351.9800109863281,4277600,Yahoo Finance daily
2021-03-10,us,UNH,,353.9100036621094,354.4800109863281,348.5,349.6000061035156,3012300,Yahoo Finance daily
2021-03-11,us,UNH,,350.760009765625,355.9700012207031,349.8699951171875,353.1000061035156,2520500,Yahoo Finance daily
2021-03-12,us,UNH,,353.1700134277344,356.82000732421875,351.989990234375,356.0199890136719,2088700,Yahoo Finance daily
2021-03-15,us,UNH,,356.9200134277344,357.94000244140625,351.54998779296875,353.8800048828125,2343400,Yahoo Finance daily
2021-03-16,us,UNH,,353.5299987792969,355.3599853515625,351.9100036621094,354.6000061035156,2904200,Yahoo Finance daily
2021-03-17,us,UNH,,355.1700134277344,358.07000732421875,351.8299865722656,352.17999267578125,2633100,Yahoo Finance daily
2021-03-18,us,UNH,,352.8699951171875,364.3200073242188,352.3399963378906,362.0499877929688,3311600,Yahoo Finance daily
2021-03-19,us,UNH,,361.9200134277344,370.4599914550781,359.010009765625,365.5799865722656,8572900,Yahoo Finance daily
2021-03-22,us,UNH,,365.0,368.5799865722656,360.1099853515625,366.8599853515625,3505200,Yahoo Finance daily
2021-03-23,us,UNH,,368.8500061035156,371.5400085449219,367.2200012207031,368.5,3100100,Yahoo Finance daily
2021-03-24,us,UNH,,366.0499877929688,373.7999877929688,365.510009765625,370.6000061035156,3407800,Yahoo Finance daily
2021-03-25,us,UNH,,370.6000061035156,372.1099853515625,363.3900146484375,371.0899963378906,3021500,Yahoo Finance daily
2021-03-26,us,UNH,,371.6799926757813,377.05999755859375,370.2900085449219,376.4800109863281,2959800,Yahoo Finance daily
2021-03-29,us,UNH,,376.3599853515625,380.5,374.989990234375,379.05999755859375,2740400,Yahoo Finance daily
2021-03-30,us,UNH,,377.5499877929688,379.8800048828125,371.7999877929688,373.55999755859375,3066000,Yahoo Finance daily
2021-03-31,us,UNH,,372.7999877929688,377.0,371.7999877929688,372.0700073242188,3356500,Yahoo Finance daily
2021-04-01,us,UNH,,372.2000122070313,372.6900024414063,365.760009765625,367.0700073242188,2977700,Yahoo Finance daily
2021-04-05,us,UNH,,369.6199951171875,372.6300048828125,367.6400146484375,370.1799926757813,2709400,Yahoo Finance daily
2021-04-06,us,UNH,,368.7799987792969,369.7900085449219,362.7200012207031,364.3699951171875,2698600,Yahoo Finance daily
2021-04-07,us,UNH,,364.1900024414063,365.8800048828125,360.5499877929688,365.6400146484375,2158900,Yahoo Finance daily
2021-04-08,us,UNH,,363.1099853515625,366.9100036621094,363.1099853515625,364.8900146484375,2426700,Yahoo Finance daily
2021-04-09,us,UNH,,368.3500061035156,376.6099853515625,367.0,376.2999877929688,2483200,Yahoo Finance daily
2021-04-12,us,UNH,,374.4800109863281,379.8299865722656,374.0299987792969,376.2799987792969,3057300,Yahoo Finance daily
2021-04-13,us,UNH,,376.25,379.30999755859375,374.3299865722656,374.5,2652300,Yahoo Finance daily
2021-04-14,us,UNH,,375.3399963378906,378.010009765625,374.5799865722656,375.6300048828125,2805600,Yahoo Finance daily
2021-04-15,us,UNH,,380.0,392.3599853515625,380.0,390.010009765625,4488300,Yahoo Finance daily
2021-04-16,us,UNH,,393.9200134277344,393.9200134277344,385.4599914550781,391.010009765625,4532400,Yahoo Finance daily
2021-04-19,us,UNH,,390.0,393.3900146484375,388.4700012207031,389.8399963378906,2965400,Yahoo Finance daily
2021-04-20,us,UNH,,389.8599853515625,397.8800048828125,389.4200134277344,396.5299987792969,3348100,Yahoo Finance daily
2021-04-21,us,UNH,,398.8599853515625,401.4800109863281,395.4400024414063,398.80999755859375,2473300,Yahoo Finance daily
2021-04-22,us,UNH,,398.4400024414063,398.760009765625,393.1900024414063,396.5400085449219,2718600,Yahoo Finance daily
2021-04-23,us,UNH,,395.6199951171875,401.989990234375,394.5,400.30999755859375,2263200,Yahoo Finance daily
2021-04-26,us,UNH,,399.80999755859375,400.0,395.2099914550781,395.8599853515625,1642300,Yahoo Finance daily
2021-04-27,us,UNH,,394.6600036621094,396.3299865722656,392.2999877929688,394.5,1758500,Yahoo Finance daily
2021-04-28,us,UNH,,395.1799926757813,396.989990234375,393.2999877929688,394.5899963378906,1886500,Yahoo Finance daily
2021-04-29,us,UNH,,396.75,402.1600036621094,396.2999877929688,401.5499877929688,1996500,Yahoo Finance daily
2021-04-30,us,UNH,,401.0,401.8599853515625,398.3500061035156,398.7999877929688,2328100,Yahoo Finance daily
2021-05-03,us,UNH,,401.0,406.7699890136719,400.5299987792969,405.8999938964844,2568500,Yahoo Finance daily
2021-05-04,us,UNH,,405.4800109863281,412.4700012207031,403.5,411.3399963378906,3237200,Yahoo Finance daily
2021-05-05,us,UNH,,410.5,412.75,406.7999877929688,412.5,2767600,Yahoo Finance daily
2021-05-06,us,UNH,,413.0,416.8500061035156,412.55999755859375,414.9700012207031,3058700,Yahoo Finance daily
2021-05-07,us,UNH,,415.0,419.0199890136719,414.0700073242188,417.6499938964844,1851000,Yahoo Finance daily
2021-05-10,us,UNH,,419.2699890136719,425.9800109863281,418.2200012207031,420.8900146484375,2489300,Yahoo Finance daily
2021-05-11,us,UNH,,421.0,422.2900085449219,410.6099853515625,411.7000122070313,3024000,Yahoo Finance daily
2021-05-12,us,UNH,,409.2900085449219,410.8500061035156,404.6799926757813,405.3699951171875,2888100,Yahoo Finance daily
2021-05-13,us,UNH,,406.2799987792969,413.1799926757813,404.3200073242188,408.55999755859375,2637500,Yahoo Finance daily
2021-05-14,us,UNH,,410.989990234375,412.5899963378906,408.5,409.7999877929688,2072900,Yahoo Finance daily
2021-05-17,us,UNH,,409.30999755859375,412.510009765625,408.5700073242188,408.6300048828125,1583900,Yahoo Finance daily
2021-05-18,us,UNH,,409.6900024414063,412.9599914550781,406.2699890136719,410.3800048828125,2694800,Yahoo Finance daily
2021-05-19,us,UNH,,409.489990234375,410.7200012207031,404.25,409.5,2783100,Yahoo Finance daily
2021-05-20,us,UNH,,409.5299987792969,413.8299865722656,408.3200073242188,408.6400146484375,2105800,Yahoo Finance daily
2021-05-21,us,UNH,,410.760009765625,418.6300048828125,409.4599914550781,411.6300048828125,4295400,Yahoo Finance daily
2021-05-24,us,UNH,,412.3699951171875,413.8999938964844,409.9200134277344,410.9500122070313,1883600,Yahoo Finance daily
2021-05-25,us,UNH,,411.8500061035156,413.8599853515625,408.8900146484375,413.0499877929688,2285600,Yahoo Finance daily
2021-05-26,us,UNH,,412.1000061035156,415.2999877929688,411.010009765625,413.2099914550781,1903900,Yahoo Finance daily
2021-05-27,us,UNH,,414.9200134277344,415.1099853515625,410.3800048828125,412.7000122070313,2041800,Yahoo Finance daily
2021-05-28,us,UNH,,412.7000122070313,415.4700012207031,410.0199890136719,411.9200134277344,2367900,Yahoo Finance daily
2021-06-01,us,UNH,,413.7300109863281,413.7300109863281,406.1600036621094,406.7200012207031,2199600,Yahoo Finance daily
2021-06-02,us,UNH,,409.1400146484375,409.1400146484375,404.5499877929688,405.8500061035156,2232900,Yahoo Finance daily
2021-06-03,us,UNH,,403.5,409.760009765625,402.8399963378906,407.9599914550781,2281200,Yahoo Finance daily
2021-06-04,us,UNH,,410.9599914550781,411.0,404.6499938964844,405.6400146484375,2990900,Yahoo Finance daily
2021-06-07,us,UNH,,406.9599914550781,407.2099914550781,398.6900024414063,400.25,3353800,Yahoo Finance daily
2021-06-08,us,UNH,,400.7200012207031,402.75,398.75,401.739990234375,3051300,Yahoo Finance daily
2021-06-09,us,UNH,,403.3299865722656,405.7799987792969,400.5299987792969,401.1000061035156,1925700,Yahoo Finance daily
2021-06-10,us,UNH,,401.9100036621094,402.8500061035156,398.4700012207031,401.489990234375,4033600,Yahoo Finance daily
2021-06-11,us,UNH,,403.3500061035156,403.3599853515625,394.7799987792969,397.8900146484375,3094300,Yahoo Finance daily
2021-06-14,us,UNH,,397.2999877929688,399.4700012207031,395.1300048828125,399.1600036621094,2674900,Yahoo Finance daily
2021-06-15,us,UNH,,399.9599914550781,401.5,396.4700012207031,400.2799987792969,2845800,Yahoo Finance daily
2021-06-16,us,UNH,,401.1000061035156,403.1499938964844,396.6700134277344,397.25,3330800,Yahoo Finance daily
2021-06-17,us,UNH,,396.0,398.0700073242188,394.6099853515625,397.3500061035156,3532000,Yahoo Finance daily
2021-06-18,us,UNH,,387.2799987792969,392.6600036621094,387.25,389.3699951171875,5521400,Yahoo Finance daily
2021-06-21,us,UNH,,389.3699951171875,399.2000122070313,389.2200012207031,398.0700073242188,3839300,Yahoo Finance daily
2021-06-22,us,UNH,,400.6099853515625,400.6499938964844,397.8200073242188,398.6900024414063,3964600,Yahoo Finance daily
2021-06-23,us,UNH,,397.8200073242188,399.0,395.2699890136719,395.55999755859375,2942100,Yahoo Finance daily
2021-06-24,us,UNH,,398.3200073242188,402.1600036621094,396.8399963378906,398.8699951171875,3309100,Yahoo Finance daily
2021-06-25,us,UNH,,400.1000061035156,409.9800109863281,399.0199890136719,404.9500122070313,16928900,Yahoo Finance daily
2021-06-28,us,UNH,,404.9500122070313,404.989990234375,397.9299926757813,401.4599914550781,3193300,Yahoo Finance daily
2021-06-29,us,UNH,,401.9700012207031,403.2000122070313,397.4800109863281,398.1000061035156,2458800,Yahoo Finance daily
2021-06-30,us,UNH,,397.5400085449219,401.3999938964844,396.7999877929688,400.4400024414063,2875600,Yahoo Finance daily
2021-07-01,us,UNH,,402.0299987792969,405.2099914550781,401.80999755859375,404.8900146484375,2678100,Yahoo Finance daily
2021-07-02,us,UNH,,405.0899963378906,409.8699951171875,403.8800048828125,409.3599853515625,1982400,Yahoo Finance daily
2021-07-06,us,UNH,,408.6700134277344,411.1600036621094,405.7099914550781,410.260009765625,2615300,Yahoo Finance daily
2021-07-07,us,UNH,,410.3500061035156,412.1799926757813,407.2000122070313,411.6600036621094,2270400,Yahoo Finance daily
2021-07-08,us,UNH,,408.6099853515625,410.8299865722656,405.0799865722656,409.9500122070313,2032300,Yahoo Finance daily
2021-07-09,us,UNH,,412.5299987792969,413.25,410.6400146484375,412.1099853515625,2078900,Yahoo Finance daily
2021-07-12,us,UNH,,411.0199890136719,416.3999938964844,410.30999755859375,416.0400085449219,2802600,Yahoo Finance daily
2021-07-13,us,UNH,,416.3800048828125,419.6900024414063,415.7099914550781,418.5400085449219,2948900,Yahoo Finance daily
2021-07-14,us,UNH,,420.7699890136719,422.5299987792969,413.3500061035156,414.739990234375,3538700,Yahoo Finance daily
2021-07-15,us,UNH,,411.9100036621094,421.7300109863281,407.2000122070313,420.0499877929688,3546500,Yahoo Finance daily
2021-07-16,us,UNH,,421.3599853515625,422.2900085449219,417.6400146484375,419.7000122070313,2625400,Yahoo Finance daily
2021-07-19,us,UNH,,417.239990234375,419.5299987792969,406.80999755859375,409.05999755859375,3611300,Yahoo Finance daily
2021-07-20,us,UNH,,411.0,417.7300109863281,410.6099853515625,412.9700012207031,3186700,Yahoo Finance daily
2021-07-21,us,UNH,,417.05999755859375,417.2300109863281,410.8299865722656,414.6400146484375,1863700,Yahoo Finance daily
2021-07-22,us,UNH,,416.0199890136719,416.8299865722656,413.7300109863281,415.7699890136719,1421900,Yahoo Finance daily
2021-07-23,us,UNH,,417.8999938964844,419.3399963378906,415.989990234375,417.7000122070313,1611700,Yahoo Finance daily
2021-07-26,us,UNH,,416.8299865722656,417.6700134277344,410.8999938964844,413.5400085449219,2232600,Yahoo Finance daily
2021-07-27,us,UNH,,412.0,415.260009765625,409.4599914550781,415.1000061035156,2630600,Yahoo Finance daily
2021-07-28,us,UNH,,414.489990234375,414.489990234375,406.7999877929688,409.1700134277344,2446600,Yahoo Finance daily
2021-07-29,us,UNH,,411.2799987792969,412.5799865722656,408.4200134277344,412.0799865722656,1597300,Yahoo Finance daily
2021-07-30,us,UNH,,410.760009765625,413.7699890136719,410.25,412.2200012207031,1864200,Yahoo Finance daily
2021-08-02,us,UNH,,413.5700073242188,416.4400024414063,412.80999755859375,415.5700073242188,1806500,Yahoo Finance daily
2021-08-03,us,UNH,,415.8200073242188,422.1400146484375,415.0799865722656,421.8999938964844,2496500,Yahoo Finance daily
2021-08-04,us,UNH,,422.0499877929688,423.6600036621094,419.7099914550781,421.5400085449219,1995400,Yahoo Finance daily
2021-08-05,us,UNH,,422.05999755859375,422.25,407.8900146484375,411.1900024414063,3598600,Yahoo Finance daily
2021-08-06,us,UNH,,412.010009765625,416.7699890136719,412.010009765625,415.1199951171875,1944000,Yahoo Finance daily
2021-08-09,us,UNH,,414.9500122070313,416.2300109863281,410.3500061035156,410.8699951171875,1509800,Yahoo Finance daily
2021-08-10,us,UNH,,410.510009765625,413.6499938964844,408.5700073242188,411.7799987792969,1441800,Yahoo Finance daily
2021-08-11,us,UNH,,413.0299987792969,413.9299926757813,407.510009765625,407.739990234375,1542600,Yahoo Finance daily
2021-08-12,us,UNH,,407.0,408.7300109863281,404.2999877929688,405.9599914550781,1939900,Yahoo Finance daily
2021-08-13,us,UNH,,407.0799865722656,410.0499877929688,405.9200134277344,409.6700134277344,1537800,Yahoo Finance daily
2021-08-16,us,UNH,,409.8399963378906,417.4200134277344,407.3299865722656,417.2099914550781,2377500,Yahoo Finance daily
2021-08-17,us,UNH,,417.1000061035156,422.5,416.6300048828125,421.7799987792969,2258000,Yahoo Finance daily
2021-08-18,us,UNH,,421.3500061035156,421.5899963378906,417.0899963378906,417.3200073242188,3037000,Yahoo Finance daily
2021-08-19,us,UNH,,415.3800048828125,428.3500061035156,412.3999938964844,427.8900146484375,3204500,Yahoo Finance daily
2021-08-20,us,UNH,,428.3500061035156,431.3599853515625,426.9100036621094,429.7099914550781,2401900,Yahoo Finance daily
2021-08-23,us,UNH,,430.55999755859375,430.55999755859375,424.8999938964844,425.3599853515625,2375900,Yahoo Finance daily
2021-08-24,us,UNH,,425.5199890136719,425.9400024414063,421.7200012207031,423.4100036621094,1619300,Yahoo Finance daily
2021-08-25,us,UNH,,421.8500061035156,423.6199951171875,419.4500122070313,419.739990234375,1939000,Yahoo Finance daily
2021-08-26,us,UNH,,419.7699890136719,421.3900146484375,416.6300048828125,416.8500061035156,1385400,Yahoo Finance daily
2021-08-27,us,UNH,,418.010009765625,420.3500061035156,416.1199951171875,418.760009765625,1621600,Yahoo Finance daily
2021-08-30,us,UNH,,418.760009765625,420.5700073242188,417.8900146484375,418.2999877929688,1284200,Yahoo Finance daily
2021-08-31,us,UNH,,417.0,420.739990234375,414.2200012207031,416.2699890136719,4249100,Yahoo Finance daily
2021-09-01,us,UNH,,416.5400085449219,419.8699951171875,411.239990234375,417.3500061035156,2034400,Yahoo Finance daily
2021-09-02,us,UNH,,419.1600036621094,424.3999938964844,418.239990234375,423.7099914550781,3137400,Yahoo Finance daily
2021-09-03,us,UNH,,421.9299926757813,424.0,420.6099853515625,422.8599853515625,1604800,Yahoo Finance daily
2021-09-07,us,UNH,,420.2999877929688,422.260009765625,417.5799865722656,421.239990234375,1920300,Yahoo Finance daily
2021-09-08,us,UNH,,421.1900024414063,422.8699951171875,414.2000122070313,415.3900146484375,2262500,Yahoo Finance daily
2021-09-09,us,UNH,,415.3399963378906,420.2200012207031,413.9299926757813,414.5499877929688,3508500,Yahoo Finance daily
2021-09-10,us,UNH,,415.55999755859375,416.0,402.5899963378906,403.9100036621094,4215800,Yahoo Finance daily
2021-09-13,us,UNH,,407.9800109863281,416.80999755859375,406.4500122070313,414.5199890136719,3068200,Yahoo Finance daily
2021-09-14,us,UNH,,417.5899963378906,417.5899963378906,411.3699951171875,412.5400085449219,2879800,Yahoo Finance daily
2021-09-15,us,UNH,,412.5199890136719,421.4200134277344,409.5,417.5199890136719,3180600,Yahoo Finance daily
2021-09-16,us,UNH,,419.6700134277344,423.3999938964844,414.9599914550781,416.8399963378906,2262700,Yahoo Finance daily
2021-09-17,us,UNH,,414.9700012207031,421.0899963378906,414.9700012207031,420.1600036621094,4534200,Yahoo Finance daily
2021-09-20,us,UNH,,416.9200134277344,419.2999877929688,408.7200012207031,412.7000122070313,2799800,Yahoo Finance daily
2021-09-21,us,UNH,,415.010009765625,418.7799987792969,412.2099914550781,412.3399963378906,2382200,Yahoo Finance daily
2021-09-22,us,UNH,,404.9400024414063,412.0,404.9400024414063,408.7000122070313,3629400,Yahoo Finance daily
2021-09-23,us,UNH,,409.7999877929688,414.8500061035156,407.510009765625,408.0299987792969,2681600,Yahoo Finance daily
2021-09-24,us,UNH,,406.9400024414063,407.8900146484375,405.2300109863281,407.0799865722656,1950400,Yahoo Finance daily
2021-09-27,us,UNH,,407.8299865722656,412.1499938964844,404.9599914550781,405.2699890136719,2608600,Yahoo Finance daily
2021-09-28,us,UNH,,402.6000061035156,404.0,397.0199890136719,398.6199951171875,3115400,Yahoo Finance daily
2021-09-29,us,UNH,,397.0,401.8500061035156,395.7999877929688,400.4100036621094,2056300,Yahoo Finance daily
2021-09-30,us,UNH,,401.489990234375,403.489990234375,390.4599914550781,390.739990234375,3779900,Yahoo Finance daily
2021-10-01,us,UNH,,391.6000061035156,393.6900024414063,383.1199951171875,392.4299926757813,3146600,Yahoo Finance daily
2021-10-04,us,UNH,,391.6199951171875,395.1499938964844,384.760009765625,387.010009765625,3074800,Yahoo Finance daily
2021-10-05,us,UNH,,389.3399963378906,396.010009765625,389.239990234375,393.4299926757813,3269400,Yahoo Finance daily
2021-10-06,us,UNH,,390.75,394.7799987792969,385.8399963378906,394.25,2809200,Yahoo Finance daily
2021-10-07,us,UNH,,396.760009765625,408.1700134277344,396.7099914550781,404.7000122070313,2813700,Yahoo Finance daily
2021-10-08,us,UNH,,406.4100036621094,409.1199951171875,402.6400146484375,408.4599914550781,2012200,Yahoo Finance daily
2021-10-11,us,UNH,,408.0,411.2200012207031,404.2099914550781,404.989990234375,2164200,Yahoo Finance daily
2021-10-12,us,UNH,,405.1099853515625,408.3800048828125,402.30999755859375,403.239990234375,2415700,Yahoo Finance daily
2021-10-13,us,UNH,,403.3399963378906,405.30999755859375,398.1099853515625,403.5499877929688,3021800,Yahoo Finance daily
2021-10-14,us,UNH,,425.6600036621094,433.5,417.7999877929688,420.3599853515625,6038800,Yahoo Finance daily
2021-10-15,us,UNH,,422.0499877929688,430.489990234375,421.5,428.0700073242188,3312000,Yahoo Finance daily
2021-10-18,us,UNH,,428.0,428.0,423.8399963378906,424.6199951171875,2232800,Yahoo Finance daily
2021-10-19,us,UNH,,426.8299865722656,427.8200073242188,423.3999938964844,424.3800048828125,1616800,Yahoo Finance daily
2021-10-20,us,UNH,,427.0,435.5299987792969,426.8399963378906,435.0899963378906,2764000,Yahoo Finance daily
2021-10-21,us,UNH,,435.5,442.5,435.0799865722656,442.2799987792969,2465100,Yahoo Finance daily
2021-10-22,us,UNH,,440.8399963378906,449.2900085449219,440.4599914550781,449.1600036621094,2736200,Yahoo Finance daily
2021-10-25,us,UNH,,450.0,452.6400146484375,446.4400024414063,449.489990234375,3553500,Yahoo Finance daily
2021-10-26,us,UNH,,450.489990234375,457.7099914550781,447.5899963378906,454.6400146484375,3103900,Yahoo Finance daily
2021-10-27,us,UNH,,454.6400146484375,460.4400024414063,453.4800109863281,453.4800109863281,3520400,Yahoo Finance daily
2021-10-28,us,UNH,,453.0,457.8999938964844,452.5199890136719,455.4400024414063,1672600,Yahoo Finance daily
2021-10-29,us,UNH,,454.4100036621094,461.3900146484375,453.05999755859375,460.4700012207031,2497800,Yahoo Finance daily
2021-11-01,us,UNH,,461.8200073242188,465.760009765625,451.1799926757813,454.1099853515625,2203100,Yahoo Finance daily
2021-11-02,us,UNH,,456.260009765625,456.4400024414063,450.3800048828125,452.0400085449219,2600000,Yahoo Finance daily
2021-11-03,us,UNH,,450.4200134277344,457.5199890136719,447.0400085449219,457.3299865722656,2438200,Yahoo Finance daily
2021-11-04,us,UNH,,457.6000061035156,458.510009765625,452.1600036621094,456.760009765625,2517300,Yahoo Finance daily
2021-11-05,us,UNH,,457.8299865722656,461.5199890136719,454.5799865722656,455.80999755859375,2905000,Yahoo Finance daily
2021-11-08,us,UNH,,456.8500061035156,464.1900024414063,454.30999755859375,462.6199951171875,2279900,Yahoo Finance daily
2021-11-09,us,UNH,,462.6199951171875,464.4700012207031,460.2900085449219,464.3500061035156,2657800,Yahoo Finance daily
2021-11-10,us,UNH,,465.3900146484375,466.0,456.6300048828125,459.8999938964844,2818200,Yahoo Finance daily
2021-11-11,us,UNH,,460.0,460.8500061035156,455.4400024414063,457.3900146484375,2246800,Yahoo Finance daily
2021-11-12,us,UNH,,460.6700134277344,461.0,457.0799865722656,458.989990234375,2609500,Yahoo Finance daily
2021-11-15,us,UNH,,458.0,458.2099914550781,450.5,450.7999877929688,2849600,Yahoo Finance daily
2021-11-16,us,UNH,,452.989990234375,458.3500061035156,449.3699951171875,449.6199951171875,3383800,Yahoo Finance daily
2021-11-17,us,UNH,,450.3900146484375,453.9599914550781,448.7300109863281,448.9500122070313,2281500,Yahoo Finance daily
2021-11-18,us,UNH,,448.7300109863281,452.80999755859375,447.1099853515625,449.4700012207031,2073800,Yahoo Finance daily
2021-11-19,us,UNH,,448.1300048828125,449.4500122070313,439.5,440.0,3536100,Yahoo Finance daily
2021-11-22,us,UNH,,442.8200073242188,443.75,437.3900146484375,437.5400085449219,2598700,Yahoo Finance daily
2021-11-23,us,UNH,,436.010009765625,447.5199890136719,436.0,447.1300048828125,2857000,Yahoo Finance daily
2021-11-24,us,UNH,,446.6400146484375,450.9800109863281,445.6400146484375,450.1600036621094,2248800,Yahoo Finance daily
2021-11-26,us,UNH,,444.9200134277344,448.1799926757813,438.2099914550781,439.9100036621094,2480600,Yahoo Finance daily
2021-11-29,us,UNH,,443.55999755859375,453.0799865722656,440.5499877929688,452.0,4079700,Yahoo Finance daily
2021-11-30,us,UNH,,447.05999755859375,451.3500061035156,441.25,444.2200012207031,7435400,Yahoo Finance daily
2021-12-01,us,UNH,,452.8900146484375,455.9200134277344,444.1400146484375,444.3399963378906,4325500,Yahoo Finance daily
2021-12-02,us,UNH,,443.1499938964844,447.8900146484375,439.2200012207031,446.0199890136719,4738700,Yahoo Finance daily
2021-12-03,us,UNH,,447.7699890136719,454.4400024414063,445.1700134277344,449.3200073242188,3038300,Yahoo Finance daily
2021-12-06,us,UNH,,452.1499938964844,461.7799987792969,451.5199890136719,460.1099853515625,4721500,Yahoo Finance daily
2021-12-07,us,UNH,,462.75,465.75,460.2300109863281,464.7300109863281,3105200,Yahoo Finance daily
2021-12-08,us,UNH,,466.0899963378906,470.1700134277344,462.489990234375,468.8599853515625,3228300,Yahoo Finance daily
2021-12-09,us,UNH,,468.5299987792969,474.4800109863281,467.3599853515625,473.3200073242188,2977400,Yahoo Finance daily
2021-12-10,us,UNH,,472.0,478.4800109863281,471.010009765625,478.2300109863281,2572300,Yahoo Finance daily
2021-12-13,us,UNH,,477.0199890136719,480.260009765625,474.010009765625,478.1400146484375,2724800,Yahoo Finance daily
2021-12-14,us,UNH,,479.75,483.0400085449219,477.1799926757813,479.4599914550781,3018000,Yahoo Finance daily
2021-12-15,us,UNH,,480.6000061035156,495.3999938964844,480.1400146484375,494.3800048828125,4188600,Yahoo Finance daily
2021-12-16,us,UNH,,494.010009765625,496.9599914550781,490.1099853515625,492.8599853515625,4080800,Yahoo Finance daily
2021-12-17,us,UNH,,491.4200134277344,493.1300048828125,486.3800048828125,487.1199951171875,5707200,Yahoo Finance daily
2021-12-20,us,UNH,,482.0,485.010009765625,475.260009765625,483.7300109863281,3145600,Yahoo Finance daily
2021-12-21,us,UNH,,487.0199890136719,489.0,482.2000122070313,487.2099914550781,2536000,Yahoo Finance daily
2021-12-22,us,UNH,,487.1499938964844,495.4500122070313,485.8999938964844,494.1300048828125,1687500,Yahoo Finance daily
2021-12-23,us,UNH,,495.0,498.1499938964844,492.80999755859375,495.3800048828125,1706500,Yahoo Finance daily
2021-12-27,us,UNH,,498.6799926757813,500.2999877929688,496.6400146484375,499.5,1349400,Yahoo Finance daily
2021-12-28,us,UNH,,502.0,505.3200073242188,500.3999938964844,502.9400024414063,1495500,Yahoo Finance daily
2021-12-29,us,UNH,,504.7799987792969,507.2200012207031,502.0,505.5799865722656,1573900,Yahoo Finance daily
2021-12-30,us,UNH,,507.9299926757813,509.2300109863281,503.6499938964844,504.4299926757813,1309800,Yahoo Finance daily
2021-12-31,us,UNH,,504.1400146484375,506.8699951171875,502.0400085449219,502.1400146484375,1695400,Yahoo Finance daily
2022-01-03,us,UNH,,500.0,502.8999938964844,493.0499877929688,502.2799987792969,3033600,Yahoo Finance daily
2022-01-04,us,UNH,,503.2000122070313,503.75,490.8800048828125,490.8999938964844,3908100,Yahoo Finance daily
2022-01-05,us,UNH,,494.7699890136719,497.0,489.6900024414063,489.6900024414063,3921100,Yahoo Finance daily
2022-01-06,us,UNH,,480.0,484.1400146484375,463.1199951171875,469.6499938964844,6555200,Yahoo Finance daily
2022-01-07,us,UNH,,467.6900024414063,467.9700012207031,455.5499877929688,458.6000061035156,5494200,Yahoo Finance daily
2022-01-10,us,UNH,,456.0,465.8599853515625,454.4400024414063,465.0,5831800,Yahoo Finance daily
2022-01-11,us,UNH,,467.2000122070313,470.4500122070313,460.6700134277344,469.0,3332800,Yahoo Finance daily
2022-01-12,us,UNH,,468.9700012207031,475.3200073242188,466.3399963378906,473.7200012207031,3502300,Yahoo Finance daily
2022-01-13,us,UNH,,475.8900146484375,476.5499877929688,465.9800109863281,467.4299926757813,3005300,Yahoo Finance daily
2022-01-14,us,UNH,,469.8900146484375,473.1700134277344,465.0799865722656,468.6900024414063,3665400,Yahoo Finance daily
2022-01-18,us,UNH,,465.1700134277344,465.7099914550781,458.3500061035156,460.989990234375,3938800,Yahoo Finance daily
2022-01-19,us,UNH,,468.0,475.489990234375,461.510009765625,462.5199890136719,4030900,Yahoo Finance daily
2022-01-20,us,UNH,,464.3800048828125,471.6300048828125,462.0,463.0,3228600,Yahoo Finance daily
2022-01-21,us,UNH,,463.5,470.7900085449219,461.0700073242188,461.1700134277344,4273200,Yahoo Finance daily
2022-01-24,us,UNH,,458.0700073242188,464.1400146484375,448.1300048828125,462.2699890136719,4780700,Yahoo Finance daily
2022-01-25,us,UNH,,454.0700073242188,459.489990234375,447.2699890136719,456.8399963378906,3428900,Yahoo Finance daily
2022-01-26,us,UNH,,458.4500122070313,463.8800048828125,453.4500122070313,458.4299926757813,4435900,Yahoo Finance daily
2022-01-27,us,UNH,,458.0799865722656,468.6799926757813,457.010009765625,461.6000061035156,3508100,Yahoo Finance daily
2022-01-28,us,UNH,,461.3999938964844,466.2799987792969,455.0799865722656,466.05999755859375,3364400,Yahoo Finance daily
2022-01-31,us,UNH,,465.0,473.1799926757813,464.3999938964844,472.5700073242188,3500500,Yahoo Finance daily
2022-02-01,us,UNH,,475.0,475.0,462.75,468.4100036621094,3148600,Yahoo Finance daily
2022-02-02,us,UNH,,469.05999755859375,481.9800109863281,469.05999755859375,479.7799987792969,3026800,Yahoo Finance daily
2022-02-03,us,UNH,,498.6499938964844,500.1799926757813,483.5700073242188,488.7699890136719,4370900,Yahoo Finance daily
2022-02-04,us,UNH,,481.75,489.6300048828125,480.1900024414063,483.1700134277344,3066400,Yahoo Finance daily
2022-02-07,us,UNH,,484.9100036621094,487.260009765625,481.2999877929688,483.7000122070313,2937200,Yahoo Finance daily
2022-02-08,us,UNH,,481.3500061035156,495.6700134277344,481.3500061035156,493.4100036621094,3534700,Yahoo Finance daily
2022-02-09,us,UNH,,497.0,500.9299926757813,496.2900085449219,498.1000061035156,2818100,Yahoo Finance daily
2022-02-10,us,UNH,,492.239990234375,494.2200012207031,485.0700073242188,486.7200012207031,2626100,Yahoo Finance daily
2022-02-11,us,UNH,,484.6799926757813,490.4299926757813,476.4400024414063,478.1300048828125,2493800,Yahoo Finance daily
2022-02-14,us,UNH,,475.1099853515625,477.739990234375,469.3299865722656,474.3999938964844,2549500,Yahoo Finance daily
2022-02-15,us,UNH,,475.9400024414063,481.1700134277344,475.2000122070313,478.2300109863281,3001000,Yahoo Finance daily
2022-02-16,us,UNH,,475.5,481.7300109863281,471.3999938964844,480.0499877929688,2651800,Yahoo Finance daily
2022-02-17,us,UNH,,478.1700134277344,479.2900085449219,468.8900146484375,470.3399963378906,2403100,Yahoo Finance daily
2022-02-18,us,UNH,,470.25,474.9200134277344,466.8299865722656,467.80999755859375,2992300,Yahoo Finance daily
2022-02-22,us,UNH,,463.8299865722656,467.1900024414063,457.8200073242188,462.510009765625,3029800,Yahoo Finance daily
2022-02-23,us,UNH,,467.1900024414063,467.7200012207031,458.8399963378906,459.6199951171875,2840300,Yahoo Finance daily
2022-02-24,us,UNH,,449.5199890136719,456.5899963378906,445.739990234375,455.8900146484375,3933000,Yahoo Finance daily
2022-02-25,us,UNH,,456.6499938964844,475.7799987792969,456.2300109863281,475.75,3314400,Yahoo Finance daily
2022-02-28,us,UNH,,465.8500061035156,477.30999755859375,465.6099853515625,475.8699951171875,3918300,Yahoo Finance daily
2022-03-01,us,UNH,,470.8900146484375,476.9599914550781,467.7300109863281,476.25,2917600,Yahoo Finance daily
2022-03-02,us,UNH,,478.1900024414063,487.1700134277344,477.8900146484375,485.3800048828125,3675900,Yahoo Finance daily
2022-03-03,us,UNH,,486.0,491.3800048828125,482.2200012207031,486.5899963378906,3139400,Yahoo Finance daily
2022-03-04,us,UNH,,480.6900024414063,499.6600036621094,477.489990234375,498.6499938964844,4170100,Yahoo Finance daily
2022-03-07,us,UNH,,500.0,500.0,483.0199890136719,486.8699951171875,4123300,Yahoo Finance daily
2022-03-08,us,UNH,,478.7999877929688,484.489990234375,471.5199890136719,473.4599914550781,3849500,Yahoo Finance daily
2022-03-09,us,UNH,,482.5799865722656,487.7200012207031,473.5899963378906,485.5700073242188,3115500,Yahoo Finance daily
2022-03-10,us,UNH,,479.3299865722656,493.7099914550781,477.8299865722656,491.4400024414063,2834800,Yahoo Finance daily
2022-03-11,us,UNH,,487.8299865722656,493.7999877929688,482.510009765625,482.8699951171875,2615000,Yahoo Finance daily
2022-03-14,us,UNH,,490.3999938964844,495.5899963378906,485.2799987792969,487.9200134277344,2704100,Yahoo Finance daily
2022-03-15,us,UNH,,490.0,499.9400024414063,487.30999755859375,497.9100036621094,3043000,Yahoo Finance daily
2022-03-16,us,UNH,,499.8299865722656,505.5,490.010009765625,498.260009765625,3497100,Yahoo Finance daily
2022-03-17,us,UNH,,496.0,507.1199951171875,495.1799926757813,507.0199890136719,2357200,Yahoo Finance daily
2022-03-18,us,UNH,,508.739990234375,510.6799926757813,501.55999755859375,506.1199951171875,5065600,Yahoo Finance daily
2022-03-21,us,UNH,,505.010009765625,513.0,504.3599853515625,507.6600036621094,2617700,Yahoo Finance daily
2022-03-22,us,UNH,,509.2699890136719,511.8500061035156,504.8399963378906,505.3200073242188,2752500,Yahoo Finance daily
2022-03-23,us,UNH,,502.2699890136719,507.05999755859375,501.3299865722656,503.2300109863281,2753200,Yahoo Finance daily
2022-03-24,us,UNH,,505.0,515.780029296875,503.8599853515625,513.4600219726562,2789200,Yahoo Finance daily
2022-03-25,us,UNH,,514.1900024414062,516.530029296875,509.239990234375,513.030029296875,2551100,Yahoo Finance daily
2022-03-28,us,UNH,,514.3200073242188,517.1400146484375,508.80999755859375,513.2000122070312,2643000,Yahoo Finance daily
2022-03-29,us,UNH,,517.0999755859375,519.5900268554688,507.2999877929688,510.7300109863281,3478400,Yahoo Finance daily
2022-03-30,us,UNH,,515.1099853515625,521.2000122070312,512.47998046875,520.8200073242188,3041200,Yahoo Finance daily
2022-03-31,us,UNH,,517.0999755859375,521.8900146484375,509.6700134277344,509.9700012207031,3979700,Yahoo Finance daily
2022-04-01,us,UNH,,510.6799926757813,514.780029296875,506.6000061035156,512.5900268554688,2344100,Yahoo Finance daily
2022-04-04,us,UNH,,512.2100219726562,512.47998046875,504.5299987792969,510.0199890136719,2657500,Yahoo Finance daily
2022-04-05,us,UNH,,510.0,524.72998046875,508.0,517.760009765625,3268600,Yahoo Finance daily
2022-04-06,us,UNH,,518.219970703125,533.52001953125,518.0,531.75,3955600,Yahoo Finance daily
2022-04-07,us,UNH,,530.0,538.280029296875,528.3900146484375,536.9500122070312,2867000,Yahoo Finance daily
2022-04-08,us,UNH,,539.0,548.969970703125,538.0999755859375,545.9600219726562,3986700,Yahoo Finance daily
2022-04-11,us,UNH,,543.5999755859375,547.6099853515625,536.6400146484375,537.4400024414062,3574000,Yahoo Finance daily
2022-04-12,us,UNH,,535.4099731445312,540.72998046875,530.780029296875,533.7100219726562,3575700,Yahoo Finance daily
2022-04-13,us,UNH,,533.3200073242188,538.280029296875,528.6199951171875,537.0,3012000,Yahoo Finance daily
2022-04-14,us,UNH,,538.5,553.2899780273438,534.0700073242188,534.8200073242188,4211300,Yahoo Finance daily
2022-04-18,us,UNH,,537.9000244140625,541.0,530.3800048828125,534.0800170898438,2087100,Yahoo Finance daily
2022-04-19,us,UNH,,535.8900146484375,542.47998046875,535.239990234375,537.7000122070312,2207600,Yahoo Finance daily
2022-04-20,us,UNH,,542.1400146484375,548.3599853515625,539.0,546.010009765625,2986300,Yahoo Finance daily
2022-04-21,us,UNH,,545.5,548.0,536.030029296875,537.4400024414062,2539900,Yahoo Finance daily
2022-04-22,us,UNH,,532.0599975585938,533.3499755859375,520.1799926757812,520.9400024414062,3453300,Yahoo Finance daily
2022-04-25,us,UNH,,520.4000244140625,526.260009765625,511.7300109863281,524.27001953125,3030400,Yahoo Finance daily
2022-04-26,us,UNH,,524.239990234375,526.260009765625,513.510009765625,513.780029296875,2895300,Yahoo Finance daily
2022-04-27,us,UNH,,514.9099731445312,520.9000244140625,509.8200073242188,513.8099975585938,3353700,Yahoo Finance daily
2022-04-28,us,UNH,,516.760009765625,526.280029296875,513.1699829101562,524.4199829101562,2582700,Yahoo Finance daily
2022-04-29,us,UNH,,518.8499755859375,519.9000244140625,506.9599914550781,508.5499877929688,2873200,Yahoo Finance daily
2022-05-02,us,UNH,,510.80999755859375,513.510009765625,493.3399963378906,501.1499938964844,3184300,Yahoo Finance daily
2022-05-03,us,UNH,,501.1300048828125,505.5199890136719,497.4800109863281,499.6199951171875,2763400,Yahoo Finance daily
2022-05-04,us,UNH,,499.5,509.7699890136719,493.0899963378906,507.6199951171875,4002600,Yahoo Finance daily
2022-05-05,us,UNH,,507.2099914550781,510.6700134277344,489.2300109863281,494.7200012207031,3359700,Yahoo Finance daily
2022-05-06,us,UNH,,485.010009765625,501.5700073242188,485.0,499.6199951171875,3260300,Yahoo Finance daily
2022-05-09,us,UNH,,490.3999938964844,494.6300048828125,484.4299926757813,486.4200134277344,3862700,Yahoo Finance daily
2022-05-10,us,UNH,,493.80999755859375,496.3500061035156,481.1199951171875,488.010009765625,4275500,Yahoo Finance daily
2022-05-11,us,UNH,,484.3900146484375,500.5199890136719,484.3900146484375,486.1499938964844,3936300,Yahoo Finance daily
2022-05-12,us,UNH,,486.1000061035156,486.8900146484375,471.4200134277344,478.7999877929688,3997600,Yahoo Finance daily
2022-05-13,us,UNH,,480.9800109863281,487.0,475.80999755859375,485.3999938964844,2453400,Yahoo Finance daily
2022-05-16,us,UNH,,485.4100036621094,495.55999755859375,484.1499938964844,489.2200012207031,2338800,Yahoo Finance daily
2022-05-17,us,UNH,,494.0,494.7200012207031,488.4599914550781,492.5299987792969,2289000,Yahoo Finance daily
2022-05-18,us,UNH,,488.260009765625,489.2099914550781,468.3599853515625,471.3800048828125,3240500,Yahoo Finance daily
2022-05-19,us,UNH,,464.3200073242188,481.5799865722656,463.3299865722656,478.5499877929688,3813800,Yahoo Finance daily
2022-05-20,us,UNH,,481.3800048828125,487.4700012207031,472.30999755859375,485.7300109863281,3068200,Yahoo Finance daily
2022-05-23,us,UNH,,486.2900085449219,495.739990234375,486.2900085449219,492.0799865722656,2279800,Yahoo Finance daily
2022-05-24,us,UNH,,490.7900085449219,498.0799865722656,488.6600036621094,497.55999755859375,2658100,Yahoo Finance daily
2022-05-25,us,UNH,,498.5199890136719,502.30999755859375,491.260009765625,498.0899963378906,3161600,Yahoo Finance daily
2022-05-26,us,UNH,,501.739990234375,507.260009765625,499.4100036621094,502.2300109863281,2705800,Yahoo Finance daily
2022-05-27,us,UNH,,491.0,507.1099853515625,489.3900146484375,507.1099853515625,3349100,Yahoo Finance daily
2022-05-31,us,UNH,,503.6199951171875,504.1099853515625,495.6600036621094,496.7799987792969,4003100,Yahoo Finance daily
2022-06-01,us,UNH,,498.3200073242188,501.3800048828125,487.7799987792969,492.5499877929688,1765900,Yahoo Finance daily
2022-06-02,us,UNH,,494.0,496.1499938964844,482.9700012207031,492.260009765625,2093500,Yahoo Finance daily
2022-06-03,us,UNH,,488.3299865722656,491.6700134277344,484.8999938964844,485.6099853515625,1756900,Yahoo Finance daily
2022-06-06,us,UNH,,489.4299926757813,493.6300048828125,486.2900085449219,490.1799926757813,1781500,Yahoo Finance daily
2022-06-07,us,UNH,,489.5,497.6099853515625,487.1199951171875,497.1000061035156,2341900,Yahoo Finance daily
2022-06-08,us,UNH,,494.0,497.8999938964844,488.5499877929688,493.5299987792969,3268100,Yahoo Finance daily
2022-06-09,us,UNH,,492.8800048828125,496.4599914550781,487.6099853515625,489.4299926757813,3148800,Yahoo Finance daily
2022-06-10,us,UNH,,484.7999877929688,490.1600036621094,480.9299926757813,484.6300048828125,2599900,Yahoo Finance daily
2022-06-13,us,UNH,,475.1300048828125,481.3399963378906,467.260009765625,469.7000122070313,3764600,Yahoo Finance daily
2022-06-14,us,UNH,,467.5,469.1799926757813,457.4200134277344,461.75,3814200,Yahoo Finance daily
2022-06-15,us,UNH,,464.2000122070313,469.0199890136719,456.5,464.3299865722656,2550700,Yahoo Finance daily
2022-06-16,us,UNH,,453.3999938964844,457.80999755859375,450.6799926757813,456.0899963378906,3135600,Yahoo Finance daily
2022-06-17,us,UNH,,450.75,461.4599914550781,449.7000122070313,452.05999755859375,5277400,Yahoo Finance daily
2022-06-21,us,UNH,,457.80999755859375,485.1199951171875,457.1000061035156,480.3200073242188,5726800,Yahoo Finance daily
2022-06-22,us,UNH,,475.7200012207031,495.9200134277344,474.5400085449219,489.6799926757813,5061000,Yahoo Finance daily
2022-06-23,us,UNH,,494.9500122070313,503.5799865722656,491.9599914550781,499.80999755859375,4687700,Yahoo Finance daily
2022-06-24,us,UNH,,499.4400024414063,499.760009765625,486.55999755859375,495.6400146484375,15861100,Yahoo Finance daily
2022-06-27,us,UNH,,492.8299865722656,511.8900146484375,492.5799865722656,505.6600036621094,3907100,Yahoo Finance daily
2022-06-28,us,UNH,,512.0800170898438,518.6099853515625,505.0799865722656,508.4400024414063,4978200,Yahoo Finance daily
2022-06-29,us,UNH,,508.8500061035156,518.7000122070312,506.010009765625,515.7100219726562,3823400,Yahoo Finance daily
2022-06-30,us,UNH,,513.5499877929688,516.3200073242188,509.7200012207031,513.6300048828125,3568900,Yahoo Finance daily
2022-07-01,us,UNH,,512.3200073242188,517.530029296875,502.30999755859375,517.4000244140625,2426600,Yahoo Finance daily
2022-07-05,us,UNH,,507.6400146484375,511.0,492.25,505.239990234375,3029600,Yahoo Finance daily
2022-07-06,us,UNH,,505.6400146484375,517.4099731445312,504.2999877929688,515.2899780273438,2506700,Yahoo Finance daily
2022-07-07,us,UNH,,515.25,517.2999877929688,512.22998046875,514.3800048828125,2385400,Yahoo Finance daily
2022-07-08,us,UNH,,512.3099975585938,528.3699951171875,511.010009765625,518.6300048828125,3092100,Yahoo Finance daily
2022-07-11,us,UNH,,514.8599853515625,521.469970703125,511.80999755859375,516.9500122070312,1743600,Yahoo Finance daily
2022-07-12,us,UNH,,513.25,519.1400146484375,510.6199951171875,514.4199829101562,2706500,Yahoo Finance daily
2022-07-13,us,UNH,,508.0700073242188,511.8599853515625,501.1900024414063,501.239990234375,3467700,Yahoo Finance daily
2022-07-14,us,UNH,,495.0,505.8900146484375,492.2799987792969,502.4299926757813,3765500,Yahoo Finance daily
2022-07-15,us,UNH,,526.0599975585938,531.989990234375,515.4500122070312,529.75,5742500,Yahoo Finance daily
2022-07-18,us,UNH,,531.0,532.1599731445312,518.75,519.3699951171875,3212000,Yahoo Finance daily
2022-07-19,us,UNH,,521.0900268554688,533.8400268554688,520.5900268554688,533.4500122070312,2953500,Yahoo Finance daily
2022-07-20,us,UNH,,533.4500122070312,534.0499877929688,515.72998046875,519.469970703125,4327500,Yahoo Finance daily
2022-07-21,us,UNH,,519.3900146484375,522.469970703125,511.1400146484375,522.4600219726562,2667600,Yahoo Finance daily
2022-07-22,us,UNH,,526.0,527.5999755859375,518.4000244140625,521.4099731445312,1850300,Yahoo Finance daily
2022-07-25,us,UNH,,526.0900268554688,532.8900146484375,524.219970703125,529.469970703125,2337200,Yahoo Finance daily
2022-07-26,us,UNH,,533.7999877929688,537.6400146484375,531.030029296875,531.5900268554688,2637800,Yahoo Finance daily
2022-07-27,us,UNH,,533.5399780273438,537.8599853515625,528.0399780273438,534.6099853515625,2268100,Yahoo Finance daily
2022-07-28,us,UNH,,537.489990234375,544.3400268554688,531.739990234375,541.489990234375,2344500,Yahoo Finance daily
2022-07-29,us,UNH,,540.010009765625,543.8499755859375,536.6900024414062,542.3400268554688,2945700,Yahoo Finance daily
2022-08-01,us,UNH,,542.27001953125,543.6500244140625,531.0,535.3800048828125,2335000,Yahoo Finance daily
2022-08-02,us,UNH,,537.5499877929688,540.530029296875,531.719970703125,535.4600219726562,2114200,Yahoo Finance daily
2022-08-03,us,UNH,,537.260009765625,543.6199951171875,535.6900024414062,540.6500244140625,1802900,Yahoo Finance daily
2022-08-04,us,UNH,,539.2899780273438,540.4299926757812,532.760009765625,533.75,2368000,Yahoo Finance daily
2022-08-05,us,UNH,,530.0,535.5,527.5599975585938,535.0599975585938,2373400,Yahoo Finance daily
2022-08-08,us,UNH,,539.9099731445312,541.2999877929688,533.4199829101562,536.5999755859375,1656400,Yahoo Finance daily
2022-08-09,us,UNH,,540.0,545.739990234375,536.3800048828125,537.260009765625,2147200,Yahoo Finance daily
2022-08-10,us,UNH,,540.260009765625,541.97998046875,533.8099975585938,537.719970703125,2291400,Yahoo Finance daily
2022-08-11,us,UNH,,538.239990234375,538.6300048828125,529.6699829101562,532.8599853515625,3006200,Yahoo Finance daily
2022-08-12,us,UNH,,535.6099853515625,544.4000244140625,534.4500122070312,543.7000122070312,1981000,Yahoo Finance daily
2022-08-15,us,UNH,,541.6699829101562,547.2100219726562,538.5599975585938,544.6400146484375,1447300,Yahoo Finance daily
2022-08-16,us,UNH,,545.2100219726562,547.4400024414062,542.3900146484375,546.1199951171875,1773000,Yahoo Finance daily
2022-08-17,us,UNH,,545.239990234375,547.7899780273438,541.5700073242188,545.0,1471700,Yahoo Finance daily
2022-08-18,us,UNH,,545.010009765625,548.1300048828125,541.8200073242188,545.219970703125,1486400,Yahoo Finance daily
2022-08-19,us,UNH,,545.5,553.1300048828125,544.8200073242188,548.3200073242188,2258000,Yahoo Finance daily
2022-08-22,us,UNH,,541.3900146484375,549.52001953125,541.3499755859375,544.5700073242188,1672900,Yahoo Finance daily
2022-08-23,us,UNH,,543.2899780273438,543.2899780273438,533.2100219726562,535.7999877929688,2039600,Yahoo Finance daily
2022-08-24,us,UNH,,536.6799926757812,539.8599853515625,535.02001953125,536.4600219726562,1761200,Yahoo Finance daily
2022-08-25,us,UNH,,535.010009765625,542.02001953125,531.25,541.5700073242188,1965800,Yahoo Finance daily
2022-08-26,us,UNH,,542.260009765625,543.1900024414062,528.219970703125,529.25,1906700,Yahoo Finance daily
2022-08-29,us,UNH,,526.0,532.9000244140625,522.8699951171875,529.77001953125,1594000,Yahoo Finance daily
2022-08-30,us,UNH,,530.4099731445312,531.0900268554688,521.7899780273438,522.8400268554688,2013400,Yahoo Finance daily
2022-08-31,us,UNH,,520.8200073242188,527.0999755859375,519.1599731445312,519.3300170898438,2891300,Yahoo Finance daily
2022-09-01,us,UNH,,519.3300170898438,524.260009765625,515.0900268554688,524.0,2085300,Yahoo Finance daily
2022-09-02,us,UNH,,529.6199951171875,529.7899780273438,513.8099975585938,516.3499755859375,1944200,Yahoo Finance daily
2022-09-06,us,UNH,,519.9299926757812,527.4500122070312,516.9199829101562,517.6799926757812,2711900,Yahoo Finance daily
2022-09-07,us,UNH,,517.0,523.5,514.6799926757812,521.6799926757812,2504400,Yahoo Finance daily
2022-09-08,us,UNH,,520.9500122070312,528.489990234375,518.8099975585938,527.510009765625,1557500,Yahoo Finance daily
2022-09-09,us,UNH,,527.8300170898438,527.8300170898438,522.5800170898438,524.3400268554688,2495500,Yahoo Finance daily
2022-09-12,us,UNH,,525.0,535.02001953125,522.5,531.25,2792000,Yahoo Finance daily
2022-09-13,us,UNH,,524.0,525.260009765625,511.9700012207031,513.9600219726562,3172500,Yahoo Finance daily
2022-09-14,us,UNH,,514.0,515.3800048828125,506.1000061035156,509.7699890136719,2648100,Yahoo Finance daily
2022-09-15,us,UNH,,516.2999877929688,527.97998046875,514.1400146484375,522.9099731445312,3058100,Yahoo Finance daily
2022-09-16,us,UNH,,518.52001953125,522.8200073242188,517.0800170898438,521.02001953125,3981700,Yahoo Finance daily
2022-09-19,us,UNH,,518.5900268554688,524.0,512.969970703125,523.5499877929688,2130800,Yahoo Finance daily
2022-09-20,us,UNH,,524.239990234375,524.6699829101562,514.8099975585938,522.7999877929688,2421700,Yahoo Finance daily
2022-09-21,us,UNH,,525.030029296875,528.010009765625,512.02001953125,512.0800170898438,2427700,Yahoo Finance daily
2022-09-22,us,UNH,,511.0299987792969,520.969970703125,506.1099853515625,517.4600219726562,2285600,Yahoo Finance daily
2022-09-23,us,UNH,,513.5599975585938,514.6599731445312,506.3800048828125,513.6099853515625,2536900,Yahoo Finance daily
2022-09-26,us,UNH,,507.3900146484375,512.5700073242188,499.0,508.3599853515625,2867400,Yahoo Finance daily
2022-09-27,us,UNH,,510.3699951171875,516.7899780273438,503.5799865722656,508.3699951171875,2583400,Yahoo Finance daily
2022-09-28,us,UNH,,506.4800109863281,516.27001953125,500.7999877929688,513.9400024414062,3027300,Yahoo Finance daily
2022-09-29,us,UNH,,514.77001953125,514.77001953125,502.4700012207031,508.8299865722656,2392000,Yahoo Finance daily
2022-09-30,us,UNH,,511.1000061035156,516.5499877929688,504.8399963378906,505.0400085449219,3116000,Yahoo Finance daily
2022-10-03,us,UNH,,507.0799865722656,517.8099975585938,505.3999938964844,515.510009765625,2562400,Yahoo Finance daily
2022-10-04,us,UNH,,518.3499755859375,524.5900268554688,516.8300170898438,523.1699829101562,3189800,Yahoo Finance daily
2022-10-05,us,UNH,,521.0,529.3499755859375,520.1300048828125,527.0700073242188,2281800,Yahoo Finance daily
2022-10-06,us,UNH,,528.3300170898438,528.5800170898438,516.739990234375,519.1300048828125,2187300,Yahoo Finance daily
2022-10-07,us,UNH,,514.1699829101562,514.1699829101562,501.05999755859375,504.8500061035156,3273700,Yahoo Finance daily
2022-10-10,us,UNH,,505.6000061035156,506.30999755859375,495.0199890136719,498.8599853515625,2459100,Yahoo Finance daily
2022-10-11,us,UNH,,496.9700012207031,506.8299865722656,495.1799926757813,499.80999755859375,2844500,Yahoo Finance daily
2022-10-12,us,UNH,,502.1300048828125,508.25,498.2099914550781,499.9599914550781,2254300,Yahoo Finance daily
2022-10-13,us,UNH,,493.4500122070313,513.469970703125,487.739990234375,509.9100036621094,3999700,Yahoo Finance daily
2022-10-14,us,UNH,,520.0,529.9099731445312,511.9299926757813,513.1300048828125,5628900,Yahoo Finance daily
2022-10-17,us,UNH,,517.739990234375,524.3099975585938,515.280029296875,521.8800048828125,3282300,Yahoo Finance daily
2022-10-18,us,UNH,,532.0,532.0,518.3300170898438,522.2100219726562,2345500,Yahoo Finance daily
2022-10-19,us,UNH,,521.739990234375,523.8200073242188,514.5999755859375,520.3200073242188,2500500,Yahoo Finance daily
2022-10-20,us,UNH,,523.0499877929688,529.4199829101562,519.780029296875,520.8800048828125,2390800,Yahoo Finance daily
2022-10-21,us,UNH,,518.0599975585938,536.530029296875,518.010009765625,533.72998046875,2896000,Yahoo Finance daily
2022-10-24,us,UNH,,538.0700073242188,546.47998046875,537.7999877929688,541.5999755859375,2627100,Yahoo Finance daily
2022-10-25,us,UNH,,537.7899780273438,543.9199829101562,533.9000244140625,540.219970703125,2411900,Yahoo Finance daily
2022-10-26,us,UNH,,541.3800048828125,547.6400146484375,540.2100219726562,543.1699829101562,2863500,Yahoo Finance daily
2022-10-27,us,UNH,,546.52001953125,546.52001953125,539.760009765625,541.7999877929688,2212100,Yahoo Finance daily
2022-10-28,us,UNH,,544.969970703125,553.0,543.6900024414062,551.239990234375,2761900,Yahoo Finance daily
2022-10-31,us,UNH,,555.0,558.0999755859375,550.1300048828125,555.1500244140625,2770400,Yahoo Finance daily
2022-11-01,us,UNH,,555.0,555.6900024414062,544.219970703125,547.3099975585938,3338900,Yahoo Finance daily
2022-11-02,us,UNH,,544.4099731445312,554.5800170898438,543.0700073242188,543.4299926757812,2696200,Yahoo Finance daily
2022-11-03,us,UNH,,541.739990234375,547.8699951171875,538.1300048828125,543.6099853515625,2245300,Yahoo Finance daily
2022-11-04,us,UNH,,547.0499877929688,547.760009765625,527.1400146484375,538.1699829101562,3513100,Yahoo Finance daily
2022-11-07,us,UNH,,538.1699829101562,546.9500122070312,535.469970703125,545.02001953125,2540300,Yahoo Finance daily
2022-11-08,us,UNH,,547.0499877929688,554.7999877929688,542.0,553.0499877929688,2797000,Yahoo Finance daily
2022-11-09,us,UNH,,553.780029296875,554.6099853515625,539.4400024414062,540.6599731445312,2672600,Yahoo Finance daily
2022-11-10,us,UNH,,548.9299926757812,551.7000122070312,533.9500122070312,544.1699829101562,3426400,Yahoo Finance daily
2022-11-11,us,UNH,,546.280029296875,546.280029296875,509.6499938964844,522.0800170898438,7034300,Yahoo Finance daily
2022-11-14,us,UNH,,522.0,528.97998046875,513.4099731445312,513.75,5238400,Yahoo Finance daily
2022-11-15,us,UNH,,512.8099975585938,516.6400146484375,500.7699890136719,503.010009765625,5103800,Yahoo Finance daily
2022-11-16,us,UNH,,505.8900146484375,514.1300048828125,505.4700012207031,511.5199890136719,3430800,Yahoo Finance daily
2022-11-17,us,UNH,,512.1599731445312,526.97998046875,512.1599731445312,515.3099975585938,4246300,Yahoo Finance daily
2022-11-18,us,UNH,,522.1199951171875,533.0,519.4600219726562,530.0,3566000,Yahoo Finance daily
2022-11-21,us,UNH,,529.010009765625,531.9500122070312,515.3800048828125,517.1900024414062,3349600,Yahoo Finance daily
2022-11-22,us,UNH,,519.9400024414062,524.6599731445312,519.9099731445312,523.0900268554688,2567400,Yahoo Finance daily
2022-11-23,us,UNH,,525.0,530.4400024414062,523.0,529.7100219726562,2238300,Yahoo Finance daily
2022-11-25,us,UNH,,534.0,540.8499755859375,532.52001953125,537.6199951171875,1419200,Yahoo Finance daily
2022-11-28,us,UNH,,535.8300170898438,539.5800170898438,531.6900024414062,532.27001953125,2699900,Yahoo Finance daily
2022-11-29,us,UNH,,531.6699829101562,532.969970703125,523.6500244140625,528.0,3751000,Yahoo Finance daily
2022-11-30,us,UNH,,529.719970703125,548.0800170898438,527.47998046875,547.760009765625,9688900,Yahoo Finance daily
2022-12-01,us,UNH,,552.3599853515625,553.0,535.7999877929688,536.9099731445312,2997800,Yahoo Finance daily
2022-12-02,us,UNH,,532.8300170898438,538.6099853515625,532.4400024414062,536.1599731445312,2346200,Yahoo Finance daily
2022-12-05,us,UNH,,531.489990234375,540.3800048828125,530.8800048828125,535.0399780273438,2424800,Yahoo Finance daily
2022-12-06,us,UNH,,534.4199829101562,540.5900268554688,534.239990234375,539.3200073242188,3097700,Yahoo Finance daily
2022-12-07,us,UNH,,540.8400268554688,545.9099731445312,539.6300048828125,542.9099731445312,2849100,Yahoo Finance daily
2022-12-08,us,UNH,,544.8599853515625,551.2899780273438,543.780029296875,547.9199829101562,2272300,Yahoo Finance daily
2022-12-09,us,UNH,,547.9299926757812,548.489990234375,538.8699951171875,539.2000122070312,2852400,Yahoo Finance daily
2022-12-12,us,UNH,,541.8499755859375,546.0800170898438,539.280029296875,545.8599853515625,2714100,Yahoo Finance daily
2022-12-13,us,UNH,,550.5599975585938,550.989990234375,535.0999755859375,538.219970703125,3369700,Yahoo Finance daily
2022-12-14,us,UNH,,541.9299926757812,543.47998046875,531.5700073242188,538.3599853515625,2654600,Yahoo Finance daily
2022-12-15,us,UNH,,533.989990234375,534.0700073242188,525.469970703125,527.6799926757812,2963800,Yahoo Finance daily
2022-12-16,us,UNH,,525.1500244140625,525.8099975585938,515.719970703125,523.7000122070312,7109100,Yahoo Finance daily
2022-12-19,us,UNH,,524.5999755859375,527.2100219726562,520.9299926757812,523.5999755859375,1808100,Yahoo Finance daily
2022-12-20,us,UNH,,526.989990234375,526.989990234375,519.7000122070312,520.2100219726562,2086100,Yahoo Finance daily
2022-12-21,us,UNH,,523.6300048828125,527.8800048828125,518.0999755859375,527.5399780273438,2182000,Yahoo Finance daily
2022-12-22,us,UNH,,526.47998046875,529.010009765625,521.6300048828125,527.0900268554688,1851600,Yahoo Finance daily
2022-12-23,us,UNH,,524.0999755859375,531.3099975585938,522.9000244140625,531.3099975585938,1292300,Yahoo Finance daily
2022-12-27,us,UNH,,533.9299926757812,535.8400268554688,529.8499755859375,531.989990234375,1596700,Yahoo Finance daily
2022-12-28,us,UNH,,535.0700073242188,538.1500244140625,527.72998046875,528.4500122070312,1694200,Yahoo Finance daily
2022-12-29,us,UNH,,532.5399780273438,533.6799926757812,528.8599853515625,529.8800048828125,1379700,Yahoo Finance daily
2022-12-30,us,UNH,,530.0,530.5,524.8400268554688,530.1799926757812,1849600,Yahoo Finance daily
2023-01-03,us,UNH,,525.1300048828125,525.6300048828125,512.1599731445312,518.6400146484375,3525600,Yahoo Finance daily
2023-01-04,us,UNH,,518.6400146484375,518.6400146484375,500.6000061035156,504.5,5070400,Yahoo Finance daily
2023-01-05,us,UNH,,501.010009765625,502.0899963378906,488.5,489.9599914550781,5497100,Yahoo Finance daily
2023-01-06,us,UNH,,491.5899963378906,492.8699951171875,487.5400085449219,490.0,4841300,Yahoo Finance daily
2023-01-09,us,UNH,,492.4100036621094,499.989990234375,488.5400085449219,490.05999755859375,3702800,Yahoo Finance daily
2023-01-10,us,UNH,,488.8500061035156,490.4700012207031,482.6799926757813,486.0,3164000,Yahoo Finance daily
2023-01-11,us,UNH,,485.2900085449219,495.6000061035156,485.0,493.3999938964844,4274200,Yahoo Finance daily
2023-01-12,us,UNH,,490.0,498.7300109863281,485.2200012207031,495.6700134277344,3726800,Yahoo Finance daily
2023-01-13,us,UNH,,486.1099853515625,509.5,486.0,489.5700073242188,5390100,Yahoo Finance daily
2023-01-17,us,UNH,,491.2000122070313,492.9400024414063,483.7799987792969,485.0799865722656,4495600,Yahoo Finance daily
2023-01-18,us,UNH,,488.0499877929688,489.5,474.75,476.239990234375,4398200,Yahoo Finance daily
2023-01-19,us,UNH,,477.8699951171875,486.3900146484375,477.3900146484375,484.3599853515625,4549600,Yahoo Finance daily
2023-01-20,us,UNH,,485.5299987792969,486.989990234375,479.0,486.7200012207031,3525900,Yahoo Finance daily
2023-01-23,us,UNH,,486.6799926757813,490.1000061035156,481.3900146484375,485.80999755859375,3418700,Yahoo Finance daily
2023-01-24,us,UNH,,500.260009765625,500.260009765625,480.0,491.6000061035156,3036300,Yahoo Finance daily
2023-01-25,us,UNH,,489.2799987792969,495.3599853515625,485.7300109863281,492.5,3037300,Yahoo Finance daily
2023-01-26,us,UNH,,492.5,496.4500122070313,490.5799865722656,492.4800109863281,3005000,Yahoo Finance daily
2023-01-27,us,UNH,,493.3699951171875,493.3699951171875,484.4700012207031,486.0499877929688,3177100,Yahoo Finance daily
2023-01-30,us,UNH,,487.80999755859375,495.25,484.7999877929688,485.7900085449219,3606900,Yahoo Finance daily
2023-01-31,us,UNH,,498.0,505.5,493.1300048828125,499.1900024414063,5567000,Yahoo Finance daily
2023-02-01,us,UNH,,499.9500122070313,504.3800048828125,495.6700134277344,497.0,3451200,Yahoo Finance daily
2023-02-02,us,UNH,,494.260009765625,495.0,463.8900146484375,470.8299865722656,11169900,Yahoo Finance daily
2023-02-03,us,UNH,,475.2300109863281,478.7799987792969,469.75,472.0199890136719,5440100,Yahoo Finance daily
2023-02-06,us,UNH,,472.0,478.9700012207031,471.010009765625,475.239990234375,4174200,Yahoo Finance daily
2023-02-07,us,UNH,,471.0400085449219,478.0799865722656,469.0299987792969,476.8800048828125,3394600,Yahoo Finance daily
2023-02-08,us,UNH,,475.4700012207031,485.0400085449219,475.1099853515625,483.2200012207031,3466400,Yahoo Finance daily
2023-02-09,us,UNH,,485.6300048828125,489.7000122070313,482.3999938964844,485.7300109863281,3664600,Yahoo Finance daily
2023-02-10,us,UNH,,489.1300048828125,495.6600036621094,488.75,494.25,3418100,Yahoo Finance daily
2023-02-13,us,UNH,,494.0,499.8699951171875,491.760009765625,495.3500061035156,2589000,Yahoo Finance daily
2023-02-14,us,UNH,,494.2900085449219,497.9500122070313,489.0899963378906,492.8299865722656,2072600,Yahoo Finance daily
2023-02-15,us,UNH,,489.6499938964844,491.8299865722656,488.3900146484375,491.25,2242500,Yahoo Finance daily
2023-02-16,us,UNH,,491.1499938964844,494.0,487.2699890136719,487.3500061035156,2611500,Yahoo Finance daily
2023-02-17,us,UNH,,487.3800048828125,499.4599914550781,487.3500061035156,499.0799865722656,3891500,Yahoo Finance daily
2023-02-21,us,UNH,,496.7000122070313,501.3999938964844,490.5,491.30999755859375,2877300,Yahoo Finance daily
2023-02-22,us,UNH,,492.80999755859375,493.8900146484375,488.6700134277344,488.8900146484375,2982800,Yahoo Finance daily
2023-02-23,us,UNH,,486.6600036621094,493.3299865722656,485.8699951171875,491.6900024414063,2511800,Yahoo Finance daily
2023-02-24,us,UNH,,489.5799865722656,492.510009765625,483.010009765625,484.3299865722656,2940400,Yahoo Finance daily
2023-02-27,us,UNH,,488.7699890136719,490.9400024414063,481.9599914550781,483.3200073242188,3006200,Yahoo Finance daily
2023-02-28,us,UNH,,482.6700134277344,483.3599853515625,473.9200134277344,475.9400024414063,3902100,Yahoo Finance daily
2023-03-01,us,UNH,,473.6099853515625,478.4100036621094,472.0,475.2200012207031,2996900,Yahoo Finance daily
2023-03-02,us,UNH,,475.2099914550781,480.4299926757813,473.25,477.7000122070313,2188800,Yahoo Finance daily
2023-03-03,us,UNH,,477.9400024414063,479.1000061035156,474.2200012207031,478.55999755859375,2863300,Yahoo Finance daily
2023-03-06,us,UNH,,481.3699951171875,484.3500061035156,479.0,480.7799987792969,3812700,Yahoo Finance daily
2023-03-07,us,UNH,,482.9800109863281,483.8200073242188,472.55999755859375,473.8800048828125,2589200,Yahoo Finance daily
2023-03-08,us,UNH,,471.75,475.3900146484375,466.760009765625,470.6000061035156,3036600,Yahoo Finance daily
2023-03-09,us,UNH,,473.9500122070313,473.9500122070313,463.75,464.9100036621094,2780400,Yahoo Finance daily
2023-03-10,us,UNH,,462.7699890136719,468.8599853515625,457.5899963378906,460.3299865722656,3787500,Yahoo Finance daily
2023-03-13,us,UNH,,458.6499938964844,470.3699951171875,458.6499938964844,463.6799926757813,2971600,Yahoo Finance daily
2023-03-14,us,UNH,,464.6499938964844,469.8399963378906,459.0499877929688,464.5799865722656,3258200,Yahoo Finance daily
2023-03-15,us,UNH,,460.989990234375,468.8800048828125,459.239990234375,465.4299926757813,3770200,Yahoo Finance daily
2023-03-16,us,UNH,,464.7099914550781,473.3900146484375,463.1000061035156,472.0199890136719,2940500,Yahoo Finance daily
2023-03-17,us,UNH,,471.3900146484375,472.010009765625,466.2999877929688,469.5,5290000,Yahoo Finance daily
2023-03-20,us,UNH,,470.0,479.8200073242188,470.0,476.9599914550781,3119400,Yahoo Finance daily
2023-03-21,us,UNH,,478.3900146484375,481.4500122070313,475.7200012207031,480.1000061035156,3163300,Yahoo Finance daily
2023-03-22,us,UNH,,481.9500122070313,485.739990234375,474.8200073242188,475.5199890136719,2632200,Yahoo Finance daily
2023-03-23,us,UNH,,477.4100036621094,480.6700134277344,466.6700134277344,469.9100036621094,3284900,Yahoo Finance daily
2023-03-24,us,UNH,,468.9800109863281,476.8800048828125,467.5899963378906,475.989990234375,2533200,Yahoo Finance daily
2023-03-27,us,UNH,,485.5499877929688,486.2900085449219,478.5899963378906,481.8999938964844,2271800,Yahoo Finance daily
2023-03-28,us,UNH,,482.0,483.7900085449219,470.6900024414063,472.5799865722656,2369500,Yahoo Finance daily
2023-03-29,us,UNH,,475.1099853515625,475.8800048828125,464.9500122070313,466.5899963378906,3733200,Yahoo Finance daily
2023-03-30,us,UNH,,466.5700073242188,470.4100036621094,461.0799865722656,470.05999755859375,3324600,Yahoo Finance daily
2023-03-31,us,UNH,,471.5199890136719,476.0,470.1000061035156,472.5899963378906,3996700,Yahoo Finance daily
2023-04-03,us,UNH,,485.2000122070313,496.1300048828125,483.489990234375,494.1900024414063,4729100,Yahoo Finance daily
2023-04-04,us,UNH,,493.0299987792969,496.1000061035156,491.8399963378906,493.25,2624700,Yahoo Finance daily
2023-04-05,us,UNH,,497.3900146484375,511.739990234375,496.1000061035156,509.2300109863281,4964800,Yahoo Finance daily
2023-04-06,us,UNH,,511.0,514.239990234375,507.1499938964844,512.8099975585938,3472600,Yahoo Finance daily
2023-04-10,us,UNH,,510.80999755859375,515.3900146484375,508.0899963378906,515.1799926757812,2714500,Yahoo Finance daily
2023-04-11,us,UNH,,516.1400146484375,522.219970703125,515.219970703125,520.969970703125,3065300,Yahoo Finance daily
2023-04-12,us,UNH,,524.97998046875,526.7000122070312,520.0399780273438,521.1900024414062,3422400,Yahoo Finance daily
2023-04-13,us,UNH,,523.9099731445312,530.4500122070312,520.5,526.22998046875,4224400,Yahoo Finance daily
2023-04-14,us,UNH,,522.0,527.239990234375,508.5,511.7900085449219,4872000,Yahoo Finance daily
2023-04-17,us,UNH,,508.7200012207031,509.5899963378906,502.75,505.3500061035156,3660900,Yahoo Finance daily
2023-04-18,us,UNH,,503.6700134277344,506.989990234375,498.1400146484375,504.4800109863281,3232000,Yahoo Finance daily
2023-04-19,us,UNH,,500.6499938964844,501.9700012207031,483.6300048828125,486.2000122070313,5809100,Yahoo Finance daily
2023-04-20,us,UNH,,485.4700012207031,489.6499938964844,483.260009765625,487.4599914550781,3283000,Yahoo Finance daily
2023-04-21,us,UNH,,490.0400085449219,490.7300109863281,482.1400146484375,483.8200073242188,3165300,Yahoo Finance daily
2023-04-24,us,UNH,,483.4100036621094,490.2200012207031,482.6499938964844,488.9400024414063,2322400,Yahoo Finance daily
2023-04-25,us,UNH,,492.6799926757813,498.5,490.5799865722656,491.9200134277344,2937300,Yahoo Finance daily
2023-04-26,us,UNH,,485.8699951171875,487.7000122070313,478.3599853515625,482.9500122070313,2930000,Yahoo Finance daily
2023-04-27,us,UNH,,482.2000122070313,490.9800109863281,482.2000122070313,490.4700012207031,2473200,Yahoo Finance daily
2023-04-28,us,UNH,,488.6900024414063,493.9599914550781,488.1199951171875,492.0899963378906,2398900,Yahoo Finance daily
2023-05-01,us,UNH,,494.5899963378906,499.3900146484375,491.80999755859375,495.7000122070313,2105600,Yahoo Finance daily
2023-05-02,us,UNH,,495.25,496.7099914550781,489.2699890136719,493.3900146484375,2152300,Yahoo Finance daily
2023-05-03,us,UNH,,494.3999938964844,495.4500122070313,488.0299987792969,489.4400024414063,1749700,Yahoo Finance daily
2023-05-04,us,UNH,,487.0499877929688,489.6900024414063,481.9500122070313,487.2799987792969,2555700,Yahoo Finance daily
2023-05-05,us,UNH,,494.05999755859375,500.8500061035156,492.0299987792969,494.2799987792969,2329400,Yahoo Finance daily
2023-05-08,us,UNH,,492.0400085449219,494.3500061035156,488.3200073242188,492.6199951171875,1738500,Yahoo Finance daily
2023-05-09,us,UNH,,492.8399963378906,499.3999938964844,490.2999877929688,490.3800048828125,2038600,Yahoo Finance daily
2023-05-10,us,UNH,,489.3999938964844,493.4700012207031,487.6400146484375,490.0700073242188,2018700,Yahoo Finance daily
2023-05-11,us,UNH,,488.0,490.1199951171875,485.6600036621094,488.760009765625,2384200,Yahoo Finance daily
2023-05-12,us,UNH,,488.760009765625,492.8999938964844,487.75,491.2300109863281,1536500,Yahoo Finance daily
2023-05-15,us,UNH,,491.3999938964844,491.7900085449219,483.7000122070313,486.8599853515625,2169700,Yahoo Finance daily
2023-05-16,us,UNH,,487.6199951171875,489.2099914550781,479.010009765625,479.7200012207031,2178900,Yahoo Finance daily
2023-05-17,us,UNH,,480.0,485.3999938964844,477.5400085449219,484.80999755859375,2682000,Yahoo Finance daily
2023-05-18,us,UNH,,482.0499877929688,482.5499877929688,473.8900146484375,479.2300109863281,3040100,Yahoo Finance daily
2023-05-19,us,UNH,,479.5799865722656,484.7999877929688,477.80999755859375,478.8200073242188,2317900,Yahoo Finance daily
2023-05-22,us,UNH,,480.4400024414063,482.2000122070313,477.9100036621094,480.6199951171875,2242800,Yahoo Finance daily
2023-05-23,us,UNH,,476.1799926757813,483.3900146484375,472.5400085449219,479.4400024414063,2874200,Yahoo Finance daily
2023-05-24,us,UNH,,480.6099853515625,483.2799987792969,478.8900146484375,480.8299865722656,1904700,Yahoo Finance daily
2023-05-25,us,UNH,,477.6300048828125,481.7699890136719,474.2999877929688,477.7000122070313,2684100,Yahoo Finance daily
2023-05-26,us,UNH,,478.05999755859375,488.3900146484375,478.0,481.5199890136719,3135200,Yahoo Finance daily
2023-05-30,us,UNH,,476.6799926757813,485.8699951171875,476.0299987792969,479.8500061035156,3180800,Yahoo Finance daily
2023-05-31,us,UNH,,478.1199951171875,487.3999938964844,477.1099853515625,487.239990234375,4944100,Yahoo Finance daily
2023-06-01,us,UNH,,487.7900085449219,498.7799987792969,486.1099853515625,493.6300048828125,3376600,Yahoo Finance daily
2023-06-02,us,UNH,,492.0,501.0199890136719,490.3599853515625,499.5799865722656,3064500,Yahoo Finance daily
2023-06-05,us,UNH,,500.7000122070313,502.8999938964844,497.4200134277344,498.1900024414063,2688800,Yahoo Finance daily
2023-06-06,us,UNH,,499.8999938964844,499.8999938964844,483.6700134277344,487.5700073242188,3816600,Yahoo Finance daily
2023-06-07,us,UNH,,489.9500122070313,490.4400024414063,481.6000061035156,482.1300048828125,4381700,Yahoo Finance daily
2023-06-08,us,UNH,,484.3900146484375,491.8200073242188,482.4299926757813,490.2300109863281,2725900,Yahoo Finance daily
2023-06-09,us,UNH,,489.989990234375,498.2200012207031,487.2300109863281,493.6199951171875,3174100,Yahoo Finance daily
2023-06-12,us,UNH,,492.2999877929688,494.4500122070313,488.7200012207031,492.5899963378906,2207700,Yahoo Finance daily
2023-06-13,us,UNH,,490.8699951171875,494.6600036621094,488.6600036621094,491.30999755859375,3016600,Yahoo Finance daily
2023-06-14,us,UNH,,454.6400146484375,460.6300048828125,445.6799926757813,459.8599853515625,14672400,Yahoo Finance daily
2023-06-15,us,UNH,,461.989990234375,472.0,460.9100036621094,465.8900146484375,6798100,Yahoo Finance daily
2023-06-16,us,UNH,,466.1400146484375,468.5199890136719,457.9299926757813,458.489990234375,7699100,Yahoo Finance daily
2023-06-20,us,UNH,,456.75,470.489990234375,456.75,469.3900146484375,4597700,Yahoo Finance daily
2023-06-21,us,UNH,,468.9500122070313,479.3699951171875,467.1900024414063,476.75,4886500,Yahoo Finance daily
2023-06-22,us,UNH,,478.1799926757813,483.1799926757813,478.0,479.0499877929688,3179000,Yahoo Finance daily
2023-06-23,us,UNH,,478.3299865722656,482.2799987792969,476.5499877929688,477.0,4862600,Yahoo Finance daily
2023-06-26,us,UNH,,478.1400146484375,481.30999755859375,473.0,479.05999755859375,2968300,Yahoo Finance daily
2023-06-27,us,UNH,,478.1300048828125,483.1799926757813,477.7699890136719,482.55999755859375,3693200,Yahoo Finance daily
2023-06-28,us,UNH,,481.9599914550781,482.1199951171875,473.9800109863281,474.4500122070313,3670100,Yahoo Finance daily
2023-06-29,us,UNH,,475.0799865722656,479.7099914550781,473.0799865722656,476.4400024414063,2979300,Yahoo Finance daily
2023-06-30,us,UNH,,478.0,482.1000061035156,475.1199951171875,480.6400146484375,3970400,Yahoo Finance daily
2023-07-03,us,UNH,,478.1000061035156,480.2099914550781,476.2999877929688,477.8800048828125,1915700,Yahoo Finance daily
2023-07-05,us,UNH,,476.0299987792969,477.2900085449219,470.5899963378906,471.2200012207031,5053100,Yahoo Finance daily
2023-07-06,us,UNH,,469.3500061035156,472.3999938964844,466.6499938964844,469.3599853515625,3913600,Yahoo Finance daily
2023-07-07,us,UNH,,465.0,468.6099853515625,460.8200073242188,461.5799865722656,4131600,Yahoo Finance daily
2023-07-10,us,UNH,,460.0,463.1000061035156,459.1600036621094,463.0499877929688,4339200,Yahoo Finance daily
2023-07-11,us,UNH,,462.3699951171875,466.489990234375,461.1400146484375,462.8900146484375,3086800,Yahoo Finance daily
2023-07-12,us,UNH,,463.0,464.8200073242188,451.25,451.7000122070313,7287600,Yahoo Finance daily
2023-07-13,us,UNH,,452.0,454.8999938964844,447.1799926757813,447.75,7276800,Yahoo Finance daily
2023-07-14,us,UNH,,462.5499877929688,485.0,460.1099853515625,480.1700134277344,11379300,Yahoo Finance daily
2023-07-17,us,UNH,,481.1099853515625,484.6000061035156,478.2999877929688,484.0799865722656,4582000,Yahoo Finance daily
2023-07-18,us,UNH,,489.3299865722656,504.4200134277344,487.5,500.0,8816400,Yahoo Finance daily
2023-07-19,us,UNH,,507.5400085449219,514.6599731445312,502.4800109863281,503.7000122070313,4956500,Yahoo Finance daily
2023-07-20,us,UNH,,506.6600036621094,508.6799926757813,500.5299987792969,504.239990234375,2963100,Yahoo Finance daily
2023-07-21,us,UNH,,505.0499877929688,510.4100036621094,504.5199890136719,506.5299987792969,2887300,Yahoo Finance daily
2023-07-24,us,UNH,,505.3299865722656,509.7799987792969,504.5700073242188,508.6799926757813,2279000,Yahoo Finance daily
2023-07-25,us,UNH,,510.0,512.5,507.2799987792969,510.9299926757813,2730600,Yahoo Finance daily
2023-07-26,us,UNH,,511.5400085449219,515.8599853515625,506.6300048828125,508.0,3697200,Yahoo Finance daily
2023-07-27,us,UNH,,508.5700073242188,510.5,503.1300048828125,505.2300109863281,3028300,Yahoo Finance daily
2023-07-28,us,UNH,,505.2099914550781,507.4800109863281,497.2799987792969,502.9100036621094,2930000,Yahoo Finance daily
2023-07-31,us,UNH,,503.0,507.8800048828125,499.05999755859375,506.3699951171875,2441600,Yahoo Finance daily
2023-08-01,us,UNH,,507.5,510.0400085449219,502.489990234375,504.739990234375,2161200,Yahoo Finance daily
2023-08-02,us,UNH,,509.6900024414063,510.4700012207031,502.989990234375,504.7999877929688,3220500,Yahoo Finance daily
2023-08-03,us,UNH,,502.8900146484375,506.0,501.0400085449219,504.8599853515625,2442900,Yahoo Finance daily
2023-08-04,us,UNH,,510.0,510.8999938964844,501.75,502.7300109863281,2411200,Yahoo Finance daily
2023-08-07,us,UNH,,505.739990234375,513.5999755859375,504.6499938964844,510.739990234375,2430900,Yahoo Finance daily
2023-08-08,us,UNH,,503.0,508.1700134277344,500.0199890136719,505.8599853515625,2422600,Yahoo Finance daily
2023-08-09,us,UNH,,504.0,505.7300109863281,500.8800048828125,502.1099853515625,1916900,Yahoo Finance daily
2023-08-10,us,UNH,,504.4700012207031,512.0399780273438,502.7799987792969,503.4800109863281,2179700,Yahoo Finance daily
2023-08-11,us,UNH,,505.6300048828125,510.6700134277344,504.25,508.010009765625,2029600,Yahoo Finance daily
2023-08-14,us,UNH,,509.1499938964844,513.5,508.25,510.9299926757813,2127200,Yahoo Finance daily
2023-08-15,us,UNH,,511.5799865722656,513.6500244140625,506.2699890136719,506.6900024414063,1817500,Yahoo Finance daily
2023-08-16,us,UNH,,508.0,510.5,502.8299865722656,503.55999755859375,1454100,Yahoo Finance daily
2023-08-17,us,UNH,,495.4800109863281,501.2300109863281,491.8200073242188,493.9599914550781,3009500,Yahoo Finance daily
2023-08-18,us,UNH,,494.7799987792969,500.9400024414063,493.5,498.4400024414063,2364400,Yahoo Finance daily
2023-08-21,us,UNH,,497.510009765625,500.25,496.2200012207031,497.6799926757813,1533500,Yahoo Finance daily
2023-08-22,us,UNH,,495.4200134277344,496.7900085449219,491.3299865722656,492.3399963378906,2079400,Yahoo Finance daily
2023-08-23,us,UNH,,493.0,494.0,487.9299926757813,489.4400024414063,2011400,Yahoo Finance daily
2023-08-24,us,UNH,,491.4299926757813,495.4200134277344,487.2099914550781,488.1000061035156,2311100,Yahoo Finance daily
2023-08-25,us,UNH,,489.9200134277344,491.1499938964844,484.6499938964844,489.1199951171875,1923500,Yahoo Finance daily
2023-08-28,us,UNH,,490.489990234375,493.05999755859375,489.1300048828125,491.2799987792969,1344500,Yahoo Finance daily
2023-08-29,us,UNH,,491.4700012207031,492.9400024414063,487.9700012207031,492.8299865722656,2113700,Yahoo Finance daily
2023-08-30,us,UNH,,493.989990234375,496.7099914550781,490.2900085449219,491.5299987792969,2283400,Yahoo Finance daily
2023-08-31,us,UNH,,492.3599853515625,493.8200073242188,476.2900085449219,476.5799865722656,4927700,Yahoo Finance daily
2023-09-01,us,UNH,,479.0,480.6499938964844,473.3599853515625,476.239990234375,3165900,Yahoo Finance daily
2023-09-05,us,UNH,,478.0,484.6000061035156,477.5400085449219,480.80999755859375,3443300,Yahoo Finance daily
2023-09-06,us,UNH,,482.0899963378906,483.1600036621094,476.3800048828125,476.9400024414063,2596100,Yahoo Finance daily
2023-09-07,us,UNH,,479.8999938964844,487.1099853515625,478.6000061035156,484.80999755859375,2928000,Yahoo Finance daily
2023-09-08,us,UNH,,480.1900024414063,482.9700012207031,478.75,480.7699890136719,1858400,Yahoo Finance daily
2023-09-11,us,UNH,,481.9800109863281,483.8399963378906,478.0,479.3800048828125,2059200,Yahoo Finance daily
2023-09-12,us,UNH,,477.3800048828125,483.6400146484375,472.1199951171875,479.8999938964844,2195200,Yahoo Finance daily
2023-09-13,us,UNH,,481.4299926757813,484.0400085449219,479.4599914550781,479.8399963378906,2197800,Yahoo Finance daily
2023-09-14,us,UNH,,482.6300048828125,485.2699890136719,478.7799987792969,483.6000061035156,2334300,Yahoo Finance daily
2023-09-15,us,UNH,,485.739990234375,489.8200073242188,484.1400146484375,486.7000122070313,5334300,Yahoo Finance daily
2023-09-18,us,UNH,,488.4100036621094,488.739990234375,483.6000061035156,486.05999755859375,1997500,Yahoo Finance daily
2023-09-19,us,UNH,,483.760009765625,485.7300109863281,476.5400085449219,480.6600036621094,3230700,Yahoo Finance daily
2023-09-20,us,UNH,,482.75,495.1099853515625,479.1400146484375,492.1300048828125,3724800,Yahoo Finance daily
2023-09-21,us,UNH,,494.1900024414063,505.1400146484375,493.0799865722656,501.1400146484375,4703900,Yahoo Finance daily
2023-09-22,us,UNH,,499.0,509.4299926757813,498.0299987792969,506.1000061035156,4558500,Yahoo Finance daily
2023-09-25,us,UNH,,508.260009765625,510.9400024414063,506.6300048828125,510.2799987792969,2758500,Yahoo Finance daily
2023-09-26,us,UNH,,508.9400024414063,509.4200134277344,504.3800048828125,505.4500122070313,2420200,Yahoo Finance daily
2023-09-27,us,UNH,,506.2300109863281,506.3599853515625,501.0499877929688,503.7300109863281,2593700,Yahoo Finance daily
2023-09-28,us,UNH,,505.9700012207031,514.1500244140625,505.010009765625,510.1000061035156,2922000,Yahoo Finance daily
2023-09-29,us,UNH,,509.8500061035156,509.8800048828125,503.7999877929688,504.1900024414063,3006200,Yahoo Finance daily
2023-10-02,us,UNH,,505.5299987792969,514.8400268554688,503.1400146484375,514.5700073242188,3550400,Yahoo Finance daily
2023-10-03,us,UNH,,513.2999877929688,513.97998046875,508.3599853515625,509.4700012207031,3143200,Yahoo Finance daily
2023-10-04,us,UNH,,509.489990234375,511.8200073242188,506.6099853515625,510.6199951171875,2801700,Yahoo Finance daily
2023-10-05,us,UNH,,511.6199951171875,518.2100219726562,511.2300109863281,516.22998046875,2790700,Yahoo Finance daily
2023-10-06,us,UNH,,516.4500122070312,525.9500122070312,515.97998046875,524.8099975585938,3647200,Yahoo Finance daily
2023-10-09,us,UNH,,521.1500244140625,526.8699951171875,520.25,526.510009765625,2341600,Yahoo Finance daily
2023-10-10,us,UNH,,526.5,528.1400146484375,523.0800170898438,524.239990234375,2455700,Yahoo Finance daily
2023-10-11,us,UNH,,520.9199829101562,525.5900268554688,520.22998046875,524.1300048828125,2819300,Yahoo Finance daily
2023-10-12,us,UNH,,524.469970703125,528.5800170898438,522.25,525.5399780273438,2377300,Yahoo Finance daily
2023-10-13,us,UNH,,533.25,544.4600219726562,532.0,539.4000244140625,5245400,Yahoo Finance daily
2023-10-16,us,UNH,,543.1799926757812,546.780029296875,536.1199951171875,538.030029296875,3827600,Yahoo Finance daily
2023-10-17,us,UNH,,539.9400024414062,542.4299926757812,534.5700073242188,536.6500244140625,2586000,Yahoo Finance daily
2023-10-18,us,UNH,,543.0399780273438,543.97998046875,535.4000244140625,536.0599975585938,2551400,Yahoo Finance daily
2023-10-19,us,UNH,,536.8200073242188,538.3400268554688,529.25,531.6300048828125,2351200,Yahoo Finance daily
2023-10-20,us,UNH,,531.0,534.4299926757812,526.77001953125,527.030029296875,2811100,Yahoo Finance daily
2023-10-23,us,UNH,,527.030029296875,527.780029296875,520.2899780273438,521.5700073242188,2357700,Yahoo Finance daily
2023-10-24,us,UNH,,522.8599853515625,530.6699829101562,522.0700073242188,525.0,1978200,Yahoo Finance daily
2023-10-25,us,UNH,,527.27001953125,532.3599853515625,520.0800170898438,530.2100219726562,2380100,Yahoo Finance daily
2023-10-26,us,UNH,,525.7000122070312,530.469970703125,522.52001953125,528.3599853515625,2675800,Yahoo Finance daily
2023-10-27,us,UNH,,525.989990234375,527.739990234375,521.260009765625,524.6599731445312,2585600,Yahoo Finance daily
2023-10-30,us,UNH,,525.0,531.8200073242188,522.9400024414062,529.989990234375,2555400,Yahoo Finance daily
2023-10-31,us,UNH,,535.0,536.6799926757812,531.6199951171875,535.5599975585938,2464200,Yahoo Finance daily
2023-11-01,us,UNH,,529.97998046875,535.8300170898438,526.7999877929688,531.5999755859375,2747400,Yahoo Finance daily
2023-11-02,us,UNH,,532.0,536.8400268554688,526.9500122070312,536.1300048828125,2350900,Yahoo Finance daily
2023-11-03,us,UNH,,534.5700073242188,535.97998046875,528.7999877929688,530.9000244140625,2739500,Yahoo Finance daily
2023-11-06,us,UNH,,531.6300048828125,536.02001953125,530.0499877929688,533.4600219726562,2684900,Yahoo Finance daily
2023-11-07,us,UNH,,535.3599853515625,539.6500244140625,531.52001953125,537.8300170898438,2604800,Yahoo Finance daily
2023-11-08,us,UNH,,540.0,541.4000244140625,534.1400146484375,536.72998046875,1769200,Yahoo Finance daily
2023-11-09,us,UNH,,537.5999755859375,540.9099731445312,534.47998046875,539.0,1819600,Yahoo Finance daily
2023-11-10,us,UNH,,542.6799926757812,542.6799926757812,536.02001953125,541.2100219726562,2480800,Yahoo Finance daily
2023-11-13,us,UNH,,541.1500244140625,544.1500244140625,537.9099731445312,542.5700073242188,1507900,Yahoo Finance daily
2023-11-14,us,UNH,,539.030029296875,542.6699829101562,536.510009765625,540.4600219726562,2454000,Yahoo Finance daily
2023-11-15,us,UNH,,540.0499877929688,540.4600219726562,531.7000122070312,538.4099731445312,2473700,Yahoo Finance daily
2023-11-16,us,UNH,,538.4099731445312,544.8599853515625,537.469970703125,539.8200073242188,2360300,Yahoo Finance daily
2023-11-17,us,UNH,,540.27001953125,540.52001953125,528.3400268554688,536.2899780273438,2676900,Yahoo Finance daily
2023-11-20,us,UNH,,533.6099853515625,536.3400268554688,531.7999877929688,535.0999755859375,2518400,Yahoo Finance daily
2023-11-21,us,UNH,,537.77001953125,541.6699829101562,534.1900024414062,539.5900268554688,2115700,Yahoo Finance daily
2023-11-22,us,UNH,,542.969970703125,544.4000244140625,540.260009765625,543.760009765625,2234500,Yahoo Finance daily
2023-11-24,us,UNH,,544.9299926757812,547.5900268554688,542.8099975585938,547.0999755859375,1135000,Yahoo Finance daily
2023-11-27,us,UNH,,547.0999755859375,550.8900146484375,541.530029296875,543.5900268554688,2675800,Yahoo Finance daily
2023-11-28,us,UNH,,545.6300048828125,545.8200073242188,540.0700073242188,540.530029296875,2859300,Yahoo Finance daily
2023-11-29,us,UNH,,530.0,541.8599853515625,528.6500244140625,534.97998046875,4550000,Yahoo Finance daily
2023-11-30,us,UNH,,535.7899780273438,553.9400024414062,534.010009765625,552.969970703125,7121200,Yahoo Finance daily
2023-12-01,us,UNH,,550.4199829101562,554.7000122070312,545.1599731445312,547.1599731445312,3462200,Yahoo Finance daily
2023-12-04,us,UNH,,548.260009765625,551.8699951171875,543.0399780273438,548.280029296875,2709200,Yahoo Finance daily
2023-12-05,us,UNH,,549.0999755859375,552.530029296875,545.3499755859375,550.260009765625,2645600,Yahoo Finance daily
2023-12-06,us,UNH,,547.5599975585938,551.8800048828125,547.0999755859375,549.530029296875,2239700,Yahoo Finance daily
2023-12-07,us,UNH,,551.3499755859375,551.510009765625,544.52001953125,548.27001953125,2511700,Yahoo Finance daily
2023-12-08,us,UNH,,550.219970703125,551.72998046875,544.5399780273438,549.77001953125,2039900,Yahoo Finance daily
2023-12-11,us,UNH,,549.760009765625,550.0,539.0599975585938,543.6799926757812,3655300,Yahoo Finance daily
2023-12-12,us,UNH,,545.7999877929688,547.489990234375,542.6500244140625,545.719970703125,2706100,Yahoo Finance daily
2023-12-13,us,UNH,,544.0,549.4199829101562,538.5900268554688,549.010009765625,2876600,Yahoo Finance daily
2023-12-14,us,UNH,,544.2999877929688,544.9199829101562,529.4000244140625,534.239990234375,5386800,Yahoo Finance daily
2023-12-15,us,UNH,,530.0,533.5,522.9600219726562,531.1199951171875,9030100,Yahoo Finance daily
2023-12-18,us,UNH,,529.1099853515625,531.469970703125,525.22998046875,526.5499877929688,3260300,Yahoo Finance daily
2023-12-19,us,UNH,,524.5900268554688,527.6199951171875,521.780029296875,524.0399780273438,3645600,Yahoo Finance daily
2023-12-20,us,UNH,,523.8499755859375,524.8300170898438,515.8699951171875,515.9299926757812,3847800,Yahoo Finance daily
2023-12-21,us,UNH,,518.8800048828125,520.8200073242188,516.5,519.8800048828125,2491600,Yahoo Finance daily
2023-12-22,us,UNH,,519.8800048828125,523.010009765625,518.02001953125,520.3099975585938,1759500,Yahoo Finance daily
2023-12-26,us,UNH,,519.8800048828125,521.47998046875,517.969970703125,520.030029296875,1390800,Yahoo Finance daily
2023-12-27,us,UNH,,519.75,523.1599731445312,519.3599853515625,522.7899780273438,1851800,Yahoo Finance daily
2023-12-28,us,UNH,,523.469970703125,527.8699951171875,522.9400024414062,524.9000244140625,2001000,Yahoo Finance daily
2023-12-29,us,UNH,,525.97998046875,528.239990234375,523.9199829101562,526.469970703125,2080100,Yahoo Finance daily
2024-01-02,us,UNH,,526.8400268554688,539.6599731445312,526.6699829101562,539.3400268554688,3415700,Yahoo Finance daily
2024-01-03,us,UNH,,543.0399780273438,546.7899780273438,539.47998046875,542.030029296875,2891400,Yahoo Finance daily
2024-01-04,us,UNH,,545.0,549.0,543.0,545.4199829101562,2994400,Yahoo Finance daily
2024-01-05,us,UNH,,547.0,547.0,533.72998046875,537.3800048828125,2815400,Yahoo Finance daily
2024-01-08,us,UNH,,539.4000244140625,540.25,528.0,536.52001953125,2648900,Yahoo Finance daily
2024-01-09,us,UNH,,538.0,539.6099853515625,532.3300170898438,538.3699951171875,2677000,Yahoo Finance daily
2024-01-10,us,UNH,,538.0999755859375,541.2000122070312,536.1500244140625,537.6400146484375,2180000,Yahoo Finance daily
2024-01-11,us,UNH,,536.1300048828125,540.1599731445312,534.530029296875,539.6799926757812,2814100,Yahoo Finance daily
2024-01-12,us,UNH,,518.8599853515625,528.47998046875,513.1300048828125,521.510009765625,6327300,Yahoo Finance daily
2024-01-16,us,UNH,,523.7100219726562,524.5,516.5499877929688,519.1500244140625,3736700,Yahoo Finance daily
2024-01-17,us,UNH,,521.280029296875,530.6599731445312,520.0,524.9400024414062,3791300,Yahoo Finance daily
2024-01-18,us,UNH,,505.2300109863281,516.8400268554688,497.4599914550781,516.3400268554688,7367000,Yahoo Finance daily
2024-01-19,us,UNH,,515.0,517.5499877929688,501.8200073242188,503.55999755859375,6143400,Yahoo Finance daily
2024-01-22,us,UNH,,503.9400024414063,513.5700073242188,496.5,512.989990234375,5922900,Yahoo Finance daily
2024-01-23,us,UNH,,512.5,518.0800170898438,512.0800170898438,515.52001953125,2672900,Yahoo Finance daily
2024-01-24,us,UNH,,517.9000244140625,521.72998046875,512.9500122070312,513.22998046875,2918800,Yahoo Finance daily
2024-01-25,us,UNH,,487.5899963378906,495.510009765625,479.0,493.3999938964844,14671000,Yahoo Finance daily
2024-01-26,us,UNH,,493.2799987792969,503.6900024414063,489.8999938964844,503.2000122070313,6212200,Yahoo Finance daily
2024-01-29,us,UNH,,503.1099853515625,506.510009765625,501.1499938964844,504.5400085449219,4554100,Yahoo Finance daily
2024-01-30,us,UNH,,504.5400085449219,506.0499877929688,499.2200012207031,503.6099853515625,4931200,Yahoo Finance daily
2024-01-31,us,UNH,,504.510009765625,515.0,504.510009765625,511.739990234375,5358100,Yahoo Finance daily
2024-02-01,us,UNH,,508.8299865722656,510.2200012207031,503.0,507.1400146484375,4242600,Yahoo Finance daily
2024-02-02,us,UNH,,508.25,512.9099731445312,505.3900146484375,510.2300109863281,3804500,Yahoo Finance daily
2024-02-05,us,UNH,,509.9599914550781,514.2000122070312,500.0499877929688,502.9599914550781,3646300,Yahoo Finance daily
2024-02-06,us,UNH,,503.9400024414063,510.9400024414063,502.4500122070313,510.6700134277344,2745400,Yahoo Finance daily
2024-02-07,us,UNH,,514.010009765625,521.0,512.6900024414062,519.3900146484375,4109100,Yahoo Finance daily
2024-02-08,us,UNH,,520.6300048828125,522.1599731445312,517.280029296875,520.0900268554688,3343000,Yahoo Finance daily
2024-02-09,us,UNH,,518.989990234375,520.3900146484375,516.2899780273438,518.219970703125,2715400,Yahoo Finance daily
2024-02-12,us,UNH,,518.219970703125,518.989990234375,512.8099975585938,517.6400146484375,3194000,Yahoo Finance daily
2024-02-13,us,UNH,,522.0,526.9299926757812,514.2100219726562,516.8499755859375,3436000,Yahoo Finance daily
2024-02-14,us,UNH,,515.260009765625,518.530029296875,514.2899780273438,516.9400024414062,1918500,Yahoo Finance daily
2024-02-15,us,UNH,,517.3400268554688,521.75,515.7999877929688,520.8800048828125,2292100,Yahoo Finance daily
2024-02-16,us,UNH,,522.2999877929688,523.7899780273438,518.8900146484375,521.5499877929688,2135500,Yahoo Finance daily
2024-02-20,us,UNH,,524.2100219726562,525.3699951171875,519.4099731445312,521.0599975585938,2600200,Yahoo Finance daily
2024-02-21,us,UNH,,523.6699829101562,523.6900024414062,517.5399780273438,521.969970703125,2095900,Yahoo Finance daily
2024-02-22,us,UNH,,524.2000122070312,526.739990234375,518.5900268554688,526.5,3186800,Yahoo Finance daily
2024-02-23,us,UNH,,526.75,530.5,524.1599731445312,527.239990234375,2502000,Yahoo Finance daily
2024-02-26,us,UNH,,528.3200073242188,532.8099975585938,524.3099975585938,525.3200073242188,2308900,Yahoo Finance daily
2024-02-27,us,UNH,,524.760009765625,525.5900268554688,512.0499877929688,513.4199829101562,3780600,Yahoo Finance daily
2024-02-28,us,UNH,,495.4400024414063,498.5499877929688,484.3900146484375,498.2799987792969,9558600,Yahoo Finance daily
2024-02-29,us,UNH,,498.5,501.75,491.6000061035156,493.6000061035156,6833200,Yahoo Finance daily
2024-03-01,us,UNH,,489.4200134277344,490.0199890136719,477.25,489.5299987792969,7315000,Yahoo Finance daily
2024-03-04,us,UNH,,483.239990234375,487.0400085449219,480.1000061035156,481.8699951171875,5239800,Yahoo Finance daily
2024-03-05,us,UNH,,482.3900146484375,482.8999938964844,470.6199951171875,473.1499938964844,5296200,Yahoo Finance daily
2024-03-06,us,UNH,,474.4400024414063,479.7999877929688,468.1900024414063,472.6000061035156,5577500,Yahoo Finance daily
2024-03-07,us,UNH,,474.0,481.1900024414063,473.6000061035156,478.7799987792969,5102000,Yahoo Finance daily
2024-03-08,us,UNH,,478.3299865722656,484.25,474.7699890136719,476.5700073242188,4673600,Yahoo Finance daily
2024-03-11,us,UNH,,477.0,490.30999755859375,476.0,489.1499938964844,4410100,Yahoo Finance daily
2024-03-12,us,UNH,,488.1300048828125,492.2799987792969,487.3500061035156,489.3500061035156,4153800,Yahoo Finance daily
2024-03-13,us,UNH,,493.5199890136719,496.0,485.3299865722656,488.0,3669000,Yahoo Finance daily
2024-03-14,us,UNH,,488.7200012207031,489.6799926757813,485.1900024414063,489.0,3378500,Yahoo Finance daily
2024-03-15,us,UNH,,487.4500122070313,491.2200012207031,487.4500122070313,490.8200073242188,5713500,Yahoo Finance daily
2024-03-18,us,UNH,,492.1000061035156,492.1000061035156,486.3800048828125,487.0499877929688,2970500,Yahoo Finance daily
2024-03-19,us,UNH,,489.6700134277344,493.4400024414063,487.7900085449219,493.3200073242188,2511700,Yahoo Finance daily
2024-03-20,us,UNH,,492.4700012207031,494.6000061035156,489.4400024414063,494.2300109863281,3548200,Yahoo Finance daily
2024-03-21,us,UNH,,492.2799987792969,496.2000122070313,491.2799987792969,491.6900024414063,3693400,Yahoo Finance daily
2024-03-22,us,UNH,,495.2000122070313,495.8299865722656,489.7699890136719,490.0700073242188,2847300,Yahoo Finance daily
2024-03-25,us,UNH,,490.6000061035156,491.4800109863281,484.0700073242188,485.8800048828125,2786100,Yahoo Finance daily
2024-03-26,us,UNH,,488.1300048828125,493.3399963378906,485.2300109863281,492.30999755859375,3113300,Yahoo Finance daily
2024-03-27,us,UNH,,493.7000122070313,495.7300109863281,491.30999755859375,493.1000061035156,2653100,Yahoo Finance daily
2024-03-28,us,UNH,,495.0,495.8699951171875,489.2999877929688,494.7000122070313,3820000,Yahoo Finance daily
2024-04-01,us,UNH,,494.4700012207031,495.7799987792969,488.7000122070313,489.7000122070313,2928700,Yahoo Finance daily
2024-04-02,us,UNH,,459.6000061035156,463.6799926757813,449.6000061035156,458.1400146484375,11867000,Yahoo Finance daily
2024-04-03,us,UNH,,462.0,462.8500061035156,455.5499877929688,459.739990234375,4460400,Yahoo Finance daily
2024-04-04,us,UNH,,460.8200073242188,461.7200012207031,451.9200134277344,455.3800048828125,5182000,Yahoo Finance daily
2024-04-05,us,UNH,,450.6900024414063,457.75,450.010009765625,455.739990234375,5747400,Yahoo Finance daily
2024-04-08,us,UNH,,455.9700012207031,457.2000122070313,453.5899963378906,456.0,4532300,Yahoo Finance daily
2024-04-09,us,UNH,,454.2799987792969,459.760009765625,452.4599914550781,459.7200012207031,3521200,Yahoo Finance daily
2024-04-10,us,UNH,,455.489990234375,458.739990234375,449.7799987792969,450.0499877929688,4493500,Yahoo Finance daily
2024-04-11,us,UNH,,450.3900146484375,450.7699890136719,441.4800109863281,441.7200012207031,5844100,Yahoo Finance daily
2024-04-12,us,UNH,,440.3399963378906,442.239990234375,436.3800048828125,439.2000122070313,6045700,Yahoo Finance daily
2024-04-15,us,UNH,,442.0,448.3500061035156,441.989990234375,445.6300048828125,5376800,Yahoo Finance daily
2024-04-16,us,UNH,,476.7699890136719,479.75,465.6000061035156,468.8900146484375,11816500,Yahoo Finance daily
2024-04-17,us,UNH,,478.6000061035156,488.0,474.5899963378906,478.989990234375,8759800,Yahoo Finance daily
2024-04-18,us,UNH,,486.1300048828125,502.0,485.9700012207031,493.1799926757813,8880400,Yahoo Finance daily
2024-04-19,us,UNH,,497.0,507.2999877929688,495.55999755859375,501.1300048828125,6618600,Yahoo Finance daily
2024-04-22,us,UNH,,497.7799987792969,499.4200134277344,490.6400146484375,491.2300109863281,4697700,Yahoo Finance daily
2024-04-23,us,UNH,,491.0,494.30999755859375,484.9700012207031,486.1799926757813,3646700,Yahoo Finance daily
2024-04-24,us,UNH,,483.7799987792969,488.8599853515625,480.7099914550781,487.2999877929688,3724400,Yahoo Finance daily
2024-04-25,us,UNH,,488.9599914550781,497.1300048828125,487.5299987792969,493.8599853515625,4329700,Yahoo Finance daily
2024-04-26,us,UNH,,492.0,497.2300109863281,491.3999938964844,495.3500061035156,2727000,Yahoo Finance daily
2024-04-29,us,UNH,,495.7099914550781,497.3500061035156,487.7699890136719,489.0299987792969,2192100,Yahoo Finance daily
2024-04-30,us,UNH,,488.9599914550781,489.7099914550781,482.5899963378906,483.7000122070313,3367500,Yahoo Finance daily
2024-05-01,us,UNH,,479.260009765625,489.1900024414063,477.0700073242188,484.1099853515625,2729200,Yahoo Finance daily
2024-05-02,us,UNH,,484.2799987792969,493.6900024414063,483.9400024414063,492.9700012207031,3561400,Yahoo Finance daily
2024-05-03,us,UNH,,490.8599853515625,492.7900085449219,485.7799987792969,492.4500122070313,2487600,Yahoo Finance daily
2024-05-06,us,UNH,,492.4800109863281,494.8699951171875,492.0,494.3800048828125,2029500,Yahoo Finance daily
2024-05-07,us,UNH,,496.0,501.6499938964844,495.0400085449219,500.9599914550781,3752100,Yahoo Finance daily
2024-05-08,us,UNH,,504.1700134277344,507.0,500.0799865722656,503.2099914550781,3078900,Yahoo Finance daily
2024-05-09,us,UNH,,502.1400146484375,507.9700012207031,502.1400146484375,507.0299987792969,2342900,Yahoo Finance daily
2024-05-10,us,UNH,,509.0,513.5800170898438,507.0,512.8099975585938,2784600,Yahoo Finance daily
2024-05-13,us,UNH,,512.0499877929688,514.6699829101562,507.30999755859375,511.739990234375,2454500,Yahoo Finance daily
2024-05-14,us,UNH,,514.5800170898438,516.1699829101562,507.2999877929688,513.8800048828125,2949700,Yahoo Finance daily
2024-05-15,us,UNH,,514.8300170898438,522.5900268554688,514.8300170898438,517.5499877929688,2981200,Yahoo Finance daily
2024-05-16,us,UNH,,520.0,528.1599731445312,519.510009765625,521.27001953125,3655800,Yahoo Finance daily
2024-05-17,us,UNH,,522.9400024414062,525.8499755859375,520.010009765625,524.6300048828125,2657200,Yahoo Finance daily
2024-05-20,us,UNH,,524.6300048828125,524.6300048828125,516.5399780273438,517.22998046875,2476200,Yahoo Finance daily
2024-05-21,us,UNH,,518.3200073242188,524.719970703125,515.9199829101562,523.5499877929688,2521900,Yahoo Finance daily
2024-05-22,us,UNH,,522.8200073242188,526.280029296875,520.6500244140625,521.3499755859375,2299100,Yahoo Finance daily
2024-05-23,us,UNH,,518.3200073242188,520.22998046875,515.22998046875,516.8300170898438,3055400,Yahoo Finance daily
2024-05-24,us,UNH,,516.1099853515625,517.1400146484375,507.5199890136719,508.1700134277344,2527800,Yahoo Finance daily
2024-05-28,us,UNH,,506.6499938964844,506.6499938964844,501.8999938964844,503.6799926757813,2912800,Yahoo Finance daily
2024-05-29,us,UNH,,492.3399963378906,493.8999938964844,473.2699890136719,484.7200012207031,7521600,Yahoo Finance daily
2024-05-30,us,UNH,,482.3200073242188,486.0299987792969,478.0,481.6499938964844,5169700,Yahoo Finance daily
2024-05-31,us,UNH,,482.4100036621094,498.4100036621094,482.4100036621094,495.3699951171875,6694800,Yahoo Finance daily
2024-06-03,us,UNH,,494.1300048828125,498.6799926757813,493.0700073242188,497.4400024414063,2795100,Yahoo Finance daily
2024-06-04,us,UNH,,498.55999755859375,508.2699890136719,494.5899963378906,505.489990234375,3178400,Yahoo Finance daily
2024-06-05,us,UNH,,508.7000122070313,509.1000061035156,498.7999877929688,503.1199951171875,2464400,Yahoo Finance daily
2024-06-06,us,UNH,,503.6499938964844,504.7000122070313,497.2799987792969,501.9200134277344,2419600,Yahoo Finance daily
2024-06-07,us,UNH,,502.0400085449219,502.8599853515625,490.4200134277344,490.6900024414063,3416300,Yahoo Finance daily
2024-06-10,us,UNH,,491.0,495.3900146484375,486.1900024414063,495.0,3332800,Yahoo Finance daily
2024-06-11,us,UNH,,490.8599853515625,497.7799987792969,490.2900085449219,496.2200012207031,4599700,Yahoo Finance daily
2024-06-12,us,UNH,,500.0,500.0,487.4200134277344,493.0700073242188,4048200,Yahoo Finance daily
2024-06-13,us,UNH,,490.2799987792969,502.0,484.3800048828125,497.2999877929688,4951700,Yahoo Finance daily
2024-06-14,us,UNH,,496.8299865722656,497.8500061035156,491.7300109863281,497.1199951171875,3188400,Yahoo Finance daily
2024-06-17,us,UNH,,491.3299865722656,493.1199951171875,488.7000122070313,489.2300109863281,2407200,Yahoo Finance daily
2024-06-18,us,UNH,,490.7099914550781,491.6600036621094,479.0400085449219,481.0499877929688,3692700,Yahoo Finance daily
2024-06-20,us,UNH,,480.0400085449219,485.9200134277344,478.1099853515625,484.5199890136719,5258100,Yahoo Finance daily
2024-06-21,us,UNH,,484.4400024414063,488.2999877929688,480.5899963378906,482.5899963378906,6368600,Yahoo Finance daily
2024-06-24,us,UNH,,488.8599853515625,490.8900146484375,484.5,489.9800109863281,5139800,Yahoo Finance daily
2024-06-25,us,UNH,,490.6400146484375,490.6400146484375,480.6000061035156,484.5,2916100,Yahoo Finance daily
2024-06-26,us,UNH,,484.5,487.4400024414063,481.4700012207031,484.0400085449219,3153100,Yahoo Finance daily
2024-06-27,us,UNH,,485.0499877929688,488.9800109863281,482.0499877929688,486.4400024414063,2991900,Yahoo Finance daily
2024-06-28,us,UNH,,496.3699951171875,509.3999938964844,489.4100036621094,509.260009765625,22734200,Yahoo Finance daily
2024-07-01,us,UNH,,506.75,508.9100036621094,492.8900146484375,494.6499938964844,4523100,Yahoo Finance daily
2024-07-02,us,UNH,,494.260009765625,498.4700012207031,493.3900146484375,498.239990234375,3312000,Yahoo Finance daily
2024-07-03,us,UNH,,497.1199951171875,498.0799865722656,486.5199890136719,489.8900146484375,2239200,Yahoo Finance daily
2024-07-05,us,UNH,,489.0,489.6700134277344,484.5,488.010009765625,3499000,Yahoo Finance daily
2024-07-08,us,UNH,,489.1900024414063,493.8800048828125,486.1700134277344,489.3399963378906,3450600,Yahoo Finance daily
2024-07-09,us,UNH,,488.3299865722656,495.3999938964844,486.0899963378906,492.1099853515625,3056800,Yahoo Finance daily
2024-07-10,us,UNH,,490.9400024414063,501.5,490.1199951171875,500.9299926757813,3189800,Yahoo Finance daily
2024-07-11,us,UNH,,497.7000122070313,508.7300109863281,497.7000122070313,504.3599853515625,3535100,Yahoo Finance daily
2024-07-12,us,UNH,,506.9200134277344,514.5700073242188,503.4299926757813,511.5299987792969,3570600,Yahoo Finance daily
2024-07-15,us,UNH,,524.239990234375,530.8300170898438,513.7999877929688,515.3699951171875,5128000,Yahoo Finance daily
2024-07-16,us,UNH,,533.9000244140625,549.9199829101562,527.1300048828125,548.8699951171875,11062000,Yahoo Finance daily
2024-07-17,us,UNH,,554.0,573.6099853515625,551.2999877929688,573.280029296875,10330800,Yahoo Finance daily
2024-07-18,us,UNH,,564.5,581.5,561.4199829101562,564.3400268554688,6834800,Yahoo Finance daily
2024-07-19,us,UNH,,567.1199951171875,569.9000244140625,561.5399780273438,565.3300170898438,4290400,Yahoo Finance daily
2024-07-22,us,UNH,,563.0499877929688,564.25,557.0800170898438,558.530029296875,3377300,Yahoo Finance daily
2024-07-23,us,UNH,,558.7899780273438,558.8400268554688,552.8099975585938,554.7000122070312,2785600,Yahoo Finance daily
2024-07-24,us,UNH,,560.0,561.1300048828125,553.02001953125,559.75,3156200,Yahoo Finance daily
2024-07-25,us,UNH,,562.0,569.8900146484375,558.5800170898438,559.6799926757812,3102900,Yahoo Finance daily
2024-07-26,us,UNH,,560.0,579.1300048828125,560.0,569.719970703125,3201900,Yahoo Finance daily
2024-07-29,us,UNH,,565.7100219726562,571.3499755859375,561.760009765625,566.75,2965000,Yahoo Finance daily
2024-07-30,us,UNH,,566.9000244140625,579.4299926757812,565.989990234375,576.3300170898438,4139100,Yahoo Finance daily
2024-07-31,us,UNH,,565.4400024414062,580.9000244140625,562.3200073242188,576.1599731445312,4713200,Yahoo Finance daily
2024-08-01,us,UNH,,577.2000122070312,587.5,567.0999755859375,572.77001953125,3680800,Yahoo Finance daily
2024-08-02,us,UNH,,582.3300170898438,591.5399780273438,575.25,589.8300170898438,5094000,Yahoo Finance daily
2024-08-05,us,UNH,,582.1199951171875,586.8200073242188,566.760009765625,569.9600219726562,4587400,Yahoo Finance daily
2024-08-06,us,UNH,,568.2100219726562,577.52001953125,562.530029296875,568.3499755859375,3216500,Yahoo Finance daily
2024-08-07,us,UNH,,566.6099853515625,571.6500244140625,557.030029296875,566.0800170898438,4320700,Yahoo Finance daily
2024-08-08,us,UNH,,564.3699951171875,572.4500122070312,564.3699951171875,566.239990234375,2860800,Yahoo Finance daily
2024-08-09,us,UNH,,564.5399780273438,565.9299926757812,557.6300048828125,558.760009765625,2976700,Yahoo Finance daily
2024-08-12,us,UNH,,562.3200073242188,569.0,561.0499877929688,565.2899780273438,2532400,Yahoo Finance daily
2024-08-13,us,UNH,,569.989990234375,575.72998046875,569.0,574.239990234375,2369400,Yahoo Finance daily
2024-08-14,us,UNH,,575.239990234375,581.1199951171875,573.27001953125,579.6699829101562,2344400,Yahoo Finance daily
2024-08-15,us,UNH,,579.6699829101562,583.3400268554688,573.510009765625,579.6099853515625,2751800,Yahoo Finance daily
2024-08-16,us,UNH,,580.9199829101562,581.6500244140625,574.0999755859375,577.6799926757812,2728900,Yahoo Finance daily
2024-08-19,us,UNH,,578.0800170898438,583.2999877929688,577.0700073242188,578.780029296875,1847900,Yahoo Finance daily
2024-08-20,us,UNH,,579.8499755859375,583.8099975585938,575.5,580.6500244140625,1677500,Yahoo Finance daily
2024-08-21,us,UNH,,581.510009765625,583.3900146484375,577.4299926757812,578.0700073242188,2844300,Yahoo Finance daily
2024-08-22,us,UNH,,579.25,582.9500122070312,570.6199951171875,578.719970703125,2282000,Yahoo Finance daily
2024-08-23,us,UNH,,581.0,585.2100219726562,578.4500122070312,584.510009765625,2376400,Yahoo Finance daily
2024-08-26,us,UNH,,588.0499877929688,592.0900268554688,585.739990234375,587.1300048828125,1800000,Yahoo Finance daily
2024-08-27,us,UNH,,589.469970703125,592.3400268554688,583.780029296875,587.3499755859375,1581900,Yahoo Finance daily
2024-08-28,us,UNH,,589.010009765625,592.8400268554688,583.8699951171875,588.5399780273438,1657000,Yahoo Finance daily
2024-08-29,us,UNH,,590.6799926757812,592.6099853515625,584.3699951171875,591.5700073242188,1953200,Yahoo Finance daily
2024-08-30,us,UNH,,590.0,593.260009765625,586.5900268554688,590.2000122070312,2944700,Yahoo Finance daily
2024-09-03,us,UNH,,592.52001953125,600.6599731445312,591.8200073242188,598.6799926757812,3175500,Yahoo Finance daily
2024-09-04,us,UNH,,600.0,607.9400024414062,597.8800048828125,604.1799926757812,2935000,Yahoo Finance daily
2024-09-05,us,UNH,,604.1900024414062,606.0,589.6699829101562,595.489990234375,2144800,Yahoo Finance daily
2024-09-06,us,UNH,,595.8699951171875,600.6099853515625,592.260009765625,596.8800048828125,2926400,Yahoo Finance daily
2024-09-09,us,UNH,,598.3200073242188,599.47998046875,575.27001953125,594.0999755859375,3411400,Yahoo Finance daily
2024-09-10,us,UNH,,595.2100219726562,604.7999877929688,591.1500244140625,599.030029296875,2863500,Yahoo Finance daily
2024-09-11,us,UNH,,589.1400146484375,591.4000244140625,578.969970703125,589.75,3563600,Yahoo Finance daily
2024-09-12,us,UNH,,588.530029296875,590.510009765625,583.2100219726562,588.4199829101562,3395800,Yahoo Finance daily
2024-09-13,us,UNH,,591.0800170898438,597.6799926757812,587.22998046875,594.3200073242188,2241900,Yahoo Finance daily
2024-09-16,us,UNH,,595.0,598.7899780273438,587.760009765625,589.1400146484375,2548600,Yahoo Finance daily
2024-09-17,us,UNH,,586.010009765625,586.719970703125,576.3900146484375,577.9600219726562,3416000,Yahoo Finance daily
2024-09-18,us,UNH,,576.8599853515625,584.52001953125,572.3099975585938,580.6500244140625,2988300,Yahoo Finance daily
2024-09-19,us,UNH,,583.719970703125,584.8300170898438,574.5800170898438,577.0700073242188,2945700,Yahoo Finance daily
2024-09-20,us,UNH,,571.7000122070312,578.8400268554688,569.6500244140625,575.0,5398700,Yahoo Finance daily
2024-09-23,us,UNH,,576.489990234375,579.4299926757812,572.0,573.4099731445312,2386100,Yahoo Finance daily
2024-09-24,us,UNH,,570.8200073242188,577.3099975585938,566.0,575.1900024414062,3188500,Yahoo Finance daily
2024-09-25,us,UNH,,577.8699951171875,581.1099853515625,573.0800170898438,576.3099975585938,2658800,Yahoo Finance daily
2024-09-26,us,UNH,,575.0,576.5999755859375,570.9099731445312,574.8099975585938,2751900,Yahoo Finance daily
2024-09-27,us,UNH,,577.6799926757812,586.7100219726562,576.5900268554688,581.8499755859375,2986200,Yahoo Finance daily
2024-09-30,us,UNH,,583.5,586.4199829101562,578.739990234375,584.6799926757812,3009700,Yahoo Finance daily
2024-10-01,us,UNH,,585.0,588.7000122070312,580.77001953125,583.2999877929688,2648400,Yahoo Finance daily
2024-10-02,us,UNH,,604.260009765625,604.52001953125,584.25,592.3099975585938,3667000,Yahoo Finance daily
2024-10-03,us,UNH,,590.6099853515625,593.22998046875,584.3699951171875,592.75,2645800,Yahoo Finance daily
2024-10-04,us,UNH,,592.1300048828125,596.1300048828125,588.4400024414062,591.2000122070312,2462600,Yahoo Finance daily
2024-10-07,us,UNH,,588.7899780273438,592.4400024414062,583.3300170898438,583.5599975585938,2591100,Yahoo Finance daily
2024-10-08,us,UNH,,588.0599975585938,589.2100219726562,579.5599975585938,581.5800170898438,2231400,Yahoo Finance daily
2024-10-09,us,UNH,,582.1599731445312,592.7999877929688,580.6099853515625,591.219970703125,2207700,Yahoo Finance daily
2024-10-10,us,UNH,,595.1799926757812,598.9500122070312,592.760009765625,597.7000122070312,2143200,Yahoo Finance daily
2024-10-11,us,UNH,,596.489990234375,601.52001953125,596.2000122070312,598.0499877929688,1909700,Yahoo Finance daily
2024-10-14,us,UNH,,599.1099853515625,608.6300048828125,597.3800048828125,605.4000244140625,2447100,Yahoo Finance daily
2024-10-15,us,UNH,,552.02001953125,569.7000122070312,543.0,556.2899780273438,11939400,Yahoo Finance daily
2024-10-16,us,UNH,,557.010009765625,576.1799926757812,555.1199951171875,571.3400268554688,5103900,Yahoo Finance daily
2024-10-17,us,UNH,,560.5800170898438,569.469970703125,558.719970703125,566.030029296875,5588700,Yahoo Finance daily
2024-10-18,us,UNH,,566.8499755859375,570.9500122070312,563.0399780273438,569.6099853515625,3687000,Yahoo Finance daily
2024-10-21,us,UNH,,569.6400146484375,579.280029296875,568.7000122070312,571.469970703125,3018000,Yahoo Finance daily
2024-10-22,us,UNH,,567.8499755859375,573.0399780273438,565.489990234375,569.8599853515625,2593800,Yahoo Finance daily
2024-10-23,us,UNH,,572.1300048828125,574.1400146484375,560.0,564.6400146484375,2911900,Yahoo Finance daily
2024-10-24,us,UNH,,564.989990234375,571.7000122070312,560.3099975585938,560.8099975585938,2590200,Yahoo Finance daily
2024-10-25,us,UNH,,566.1599731445312,571.5,563.6099853515625,564.5599975585938,2513700,Yahoo Finance daily
2024-10-28,us,UNH,,566.25,568.3300170898438,562.8099975585938,565.239990234375,1826500,Yahoo Finance daily
2024-10-29,us,UNH,,562.8200073242188,567.6799926757812,560.6599731445312,562.1300048828125,2600300,Yahoo Finance daily
2024-10-30,us,UNH,,561.25,570.3099975585938,560.9500122070312,562.9600219726562,2323600,Yahoo Finance daily
2024-10-31,us,UNH,,560.8800048828125,568.4500122070312,560.8800048828125,564.5,2490000,Yahoo Finance daily
2024-11-01,us,UNH,,565.1199951171875,570.3300170898438,563.9000244140625,567.5599975585938,2548300,Yahoo Finance daily
2024-11-04,us,UNH,,566.739990234375,568.5900268554688,555.4199829101562,557.77001953125,2656600,Yahoo Finance daily
2024-11-05,us,UNH,,558.280029296875,568.739990234375,554.4000244140625,567.030029296875,2608100,Yahoo Finance daily
2024-11-06,us,UNH,,603.9000244140625,605.5,590.8499755859375,596.6900024414062,6591300,Yahoo Finance daily
2024-11-07,us,UNH,,598.6900024414062,607.6400146484375,596.1500244140625,605.4500122070312,5254300,Yahoo Finance daily
2024-11-08,us,UNH,,609.0,619.7999877929688,605.2000122070312,615.8099975585938,3875800,Yahoo Finance daily
2024-11-11,us,UNH,,616.9000244140625,630.72998046875,613.9199829101562,625.25,3003200,Yahoo Finance daily
2024-11-12,us,UNH,,619.5800170898438,624.47998046875,613.780029296875,614.6699829101562,2809400,Yahoo Finance daily
2024-11-13,us,UNH,,613.0,613.010009765625,603.0599975585938,605.8699951171875,3409400,Yahoo Finance daily
2024-11-14,us,UNH,,603.47998046875,606.0,588.989990234375,593.1500244140625,3079200,Yahoo Finance daily
2024-11-15,us,UNH,,591.9199829101562,598.9299926757812,589.9500122070312,592.22998046875,3423900,Yahoo Finance daily
2024-11-18,us,UNH,,589.4400024414062,594.1400146484375,585.3200073242188,589.6500244140625,2577100,Yahoo Finance daily
2024-11-19,us,UNH,,582.719970703125,586.8400268554688,576.77001953125,577.0,3198300,Yahoo Finance daily
2024-11-20,us,UNH,,582.7100219726562,602.6400146484375,581.5499877929688,600.5,3928600,Yahoo Finance daily
2024-11-21,us,UNH,,600.0,604.0,596.72998046875,597.489990234375,2722900,Yahoo Finance daily
2024-11-22,us,UNH,,598.5599975585938,601.260009765625,588.6699829101562,590.8699951171875,3197900,Yahoo Finance daily
2024-11-25,us,UNH,,597.5800170898438,609.8400268554688,595.010009765625,605.8300170898438,5146200,Yahoo Finance daily
2024-11-26,us,UNH,,608.239990234375,608.469970703125,598.8800048828125,606.7899780273438,2693600,Yahoo Finance daily
2024-11-27,us,UNH,,611.030029296875,617.4500122070312,606.7000122070312,608.3800048828125,2269800,Yahoo Finance daily
2024-11-29,us,UNH,,608.7999877929688,615.780029296875,606.6199951171875,610.2000122070312,2010800,Yahoo Finance daily
2024-12-02,us,UNH,,614.0,614.0,600.77001953125,608.52001953125,3364900,Yahoo Finance daily
2024-12-03,us,UNH,,610.8499755859375,615.75,604.8200073242188,605.22998046875,2329900,Yahoo Finance daily
2024-12-04,us,UNH,,611.02001953125,622.8300170898438,606.969970703125,610.7899780273438,4147600,Yahoo Finance daily
2024-12-05,us,UNH,,605.6400146484375,608.989990234375,573.8900146484375,578.969970703125,5943700,Yahoo Finance daily
2024-12-06,us,UNH,,582.1099853515625,582.1099853515625,544.1400146484375,549.6199951171875,13003600,Yahoo Finance daily
2024-12-09,us,UNH,,552.0,562.97998046875,544.6400146484375,560.6199951171875,7684700,Yahoo Finance daily
2024-12-10,us,UNH,,562.0,567.75,557.030029296875,565.1900024414062,5360600,Yahoo Finance daily
2024-12-11,us,UNH,,555.6599731445312,558.0999755859375,532.6699829101562,533.530029296875,10363000,Yahoo Finance daily
2024-12-12,us,UNH,,531.530029296875,534.0,514.1900024414062,515.760009765625,9403800,Yahoo Finance daily
2024-12-13,us,UNH,,515.6400146484375,527.530029296875,510.7200012207031,520.47998046875,8202900,Yahoo Finance daily
2024-12-16,us,UNH,,518.0,521.7000122070312,496.0799865722656,498.5,8880000,Yahoo Finance daily
2024-12-17,us,UNH,,487.0,495.6000061035156,475.8200073242188,485.5199890136719,14132700,Yahoo Finance daily
2024-12-18,us,UNH,,488.4299926757813,506.5400085449219,486.0,499.7200012207031,10147600,Yahoo Finance daily
2024-12-19,us,UNH,,500.1400146484375,503.6499938964844,486.239990234375,489.25,7418100,Yahoo Finance daily
2024-12-20,us,UNH,,489.2900085449219,502.6400146484375,488.7300109863281,500.1300048828125,10956900,Yahoo Finance daily
2024-12-23,us,UNH,,500.760009765625,508.7799987792969,499.0499877929688,506.3399963378906,4286000,Yahoo Finance daily
2024-12-24,us,UNH,,504.3999938964844,506.1000061035156,500.5899963378906,506.1000061035156,1824400,Yahoo Finance daily
2024-12-26,us,UNH,,505.6499938964844,512.219970703125,504.7300109863281,511.1499938964844,3387000,Yahoo Finance daily
2024-12-27,us,UNH,,509.4200134277344,513.1799926757812,507.7999877929688,509.989990234375,3471800,Yahoo Finance daily
2024-12-30,us,UNH,,506.8599853515625,509.7300109863281,500.6600036621094,507.7999877929688,5408600,Yahoo Finance daily
2024-12-31,us,UNH,,509.3500061035156,511.0,503.3399963378906,505.8599853515625,4214000,Yahoo Finance daily
2025-01-02,us,UNH,,508.0,512.1099853515625,503.2900085449219,504.510009765625,4234900,Yahoo Finance daily
2025-01-03,us,UNH,,506.3500061035156,516.2899780273438,505.3800048828125,513.0,3019500,Yahoo Finance daily
2025-01-06,us,UNH,,513.0,520.2999877929688,509.8200073242188,513.6699829101562,4444800,Yahoo Finance daily
2025-01-07,us,UNH,,518.8499755859375,519.5,511.2200012207031,514.25,3914500,Yahoo Finance daily
2025-01-08,us,UNH,,514.5,524.6699829101562,509.510009765625,524.52001953125,4141700,Yahoo Finance daily
2025-01-10,us,UNH,,526.6400146484375,535.4500122070312,518.469970703125,520.6900024414062,5467500,Yahoo Finance daily
2025-01-13,us,UNH,,535.0399780273438,547.4000244140625,533.1400146484375,541.1400146484375,6472500,Yahoo Finance daily
2025-01-14,us,UNH,,539.6500244140625,544.5499877929688,536.5499877929688,543.739990234375,3978300,Yahoo Finance daily
2025-01-15,us,UNH,,537.0999755859375,546.2899780273438,534.3300170898438,543.4199829101562,4103900,Yahoo Finance daily
2025-01-16,us,UNH,,530.3499755859375,539.8400268554688,510.0,510.5899963378906,9059900,Yahoo Finance daily
2025-01-17,us,UNH,,505.6199951171875,521.8200073242188,502.7999877929688,509.760009765625,7495700,Yahoo Finance daily
2025-01-21,us,UNH,,514.0499877929688,525.0,512.8200073242188,524.989990234375,5682100,Yahoo Finance daily
2025-01-22,us,UNH,,521.6599731445312,524.4400024414062,516.0,519.719970703125,3756100,Yahoo Finance daily
2025-01-23,us,UNH,,527.8699951171875,531.47998046875,519.3200073242188,529.77001953125,4580800,Yahoo Finance daily
2025-01-24,us,UNH,,528.1099853515625,534.6300048828125,524.510009765625,532.510009765625,3671200,Yahoo Finance daily
2025-01-27,us,UNH,,539.97998046875,551.9099731445312,539.97998046875,543.52001953125,4263000,Yahoo Finance daily
2025-01-28,us,UNH,,543.010009765625,546.5,537.8400268554688,542.47998046875,3162700,Yahoo Finance daily
2025-01-29,us,UNH,,541.72998046875,543.47998046875,534.010009765625,538.0999755859375,2737600,Yahoo Finance daily
2025-01-30,us,UNH,,539.469970703125,547.1099853515625,535.0,545.5700073242188,2924700,Yahoo Finance daily
2025-01-31,us,UNH,,543.239990234375,549.1599731445312,541.4099731445312,542.489990234375,4120500,Yahoo Finance daily
2025-02-03,us,UNH,,542.0,553.9099731445312,541.0700073242188,548.1799926757812,4083600,Yahoo Finance daily
2025-02-04,us,UNH,,545.2000122070312,548.8099975585938,541.510009765625,545.4500122070312,2869900,Yahoo Finance daily
2025-02-05,us,UNH,,530.72998046875,540.7000122070312,521.9099731445312,539.8099975585938,4621600,Yahoo Finance daily
2025-02-06,us,UNH,,537.8900146484375,539.0999755859375,525.27001953125,530.0399780273438,3926800,Yahoo Finance daily
2025-02-07,us,UNH,,529.2000122070312,532.3900146484375,525.3900146484375,527.030029296875,3349100,Yahoo Finance daily
2025-02-10,us,UNH,,527.6699829101562,534.1599731445312,523.3800048828125,533.3699951171875,3143100,Yahoo Finance daily
2025-02-11,us,UNH,,535.0,547.5399780273438,528.27001953125,533.9199829101562,2631900,Yahoo Finance daily
2025-02-12,us,UNH,,539.8499755859375,542.3499755859375,525.510009765625,527.4000244140625,3859200,Yahoo Finance daily
2025-02-13,us,UNH,,530.9000244140625,534.3300170898438,527.0999755859375,531.1799926757812,2835100,Yahoo Finance daily
2025-02-14,us,UNH,,529.0,533.2000122070312,522.9099731445312,523.510009765625,3705300,Yahoo Finance daily
2025-02-18,us,UNH,,510.9400024414063,516.0,497.0,500.7300109863281,8759300,Yahoo Finance daily
2025-02-19,us,UNH,,501.3299865722656,511.8599853515625,498.1499938964844,511.0400085449219,4380300,Yahoo Finance daily
2025-02-20,us,UNH,,505.1900024414063,508.4299926757813,500.239990234375,502.4200134277344,4144300,Yahoo Finance daily
2025-02-21,us,UNH,,439.5499877929688,469.7000122070313,438.5,466.4200134277344,19864900,Yahoo Finance daily
2025-02-24,us,UNH,,466.6799926757813,468.0,457.0,461.5199890136719,6919300,Yahoo Finance daily
2025-02-25,us,UNH,,460.7699890136719,470.760009765625,450.0700073242188,470.3800048828125,9101000,Yahoo Finance daily
2025-02-26,us,UNH,,464.6499938964844,473.0499877929688,458.2000122070313,463.5899963378906,5108400,Yahoo Finance daily
2025-02-27,us,UNH,,466.1700134277344,475.3999938964844,465.0199890136719,468.55999755859375,4216800,Yahoo Finance daily
2025-02-28,us,UNH,,467.0,476.3599853515625,464.4800109863281,474.9599914550781,6146300,Yahoo Finance daily
2025-03-03,us,UNH,,474.3699951171875,477.2699890136719,465.2099914550781,467.0499877929688,5700200,Yahoo Finance daily
2025-03-04,us,UNH,,469.75,479.2099914550781,466.4599914550781,474.6099853515625,5864100,Yahoo Finance daily
2025-03-05,us,UNH,,471.0700073242188,479.0799865722656,471.010009765625,475.9800109863281,3637100,Yahoo Finance daily
2025-03-06,us,UNH,,476.0,488.1199951171875,472.0,487.7200012207031,4964000,Yahoo Finance daily
2025-03-07,us,UNH,,483.8299865722656,499.9200134277344,483.3699951171875,493.4800109863281,5434100,Yahoo Finance daily
2025-03-10,us,UNH,,492.2799987792969,497.8500061035156,477.7099914550781,480.2200012207031,5108900,Yahoo Finance daily
2025-03-11,us,UNH,,482.5,486.7699890136719,477.1400146484375,486.0400085449219,4101000,Yahoo Finance daily
2025-03-12,us,UNH,,483.1400146484375,487.6000061035156,478.8200073242188,481.1099853515625,3680800,Yahoo Finance daily
2025-03-13,us,UNH,,479.4500122070313,484.05999755859375,475.0,481.5199890136719,2876600,Yahoo Finance daily
2025-03-14,us,UNH,,481.0,489.4500122070313,478.239990234375,488.6499938964844,3915900,Yahoo Finance daily
2025-03-17,us,UNH,,487.510009765625,500.6099853515625,485.9500122070313,499.0199890136719,5152300,Yahoo Finance daily
2025-03-18,us,UNH,,502.239990234375,505.9700012207031,497.8200073242188,503.7999877929688,3617600,Yahoo Finance daily
2025-03-19,us,UNH,,505.0400085449219,506.3500061035156,500.05999755859375,503.2000122070313,3317600,Yahoo Finance daily
2025-03-20,us,UNH,,505.25,514.3900146484375,503.510009765625,511.2999877929688,4965400,Yahoo Finance daily
2025-03-21,us,UNH,,511.6799926757813,519.0,505.0899963378906,516.8499755859375,10244900,Yahoo Finance daily
2025-03-24,us,UNH,,515.0800170898438,518.25,511.1199951171875,516.5,3840900,Yahoo Finance daily
2025-03-25,us,UNH,,518.280029296875,519.0,511.5299987792969,513.4299926757812,3015100,Yahoo Finance daily
2025-03-26,us,UNH,,515.2000122070312,522.9500122070312,512.8499755859375,518.2000122070312,3253800,Yahoo Finance daily
2025-03-27,us,UNH,,516.2899780273438,521.0800170898438,512.9500122070312,515.719970703125,2822200,Yahoo Finance daily
2025-03-28,us,UNH,,516.8699951171875,520.97998046875,515.0499877929688,516.0399780273438,2379100,Yahoo Finance daily
2025-03-31,us,UNH,,519.1799926757812,528.1199951171875,518.5900268554688,523.75,5238700,Yahoo Finance daily
2025-04-01,us,UNH,,525.739990234375,528.1699829101562,520.9500122070312,523.1199951171875,2962500,Yahoo Finance daily
2025-04-02,us,UNH,,522.9500122070312,525.0,516.7999877929688,523.2000122070312,2378900,Yahoo Finance daily
2025-04-03,us,UNH,,529.989990234375,548.5,529.2899780273438,540.4400024414062,6457900,Yahoo Finance daily
2025-04-04,us,UNH,,540.6400146484375,551.739990234375,524.8400268554688,525.0499877929688,9919000,Yahoo Finance daily
2025-04-07,us,UNH,,513.4000244140625,529.2000122070312,503.5899963378906,524.7000122070312,7356700,Yahoo Finance daily
2025-04-08,us,UNH,,582.1699829101562,585.010009765625,547.4600219726562,553.0800170898438,11762300,Yahoo Finance daily
2025-04-09,us,UNH,,560.1400146484375,589.4000244140625,554.4600219726562,578.5,12691900,Yahoo Finance daily
2025-04-10,us,UNH,,580.239990234375,601.8800048828125,580.0,594.4000244140625,8646000,Yahoo Finance daily
2025-04-11,us,UNH,,588.9199829101562,606.3599853515625,586.530029296875,599.469970703125,6121500,Yahoo Finance daily
2025-04-14,us,UNH,,595.0,595.6300048828125,579.2899780273438,587.0599975585938,4839300,Yahoo Finance daily
2025-04-15,us,UNH,,592.239990234375,592.8599853515625,582.010009765625,583.5900268554688,3871300,Yahoo Finance daily
2025-04-16,us,UNH,,585.3200073242188,594.8099975585938,582.9600219726562,585.0399780273438,4192100,Yahoo Finance daily
2025-04-17,us,UNH,,481.9500122070313,489.7900085449219,447.1000061035156,454.1099853515625,29120200,Yahoo Finance daily
2025-04-21,us,UNH,,449.760009765625,453.5,424.80999755859375,425.3299865722656,13029900,Yahoo Finance daily
2025-04-22,us,UNH,,424.6400146484375,431.5,417.1199951171875,427.1799926757813,10156900,Yahoo Finance daily
2025-04-23,us,UNH,,427.0700073242188,438.8500061035156,423.75,427.9599914550781,8345700,Yahoo Finance daily
2025-04-24,us,UNH,,427.5700073242188,429.8999938964844,423.6499938964844,424.25,7629100,Yahoo Finance daily
2025-04-25,us,UNH,,423.55999755859375,423.55999755859375,412.0199890136719,418.6400146484375,9263800,Yahoo Finance daily
2025-04-28,us,UNH,,419.75,424.1199951171875,415.5499877929688,420.0,6614300,Yahoo Finance daily
2025-04-29,us,UNH,,421.1900024414063,421.75,409.1000061035156,409.2300109863281,9909100,Yahoo Finance daily
2025-04-30,us,UNH,,409.0299987792969,413.260009765625,401.0,411.4400024414063,9192800,Yahoo Finance daily
2025-05-01,us,UNH,,411.3200073242188,411.989990234375,399.8599853515625,400.6799926757813,9316800,Yahoo Finance daily
2025-05-02,us,UNH,,399.9599914550781,402.0,393.1099853515625,399.9200134277344,11392900,Yahoo Finance daily
2025-05-05,us,UNH,,399.1199951171875,409.7000122070313,397.5899963378906,404.80999755859375,8157200,Yahoo Finance daily
2025-05-06,us,UNH,,402.7999877929688,404.7200012207031,393.4200134277344,394.510009765625,7858600,Yahoo Finance daily
2025-05-07,us,UNH,,395.3500061035156,395.5199890136719,385.7000122070313,391.05999755859375,8517200,Yahoo Finance daily
2025-05-08,us,UNH,,390.0,390.9200134277344,385.3699951171875,385.5499877929688,7218300,Yahoo Finance daily
2025-05-09,us,UNH,,385.6700134277344,386.5499877929688,378.5400085449219,380.6400146484375,8381100,Yahoo Finance daily
2025-05-12,us,UNH,,381.0,387.2099914550781,376.8399963378906,378.75,11004800,Yahoo Finance daily
2025-05-13,us,UNH,,335.739990234375,342.0,309.1000061035156,311.3800048828125,59478300,Yahoo Finance daily
2025-05-14,us,UNH,,321.45001220703125,322.94000244140625,307.1099853515625,308.010009765625,40029600,Yahoo Finance daily
2025-05-15,us,UNH,,274.8999938964844,276.6499938964844,248.8800048828125,274.3500061035156,121849200,Yahoo Finance daily
2025-05-16,us,UNH,,279.2900085449219,294.489990234375,269.1400146484375,291.9100036621094,71094300,Yahoo Finance daily
2025-05-19,us,UNH,,304.7699890136719,316.2900085449219,297.25,315.8900146484375,62524700,Yahoo Finance daily
2025-05-20,us,UNH,,320.9200134277344,324.6400146484375,312.5799865722656,321.5799865722656,41487000,Yahoo Finance daily
2025-05-21,us,UNH,,301.0,309.9599914550781,300.07000732421875,302.9800109863281,45506900,Yahoo Finance daily
2025-05-22,us,UNH,,293.8900146484375,305.6700134277344,292.5,296.6700134277344,27159600,Yahoo Finance daily
2025-05-23,us,UNH,,296.1000061035156,299.70001220703125,291.6400146484375,295.57000732421875,16873600,Yahoo Finance daily
2025-05-27,us,UNH,,299.5,299.95001220703125,289.1300048828125,295.0,20144600,Yahoo Finance daily
2025-05-28,us,UNH,,294.0,303.7799987792969,293.2799987792969,298.1099853515625,16114200,Yahoo Finance daily
2025-05-29,us,UNH,,296.79998779296875,303.3800048828125,295.0,298.1700134277344,16221100,Yahoo Finance daily
2025-05-30,us,UNH,,297.9700012207031,305.6400146484375,295.8399963378906,301.9100036621094,16309300,Yahoo Finance daily
2025-06-02,us,UNH,,303.1199951171875,313.54998779296875,300.9700012207031,304.7200012207031,19074400,Yahoo Finance daily
2025-06-03,us,UNH,,303.1000061035156,305.7200012207031,300.010009765625,301.2200012207031,12805700,Yahoo Finance daily
2025-06-04,us,UNH,,303.5400085449219,307.6400146484375,300.20001220703125,300.3800048828125,11255600,Yahoo Finance daily
2025-06-05,us,UNH,,300.3800048828125,302.4200134277344,294.1099853515625,295.8399963378906,13529000,Yahoo Finance daily
2025-06-06,us,UNH,,297.2300109863281,304.3900146484375,297.1499938964844,303.2200012207031,12589000,Yahoo Finance daily
2025-06-09,us,UNH,,305.0400085449219,307.3999938964844,301.1400146484375,303.19000244140625,12170300,Yahoo Finance daily
2025-06-10,us,UNH,,303.79998779296875,305.1199951171875,300.5899963378906,303.7900085449219,11384100,Yahoo Finance daily
2025-06-11,us,UNH,,302.67999267578125,311.5799865722656,302.2300109863281,310.5599975585937,14711400,Yahoo Finance daily
2025-06-12,us,UNH,,311.3999938964844,318.79998779296875,308.510009765625,318.5,15957200,Yahoo Finance daily
2025-06-13,us,UNH,,315.8999938964844,317.4200134277344,311.9100036621094,313.5299987792969,13762400,Yahoo Finance daily
2025-06-16,us,UNH,,313.0,313.2699890136719,304.7900085449219,307.6600036621094,14240100,Yahoo Finance daily
2025-06-17,us,UNH,,307.45001220703125,309.95001220703125,305.5199890136719,308.8699951171875,11593900,Yahoo Finance daily
2025-06-18,us,UNH,,307.54998779296875,311.7900085449219,306.2300109863281,307.20001220703125,12205600,Yahoo Finance daily
2025-06-20,us,UNH,,309.5,309.5899963378906,301.5899963378906,302.010009765625,16177900,Yahoo Finance daily
2025-06-23,us,UNH,,301.8999938964844,302.4700012207031,295.5199890136719,300.67999267578125,12274700,Yahoo Finance daily
2025-06-24,us,UNH,,301.45001220703125,305.82000732421875,299.3299865722656,305.6199951171875,8781400,Yahoo Finance daily
2025-06-25,us,UNH,,304.3800048828125,304.3800048828125,299.79998779296875,302.0199890136719,8722100,Yahoo Finance daily
2025-06-26,us,UNH,,302.57000732421875,306.7099914550781,301.2900085449219,302.6199951171875,6532700,Yahoo Finance daily
2025-06-27,us,UNH,,302.95001220703125,310.45001220703125,302.20001220703125,309.1099853515625,15304400,Yahoo Finance daily
2025-06-30,us,UNH,,309.0,312.3800048828125,306.3399963378906,311.9700012207031,10074100,Yahoo Finance daily
2025-07-01,us,UNH,,311.9700012207031,326.54998779296875,311.0799865722656,326.1400146484375,17865500,Yahoo Finance daily
2025-07-02,us,UNH,,320.739990234375,322.4200134277344,306.42999267578125,307.5599975585937,18177200,Yahoo Finance daily
2025-07-03,us,UNH,,309.8399963378906,312.25,308.2300109863281,308.54998779296875,6161100,Yahoo Finance daily
2025-07-07,us,UNH,,308.0,308.6099853515625,301.20001220703125,303.7099914550781,9031200,Yahoo Finance daily
2025-07-08,us,UNH,,304.2300109863281,308.29998779296875,303.79998779296875,307.70001220703125,9613800,Yahoo Finance daily
2025-07-09,us,UNH,,303.19000244140625,303.6000061035156,298.75,302.9100036621094,12816700,Yahoo Finance daily
2025-07-10,us,UNH,,303.0599975585937,304.92999267578125,296.6000061035156,299.510009765625,11355600,Yahoo Finance daily
2025-07-11,us,UNH,,300.0199890136719,304.1199951171875,298.0,304.1000061035156,9808200,Yahoo Finance daily
2025-07-14,us,UNH,,301.6400146484375,304.0400085449219,299.0,300.5799865722656,10681400,Yahoo Finance daily
2025-07-15,us,UNH,,299.7099914550781,300.67999267578125,291.0299987792969,291.7099914550781,16019000,Yahoo Finance daily
2025-07-16,us,UNH,,292.54998779296875,295.989990234375,290.75,292.489990234375,9714000,Yahoo Finance daily
2025-07-17,us,UNH,,292.3299865722656,293.0,283.8299865722656,288.07000732421875,14792700,Yahoo Finance daily
2025-07-18,us,UNH,,287.8900146484375,288.07000732421875,280.8099975585937,282.6499938964844,14979700,Yahoo Finance daily
2025-07-21,us,UNH,,284.6400146484375,286.5,281.20001220703125,282.1400146484375,10319200,Yahoo Finance daily
2025-07-22,us,UNH,,282.6300048828125,287.1099853515625,282.0,285.1300048828125,14600300,Yahoo Finance daily
2025-07-23,us,UNH,,287.5,292.6400146484375,284.95001220703125,292.510009765625,13111100,Yahoo Finance daily
2025-07-24,us,UNH,,283.1000061035156,289.2099914550781,278.2200012207031,278.5799865722656,22585200,Yahoo Finance daily
2025-07-25,us,UNH,,281.0,286.1400146484375,279.94000244140625,281.0599975585937,16486600,Yahoo Finance daily
2025-07-28,us,UNH,,283.5,285.0,279.69000244140625,282.1199951171875,15779400,Yahoo Finance daily
2025-07-29,us,UNH,,265.70001220703125,272.9100036621094,260.54998779296875,261.07000732421875,41706000,Yahoo Finance daily
2025-07-30,us,UNH,,264.79998779296875,266.6300048828125,258.1199951171875,266.0400085449219,22371800,Yahoo Finance daily
2025-07-31,us,UNH,,261.3999938964844,261.3999938964844,247.75,249.55999755859372,29606900,Yahoo Finance daily
2025-08-01,us,UNH,,250.6100006103516,251.4900054931641,234.6000061035156,237.7700042724609,39989200,Yahoo Finance daily
2025-08-04,us,UNH,,238.2400054931641,242.25,236.9499969482422,240.97999572753903,17427900,Yahoo Finance daily
2025-08-05,us,UNH,,241.16000366210935,252.07000732421875,240.0500030517578,251.0,23795900,Yahoo Finance daily
2025-08-06,us,UNH,,250.63999938964844,253.16000366210935,245.30999755859372,245.77999877929688,12946400,Yahoo Finance daily
2025-08-07,us,UNH,,246.4199981689453,248.75,239.5,244.6699981689453,11369900,Yahoo Finance daily
2025-08-08,us,UNH,,244.7899932861328,251.0800018310547,244.3699951171875,250.88999938964844,10185700,Yahoo Finance daily
2025-08-11,us,UNH,,253.8699951171875,258.3999938964844,252.13999938964844,252.3699951171875,11779500,Yahoo Finance daily
2025-08-12,us,UNH,,254.0200042724609,262.8800048828125,253.6699981689453,261.57000732421875,12171800,Yahoo Finance daily
2025-08-13,us,UNH,,264.3900146484375,272.19000244140625,262.8900146484375,271.8099975585937,19480300,Yahoo Finance daily
2025-08-14,us,UNH,,272.1000061035156,273.8500061035156,267.0,271.489990234375,25011100,Yahoo Finance daily
2025-08-15,us,UNH,,301.7099914550781,310.29998779296875,294.7099914550781,304.010009765625,68198500,Yahoo Finance daily
2025-08-18,us,UNH,,313.17999267578125,316.3999938964844,307.4200134277344,308.489990234375,39600500,Yahoo Finance daily
2025-08-19,us,UNH,,308.8999938964844,310.5,299.2099914550781,304.239990234375,22348600,Yahoo Finance daily
2025-08-20,us,UNH,,306.3999938964844,307.20001220703125,295.70001220703125,299.8399963378906,16679000,Yahoo Finance daily
2025-08-21,us,UNH,,302.2900085449219,306.57000732421875,297.79998779296875,303.3500061035156,13359000,Yahoo Finance daily
2025-08-22,us,UNH,,306.1000061035156,310.67999267578125,304.5799865722656,307.4200134277344,14930000,Yahoo Finance daily
2025-08-25,us,UNH,,308.489990234375,308.8699951171875,302.7300109863281,304.8599853515625,8917100,Yahoo Finance daily
2025-08-26,us,UNH,,304.3099975585937,308.9599914550781,294.20001220703125,300.42999267578125,16303200,Yahoo Finance daily
2025-08-27,us,UNH,,300.5400085449219,305.9700012207031,300.5,303.8800048828125,9982800,Yahoo Finance daily
2025-08-28,us,UNH,,304.25,304.4700012207031,299.3999938964844,302.2900085449219,11235000,Yahoo Finance daily
2025-08-29,us,UNH,,302.29998779296875,310.0,300.9100036621094,309.8699951171875,12065400,Yahoo Finance daily
2025-09-02,us,UNH,,308.3099975585937,312.8900146484375,307.29998779296875,308.79998779296875,10957100,Yahoo Finance daily
2025-09-03,us,UNH,,308.1099853515625,309.5899963378906,303.70001220703125,307.8800048828125,9654600,Yahoo Finance daily
2025-09-04,us,UNH,,306.1000061035156,311.9100036621094,304.1000061035156,310.3800048828125,7725700,Yahoo Finance daily
2025-09-05,us,UNH,,310.44000244140625,317.94000244140625,308.20001220703125,315.3900146484375,14126700,Yahoo Finance daily
2025-09-08,us,UNH,,319.7099914550781,321.6499938964844,313.79998779296875,320.25,18438600,Yahoo Finance daily
2025-09-09,us,UNH,,332.5,351.7099914550781,327.1600036621094,347.9200134277344,46408900,Yahoo Finance daily
2025-09-10,us,UNH,,345.5599975585937,348.57000732421875,341.3999938964844,346.7799987792969,17804300,Yahoo Finance daily
2025-09-11,us,UNH,,349.0,360.9800109863281,345.8399963378906,353.6099853515625,18943500,Yahoo Finance daily
2025-09-12,us,UNH,,355.8999938964844,362.30999755859375,352.4599914550781,352.510009765625,14016200,Yahoo Finance daily
2025-09-15,us,UNH,,351.260009765625,351.7099914550781,342.5299987792969,347.8900146484375,11035900,Yahoo Finance daily
2025-09-16,us,UNH,,347.5,349.0400085449219,338.32000732421875,339.7799987792969,12695800,Yahoo Finance daily
2025-09-17,us,UNH,,337.69000244140625,343.0,337.69000244140625,341.6099853515625,8467700,Yahoo Finance daily
2025-09-18,us,UNH,,343.5299987792969,344.92999267578125,334.1199951171875,334.82000732421875,11255600,Yahoo Finance daily
2025-09-19,us,UNH,,336.5,340.9599914550781,333.8399963378906,336.69000244140625,13656800,Yahoo Finance daily
2025-09-22,us,UNH,,334.4599914550781,342.4800109863281,332.6000061035156,341.29998779296875,8903700,Yahoo Finance daily
2025-09-23,us,UNH,,341.0,352.70001220703125,339.9599914550781,347.69000244140625,12504100,Yahoo Finance daily
2025-09-24,us,UNH,,350.20001220703125,354.5,347.8399963378906,351.8099975585937,9016300,Yahoo Finance daily
2025-09-25,us,UNH,,348.8999938964844,350.19000244140625,343.6000061035156,345.5599975585937,8104900,Yahoo Finance daily
2025-09-26,us,UNH,,347.92999267578125,349.9700012207031,341.29998779296875,344.0799865722656,6774700,Yahoo Finance daily
2025-09-29,us,UNH,,343.9800109863281,345.54998779296875,341.45001220703125,345.17999267578125,6878900,Yahoo Finance daily
2025-09-30,us,UNH,,343.75,349.32000732421875,342.3299865722656,345.29998779296875,7429700,Yahoo Finance daily
2025-10-01,us,UNH,,343.8999938964844,348.70001220703125,341.6300048828125,348.29998779296875,8825500,Yahoo Finance daily
2025-10-02,us,UNH,,347.2900085449219,355.0799865722656,344.6499938964844,353.7200012207031,8564200,Yahoo Finance daily
2025-10-03,us,UNH,,357.25,368.0,356.6099853515625,360.20001220703125,13494800,Yahoo Finance daily
2025-10-06,us,UNH,,361.0299987792969,362.5199890136719,357.1099853515625,358.7699890136719,7181700,Yahoo Finance daily
2025-10-07,us,UNH,,359.4100036621094,364.7200012207031,358.0599975585937,363.6600036621094,7236200,Yahoo Finance daily
2025-10-08,us,UNH,,366.9299926757813,374.6300048828125,365.7999877929688,369.9200134277344,9438300,Yahoo Finance daily
2025-10-09,us,UNH,,372.5199890136719,376.2200012207031,366.0799865722656,367.6900024414063,8759800,Yahoo Finance daily
2025-10-10,us,UNH,,369.3999938964844,369.3999938964844,352.510009765625,354.5,13141900,Yahoo Finance daily
2025-10-13,us,UNH,,354.739990234375,359.1600036621094,353.32000732421875,358.6600036621094,5659400,Yahoo Finance daily
2025-10-14,us,UNH,,354.95001220703125,362.3299865722656,353.3999938964844,359.92999267578125,5974800,Yahoo Finance daily
2025-10-15,us,UNH,,359.3900146484375,364.2200012207031,355.8500061035156,361.1499938964844,6579600,Yahoo Finance daily
2025-10-16,us,UNH,,361.8399963378906,362.0,354.3999938964844,356.6700134277344,5872100,Yahoo Finance daily
2025-10-17,us,UNH,,351.0,358.3900146484375,350.8299865722656,356.6000061035156,8608400,Yahoo Finance daily
2025-10-20,us,UNH,,358.5400085449219,365.5700073242188,357.510009765625,364.4800109863281,5996500,Yahoo Finance daily
2025-10-21,us,UNH,,365.1400146484375,371.0499877929688,361.5,365.3699951171875,6885300,Yahoo Finance daily
2025-10-22,us,UNH,,363.9599914550781,364.0,358.0,361.489990234375,7833000,Yahoo Finance daily
2025-10-23,us,UNH,,355.5799865722656,362.2799987792969,353.6400146484375,360.4500122070313,5756700,Yahoo Finance daily
2025-10-24,us,UNH,,361.3699951171875,365.4200134277344,360.0299987792969,362.5,5462100,Yahoo Finance daily
2025-10-27,us,UNH,,363.5,366.2200012207031,361.3999938964844,365.9800109863281,7766400,Yahoo Finance daily
2025-10-28,us,UNH,,380.6799926757813,381.0,358.6300048828125,367.8399963378906,18858700,Yahoo Finance daily
2025-10-29,us,UNH,,364.2799987792969,366.1499938964844,353.8800048828125,355.260009765625,11874900,Yahoo Finance daily
2025-10-30,us,UNH,,347.5199890136719,354.5400085449219,343.6000061035156,344.75,11441900,Yahoo Finance daily
2025-10-31,us,UNH,,344.3900146484375,346.2799987792969,337.1199951171875,341.5599975585937,8390800,Yahoo Finance daily
2025-11-03,us,UNH,,339.1300048828125,340.70001220703125,326.6000061035156,333.7900085449219,11181400,Yahoo Finance daily
2025-11-04,us,UNH,,327.6300048828125,336.5,327.20001220703125,330.8299865722656,9646600,Yahoo Finance daily
2025-11-05,us,UNH,,326.29998779296875,330.2099914550781,324.2200012207031,327.739990234375,9697100,Yahoo Finance daily
2025-11-06,us,UNH,,328.9200134277344,332.3699951171875,321.45001220703125,321.5599975585937,7922100,Yahoo Finance daily
2025-11-07,us,UNH,,319.6600036621094,324.54998779296875,314.1600036621094,324.2099914550781,9402900,Yahoo Finance daily
2025-11-10,us,UNH,,319.989990234375,324.25,317.1700134277344,321.5799865722656,9283800,Yahoo Finance daily
2025-11-11,us,UNH,,323.29998779296875,327.8599853515625,319.8800048828125,327.45001220703125,7157800,Yahoo Finance daily
2025-11-12,us,UNH,,328.45001220703125,343.1700134277344,327.0799865722656,339.0599975585937,10403300,Yahoo Finance daily
2025-11-13,us,UNH,,338.3500061035156,339.0299987792969,331.2900085449219,332.5199890136719,7788700,Yahoo Finance daily
2025-11-14,us,UNH,,326.95001220703125,328.2099914550781,320.489990234375,321.8599853515625,8676500,Yahoo Finance daily
2025-11-17,us,UNH,,320.6000061035156,327.8800048828125,319.42999267578125,320.5199890136719,6485400,Yahoo Finance daily
2025-11-18,us,UNH,,317.010009765625,317.5,308.7699890136719,313.5799865722656,9182100,Yahoo Finance daily
2025-11-19,us,UNH,,313.92999267578125,315.0,304.5299987792969,309.0899963378906,8181100,Yahoo Finance daily
2025-11-20,us,UNH,,310.8099975585937,314.75,310.0,311.5400085449219,7337600,Yahoo Finance daily
2025-11-21,us,UNH,,311.9100036621094,323.8399963378906,311.44000244140625,319.9700012207031,8406300,Yahoo Finance daily
2025-11-24,us,UNH,,324.5299987792969,325.8500061035156,317.6199951171875,319.04998779296875,10773800,Yahoo Finance daily
2025-11-25,us,UNH,,321.1199951171875,328.0,320.8999938964844,326.2799987792969,6149100,Yahoo Finance daily
2025-11-26,us,UNH,,326.5899963378906,335.19000244140625,325.8900146484375,329.7099914550781,5504200,Yahoo Finance daily
2025-11-28,us,UNH,,331.6700134277344,332.0599975585937,328.8900146484375,329.7699890136719,2464500,Yahoo Finance daily
2025-12-01,us,UNH,,327.1600036621094,330.0599975585937,323.0299987792969,323.2099914550781,6154600,Yahoo Finance daily
2025-12-02,us,UNH,,323.3699951171875,328.70001220703125,322.79998779296875,324.5400085449219,7978100,Yahoo Finance daily
2025-12-03,us,UNH,,326.0,341.4100036621094,325.010009765625,339.7099914550781,9770000,Yahoo Finance daily
2025-12-04,us,UNH,,339.3999938964844,341.260009765625,328.7200012207031,333.489990234375,8061600,Yahoo Finance daily
2025-12-05,us,UNH,,335.0,335.7099914550781,328.510009765625,330.9100036621094,5906000,Yahoo Finance daily
2025-12-08,us,UNH,,328.70001220703125,329.1000061035156,322.8299865722656,323.6199951171875,4782800,Yahoo Finance daily
2025-12-09,us,UNH,,323.1600036621094,326.3599853515625,322.4800109863281,323.6000061035156,4628400,Yahoo Finance daily
2025-12-10,us,UNH,,322.75,328.7300109863281,319.6000061035156,328.3699951171875,5910500,Yahoo Finance daily
2025-12-11,us,UNH,,330.3699951171875,339.25,328.760009765625,336.7300109863281,7513200,Yahoo Finance daily
2025-12-12,us,UNH,,337.5,344.9800109863281,337.3699951171875,341.8399963378906,7979000,Yahoo Finance daily
2025-12-15,us,UNH,,340.989990234375,344.9599914550781,337.0,341.1000061035156,6447200,Yahoo Finance daily
2025-12-16,us,UNH,,340.4200134277344,340.989990234375,331.0299987792969,334.20001220703125,6334000,Yahoo Finance daily
2025-12-17,us,UNH,,333.6099853515625,335.5199890136719,330.4800109863281,331.6300048828125,4685600,Yahoo Finance daily
2025-12-18,us,UNH,,328.92999267578125,330.17999267578125,324.57000732421875,328.1400146484375,6354900,Yahoo Finance daily
2025-12-19,us,UNH,,328.0599975585937,334.6000061035156,326.07000732421875,327.4200134277344,10553000,Yahoo Finance daily
2025-12-22,us,UNH,,322.8999938964844,329.79998779296875,321.6499938964844,325.1600036621094,7872400,Yahoo Finance daily
2025-12-23,us,UNH,,324.0,327.79998779296875,323.760009765625,324.79998779296875,4463300,Yahoo Finance daily
2025-12-24,us,UNH,,325.20001220703125,328.989990234375,324.1300048828125,327.5799865722656,2842700,Yahoo Finance daily
2025-12-26,us,UNH,,327.20001220703125,331.8900146484375,326.260009765625,331.8299865722656,4359300,Yahoo Finance daily
2025-12-29,us,UNH,,330.8900146484375,334.25,328.2799987792969,328.94000244140625,4346800,Yahoo Finance daily
2025-12-30,us,UNH,,329.7300109863281,336.1499938964844,329.510009765625,332.1600036621094,4432500,Yahoo Finance daily
2025-12-31,us,UNH,,332.32000732421875,333.3299865722656,329.8800048828125,330.1099853515625,4285200,Yahoo Finance daily
2026-01-02,us,UNH,,330.8999938964844,340.260009765625,327.5,336.3999938964844,6863600,Yahoo Finance daily
2026-01-05,us,UNH,,335.45001220703125,346.94000244140625,333.8500061035156,342.0199890136719,7956600,Yahoo Finance daily
2026-01-06,us,UNH,,348.3500061035156,352.6099853515625,345.1199951171875,348.9700012207031,9441900,Yahoo Finance daily
2026-01-07,us,UNH,,348.9800109863281,350.1099853515625,338.0400085449219,341.70001220703125,7461400,Yahoo Finance daily
2026-01-08,us,UNH,,341.010009765625,347.8999938964844,340.79998779296875,346.8500061035156,5059300,Yahoo Finance daily
2026-01-09,us,UNH,,347.25,349.0599975585937,342.4800109863281,343.9800109863281,4129100,Yahoo Finance daily
2026-01-12,us,UNH,,341.4200134277344,342.6499938964844,333.94000244140625,340.510009765625,7146400,Yahoo Finance daily
2026-01-13,us,UNH,,341.5,341.8399963378906,332.8500061035156,333.92999267578125,5605900,Yahoo Finance daily
2026-01-14,us,UNH,,335.3699951171875,340.1099853515625,334.1000061035156,334.9599914550781,5740900,Yahoo Finance daily
2026-01-15,us,UNH,,335.20001220703125,339.45001220703125,328.0599975585937,338.9599914550781,6943500,Yahoo Finance daily
2026-01-16,us,UNH,,334.8599853515625,336.20001220703125,330.42999267578125,331.0199890136719,8039100,Yahoo Finance daily
2026-01-20,us,UNH,,327.3999938964844,339.8900146484375,326.5,338.42999267578125,7596500,Yahoo Finance daily
2026-01-21,us,UNH,,339.42999267578125,348.0799865722656,338.69000244140625,347.75,8933300,Yahoo Finance daily
2026-01-22,us,UNH,,347.17999267578125,354.95001220703125,346.7699890136719,354.4700012207031,7491400,Yahoo Finance daily
2026-01-23,us,UNH,,354.2799987792969,357.8699951171875,352.989990234375,356.260009765625,9082200,Yahoo Finance daily
2026-01-26,us,UNH,,353.95001220703125,354.7900085449219,347.2699890136719,351.6400146484375,10399500,Yahoo Finance daily
2026-01-27,us,UNH,,293.9700012207031,299.5,280.3999938964844,282.70001220703125,65836900,Yahoo Finance daily
2026-01-28,us,UNH,,283.7200012207031,294.94000244140625,283.7200012207031,294.0199890136719,23396900,Yahoo Finance daily
2026-01-29,us,UNH,,294.3299865722656,295.6000061035156,289.2200012207031,292.2900085449219,13456400,Yahoo Finance daily
2026-01-30,us,UNH,,292.1000061035156,292.95001220703125,284.70001220703125,286.92999267578125,12022200,Yahoo Finance daily
2026-02-02,us,UNH,,286.0199890136719,290.3999938964844,282.2799987792969,285.5899963378906,8664200,Yahoo Finance daily
2026-02-03,us,UNH,,284.70001220703125,288.0899963378906,278.6000061035156,284.17999267578125,10809100,Yahoo Finance daily
2026-02-04,us,UNH,,282.010009765625,284.5,274.04998779296875,275.9200134277344,12944100,Yahoo Finance daily
2026-02-05,us,UNH,,274.2900085449219,276.8900146484375,266.2900085449219,268.54998779296875,13035300,Yahoo Finance daily
2026-02-06,us,UNH,,267.0599975585937,277.8099975585937,266.4100036621094,276.6499938964844,9572800,Yahoo Finance daily
2026-02-09,us,UNH,,274.1499938964844,280.17999267578125,273.32000732421875,275.70001220703125,10371600,Yahoo Finance daily
2026-02-10,us,UNH,,277.5199890136719,279.489990234375,272.6499938964844,273.2200012207031,7284700,Yahoo Finance daily
2026-02-11,us,UNH,,272.44000244140625,279.69000244140625,269.79998779296875,278.9100036621094,6333100,Yahoo Finance daily
2026-02-12,us,UNH,,278.1600036621094,286.3099975585937,275.8099975585937,284.3699951171875,12336900,Yahoo Finance daily
2026-02-13,us,UNH,,285.6300048828125,293.4599914550781,284.510009765625,293.19000244140625,10281900,Yahoo Finance daily
2026-02-17,us,UNH,,294.0,294.2300109863281,288.3399963378906,289.0899963378906,6091700,Yahoo Finance daily
2026-02-18,us,UNH,,290.0,290.1300048828125,286.2900085449219,288.20001220703125,6632000,Yahoo Finance daily
2026-02-19,us,UNH,,290.8900146484375,290.8900146484375,286.8900146484375,289.92999267578125,4931800,Yahoo Finance daily
2026-02-20,us,UNH,,288.8999938964844,290.79998779296875,285.54998779296875,290.0,6974100,Yahoo Finance daily
2026-02-23,us,UNH,,288.54998779296875,291.7699890136719,281.6700134277344,282.3399963378906,7247500,Yahoo Finance daily
2026-02-24,us,UNH,,282.20001220703125,282.3999938964844,271.79998779296875,273.95001220703125,9684500,Yahoo Finance daily
2026-02-25,us,UNH,,277.2900085449219,284.739990234375,276.8699951171875,284.20001220703125,11380600,Yahoo Finance daily
2026-02-26,us,UNH,,286.9800109863281,295.260009765625,285.2300109863281,286.6600036621094,10210000,Yahoo Finance daily
2026-02-27,us,UNH,,284.70001220703125,294.1300048828125,283.8500061035156,293.2699890136719,9723300,Yahoo Finance daily
2026-03-02,us,UNH,,288.1600036621094,295.3099975585937,287.5,294.92999267578125,8141400,Yahoo Finance daily
2026-03-03,us,UNH,,288.989990234375,293.739990234375,284.3599853515625,289.2099914550781,7051100,Yahoo Finance daily
2026-03-04,us,UNH,,289.010009765625,294.3399963378906,287.67999267578125,291.9599914550781,7796000,Yahoo Finance daily
2026-03-05,us,UNH,,290.04998779296875,291.3900146484375,286.739990234375,288.7699890136719,5397900,Yahoo Finance daily
2026-03-06,us,UNH,,287.3399963378906,291.3299865722656,283.04998779296875,286.4800109863281,6816900,Yahoo Finance daily
2026-03-09,us,UNH,,282.0,285.20001220703125,278.6600036621094,285.1700134277344,10348800,Yahoo Finance daily
2026-03-10,us,UNH,,287.3800048828125,287.5799865722656,278.8999938964844,282.3399963378906,6075600,Yahoo Finance daily
2026-03-11,us,UNH,,282.3800048828125,286.2200012207031,280.6000061035156,285.25,6878800,Yahoo Finance daily
2026-03-12,us,UNH,,284.7799987792969,287.5599975585937,276.2900085449219,277.04998779296875,10512300,Yahoo Finance daily
2026-03-13,us,UNH,,278.0599975585937,282.8800048828125,277.8099975585937,282.0899963378906,4737600,Yahoo Finance daily
2026-03-16,us,UNH,,283.9800109863281,287.3999938964844,281.0400085449219,285.489990234375,4854000,Yahoo Finance daily
2026-03-17,us,UNH,,287.79998779296875,288.989990234375,284.8399963378906,287.57000732421875,5752000,Yahoo Finance daily
2026-03-18,us,UNH,,285.20001220703125,288.3999938964844,283.07000732421875,284.3299865722656,4544100,Yahoo Finance daily
2026-03-19,us,UNH,,284.0,287.54998779296875,280.07000732421875,280.44000244140625,5542100,Yahoo Finance daily
2026-03-20,us,UNH,,278.989990234375,283.1000061035156,275.0,275.5899963378906,38893000,Yahoo Finance daily
2026-03-23,us,UNH,,279.1400146484375,280.75,269.0899963378906,269.5400085449219,10424200,Yahoo Finance daily
2026-03-24,us,UNH,,268.8699951171875,273.3800048828125,267.5899963378906,272.2799987792969,5911700,Yahoo Finance daily
2026-03-25,us,UNH,,275.0,276.0799865722656,267.1099853515625,270.54998779296875,8121200,Yahoo Finance daily
2026-03-26,us,UNH,,269.989990234375,274.6400146484375,267.17999267578125,268.04998779296875,6218800,Yahoo Finance daily
2026-03-27,us,UNH,,267.5,267.6700134277344,255.97000122070312,259.0199890136719,10735300,Yahoo Finance daily
2026-03-30,us,UNH,,260.17999267578125,262.3299865722656,256.6700134277344,261.7900085449219,7774700,Yahoo Finance daily
2026-03-31,us,UNH,,263.0,271.8800048828125,262.6099853515625,270.5899963378906,9170800,Yahoo Finance daily
2026-04-01,us,UNH,,274.2099914550781,275.29998779296875,270.760009765625,273.9800109863281,5473400,Yahoo Finance daily
2026-04-02,us,UNH,,272.2900085449219,279.0400085449219,271.5299987792969,277.260009765625,6407000,Yahoo Finance daily
2026-04-06,us,UNH,,277.8800048828125,283.29998779296875,277.25,281.3599853515625,7097000,Yahoo Finance daily
2026-04-07,us,UNH,,308.8500061035156,312.42999267578125,300.75,307.7300109863281,22099800,Yahoo Finance daily
2026-04-08,us,UNH,,312.0,312.9700012207031,304.8299865722656,305.9800109863281,9645000,Yahoo Finance daily
2026-04-09,us,UNH,,305.82000732421875,307.8900146484375,304.1400146484375,306.9100036621094,5742000,Yahoo Finance daily
2026-04-10,us,UNH,,307.95001220703125,310.3699951171875,304.20001220703125,304.3299865722656,5212900,Yahoo Finance daily
2026-04-13,us,UNH,,303.25,313.32000732421875,302.9200134277344,313.0,7972200,Yahoo Finance daily
2026-04-14,us,UNH,,312.510009765625,319.6199951171875,312.510009765625,314.19000244140625,5864500,Yahoo Finance daily
2026-04-15,us,UNH,,316.0,317.760009765625,311.1499938964844,314.04998779296875,5041200,Yahoo Finance daily
2026-04-16,us,UNH,,315.0,318.6099853515625,313.1099853515625,316.3999938964844,5205600,Yahoo Finance daily
2026-04-17,us,UNH,,320.04998779296875,325.2699890136719,317.1400146484375,324.6300048828125,9414700,Yahoo Finance daily
2026-04-20,us,UNH,,324.19000244140625,325.3999938964844,320.1199951171875,323.4800109863281,9050600,Yahoo Finance daily
2026-04-21,us,UNH,,353.010009765625,357.67999267578125,345.2300109863281,346.010009765625,26097300,Yahoo Finance daily
2026-04-22,us,UNH,,350.8800048828125,358.5599975585937,349.1000061035156,353.5199890136719,11807300,Yahoo Finance daily
2026-04-23,us,UNH,,354.67999267578125,356.8500061035156,350.5,354.5599975585937,7255800,Yahoo Finance daily
2026-04-24,us,UNH,,356.489990234375,358.2799987792969,351.3900146484375,354.9200134277344,8554600,Yahoo Finance daily
2026-04-27,us,UNH,,353.9100036621094,356.489990234375,348.95001220703125,354.69000244140625,7256100,Yahoo Finance daily
2026-04-28,us,UNH,,356.8399963378906,369.6300048828125,355.7200012207031,366.7699890136719,10604100,Yahoo Finance daily
2026-04-29,us,UNH,,366.0,370.8399963378906,365.010009765625,370.739990234375,9046600,Yahoo Finance daily
2026-04-30,us,UNH,,368.510009765625,371.989990234375,363.0,370.4800109863281,6879900,Yahoo Finance daily
2026-05-01,us,UNH,,371.9599914550781,372.8999938964844,367.0199890136719,368.7799987792969,4945400,Yahoo Finance daily
2026-05-04,us,UNH,,368.5499877929688,370.8299865722656,364.6499938964844,370.75,4916900,Yahoo Finance daily
2026-05-05,us,UNH,,370.4800109863281,371.7999877929688,361.80999755859375,363.8699951171875,6489000,Yahoo Finance daily
2026-05-06,us,UNH,,363.1000061035156,368.5499877929688,358.25,367.2799987792969,6695500,Yahoo Finance daily
2026-05-07,us,UNH,,366.6400146484375,369.80999755859375,364.7200012207031,369.739990234375,5235400,Yahoo Finance daily
2026-05-08,us,UNH,,371.989990234375,379.9800109863281,371.989990234375,379.9800109863281,6455100,Yahoo Finance daily
2026-05-11,us,UNH,,380.4500122070313,384.80999755859375,376.0700073242188,384.4400024414063,6949600,Yahoo Finance daily
2026-05-12,us,UNH,,382.8500061035156,397.4200134277344,382.010009765625,396.3900146484375,9236300,Yahoo Finance daily
2026-05-13,us,UNH,,396.5,404.1499938964844,393.0,401.1600036621094,8454100,Yahoo Finance daily
2026-05-14,us,UNH,,401.0,401.8999938964844,396.0,399.0899963378906,5342500,Yahoo Finance daily
2026-05-15,us,UNH,,394.2999877929688,397.6300048828125,390.25,393.8500061035156,9811200,Yahoo Finance daily
2026-05-18,us,UNH,,390.0,392.1400146484375,383.5,391.1300048828125,8400700,Yahoo Finance daily
2026-05-19,us,UNH,,390.0,394.989990234375,387.510009765625,389.239990234375,5016800,Yahoo Finance daily
2026-05-20,us,UNH,,389.5499877929688,393.3800048828125,380.7000122070313,383.2999877929688,7783900,Yahoo Finance daily
2026-05-21,us,UNH,,381.1199951171875,386.1099853515625,380.5400085449219,382.4800109863281,4732500,Yahoo Finance daily
2026-05-22,us,UNH,,381.9200134277344,390.5400085449219,381.010009765625,388.4700012207031,5598600,Yahoo Finance daily
2026-05-26,us,UNH,,386.0,386.5199890136719,376.4100036621094,376.8599853515625,6498100,Yahoo Finance daily
2026-05-27,us,UNH,,378.4299926757813,384.5299987792969,377.0899963378906,384.010009765625,4544000,Yahoo Finance daily
2026-05-28,us,UNH,,384.9599914550781,389.260009765625,380.9599914550781,382.5299987792969,4330800,Yahoo Finance daily
2026-05-29,us,UNH,,383.7799987792969,385.1199951171875,375.4500122070313,380.30999755859375,10257900,Yahoo Finance daily
2026-06-01,us,UNH,,376.1099853515625,383.3500061035156,375.9200134277344,379.8599853515625,6623700,Yahoo Finance daily
2026-06-02,us,UNH,,377.9800109863281,380.0799865722656,374.7200012207031,377.9200134277344,3874400,Yahoo Finance daily
2026-06-03,us,UNH,,380.0,387.4599914550781,376.80999755859375,377.0,6808400,Yahoo Finance daily
2026-06-04,us,UNH,,390.0,401.3800048828125,389.8200073242188,396.4700012207031,12666100,Yahoo Finance daily
2026-06-05,us,UNH,,399.5400085449219,404.0400085449219,397.2000122070313,399.4700012207031,10897300,Yahoo Finance daily
2026-06-08,us,UNH,,397.1300048828125,408.7099914550781,394.989990234375,406.5700073242188,6963200,Yahoo Finance daily
2026-06-09,us,UNH,,409.989990234375,413.0,407.4400024414063,413.0,8590400,Yahoo Finance daily
2026-06-10,us,UNH,,413.5,415.9800109863281,404.5499877929688,407.4599914550781,6512900,Yahoo Finance daily
2026-06-11,us,UNH,,408.7099914550781,409.9800109863281,403.1099853515625,405.5499877929688,4938100,Yahoo Finance daily
2026-06-12,us,UNH,,409.010009765625,409.8900146484375,404.80999755859375,408.5199890136719,7269600,Yahoo Finance daily
2026-06-15,us,UNH,,406.7000122070313,414.1600036621094,399.6499938964844,411.0400085449219,6777900,Yahoo Finance daily
2026-06-16,us,UNH,,410.6799926757813,411.75,406.5400085449219,407.6499938964844,4815100,Yahoo Finance daily
2026-06-17,us,UNH,,409.1199951171875,411.1600036621094,398.5899963378906,399.5299987792969,5838800,Yahoo Finance daily
2026-06-18,us,UNH,,402.7699890136719,406.2000122070313,399.1499938964844,400.9599914550781,11896900,Yahoo Finance daily
2026-06-22,us,UNH,,402.1400146484375,409.4599914550781,402.1400146484375,406.6799926757813,5818600,Yahoo Finance daily
2026-06-23,us,UNH,,409.5199890136719,409.8999938964844,402.8399963378906,409.25,6675900,Yahoo Finance daily
2026-06-24,us,UNH,,410.5400085449219,413.4299926757813,400.0,405.7999877929688,6858800,Yahoo Finance daily
2026-06-25,us,UNH,,406.6499938964844,417.5799865722656,406.6499938964844,415.5299987792969,6014400,Yahoo Finance daily
2026-06-26,us,UNH,,416.1600036621094,427.9299926757813,416.1600036621094,427.8900146484375,10588200,Yahoo Finance daily
2026-06-29,us,UNH,,426.5299987792969,426.7000122070313,415.80999755859375,419.8200073242188,5167400,Yahoo Finance daily
2026-06-30,us,UNH,,422.7200012207031,422.739990234375,413.25,415.6300048828125,5779800,Yahoo Finance daily
2026-07-01,us,UNH,,417.1099853515625,428.0199890136719,413.7300109863281,426.5400085449219,4985900,Yahoo Finance daily
2026-07-02,us,UNH,,428.1300048828125,430.2000122070313,420.5400085449219,425.3599853515625,3928800,Yahoo Finance daily
2026-07-06,us,UNH,,423.489990234375,424.4400024414063,415.0499877929688,417.989990234375,6379000,Yahoo Finance daily
2026-07-07,us,UNH,,423.9500122070313,428.6000061035156,422.1300048828125,428.1900024414063,5800500,Yahoo Finance daily
2026-07-08,,,,427.1499938964844,430.7699890136719,423.8299865722656,425.6000061035156,3859200,
2026-07-09,,,,427.1099853515625,434.29998779296875,423.5199890136719,431.67999267578125,5566000,
2026-07-10,,,,431.6700134277344,432.8599853515625,423.6499938964844,424.6199951171875,3798600,
2026-07-13,,,,426.4700012207031,431.54998779296875,425.5299987792969,429.0899963378906,3863800,
2026-07-14,,,,431.0,432.1499938964844,421.7900085449219,425.19000244140625,5135900,
2026-07-15,,,,419.489990234375,424.1099853515625,414.3699951171875,418.5199890136719,6764800,
2026-07-16,,,,449.3900146484375,461.6199951171875,420.3699951171875,423.3800048828125,13281900,
2026-07-17,,,,426.7200012207031,437.4700012207031,425.1000061035156,426.0899963378906,10718100,
2026-07-20,,,,427.25,431.0199890136719,417.3800048828125,421.54998779296875,4818800,
2026-07-21,,,,422.4800109863281,437.0,420.5,436.3500061035156,6833600,
2026-07-22,us,UNH,UNH,434.95001220703125,436.32000732421875,429.70001220703125,431.30999755859375,4231700,Yahoo Finance UNH
