date,market,symbol,open,high,low,close,volume,tradingValue,source,updatedAt
2018-08-02,us,VRT,9.979999542236328,9.989999771118164,9.979999542236328,9.989999771118164,21000,,Yahoo Finance daily,2026-07-22T16:59:02
2018-08-03,us,VRT,9.989999771118164,9.989999771118164,9.989999771118164,9.989999771118164,0,,Yahoo Finance daily,2026-07-22T16:59:02
2018-08-06,us,VRT,10.09000015258789,10.09000015258789,9.949999809265137,9.960000038146973,6600,,Yahoo Finance daily,2026-07-22T16:59:02
2018-08-07,us,VRT,9.949999809265137,9.949999809265137,9.949999809265137,9.949999809265137,500,,Yahoo Finance daily,2026-07-22T16:59:02
2018-08-08,us,VRT,9.949999809265137,9.949999809265137,9.949999809265137,9.949999809265137,0,,Yahoo Finance daily,2026-07-22T16:59:02
2018-08-09,us,VRT,9.899999618530273,9.899999618530273,9.899999618530273,9.899999618530273,500,,Yahoo Finance daily,2026-07-22T16:59:02
2018-08-10,us,VRT,9.899999618530273,10.359999656677246,9.850000381469727,9.850000381469727,4100,,Yahoo Finance daily,2026-07-22T16:59:02
2018-08-13,us,VRT,9.850000381469727,9.904999732971191,9.800000190734863,9.8100004196167,710800,,Yahoo Finance daily,2026-07-22T16:59:02
2018-08-14,us,VRT,10.75,10.770000457763672,9.800000190734863,9.800000190734863,50100,,Yahoo Finance daily,2026-07-22T16:59:02
2018-08-15,us,VRT,9.850000381469727,9.880000114440918,9.84000015258789,9.850000381469727,524700,,Yahoo Finance daily,2026-07-22T16:59:02
2018-08-16,us,VRT,9.850000381469727,9.859999656677246,9.850000381469727,9.859999656677246,22900,,Yahoo Finance daily,2026-07-22T16:59:02
2018-08-17,us,VRT,9.819999694824219,9.829999923706055,9.800000190734863,9.829999923706055,402100,,Yahoo Finance daily,2026-07-22T16:59:02
2018-08-20,us,VRT,9.829999923706055,9.829999923706055,9.829999923706055,9.829999923706055,0,,Yahoo Finance daily,2026-07-22T16:59:02
2018-08-21,us,VRT,9.800000190734863,9.800000190734863,9.800000190734863,9.800000190734863,2100,,Yahoo Finance daily,2026-07-22T16:59:02
2018-08-22,us,VRT,9.835000038146973,9.835000038146973,9.800000190734863,9.800000190734863,24800,,Yahoo Finance daily,2026-07-22T16:59:02
2018-08-23,us,VRT,9.8100004196167,9.850000381469727,9.75,9.8100004196167,334300,,Yahoo Finance daily,2026-07-22T16:59:02
2018-08-24,us,VRT,9.800000190734863,9.800000190734863,9.800000190734863,9.800000190734863,100000,,Yahoo Finance daily,2026-07-22T16:59:02
2018-08-27,us,VRT,9.800000190734863,9.800000190734863,9.75,9.75,2381000,,Yahoo Finance daily,2026-07-22T16:59:02
2018-08-28,us,VRT,9.760000228881836,9.760000228881836,9.720000267028809,9.75,685100,,Yahoo Finance daily,2026-07-22T16:59:02
2018-08-29,us,VRT,9.79699993133545,9.800000190734863,9.770000457763672,9.800000190734863,52600,,Yahoo Finance daily,2026-07-22T16:59:02
2018-08-30,us,VRT,9.800000190734863,9.800000190734863,9.800000190734863,9.800000190734863,300,,Yahoo Finance daily,2026-07-22T16:59:02
2018-08-31,us,VRT,9.75,9.800000190734863,9.729999542236328,9.729999542236328,10600,,Yahoo Finance daily,2026-07-22T16:59:02
2018-09-04,us,VRT,9.789999961853027,9.789999961853027,9.789999961853027,9.789999961853027,100,,Yahoo Finance daily,2026-07-22T16:59:02
2018-09-05,us,VRT,9.75,9.800000190734863,9.75,9.800000190734863,2100,,Yahoo Finance daily,2026-07-22T16:59:02
2018-09-06,us,VRT,9.800000190734863,9.800000190734863,9.800000190734863,9.800000190734863,3800,,Yahoo Finance daily,2026-07-22T16:59:02
2018-09-07,us,VRT,9.779999732971191,9.779999732971191,9.779999732971191,9.779999732971191,4300,,Yahoo Finance daily,2026-07-22T16:59:02
2018-09-10,us,VRT,9.75,9.869999885559082,9.75,9.869999885559082,125100,,Yahoo Finance daily,2026-07-22T16:59:02
2018-09-11,us,VRT,9.75,9.75,9.739999771118164,9.75,179800,,Yahoo Finance daily,2026-07-22T16:59:02
2018-09-12,us,VRT,9.75,9.800000190734863,9.75,9.800000190734863,483000,,Yahoo Finance daily,2026-07-22T16:59:02
2018-09-13,us,VRT,9.800000190734863,9.800000190734863,9.800000190734863,9.800000190734863,0,,Yahoo Finance daily,2026-07-22T16:59:02
2018-09-14,us,VRT,9.734999656677246,9.800000190734863,9.734999656677246,9.800000190734863,600,,Yahoo Finance daily,2026-07-22T16:59:02
2018-09-17,us,VRT,9.84000015258789,9.84000015258789,9.75,9.75,264600,,Yahoo Finance daily,2026-07-22T16:59:02
2018-09-18,us,VRT,9.770000457763672,9.770000457763672,9.75,9.770000457763672,7200,,Yahoo Finance daily,2026-07-22T16:59:02
2018-09-19,us,VRT,9.779999732971191,9.84000015258789,9.770000457763672,9.779999732971191,280800,,Yahoo Finance daily,2026-07-22T16:59:02
2018-09-20,us,VRT,9.75,9.779999732971191,9.729999542236328,9.729999542236328,47900,,Yahoo Finance daily,2026-07-22T16:59:02
2018-09-21,us,VRT,9.75,9.770000457763672,9.75,9.75,74300,,Yahoo Finance daily,2026-07-22T16:59:02
2018-09-24,us,VRT,9.779999732971191,9.779999732971191,9.770000457763672,9.770000457763672,400,,Yahoo Finance daily,2026-07-22T16:59:02
2018-09-25,us,VRT,9.741000175476074,9.770000457763672,9.741000175476074,9.770000457763672,47300,,Yahoo Finance daily,2026-07-22T16:59:02
2018-09-26,us,VRT,9.75,9.75,9.74899959564209,9.74899959564209,2300,,Yahoo Finance daily,2026-07-22T16:59:02
2018-09-27,us,VRT,9.75,9.770000457763672,9.75,9.75,9000,,Yahoo Finance daily,2026-07-22T16:59:02
2018-09-28,us,VRT,9.75,9.770000457763672,9.729999542236328,9.75,65400,,Yahoo Finance daily,2026-07-22T16:59:02
2018-10-01,us,VRT,9.74899959564209,9.75,9.71500015258789,9.75,8200,,Yahoo Finance daily,2026-07-22T16:59:02
2018-10-02,us,VRT,9.729999542236328,9.760000228881836,9.720000267028809,9.729999542236328,359600,,Yahoo Finance daily,2026-07-22T16:59:02
2018-10-03,us,VRT,9.732999801635742,9.732999801635742,9.732999801635742,9.732999801635742,800,,Yahoo Finance daily,2026-07-22T16:59:02
2018-10-04,us,VRT,9.739999771118164,9.760000228881836,9.720000267028809,9.760000228881836,62800,,Yahoo Finance daily,2026-07-22T16:59:02
2018-10-05,us,VRT,9.760000228881836,9.760000228881836,9.720000267028809,9.720000267028809,41300,,Yahoo Finance daily,2026-07-22T16:59:02
2018-10-08,us,VRT,9.720000267028809,9.75,9.720000267028809,9.75,2000,,Yahoo Finance daily,2026-07-22T16:59:02
2018-10-09,us,VRT,9.779999732971191,9.779999732971191,9.720000267028809,9.720000267028809,3300,,Yahoo Finance daily,2026-07-22T16:59:02
2018-10-10,us,VRT,9.720000267028809,9.739999771118164,9.699999809265137,9.739999771118164,391300,,Yahoo Finance daily,2026-07-22T16:59:02
2018-10-11,us,VRT,9.739999771118164,9.739999771118164,9.704999923706055,9.739999771118164,15900,,Yahoo Finance daily,2026-07-22T16:59:02
2018-10-12,us,VRT,9.729999542236328,9.75,9.729999542236328,9.75,284400,,Yahoo Finance daily,2026-07-22T16:59:02
2018-10-15,us,VRT,9.699999809265137,9.75,9.699999809265137,9.729999542236328,6200,,Yahoo Finance daily,2026-07-22T16:59:02
2018-10-16,us,VRT,9.75,9.75,9.699999809265137,9.739999771118164,10100,,Yahoo Finance daily,2026-07-22T16:59:02
2018-10-17,us,VRT,9.729999542236328,9.75,9.729999542236328,9.75,19000,,Yahoo Finance daily,2026-07-22T16:59:02
2018-10-18,us,VRT,9.756999969482422,9.760000228881836,9.756999969482422,9.760000228881836,400,,Yahoo Finance daily,2026-07-22T16:59:02
2018-10-19,us,VRT,9.770000457763672,9.819999694824219,9.739999771118164,9.819999694824219,2600,,Yahoo Finance daily,2026-07-22T16:59:02
2018-10-22,us,VRT,9.800000190734863,9.800000190734863,9.75,9.75,4900,,Yahoo Finance daily,2026-07-22T16:59:02
2018-10-23,us,VRT,9.760000228881836,9.760000228881836,9.70300006866455,9.760000228881836,1300,,Yahoo Finance daily,2026-07-22T16:59:02
2018-10-24,us,VRT,9.75,9.75,9.699999809265137,9.699999809265137,2600,,Yahoo Finance daily,2026-07-22T16:59:02
2018-10-25,us,VRT,9.699999809265137,9.760000228881836,9.699999809265137,9.760000228881836,700,,Yahoo Finance daily,2026-07-22T16:59:02
2018-10-26,us,VRT,9.75,9.75,9.699999809265137,9.699999809265137,5300,,Yahoo Finance daily,2026-07-22T16:59:02
2018-10-29,us,VRT,9.75,9.75,9.75,9.75,1000,,Yahoo Finance daily,2026-07-22T16:59:02
2018-10-30,us,VRT,9.767000198364258,9.767000198364258,9.739999771118164,9.739999771118164,8900,,Yahoo Finance daily,2026-07-22T16:59:02
2018-10-31,us,VRT,9.760000228881836,9.760000228881836,9.710000038146973,9.710000038146973,1000,,Yahoo Finance daily,2026-07-22T16:59:02
2018-11-01,us,VRT,9.710000038146973,9.710000038146973,9.710000038146973,9.710000038146973,100,,Yahoo Finance daily,2026-07-22T16:59:02
2018-11-02,us,VRT,9.760000228881836,9.760000228881836,9.710000038146973,9.75,1200,,Yahoo Finance daily,2026-07-22T16:59:02
2018-11-05,us,VRT,9.850000381469727,9.850000381469727,9.720000267028809,9.720000267028809,13800,,Yahoo Finance daily,2026-07-22T16:59:02
2018-11-06,us,VRT,9.770000457763672,9.770000457763672,9.699999809265137,9.770000457763672,4100,,Yahoo Finance daily,2026-07-22T16:59:02
2018-11-07,us,VRT,9.779999732971191,9.819999694824219,9.699999809265137,9.699999809265137,69300,,Yahoo Finance daily,2026-07-22T16:59:02
2018-11-08,us,VRT,9.75,9.850000381469727,9.699999809265137,9.699999809265137,279700,,Yahoo Finance daily,2026-07-22T16:59:02
2018-11-09,us,VRT,9.699999809265137,9.850000381469727,9.699999809265137,9.84000015258789,15300,,Yahoo Finance daily,2026-07-22T16:59:02
2018-11-12,us,VRT,9.838000297546387,9.850000381469727,9.829999923706055,9.829999923706055,3200,,Yahoo Finance daily,2026-07-22T16:59:02
2018-11-13,us,VRT,9.84000015258789,9.84000015258789,9.75,9.75,500,,Yahoo Finance daily,2026-07-22T16:59:02
2018-11-14,us,VRT,9.829999923706055,9.850000381469727,9.800000190734863,9.800000190734863,63900,,Yahoo Finance daily,2026-07-22T16:59:02
2018-11-15,us,VRT,9.800000190734863,9.850000381469727,9.800000190734863,9.800000190734863,1200,,Yahoo Finance daily,2026-07-22T16:59:02
2018-11-16,us,VRT,9.850000381469727,9.850000381469727,9.850000381469727,9.850000381469727,300,,Yahoo Finance daily,2026-07-22T16:59:02
2018-11-19,us,VRT,9.822999954223633,9.84000015258789,9.75,9.75,119400,,Yahoo Finance daily,2026-07-22T16:59:02
2018-11-20,us,VRT,9.84000015258789,9.84000015258789,9.8100004196167,9.8100004196167,7600,,Yahoo Finance daily,2026-07-22T16:59:02
2018-11-21,us,VRT,9.829999923706055,9.829999923706055,9.75,9.75,8800,,Yahoo Finance daily,2026-07-22T16:59:02
2018-11-23,us,VRT,9.829999923706055,9.829999923706055,9.8100004196167,9.829999923706055,900,,Yahoo Finance daily,2026-07-22T16:59:02
2018-11-26,us,VRT,9.829999923706055,9.829999923706055,9.75,9.75,15700,,Yahoo Finance daily,2026-07-22T16:59:02
2018-11-27,us,VRT,9.829999923706055,10.0600004196167,9.829999923706055,10.0600004196167,11300,,Yahoo Finance daily,2026-07-22T16:59:02
2018-11-28,us,VRT,9.850000381469727,9.859999656677246,9.8100004196167,9.8100004196167,2000,,Yahoo Finance daily,2026-07-22T16:59:02
2018-11-29,us,VRT,10.0,10.0,9.8100004196167,9.869999885559082,4300,,Yahoo Finance daily,2026-07-22T16:59:02
2018-11-30,us,VRT,9.869999885559082,9.869999885559082,9.850000381469727,9.850000381469727,2100,,Yahoo Finance daily,2026-07-22T16:59:02
2018-12-03,us,VRT,9.880000114440918,9.899999618530273,9.819999694824219,9.819999694824219,19700,,Yahoo Finance daily,2026-07-22T16:59:02
2018-12-04,us,VRT,9.979999542236328,10.0,9.819999694824219,9.819999694824219,1100,,Yahoo Finance daily,2026-07-22T16:59:02
2018-12-06,us,VRT,9.949999809265137,9.949999809265137,9.84000015258789,9.850000381469727,50500,,Yahoo Finance daily,2026-07-22T16:59:02
2018-12-07,us,VRT,9.850000381469727,9.850000381469727,9.760000228881836,9.779999732971191,62800,,Yahoo Finance daily,2026-07-22T16:59:02
2018-12-10,us,VRT,9.819999694824219,9.880000114440918,9.819999694824219,9.880000114440918,27000,,Yahoo Finance daily,2026-07-22T16:59:02
2018-12-11,us,VRT,9.859999656677246,9.864999771118164,9.805000305175781,9.850000381469727,52300,,Yahoo Finance daily,2026-07-22T16:59:02
2018-12-12,us,VRT,9.850000381469727,9.869999885559082,9.819999694824219,9.869999885559082,51100,,Yahoo Finance daily,2026-07-22T16:59:02
2018-12-13,us,VRT,9.829999923706055,9.859999656677246,9.800000190734863,9.800000190734863,20200,,Yahoo Finance daily,2026-07-22T16:59:02
2018-12-14,us,VRT,9.699999809265137,9.850000381469727,9.699999809265137,9.720000267028809,45700,,Yahoo Finance daily,2026-07-22T16:59:02
2018-12-17,us,VRT,9.75,9.84000015258789,9.75,9.75,2200,,Yahoo Finance daily,2026-07-22T16:59:02
2018-12-18,us,VRT,9.850000381469727,9.850000381469727,9.75,9.75,42700,,Yahoo Finance daily,2026-07-22T16:59:02
2018-12-19,us,VRT,9.829999923706055,9.829999923706055,9.8100004196167,9.819999694824219,10700,,Yahoo Finance daily,2026-07-22T16:59:02
2018-12-20,us,VRT,9.819999694824219,9.819999694824219,9.800000190734863,9.800000190734863,6800,,Yahoo Finance daily,2026-07-22T16:59:02
2018-12-21,us,VRT,9.800000190734863,9.800000190734863,9.800000190734863,9.800000190734863,212100,,Yahoo Finance daily,2026-07-22T16:59:02
2018-12-24,us,VRT,9.800000190734863,9.800000190734863,9.800000190734863,9.800000190734863,100,,Yahoo Finance daily,2026-07-22T16:59:02
2018-12-26,us,VRT,9.84000015258789,9.84000015258789,9.800000190734863,9.800000190734863,2300,,Yahoo Finance daily,2026-07-22T16:59:02
2018-12-27,us,VRT,9.789999961853027,9.800000190734863,9.729999542236328,9.729999542236328,2800,,Yahoo Finance daily,2026-07-22T16:59:02
2018-12-28,us,VRT,9.829999923706055,9.829999923706055,9.729999542236328,9.729999542236328,8600,,Yahoo Finance daily,2026-07-22T16:59:02
2018-12-31,us,VRT,9.770000457763672,9.800000190734863,9.729999542236328,9.800000190734863,21400,,Yahoo Finance daily,2026-07-22T16:59:02
2019-01-02,us,VRT,9.75,9.829999923706055,9.75,9.75,2300,,Yahoo Finance daily,2026-07-22T16:59:02
2019-01-03,us,VRT,9.75,9.8100004196167,9.75,9.75,1800,,Yahoo Finance daily,2026-07-22T16:59:02
2019-01-04,us,VRT,9.75,9.789999961853027,9.75,9.779999732971191,16000,,Yahoo Finance daily,2026-07-22T16:59:02
2019-01-07,us,VRT,9.779999732971191,9.84000015258789,9.779999732971191,9.8100004196167,18400,,Yahoo Finance daily,2026-07-22T16:59:02
2019-01-08,us,VRT,9.850000381469727,9.880000114440918,9.760000228881836,9.800000190734863,221400,,Yahoo Finance daily,2026-07-22T16:59:02
2019-01-09,us,VRT,9.8100004196167,9.84000015258789,9.779999732971191,9.819999694824219,25400,,Yahoo Finance daily,2026-07-22T16:59:02
2019-01-10,us,VRT,9.800000190734863,9.850000381469727,9.770000457763672,9.770000457763672,39900,,Yahoo Finance daily,2026-07-22T16:59:02
2019-01-11,us,VRT,9.850000381469727,9.850000381469727,9.770000457763672,9.84000015258789,35000,,Yahoo Finance daily,2026-07-22T16:59:02
2019-01-14,us,VRT,9.760000228881836,9.850000381469727,9.760000228881836,9.829999923706055,27100,,Yahoo Finance daily,2026-07-22T16:59:02
2019-01-15,us,VRT,9.84000015258789,9.850000381469727,9.791000366210938,9.850000381469727,16300,,Yahoo Finance daily,2026-07-22T16:59:02
2019-01-16,us,VRT,9.850000381469727,9.859999656677246,9.8100004196167,9.8100004196167,21600,,Yahoo Finance daily,2026-07-22T16:59:02
2019-01-17,us,VRT,9.850000381469727,9.850000381469727,9.8100004196167,9.850000381469727,400,,Yahoo Finance daily,2026-07-22T16:59:02
2019-01-18,us,VRT,9.845999717712402,9.850000381469727,9.819999694824219,9.850000381469727,326000,,Yahoo Finance daily,2026-07-22T16:59:02
2019-01-22,us,VRT,9.84000015258789,9.85099983215332,9.800000190734863,9.829999923706055,426900,,Yahoo Finance daily,2026-07-22T16:59:02
2019-01-23,us,VRT,9.869999885559082,9.880000114440918,9.869999885559082,9.880000114440918,400,,Yahoo Finance daily,2026-07-22T16:59:02
2019-01-24,us,VRT,9.819999694824219,9.869999885559082,9.819999694824219,9.869999885559082,395600,,Yahoo Finance daily,2026-07-22T16:59:02
2019-01-25,us,VRT,9.850000381469727,9.869999885559082,9.850000381469727,9.859999656677246,101100,,Yahoo Finance daily,2026-07-22T16:59:02
2019-01-28,us,VRT,9.859999656677246,9.880000114440918,9.859999656677246,9.869999885559082,103800,,Yahoo Finance daily,2026-07-22T16:59:02
2019-01-29,us,VRT,9.869999885559082,9.899999618530273,9.859999656677246,9.859999656677246,2400,,Yahoo Finance daily,2026-07-22T16:59:02
2019-01-30,us,VRT,9.869999885559082,9.890000343322754,9.869999885559082,9.890000343322754,4900,,Yahoo Finance daily,2026-07-22T16:59:02
2019-01-31,us,VRT,9.869999885559082,9.930000305175781,9.859999656677246,9.869999885559082,7200,,Yahoo Finance daily,2026-07-22T16:59:02
2019-02-01,us,VRT,9.949999809265137,9.949999809265137,9.949999809265137,9.949999809265137,700,,Yahoo Finance daily,2026-07-22T16:59:02
2019-02-04,us,VRT,9.920000076293945,9.949999809265137,9.829999923706055,9.829999923706055,92000,,Yahoo Finance daily,2026-07-22T16:59:02
2019-02-05,us,VRT,9.869999885559082,9.869999885559082,9.84000015258789,9.859999656677246,594400,,Yahoo Finance daily,2026-07-22T16:59:02
2019-02-06,us,VRT,9.880000114440918,9.949999809265137,9.869999885559082,9.949999809265137,6300,,Yahoo Finance daily,2026-07-22T16:59:02
2019-02-07,us,VRT,9.899999618530273,9.949999809265137,9.899999618530273,9.949999809265137,8800,,Yahoo Finance daily,2026-07-22T16:59:02
2019-02-08,us,VRT,9.930000305175781,9.949999809265137,9.930000305175781,9.949999809265137,1800,,Yahoo Finance daily,2026-07-22T16:59:02
2019-02-11,us,VRT,9.9399995803833,9.9399995803833,9.885000228881836,9.9399995803833,4000,,Yahoo Finance daily,2026-07-22T16:59:02
2019-02-12,us,VRT,9.930000305175781,9.979999542236328,9.930000305175781,9.979999542236328,51100,,Yahoo Finance daily,2026-07-22T16:59:02
2019-02-13,us,VRT,9.979999542236328,9.979999542236328,9.920000076293945,9.930000305175781,15100,,Yahoo Finance daily,2026-07-22T16:59:02
2019-02-14,us,VRT,9.920000076293945,9.949999809265137,9.890000343322754,9.930000305175781,600700,,Yahoo Finance daily,2026-07-22T16:59:02
2019-02-15,us,VRT,9.880000114440918,9.949999809265137,9.880000114440918,9.890000343322754,7400,,Yahoo Finance daily,2026-07-22T16:59:02
2019-02-19,us,VRT,9.949999809265137,9.949999809265137,9.890000343322754,9.890000343322754,3100,,Yahoo Finance daily,2026-07-22T16:59:02
2019-02-20,us,VRT,9.899999618530273,9.899999618530273,9.859999656677246,9.859999656677246,92700,,Yahoo Finance daily,2026-07-22T16:59:02
2019-02-21,us,VRT,9.949999809265137,9.949999809265137,9.949999809265137,9.949999809265137,2700,,Yahoo Finance daily,2026-07-22T16:59:02
2019-02-22,us,VRT,9.9350004196167,9.9399995803833,9.899999618530273,9.899999618530273,3000,,Yahoo Finance daily,2026-07-22T16:59:02
2019-02-25,us,VRT,9.899999618530273,9.899999618530273,9.899999618530273,9.899999618530273,100,,Yahoo Finance daily,2026-07-22T16:59:02
2019-02-26,us,VRT,9.930000305175781,9.949999809265137,9.90999984741211,9.949999809265137,3300,,Yahoo Finance daily,2026-07-22T16:59:02
2019-02-27,us,VRT,9.920000076293945,9.949999809265137,9.880000114440918,9.930000305175781,74000,,Yahoo Finance daily,2026-07-22T16:59:02
2019-02-28,us,VRT,9.930000305175781,9.930000305175781,9.930000305175781,9.930000305175781,0,,Yahoo Finance daily,2026-07-22T16:59:02
2019-03-01,us,VRT,9.949999809265137,9.949999809265137,9.9399995803833,9.9399995803833,23600,,Yahoo Finance daily,2026-07-22T16:59:02
2019-03-04,us,VRT,9.930000305175781,9.949999809265137,9.930000305175781,9.949999809265137,1400,,Yahoo Finance daily,2026-07-22T16:59:02
2019-03-05,us,VRT,9.930000305175781,10.0,9.930000305175781,10.0,488600,,Yahoo Finance daily,2026-07-22T16:59:02
2019-03-06,us,VRT,10.0,10.029999732971191,9.949999809265137,10.029999732971191,9300,,Yahoo Finance daily,2026-07-22T16:59:02
2019-03-07,us,VRT,10.0,10.010000228881836,9.970000267028809,9.970000267028809,52200,,Yahoo Finance daily,2026-07-22T16:59:02
2019-03-08,us,VRT,9.970000267028809,9.970000267028809,9.949000358581543,9.970000267028809,11600,,Yahoo Finance daily,2026-07-22T16:59:02
2019-03-11,us,VRT,9.949999809265137,9.970000267028809,9.949999809265137,9.960000038146973,140100,,Yahoo Finance daily,2026-07-22T16:59:02
2019-03-12,us,VRT,9.970000267028809,9.970000267028809,9.930000305175781,9.930000305175781,65800,,Yahoo Finance daily,2026-07-22T16:59:02
2019-03-13,us,VRT,9.970000267028809,9.979999542236328,9.949999809265137,9.949999809265137,513800,,Yahoo Finance daily,2026-07-22T16:59:02
2019-03-14,us,VRT,9.949999809265137,9.970000267028809,9.949999809265137,9.949999809265137,10200,,Yahoo Finance daily,2026-07-22T16:59:02
2019-03-15,us,VRT,9.9399995803833,9.979999542236328,9.9399995803833,9.979999542236328,800,,Yahoo Finance daily,2026-07-22T16:59:02
2019-03-18,us,VRT,9.970000267028809,9.989999771118164,9.970000267028809,9.989999771118164,8100,,Yahoo Finance daily,2026-07-22T16:59:02
2019-03-19,us,VRT,10.0,10.0,9.970000267028809,9.979999542236328,133700,,Yahoo Finance daily,2026-07-22T16:59:02
2019-03-20,us,VRT,9.984000205993652,9.989999771118164,9.970000267028809,9.970000267028809,127200,,Yahoo Finance daily,2026-07-22T16:59:02
2019-03-21,us,VRT,9.949999809265137,9.960000038146973,9.9399995803833,9.9399995803833,3800,,Yahoo Finance daily,2026-07-22T16:59:02
2019-03-22,us,VRT,9.989999771118164,9.989999771118164,9.9399995803833,9.949999809265137,198000,,Yahoo Finance daily,2026-07-22T16:59:02
2019-03-25,us,VRT,9.989999771118164,9.989999771118164,9.970000267028809,9.970000267028809,1800,,Yahoo Finance daily,2026-07-22T16:59:02
2019-03-26,us,VRT,9.989999771118164,10.039999961853027,9.989999771118164,10.010000228881836,238100,,Yahoo Finance daily,2026-07-22T16:59:02
2019-03-27,us,VRT,9.989999771118164,10.020000457763672,9.970000267028809,9.989999771118164,141400,,Yahoo Finance daily,2026-07-22T16:59:02
2019-03-28,us,VRT,10.029999732971191,10.029999732971191,9.994999885559082,9.998000144958496,800,,Yahoo Finance daily,2026-07-22T16:59:02
2019-03-29,us,VRT,10.015999794006348,10.050000190734863,10.0,10.020000457763672,122000,,Yahoo Finance daily,2026-07-22T16:59:02
2019-04-01,us,VRT,10.010000228881836,10.010000228881836,9.989999771118164,9.989999771118164,92600,,Yahoo Finance daily,2026-07-22T16:59:02
2019-04-02,us,VRT,10.010000228881836,10.010000228881836,9.989999771118164,10.0,31700,,Yahoo Finance daily,2026-07-22T16:59:02
2019-04-03,us,VRT,10.029999732971191,10.029999732971191,10.0,10.020000457763672,71100,,Yahoo Finance daily,2026-07-22T16:59:02
2019-04-04,us,VRT,10.029999732971191,10.029999732971191,9.970000267028809,9.970000267028809,361600,,Yahoo Finance daily,2026-07-22T16:59:02
2019-04-05,us,VRT,10.015000343322754,10.029999732971191,10.010000228881836,10.010000228881836,261200,,Yahoo Finance daily,2026-07-22T16:59:02
2019-04-08,us,VRT,10.0600004196167,10.0600004196167,10.019000053405762,10.029999732971191,1300,,Yahoo Finance daily,2026-07-22T16:59:02
2019-04-09,us,VRT,10.0,10.0,10.0,10.0,200,,Yahoo Finance daily,2026-07-22T16:59:02
2019-04-10,us,VRT,10.0,10.020000457763672,10.0,10.0,3100,,Yahoo Finance daily,2026-07-22T16:59:02
2019-04-11,us,VRT,10.015000343322754,10.015000343322754,9.989999771118164,9.989999771118164,700,,Yahoo Finance daily,2026-07-22T16:59:02
2019-04-12,us,VRT,10.050000190734863,10.050000190734863,10.0,10.0,4600,,Yahoo Finance daily,2026-07-22T16:59:02
2019-04-15,us,VRT,10.020000457763672,10.069999694824219,10.020000457763672,10.069999694824219,700,,Yahoo Finance daily,2026-07-22T16:59:02
2019-04-16,us,VRT,10.069999694824219,10.069999694824219,10.069999694824219,10.069999694824219,100,,Yahoo Finance daily,2026-07-22T16:59:02
2019-04-17,us,VRT,10.050000190734863,10.050000190734863,10.050000190734863,10.050000190734863,7100,,Yahoo Finance daily,2026-07-22T16:59:02
2019-04-18,us,VRT,10.050000190734863,10.050000190734863,10.050000190734863,10.050000190734863,0,,Yahoo Finance daily,2026-07-22T16:59:02
2019-04-22,us,VRT,10.019000053405762,10.0600004196167,10.010000228881836,10.010000228881836,286100,,Yahoo Finance daily,2026-07-22T16:59:02
2019-04-23,us,VRT,10.0600004196167,10.079999923706055,10.0600004196167,10.0600004196167,360300,,Yahoo Finance daily,2026-07-22T16:59:02
2019-04-24,us,VRT,10.069999694824219,10.100000381469727,10.065999984741211,10.100000381469727,54600,,Yahoo Finance daily,2026-07-22T16:59:02
2019-04-25,us,VRT,10.079999923706055,10.079999923706055,10.069999694824219,10.079999923706055,300700,,Yahoo Finance daily,2026-07-22T16:59:02
2019-04-26,us,VRT,10.119999885559082,10.119999885559082,10.119999885559082,10.119999885559082,500,,Yahoo Finance daily,2026-07-22T16:59:02
2019-04-29,us,VRT,10.062999725341797,10.100000381469727,10.062999725341797,10.100000381469727,326000,,Yahoo Finance daily,2026-07-22T16:59:02
2019-04-30,us,VRT,10.119999885559082,10.119999885559082,10.119999885559082,10.119999885559082,700,,Yahoo Finance daily,2026-07-22T16:59:02
2019-05-01,us,VRT,10.149999618530273,10.149999618530273,10.100000381469727,10.119999885559082,24200,,Yahoo Finance daily,2026-07-22T16:59:02
2019-05-02,us,VRT,10.119999885559082,10.119999885559082,10.100000381469727,10.100000381469727,700,,Yahoo Finance daily,2026-07-22T16:59:02
2019-05-03,us,VRT,10.100000381469727,10.100000381469727,10.100000381469727,10.100000381469727,800,,Yahoo Finance daily,2026-07-22T16:59:02
2019-05-06,us,VRT,10.050000190734863,10.100000381469727,10.050000190734863,10.100000381469727,53000,,Yahoo Finance daily,2026-07-22T16:59:02
2019-05-07,us,VRT,10.09000015258789,10.09000015258789,10.09000015258789,10.09000015258789,2200,,Yahoo Finance daily,2026-07-22T16:59:02
2019-05-08,us,VRT,10.109999656677246,10.109999656677246,10.109999656677246,10.109999656677246,200,,Yahoo Finance daily,2026-07-22T16:59:02
2019-05-09,us,VRT,10.100000381469727,10.100000381469727,10.0600004196167,10.0600004196167,2000,,Yahoo Finance daily,2026-07-22T16:59:02
2019-05-10,us,VRT,10.086000442504883,10.086000442504883,10.079999923706055,10.079999923706055,19700,,Yahoo Finance daily,2026-07-22T16:59:02
2019-05-13,us,VRT,10.050000190734863,10.0600004196167,10.050000190734863,10.0600004196167,300,,Yahoo Finance daily,2026-07-22T16:59:02
2019-05-14,us,VRT,10.08899974822998,10.100000381469727,10.079999923706055,10.079999923706055,4400,,Yahoo Finance daily,2026-07-22T16:59:02
2019-05-15,us,VRT,10.130000114440918,10.130000114440918,10.09000015258789,10.100000381469727,900,,Yahoo Finance daily,2026-07-22T16:59:02
2019-05-16,us,VRT,10.100000381469727,10.100000381469727,10.100000381469727,10.100000381469727,52100,,Yahoo Finance daily,2026-07-22T16:59:02
2019-05-17,us,VRT,10.100000381469727,10.100000381469727,10.100000381469727,10.100000381469727,100,,Yahoo Finance daily,2026-07-22T16:59:02
2019-05-20,us,VRT,10.09000015258789,10.09000015258789,10.09000015258789,10.09000015258789,5000,,Yahoo Finance daily,2026-07-22T16:59:02
2019-05-21,us,VRT,10.119999885559082,10.119999885559082,10.09000015258789,10.09000015258789,5700,,Yahoo Finance daily,2026-07-22T16:59:02
2019-05-22,us,VRT,10.100000381469727,10.100000381469727,10.09000015258789,10.09000015258789,7300,,Yahoo Finance daily,2026-07-22T16:59:02
2019-05-23,us,VRT,10.100000381469727,10.100000381469727,10.0600004196167,10.0600004196167,25100,,Yahoo Finance daily,2026-07-22T16:59:02
2019-05-24,us,VRT,10.079999923706055,10.100000381469727,10.069999694824219,10.069999694824219,755200,,Yahoo Finance daily,2026-07-22T16:59:02
2019-05-28,us,VRT,10.079999923706055,10.100000381469727,10.069999694824219,10.069999694824219,2406800,,Yahoo Finance daily,2026-07-22T16:59:02
2019-05-29,us,VRT,10.085000038146973,10.09000015258789,10.079999923706055,10.079999923706055,54800,,Yahoo Finance daily,2026-07-22T16:59:02
2019-05-30,us,VRT,10.140000343322754,10.140000343322754,10.069999694824219,10.079999923706055,342700,,Yahoo Finance daily,2026-07-22T16:59:02
2019-05-31,us,VRT,10.085000038146973,10.09000015258789,10.069999694824219,10.079999923706055,1500,,Yahoo Finance daily,2026-07-22T16:59:02
2019-06-03,us,VRT,10.1899995803833,10.1899995803833,10.100000381469727,10.100000381469727,39700,,Yahoo Finance daily,2026-07-22T16:59:02
2019-06-04,us,VRT,10.100000381469727,10.100000381469727,10.069999694824219,10.100000381469727,11900,,Yahoo Finance daily,2026-07-22T16:59:02
2019-06-05,us,VRT,10.100000381469727,10.100000381469727,10.100000381469727,10.100000381469727,400,,Yahoo Finance daily,2026-07-22T16:59:02
2019-06-06,us,VRT,10.086000442504883,10.09000015258789,10.069999694824219,10.09000015258789,3000,,Yahoo Finance daily,2026-07-22T16:59:02
2019-06-07,us,VRT,10.100000381469727,10.100000381469727,10.09000015258789,10.100000381469727,35200,,Yahoo Finance daily,2026-07-22T16:59:02
2019-06-10,us,VRT,10.097000122070312,10.097000122070312,10.09000015258789,10.09000015258789,28600,,Yahoo Finance daily,2026-07-22T16:59:02
2019-06-11,us,VRT,10.088000297546387,10.088000297546387,10.086999893188477,10.086999893188477,1000,,Yahoo Finance daily,2026-07-22T16:59:02
2019-06-12,us,VRT,10.100000381469727,10.100000381469727,10.100000381469727,10.100000381469727,10700,,Yahoo Finance daily,2026-07-22T16:59:02
2019-06-13,us,VRT,10.09000015258789,10.100000381469727,10.09000015258789,10.09000015258789,20600,,Yahoo Finance daily,2026-07-22T16:59:02
2019-06-14,us,VRT,10.09000015258789,10.140000343322754,10.09000015258789,10.100000381469727,3270100,,Yahoo Finance daily,2026-07-22T16:59:02
2019-06-17,us,VRT,10.100000381469727,10.100000381469727,10.100000381469727,10.100000381469727,0,,Yahoo Finance daily,2026-07-22T16:59:02
2019-06-18,us,VRT,10.100000381469727,10.140000343322754,10.100000381469727,10.100000381469727,700,,Yahoo Finance daily,2026-07-22T16:59:02
2019-06-19,us,VRT,10.100000381469727,10.109999656677246,10.100000381469727,10.109999656677246,500,,Yahoo Finance daily,2026-07-22T16:59:02
2019-06-20,us,VRT,10.109999656677246,10.119999885559082,10.109999656677246,10.109999656677246,1200,,Yahoo Finance daily,2026-07-22T16:59:02
2019-06-21,us,VRT,10.140000343322754,10.1899995803833,10.140000343322754,10.1899995803833,8700,,Yahoo Finance daily,2026-07-22T16:59:02
2019-06-24,us,VRT,10.180000305175781,10.180000305175781,10.149999618530273,10.149999618530273,11100,,Yahoo Finance daily,2026-07-22T16:59:02
2019-06-25,us,VRT,10.105999946594238,10.15999984741211,10.105999946594238,10.130000114440918,112200,,Yahoo Finance daily,2026-07-22T16:59:02
2019-06-26,us,VRT,10.140000343322754,10.15999984741211,10.140000343322754,10.140000343322754,301500,,Yahoo Finance daily,2026-07-22T16:59:02
2019-06-27,us,VRT,10.140000343322754,10.170000076293945,10.100000381469727,10.119999885559082,776500,,Yahoo Finance daily,2026-07-22T16:59:02
2019-06-28,us,VRT,10.130000114440918,10.140000343322754,10.100000381469727,10.140000343322754,9600,,Yahoo Finance daily,2026-07-22T16:59:02
2019-07-01,us,VRT,10.119999885559082,10.119999885559082,10.109999656677246,10.109999656677246,1800,,Yahoo Finance daily,2026-07-22T16:59:02
2019-07-02,us,VRT,10.140000343322754,10.140000343322754,10.100000381469727,10.140000343322754,46700,,Yahoo Finance daily,2026-07-22T16:59:02
2019-07-03,us,VRT,10.140000343322754,10.140000343322754,10.140000343322754,10.140000343322754,125200,,Yahoo Finance daily,2026-07-22T16:59:02
2019-07-05,us,VRT,10.140000343322754,10.140000343322754,10.130000114440918,10.130000114440918,95700,,Yahoo Finance daily,2026-07-22T16:59:02
2019-07-08,us,VRT,10.140000343322754,10.1899995803833,10.119999885559082,10.15999984741211,1561300,,Yahoo Finance daily,2026-07-22T16:59:02
2019-07-09,us,VRT,10.15999984741211,10.164999961853027,10.15999984741211,10.164999961853027,600,,Yahoo Finance daily,2026-07-22T16:59:02
2019-07-10,us,VRT,10.220000267028809,10.220000267028809,10.180000305175781,10.199999809265137,2800,,Yahoo Finance daily,2026-07-22T16:59:02
2019-07-11,us,VRT,10.210000038146973,10.210000038146973,10.15999984741211,10.170000076293945,107400,,Yahoo Finance daily,2026-07-22T16:59:02
2019-07-12,us,VRT,10.220000267028809,10.220000267028809,10.180000305175781,10.180000305175781,109800,,Yahoo Finance daily,2026-07-22T16:59:02
2019-07-15,us,VRT,10.1899995803833,10.1899995803833,10.1899995803833,10.1899995803833,10100,,Yahoo Finance daily,2026-07-22T16:59:02
2019-07-16,us,VRT,10.1899995803833,10.1899995803833,10.1899995803833,10.1899995803833,100,,Yahoo Finance daily,2026-07-22T16:59:02
2019-07-17,us,VRT,10.149999618530273,10.149999618530273,10.149999618530273,10.149999618530273,155000,,Yahoo Finance daily,2026-07-22T16:59:02
2019-07-18,us,VRT,10.109999656677246,10.199999809265137,10.109999656677246,10.15999984741211,2091500,,Yahoo Finance daily,2026-07-22T16:59:02
2019-07-19,us,VRT,10.09000015258789,10.210000038146973,10.09000015258789,10.180000305175781,4600,,Yahoo Finance daily,2026-07-22T16:59:02
2019-07-22,us,VRT,10.199999809265137,10.199999809265137,10.199999809265137,10.199999809265137,200,,Yahoo Finance daily,2026-07-22T16:59:02
2019-07-23,us,VRT,10.199999809265137,10.199999809265137,10.199999809265137,10.199999809265137,100,,Yahoo Finance daily,2026-07-22T16:59:02
2019-07-24,us,VRT,10.15999984741211,10.210000038146973,10.15999984741211,10.210000038146973,1500,,Yahoo Finance daily,2026-07-22T16:59:02
2019-07-25,us,VRT,10.270000457763672,10.270000457763672,10.130000114440918,10.180000305175781,162800,,Yahoo Finance daily,2026-07-22T16:59:02
2019-07-26,us,VRT,10.25,10.25,10.15999984741211,10.229999542236328,50700,,Yahoo Finance daily,2026-07-22T16:59:02
2019-07-29,us,VRT,10.140000343322754,10.239999771118164,10.140000343322754,10.220000267028809,20200,,Yahoo Finance daily,2026-07-22T16:59:02
2019-07-30,us,VRT,10.220000267028809,10.25,10.199999809265137,10.25,34900,,Yahoo Finance daily,2026-07-22T16:59:02
2019-07-31,us,VRT,10.25,10.25,10.170000076293945,10.1899995803833,40400,,Yahoo Finance daily,2026-07-22T16:59:02
2019-08-01,us,VRT,10.100000381469727,10.239999771118164,10.100000381469727,10.199999809265137,226400,,Yahoo Finance daily,2026-07-22T16:59:02
2019-08-02,us,VRT,10.270000457763672,10.270000457763672,10.149999618530273,10.25,62600,,Yahoo Finance daily,2026-07-22T16:59:02
2019-08-05,us,VRT,10.229999542236328,10.25,10.180000305175781,10.180000305175781,600,,Yahoo Finance daily,2026-07-22T16:59:02
2019-08-06,us,VRT,10.25,10.25,10.220000267028809,10.220000267028809,21000,,Yahoo Finance daily,2026-07-22T16:59:02
2019-08-07,us,VRT,10.130000114440918,10.25,10.130000114440918,10.180000305175781,57600,,Yahoo Finance daily,2026-07-22T16:59:02
2019-08-08,us,VRT,10.170000076293945,10.220000267028809,10.170000076293945,10.180000305175781,5800,,Yahoo Finance daily,2026-07-22T16:59:02
2019-08-09,us,VRT,10.100000381469727,10.25,10.100000381469727,10.1899995803833,19600,,Yahoo Finance daily,2026-07-22T16:59:02
2019-08-12,us,VRT,10.100000381469727,10.25,10.100000381469727,10.1899995803833,19600,,Yahoo Finance daily,2026-07-22T16:59:02
2019-08-13,us,VRT,10.180000305175781,10.25,10.180000305175781,10.229999542236328,10800,,Yahoo Finance daily,2026-07-22T16:59:02
2019-08-14,us,VRT,10.210000038146973,10.25,10.210000038146973,10.25,1900,,Yahoo Finance daily,2026-07-22T16:59:02
2019-08-15,us,VRT,10.220000267028809,10.239999771118164,10.210000038146973,10.239999771118164,13800,,Yahoo Finance daily,2026-07-22T16:59:02
2019-08-16,us,VRT,10.229999542236328,10.239999771118164,10.229999542236328,10.239999771118164,1400,,Yahoo Finance daily,2026-07-22T16:59:02
2019-08-19,us,VRT,10.239999771118164,10.289999961853027,10.239999771118164,10.244999885559082,10100,,Yahoo Finance daily,2026-07-22T16:59:02
2019-08-20,us,VRT,10.25,10.25,10.119999885559082,10.119999885559082,9300,,Yahoo Finance daily,2026-07-22T16:59:02
2019-08-21,us,VRT,10.25,10.25,10.25,10.25,100,,Yahoo Finance daily,2026-07-22T16:59:02
2019-08-22,us,VRT,10.239999771118164,10.25,10.170000076293945,10.25,7200,,Yahoo Finance daily,2026-07-22T16:59:02
2019-08-23,us,VRT,10.225000381469727,10.229999542236328,10.194999694824219,10.194999694824219,6400,,Yahoo Finance daily,2026-07-22T16:59:02
2019-08-26,us,VRT,10.199999809265137,10.239999771118164,10.1899995803833,10.220000267028809,121800,,Yahoo Finance daily,2026-07-22T16:59:02
2019-08-27,us,VRT,10.289999961853027,10.289999961853027,10.199999809265137,10.199999809265137,900,,Yahoo Finance daily,2026-07-22T16:59:02
2019-08-28,us,VRT,10.199999809265137,10.199999809265137,10.1899995803833,10.1899995803833,2200,,Yahoo Finance daily,2026-07-22T16:59:02
2019-08-29,us,VRT,10.192999839782715,10.192999839782715,10.170000076293945,10.170000076293945,800,,Yahoo Finance daily,2026-07-22T16:59:02
2019-08-30,us,VRT,10.199999809265137,10.25,10.199999809265137,10.25,1200,,Yahoo Finance daily,2026-07-22T16:59:02
2019-09-03,us,VRT,10.199999809265137,10.25,10.1850004196167,10.229999542236328,124900,,Yahoo Finance daily,2026-07-22T16:59:02
2019-09-04,us,VRT,10.239999771118164,10.239999771118164,10.232999801635742,10.232999801635742,600,,Yahoo Finance daily,2026-07-22T16:59:02
2019-09-05,us,VRT,10.229999542236328,10.229999542236328,10.229999542236328,10.229999542236328,300,,Yahoo Finance daily,2026-07-22T16:59:02
2019-09-06,us,VRT,10.220000267028809,10.220000267028809,10.1899995803833,10.1899995803833,206200,,Yahoo Finance daily,2026-07-22T16:59:02
2019-09-09,us,VRT,10.1899995803833,10.199999809265137,10.1899995803833,10.1899995803833,383500,,Yahoo Finance daily,2026-07-22T16:59:02
2019-09-10,us,VRT,10.220000267028809,10.220000267028809,10.1899995803833,10.1899995803833,300,,Yahoo Finance daily,2026-07-22T16:59:02
2019-09-11,us,VRT,10.1899995803833,10.199999809265137,10.1899995803833,10.199999809265137,10200,,Yahoo Finance daily,2026-07-22T16:59:02
2019-09-12,us,VRT,10.229999542236328,10.239999771118164,10.1899995803833,10.199999809265137,4300,,Yahoo Finance daily,2026-07-22T16:59:02
2019-09-13,us,VRT,10.199999809265137,10.239999771118164,10.199999809265137,10.239999771118164,59600,,Yahoo Finance daily,2026-07-22T16:59:02
2019-09-16,us,VRT,10.210000038146973,10.229999542236328,10.199999809265137,10.220000267028809,392900,,Yahoo Finance daily,2026-07-22T16:59:02
2019-09-17,us,VRT,10.1899995803833,10.229999542236328,10.1899995803833,10.220000267028809,4000,,Yahoo Finance daily,2026-07-22T16:59:02
2019-09-18,us,VRT,10.220000267028809,10.220000267028809,10.199999809265137,10.220000267028809,29500,,Yahoo Finance daily,2026-07-22T16:59:02
2019-09-19,us,VRT,10.25,10.25,10.220000267028809,10.220000267028809,24800,,Yahoo Finance daily,2026-07-22T16:59:02
2019-09-20,us,VRT,10.199999809265137,10.279999732971191,10.199999809265137,10.279999732971191,333100,,Yahoo Finance daily,2026-07-22T16:59:02
2019-09-23,us,VRT,10.390000343322754,10.390000343322754,10.229999542236328,10.25,57400,,Yahoo Finance daily,2026-07-22T16:59:02
2019-09-24,us,VRT,10.229999542236328,10.239999771118164,10.210000038146973,10.229999542236328,26100,,Yahoo Finance daily,2026-07-22T16:59:02
2019-09-25,us,VRT,10.25,10.25,10.239999771118164,10.239999771118164,2900,,Yahoo Finance daily,2026-07-22T16:59:02
2019-09-26,us,VRT,10.25,10.289999961853027,10.220000267028809,10.270000457763672,106400,,Yahoo Finance daily,2026-07-22T16:59:02
2019-09-27,us,VRT,10.270000457763672,10.270000457763672,10.25,10.270000457763672,8700,,Yahoo Finance daily,2026-07-22T16:59:02
2019-09-30,us,VRT,10.270000457763672,10.270000457763672,10.199999809265137,10.199999809265137,1100,,Yahoo Finance daily,2026-07-22T16:59:02
2019-10-01,us,VRT,10.25,10.25,10.229999542236328,10.229999542236328,2300,,Yahoo Finance daily,2026-07-22T16:59:02
2019-10-02,us,VRT,10.199999809265137,10.25,10.199999809265137,10.220000267028809,1300,,Yahoo Finance daily,2026-07-22T16:59:02
2019-10-03,us,VRT,10.239999771118164,10.239999771118164,10.229999542236328,10.229999542236328,50800,,Yahoo Finance daily,2026-07-22T16:59:02
2019-10-04,us,VRT,10.220000267028809,10.270000457763672,10.220000267028809,10.270000457763672,107500,,Yahoo Finance daily,2026-07-22T16:59:02
2019-10-07,us,VRT,10.279999732971191,10.279999732971191,10.239999771118164,10.25,20600,,Yahoo Finance daily,2026-07-22T16:59:02
2019-10-08,us,VRT,10.229999542236328,10.229999542236328,10.220000267028809,10.229999542236328,1100,,Yahoo Finance daily,2026-07-22T16:59:02
2019-10-09,us,VRT,10.229999542236328,10.25,10.229999542236328,10.229999542236328,234200,,Yahoo Finance daily,2026-07-22T16:59:02
2019-10-10,us,VRT,10.229999542236328,10.239999771118164,10.220000267028809,10.239999771118164,12200,,Yahoo Finance daily,2026-07-22T16:59:02
2019-10-11,us,VRT,10.229999542236328,10.229999542236328,10.229999542236328,10.229999542236328,400,,Yahoo Finance daily,2026-07-22T16:59:02
2019-10-14,us,VRT,10.229999542236328,10.25,10.229999542236328,10.229999542236328,74600,,Yahoo Finance daily,2026-07-22T16:59:02
2019-10-15,us,VRT,10.25,10.300000190734863,10.220000267028809,10.220000267028809,128500,,Yahoo Finance daily,2026-07-22T16:59:02
2019-10-16,us,VRT,10.279999732971191,10.279999732971191,10.239999771118164,10.239999771118164,4700,,Yahoo Finance daily,2026-07-22T16:59:02
2019-10-17,us,VRT,10.244999885559082,10.25,10.199999809265137,10.220000267028809,263000,,Yahoo Finance daily,2026-07-22T16:59:02
2019-10-18,us,VRT,10.220000267028809,10.220000267028809,10.220000267028809,10.220000267028809,100,,Yahoo Finance daily,2026-07-22T16:59:02
2019-10-21,us,VRT,10.220000267028809,10.239999771118164,10.220000267028809,10.239999771118164,1500,,Yahoo Finance daily,2026-07-22T16:59:02
2019-10-22,us,VRT,10.239999771118164,10.239999771118164,10.239999771118164,10.239999771118164,404000,,Yahoo Finance daily,2026-07-22T16:59:02
2019-10-23,us,VRT,10.239999771118164,10.300000190734863,10.239999771118164,10.270000457763672,660200,,Yahoo Finance daily,2026-07-22T16:59:02
2019-10-24,us,VRT,10.270000457763672,10.270000457763672,10.270000457763672,10.270000457763672,76200,,Yahoo Finance daily,2026-07-22T16:59:02
2019-10-25,us,VRT,10.25,10.300000190734863,10.239999771118164,10.270000457763672,450600,,Yahoo Finance daily,2026-07-22T16:59:02
2019-10-28,us,VRT,10.288000106811523,10.288000106811523,10.25,10.270000457763672,54300,,Yahoo Finance daily,2026-07-22T16:59:02
2019-10-29,us,VRT,10.270000457763672,10.270000457763672,10.270000457763672,10.270000457763672,0,,Yahoo Finance daily,2026-07-22T16:59:02
2019-10-30,us,VRT,10.274999618530273,10.279999732971191,10.274999618530273,10.279999732971191,200,,Yahoo Finance daily,2026-07-22T16:59:02
2019-10-31,us,VRT,10.279999732971191,10.279999732971191,10.270000457763672,10.270000457763672,1400,,Yahoo Finance daily,2026-07-22T16:59:02
2019-11-01,us,VRT,10.270000457763672,10.270000457763672,10.270000457763672,10.270000457763672,100,,Yahoo Finance daily,2026-07-22T16:59:02
2019-11-04,us,VRT,10.270000457763672,10.270000457763672,10.270000457763672,10.270000457763672,100,,Yahoo Finance daily,2026-07-22T16:59:02
2019-11-05,us,VRT,10.239999771118164,10.25,10.239999771118164,10.239999771118164,52100,,Yahoo Finance daily,2026-07-22T16:59:02
2019-11-06,us,VRT,10.270000457763672,10.270000457763672,10.270000457763672,10.270000457763672,10000,,Yahoo Finance daily,2026-07-22T16:59:02
2019-11-07,us,VRT,10.270000457763672,10.270000457763672,10.270000457763672,10.270000457763672,0,,Yahoo Finance daily,2026-07-22T16:59:02
2019-11-08,us,VRT,10.270000457763672,10.279999732971191,10.239999771118164,10.239999771118164,45600,,Yahoo Finance daily,2026-07-22T16:59:02
2019-11-11,us,VRT,10.239999771118164,10.239999771118164,10.239999771118164,10.239999771118164,0,,Yahoo Finance daily,2026-07-22T16:59:02
2019-11-12,us,VRT,10.260000228881836,10.260000228881836,10.239999771118164,10.255000114440918,2231700,,Yahoo Finance daily,2026-07-22T16:59:02
2019-11-13,us,VRT,10.239999771118164,10.25,10.229999542236328,10.239999771118164,1602300,,Yahoo Finance daily,2026-07-22T16:59:02
2019-11-14,us,VRT,10.239999771118164,10.260000228881836,10.239999771118164,10.239999771118164,126100,,Yahoo Finance daily,2026-07-22T16:59:02
2019-11-15,us,VRT,10.239999771118164,10.279999732971191,10.229999542236328,10.279999732971191,27800,,Yahoo Finance daily,2026-07-22T16:59:02
2019-11-18,us,VRT,10.239999771118164,10.25,10.229999542236328,10.239999771118164,20700,,Yahoo Finance daily,2026-07-22T16:59:02
2019-11-19,us,VRT,10.239999771118164,10.239999771118164,10.239999771118164,10.239999771118164,5000,,Yahoo Finance daily,2026-07-22T16:59:02
2019-11-20,us,VRT,10.239999771118164,10.239999771118164,10.239999771118164,10.239999771118164,100,,Yahoo Finance daily,2026-07-22T16:59:02
2019-11-21,us,VRT,10.25,10.25,10.25,10.25,27200,,Yahoo Finance daily,2026-07-22T16:59:02
2019-11-22,us,VRT,10.229999542236328,10.25,10.229999542236328,10.25,500,,Yahoo Finance daily,2026-07-22T16:59:02
2019-11-25,us,VRT,10.279999732971191,10.279999732971191,10.229999542236328,10.229999542236328,1650800,,Yahoo Finance daily,2026-07-22T16:59:02
2019-11-26,us,VRT,10.239999771118164,10.239999771118164,10.229999542236328,10.229999542236328,5000,,Yahoo Finance daily,2026-07-22T16:59:02
2019-11-27,us,VRT,10.229999542236328,10.229999542236328,10.229999542236328,10.229999542236328,0,,Yahoo Finance daily,2026-07-22T16:59:02
2019-11-29,us,VRT,10.229999542236328,10.229999542236328,10.229999542236328,10.229999542236328,0,,Yahoo Finance daily,2026-07-22T16:59:02
2019-12-02,us,VRT,10.260000228881836,10.350000381469727,10.248000144958496,10.350000381469727,2611000,,Yahoo Finance daily,2026-07-22T16:59:02
2019-12-03,us,VRT,10.359999656677246,10.380000114440918,10.345000267028809,10.380000114440918,411600,,Yahoo Finance daily,2026-07-22T16:59:02
2019-12-04,us,VRT,10.359999656677246,10.399999618530273,10.359999656677246,10.380000114440918,151500,,Yahoo Finance daily,2026-07-22T16:59:02
2019-12-05,us,VRT,10.380000114440918,10.380000114440918,10.350000381469727,10.375,5000,,Yahoo Finance daily,2026-07-22T16:59:02
2019-12-06,us,VRT,10.380000114440918,10.390000343322754,10.380000114440918,10.390000343322754,2900,,Yahoo Finance daily,2026-07-22T16:59:02
2019-12-09,us,VRT,10.399999618530273,10.454999923706055,10.390000343322754,10.449999809265137,665100,,Yahoo Finance daily,2026-07-22T16:59:02
2019-12-10,us,VRT,10.710000038146973,11.050000190734863,10.59000015258789,10.619999885559082,20965500,,Yahoo Finance daily,2026-07-22T16:59:02
2019-12-11,us,VRT,10.829999923706055,11.100000381469727,10.699999809265137,11.039999961853027,8038900,,Yahoo Finance daily,2026-07-22T16:59:02
2019-12-12,us,VRT,11.100000381469727,11.5,11.039999961853027,11.069999694824219,6818900,,Yahoo Finance daily,2026-07-22T16:59:02
2019-12-13,us,VRT,11.100000381469727,11.140000343322754,10.90999984741211,10.9399995803833,1196200,,Yahoo Finance daily,2026-07-22T16:59:02
2019-12-16,us,VRT,11.0,11.039999961853027,10.84000015258789,10.899999618530273,372400,,Yahoo Finance daily,2026-07-22T16:59:02
2019-12-17,us,VRT,10.9399995803833,11.039999961853027,10.800000190734863,10.890000343322754,1448400,,Yahoo Finance daily,2026-07-22T16:59:02
2019-12-18,us,VRT,10.850000381469727,10.899999618530273,10.800000190734863,10.850000381469727,256800,,Yahoo Finance daily,2026-07-22T16:59:02
2019-12-19,us,VRT,10.84000015258789,10.899999618530273,10.8100004196167,10.859999656677246,295600,,Yahoo Finance daily,2026-07-22T16:59:02
2019-12-20,us,VRT,10.850000381469727,11.010000228881836,10.850000381469727,10.979999542236328,2357300,,Yahoo Finance daily,2026-07-22T16:59:02
2019-12-23,us,VRT,10.979999542236328,11.029999732971191,10.920000076293945,10.949999809265137,223900,,Yahoo Finance daily,2026-07-22T16:59:02
2019-12-24,us,VRT,10.9399995803833,11.0,10.850000381469727,10.899999618530273,275700,,Yahoo Finance daily,2026-07-22T16:59:02
2019-12-26,us,VRT,10.949999809265137,10.963000297546387,10.899999618530273,10.920000076293945,501700,,Yahoo Finance daily,2026-07-22T16:59:02
2019-12-27,us,VRT,10.949999809265137,10.979999542236328,10.899999618530273,10.9399995803833,809900,,Yahoo Finance daily,2026-07-22T16:59:02
2019-12-30,us,VRT,11.010000228881836,11.010000228881836,10.899999618530273,10.920000076293945,421200,,Yahoo Finance daily,2026-07-22T16:59:02
2019-12-31,us,VRT,10.949999809265137,11.039999961853027,10.949999809265137,11.029999732971191,1540500,,Yahoo Finance daily,2026-07-22T16:59:02
2020-01-02,us,VRT,11.119999885559082,11.289999961853027,11.010000228881836,11.220000267028809,1033800,,Yahoo Finance daily,2026-07-22T16:59:02
2020-01-03,us,VRT,11.1899995803833,11.270000457763672,11.130000114440918,11.239999771118164,646300,,Yahoo Finance daily,2026-07-22T16:59:02
2020-01-06,us,VRT,11.170000076293945,11.383000373840332,11.170000076293945,11.319999694824219,954000,,Yahoo Finance daily,2026-07-22T16:59:02
2020-01-07,us,VRT,11.25,11.5,11.25,11.40999984741211,1311300,,Yahoo Finance daily,2026-07-22T16:59:02
2020-01-08,us,VRT,11.399999618530273,11.479999542236328,11.359999656677246,11.449999809265137,1258800,,Yahoo Finance daily,2026-07-22T16:59:02
2020-01-09,us,VRT,11.5,11.829999923706055,11.479999542236328,11.75,3353900,,Yahoo Finance daily,2026-07-22T16:59:02
2020-01-10,us,VRT,11.829999923706055,11.880000114440918,11.520000457763672,11.670000076293945,3927900,,Yahoo Finance daily,2026-07-22T16:59:02
2020-01-13,us,VRT,11.579999923706055,11.770000457763672,11.5600004196167,11.670000076293945,1175900,,Yahoo Finance daily,2026-07-22T16:59:02
2020-01-14,us,VRT,11.739999771118164,11.829999923706055,11.649999618530273,11.699999809265137,564700,,Yahoo Finance daily,2026-07-22T16:59:02
2020-01-15,us,VRT,11.75,11.859999656677246,11.630000114440918,11.710000038146973,1517700,,Yahoo Finance daily,2026-07-22T16:59:02
2020-01-16,us,VRT,11.699999809265137,11.90999984741211,11.670000076293945,11.670000076293945,684500,,Yahoo Finance daily,2026-07-22T16:59:02
2020-01-17,us,VRT,11.699999809265137,11.699999809265137,11.399999618530273,11.399999618530273,1550800,,Yahoo Finance daily,2026-07-22T16:59:02
2020-01-21,us,VRT,11.59000015258789,11.6899995803833,11.470000267028809,11.5,1932700,,Yahoo Finance daily,2026-07-22T16:59:02
2020-01-22,us,VRT,11.520000457763672,11.720000267028809,11.5,11.59000015258789,1907400,,Yahoo Finance daily,2026-07-22T16:59:02
2020-01-23,us,VRT,11.550000190734863,11.753000259399414,11.40999984741211,11.699999809265137,2965800,,Yahoo Finance daily,2026-07-22T16:59:02
2020-01-24,us,VRT,11.699999809265137,12.15999984741211,11.699999809265137,11.90999984741211,3502700,,Yahoo Finance daily,2026-07-22T16:59:02
2020-01-27,us,VRT,11.829999923706055,12.279999732971191,11.770000457763672,12.15999984741211,4482000,,Yahoo Finance daily,2026-07-22T16:59:02
2020-01-28,us,VRT,12.149999618530273,12.710000038146973,12.149999618530273,12.510000228881836,2480500,,Yahoo Finance daily,2026-07-22T16:59:02
2020-01-29,us,VRT,12.5,12.949999809265137,12.399999618530273,12.630000114440918,2262300,,Yahoo Finance daily,2026-07-22T16:59:02
2020-01-30,us,VRT,12.739999771118164,12.850000381469727,12.449999809265137,12.489999771118164,1207000,,Yahoo Finance daily,2026-07-22T16:59:02
2020-01-31,us,VRT,12.470000267028809,12.5,12.279999732971191,12.399999618530273,2144000,,Yahoo Finance daily,2026-07-22T16:59:02
2020-02-03,us,VRT,12.399999618530273,12.510000228881836,12.307999610900879,12.380000114440918,1195100,,Yahoo Finance daily,2026-07-22T16:59:02
2020-02-04,us,VRT,12.470000267028809,12.869999885559082,12.350000381469727,12.6899995803833,1775000,,Yahoo Finance daily,2026-07-22T16:59:02
2020-02-05,us,VRT,12.699999809265137,12.829999923706055,12.479999542236328,12.789999961853027,1138600,,Yahoo Finance daily,2026-07-22T16:59:02
2020-02-06,us,VRT,12.770000457763672,13.539999961853027,12.619999885559082,12.859999656677246,2820800,,Yahoo Finance daily,2026-07-22T16:59:02
2020-02-07,us,VRT,13.149999618530273,13.199999809265137,12.694999694824219,12.880000114440918,475700,,Yahoo Finance daily,2026-07-22T16:59:02
2020-02-10,us,VRT,13.199999809265137,13.430000305175781,12.880000114440918,13.0,738000,,Yahoo Finance daily,2026-07-22T16:59:02
2020-02-11,us,VRT,13.75,13.75,12.510000228881836,12.75,2963500,,Yahoo Finance daily,2026-07-22T16:59:02
2020-02-12,us,VRT,12.739999771118164,13.149999618530273,12.5,12.5,1178300,,Yahoo Finance daily,2026-07-22T16:59:02
2020-02-13,us,VRT,12.65999984741211,12.911999702453613,12.449999809265137,12.670000076293945,1863800,,Yahoo Finance daily,2026-07-22T16:59:02
2020-02-14,us,VRT,13.100000381469727,13.178999900817871,12.800000190734863,13.0,2181800,,Yahoo Finance daily,2026-07-22T16:59:02
2020-02-18,us,VRT,13.0,13.5,13.0,13.34000015258789,3368500,,Yahoo Finance daily,2026-07-22T16:59:02
2020-02-19,us,VRT,13.449999809265137,13.5,13.34000015258789,13.460000038146973,1836400,,Yahoo Finance daily,2026-07-22T16:59:02
2020-02-20,us,VRT,13.40999984741211,13.5,12.899999618530273,13.0,2199000,,Yahoo Finance daily,2026-07-22T16:59:02
2020-02-21,us,VRT,13.34000015258789,13.34000015258789,12.699999809265137,12.850000381469727,2137000,,Yahoo Finance daily,2026-07-22T16:59:02
2020-02-24,us,VRT,12.09000015258789,12.770000457763672,12.09000015258789,12.6899995803833,2670200,,Yahoo Finance daily,2026-07-22T16:59:02
2020-02-25,us,VRT,12.84000015258789,13.0649995803833,12.199999809265137,12.5,3332900,,Yahoo Finance daily,2026-07-22T16:59:02
2020-02-26,us,VRT,12.880000114440918,12.949999809265137,12.229999542236328,12.319999694824219,2051500,,Yahoo Finance daily,2026-07-22T16:59:02
2020-02-27,us,VRT,12.199999809265137,12.569999694824219,11.649999618530273,11.84000015258789,3491200,,Yahoo Finance daily,2026-07-22T16:59:02
2020-02-28,us,VRT,11.390000343322754,12.0,11.109999656677246,11.789999961853027,2810000,,Yahoo Finance daily,2026-07-22T16:59:02
2020-03-02,us,VRT,11.800000190734863,11.9350004196167,11.239999771118164,11.760000228881836,1710000,,Yahoo Finance daily,2026-07-22T16:59:02
2020-03-03,us,VRT,11.899999618530273,11.90999984741211,10.869999885559082,11.140000343322754,3235500,,Yahoo Finance daily,2026-07-22T16:59:02
2020-03-04,us,VRT,11.350000381469727,11.630000114440918,11.069999694824219,11.239999771118164,3358000,,Yahoo Finance daily,2026-07-22T16:59:02
2020-03-05,us,VRT,11.119999885559082,11.119999885559082,10.470000267028809,10.489999771118164,3424900,,Yahoo Finance daily,2026-07-22T16:59:02
2020-03-06,us,VRT,10.3100004196167,10.34000015258789,9.59000015258789,10.0,3305500,,Yahoo Finance daily,2026-07-22T16:59:02
2020-03-09,us,VRT,8.5,10.899999618530273,8.5,9.949999809265137,3629600,,Yahoo Finance daily,2026-07-22T16:59:02
2020-03-10,us,VRT,10.09000015258789,11.345000267028809,10.029999732971191,11.100000381469727,3061800,,Yahoo Finance daily,2026-07-22T16:59:02
2020-03-11,us,VRT,10.670000076293945,10.949999809265137,10.25,10.649999618530273,2294000,,Yahoo Finance daily,2026-07-22T16:59:02
2020-03-12,us,VRT,10.220000267028809,10.399999618530273,8.619999885559082,8.699999809265137,4272800,,Yahoo Finance daily,2026-07-22T16:59:02
2020-03-13,us,VRT,9.199999809265137,9.670000076293945,8.050000190734863,8.899999618530273,4997600,,Yahoo Finance daily,2026-07-22T16:59:02
2020-03-16,us,VRT,7.889999866485596,7.889999866485596,6.699999809265137,7.730000019073486,5696100,,Yahoo Finance daily,2026-07-22T16:59:02
2020-03-17,us,VRT,7.800000190734863,7.800000190734863,6.5,7.25,2917700,,Yahoo Finance daily,2026-07-22T16:59:02
2020-03-18,us,VRT,6.75,6.760000228881836,5.0,5.570000171661377,5092500,,Yahoo Finance daily,2026-07-22T16:59:02
2020-03-19,us,VRT,5.650000095367432,7.119999885559082,4.75,6.760000228881836,3926000,,Yahoo Finance daily,2026-07-22T16:59:02
2020-03-20,us,VRT,6.659999847412109,7.400000095367432,6.650000095367432,7.360000133514404,3384100,,Yahoo Finance daily,2026-07-22T16:59:02
2020-03-23,us,VRT,7.119999885559082,7.340000152587891,6.010000228881836,6.760000228881836,3538400,,Yahoo Finance daily,2026-07-22T16:59:02
2020-03-24,us,VRT,7.110000133514404,7.679999828338623,7.090000152587891,7.679999828338623,3403000,,Yahoo Finance daily,2026-07-22T16:59:02
2020-03-25,us,VRT,7.699999809265137,9.149999618530273,7.289999961853027,8.920000076293945,1863700,,Yahoo Finance daily,2026-07-22T16:59:02
2020-03-26,us,VRT,8.649999618530273,9.0,8.579999923706055,8.880000114440918,2393600,,Yahoo Finance daily,2026-07-22T16:59:02
2020-03-27,us,VRT,8.479999542236328,8.479999542236328,7.739999771118164,8.220000267028809,2577800,,Yahoo Finance daily,2026-07-22T16:59:02
2020-03-30,us,VRT,8.1899995803833,8.34000015258789,7.989999771118164,8.140000343322754,1332700,,Yahoo Finance daily,2026-07-22T16:59:02
2020-03-31,us,VRT,8.020000457763672,8.710000038146973,7.809999942779541,8.649999618530273,1628800,,Yahoo Finance daily,2026-07-22T16:59:02
2020-04-01,us,VRT,8.539999961853027,8.640000343322754,7.909999847412109,8.069999694824219,2206300,,Yahoo Finance daily,2026-07-22T16:59:02
2020-04-02,us,VRT,8.0600004196167,8.409000396728516,7.920000076293945,8.130000114440918,1339200,,Yahoo Finance daily,2026-07-22T16:59:02
2020-04-03,us,VRT,8.100000381469727,8.170000076293945,7.659999847412109,7.900000095367432,1483100,,Yahoo Finance daily,2026-07-22T16:59:02
2020-04-06,us,VRT,8.079999923706055,8.755000114440918,8.050000190734863,8.600000381469727,1415700,,Yahoo Finance daily,2026-07-22T16:59:02
2020-04-07,us,VRT,9.020000457763672,9.279999732971191,8.100000381469727,8.140000343322754,1974700,,Yahoo Finance daily,2026-07-22T16:59:02
2020-04-08,us,VRT,8.229999542236328,8.729999542236328,8.1899995803833,8.5,1550600,,Yahoo Finance daily,2026-07-22T16:59:02
2020-04-09,us,VRT,8.800000190734863,9.359999656677246,8.75,9.1899995803833,2207500,,Yahoo Finance daily,2026-07-22T16:59:02
2020-04-13,us,VRT,8.970000267028809,9.760000228881836,8.949999809265137,9.649999618530273,2202400,,Yahoo Finance daily,2026-07-22T16:59:02
2020-04-14,us,VRT,9.720000267028809,10.369999885559082,9.720000267028809,9.880000114440918,2254300,,Yahoo Finance daily,2026-07-22T16:59:02
2020-04-15,us,VRT,9.699999809265137,10.015000343322754,9.239999771118164,9.720000267028809,1091500,,Yahoo Finance daily,2026-07-22T16:59:02
2020-04-16,us,VRT,9.770000457763672,10.149999618530273,9.670000076293945,10.0,1551100,,Yahoo Finance daily,2026-07-22T16:59:02
2020-04-17,us,VRT,10.329999923706055,10.600000381469727,10.074999809265137,10.279999732971191,2105700,,Yahoo Finance daily,2026-07-22T16:59:02
2020-04-20,us,VRT,10.130000114440918,10.600000381469727,9.850000381469727,10.260000228881836,865800,,Yahoo Finance daily,2026-07-22T16:59:02
2020-04-21,us,VRT,10.079999923706055,10.319999694824219,9.760000228881836,9.979999542236328,2111300,,Yahoo Finance daily,2026-07-22T16:59:02
2020-04-22,us,VRT,10.119999885559082,10.350000381469727,9.84000015258789,10.0,1884500,,Yahoo Finance daily,2026-07-22T16:59:02
2020-04-23,us,VRT,10.010000228881836,10.380000114440918,9.869999885559082,10.09000015258789,981000,,Yahoo Finance daily,2026-07-22T16:59:02
2020-04-24,us,VRT,10.229999542236328,10.470000267028809,10.039999961853027,10.260000228881836,753700,,Yahoo Finance daily,2026-07-22T16:59:02
2020-04-27,us,VRT,10.399999618530273,10.569999694824219,10.210000038146973,10.369999885559082,1096800,,Yahoo Finance daily,2026-07-22T16:59:02
2020-04-28,us,VRT,10.5,10.8100004196167,10.100000381469727,10.449999809265137,1192000,,Yahoo Finance daily,2026-07-22T16:59:02
2020-04-29,us,VRT,10.710000038146973,10.859999656677246,10.5,10.649999618530273,1242400,,Yahoo Finance daily,2026-07-22T16:59:02
2020-04-30,us,VRT,10.630000114440918,10.835000038146973,10.0600004196167,10.59000015258789,1567000,,Yahoo Finance daily,2026-07-22T16:59:02
2020-05-01,us,VRT,10.420000076293945,10.59000015258789,9.819999694824219,10.289999961853027,2055300,,Yahoo Finance daily,2026-07-22T16:59:02
2020-05-04,us,VRT,10.399999618530273,10.399999618530273,9.979999542236328,10.09000015258789,1527400,,Yahoo Finance daily,2026-07-22T16:59:02
2020-05-05,us,VRT,10.130000114440918,10.5,10.100000381469727,10.399999618530273,2763700,,Yahoo Finance daily,2026-07-22T16:59:02
2020-05-06,us,VRT,9.850000381469727,10.869999885559082,9.720000267028809,10.649999618530273,4518500,,Yahoo Finance daily,2026-07-22T16:59:02
2020-05-07,us,VRT,11.029999732971191,11.359999656677246,10.789999961853027,10.869999885559082,2720500,,Yahoo Finance daily,2026-07-22T16:59:02
2020-05-08,us,VRT,10.960000038146973,11.399999618530273,10.899999618530273,11.010000228881836,2308600,,Yahoo Finance daily,2026-07-22T16:59:02
2020-05-11,us,VRT,11.229999542236328,11.800000190734863,11.0600004196167,11.539999961853027,2556400,,Yahoo Finance daily,2026-07-22T16:59:02
2020-05-12,us,VRT,11.640000343322754,11.800000190734863,11.479999542236328,11.5600004196167,1971700,,Yahoo Finance daily,2026-07-22T16:59:02
2020-05-13,us,VRT,11.529999732971191,11.649999618530273,11.069999694824219,11.239999771118164,2783000,,Yahoo Finance daily,2026-07-22T16:59:02
2020-05-14,us,VRT,11.069999694824219,11.640000343322754,10.75,11.59000015258789,1927100,,Yahoo Finance daily,2026-07-22T16:59:02
2020-05-15,us,VRT,11.5,11.630000114440918,11.279999732971191,11.449999809265137,1591700,,Yahoo Finance daily,2026-07-22T16:59:02
2020-05-18,us,VRT,11.75,12.25,11.4399995803833,11.710000038146973,2161800,,Yahoo Finance daily,2026-07-22T16:59:02
2020-05-19,us,VRT,11.6899995803833,12.180000305175781,11.649999618530273,11.75,1527600,,Yahoo Finance daily,2026-07-22T16:59:02
2020-05-20,us,VRT,12.0,12.4399995803833,11.960000038146973,11.970000267028809,2236500,,Yahoo Finance daily,2026-07-22T16:59:02
2020-05-21,us,VRT,12.010000228881836,12.300000190734863,11.770000457763672,12.020000457763672,2635400,,Yahoo Finance daily,2026-07-22T16:59:02
2020-05-22,us,VRT,12.0600004196167,12.180000305175781,11.979999542236328,12.069999694824219,2370700,,Yahoo Finance daily,2026-07-22T16:59:02
2020-05-26,us,VRT,12.470000267028809,12.579999923706055,12.210000038146973,12.489999771118164,3573400,,Yahoo Finance daily,2026-07-22T16:59:02
2020-05-27,us,VRT,12.75,12.75,12.305000305175781,12.449999809265137,3815200,,Yahoo Finance daily,2026-07-22T16:59:02
2020-05-28,us,VRT,12.550000190734863,12.800000190734863,12.25,12.550000190734863,1189100,,Yahoo Finance daily,2026-07-22T16:59:02
2020-05-29,us,VRT,12.430000305175781,12.829999923706055,12.119999885559082,12.729999542236328,3242400,,Yahoo Finance daily,2026-07-22T16:59:02
2020-06-01,us,VRT,12.75,13.609999656677246,12.729999542236328,13.3100004196167,2224700,,Yahoo Finance daily,2026-07-22T16:59:02
2020-06-02,us,VRT,13.270000457763672,13.65999984741211,13.100000381469727,13.470000267028809,2440400,,Yahoo Finance daily,2026-07-22T16:59:02
2020-06-03,us,VRT,13.600000381469727,14.005000114440918,13.4399995803833,13.920000076293945,2661900,,Yahoo Finance daily,2026-07-22T16:59:02
2020-06-04,us,VRT,13.699999809265137,14.069999694824219,13.470000267028809,13.640000343322754,2451900,,Yahoo Finance daily,2026-07-22T16:59:02
2020-06-05,us,VRT,13.960000038146973,14.420000076293945,13.680000305175781,14.0,2638000,,Yahoo Finance daily,2026-07-22T16:59:02
2020-06-08,us,VRT,14.229999542236328,15.029999732971191,14.050000190734863,14.859999656677246,7791500,,Yahoo Finance daily,2026-07-22T16:59:02
2020-06-09,us,VRT,14.6899995803833,15.050000190734863,14.15999984741211,14.220000267028809,2446200,,Yahoo Finance daily,2026-07-22T16:59:02
2020-06-10,us,VRT,14.279999732971191,14.539999961853027,14.079999923706055,14.220000267028809,2268700,,Yahoo Finance daily,2026-07-22T16:59:02
2020-06-11,us,VRT,13.779999732971191,14.020000457763672,13.4399995803833,13.539999961853027,2480500,,Yahoo Finance daily,2026-07-22T16:59:02
2020-06-12,us,VRT,13.949999809265137,14.550000190734863,13.897000312805176,14.260000228881836,2562200,,Yahoo Finance daily,2026-07-22T16:59:02
2020-06-15,us,VRT,13.960000038146973,14.3149995803833,13.869999885559082,14.239999771118164,2419600,,Yahoo Finance daily,2026-07-22T16:59:02
2020-06-16,us,VRT,14.539999961853027,14.84000015258789,14.329999923706055,14.489999771118164,2556100,,Yahoo Finance daily,2026-07-22T16:59:02
2020-06-17,us,VRT,14.609999656677246,14.609999656677246,13.930000305175781,14.15999984741211,4404800,,Yahoo Finance daily,2026-07-22T16:59:02
2020-06-18,us,VRT,14.020000457763672,14.4399995803833,14.020000457763672,14.270000457763672,5284400,,Yahoo Finance daily,2026-07-22T16:59:02
2020-06-19,us,VRT,14.34000015258789,14.470000267028809,13.760000228881836,13.819999694824219,5114600,,Yahoo Finance daily,2026-07-22T16:59:02
2020-06-22,us,VRT,13.779999732971191,13.895000457763672,13.15999984741211,13.479999542236328,7418200,,Yahoo Finance daily,2026-07-22T16:59:02
2020-06-23,us,VRT,13.770000457763672,14.010000228881836,13.430000305175781,13.579999923706055,7218300,,Yahoo Finance daily,2026-07-22T16:59:02
2020-06-24,us,VRT,13.479999542236328,13.654999732971191,13.039999961853027,13.1899995803833,2230400,,Yahoo Finance daily,2026-07-22T16:59:02
2020-06-25,us,VRT,13.1899995803833,13.270000457763672,12.670000076293945,12.979999542236328,2936700,,Yahoo Finance daily,2026-07-22T16:59:02
2020-06-26,us,VRT,13.010000228881836,13.15999984741211,12.09000015258789,12.270000457763672,16064100,,Yahoo Finance daily,2026-07-22T16:59:02
2020-06-29,us,VRT,12.420000076293945,13.109999656677246,12.109999656677246,13.109999656677246,2720700,,Yahoo Finance daily,2026-07-22T16:59:02
2020-06-30,us,VRT,13.140000343322754,13.640000343322754,12.789999961853027,13.5600004196167,3386500,,Yahoo Finance daily,2026-07-22T16:59:02
2020-07-01,us,VRT,13.5,14.039999961853027,13.369999885559082,13.970000267028809,3589000,,Yahoo Finance daily,2026-07-22T16:59:02
2020-07-02,us,VRT,14.170000076293945,14.170000076293945,13.90999984741211,14.069999694824219,2013100,,Yahoo Finance daily,2026-07-22T16:59:02
2020-07-06,us,VRT,14.289999961853027,14.350000381469727,13.875,13.970000267028809,1592700,,Yahoo Finance daily,2026-07-22T16:59:02
2020-07-07,us,VRT,13.930000305175781,13.930000305175781,13.510000228881836,13.619999885559082,2169300,,Yahoo Finance daily,2026-07-22T16:59:02
2020-07-08,us,VRT,13.609999656677246,13.970000267028809,13.609999656677246,13.829999923706055,3022300,,Yahoo Finance daily,2026-07-22T16:59:02
2020-07-09,us,VRT,13.819999694824219,14.0,13.46500015258789,13.880000114440918,2176400,,Yahoo Finance daily,2026-07-22T16:59:02
2020-07-10,us,VRT,13.920000076293945,14.010000228881836,13.680000305175781,13.899999618530273,1746900,,Yahoo Finance daily,2026-07-22T16:59:02
2020-07-13,us,VRT,14.0,14.020000457763672,13.40999984741211,13.539999961853027,3101800,,Yahoo Finance daily,2026-07-22T16:59:02
2020-07-14,us,VRT,13.449999809265137,13.890000343322754,13.449999809265137,13.850000381469727,1694500,,Yahoo Finance daily,2026-07-22T16:59:02
2020-07-15,us,VRT,14.0,14.020000457763672,13.899999618530273,14.0,3458900,,Yahoo Finance daily,2026-07-22T16:59:02
2020-07-16,us,VRT,13.949999809265137,14.045000076293945,13.8149995803833,13.880000114440918,1537400,,Yahoo Finance daily,2026-07-22T16:59:02
2020-07-17,us,VRT,13.9399995803833,14.329999923706055,13.90999984741211,14.239999771118164,2680800,,Yahoo Finance daily,2026-07-22T16:59:02
2020-07-20,us,VRT,14.40999984741211,14.569999694824219,13.9399995803833,13.989999771118164,1466700,,Yahoo Finance daily,2026-07-22T16:59:02
2020-07-21,us,VRT,14.020000457763672,14.119999885559082,13.84000015258789,13.880000114440918,1519100,,Yahoo Finance daily,2026-07-22T16:59:02
2020-07-22,us,VRT,13.850000381469727,13.850000381469727,13.539999961853027,13.760000228881836,2370200,,Yahoo Finance daily,2026-07-22T16:59:02
2020-07-23,us,VRT,13.739999771118164,13.890000343322754,13.510000228881836,13.5600004196167,2122800,,Yahoo Finance daily,2026-07-22T16:59:02
2020-07-24,us,VRT,13.5,13.579999923706055,13.210000038146973,13.579999923706055,1550900,,Yahoo Finance daily,2026-07-22T16:59:02
2020-07-27,us,VRT,13.5600004196167,13.6899995803833,13.449999809265137,13.65999984741211,947900,,Yahoo Finance daily,2026-07-22T16:59:02
2020-07-28,us,VRT,13.539999961853027,13.725000381469727,13.510000228881836,13.550000190734863,1183900,,Yahoo Finance daily,2026-07-22T16:59:02
2020-07-29,us,VRT,13.609999656677246,14.020000457763672,13.609999656677246,14.0,1137500,,Yahoo Finance daily,2026-07-22T16:59:02
2020-07-30,us,VRT,13.779999732971191,14.289999961853027,13.699999809265137,14.25,1261600,,Yahoo Finance daily,2026-07-22T16:59:02
2020-07-31,us,VRT,14.300000190734863,14.569999694824219,14.069999694824219,14.5,1462100,,Yahoo Finance daily,2026-07-22T16:59:02
2020-08-03,us,VRT,14.65999984741211,15.100000381469727,14.649999618530273,15.010000228881836,3192500,,Yahoo Finance daily,2026-07-22T16:59:02
2020-08-04,us,VRT,15.239999771118164,15.550000190734863,14.829999923706055,15.199999809265137,2256100,,Yahoo Finance daily,2026-07-22T16:59:02
2020-08-05,us,VRT,16.709999084472656,17.229999542236328,16.43000030517578,16.889999389648438,4644400,,Yahoo Finance daily,2026-07-22T16:59:02
2020-08-06,us,VRT,16.950000762939453,16.989999771118164,16.100000381469727,16.420000076293945,3011200,,Yahoo Finance daily,2026-07-22T16:59:02
2020-08-07,us,VRT,16.43000030517578,16.770000457763672,16.3799991607666,16.489999771118164,1753200,,Yahoo Finance daily,2026-07-22T16:59:02
2020-08-10,us,VRT,16.639999389648438,17.1299991607666,16.639999389648438,16.8799991607666,2350200,,Yahoo Finance daily,2026-07-22T16:59:02
2020-08-11,us,VRT,17.079999923706055,17.110000610351562,16.690000534057617,16.770000457763672,2344400,,Yahoo Finance daily,2026-07-22T16:59:02
2020-08-12,us,VRT,16.030000686645508,16.5049991607666,15.630000114440918,15.760000228881836,4869500,,Yahoo Finance daily,2026-07-22T16:59:02
2020-08-13,us,VRT,16.43000030517578,16.709999084472656,16.100000381469727,16.65999984741211,12446500,,Yahoo Finance daily,2026-07-22T16:59:02
2020-08-14,us,VRT,16.690000534057617,16.799999237060547,16.290000915527344,16.299999237060547,2871700,,Yahoo Finance daily,2026-07-22T16:59:02
2020-08-17,us,VRT,16.31999969482422,16.424999237060547,15.75,15.75,4364600,,Yahoo Finance daily,2026-07-22T16:59:02
2020-08-18,us,VRT,15.75,15.930000305175781,15.5,15.5,3634400,,Yahoo Finance daily,2026-07-22T16:59:02
2020-08-19,us,VRT,15.5,15.800000190734863,15.420000076293945,15.680000305175781,3102800,,Yahoo Finance daily,2026-07-22T16:59:02
2020-08-20,us,VRT,15.630000114440918,16.3700008392334,15.449999809265137,16.200000762939453,3072500,,Yahoo Finance daily,2026-07-22T16:59:02
2020-08-21,us,VRT,16.079999923706055,16.18000030517578,15.899999618530273,15.90999984741211,4479200,,Yahoo Finance daily,2026-07-22T16:59:02
2020-08-24,us,VRT,16.010000228881836,16.545000076293945,16.010000228881836,16.5,3710200,,Yahoo Finance daily,2026-07-22T16:59:02
2020-08-25,us,VRT,16.530000686645508,17.040000915527344,16.530000686645508,16.920000076293945,2553800,,Yahoo Finance daily,2026-07-22T16:59:02
2020-08-26,us,VRT,16.8700008392334,17.049999237060547,16.56999969482422,16.739999771118164,1933000,,Yahoo Finance daily,2026-07-22T16:59:02
2020-08-27,us,VRT,16.780000686645508,16.969999313354492,16.420000076293945,16.75,1988300,,Yahoo Finance daily,2026-07-22T16:59:02
2020-08-28,us,VRT,16.90999984741211,17.059999465942383,16.450000762939453,16.5,1167100,,Yahoo Finance daily,2026-07-22T16:59:02
2020-08-31,us,VRT,16.559999465942383,16.690000534057617,16.010000228881836,16.229999542236328,1802700,,Yahoo Finance daily,2026-07-22T16:59:02
2020-09-01,us,VRT,16.229999542236328,16.690000534057617,16.059999465942383,16.440000534057617,1393600,,Yahoo Finance daily,2026-07-22T16:59:02
2020-09-02,us,VRT,16.5,16.68000030517578,16.229999542236328,16.639999389648438,1696100,,Yahoo Finance daily,2026-07-22T16:59:02
2020-09-03,us,VRT,16.510000228881836,16.59000015258789,15.770000457763672,15.960000038146973,2272500,,Yahoo Finance daily,2026-07-22T16:59:02
2020-09-04,us,VRT,16.0,16.350000381469727,15.5,16.100000381469727,2199500,,Yahoo Finance daily,2026-07-22T16:59:02
2020-09-08,us,VRT,16.209999084472656,16.665000915527344,15.890000343322754,16.350000381469727,2792800,,Yahoo Finance daily,2026-07-22T16:59:02
2020-09-09,us,VRT,16.43000030517578,16.989999771118164,16.43000030517578,16.850000381469727,2324900,,Yahoo Finance daily,2026-07-22T16:59:02
2020-09-10,us,VRT,17.09000015258789,17.459999084472656,16.79599952697754,16.90999984741211,2899800,,Yahoo Finance daily,2026-07-22T16:59:02
2020-09-11,us,VRT,17.010000228881836,17.209999084472656,16.733999252319336,16.950000762939453,1451200,,Yahoo Finance daily,2026-07-22T16:59:02
2020-09-14,us,VRT,17.200000762939453,17.59000015258789,17.139999389648438,17.540000915527344,2518200,,Yahoo Finance daily,2026-07-22T16:59:02
2020-09-15,us,VRT,18.0,18.0,17.514999389648438,17.65999984741211,2277400,,Yahoo Finance daily,2026-07-22T16:59:02
2020-09-16,us,VRT,17.700000762939453,17.940000534057617,17.56999969482422,17.579999923706055,2337900,,Yahoo Finance daily,2026-07-22T16:59:02
2020-09-17,us,VRT,17.3799991607666,17.829999923706055,17.19499969482422,17.399999618530273,2589600,,Yahoo Finance daily,2026-07-22T16:59:02
2020-09-18,us,VRT,17.520000457763672,17.770000457763672,17.389999389648438,17.610000610351562,11179600,,Yahoo Finance daily,2026-07-22T16:59:02
2020-09-21,us,VRT,17.229999542236328,17.27899932861328,16.75,16.950000762939453,3094400,,Yahoo Finance daily,2026-07-22T16:59:02
2020-09-22,us,VRT,17.079999923706055,17.190000534057617,16.68000030517578,16.969999313354492,1667700,,Yahoo Finance daily,2026-07-22T16:59:02
2020-09-23,us,VRT,16.969999313354492,17.03499984741211,16.454999923706055,16.729999542236328,2038900,,Yahoo Finance daily,2026-07-22T16:59:02
2020-09-24,us,VRT,16.6299991607666,16.815000534057617,16.290000915527344,16.639999389648438,1479700,,Yahoo Finance daily,2026-07-22T16:59:02
2020-09-25,us,VRT,16.739999771118164,16.899999618530273,16.450000762939453,16.81999969482422,1291000,,Yahoo Finance daily,2026-07-22T16:59:02
2020-09-28,us,VRT,17.110000610351562,17.209999084472656,16.764999389648438,16.969999313354492,1916500,,Yahoo Finance daily,2026-07-22T16:59:02
2020-09-29,us,VRT,17.0,17.209999084472656,16.84000015258789,17.1299991607666,2273800,,Yahoo Finance daily,2026-07-22T16:59:02
2020-09-30,us,VRT,17.079999923706055,17.530000686645508,17.030000686645508,17.31999969482422,2140600,,Yahoo Finance daily,2026-07-22T16:59:02
2020-10-01,us,VRT,17.579999923706055,17.899999618530273,17.31999969482422,17.899999618530273,3281600,,Yahoo Finance daily,2026-07-22T16:59:02
2020-10-02,us,VRT,17.260000228881836,18.040000915527344,17.239999771118164,17.59000015258789,2072500,,Yahoo Finance daily,2026-07-22T16:59:02
2020-10-05,us,VRT,17.84000015258789,18.100000381469727,17.600000381469727,17.799999237060547,4075400,,Yahoo Finance daily,2026-07-22T16:59:02
2020-10-06,us,VRT,17.8799991607666,18.200000762939453,17.684999465942383,17.84000015258789,2456100,,Yahoo Finance daily,2026-07-22T16:59:02
2020-10-07,us,VRT,18.010000228881836,18.225000381469727,17.799999237060547,18.100000381469727,2521100,,Yahoo Finance daily,2026-07-22T16:59:02
2020-10-08,us,VRT,18.239999771118164,18.399999618530273,18.0,18.139999389648438,1661500,,Yahoo Finance daily,2026-07-22T16:59:02
2020-10-09,us,VRT,18.239999771118164,18.367000579833984,17.94499969482422,18.040000915527344,1036000,,Yahoo Finance daily,2026-07-22T16:59:02
2020-10-12,us,VRT,18.170000076293945,18.2450008392334,17.834999084472656,17.979999542236328,1562100,,Yahoo Finance daily,2026-07-22T16:59:02
2020-10-13,us,VRT,17.81999969482422,18.09000015258789,17.760000228881836,17.93000030517578,1520500,,Yahoo Finance daily,2026-07-22T16:59:02
2020-10-14,us,VRT,18.43000030517578,18.643999099731445,18.200000762939453,18.309999465942383,2604400,,Yahoo Finance daily,2026-07-22T16:59:02
2020-10-15,us,VRT,18.020000457763672,18.5,17.899999618530273,18.329999923706055,2096500,,Yahoo Finance daily,2026-07-22T16:59:02
2020-10-16,us,VRT,18.5,18.59000015258789,18.299999237060547,18.34000015258789,3381800,,Yahoo Finance daily,2026-07-22T16:59:02
2020-10-19,us,VRT,18.860000610351562,18.93000030517578,18.209999084472656,18.31999969482422,3165700,,Yahoo Finance daily,2026-07-22T16:59:02
2020-10-20,us,VRT,18.360000610351562,18.84000015258789,18.34000015258789,18.510000228881836,1919300,,Yahoo Finance daily,2026-07-22T16:59:02
2020-10-21,us,VRT,18.6299991607666,18.875,18.479999542236328,18.56999969482422,2029900,,Yahoo Finance daily,2026-07-22T16:59:02
2020-10-22,us,VRT,18.6299991607666,19.079999923706055,18.600000381469727,19.049999237060547,2900700,,Yahoo Finance daily,2026-07-22T16:59:02
2020-10-23,us,VRT,19.0,19.183000564575195,18.450000762939453,18.84000015258789,2237500,,Yahoo Finance daily,2026-07-22T16:59:02
2020-10-26,us,VRT,18.6200008392334,18.649999618530273,18.040000915527344,18.170000076293945,3688100,,Yahoo Finance daily,2026-07-22T16:59:02
2020-10-27,us,VRT,18.149999618530273,18.280000686645508,17.709999084472656,17.920000076293945,2147800,,Yahoo Finance daily,2026-07-22T16:59:02
2020-10-28,us,VRT,17.540000915527344,17.899999618530273,17.5049991607666,17.600000381469727,1650400,,Yahoo Finance daily,2026-07-22T16:59:02
2020-10-29,us,VRT,17.739999771118164,18.0,17.514999389648438,17.940000534057617,1506700,,Yahoo Finance daily,2026-07-22T16:59:02
2020-10-30,us,VRT,17.84000015258789,18.010000228881836,17.31999969482422,17.649999618530273,2097100,,Yahoo Finance daily,2026-07-22T16:59:02
2020-11-02,us,VRT,17.889999389648438,18.1299991607666,17.290000915527344,17.40999984741211,3679800,,Yahoo Finance daily,2026-07-22T16:59:02
2020-11-03,us,VRT,17.6200008392334,17.90999984741211,17.270000457763672,17.600000381469727,2448000,,Yahoo Finance daily,2026-07-22T16:59:02
2020-11-04,us,VRT,17.649999618530273,18.649999618530273,17.239999771118164,17.350000381469727,3915700,,Yahoo Finance daily,2026-07-22T16:59:02
2020-11-05,us,VRT,17.93000030517578,18.100000381469727,17.209999084472656,17.280000686645508,2086200,,Yahoo Finance daily,2026-07-22T16:59:02
2020-11-06,us,VRT,17.31999969482422,17.450000762939453,16.8799991607666,16.959999084472656,2642700,,Yahoo Finance daily,2026-07-22T16:59:02
2020-11-09,us,VRT,17.8700008392334,17.979999542236328,16.850000381469727,16.899999618530273,3974400,,Yahoo Finance daily,2026-07-22T16:59:02
2020-11-10,us,VRT,16.899999618530273,17.0,16.645000457763672,16.81999969482422,2996200,,Yahoo Finance daily,2026-07-22T16:59:02
2020-11-11,us,VRT,16.959999084472656,17.350000381469727,16.822999954223633,17.350000381469727,1742100,,Yahoo Finance daily,2026-07-22T16:59:02
2020-11-12,us,VRT,17.469999313354492,17.610000610351562,17.059999465942383,17.309999465942383,1927800,,Yahoo Finance daily,2026-07-22T16:59:02
2020-11-13,us,VRT,17.969999313354492,18.200000762939453,17.649999618530273,17.989999771118164,16417800,,Yahoo Finance daily,2026-07-22T16:59:02
2020-11-16,us,VRT,18.25,18.469999313354492,17.940000534057617,18.270000457763672,6663700,,Yahoo Finance daily,2026-07-22T16:59:02
2020-11-17,us,VRT,18.170000076293945,18.6299991607666,18.110000610351562,18.40999984741211,3459800,,Yahoo Finance daily,2026-07-22T16:59:02
2020-11-18,us,VRT,18.450000762939453,18.670000076293945,18.09000015258789,18.100000381469727,4945000,,Yahoo Finance daily,2026-07-22T16:59:02
2020-11-19,us,VRT,18.190000534057617,18.655000686645508,18.010000228881836,18.540000915527344,2605800,,Yahoo Finance daily,2026-07-22T16:59:02
2020-11-20,us,VRT,18.420000076293945,18.719999313354492,18.399999618530273,18.6200008392334,2086600,,Yahoo Finance daily,2026-07-22T16:59:02
2020-11-23,us,VRT,18.799999237060547,18.9950008392334,18.709999084472656,18.969999313354492,2501500,,Yahoo Finance daily,2026-07-22T16:59:02
2020-11-24,us,VRT,19.040000915527344,19.149999618530273,18.489999771118164,18.639999389648438,3199400,,Yahoo Finance daily,2026-07-22T16:59:02
2020-11-25,us,VRT,18.540000915527344,18.90999984741211,18.290000915527344,18.829999923706055,1766600,,Yahoo Finance daily,2026-07-22T16:59:02
2020-11-27,us,VRT,18.940000534057617,18.989999771118164,18.725000381469727,18.850000381469727,831200,,Yahoo Finance daily,2026-07-22T16:59:02
2020-11-30,us,VRT,18.850000381469727,19.149999618530273,18.520000457763672,18.709999084472656,2224000,,Yahoo Finance daily,2026-07-22T16:59:02
2020-12-01,us,VRT,18.770000457763672,19.4060001373291,18.559999465942383,19.389999389648438,6334900,,Yahoo Finance daily,2026-07-22T16:59:02
2020-12-02,us,VRT,19.40999984741211,19.579999923706055,18.950000762939453,19.389999389648438,2584300,,Yahoo Finance daily,2026-07-22T16:59:02
2020-12-03,us,VRT,19.399999618530273,19.75,19.094999313354492,19.239999771118164,3120000,,Yahoo Finance daily,2026-07-22T16:59:02
2020-12-04,us,VRT,19.399999618530273,19.75,19.239999771118164,19.75,1927900,,Yahoo Finance daily,2026-07-22T16:59:02
2020-12-07,us,VRT,19.790000915527344,19.790000915527344,19.200000762939453,19.389999389648438,2415700,,Yahoo Finance daily,2026-07-22T16:59:02
2020-12-08,us,VRT,19.670000076293945,19.90999984741211,19.399999618530273,19.90999984741211,3607800,,Yahoo Finance daily,2026-07-22T16:59:02
2020-12-09,us,VRT,20.040000915527344,20.139999389648438,18.7450008392334,18.920000076293945,4283800,,Yahoo Finance daily,2026-07-22T16:59:02
2020-12-10,us,VRT,18.65999984741211,19.149999618530273,18.65999984741211,19.030000686645508,3212300,,Yahoo Finance daily,2026-07-22T16:59:02
2020-12-11,us,VRT,19.0,19.40999984741211,18.950000762939453,18.979999542236328,3147000,,Yahoo Finance daily,2026-07-22T16:59:02
2020-12-14,us,VRT,19.100000381469727,19.253999710083008,18.6200008392334,19.030000686645508,2983100,,Yahoo Finance daily,2026-07-22T16:59:02
2020-12-15,us,VRT,19.219999313354492,19.260000228881836,18.93000030517578,19.0,2411100,,Yahoo Finance daily,2026-07-22T16:59:02
2020-12-16,us,VRT,18.829999923706055,18.975000381469727,18.559999465942383,18.75,3401600,,Yahoo Finance daily,2026-07-22T16:59:02
2020-12-17,us,VRT,18.860000610351562,19.469999313354492,18.71500015258789,19.280000686645508,4416100,,Yahoo Finance daily,2026-07-22T16:59:02
2020-12-18,us,VRT,19.3700008392334,19.59000015258789,18.975000381469727,19.190000534057617,4474300,,Yahoo Finance daily,2026-07-22T16:59:02
2020-12-21,us,VRT,18.950000762939453,19.200000762939453,18.8799991607666,19.010000228881836,2361700,,Yahoo Finance daily,2026-07-22T16:59:02
2020-12-22,us,VRT,19.110000610351562,19.170000076293945,18.674999237060547,18.959999084472656,2289100,,Yahoo Finance daily,2026-07-22T16:59:02
2020-12-23,us,VRT,19.049999237060547,19.104999542236328,18.885000228881836,19.0,1814900,,Yahoo Finance daily,2026-07-22T16:59:02
2020-12-24,us,VRT,18.889999389648438,19.055999755859375,18.8799991607666,18.93000030517578,506000,,Yahoo Finance daily,2026-07-22T16:59:02
2020-12-28,us,VRT,19.1200008392334,19.15999984741211,18.635000228881836,18.649999618530273,2069500,,Yahoo Finance daily,2026-07-22T16:59:02
2020-12-29,us,VRT,18.719999313354492,18.784000396728516,18.40999984741211,18.5,1927700,,Yahoo Finance daily,2026-07-22T16:59:02
2020-12-30,us,VRT,18.5,18.809999465942383,18.440000534057617,18.59000015258789,1942100,,Yahoo Finance daily,2026-07-22T16:59:02
2020-12-31,us,VRT,18.649999618530273,18.809999465942383,18.469999313354492,18.670000076293945,1724300,,Yahoo Finance daily,2026-07-22T16:59:02
2021-01-04,us,VRT,18.760000228881836,18.84000015258789,18.34000015258789,18.520000457763672,3548500,,Yahoo Finance daily,2026-07-22T16:59:02
2021-01-05,us,VRT,18.459999084472656,18.649999618530273,18.084999084472656,18.149999618530273,3283300,,Yahoo Finance daily,2026-07-22T16:59:02
2021-01-06,us,VRT,18.170000076293945,18.420000076293945,17.93000030517578,18.25,4894500,,Yahoo Finance daily,2026-07-22T16:59:02
2021-01-07,us,VRT,18.540000915527344,18.649999618530273,18.100000381469727,18.270000457763672,3248200,,Yahoo Finance daily,2026-07-22T16:59:02
2021-01-08,us,VRT,18.219999313354492,18.469999313354492,17.8799991607666,18.06999969482422,6194900,,Yahoo Finance daily,2026-07-22T16:59:02
2021-01-11,us,VRT,17.969999313354492,18.364999771118164,17.94499969482422,18.079999923706055,3522900,,Yahoo Finance daily,2026-07-22T16:59:02
2021-01-12,us,VRT,18.1299991607666,18.440000534057617,18.1299991607666,18.3700008392334,4936900,,Yahoo Finance daily,2026-07-22T16:59:02
2021-01-13,us,VRT,18.389999389648438,18.700000762939453,18.139999389648438,18.690000534057617,5570400,,Yahoo Finance daily,2026-07-22T16:59:02
2021-01-14,us,VRT,18.8700008392334,19.0,18.600000381469727,18.780000686645508,6251700,,Yahoo Finance daily,2026-07-22T16:59:02
2021-01-15,us,VRT,18.6299991607666,19.559999465942383,18.6299991607666,19.510000228881836,4458400,,Yahoo Finance daily,2026-07-22T16:59:02
2021-01-19,us,VRT,19.790000915527344,20.639999389648438,19.600000381469727,20.610000610351562,7240600,,Yahoo Finance daily,2026-07-22T16:59:02
2021-01-20,us,VRT,21.149999618530273,21.489999771118164,20.6200008392334,20.790000915527344,10998700,,Yahoo Finance daily,2026-07-22T16:59:02
2021-01-21,us,VRT,20.889999389648438,21.06999969482422,20.1299991607666,20.610000610351562,6646700,,Yahoo Finance daily,2026-07-22T16:59:02
2021-01-22,us,VRT,20.530000686645508,20.68000030517578,19.850000381469727,20.010000228881836,3341100,,Yahoo Finance daily,2026-07-22T16:59:02
2021-01-25,us,VRT,20.0,20.270000457763672,19.68000030517578,20.200000762939453,3258100,,Yahoo Finance daily,2026-07-22T16:59:02
2021-01-26,us,VRT,20.459999084472656,20.959999084472656,20.459999084472656,20.709999084472656,4830700,,Yahoo Finance daily,2026-07-22T16:59:02
2021-01-27,us,VRT,20.31999969482422,20.31999969482422,19.579999923706055,19.690000534057617,7543900,,Yahoo Finance daily,2026-07-22T16:59:02
2021-01-28,us,VRT,19.860000610351562,20.200000762939453,19.3700008392334,20.020000457763672,4299100,,Yahoo Finance daily,2026-07-22T16:59:02
2021-01-29,us,VRT,20.010000228881836,20.469999313354492,19.639999389648438,20.1200008392334,4962000,,Yahoo Finance daily,2026-07-22T16:59:02
2021-02-01,us,VRT,20.420000076293945,20.6299991607666,19.90999984741211,20.139999389648438,4228300,,Yahoo Finance daily,2026-07-22T16:59:02
2021-02-02,us,VRT,20.25,20.3700008392334,19.979999542236328,20.1200008392334,3230300,,Yahoo Finance daily,2026-07-22T16:59:02
2021-02-03,us,VRT,20.149999618530273,20.350000381469727,19.559999465942383,20.09000015258789,2695600,,Yahoo Finance daily,2026-07-22T16:59:02
2021-02-04,us,VRT,20.18000030517578,20.579999923706055,20.020000457763672,20.559999465942383,2044600,,Yahoo Finance daily,2026-07-22T16:59:02
2021-02-05,us,VRT,20.700000762939453,21.18000030517578,20.610000610351562,20.899999618530273,2862100,,Yahoo Finance daily,2026-07-22T16:59:02
2021-02-08,us,VRT,21.059999465942383,21.309999465942383,20.979999542236328,21.309999465942383,3150900,,Yahoo Finance daily,2026-07-22T16:59:02
2021-02-09,us,VRT,21.280000686645508,21.399999618530273,20.8700008392334,20.899999618530273,1609500,,Yahoo Finance daily,2026-07-22T16:59:02
2021-02-10,us,VRT,20.969999313354492,21.584999084472656,20.690000534057617,21.309999465942383,2409500,,Yahoo Finance daily,2026-07-22T16:59:02
2021-02-11,us,VRT,21.469999313354492,22.43000030517578,20.98200035095215,21.15999984741211,2739700,,Yahoo Finance daily,2026-07-22T16:59:02
2021-02-12,us,VRT,21.030000686645508,21.6299991607666,21.030000686645508,21.440000534057617,2935400,,Yahoo Finance daily,2026-07-22T16:59:02
2021-02-16,us,VRT,21.600000381469727,21.700000762939453,21.114999771118164,21.299999237060547,3156700,,Yahoo Finance daily,2026-07-22T16:59:02
2021-02-17,us,VRT,21.100000381469727,21.270000457763672,20.690000534057617,21.149999618530273,2536000,,Yahoo Finance daily,2026-07-22T16:59:02
2021-02-18,us,VRT,20.940000534057617,21.229999542236328,20.68000030517578,21.030000686645508,2742200,,Yahoo Finance daily,2026-07-22T16:59:02
2021-02-19,us,VRT,21.209999084472656,21.809999465942383,21.1299991607666,21.6299991607666,3680600,,Yahoo Finance daily,2026-07-22T16:59:02
2021-02-22,us,VRT,21.5,21.788999557495117,21.260000228881836,21.329999923706055,2835200,,Yahoo Finance daily,2026-07-22T16:59:02
2021-02-23,us,VRT,20.530000686645508,21.725000381469727,19.899999618530273,21.700000762939453,5856800,,Yahoo Finance daily,2026-07-22T16:59:02
2021-02-24,us,VRT,20.0,21.3700008392334,19.469999313354492,20.799999237060547,9617200,,Yahoo Finance daily,2026-07-22T16:59:02
2021-02-25,us,VRT,21.399999618530273,21.399999618530273,19.950000762939453,20.329999923706055,7092600,,Yahoo Finance daily,2026-07-22T16:59:02
2021-02-26,us,VRT,20.489999771118164,21.06999969482422,20.21500015258789,20.93000030517578,4103400,,Yahoo Finance daily,2026-07-22T16:59:02
2021-03-01,us,VRT,21.0,21.540000915527344,20.719999313354492,21.31999969482422,9549700,,Yahoo Finance daily,2026-07-22T16:59:02
2021-03-02,us,VRT,21.299999237060547,21.600000381469727,20.80500030517578,20.950000762939453,4736400,,Yahoo Finance daily,2026-07-22T16:59:02
2021-03-03,us,VRT,21.079999923706055,21.389999389648438,20.719999313354492,20.899999618530273,4456200,,Yahoo Finance daily,2026-07-22T16:59:02
2021-03-04,us,VRT,20.770000457763672,21.15999984741211,19.209999084472656,20.040000915527344,8668900,,Yahoo Finance daily,2026-07-22T16:59:02
2021-03-05,us,VRT,20.260000228881836,20.469999313354492,18.959999084472656,20.049999237060547,7871400,,Yahoo Finance daily,2026-07-22T16:59:02
2021-03-08,us,VRT,20.100000381469727,20.489999771118164,19.4950008392334,19.65999984741211,4648400,,Yahoo Finance daily,2026-07-22T16:59:02
2021-03-09,us,VRT,20.1299991607666,20.3799991607666,19.825000762939453,20.209999084472656,4125900,,Yahoo Finance daily,2026-07-22T16:59:02
2021-03-10,us,VRT,20.40999984741211,20.780000686645508,20.184999465942383,20.6299991607666,3875500,,Yahoo Finance daily,2026-07-22T16:59:02
2021-03-11,us,VRT,21.0,21.530000686645508,20.899999618530273,21.170000076293945,5271700,,Yahoo Finance daily,2026-07-22T16:59:02
2021-03-12,us,VRT,21.0,21.40999984741211,20.899999618530273,21.06999969482422,2404500,,Yahoo Finance daily,2026-07-22T16:59:02
2021-03-15,us,VRT,21.229999542236328,21.299999237060547,20.889999389648438,21.110000610351562,3331500,,Yahoo Finance daily,2026-07-22T16:59:02
2021-03-16,us,VRT,21.06999969482422,21.260000228881836,20.229999542236328,20.420000076293945,3141800,,Yahoo Finance daily,2026-07-22T16:59:02
2021-03-17,us,VRT,20.06999969482422,20.790000915527344,20.06999969482422,20.709999084472656,3053100,,Yahoo Finance daily,2026-07-22T16:59:02
2021-03-18,us,VRT,20.59000015258789,20.790000915527344,20.209999084472656,20.239999771118164,3094600,,Yahoo Finance daily,2026-07-22T16:59:02
2021-03-19,us,VRT,20.149999618530273,20.690000534057617,19.989999771118164,20.450000762939453,4649400,,Yahoo Finance daily,2026-07-22T16:59:02
2021-03-22,us,VRT,20.360000610351562,20.56999969482422,19.959999084472656,20.360000610351562,3272600,,Yahoo Finance daily,2026-07-22T16:59:02
2021-03-23,us,VRT,20.360000610351562,20.540000915527344,19.475000381469727,19.540000915527344,3831200,,Yahoo Finance daily,2026-07-22T16:59:02
2021-03-24,us,VRT,19.549999237060547,19.829999923706055,19.139999389648438,19.200000762939453,2981800,,Yahoo Finance daily,2026-07-22T16:59:02
2021-03-25,us,VRT,19.0,19.479999542236328,18.530000686645508,19.40999984741211,5115100,,Yahoo Finance daily,2026-07-22T16:59:02
2021-03-26,us,VRT,19.5,19.829999923706055,19.274999618530273,19.489999771118164,6852400,,Yahoo Finance daily,2026-07-22T16:59:02
2021-03-29,us,VRT,19.469999313354492,19.649999618530273,19.084999084472656,19.280000686645508,4390700,,Yahoo Finance daily,2026-07-22T16:59:02
2021-03-30,us,VRT,19.290000915527344,19.899999618530273,18.90999984741211,19.780000686645508,7039600,,Yahoo Finance daily,2026-07-22T16:59:02
2021-03-31,us,VRT,19.950000762939453,20.274999618530273,19.719999313354492,20.0,3594800,,Yahoo Finance daily,2026-07-22T16:59:02
2021-04-01,us,VRT,20.190000534057617,21.020000457763672,20.020000457763672,21.010000228881836,4111700,,Yahoo Finance daily,2026-07-22T16:59:02
2021-04-05,us,VRT,21.25,21.350000381469727,20.799999237060547,20.969999313354492,2572200,,Yahoo Finance daily,2026-07-22T16:59:02
2021-04-06,us,VRT,20.950000762939453,21.610000610351562,20.760000228881836,21.540000915527344,3588800,,Yahoo Finance daily,2026-07-22T16:59:02
2021-04-07,us,VRT,21.530000686645508,21.670000076293945,21.079999923706055,21.170000076293945,2482000,,Yahoo Finance daily,2026-07-22T16:59:02
2021-04-08,us,VRT,22.010000228881836,22.110000610351562,21.170000076293945,21.489999771118164,2850800,,Yahoo Finance daily,2026-07-22T16:59:02
2021-04-09,us,VRT,21.3700008392334,21.520000457763672,21.229999542236328,21.43000030517578,1855300,,Yahoo Finance daily,2026-07-22T16:59:02
2021-04-12,us,VRT,21.329999923706055,21.700000762939453,21.312999725341797,21.600000381469727,1816400,,Yahoo Finance daily,2026-07-22T16:59:02
2021-04-13,us,VRT,21.65999984741211,21.969999313354492,21.4950008392334,21.959999084472656,3224600,,Yahoo Finance daily,2026-07-22T16:59:02
2021-04-14,us,VRT,22.0,22.309999465942383,21.969999313354492,22.139999389648438,4170700,,Yahoo Finance daily,2026-07-22T16:59:02
2021-04-15,us,VRT,22.350000381469727,22.549999237060547,22.219999313354492,22.399999618530273,6105000,,Yahoo Finance daily,2026-07-22T16:59:02
2021-04-16,us,VRT,22.559999465942383,22.725000381469727,22.280000686645508,22.469999313354492,3932100,,Yahoo Finance daily,2026-07-22T16:59:02
2021-04-19,us,VRT,22.31999969482422,22.489999771118164,22.110000610351562,22.25,3582300,,Yahoo Finance daily,2026-07-22T16:59:02
2021-04-20,us,VRT,22.25,22.34000015258789,21.329999923706055,21.780000686645508,4778500,,Yahoo Finance daily,2026-07-22T16:59:02
2021-04-21,us,VRT,21.690000534057617,21.924999237060547,21.530000686645508,21.799999237060547,2333200,,Yahoo Finance daily,2026-07-22T16:59:02
2021-04-22,us,VRT,22.030000686645508,22.059999465942383,21.68000030517578,21.969999313354492,2973900,,Yahoo Finance daily,2026-07-22T16:59:02
2021-04-23,us,VRT,22.1299991607666,22.209999084472656,21.75,21.770000457763672,2426500,,Yahoo Finance daily,2026-07-22T16:59:02
2021-04-26,us,VRT,21.790000915527344,22.469999313354492,21.790000915527344,22.399999618530273,4198600,,Yahoo Finance daily,2026-07-22T16:59:02
2021-04-27,us,VRT,22.399999618530273,23.264999389648438,22.209999084472656,23.079999923706055,4706000,,Yahoo Finance daily,2026-07-22T16:59:02
2021-04-28,us,VRT,23.15999984741211,23.15999984741211,22.40999984741211,22.989999771118164,6045100,,Yahoo Finance daily,2026-07-22T16:59:02
2021-04-29,us,VRT,23.260000228881836,23.479999542236328,22.889999389648438,23.25,3677800,,Yahoo Finance daily,2026-07-22T16:59:02
2021-04-30,us,VRT,23.030000686645508,23.18000030517578,22.625,22.700000762939453,2825100,,Yahoo Finance daily,2026-07-22T16:59:02
2021-05-03,us,VRT,22.93000030517578,23.020000457763672,22.5049991607666,22.81999969482422,2853400,,Yahoo Finance daily,2026-07-22T16:59:02
2021-05-04,us,VRT,22.530000686645508,22.719999313354492,22.290000915527344,22.600000381469727,3274200,,Yahoo Finance daily,2026-07-22T16:59:02
2021-05-05,us,VRT,22.65999984741211,22.915000915527344,22.46500015258789,22.889999389648438,2813000,,Yahoo Finance daily,2026-07-22T16:59:02
2021-05-06,us,VRT,22.8700008392334,23.09000015258789,22.385000228881836,22.860000610351562,2999800,,Yahoo Finance daily,2026-07-22T16:59:02
2021-05-07,us,VRT,22.8799991607666,23.139999389648438,22.729999542236328,23.010000228881836,2921400,,Yahoo Finance daily,2026-07-22T16:59:02
2021-05-10,us,VRT,23.010000228881836,23.09000015258789,22.579999923706055,22.700000762939453,1815000,,Yahoo Finance daily,2026-07-22T16:59:02
2021-05-11,us,VRT,22.31999969482422,22.639999389648438,22.200000762939453,22.360000610351562,1979800,,Yahoo Finance daily,2026-07-22T16:59:02
2021-05-12,us,VRT,22.18000030517578,22.540000915527344,21.729999542236328,21.760000228881836,2717200,,Yahoo Finance daily,2026-07-22T16:59:02
2021-05-13,us,VRT,21.899999618530273,22.450000762939453,21.860000610351562,22.209999084472656,1967400,,Yahoo Finance daily,2026-07-22T16:59:02
2021-05-14,us,VRT,22.329999923706055,23.3700008392334,22.219999313354492,23.309999465942383,2018600,,Yahoo Finance daily,2026-07-22T16:59:02
2021-05-17,us,VRT,23.219999313354492,23.290000915527344,22.950000762939453,23.1299991607666,2584900,,Yahoo Finance daily,2026-07-22T16:59:02
2021-05-18,us,VRT,23.1299991607666,23.635000228881836,23.049999237060547,23.190000534057617,1826500,,Yahoo Finance daily,2026-07-22T16:59:02
2021-05-19,us,VRT,23.010000228881836,23.469999313354492,22.6299991607666,23.459999084472656,2364500,,Yahoo Finance daily,2026-07-22T16:59:02
2021-05-20,us,VRT,23.610000610351562,23.875,23.450000762939453,23.649999618530273,2184000,,Yahoo Finance daily,2026-07-22T16:59:02
2021-05-21,us,VRT,23.889999389648438,24.014999389648438,23.6299991607666,23.649999618530273,2348000,,Yahoo Finance daily,2026-07-22T16:59:02
2021-05-24,us,VRT,23.850000381469727,24.469999313354492,23.679000854492188,24.329999923706055,2521200,,Yahoo Finance daily,2026-07-22T16:59:02
2021-05-25,us,VRT,24.31999969482422,24.579999923706055,24.045000076293945,24.270000457763672,3424300,,Yahoo Finance daily,2026-07-22T16:59:02
2021-05-26,us,VRT,24.469999313354492,24.670000076293945,24.100000381469727,24.420000076293945,2441200,,Yahoo Finance daily,2026-07-22T16:59:02
2021-05-27,us,VRT,24.40999984741211,24.709999084472656,24.239999771118164,24.6200008392334,2594700,,Yahoo Finance daily,2026-07-22T16:59:02
2021-05-28,us,VRT,24.700000762939453,24.954999923706055,24.625,24.81999969482422,2414600,,Yahoo Finance daily,2026-07-22T16:59:02
2021-06-01,us,VRT,24.979999542236328,25.059999465942383,24.690000534057617,24.920000076293945,2157000,,Yahoo Finance daily,2026-07-22T16:59:02
2021-06-02,us,VRT,24.920000076293945,25.049999237060547,24.670000076293945,25.049999237060547,2919100,,Yahoo Finance daily,2026-07-22T16:59:02
2021-06-03,us,VRT,24.940000534057617,25.290000915527344,24.6299991607666,25.149999618530273,2156900,,Yahoo Finance daily,2026-07-22T16:59:02
2021-06-04,us,VRT,25.309999465942383,25.5,25.0,25.350000381469727,2479100,,Yahoo Finance daily,2026-07-22T16:59:02
2021-06-07,us,VRT,25.510000228881836,25.700000762939453,25.329999923706055,25.649999618530273,3265100,,Yahoo Finance daily,2026-07-22T16:59:02
2021-06-08,us,VRT,25.709999084472656,26.190000534057617,25.415000915527344,26.010000228881836,2676400,,Yahoo Finance daily,2026-07-22T16:59:02
2021-06-09,us,VRT,26.100000381469727,26.520000457763672,25.829999923706055,26.260000228881836,4194700,,Yahoo Finance daily,2026-07-22T16:59:02
2021-06-10,us,VRT,26.260000228881836,26.549999237060547,25.899999618530273,25.90999984741211,2396200,,Yahoo Finance daily,2026-07-22T16:59:02
2021-06-11,us,VRT,26.010000228881836,26.219999313354492,25.889999389648438,26.209999084472656,1262800,,Yahoo Finance daily,2026-07-22T16:59:02
2021-06-14,us,VRT,26.260000228881836,26.3700008392334,25.84000015258789,25.889999389648438,2155800,,Yahoo Finance daily,2026-07-22T16:59:02
2021-06-15,us,VRT,25.920000076293945,25.979999542236328,25.690000534057617,25.90999984741211,1974200,,Yahoo Finance daily,2026-07-22T16:59:02
2021-06-16,us,VRT,25.989999771118164,26.600000381469727,25.989999771118164,26.549999237060547,4274000,,Yahoo Finance daily,2026-07-22T16:59:02
2021-06-17,us,VRT,26.459999084472656,26.825000762939453,26.100000381469727,26.450000762939453,3588600,,Yahoo Finance daily,2026-07-22T16:59:02
2021-06-18,us,VRT,26.010000228881836,26.440000534057617,25.93000030517578,26.1200008392334,2464000,,Yahoo Finance daily,2026-07-22T16:59:02
2021-06-21,us,VRT,26.170000076293945,26.649999618530273,26.059999465942383,26.639999389648438,1845900,,Yahoo Finance daily,2026-07-22T16:59:02
2021-06-22,us,VRT,26.649999618530273,26.90999984741211,26.434999465942383,26.8700008392334,1575800,,Yahoo Finance daily,2026-07-22T16:59:02
2021-06-23,us,VRT,26.899999618530273,27.1299991607666,26.80500030517578,26.979999542236328,1305400,,Yahoo Finance daily,2026-07-22T16:59:02
2021-06-24,us,VRT,27.100000381469727,27.43000030517578,26.950000762939453,27.209999084472656,1838000,,Yahoo Finance daily,2026-07-22T16:59:02
2021-06-25,us,VRT,27.270000457763672,27.579999923706055,27.049999237060547,27.149999618530273,3838100,,Yahoo Finance daily,2026-07-22T16:59:02
2021-06-28,us,VRT,27.1200008392334,27.15999984741211,26.739999771118164,27.079999923706055,1547200,,Yahoo Finance daily,2026-07-22T16:59:02
2021-06-29,us,VRT,27.110000610351562,27.489999771118164,27.059999465942383,27.18000030517578,1581100,,Yahoo Finance daily,2026-07-22T16:59:02
2021-06-30,us,VRT,27.309999465942383,27.56999969482422,27.209999084472656,27.299999237060547,2655600,,Yahoo Finance daily,2026-07-22T16:59:02
2021-07-01,us,VRT,27.270000457763672,27.777999877929688,27.100000381469727,27.459999084472656,2929000,,Yahoo Finance daily,2026-07-22T16:59:02
2021-07-02,us,VRT,27.540000915527344,27.56999969482422,26.871000289916992,26.950000762939453,1858700,,Yahoo Finance daily,2026-07-22T16:59:02
2021-07-06,us,VRT,27.059999465942383,27.639999389648438,26.8700008392334,27.610000610351562,1759400,,Yahoo Finance daily,2026-07-22T16:59:02
2021-07-07,us,VRT,27.639999389648438,27.809999465942383,26.829999923706055,27.030000686645508,2032300,,Yahoo Finance daily,2026-07-22T16:59:02
2021-07-08,us,VRT,26.600000381469727,27.40999984741211,26.15999984741211,27.190000534057617,2056400,,Yahoo Finance daily,2026-07-22T16:59:02
2021-07-09,us,VRT,27.309999465942383,27.43000030517578,27.0,27.389999389648438,1180800,,Yahoo Finance daily,2026-07-22T16:59:02
2021-07-12,us,VRT,27.329999923706055,27.579999923706055,27.229999542236328,27.43000030517578,1312600,,Yahoo Finance daily,2026-07-22T16:59:02
2021-07-13,us,VRT,27.399999618530273,27.635000228881836,27.219999313354492,27.25,1237600,,Yahoo Finance daily,2026-07-22T16:59:02
2021-07-14,us,VRT,27.424999237060547,27.530000686645508,26.440000534057617,26.65999984741211,2081100,,Yahoo Finance daily,2026-07-22T16:59:02
2021-07-15,us,VRT,26.540000915527344,26.915000915527344,26.325000762939453,26.489999771118164,2480600,,Yahoo Finance daily,2026-07-22T16:59:02
2021-07-16,us,VRT,26.760000228881836,26.844999313354492,26.479999542236328,26.559999465942383,1848900,,Yahoo Finance daily,2026-07-22T16:59:02
2021-07-19,us,VRT,26.190000534057617,26.6299991607666,26.040000915527344,26.6299991607666,2177200,,Yahoo Finance daily,2026-07-22T16:59:02
2021-07-20,us,VRT,26.700000762939453,27.3799991607666,26.700000762939453,27.15999984741211,2200600,,Yahoo Finance daily,2026-07-22T16:59:02
2021-07-21,us,VRT,27.149999618530273,27.729999542236328,27.149999618530273,27.65999984741211,2594000,,Yahoo Finance daily,2026-07-22T16:59:02
2021-07-22,us,VRT,27.709999084472656,27.75,27.209999084472656,27.440000534057617,1822700,,Yahoo Finance daily,2026-07-22T16:59:02
2021-07-23,us,VRT,27.31999969482422,27.80500030517578,27.31999969482422,27.739999771118164,970300,,Yahoo Finance daily,2026-07-22T16:59:02
2021-07-26,us,VRT,27.790000915527344,27.940000534057617,27.459999084472656,27.510000228881836,1184900,,Yahoo Finance daily,2026-07-22T16:59:02
2021-07-27,us,VRT,27.5,27.700000762939453,27.229999542236328,27.670000076293945,2186600,,Yahoo Finance daily,2026-07-22T16:59:02
2021-07-28,us,VRT,27.31999969482422,27.78499984741211,26.43000030517578,27.610000610351562,2797600,,Yahoo Finance daily,2026-07-22T16:59:02
2021-07-29,us,VRT,27.940000534057617,28.450000762939453,27.770000457763672,28.1299991607666,2570800,,Yahoo Finance daily,2026-07-22T16:59:02
2021-07-30,us,VRT,28.190000534057617,28.34000015258789,28.014999389648438,28.040000915527344,2066600,,Yahoo Finance daily,2026-07-22T16:59:02
2021-08-02,us,VRT,28.079999923706055,28.170000076293945,27.68000030517578,27.729999542236328,2362500,,Yahoo Finance daily,2026-07-22T16:59:02
2021-08-03,us,VRT,27.850000381469727,28.260000228881836,27.600000381469727,28.0,2921600,,Yahoo Finance daily,2026-07-22T16:59:02
2021-08-04,us,VRT,27.959999084472656,28.239999771118164,27.56999969482422,27.6200008392334,1626100,,Yahoo Finance daily,2026-07-22T16:59:02
2021-08-05,us,VRT,27.520000457763672,27.6200008392334,27.139999389648438,27.350000381469727,2566600,,Yahoo Finance daily,2026-07-22T16:59:02
2021-08-06,us,VRT,27.399999618530273,27.65999984741211,27.190000534057617,27.260000228881836,2168200,,Yahoo Finance daily,2026-07-22T16:59:02
2021-08-09,us,VRT,27.209999084472656,27.559999465942383,27.020000457763672,27.520000457763672,2363500,,Yahoo Finance daily,2026-07-22T16:59:02
2021-08-10,us,VRT,27.540000915527344,27.670000076293945,26.959999084472656,27.030000686645508,2207800,,Yahoo Finance daily,2026-07-22T16:59:02
2021-08-11,us,VRT,26.969999313354492,27.139999389648438,26.350000381469727,27.020000457763672,3030900,,Yahoo Finance daily,2026-07-22T16:59:02
2021-08-12,us,VRT,27.06999969482422,27.540000915527344,26.924999237060547,27.459999084472656,2756500,,Yahoo Finance daily,2026-07-22T16:59:02
2021-08-13,us,VRT,27.43000030517578,27.469999313354492,27.010000228881836,27.149999618530273,1027400,,Yahoo Finance daily,2026-07-22T16:59:02
2021-08-16,us,VRT,27.209999084472656,27.25,26.84000015258789,26.920000076293945,1590800,,Yahoo Finance daily,2026-07-22T16:59:02
2021-08-17,us,VRT,26.75,27.0,26.6299991607666,26.959999084472656,1616300,,Yahoo Finance daily,2026-07-22T16:59:02
2021-08-18,us,VRT,26.979999542236328,27.350000381469727,26.799999237060547,26.950000762939453,1424600,,Yahoo Finance daily,2026-07-22T16:59:02
2021-08-19,us,VRT,26.780000686645508,27.079999923706055,26.579999923706055,26.59000015258789,1458600,,Yahoo Finance daily,2026-07-22T16:59:02
2021-08-20,us,VRT,26.549999237060547,27.135000228881836,26.549999237060547,27.079999923706055,1584300,,Yahoo Finance daily,2026-07-22T16:59:02
2021-08-23,us,VRT,27.290000915527344,27.420000076293945,27.135000228881836,27.290000915527344,1690000,,Yahoo Finance daily,2026-07-22T16:59:02
2021-08-24,us,VRT,27.389999389648438,27.709999084472656,27.3700008392334,27.520000457763672,1252000,,Yahoo Finance daily,2026-07-22T16:59:02
2021-08-25,us,VRT,27.469999313354492,27.770000457763672,27.385000228881836,27.670000076293945,1671000,,Yahoo Finance daily,2026-07-22T16:59:02
2021-08-26,us,VRT,27.739999771118164,27.93000030517578,27.649999618530273,27.899999618530273,1085500,,Yahoo Finance daily,2026-07-22T16:59:02
2021-08-27,us,VRT,28.0,28.514999389648438,27.8799991607666,28.290000915527344,856300,,Yahoo Finance daily,2026-07-22T16:59:02
2021-08-30,us,VRT,28.3700008392334,28.764999389648438,28.31999969482422,28.549999237060547,1116000,,Yahoo Finance daily,2026-07-22T16:59:02
2021-08-31,us,VRT,28.549999237060547,28.719999313354492,28.100000381469727,28.170000076293945,889900,,Yahoo Finance daily,2026-07-22T16:59:02
2021-09-01,us,VRT,28.270000457763672,28.420000076293945,28.049999237060547,28.360000610351562,1011500,,Yahoo Finance daily,2026-07-22T16:59:02
2021-09-02,us,VRT,28.510000228881836,28.799999237060547,28.441999435424805,28.59000015258789,961100,,Yahoo Finance daily,2026-07-22T16:59:02
2021-09-03,us,VRT,28.520000457763672,28.719999313354492,28.114999771118164,28.190000534057617,730000,,Yahoo Finance daily,2026-07-22T16:59:02
2021-09-07,us,VRT,28.18000030517578,28.290000915527344,27.979999542236328,28.040000915527344,1030500,,Yahoo Finance daily,2026-07-22T16:59:02
2021-09-08,us,VRT,26.700000762939453,27.010000228881836,25.709999084472656,25.989999771118164,5216800,,Yahoo Finance daily,2026-07-22T16:59:02
2021-09-09,us,VRT,25.68000030517578,25.920000076293945,24.829999923706055,25.06999969482422,5095000,,Yahoo Finance daily,2026-07-22T16:59:02
2021-09-10,us,VRT,25.170000076293945,25.290000915527344,24.5,24.530000686645508,3810000,,Yahoo Finance daily,2026-07-22T16:59:02
2021-09-13,us,VRT,24.0,24.489999771118164,23.649999618530273,23.969999313354492,4860100,,Yahoo Finance daily,2026-07-22T16:59:02
2021-09-14,us,VRT,24.020000457763672,24.06999969482422,23.489999771118164,23.639999389648438,3141700,,Yahoo Finance daily,2026-07-22T16:59:02
2021-09-15,us,VRT,23.56999969482422,23.739999771118164,23.405000686645508,23.549999237060547,3112300,,Yahoo Finance daily,2026-07-22T16:59:02
2021-09-16,us,VRT,23.559999465942383,24.094999313354492,23.5,24.0,2947800,,Yahoo Finance daily,2026-07-22T16:59:02
2021-09-17,us,VRT,24.020000457763672,24.200000762939453,23.645000457763672,23.729999542236328,4570500,,Yahoo Finance daily,2026-07-22T16:59:02
2021-09-20,us,VRT,23.31999969482422,23.860000610351562,23.09000015258789,23.860000610351562,2993200,,Yahoo Finance daily,2026-07-22T16:59:02
2021-09-21,us,VRT,24.0,24.03499984741211,23.565000534057617,23.690000534057617,2078600,,Yahoo Finance daily,2026-07-22T16:59:02
2021-09-22,us,VRT,23.7450008392334,24.104999542236328,23.670000076293945,24.0,1708100,,Yahoo Finance daily,2026-07-22T16:59:02
2021-09-23,us,VRT,24.09000015258789,24.5,24.0049991607666,24.110000610351562,3519200,,Yahoo Finance daily,2026-07-22T16:59:02
2021-09-24,us,VRT,24.0,24.070999145507812,23.739999771118164,23.829999923706055,2126100,,Yahoo Finance daily,2026-07-22T16:59:02
2021-09-27,us,VRT,23.729999542236328,24.174999237060547,23.690000534057617,24.149999618530273,3350000,,Yahoo Finance daily,2026-07-22T16:59:02
2021-09-28,us,VRT,24.0,24.139999389648438,23.405000686645508,23.68000030517578,2479400,,Yahoo Finance daily,2026-07-22T16:59:02
2021-09-29,us,VRT,23.760000228881836,24.469999313354492,23.700000762939453,24.280000686645508,3017900,,Yahoo Finance daily,2026-07-22T16:59:02
2021-09-30,us,VRT,24.31999969482422,24.55500030517578,24.06999969482422,24.09000015258789,4069800,,Yahoo Finance daily,2026-07-22T16:59:02
2021-10-01,us,VRT,24.09000015258789,24.6200008392334,23.69499969482422,24.540000915527344,3352600,,Yahoo Finance daily,2026-07-22T16:59:02
2021-10-04,us,VRT,24.770000457763672,24.799999237060547,23.520000457763672,23.760000228881836,3431500,,Yahoo Finance daily,2026-07-22T16:59:02
2021-10-05,us,VRT,23.75,23.864999771118164,23.100000381469727,23.1299991607666,3387300,,Yahoo Finance daily,2026-07-22T16:59:02
2021-10-06,us,VRT,23.0,23.149999618530273,22.801000595092773,23.06999969482422,1911300,,Yahoo Finance daily,2026-07-22T16:59:02
2021-10-07,us,VRT,23.09000015258789,23.450000762939453,23.024999618530273,23.1200008392334,1660900,,Yahoo Finance daily,2026-07-22T16:59:02
2021-10-08,us,VRT,23.200000762939453,23.200000762939453,22.40999984741211,22.43000030517578,2343500,,Yahoo Finance daily,2026-07-22T16:59:02
2021-10-11,us,VRT,22.31999969482422,22.459999084472656,22.06999969482422,22.270000457763672,2803400,,Yahoo Finance daily,2026-07-22T16:59:02
2021-10-12,us,VRT,22.280000686645508,22.489999771118164,21.56999969482422,21.709999084472656,3381300,,Yahoo Finance daily,2026-07-22T16:59:02
2021-10-13,us,VRT,21.799999237060547,21.979999542236328,21.329999923706055,21.860000610351562,4905500,,Yahoo Finance daily,2026-07-22T16:59:02
2021-10-14,us,VRT,22.040000915527344,22.989999771118164,22.0,22.860000610351562,3530900,,Yahoo Finance daily,2026-07-22T16:59:02
2021-10-15,us,VRT,23.079999923706055,23.399999618530273,22.780000686645508,22.920000076293945,1928700,,Yahoo Finance daily,2026-07-22T16:59:02
2021-10-18,us,VRT,22.81999969482422,23.450000762939453,22.809999465942383,23.219999313354492,2785600,,Yahoo Finance daily,2026-07-22T16:59:02
2021-10-19,us,VRT,23.3700008392334,23.670000076293945,23.18000030517578,23.3799991607666,1703700,,Yahoo Finance daily,2026-07-22T16:59:02
2021-10-20,us,VRT,23.600000381469727,23.600000381469727,23.19499969482422,23.469999313354492,1218000,,Yahoo Finance daily,2026-07-22T16:59:02
2021-10-21,us,VRT,23.350000381469727,23.81999969482422,23.280000686645508,23.799999237060547,1465200,,Yahoo Finance daily,2026-07-22T16:59:02
2021-10-22,us,VRT,23.93000030517578,24.290000915527344,23.799999237060547,24.06999969482422,2415300,,Yahoo Finance daily,2026-07-22T16:59:02
2021-10-25,us,VRT,24.030000686645508,24.350000381469727,23.825000762939453,24.209999084472656,1751600,,Yahoo Finance daily,2026-07-22T16:59:02
2021-10-26,us,VRT,24.420000076293945,24.485000610351562,24.030000686645508,24.049999237060547,1876300,,Yahoo Finance daily,2026-07-22T16:59:02
2021-10-27,us,VRT,24.360000610351562,25.190000534057617,23.979999542236328,24.690000534057617,4845700,,Yahoo Finance daily,2026-07-22T16:59:02
2021-10-28,us,VRT,25.049999237060547,26.225000381469727,24.540000915527344,25.700000762939453,3870600,,Yahoo Finance daily,2026-07-22T16:59:02
2021-10-29,us,VRT,25.489999771118164,25.78499984741211,25.31999969482422,25.68000030517578,2092100,,Yahoo Finance daily,2026-07-22T16:59:02
2021-11-01,us,VRT,25.81999969482422,26.145000457763672,25.31999969482422,26.049999237060547,5267900,,Yahoo Finance daily,2026-07-22T16:59:02
2021-11-02,us,VRT,24.90999984741211,25.389999389648438,24.68199920654297,25.149999618530273,13370900,,Yahoo Finance daily,2026-07-22T16:59:02
2021-11-03,us,VRT,25.170000076293945,25.954999923706055,24.84000015258789,25.809999465942383,7516400,,Yahoo Finance daily,2026-07-22T16:59:02
2021-11-04,us,VRT,25.950000762939453,27.2450008392334,25.854999542236328,26.950000762939453,4065100,,Yahoo Finance daily,2026-07-22T16:59:02
2021-11-05,us,VRT,27.079999923706055,27.670000076293945,26.93000030517578,27.6299991607666,5864200,,Yahoo Finance daily,2026-07-22T16:59:02
2021-11-08,us,VRT,27.770000457763672,27.969999313354492,27.459999084472656,27.540000915527344,3972700,,Yahoo Finance daily,2026-07-22T16:59:02
2021-11-09,us,VRT,27.520000457763672,27.549999237060547,26.795000076293945,26.969999313354492,1638100,,Yahoo Finance daily,2026-07-22T16:59:02
2021-11-10,us,VRT,26.93000030517578,27.34000015258789,26.459999084472656,26.65999984741211,1580700,,Yahoo Finance daily,2026-07-22T16:59:02
2021-11-11,us,VRT,26.790000915527344,27.110000610351562,26.579999923706055,26.700000762939453,1647400,,Yahoo Finance daily,2026-07-22T16:59:02
2021-11-12,us,VRT,26.709999084472656,26.84000015258789,26.3700008392334,26.709999084472656,2112900,,Yahoo Finance daily,2026-07-22T16:59:02
2021-11-15,us,VRT,27.049999237060547,27.28499984741211,26.780000686645508,26.920000076293945,2419700,,Yahoo Finance daily,2026-07-22T16:59:02
2021-11-16,us,VRT,26.809999465942383,27.110000610351562,26.7450008392334,26.84000015258789,2365600,,Yahoo Finance daily,2026-07-22T16:59:02
2021-11-17,us,VRT,26.829999923706055,26.920000076293945,26.614999771118164,26.760000228881836,908400,,Yahoo Finance daily,2026-07-22T16:59:02
2021-11-18,us,VRT,26.799999237060547,26.84000015258789,26.280000686645508,26.59000015258789,5429400,,Yahoo Finance daily,2026-07-22T16:59:02
2021-11-19,us,VRT,26.549999237060547,27.229999542236328,26.40999984741211,26.979999542236328,2201100,,Yahoo Finance daily,2026-07-22T16:59:02
2021-11-22,us,VRT,27.209999084472656,27.329999923706055,26.299999237060547,26.59000015258789,2552400,,Yahoo Finance daily,2026-07-22T16:59:02
2021-11-23,us,VRT,26.360000610351562,26.520000457763672,25.139999389648438,25.6200008392334,5577000,,Yahoo Finance daily,2026-07-22T16:59:02
2021-11-24,us,VRT,26.229999542236328,26.280000686645508,25.479999542236328,26.239999771118164,1777600,,Yahoo Finance daily,2026-07-22T16:59:02
2021-11-26,us,VRT,25.829999923706055,26.100000381469727,25.489999771118164,25.780000686645508,1458200,,Yahoo Finance daily,2026-07-22T16:59:02
2021-11-29,us,VRT,26.18000030517578,26.260000228881836,25.56999969482422,25.989999771118164,1388400,,Yahoo Finance daily,2026-07-22T16:59:02
2021-11-30,us,VRT,25.829999923706055,25.989999771118164,25.209999084472656,25.639999389648438,2968000,,Yahoo Finance daily,2026-07-22T16:59:02
2021-12-01,us,VRT,25.920000076293945,26.19499969482422,24.639999389648438,24.700000762939453,3421100,,Yahoo Finance daily,2026-07-22T16:59:02
2021-12-02,us,VRT,24.899999618530273,25.639999389648438,24.770000457763672,25.639999389648438,3097100,,Yahoo Finance daily,2026-07-22T16:59:02
2021-12-03,us,VRT,25.770000457763672,26.030000686645508,25.229999542236328,25.510000228881836,1476100,,Yahoo Finance daily,2026-07-22T16:59:02
2021-12-06,us,VRT,25.489999771118164,25.8799991607666,24.65999984741211,25.829999923706055,2578600,,Yahoo Finance daily,2026-07-22T16:59:02
2021-12-07,us,VRT,26.290000915527344,26.895000457763672,26.149999618530273,26.559999465942383,3742700,,Yahoo Finance daily,2026-07-22T16:59:02
2021-12-08,us,VRT,26.719999313354492,27.040000915527344,26.469999313354492,26.760000228881836,1648400,,Yahoo Finance daily,2026-07-22T16:59:02
2021-12-09,us,VRT,26.579999923706055,26.760000228881836,25.899999618530273,25.989999771118164,2272600,,Yahoo Finance daily,2026-07-22T16:59:02
2021-12-10,us,VRT,26.049999237060547,26.239999771118164,25.44300079345703,25.780000686645508,1405400,,Yahoo Finance daily,2026-07-22T16:59:02
2021-12-13,us,VRT,25.700000762939453,25.959999084472656,25.399999618530273,25.450000762939453,1558200,,Yahoo Finance daily,2026-07-22T16:59:02
2021-12-14,us,VRT,24.799999237060547,24.899999618530273,23.81999969482422,24.34000015258789,3494300,,Yahoo Finance daily,2026-07-22T16:59:02
2021-12-15,us,VRT,24.395000457763672,25.108999252319336,24.280000686645508,25.020000457763672,1504700,,Yahoo Finance daily,2026-07-22T16:59:02
2021-12-16,us,VRT,25.290000915527344,25.510000228881836,23.850000381469727,24.020000457763672,1907200,,Yahoo Finance daily,2026-07-22T16:59:02
2021-12-17,us,VRT,23.81999969482422,24.354999542236328,23.149999618530273,23.950000762939453,3752600,,Yahoo Finance daily,2026-07-22T16:59:02
2021-12-20,us,VRT,23.520000457763672,23.829999923706055,23.329999923706055,23.790000915527344,2400100,,Yahoo Finance daily,2026-07-22T16:59:02
2021-12-21,us,VRT,24.0,24.280000686645508,23.75,24.190000534057617,1101100,,Yahoo Finance daily,2026-07-22T16:59:02
2021-12-22,us,VRT,24.15999984741211,24.270000457763672,23.700000762939453,23.979999542236328,1619100,,Yahoo Finance daily,2026-07-22T16:59:02
2021-12-23,us,VRT,24.139999389648438,24.94499969482422,23.979999542236328,24.860000610351562,1208700,,Yahoo Finance daily,2026-07-22T16:59:02
2021-12-27,us,VRT,24.899999618530273,25.059999465942383,24.549999237060547,24.979999542236328,1398500,,Yahoo Finance daily,2026-07-22T16:59:02
2021-12-28,us,VRT,24.940000534057617,24.979999542236328,24.420000076293945,24.700000762939453,1282300,,Yahoo Finance daily,2026-07-22T16:59:02
2021-12-29,us,VRT,24.700000762939453,25.1200008392334,24.579999923706055,25.0,1106300,,Yahoo Finance daily,2026-07-22T16:59:02
2021-12-30,us,VRT,25.0,25.354999542236328,25.0,25.18000030517578,2279300,,Yahoo Finance daily,2026-07-22T16:59:02
2021-12-31,us,VRT,25.09000015258789,25.239999771118164,24.920000076293945,24.969999313354492,1349500,,Yahoo Finance daily,2026-07-22T16:59:02
2022-01-03,us,VRT,25.170000076293945,25.170000076293945,24.024999618530273,24.3799991607666,4275100,,Yahoo Finance daily,2026-07-22T16:59:02
2022-01-04,us,VRT,24.260000228881836,24.368000030517578,23.549999237060547,23.920000076293945,2508200,,Yahoo Finance daily,2026-07-22T16:59:02
2022-01-05,us,VRT,23.829999923706055,23.899999618530273,22.729999542236328,22.84000015258789,3887900,,Yahoo Finance daily,2026-07-22T16:59:02
2022-01-06,us,VRT,22.795000076293945,23.5,22.40999984741211,23.399999618530273,2417000,,Yahoo Finance daily,2026-07-22T16:59:02
2022-01-07,us,VRT,23.479999542236328,23.770000457763672,22.530000686645508,22.549999237060547,4071600,,Yahoo Finance daily,2026-07-22T16:59:02
2022-01-10,us,VRT,22.5,23.549999237060547,22.34000015258789,23.540000915527344,2855500,,Yahoo Finance daily,2026-07-22T16:59:02
2022-01-11,us,VRT,23.5049991607666,23.979999542236328,23.350000381469727,23.969999313354492,2299700,,Yahoo Finance daily,2026-07-22T16:59:02
2022-01-12,us,VRT,24.170000076293945,24.290000915527344,23.399999618530273,23.90999984741211,2179300,,Yahoo Finance daily,2026-07-22T16:59:02
2022-01-13,us,VRT,24.06999969482422,24.19499969482422,23.719999313354492,23.770000457763672,2507700,,Yahoo Finance daily,2026-07-22T16:59:02
2022-01-14,us,VRT,23.6200008392334,23.770000457763672,22.8700008392334,23.290000915527344,1810500,,Yahoo Finance daily,2026-07-22T16:59:02
2022-01-18,us,VRT,22.889999389648438,23.15999984741211,22.459999084472656,22.729999542236328,2087100,,Yahoo Finance daily,2026-07-22T16:59:02
2022-01-19,us,VRT,22.850000381469727,23.1299991607666,22.31999969482422,22.389999389648438,3156400,,Yahoo Finance daily,2026-07-22T16:59:02
2022-01-20,us,VRT,22.385000228881836,23.059999465942383,21.959999084472656,21.979999542236328,1784000,,Yahoo Finance daily,2026-07-22T16:59:02
2022-01-21,us,VRT,21.969999313354492,22.09000015258789,21.31999969482422,21.34000015258789,2037800,,Yahoo Finance daily,2026-07-22T16:59:02
2022-01-24,us,VRT,21.020000457763672,22.0,20.538000106811523,21.920000076293945,2565900,,Yahoo Finance daily,2026-07-22T16:59:02
2022-01-25,us,VRT,21.610000610351562,21.739999771118164,20.704999923706055,21.209999084472656,1641500,,Yahoo Finance daily,2026-07-22T16:59:02
2022-01-26,us,VRT,21.440000534057617,21.610000610351562,20.48200035095215,20.6299991607666,2274300,,Yahoo Finance daily,2026-07-22T16:59:02
2022-01-27,us,VRT,20.8700008392334,21.100000381469727,19.56999969482422,19.65999984741211,3074100,,Yahoo Finance daily,2026-07-22T16:59:02
2022-01-28,us,VRT,19.639999389648438,20.059999465942383,19.110000610351562,20.049999237060547,2054600,,Yahoo Finance daily,2026-07-22T16:59:02
2022-01-31,us,VRT,20.059999465942383,20.93000030517578,20.049999237060547,20.860000610351562,2576800,,Yahoo Finance daily,2026-07-22T16:59:02
2022-02-01,us,VRT,21.049999237060547,21.280000686645508,20.479999542236328,21.110000610351562,2720900,,Yahoo Finance daily,2026-07-22T16:59:02
2022-02-02,us,VRT,21.239999771118164,21.579999923706055,21.110000610351562,21.329999923706055,2412600,,Yahoo Finance daily,2026-07-22T16:59:02
2022-02-03,us,VRT,20.899999618530273,21.40999984741211,20.854999542236328,20.93000030517578,4568800,,Yahoo Finance daily,2026-07-22T16:59:02
2022-02-04,us,VRT,20.93000030517578,21.469999313354492,20.704999923706055,21.329999923706055,2645400,,Yahoo Finance daily,2026-07-22T16:59:02
2022-02-07,us,VRT,21.3700008392334,22.09000015258789,21.31999969482422,21.6200008392334,3592600,,Yahoo Finance daily,2026-07-22T16:59:02
2022-02-08,us,VRT,21.68000030517578,22.600000381469727,21.68000030517578,22.520000457763672,3952700,,Yahoo Finance daily,2026-07-22T16:59:02
2022-02-09,us,VRT,22.8700008392334,23.100000381469727,22.459999084472656,22.81999969482422,1580100,,Yahoo Finance daily,2026-07-22T16:59:02
2022-02-10,us,VRT,22.43000030517578,23.079999923706055,22.295000076293945,22.40999984741211,1350100,,Yahoo Finance daily,2026-07-22T16:59:02
2022-02-11,us,VRT,22.40999984741211,22.540000915527344,20.959999084472656,21.139999389648438,1771800,,Yahoo Finance daily,2026-07-22T16:59:02
2022-02-14,us,VRT,21.010000228881836,21.34000015258789,20.600000381469727,20.81999969482422,1553600,,Yahoo Finance daily,2026-07-22T16:59:02
2022-02-15,us,VRT,21.25,21.700000762939453,21.09000015258789,21.68000030517578,1348500,,Yahoo Finance daily,2026-07-22T16:59:02
2022-02-16,us,VRT,21.59000015258789,22.209999084472656,21.420000076293945,21.959999084472656,1166700,,Yahoo Finance daily,2026-07-22T16:59:02
2022-02-17,us,VRT,21.670000076293945,21.735000610351562,20.670000076293945,20.690000534057617,1210500,,Yahoo Finance daily,2026-07-22T16:59:02
2022-02-18,us,VRT,20.790000915527344,21.190000534057617,20.43000030517578,20.469999313354492,1685300,,Yahoo Finance daily,2026-07-22T16:59:02
2022-02-22,us,VRT,20.219999313354492,20.350000381469727,19.514999389648438,19.56999969482422,2898600,,Yahoo Finance daily,2026-07-22T16:59:02
2022-02-23,us,VRT,12.119999885559082,12.649999618530273,10.75,12.380000114440918,44348900,,Yahoo Finance daily,2026-07-22T16:59:02
2022-02-24,us,VRT,11.479999542236328,12.5600004196167,11.3100004196167,12.390000343322754,17918800,,Yahoo Finance daily,2026-07-22T16:59:02
2022-02-25,us,VRT,12.390000343322754,13.390000343322754,12.324999809265137,13.199999809265137,17192100,,Yahoo Finance daily,2026-07-22T16:59:02
2022-02-28,us,VRT,12.9399995803833,13.390000343322754,12.819999694824219,13.020000457763672,7558800,,Yahoo Finance daily,2026-07-22T16:59:02
2022-03-01,us,VRT,12.880000114440918,12.989999771118164,12.5600004196167,12.59000015258789,7668200,,Yahoo Finance daily,2026-07-22T16:59:02
2022-03-02,us,VRT,12.619999885559082,12.739999771118164,11.875,12.0,7589400,,Yahoo Finance daily,2026-07-22T16:59:02
2022-03-03,us,VRT,12.020000457763672,12.059000015258789,11.40999984741211,11.5,6230000,,Yahoo Finance daily,2026-07-22T16:59:02
2022-03-04,us,VRT,11.430000305175781,11.529999732971191,10.390000343322754,10.569999694824219,8436600,,Yahoo Finance daily,2026-07-22T16:59:02
2022-03-07,us,VRT,10.680000305175781,10.710000038146973,10.029999732971191,10.050000190734863,10042700,,Yahoo Finance daily,2026-07-22T16:59:02
2022-03-08,us,VRT,10.100000381469727,10.3100004196167,9.59000015258789,10.1899995803833,6391600,,Yahoo Finance daily,2026-07-22T16:59:02
2022-03-09,us,VRT,10.529999732971191,11.100000381469727,10.475000381469727,10.920000076293945,7174900,,Yahoo Finance daily,2026-07-22T16:59:02
2022-03-10,us,VRT,10.600000381469727,11.489999771118164,10.470000267028809,11.390000343322754,6141800,,Yahoo Finance daily,2026-07-22T16:59:02
2022-03-11,us,VRT,11.539999961853027,11.975000381469727,11.479999542236328,11.84000015258789,6518900,,Yahoo Finance daily,2026-07-22T16:59:02
2022-03-14,us,VRT,11.8100004196167,12.0,10.975000381469727,11.130000114440918,5718300,,Yahoo Finance daily,2026-07-22T16:59:02
2022-03-15,us,VRT,11.15999984741211,11.920000076293945,10.954999923706055,11.890000343322754,5581900,,Yahoo Finance daily,2026-07-22T16:59:02
2022-03-16,us,VRT,12.020000457763672,12.550000190734863,12.010000228881836,12.319999694824219,5783100,,Yahoo Finance daily,2026-07-22T16:59:02
2022-03-17,us,VRT,12.210000038146973,13.390000343322754,12.154999732971191,13.220000267028809,5278000,,Yahoo Finance daily,2026-07-22T16:59:02
2022-03-18,us,VRT,13.039999961853027,13.619999885559082,13.039999961853027,13.399999618530273,4513500,,Yahoo Finance daily,2026-07-22T16:59:02
2022-03-21,us,VRT,13.6850004196167,13.779999732971191,12.854999542236328,13.039999961853027,6229400,,Yahoo Finance daily,2026-07-22T16:59:02
2022-03-22,us,VRT,13.079999923706055,13.609999656677246,13.010000228881836,13.420000076293945,7609900,,Yahoo Finance daily,2026-07-22T16:59:02
2022-03-23,us,VRT,13.140000343322754,13.5600004196167,12.979999542236328,13.109999656677246,5698400,,Yahoo Finance daily,2026-07-22T16:59:02
2022-03-24,us,VRT,13.140000343322754,13.210000038146973,12.5649995803833,12.779999732971191,4380100,,Yahoo Finance daily,2026-07-22T16:59:02
2022-03-25,us,VRT,12.720000267028809,12.920000076293945,12.140000343322754,12.850000381469727,4676100,,Yahoo Finance daily,2026-07-22T16:59:02
2022-03-28,us,VRT,12.859999656677246,13.149999618530273,12.510000228881836,13.050000190734863,4792600,,Yahoo Finance daily,2026-07-22T16:59:02
2022-03-29,us,VRT,13.399999618530273,13.850000381469727,13.300000190734863,13.640000343322754,5330700,,Yahoo Finance daily,2026-07-22T16:59:02
2022-03-30,us,VRT,13.350000381469727,13.760000228881836,13.34000015258789,13.710000038146973,4587900,,Yahoo Finance daily,2026-07-22T16:59:02
2022-03-31,us,VRT,13.800000190734863,14.25,13.6899995803833,14.0,5565200,,Yahoo Finance daily,2026-07-22T16:59:02
2022-04-01,us,VRT,14.729999542236328,15.194999694824219,14.359999656677246,14.579999923706055,6237100,,Yahoo Finance daily,2026-07-22T16:59:02
2022-04-04,us,VRT,14.34000015258789,14.529999732971191,13.930000305175781,14.489999771118164,3067100,,Yahoo Finance daily,2026-07-22T16:59:02
2022-04-05,us,VRT,14.579999923706055,14.609999656677246,13.755000114440918,13.850000381469727,4378600,,Yahoo Finance daily,2026-07-22T16:59:02
2022-04-06,us,VRT,13.520000457763672,13.744999885559082,13.27400016784668,13.65999984741211,2471000,,Yahoo Finance daily,2026-07-22T16:59:02
2022-04-07,us,VRT,13.640000343322754,13.90999984741211,13.239999771118164,13.470000267028809,3169500,,Yahoo Finance daily,2026-07-22T16:59:02
2022-04-08,us,VRT,13.40999984741211,13.739999771118164,13.289999961853027,13.539999961853027,3341000,,Yahoo Finance daily,2026-07-22T16:59:02
2022-04-11,us,VRT,13.300000190734863,13.600000381469727,12.920000076293945,12.960000038146973,3885500,,Yahoo Finance daily,2026-07-22T16:59:02
2022-04-12,us,VRT,13.09000015258789,13.25,12.260000228881836,12.369999885559082,4140800,,Yahoo Finance daily,2026-07-22T16:59:02
2022-04-13,us,VRT,12.319999694824219,13.119999885559082,12.319999694824219,13.119999885559082,2575000,,Yahoo Finance daily,2026-07-22T16:59:02
2022-04-14,us,VRT,13.03499984741211,13.164999961853027,12.34000015258789,12.380000114440918,3012600,,Yahoo Finance daily,2026-07-22T16:59:02
2022-04-18,us,VRT,12.229999542236328,12.390000343322754,11.845000267028809,12.0600004196167,3221700,,Yahoo Finance daily,2026-07-22T16:59:02
2022-04-19,us,VRT,12.079999923706055,13.220000267028809,11.9399995803833,13.069999694824219,4146700,,Yahoo Finance daily,2026-07-22T16:59:02
2022-04-20,us,VRT,13.199999809265137,13.270000457763672,12.875,12.899999618530273,4125400,,Yahoo Finance daily,2026-07-22T16:59:02
2022-04-21,us,VRT,13.050000190734863,13.119999885559082,12.300000190734863,12.4399995803833,3047800,,Yahoo Finance daily,2026-07-22T16:59:02
2022-04-22,us,VRT,12.3100004196167,12.375,11.569999694824219,11.630000114440918,3708400,,Yahoo Finance daily,2026-07-22T16:59:02
2022-04-25,us,VRT,11.5,12.09000015258789,11.289999961853027,12.0600004196167,5055500,,Yahoo Finance daily,2026-07-22T16:59:02
2022-04-26,us,VRT,11.960000038146973,12.039999961853027,11.510000228881836,11.539999961853027,4863400,,Yahoo Finance daily,2026-07-22T16:59:02
2022-04-27,us,VRT,12.755000114440918,13.220000267028809,12.390000343322754,12.869999885559082,6304400,,Yahoo Finance daily,2026-07-22T16:59:02
2022-04-28,us,VRT,12.979999542236328,13.09000015258789,12.100000381469727,12.760000228881836,4641000,,Yahoo Finance daily,2026-07-22T16:59:02
2022-04-29,us,VRT,12.65999984741211,13.130000114440918,12.470000267028809,12.529999732971191,3632000,,Yahoo Finance daily,2026-07-22T16:59:02
2022-05-02,us,VRT,12.479999542236328,12.90999984741211,12.15999984741211,12.609999656677246,3397600,,Yahoo Finance daily,2026-07-22T16:59:02
2022-05-03,us,VRT,12.479999542236328,12.925000190734863,12.414999961853027,12.75,1929800,,Yahoo Finance daily,2026-07-22T16:59:02
2022-05-04,us,VRT,12.729999542236328,13.319999694824219,12.255000114440918,13.289999961853027,2342300,,Yahoo Finance daily,2026-07-22T16:59:02
2022-05-05,us,VRT,13.130000114440918,13.130000114440918,12.210000038146973,12.510000228881836,3199200,,Yahoo Finance daily,2026-07-22T16:59:02
2022-05-06,us,VRT,12.380000114440918,12.40999984741211,11.795000076293945,12.210000038146973,2076300,,Yahoo Finance daily,2026-07-22T16:59:02
2022-05-09,us,VRT,11.850000381469727,11.90999984741211,11.140000343322754,11.15999984741211,2664500,,Yahoo Finance daily,2026-07-22T16:59:02
2022-05-10,us,VRT,11.390000343322754,11.5600004196167,10.039999961853027,10.050000190734863,6103500,,Yahoo Finance daily,2026-07-22T16:59:02
2022-05-11,us,VRT,9.890000343322754,10.420000076293945,9.609999656677246,10.170000076293945,5569900,,Yahoo Finance daily,2026-07-22T16:59:02
2022-05-12,us,VRT,9.880000114440918,10.680000305175781,9.880000114440918,10.4399995803833,4539800,,Yahoo Finance daily,2026-07-22T16:59:02
2022-05-13,us,VRT,10.739999771118164,11.46500015258789,10.640000343322754,11.300000190734863,3724800,,Yahoo Finance daily,2026-07-22T16:59:02
2022-05-16,us,VRT,11.220000267028809,11.3100004196167,10.720000267028809,10.789999961853027,2216900,,Yahoo Finance daily,2026-07-22T16:59:02
2022-05-17,us,VRT,11.15999984741211,11.470000267028809,11.03499984741211,11.40999984741211,2745800,,Yahoo Finance daily,2026-07-22T16:59:02
2022-05-18,us,VRT,11.210000038146973,11.579999923706055,10.850000381469727,10.920000076293945,2734300,,Yahoo Finance daily,2026-07-22T16:59:02
2022-05-19,us,VRT,10.84000015258789,11.59000015258789,10.84000015258789,10.979999542236328,4873700,,Yahoo Finance daily,2026-07-22T16:59:02
2022-05-20,us,VRT,11.119999885559082,11.180000305175781,10.600000381469727,10.84000015258789,5960200,,Yahoo Finance daily,2026-07-22T16:59:02
2022-05-23,us,VRT,10.859999656677246,11.0,10.550000190734863,10.789999961853027,3019000,,Yahoo Finance daily,2026-07-22T16:59:02
2022-05-24,us,VRT,10.6899995803833,10.6899995803833,9.845000267028809,10.25,4667700,,Yahoo Finance daily,2026-07-22T16:59:02
2022-05-25,us,VRT,10.25,10.414999961853027,9.670000076293945,10.239999771118164,7147600,,Yahoo Finance daily,2026-07-22T16:59:02
2022-05-26,us,VRT,10.34000015258789,11.260000228881836,10.270000457763672,10.859999656677246,5967000,,Yahoo Finance daily,2026-07-22T16:59:02
2022-05-27,us,VRT,11.069999694824219,11.505000114440918,10.989999771118164,11.4399995803833,5822300,,Yahoo Finance daily,2026-07-22T16:59:02
2022-05-31,us,VRT,11.489999771118164,11.489999771118164,10.9399995803833,10.989999771118164,5310600,,Yahoo Finance daily,2026-07-22T16:59:02
2022-06-01,us,VRT,10.920000076293945,11.15999984741211,10.0,10.34000015258789,9220400,,Yahoo Finance daily,2026-07-22T16:59:02
2022-06-02,us,VRT,10.399999618530273,11.050000190734863,10.3149995803833,10.859999656677246,8995800,,Yahoo Finance daily,2026-07-22T16:59:02
2022-06-03,us,VRT,10.6899995803833,10.9399995803833,10.199999809265137,10.869999885559082,14598500,,Yahoo Finance daily,2026-07-22T16:59:02
2022-06-06,us,VRT,11.1899995803833,11.369999885559082,10.850000381469727,11.020000457763672,6891400,,Yahoo Finance daily,2026-07-22T16:59:02
2022-06-07,us,VRT,10.869999885559082,11.449999809265137,10.800000190734863,11.40999984741211,5971600,,Yahoo Finance daily,2026-07-22T16:59:02
2022-06-08,us,VRT,11.210000038146973,11.329999923706055,10.729999542236328,10.949999809265137,5353100,,Yahoo Finance daily,2026-07-22T16:59:02
2022-06-09,us,VRT,10.859999656677246,10.859999656677246,10.479999542236328,10.489999771118164,4997600,,Yahoo Finance daily,2026-07-22T16:59:02
2022-06-10,us,VRT,10.210000038146973,10.329999923706055,10.020000457763672,10.09000015258789,5388900,,Yahoo Finance daily,2026-07-22T16:59:02
2022-06-13,us,VRT,9.710000038146973,9.890000343322754,9.399999618530273,9.40999984741211,6325300,,Yahoo Finance daily,2026-07-22T16:59:02
2022-06-14,us,VRT,9.460000038146973,9.609999656677246,9.170000076293945,9.359999656677246,6433100,,Yahoo Finance daily,2026-07-22T16:59:02
2022-06-15,us,VRT,9.449999809265137,10.0649995803833,9.359999656677246,9.6899995803833,5400000,,Yahoo Finance daily,2026-07-22T16:59:02
2022-06-16,us,VRT,9.329999923706055,9.449999809265137,8.914999961853027,9.039999961853027,5474900,,Yahoo Finance daily,2026-07-22T16:59:02
2022-06-17,us,VRT,9.069999694824219,9.324999809265137,9.0,9.180000305175781,4339700,,Yahoo Finance daily,2026-07-22T16:59:02
2022-06-21,us,VRT,9.350000381469727,9.350000381469727,9.029999732971191,9.1899995803833,4084500,,Yahoo Finance daily,2026-07-22T16:59:02
2022-06-22,us,VRT,8.920000076293945,9.305000305175781,8.920000076293945,9.1899995803833,4048000,,Yahoo Finance daily,2026-07-22T16:59:02
2022-06-23,us,VRT,9.210000038146973,9.430000305175781,9.020000457763672,9.420000076293945,2701600,,Yahoo Finance daily,2026-07-22T16:59:02
2022-06-24,us,VRT,9.550000190734863,10.270000457763672,9.529999732971191,10.229999542236328,9564700,,Yahoo Finance daily,2026-07-22T16:59:02
2022-06-27,us,VRT,10.319999694824219,10.399999618530273,9.890000343322754,10.0,3144800,,Yahoo Finance daily,2026-07-22T16:59:02
2022-06-28,us,VRT,10.050000190734863,10.305000305175781,9.555000305175781,9.59000015258789,2000700,,Yahoo Finance daily,2026-07-22T16:59:02
2022-06-29,us,VRT,9.520000457763672,9.555000305175781,8.920000076293945,8.9399995803833,4448900,,Yahoo Finance daily,2026-07-22T16:59:02
2022-06-30,us,VRT,8.729999542236328,8.789999961853027,8.149999618530273,8.220000267028809,8105700,,Yahoo Finance daily,2026-07-22T16:59:02
2022-07-01,us,VRT,8.15999984741211,8.539999961853027,8.09000015258789,8.289999961853027,5359500,,Yahoo Finance daily,2026-07-22T16:59:02
2022-07-05,us,VRT,8.119999885559082,8.609999656677246,7.760000228881836,8.600000381469727,4408700,,Yahoo Finance daily,2026-07-22T16:59:02
2022-07-06,us,VRT,8.550000190734863,8.800000190734863,8.430000305175781,8.640000343322754,8316100,,Yahoo Finance daily,2026-07-22T16:59:02
2022-07-07,us,VRT,8.75,9.239999771118164,8.649999618530273,9.170000076293945,3638900,,Yahoo Finance daily,2026-07-22T16:59:02
2022-07-08,us,VRT,9.119999885559082,9.279999732971191,8.9399995803833,9.029999732971191,1969900,,Yahoo Finance daily,2026-07-22T16:59:02
2022-07-11,us,VRT,8.880000114440918,9.0,8.609999656677246,8.680000305175781,3211800,,Yahoo Finance daily,2026-07-22T16:59:02
2022-07-12,us,VRT,8.600000381469727,9.005000114440918,8.550000190734863,8.680000305175781,3344200,,Yahoo Finance daily,2026-07-22T16:59:02
2022-07-13,us,VRT,8.449999809265137,8.640000343322754,8.260000228881836,8.390000343322754,2941100,,Yahoo Finance daily,2026-07-22T16:59:02
2022-07-14,us,VRT,8.170000076293945,8.510000228881836,8.119999885559082,8.430000305175781,2942800,,Yahoo Finance daily,2026-07-22T16:59:02
2022-07-15,us,VRT,8.630000114440918,9.029999732971191,8.390000343322754,8.9399995803833,3447500,,Yahoo Finance daily,2026-07-22T16:59:02
2022-07-18,us,VRT,9.130000114440918,9.164999961853027,8.75,8.789999961853027,2239100,,Yahoo Finance daily,2026-07-22T16:59:02
2022-07-19,us,VRT,9.020000457763672,9.529999732971191,8.930000305175781,9.510000228881836,2674100,,Yahoo Finance daily,2026-07-22T16:59:02
2022-07-20,us,VRT,9.609999656677246,10.239999771118164,9.609999656677246,10.170000076293945,3432300,,Yahoo Finance daily,2026-07-22T16:59:02
2022-07-21,us,VRT,10.119999885559082,10.460000038146973,10.09000015258789,10.369999885559082,2135500,,Yahoo Finance daily,2026-07-22T16:59:02
2022-07-22,us,VRT,10.4399995803833,10.789999961853027,10.345000267028809,10.609999656677246,3593600,,Yahoo Finance daily,2026-07-22T16:59:02
2022-07-25,us,VRT,10.5600004196167,10.694999694824219,10.279999732971191,10.460000038146973,2204700,,Yahoo Finance daily,2026-07-22T16:59:02
2022-07-26,us,VRT,10.369999885559082,10.420000076293945,10.180000305175781,10.25,1502300,,Yahoo Finance daily,2026-07-22T16:59:02
2022-07-27,us,VRT,10.4399995803833,10.520000457763672,10.279999732971191,10.5,2043700,,Yahoo Finance daily,2026-07-22T16:59:02
2022-07-28,us,VRT,10.770000457763672,11.027999877929688,10.529999732971191,10.979999542236328,2028700,,Yahoo Finance daily,2026-07-22T16:59:02
2022-07-29,us,VRT,10.9399995803833,11.430000305175781,10.880000114440918,11.420000076293945,2963100,,Yahoo Finance daily,2026-07-22T16:59:02
2022-08-01,us,VRT,11.229999542236328,11.574999809265137,11.079999923706055,11.449999809265137,2515200,,Yahoo Finance daily,2026-07-22T16:59:02
2022-08-02,us,VRT,11.289999961853027,12.0,11.289999961853027,11.770000457763672,4071700,,Yahoo Finance daily,2026-07-22T16:59:02
2022-08-03,us,VRT,11.640000343322754,12.444999694824219,10.729999542236328,11.989999771118164,9989300,,Yahoo Finance daily,2026-07-22T16:59:02
2022-08-04,us,VRT,12.199999809265137,13.430000305175781,12.0,13.170000076293945,6395900,,Yahoo Finance daily,2026-07-22T16:59:02
2022-08-05,us,VRT,12.779999732971191,13.0,12.484999656677246,12.829999923706055,4955400,,Yahoo Finance daily,2026-07-22T16:59:02
2022-08-08,us,VRT,13.020000457763672,13.460000038146973,12.90999984741211,12.970000267028809,3033500,,Yahoo Finance daily,2026-07-22T16:59:02
2022-08-09,us,VRT,12.729999542236328,12.729999542236328,11.90999984741211,12.15999984741211,5297800,,Yahoo Finance daily,2026-07-22T16:59:02
2022-08-10,us,VRT,12.670000076293945,12.970000267028809,12.1899995803833,12.960000038146973,4786900,,Yahoo Finance daily,2026-07-22T16:59:02
2022-08-11,us,VRT,13.140000343322754,13.399999618530273,12.739999771118164,12.829999923706055,3215200,,Yahoo Finance daily,2026-07-22T16:59:02
2022-08-12,us,VRT,13.0600004196167,13.539999961853027,12.880000114440918,13.520000457763672,3879600,,Yahoo Finance daily,2026-07-22T16:59:02
2022-08-15,us,VRT,13.420000076293945,13.680000305175781,13.100000381469727,13.34000015258789,3469700,,Yahoo Finance daily,2026-07-22T16:59:02
2022-08-16,us,VRT,13.149999618530273,13.649999618530273,13.069999694824219,13.390000343322754,4084900,,Yahoo Finance daily,2026-07-22T16:59:02
2022-08-17,us,VRT,12.989999771118164,13.25,12.725000381469727,13.109999656677246,3508300,,Yahoo Finance daily,2026-07-22T16:59:02
2022-08-18,us,VRT,13.109999656677246,13.25,12.90999984741211,13.0600004196167,2982500,,Yahoo Finance daily,2026-07-22T16:59:02
2022-08-19,us,VRT,12.84000015258789,12.970000267028809,12.300000190734863,12.329999923706055,2441800,,Yahoo Finance daily,2026-07-22T16:59:02
2022-08-22,us,VRT,11.960000038146973,12.265000343322754,11.835000038146973,12.050000190734863,4354400,,Yahoo Finance daily,2026-07-22T16:59:02
2022-08-23,us,VRT,12.050000190734863,12.1899995803833,11.9399995803833,12.050000190734863,2899900,,Yahoo Finance daily,2026-07-22T16:59:02
2022-08-24,us,VRT,12.119999885559082,12.319999694824219,11.979999542236328,12.210000038146973,1583300,,Yahoo Finance daily,2026-07-22T16:59:02
2022-08-25,us,VRT,12.390000343322754,12.649999618530273,12.239999771118164,12.510000228881836,2570600,,Yahoo Finance daily,2026-07-22T16:59:02
2022-08-26,us,VRT,12.479999542236328,12.479999542236328,11.789999961853027,11.829999923706055,2808500,,Yahoo Finance daily,2026-07-22T16:59:02
2022-08-29,us,VRT,11.550000190734863,12.100000381469727,11.520999908447266,11.880000114440918,2213400,,Yahoo Finance daily,2026-07-22T16:59:02
2022-08-30,us,VRT,12.029999732971191,12.170000076293945,11.579999923706055,11.75,1515300,,Yahoo Finance daily,2026-07-22T16:59:02
2022-08-31,us,VRT,11.8100004196167,11.869999885559082,11.305000305175781,11.529999732971191,3630000,,Yahoo Finance daily,2026-07-22T16:59:02
2022-09-01,us,VRT,11.350000381469727,11.529999732971191,11.0,11.489999771118164,4762200,,Yahoo Finance daily,2026-07-22T16:59:02
2022-09-02,us,VRT,11.720000267028809,11.720000267028809,11.149999618530273,11.210000038146973,2851000,,Yahoo Finance daily,2026-07-22T16:59:02
2022-09-06,us,VRT,11.270000457763672,11.289999961853027,11.015000343322754,11.180000305175781,1548100,,Yahoo Finance daily,2026-07-22T16:59:02
2022-09-07,us,VRT,11.140000343322754,11.84000015258789,11.100000381469727,11.710000038146973,1378400,,Yahoo Finance daily,2026-07-22T16:59:02
2022-09-08,us,VRT,11.520000457763672,12.260000228881836,11.520000457763672,12.229999542236328,2343000,,Yahoo Finance daily,2026-07-22T16:59:02
2022-09-09,us,VRT,12.380000114440918,13.449999809265137,12.380000114440918,13.369999885559082,4838400,,Yahoo Finance daily,2026-07-22T16:59:02
2022-09-12,us,VRT,13.25,13.520000457763672,13.135000228881836,13.430000305175781,4121400,,Yahoo Finance daily,2026-07-22T16:59:02
2022-09-13,us,VRT,12.84000015258789,13.180000305175781,12.640000343322754,12.720000267028809,3496900,,Yahoo Finance daily,2026-07-22T16:59:02
2022-09-14,us,VRT,12.670000076293945,13.100000381469727,12.220000267028809,13.0600004196167,4740900,,Yahoo Finance daily,2026-07-22T16:59:02
2022-09-15,us,VRT,12.920000076293945,13.354999542236328,12.890000343322754,13.020000457763672,2073900,,Yahoo Finance daily,2026-07-22T16:59:02
2022-09-16,us,VRT,12.65999984741211,12.6899995803833,12.114999771118164,12.329999923706055,3532400,,Yahoo Finance daily,2026-07-22T16:59:02
2022-09-19,us,VRT,12.100000381469727,12.555000305175781,12.0600004196167,12.510000228881836,2385200,,Yahoo Finance daily,2026-07-22T16:59:02
2022-09-20,us,VRT,12.319999694824219,12.4350004196167,12.079999923706055,12.199999809265137,2641800,,Yahoo Finance daily,2026-07-22T16:59:02
2022-09-21,us,VRT,12.300000190734863,12.420000076293945,11.699999809265137,11.75,2627800,,Yahoo Finance daily,2026-07-22T16:59:02
2022-09-22,us,VRT,11.680000305175781,11.760000228881836,10.979999542236328,11.029999732971191,5368400,,Yahoo Finance daily,2026-07-22T16:59:02
2022-09-23,us,VRT,10.529999732971191,10.739999771118164,9.760000228881836,9.949999809265137,4132200,,Yahoo Finance daily,2026-07-22T16:59:02
2022-09-26,us,VRT,9.819999694824219,10.25,9.640000343322754,9.789999961853027,5170900,,Yahoo Finance daily,2026-07-22T16:59:02
2022-09-27,us,VRT,9.979999542236328,10.199999809265137,9.595000267028809,9.680000305175781,3914100,,Yahoo Finance daily,2026-07-22T16:59:02
2022-09-28,us,VRT,9.710000038146973,10.460000038146973,9.670000076293945,10.34000015258789,2642400,,Yahoo Finance daily,2026-07-22T16:59:02
2022-09-29,us,VRT,9.989999771118164,10.09000015258789,9.479999542236328,9.6899995803833,2322900,,Yahoo Finance daily,2026-07-22T16:59:02
2022-09-30,us,VRT,9.65999984741211,10.095000267028809,9.60099983215332,9.720000267028809,2685600,,Yahoo Finance daily,2026-07-22T16:59:02
2022-10-03,us,VRT,9.930000305175781,11.645000457763672,9.890000343322754,11.25,7401600,,Yahoo Finance daily,2026-07-22T16:59:02
2022-10-04,us,VRT,11.65999984741211,12.319999694824219,11.569999694824219,11.960000038146973,4771200,,Yahoo Finance daily,2026-07-22T16:59:02
2022-10-05,us,VRT,11.619999885559082,12.055000305175781,11.375,11.989999771118164,3558000,,Yahoo Finance daily,2026-07-22T16:59:02
2022-10-06,us,VRT,11.979999542236328,12.220000267028809,11.770000457763672,11.859999656677246,3685000,,Yahoo Finance daily,2026-07-22T16:59:02
2022-10-07,us,VRT,11.619999885559082,11.760000228881836,10.920000076293945,10.949999809265137,2473300,,Yahoo Finance daily,2026-07-22T16:59:02
2022-10-10,us,VRT,11.010000228881836,11.359999656677246,10.984999656677246,11.239999771118164,5607900,,Yahoo Finance daily,2026-07-22T16:59:02
2022-10-11,us,VRT,11.149999618530273,11.329999923706055,10.770000457763672,11.079999923706055,6192100,,Yahoo Finance daily,2026-07-22T16:59:02
2022-10-12,us,VRT,11.109999656677246,11.229999542236328,10.829999923706055,10.90999984741211,3354300,,Yahoo Finance daily,2026-07-22T16:59:02
2022-10-13,us,VRT,10.4399995803833,11.03499984741211,10.234999656677246,10.880000114440918,9816700,,Yahoo Finance daily,2026-07-22T16:59:02
2022-10-14,us,VRT,10.920000076293945,11.145000457763672,10.210000038146973,10.220000267028809,4166000,,Yahoo Finance daily,2026-07-22T16:59:02
2022-10-17,us,VRT,10.510000228881836,10.885000228881836,10.460000038146973,10.859999656677246,5278400,,Yahoo Finance daily,2026-07-22T16:59:02
2022-10-18,us,VRT,11.350000381469727,11.579999923706055,11.229999542236328,11.479999542236328,16244000,,Yahoo Finance daily,2026-07-22T16:59:02
2022-10-19,us,VRT,11.329999923706055,11.470000267028809,11.100000381469727,11.399999618530273,8678400,,Yahoo Finance daily,2026-07-22T16:59:02
2022-10-20,us,VRT,12.140000343322754,13.175000190734863,12.079999923706055,12.369999885559082,11496700,,Yahoo Finance daily,2026-07-22T16:59:02
2022-10-21,us,VRT,12.3100004196167,13.385000228881836,12.170000076293945,13.210000038146973,5760900,,Yahoo Finance daily,2026-07-22T16:59:02
2022-10-24,us,VRT,13.260000228881836,13.890000343322754,12.989999771118164,13.779999732971191,4174400,,Yahoo Finance daily,2026-07-22T16:59:02
2022-10-25,us,VRT,13.890000343322754,14.359999656677246,13.850000381469727,14.130000114440918,5039100,,Yahoo Finance daily,2026-07-22T16:59:02
2022-10-26,us,VRT,14.220000267028809,14.75,13.6899995803833,14.600000381469727,7201100,,Yahoo Finance daily,2026-07-22T16:59:02
2022-10-27,us,VRT,15.25,15.739999771118164,14.489999771118164,14.789999961853027,6037500,,Yahoo Finance daily,2026-07-22T16:59:02
2022-10-28,us,VRT,14.779999732971191,15.010000228881836,14.154999732971191,14.960000038146973,4651600,,Yahoo Finance daily,2026-07-22T16:59:02
2022-10-31,us,VRT,14.880000114440918,15.029999732971191,14.255000114440918,14.3100004196167,4395200,,Yahoo Finance daily,2026-07-22T16:59:02
2022-11-01,us,VRT,14.649999618530273,14.930000305175781,14.199999809265137,14.84000015258789,4321200,,Yahoo Finance daily,2026-07-22T16:59:02
2022-11-02,us,VRT,14.720000267028809,14.850000381469727,14.050000190734863,14.079999923706055,3673200,,Yahoo Finance daily,2026-07-22T16:59:02
2022-11-03,us,VRT,13.800000190734863,14.364999771118164,13.739999771118164,13.920000076293945,5025900,,Yahoo Finance daily,2026-07-22T16:59:02
2022-11-04,us,VRT,14.3100004196167,14.404999732971191,13.640000343322754,14.180000305175781,3230800,,Yahoo Finance daily,2026-07-22T16:59:02
2022-11-07,us,VRT,14.829999923706055,14.9399995803833,14.005000114440918,14.600000381469727,3503300,,Yahoo Finance daily,2026-07-22T16:59:02
2022-11-08,us,VRT,14.630000114440918,14.8149995803833,14.279999732971191,14.65999984741211,3478600,,Yahoo Finance daily,2026-07-22T16:59:02
2022-11-09,us,VRT,14.359999656677246,14.760000228881836,14.21500015258789,14.640000343322754,3066500,,Yahoo Finance daily,2026-07-22T16:59:02
2022-11-10,us,VRT,15.600000381469727,16.065000534057617,15.149999618530273,15.279999732971191,5087200,,Yahoo Finance daily,2026-07-22T16:59:02
2022-11-11,us,VRT,15.40999984741211,16.020000457763672,15.260000228881836,15.359999656677246,3802000,,Yahoo Finance daily,2026-07-22T16:59:02
2022-11-14,us,VRT,15.140000343322754,15.446000099182129,14.920000076293945,14.930000305175781,2306400,,Yahoo Finance daily,2026-07-22T16:59:02
2022-11-15,us,VRT,15.430000305175781,15.739999771118164,14.4399995803833,14.699999809265137,5622600,,Yahoo Finance daily,2026-07-22T16:59:02
2022-11-16,us,VRT,14.4399995803833,14.59000015258789,13.385000228881836,13.880000114440918,5325600,,Yahoo Finance daily,2026-07-22T16:59:02
2022-11-17,us,VRT,13.520000457763672,14.100000381469727,13.460000038146973,13.989999771118164,3607900,,Yahoo Finance daily,2026-07-22T16:59:02
2022-11-18,us,VRT,14.1899995803833,14.239999771118164,13.569999694824219,13.84000015258789,2389400,,Yahoo Finance daily,2026-07-22T16:59:02
2022-11-21,us,VRT,13.789999961853027,14.199999809265137,13.65999984741211,14.029999732971191,2597400,,Yahoo Finance daily,2026-07-22T16:59:02
2022-11-22,us,VRT,14.069999694824219,14.1899995803833,13.574999809265137,13.8100004196167,2076400,,Yahoo Finance daily,2026-07-22T16:59:02
2022-11-23,us,VRT,13.829999923706055,14.085000038146973,13.819999694824219,13.859999656677246,1497400,,Yahoo Finance daily,2026-07-22T16:59:02
2022-11-25,us,VRT,13.829999923706055,13.954999923706055,13.600000381469727,13.739999771118164,1138800,,Yahoo Finance daily,2026-07-22T16:59:02
2022-11-28,us,VRT,13.489999771118164,14.0600004196167,13.024999618530273,13.100000381469727,2479200,,Yahoo Finance daily,2026-07-22T16:59:02
2022-11-29,us,VRT,13.15999984741211,13.270000457763672,13.029999732971191,13.199999809265137,1933700,,Yahoo Finance daily,2026-07-22T16:59:02
2022-11-30,us,VRT,13.260000228881836,13.90999984741211,13.079999923706055,13.850000381469727,2282900,,Yahoo Finance daily,2026-07-22T16:59:02
2022-12-01,us,VRT,14.25,14.574999809265137,14.050000190734863,14.199999809265137,2557100,,Yahoo Finance daily,2026-07-22T16:59:02
2022-12-02,us,VRT,13.880000114440918,14.920000076293945,13.819999694824219,14.760000228881836,3201300,,Yahoo Finance daily,2026-07-22T16:59:02
2022-12-05,us,VRT,14.489999771118164,14.614999771118164,14.15999984741211,14.350000381469727,2045500,,Yahoo Finance daily,2026-07-22T16:59:02
2022-12-06,us,VRT,14.420000076293945,14.489999771118164,13.819999694824219,13.930000305175781,3117100,,Yahoo Finance daily,2026-07-22T16:59:02
2022-12-07,us,VRT,13.869999885559082,14.03499984741211,13.489999771118164,13.65999984741211,2911900,,Yahoo Finance daily,2026-07-22T16:59:02
2022-12-08,us,VRT,13.8100004196167,14.520000457763672,13.701000213623047,14.239999771118164,2774200,,Yahoo Finance daily,2026-07-22T16:59:02
2022-12-09,us,VRT,14.170000076293945,14.440999984741211,13.640000343322754,13.640000343322754,2469000,,Yahoo Finance daily,2026-07-22T16:59:02
2022-12-12,us,VRT,13.579999923706055,13.65999984741211,13.335000038146973,13.619999885559082,2398700,,Yahoo Finance daily,2026-07-22T16:59:02
2022-12-13,us,VRT,14.279999732971191,14.494999885559082,13.755000114440918,14.079999923706055,2798900,,Yahoo Finance daily,2026-07-22T16:59:02
2022-12-14,us,VRT,14.010000228881836,14.255000114440918,13.770000457763672,13.90999984741211,1893800,,Yahoo Finance daily,2026-07-22T16:59:02
2022-12-15,us,VRT,13.569999694824219,13.75,13.135000228881836,13.25,1879200,,Yahoo Finance daily,2026-07-22T16:59:02
2022-12-16,us,VRT,13.079999923706055,13.270000457763672,12.890000343322754,13.140000343322754,4501500,,Yahoo Finance daily,2026-07-22T16:59:02
2022-12-19,us,VRT,13.15999984741211,13.15999984741211,12.609999656677246,12.680000305175781,2309400,,Yahoo Finance daily,2026-07-22T16:59:02
2022-12-20,us,VRT,12.550000190734863,12.979999542236328,12.329999923706055,12.850000381469727,1624400,,Yahoo Finance daily,2026-07-22T16:59:02
2022-12-21,us,VRT,13.0,13.265000343322754,12.90999984741211,13.140000343322754,1621200,,Yahoo Finance daily,2026-07-22T16:59:02
2022-12-22,us,VRT,12.920000076293945,13.0,12.529999732971191,12.779999732971191,1663200,,Yahoo Finance daily,2026-07-22T16:59:02
2022-12-23,us,VRT,12.770000457763672,12.890000343322754,12.550000190734863,12.819999694824219,1282300,,Yahoo Finance daily,2026-07-22T16:59:02
2022-12-27,us,VRT,12.850000381469727,13.010000228881836,12.5600004196167,12.579999923706055,2087400,,Yahoo Finance daily,2026-07-22T16:59:02
2022-12-28,us,VRT,12.630000114440918,12.8100004196167,12.300000190734863,12.350000381469727,1633200,,Yahoo Finance daily,2026-07-22T16:59:02
2022-12-29,us,VRT,12.579999923706055,13.765000343322754,12.579999923706055,13.529999732971191,3452000,,Yahoo Finance daily,2026-07-22T16:59:02
2022-12-30,us,VRT,13.260000228881836,13.680000305175781,13.239999771118164,13.65999984741211,2354000,,Yahoo Finance daily,2026-07-22T16:59:02
2023-01-03,us,VRT,13.859999656677246,14.109999656677246,13.210000038146973,13.300000190734863,3458300,,Yahoo Finance daily,2026-07-22T16:59:02
2023-01-04,us,VRT,13.510000228881836,13.614999771118164,13.140000343322754,13.5,2505300,,Yahoo Finance daily,2026-07-22T16:59:02
2023-01-05,us,VRT,13.350000381469727,13.569999694824219,13.140000343322754,13.529999732971191,2951600,,Yahoo Finance daily,2026-07-22T16:59:02
2023-01-06,us,VRT,13.739999771118164,14.204999923706055,13.529999732971191,14.119999885559082,2504700,,Yahoo Finance daily,2026-07-22T16:59:02
2023-01-09,us,VRT,14.260000228881836,15.100000381469727,14.199999809265137,14.819999694824219,4388600,,Yahoo Finance daily,2026-07-22T16:59:02
2023-01-10,us,VRT,14.720000267028809,14.760000228881836,14.045000076293945,14.520000457763672,2425000,,Yahoo Finance daily,2026-07-22T16:59:02
2023-01-11,us,VRT,14.699999809265137,14.789999961853027,14.369999885559082,14.640000343322754,1817900,,Yahoo Finance daily,2026-07-22T16:59:02
2023-01-12,us,VRT,14.710000038146973,15.0,14.479999542236328,14.979999542236328,1886400,,Yahoo Finance daily,2026-07-22T16:59:02
2023-01-13,us,VRT,14.819999694824219,15.0,14.664999961853027,14.970000267028809,1840500,,Yahoo Finance daily,2026-07-22T16:59:02
2023-01-17,us,VRT,14.949999809265137,15.0,14.760000228881836,14.960000038146973,1798000,,Yahoo Finance daily,2026-07-22T16:59:02
2023-01-18,us,VRT,15.020000457763672,15.390000343322754,14.46500015258789,14.479999542236328,2442900,,Yahoo Finance daily,2026-07-22T16:59:02
2023-01-19,us,VRT,14.220000267028809,14.380000114440918,13.911999702453613,13.9399995803833,2197000,,Yahoo Finance daily,2026-07-22T16:59:02
2023-01-20,us,VRT,14.109999656677246,14.595000267028809,13.901000022888184,14.520000457763672,1491000,,Yahoo Finance daily,2026-07-22T16:59:02
2023-01-23,us,VRT,14.649999618530273,15.625,14.609999656677246,15.529999732971191,4017500,,Yahoo Finance daily,2026-07-22T16:59:02
2023-01-24,us,VRT,15.539999961853027,15.569999694824219,15.114999771118164,15.25,2496700,,Yahoo Finance daily,2026-07-22T16:59:02
2023-01-25,us,VRT,14.8100004196167,14.84000015258789,14.289999961853027,14.350000381469727,3616400,,Yahoo Finance daily,2026-07-22T16:59:02
2023-01-26,us,VRT,14.609999656677246,14.670000076293945,13.645000457763672,14.050000190734863,4217200,,Yahoo Finance daily,2026-07-22T16:59:02
2023-01-27,us,VRT,13.899999618530273,14.505000114440918,13.859999656677246,14.380000114440918,3144100,,Yahoo Finance daily,2026-07-22T16:59:02
2023-01-30,us,VRT,14.09000015258789,14.1899995803833,13.774999618530273,13.960000038146973,1808100,,Yahoo Finance daily,2026-07-22T16:59:02
2023-01-31,us,VRT,14.029999732971191,14.295000076293945,13.890000343322754,14.220000267028809,2066500,,Yahoo Finance daily,2026-07-22T16:59:02
2023-02-01,us,VRT,14.180000305175781,14.895000457763672,13.979999542236328,14.699999809265137,2065700,,Yahoo Finance daily,2026-07-22T16:59:02
2023-02-02,us,VRT,14.930000305175781,15.359999656677246,14.84000015258789,15.039999961853027,2340500,,Yahoo Finance daily,2026-07-22T16:59:02
2023-02-03,us,VRT,14.630000114440918,15.225000381469727,14.475000381469727,14.59000015258789,3013600,,Yahoo Finance daily,2026-07-22T16:59:02
2023-02-06,us,VRT,14.319999694824219,14.470000267028809,14.079999923706055,14.199999809265137,3748500,,Yahoo Finance daily,2026-07-22T16:59:02
2023-02-07,us,VRT,14.289999961853027,15.289999961853027,14.1850004196167,15.25,4991300,,Yahoo Finance daily,2026-07-22T16:59:02
2023-02-08,us,VRT,15.09000015258789,15.850000381469727,14.979999542236328,15.729999542236328,5075000,,Yahoo Finance daily,2026-07-22T16:59:02
2023-02-09,us,VRT,16.049999237060547,16.29199981689453,15.4399995803833,15.649999618530273,3937700,,Yahoo Finance daily,2026-07-22T16:59:02
2023-02-10,us,VRT,15.5600004196167,15.670000076293945,14.359999656677246,14.460000038146973,3260200,,Yahoo Finance daily,2026-07-22T16:59:02
2023-02-13,us,VRT,14.470000267028809,15.229999542236328,14.350000381469727,15.220000267028809,2269400,,Yahoo Finance daily,2026-07-22T16:59:02
2023-02-14,us,VRT,15.050000190734863,15.699999809265137,14.904999732971191,15.630000114440918,2557300,,Yahoo Finance daily,2026-07-22T16:59:02
2023-02-15,us,VRT,15.630000114440918,16.100000381469727,15.4399995803833,16.06999969482422,3354500,,Yahoo Finance daily,2026-07-22T16:59:02
2023-02-16,us,VRT,15.739999771118164,16.219999313354492,15.619999885559082,16.149999618530273,2939900,,Yahoo Finance daily,2026-07-22T16:59:02
2023-02-17,us,VRT,15.819999694824219,16.079999923706055,15.670000076293945,16.059999465942383,3823900,,Yahoo Finance daily,2026-07-22T16:59:02
2023-02-21,us,VRT,15.829999923706055,16.0,15.199999809265137,15.260000228881836,4883400,,Yahoo Finance daily,2026-07-22T16:59:02
2023-02-22,us,VRT,17.010000228881836,17.8799991607666,15.234999656677246,15.520000457763672,11976700,,Yahoo Finance daily,2026-07-22T16:59:02
2023-02-23,us,VRT,15.899999618530273,16.489999771118164,15.539999961853027,16.459999084472656,7040300,,Yahoo Finance daily,2026-07-22T16:59:02
2023-02-24,us,VRT,16.239999771118164,16.239999771118164,15.390000343322754,15.8100004196167,3492300,,Yahoo Finance daily,2026-07-22T16:59:02
2023-02-27,us,VRT,16.030000686645508,16.094999313354492,15.680000305175781,15.760000228881836,2715300,,Yahoo Finance daily,2026-07-22T16:59:02
2023-02-28,us,VRT,15.65999984741211,16.34000015258789,15.625,16.25,3105900,,Yahoo Finance daily,2026-07-22T16:59:02
2023-03-01,us,VRT,16.170000076293945,16.459999084472656,15.982000350952148,16.1299991607666,3630400,,Yahoo Finance daily,2026-07-22T16:59:02
2023-03-02,us,VRT,15.779999732971191,15.920000076293945,15.600000381469727,15.829999923706055,3145900,,Yahoo Finance daily,2026-07-22T16:59:02
2023-03-03,us,VRT,15.880000114440918,16.450000762939453,15.744999885559082,16.360000610351562,3580800,,Yahoo Finance daily,2026-07-22T16:59:02
2023-03-06,us,VRT,16.389999389648438,16.610000610351562,16.020000457763672,16.190000534057617,3333600,,Yahoo Finance daily,2026-07-22T16:59:02
2023-03-07,us,VRT,16.139999389648438,16.34000015258789,15.789999961853027,15.84000015258789,1725800,,Yahoo Finance daily,2026-07-22T16:59:02
2023-03-08,us,VRT,15.869999885559082,15.970000267028809,15.680000305175781,15.739999771118164,2076900,,Yahoo Finance daily,2026-07-22T16:59:02
2023-03-09,us,VRT,15.869999885559082,15.9399995803833,15.350000381469727,15.380000114440918,2730100,,Yahoo Finance daily,2026-07-22T16:59:02
2023-03-10,us,VRT,15.390000343322754,15.390000343322754,14.0600004196167,14.239999771118164,4830100,,Yahoo Finance daily,2026-07-22T16:59:02
2023-03-13,us,VRT,13.9399995803833,14.09000015258789,13.489999771118164,13.829999923706055,4944600,,Yahoo Finance daily,2026-07-22T16:59:02
2023-03-14,us,VRT,14.1899995803833,14.390000343322754,13.774999618530273,13.949999809265137,3306200,,Yahoo Finance daily,2026-07-22T16:59:02
2023-03-15,us,VRT,13.430000305175781,13.5600004196167,12.904999732971191,13.319999694824219,3688700,,Yahoo Finance daily,2026-07-22T16:59:02
2023-03-16,us,VRT,13.100000381469727,13.75,13.029999732971191,13.600000381469727,2995000,,Yahoo Finance daily,2026-07-22T16:59:02
2023-03-17,us,VRT,13.479999542236328,13.65999984741211,13.09000015258789,13.119999885559082,4399400,,Yahoo Finance daily,2026-07-22T16:59:02
2023-03-20,us,VRT,13.329999923706055,13.359999656677246,12.970000267028809,13.220000267028809,4987600,,Yahoo Finance daily,2026-07-22T16:59:02
2023-03-21,us,VRT,13.680000305175781,13.819999694824219,13.585000038146973,13.770000457763672,2253100,,Yahoo Finance daily,2026-07-22T16:59:02
2023-03-22,us,VRT,13.789999961853027,14.045000076293945,13.4399995803833,13.449999809265137,2532900,,Yahoo Finance daily,2026-07-22T16:59:02
2023-03-23,us,VRT,13.600000381469727,14.050000190734863,12.989999771118164,13.229999542236328,2125000,,Yahoo Finance daily,2026-07-22T16:59:02
2023-03-24,us,VRT,13.039999961853027,13.170000076293945,12.694999694824219,13.09000015258789,1880400,,Yahoo Finance daily,2026-07-22T16:59:02
2023-03-27,us,VRT,13.300000190734863,13.359999656677246,13.039999961853027,13.1899995803833,2611300,,Yahoo Finance daily,2026-07-22T16:59:02
2023-03-28,us,VRT,13.1899995803833,13.347999572753906,13.039999961853027,13.210000038146973,1967800,,Yahoo Finance daily,2026-07-22T16:59:02
2023-03-29,us,VRT,13.529999732971191,13.805000305175781,13.390000343322754,13.710000038146973,3241600,,Yahoo Finance daily,2026-07-22T16:59:02
2023-03-30,us,VRT,13.989999771118164,14.149999618530273,13.779999732971191,13.800000190734863,2696500,,Yahoo Finance daily,2026-07-22T16:59:02
2023-03-31,us,VRT,13.960000038146973,14.4399995803833,13.890000343322754,14.3100004196167,3137000,,Yahoo Finance daily,2026-07-22T16:59:02
2023-04-03,us,VRT,14.239999771118164,14.449999809265137,13.729999542236328,13.970000267028809,2261300,,Yahoo Finance daily,2026-07-22T16:59:02
2023-04-04,us,VRT,13.979999542236328,14.098999977111816,12.949999809265137,13.100000381469727,2943100,,Yahoo Finance daily,2026-07-22T16:59:02
2023-04-05,us,VRT,12.920000076293945,13.003000259399414,12.71500015258789,12.920000076293945,3206800,,Yahoo Finance daily,2026-07-22T16:59:02
2023-04-06,us,VRT,12.850000381469727,12.885000228881836,12.260000228881836,12.380000114440918,3482100,,Yahoo Finance daily,2026-07-22T16:59:02
2023-04-10,us,VRT,12.300000190734863,12.619999885559082,12.234999656677246,12.550000190734863,3449700,,Yahoo Finance daily,2026-07-22T16:59:02
2023-04-11,us,VRT,12.600000381469727,12.746000289916992,12.470000267028809,12.550000190734863,2925500,,Yahoo Finance daily,2026-07-22T16:59:02
2023-04-12,us,VRT,12.670000076293945,12.670000076293945,12.1899995803833,12.25,2689300,,Yahoo Finance daily,2026-07-22T16:59:02
2023-04-13,us,VRT,12.279999732971191,12.479999542236328,12.050000190734863,12.430000305175781,4092600,,Yahoo Finance daily,2026-07-22T16:59:02
2023-04-14,us,VRT,12.359999656677246,12.630000114440918,12.1899995803833,12.430000305175781,2621000,,Yahoo Finance daily,2026-07-22T16:59:02
2023-04-17,us,VRT,12.4399995803833,12.720000267028809,12.34000015258789,12.569999694824219,2362000,,Yahoo Finance daily,2026-07-22T16:59:02
2023-04-18,us,VRT,12.649999618530273,12.729000091552734,12.119999885559082,12.359999656677246,3716200,,Yahoo Finance daily,2026-07-22T16:59:02
2023-04-19,us,VRT,12.140000343322754,12.510000228881836,12.015000343322754,12.489999771118164,4485600,,Yahoo Finance daily,2026-07-22T16:59:02
2023-04-20,us,VRT,12.279999732971191,12.520000457763672,12.15999984741211,12.270000457763672,1937500,,Yahoo Finance daily,2026-07-22T16:59:02
2023-04-21,us,VRT,12.229999542236328,12.34000015258789,11.949999809265137,12.180000305175781,2575300,,Yahoo Finance daily,2026-07-22T16:59:02
2023-04-24,us,VRT,12.260000228881836,12.770000457763672,12.197999954223633,12.729999542236328,5059300,,Yahoo Finance daily,2026-07-22T16:59:02
2023-04-25,us,VRT,12.550000190734863,12.670000076293945,12.220000267028809,12.229999542236328,6829700,,Yahoo Finance daily,2026-07-22T16:59:02
2023-04-26,us,VRT,14.329999923706055,15.149999618530273,13.0600004196167,13.59000015258789,16760500,,Yahoo Finance daily,2026-07-22T16:59:02
2023-04-27,us,VRT,14.0,14.694999694824219,13.725000381469727,14.489999771118164,6112600,,Yahoo Finance daily,2026-07-22T16:59:02
2023-04-28,us,VRT,14.510000228881836,15.09000015258789,14.399999618530273,14.920000076293945,5048600,,Yahoo Finance daily,2026-07-22T16:59:02
2023-05-01,us,VRT,14.779999732971191,15.010000228881836,14.640000343322754,14.819999694824219,3492900,,Yahoo Finance daily,2026-07-22T16:59:02
2023-05-02,us,VRT,14.84000015258789,14.989999771118164,14.494999885559082,14.920000076293945,3744800,,Yahoo Finance daily,2026-07-22T16:59:02
2023-05-03,us,VRT,14.979999542236328,15.550000190734863,14.885000228881836,14.930000305175781,5293100,,Yahoo Finance daily,2026-07-22T16:59:02
2023-05-04,us,VRT,14.899999618530273,14.920000076293945,14.274999618530273,14.3100004196167,3302300,,Yahoo Finance daily,2026-07-22T16:59:02
2023-05-05,us,VRT,14.4399995803833,15.225000381469727,14.279999732971191,14.979999542236328,4187300,,Yahoo Finance daily,2026-07-22T16:59:02
2023-05-08,us,VRT,15.180000305175781,15.215999603271484,14.680000305175781,15.079999923706055,2130000,,Yahoo Finance daily,2026-07-22T16:59:02
2023-05-09,us,VRT,14.90999984741211,15.414999961853027,14.835000038146973,15.260000228881836,3253100,,Yahoo Finance daily,2026-07-22T16:59:02
2023-05-10,us,VRT,15.479999542236328,15.574999809265137,15.050000190734863,15.289999961853027,2510000,,Yahoo Finance daily,2026-07-22T16:59:02
2023-05-11,us,VRT,15.229999542236328,15.414999961853027,15.069999694824219,15.329999923706055,1672000,,Yahoo Finance daily,2026-07-22T16:59:02
2023-05-12,us,VRT,15.3100004196167,15.460000038146973,14.949999809265137,15.100000381469727,1711300,,Yahoo Finance daily,2026-07-22T16:59:02
2023-05-15,us,VRT,15.100000381469727,15.505000114440918,15.069999694824219,15.319999694824219,2162400,,Yahoo Finance daily,2026-07-22T16:59:02
2023-05-16,us,VRT,15.260000228881836,15.260000228881836,15.0,15.130000114440918,1630200,,Yahoo Finance daily,2026-07-22T16:59:02
2023-05-17,us,VRT,15.3100004196167,15.680000305175781,15.175000190734863,15.630000114440918,2741100,,Yahoo Finance daily,2026-07-22T16:59:02
2023-05-18,us,VRT,15.510000228881836,16.049999237060547,15.399999618530273,15.960000038146973,4900300,,Yahoo Finance daily,2026-07-22T16:59:02
2023-05-19,us,VRT,16.06999969482422,16.09000015258789,15.5,15.5600004196167,3661200,,Yahoo Finance daily,2026-07-22T16:59:02
2023-05-22,us,VRT,15.770000457763672,16.764999389648438,15.640000343322754,16.510000228881836,7543800,,Yahoo Finance daily,2026-07-22T16:59:02
2023-05-23,us,VRT,16.309999465942383,16.719999313354492,16.170000076293945,16.290000915527344,5738800,,Yahoo Finance daily,2026-07-22T16:59:02
2023-05-24,us,VRT,16.0,16.389999389648438,15.75,16.239999771118164,4048800,,Yahoo Finance daily,2026-07-22T16:59:02
2023-05-25,us,VRT,18.299999237060547,19.190000534057617,17.94499969482422,18.510000228881836,29409700,,Yahoo Finance daily,2026-07-22T16:59:02
2023-05-26,us,VRT,18.719999313354492,20.0,18.489999771118164,19.739999771118164,15999900,,Yahoo Finance daily,2026-07-22T16:59:02
2023-05-30,us,VRT,20.43000030517578,20.530000686645508,19.829999923706055,20.139999389648438,9997500,,Yahoo Finance daily,2026-07-22T16:59:02
2023-05-31,us,VRT,19.8700008392334,19.9060001373291,18.739999771118164,19.299999237060547,5854900,,Yahoo Finance daily,2026-07-22T16:59:02
2023-06-01,us,VRT,19.3700008392334,19.649999618530273,19.100000381469727,19.399999618530273,4783200,,Yahoo Finance daily,2026-07-22T16:59:02
2023-06-02,us,VRT,19.84000015258789,19.959999084472656,19.375,19.799999237060547,4021700,,Yahoo Finance daily,2026-07-22T16:59:02
2023-06-05,us,VRT,19.440000534057617,20.139999389648438,19.360000610351562,20.06999969482422,4166700,,Yahoo Finance daily,2026-07-22T16:59:02
2023-06-06,us,VRT,19.829999923706055,20.389999389648438,19.81999969482422,20.0,2966800,,Yahoo Finance daily,2026-07-22T16:59:02
2023-06-07,us,VRT,20.0,20.610000610351562,19.889999389648438,20.559999465942383,5017800,,Yahoo Finance daily,2026-07-22T16:59:02
2023-06-08,us,VRT,20.389999389648438,20.674999237060547,20.059999465942383,20.579999923706055,3695200,,Yahoo Finance daily,2026-07-22T16:59:02
2023-06-09,us,VRT,21.229999542236328,21.350000381469727,20.850000381469727,21.190000534057617,3982700,,Yahoo Finance daily,2026-07-22T16:59:02
2023-06-12,us,VRT,21.299999237060547,21.540000915527344,21.020000457763672,21.110000610351562,4766800,,Yahoo Finance daily,2026-07-22T16:59:02
2023-06-13,us,VRT,21.440000534057617,22.514999389648438,21.399999618530273,22.450000762939453,6638700,,Yahoo Finance daily,2026-07-22T16:59:02
2023-06-14,us,VRT,22.5,22.799999237060547,22.239999771118164,22.549999237060547,4516600,,Yahoo Finance daily,2026-07-22T16:59:02
2023-06-15,us,VRT,22.420000076293945,22.774999618530273,22.149999618530273,22.600000381469727,4453300,,Yahoo Finance daily,2026-07-22T16:59:02
2023-06-16,us,VRT,22.799999237060547,23.09000015258789,22.364999771118164,22.540000915527344,7713600,,Yahoo Finance daily,2026-07-22T16:59:02
2023-06-20,us,VRT,22.450000762939453,23.405000686645508,22.389999389648438,23.34000015258789,5143100,,Yahoo Finance daily,2026-07-22T16:59:02
2023-06-21,us,VRT,23.010000228881836,23.18000030517578,22.309999465942383,22.969999313354492,4860800,,Yahoo Finance daily,2026-07-22T16:59:02
2023-06-22,us,VRT,22.760000228881836,23.43000030517578,22.600000381469727,23.309999465942383,4356900,,Yahoo Finance daily,2026-07-22T16:59:02
2023-06-23,us,VRT,22.84000015258789,23.729999542236328,22.815000534057617,23.639999389648438,6516500,,Yahoo Finance daily,2026-07-22T16:59:02
2023-06-26,us,VRT,23.5,24.260000228881836,23.3799991607666,23.450000762939453,7315200,,Yahoo Finance daily,2026-07-22T16:59:02
2023-06-27,us,VRT,23.510000228881836,24.014999389648438,23.270000457763672,23.799999237060547,3704700,,Yahoo Finance daily,2026-07-22T16:59:02
2023-06-28,us,VRT,23.59000015258789,23.770000457763672,23.06999969482422,23.350000381469727,5087900,,Yahoo Finance daily,2026-07-22T16:59:02
2023-06-29,us,VRT,23.959999084472656,24.32900047302246,23.78499984741211,24.1299991607666,8865500,,Yahoo Finance daily,2026-07-22T16:59:02
2023-06-30,us,VRT,24.34000015258789,25.010000228881836,24.030000686645508,24.770000457763672,5216200,,Yahoo Finance daily,2026-07-22T16:59:02
2023-07-03,us,VRT,24.799999237060547,24.90999984741211,24.440000534057617,24.8700008392334,1881900,,Yahoo Finance daily,2026-07-22T16:59:02
2023-07-05,us,VRT,24.725000381469727,24.780000686645508,24.290000915527344,24.299999237060547,3535200,,Yahoo Finance daily,2026-07-22T16:59:02
2023-07-06,us,VRT,24.059999465942383,24.165000915527344,23.510000228881836,24.079999923706055,3810100,,Yahoo Finance daily,2026-07-22T16:59:02
2023-07-07,us,VRT,24.56999969482422,25.0,24.459999084472656,24.649999618530273,2532500,,Yahoo Finance daily,2026-07-22T16:59:02
2023-07-10,us,VRT,24.729999542236328,25.5049991607666,24.65999984741211,25.3799991607666,2523000,,Yahoo Finance daily,2026-07-22T16:59:02
2023-07-11,us,VRT,25.309999465942383,25.59000015258789,25.190000534057617,25.309999465942383,3047500,,Yahoo Finance daily,2026-07-22T16:59:02
2023-07-12,us,VRT,25.6299991607666,25.975000381469727,25.270000457763672,25.760000228881836,3120000,,Yahoo Finance daily,2026-07-22T16:59:02
2023-07-13,us,VRT,25.940000534057617,27.030000686645508,25.770000457763672,26.510000228881836,5184500,,Yahoo Finance daily,2026-07-22T16:59:02
2023-07-14,us,VRT,26.520000457763672,26.799999237060547,26.03499984741211,26.350000381469727,3135200,,Yahoo Finance daily,2026-07-22T16:59:02
2023-07-17,us,VRT,26.299999237060547,26.719999313354492,26.110000610351562,26.350000381469727,3027400,,Yahoo Finance daily,2026-07-22T16:59:02
2023-07-18,us,VRT,26.399999618530273,26.815000534057617,26.040000915527344,26.729999542236328,4120600,,Yahoo Finance daily,2026-07-22T16:59:02
2023-07-19,us,VRT,26.520000457763672,26.780000686645508,26.280000686645508,26.690000534057617,6889800,,Yahoo Finance daily,2026-07-22T16:59:02
2023-07-20,us,VRT,26.399999618530273,26.700000762939453,26.06999969482422,26.170000076293945,6023900,,Yahoo Finance daily,2026-07-22T16:59:02
2023-07-21,us,VRT,26.43000030517578,26.469999313354492,25.34000015258789,25.68000030517578,5709800,,Yahoo Finance daily,2026-07-22T16:59:02
2023-07-24,us,VRT,25.520000457763672,25.950000762939453,25.225000381469727,25.780000686645508,3872100,,Yahoo Finance daily,2026-07-22T16:59:02
2023-07-25,us,VRT,25.670000076293945,26.274999618530273,25.575000762939453,25.989999771118164,2741700,,Yahoo Finance daily,2026-07-22T16:59:02
2023-07-26,us,VRT,25.700000762939453,26.079999923706055,25.09000015258789,25.34000015258789,5117700,,Yahoo Finance daily,2026-07-22T16:59:02
2023-07-27,us,VRT,25.850000381469727,26.030000686645508,25.09000015258789,25.31999969482422,4690000,,Yahoo Finance daily,2026-07-22T16:59:02
2023-07-28,us,VRT,25.690000534057617,26.2189998626709,25.610000610351562,25.950000762939453,4622600,,Yahoo Finance daily,2026-07-22T16:59:02
2023-07-31,us,VRT,25.770000457763672,26.104999542236328,25.40999984741211,26.010000228881836,5874900,,Yahoo Finance daily,2026-07-22T16:59:02
2023-08-01,us,VRT,25.670000076293945,26.6299991607666,25.479999542236328,26.530000686645508,9983200,,Yahoo Finance daily,2026-07-22T16:59:02
2023-08-02,us,VRT,33.0,35.380001068115234,31.56999969482422,34.290000915527344,38471500,,Yahoo Finance daily,2026-07-22T16:59:02
2023-08-03,us,VRT,34.099998474121094,34.59000015258789,33.060001373291016,34.5,12836000,,Yahoo Finance daily,2026-07-22T16:59:02
2023-08-04,us,VRT,34.959999084472656,36.595001220703125,34.7599983215332,35.709999084472656,9938400,,Yahoo Finance daily,2026-07-22T16:59:02
2023-08-07,us,VRT,35.0,36.40999984741211,34.86000061035156,35.720001220703125,14131800,,Yahoo Finance daily,2026-07-22T16:59:02
2023-08-08,us,VRT,35.54999923706055,36.470001220703125,34.959999084472656,36.220001220703125,7777700,,Yahoo Finance daily,2026-07-22T16:59:02
2023-08-09,us,VRT,36.369998931884766,36.689998626708984,34.67499923706055,34.81999969482422,7518900,,Yahoo Finance daily,2026-07-22T16:59:02
2023-08-10,us,VRT,34.709999084472656,34.95000076293945,32.7400016784668,33.869998931884766,11382300,,Yahoo Finance daily,2026-07-22T16:59:02
2023-08-11,us,VRT,34.150001525878906,34.58000183105469,33.380001068115234,33.5099983215332,6050400,,Yahoo Finance daily,2026-07-22T16:59:02
2023-08-14,us,VRT,33.56999969482422,34.86000061035156,33.25,34.58000183105469,5947800,,Yahoo Finance daily,2026-07-22T16:59:02
2023-08-15,us,VRT,34.61000061035156,34.91999816894531,34.05500030517578,34.72999954223633,5592400,,Yahoo Finance daily,2026-07-22T16:59:02
2023-08-16,us,VRT,34.709999084472656,34.97999954223633,33.70000076293945,33.7400016784668,5438200,,Yahoo Finance daily,2026-07-22T16:59:02
2023-08-17,us,VRT,33.790000915527344,33.959999084472656,32.8849983215332,32.9900016784668,6342100,,Yahoo Finance daily,2026-07-22T16:59:02
2023-08-18,us,VRT,33.0,34.33000183105469,32.380001068115234,33.970001220703125,7282700,,Yahoo Finance daily,2026-07-22T16:59:02
2023-08-21,us,VRT,34.20000076293945,35.2400016784668,33.650001525878906,35.06999969482422,5952900,,Yahoo Finance daily,2026-07-22T16:59:02
2023-08-22,us,VRT,35.380001068115234,35.79999923706055,34.540000915527344,34.970001220703125,4276100,,Yahoo Finance daily,2026-07-22T16:59:02
2023-08-23,us,VRT,35.130001068115234,36.20000076293945,34.88999938964844,35.68000030517578,4733300,,Yahoo Finance daily,2026-07-22T16:59:02
2023-08-24,us,VRT,36.88999938964844,37.220001220703125,34.9900016784668,35.0099983215332,10481000,,Yahoo Finance daily,2026-07-22T16:59:02
2023-08-25,us,VRT,35.220001220703125,37.95000076293945,35.11000061035156,37.5,10429700,,Yahoo Finance daily,2026-07-22T16:59:02
2023-08-28,us,VRT,37.439998626708984,38.53799819946289,37.209999084472656,38.16999816894531,6433300,,Yahoo Finance daily,2026-07-22T16:59:02
2023-08-29,us,VRT,37.70000076293945,39.15999984741211,37.400001525878906,38.720001220703125,5746600,,Yahoo Finance daily,2026-07-22T16:59:02
2023-08-30,us,VRT,38.5,39.24800109863281,38.380001068115234,38.88999938964844,3397000,,Yahoo Finance daily,2026-07-22T16:59:02
2023-08-31,us,VRT,39.08000183105469,39.5,38.775001525878906,39.38999938964844,3569300,,Yahoo Finance daily,2026-07-22T16:59:02
2023-09-01,us,VRT,39.619998931884766,40.40999984741211,39.189998626708984,39.869998931884766,4614300,,Yahoo Finance daily,2026-07-22T16:59:02
2023-09-05,us,VRT,39.849998474121094,40.13999938964844,38.779998779296875,39.130001068115234,3719500,,Yahoo Finance daily,2026-07-22T16:59:02
2023-09-06,us,VRT,39.20000076293945,39.58000183105469,37.65999984741211,38.439998626708984,7073700,,Yahoo Finance daily,2026-07-22T16:59:02
2023-09-07,us,VRT,38.15999984741211,39.77000045776367,37.810001373291016,39.599998474121094,6757300,,Yahoo Finance daily,2026-07-22T16:59:02
2023-09-08,us,VRT,39.33000183105469,40.150001525878906,39.04499816894531,39.20000076293945,3862500,,Yahoo Finance daily,2026-07-22T16:59:02
2023-09-11,us,VRT,38.18000030517578,39.22999954223633,37.849998474121094,39.20000076293945,6528500,,Yahoo Finance daily,2026-07-22T16:59:02
2023-09-12,us,VRT,38.869998931884766,39.709999084472656,37.310001373291016,37.619998931884766,5653700,,Yahoo Finance daily,2026-07-22T16:59:02
2023-09-13,us,VRT,37.43000030517578,37.790000915527344,36.220001220703125,37.029998779296875,7073300,,Yahoo Finance daily,2026-07-22T16:59:02
2023-09-14,us,VRT,37.970001220703125,39.2400016784668,37.92499923706055,38.439998626708984,6826000,,Yahoo Finance daily,2026-07-22T16:59:02
2023-09-15,us,VRT,37.75,38.470001220703125,37.5,38.16999816894531,7132800,,Yahoo Finance daily,2026-07-22T16:59:02
2023-09-18,us,VRT,37.470001220703125,38.30500030517578,36.720001220703125,37.79999923706055,4100100,,Yahoo Finance daily,2026-07-22T16:59:02
2023-09-19,us,VRT,37.970001220703125,38.41999816894531,37.31999969482422,38.060001373291016,2445100,,Yahoo Finance daily,2026-07-22T16:59:02
2023-09-20,us,VRT,38.15999984741211,38.75699996948242,37.099998474121094,37.119998931884766,3696100,,Yahoo Finance daily,2026-07-22T16:59:02
2023-09-21,us,VRT,36.70000076293945,36.84000015258789,35.79999923706055,36.31999969482422,3685200,,Yahoo Finance daily,2026-07-22T16:59:02
2023-09-22,us,VRT,36.72999954223633,36.90999984741211,36.209999084472656,36.45000076293945,2666200,,Yahoo Finance daily,2026-07-22T16:59:02
2023-09-25,us,VRT,36.439998626708984,37.540000915527344,36.20000076293945,36.77000045776367,4134200,,Yahoo Finance daily,2026-07-22T16:59:02
2023-09-26,us,VRT,36.5,36.7599983215332,35.4900016784668,35.52000045776367,4622500,,Yahoo Finance daily,2026-07-22T16:59:02
2023-09-27,us,VRT,35.959999084472656,36.560001373291016,35.720001220703125,36.18000030517578,5577000,,Yahoo Finance daily,2026-07-22T16:59:02
2023-09-28,us,VRT,36.2599983215332,38.099998474121094,36.11000061035156,37.0,4655800,,Yahoo Finance daily,2026-07-22T16:59:02
2023-09-29,us,VRT,37.41999816894531,38.709999084472656,37.12099838256836,37.20000076293945,4526600,,Yahoo Finance daily,2026-07-22T16:59:02
2023-10-02,us,VRT,38.04999923706055,38.970001220703125,37.70000076293945,38.40999984741211,6750200,,Yahoo Finance daily,2026-07-22T16:59:02
2023-10-03,us,VRT,37.869998931884766,39.22999954223633,36.400001525878906,36.84000015258789,6541400,,Yahoo Finance daily,2026-07-22T16:59:02
2023-10-04,us,VRT,36.900001525878906,38.58000183105469,36.630001068115234,38.189998626708984,5267500,,Yahoo Finance daily,2026-07-22T16:59:02
2023-10-05,us,VRT,37.56999969482422,38.52000045776367,37.29999923706055,38.18000030517578,3903900,,Yahoo Finance daily,2026-07-22T16:59:02
2023-10-06,us,VRT,37.779998779296875,40.20000076293945,37.529998779296875,39.77000045776367,7099400,,Yahoo Finance daily,2026-07-22T16:59:02
2023-10-09,us,VRT,39.290000915527344,40.13999938964844,38.279998779296875,40.130001068115234,5777500,,Yahoo Finance daily,2026-07-22T16:59:02
2023-10-10,us,VRT,40.97999954223633,42.720001220703125,40.5,40.58000183105469,8552300,,Yahoo Finance daily,2026-07-22T16:59:02
2023-10-11,us,VRT,40.70000076293945,42.529998779296875,40.54100036621094,41.72999954223633,8423300,,Yahoo Finance daily,2026-07-22T16:59:02
2023-10-12,us,VRT,41.810001373291016,43.130001068115234,41.209999084472656,41.810001373291016,6449900,,Yahoo Finance daily,2026-07-22T16:59:02
2023-10-13,us,VRT,41.599998474121094,42.060001373291016,39.0099983215332,39.099998474121094,6902800,,Yahoo Finance daily,2026-07-22T16:59:02
2023-10-16,us,VRT,39.470001220703125,40.92300033569336,39.20000076293945,40.650001525878906,4355100,,Yahoo Finance daily,2026-07-22T16:59:02
2023-10-17,us,VRT,39.650001525878906,41.38999938964844,38.619998931884766,41.189998626708984,5069000,,Yahoo Finance daily,2026-07-22T16:59:02
2023-10-18,us,VRT,40.4900016784668,40.779998779296875,38.459999084472656,38.75,6822600,,Yahoo Finance daily,2026-07-22T16:59:02
2023-10-19,us,VRT,39.02000045776367,39.47999954223633,36.959999084472656,37.41999816894531,8848700,,Yahoo Finance daily,2026-07-22T16:59:02
2023-10-20,us,VRT,37.189998626708984,37.939998626708984,35.650001525878906,36.7400016784668,8789400,,Yahoo Finance daily,2026-07-22T16:59:02
2023-10-23,us,VRT,36.790000915527344,38.3120002746582,36.237998962402344,37.290000915527344,6632100,,Yahoo Finance daily,2026-07-22T16:59:02
2023-10-24,us,VRT,37.720001220703125,39.20000076293945,37.56999969482422,39.029998779296875,9674100,,Yahoo Finance daily,2026-07-22T16:59:02
2023-10-25,us,VRT,41.540000915527344,41.91999816894531,36.0,37.38999938964844,17130500,,Yahoo Finance daily,2026-07-22T16:59:02
2023-10-26,us,VRT,37.56999969482422,38.099998474121094,34.599998474121094,34.86000061035156,10790600,,Yahoo Finance daily,2026-07-22T16:59:02
2023-10-27,us,VRT,35.65999984741211,36.810001373291016,35.60100173950195,36.41999816894531,7865300,,Yahoo Finance daily,2026-07-22T16:59:02
2023-10-30,us,VRT,36.91999816894531,38.5,36.400001525878906,38.279998779296875,6218900,,Yahoo Finance daily,2026-07-22T16:59:02
2023-10-31,us,VRT,38.029998779296875,39.44499969482422,37.209999084472656,39.27000045776367,5648500,,Yahoo Finance daily,2026-07-22T16:59:02
2023-11-01,us,VRT,39.349998474121094,40.2599983215332,39.06999969482422,40.22999954223633,5920400,,Yahoo Finance daily,2026-07-22T16:59:02
2023-11-02,us,VRT,40.93000030517578,41.79999923706055,39.66999816894531,39.97999954223633,5638600,,Yahoo Finance daily,2026-07-22T16:59:02
2023-11-03,us,VRT,40.59000015258789,41.21500015258789,39.81999969482422,40.439998626708984,6202500,,Yahoo Finance daily,2026-07-22T16:59:02
2023-11-06,us,VRT,40.529998779296875,40.68000030517578,38.68000030517578,39.75,5246500,,Yahoo Finance daily,2026-07-22T16:59:02
2023-11-07,us,VRT,40.08000183105469,41.060001373291016,39.47999954223633,40.150001525878906,4686000,,Yahoo Finance daily,2026-07-22T16:59:02
2023-11-08,us,VRT,40.66999816894531,40.93000030517578,39.79999923706055,40.06999969482422,4825800,,Yahoo Finance daily,2026-07-22T16:59:02
2023-11-09,us,VRT,40.369998931884766,42.20000076293945,39.512001037597656,39.970001220703125,6119900,,Yahoo Finance daily,2026-07-22T16:59:02
2023-11-10,us,VRT,40.0099983215332,42.25,40.0099983215332,41.83000183105469,5791900,,Yahoo Finance daily,2026-07-22T16:59:02
2023-11-13,us,VRT,41.5,42.43000030517578,41.17399978637695,42.290000915527344,4239600,,Yahoo Finance daily,2026-07-22T16:59:02
2023-11-14,us,VRT,43.209999084472656,44.0,42.81999969482422,43.59000015258789,6316000,,Yahoo Finance daily,2026-07-22T16:59:02
2023-11-15,us,VRT,44.27000045776367,44.959999084472656,42.83000183105469,43.5,8154000,,Yahoo Finance daily,2026-07-22T16:59:02
2023-11-16,us,VRT,43.0,43.619998931884766,42.34000015258789,42.84000015258789,4630200,,Yahoo Finance daily,2026-07-22T16:59:02
2023-11-17,us,VRT,43.779998779296875,44.15999984741211,42.970001220703125,43.290000915527344,5138900,,Yahoo Finance daily,2026-07-22T16:59:02
2023-11-20,us,VRT,43.11000061035156,44.630001068115234,43.11000061035156,44.54999923706055,4552700,,Yahoo Finance daily,2026-07-22T16:59:02
2023-11-21,us,VRT,44.22999954223633,45.150001525878906,42.119998931884766,42.630001068115234,6832100,,Yahoo Finance daily,2026-07-22T16:59:02
2023-11-22,us,VRT,43.400001525878906,44.380001068115234,42.33000183105469,43.52000045776367,6242700,,Yahoo Finance daily,2026-07-22T16:59:02
2023-11-24,us,VRT,43.720001220703125,43.869998931884766,42.540000915527344,42.68000030517578,1531400,,Yahoo Finance daily,2026-07-22T16:59:02
2023-11-27,us,VRT,42.689998626708984,43.2599983215332,42.400001525878906,42.54999923706055,5344300,,Yahoo Finance daily,2026-07-22T16:59:02
2023-11-28,us,VRT,42.52000045776367,42.8650016784668,41.33000183105469,42.25,7511300,,Yahoo Finance daily,2026-07-22T16:59:02
2023-11-29,us,VRT,44.0099983215332,44.91999816894531,41.0099983215332,42.290000915527344,13346500,,Yahoo Finance daily,2026-07-22T16:59:02
2023-11-30,us,VRT,42.689998626708984,44.54999923706055,42.5,43.65999984741211,26319000,,Yahoo Finance daily,2026-07-22T16:59:02
2023-12-01,us,VRT,43.5,45.939998626708984,43.27000045776367,45.13999938964844,9447000,,Yahoo Finance daily,2026-07-22T16:59:02
2023-12-04,us,VRT,45.220001220703125,45.90999984741211,43.65999984741211,45.36000061035156,8054700,,Yahoo Finance daily,2026-07-22T16:59:02
2023-12-05,us,VRT,44.959999084472656,45.30799865722656,44.310001373291016,45.150001525878906,4325000,,Yahoo Finance daily,2026-07-22T16:59:02
2023-12-06,us,VRT,45.4900016784668,45.9900016784668,44.029998779296875,44.15999984741211,4325600,,Yahoo Finance daily,2026-07-22T16:59:02
2023-12-07,us,VRT,44.29999923706055,45.41999816894531,44.13999938964844,45.13999938964844,4565600,,Yahoo Finance daily,2026-07-22T16:59:02
2023-12-08,us,VRT,44.84000015258789,47.25,44.83000183105469,47.13999938964844,6951500,,Yahoo Finance daily,2026-07-22T16:59:02
2023-12-11,us,VRT,47.33000183105469,48.880001068115234,47.32699966430664,47.630001068115234,7433900,,Yahoo Finance daily,2026-07-22T16:59:02
2023-12-12,us,VRT,47.5,49.86000061035156,47.38999938964844,49.43000030517578,7006600,,Yahoo Finance daily,2026-07-22T16:59:02
2023-12-13,us,VRT,49.630001068115234,50.22999954223633,47.7599983215332,47.939998626708984,7966800,,Yahoo Finance daily,2026-07-22T16:59:02
2023-12-14,us,VRT,48.349998474121094,48.9900016784668,45.75,47.2400016784668,10176300,,Yahoo Finance daily,2026-07-22T16:59:02
2023-12-15,us,VRT,47.36000061035156,48.400001525878906,46.869998931884766,47.72999954223633,5707600,,Yahoo Finance daily,2026-07-22T16:59:02
2023-12-18,us,VRT,47.72999954223633,48.599998474121094,47.45199966430664,47.79999923706055,3012700,,Yahoo Finance daily,2026-07-22T16:59:02
2023-12-19,us,VRT,47.90999984741211,49.345001220703125,47.880001068115234,49.220001220703125,3795300,,Yahoo Finance daily,2026-07-22T16:59:02
2023-12-20,us,VRT,48.86000061035156,49.150001525878906,47.20000076293945,47.25,3611100,,Yahoo Finance daily,2026-07-22T16:59:02
2023-12-21,us,VRT,48.119998931884766,48.63999938964844,47.84000015258789,48.58000183105469,2593900,,Yahoo Finance daily,2026-07-22T16:59:02
2023-12-22,us,VRT,48.56999969482422,49.15999984741211,48.20000076293945,48.779998779296875,2421800,,Yahoo Finance daily,2026-07-22T16:59:02
2023-12-26,us,VRT,48.93000030517578,49.209999084472656,48.54999923706055,48.9900016784668,2078700,,Yahoo Finance daily,2026-07-22T16:59:02
2023-12-27,us,VRT,48.900001525878906,49.310001373291016,48.38999938964844,48.93000030517578,2615700,,Yahoo Finance daily,2026-07-22T16:59:02
2023-12-28,us,VRT,48.970001220703125,49.33000183105469,48.34000015258789,48.959999084472656,2134000,,Yahoo Finance daily,2026-07-22T16:59:02
2023-12-29,us,VRT,48.84000015258789,49.02000045776367,47.84000015258789,48.029998779296875,3012600,,Yahoo Finance daily,2026-07-22T16:59:02
2024-01-02,us,VRT,47.47999954223633,47.5,45.19200134277344,45.63999938964844,5770200,,Yahoo Finance daily,2026-07-22T16:59:02
2024-01-03,us,VRT,45.0,45.92499923706055,44.310001373291016,45.56999969482422,5905000,,Yahoo Finance daily,2026-07-22T16:59:02
2024-01-04,us,VRT,45.59000015258789,47.310001373291016,45.59000015258789,45.79999923706055,5274800,,Yahoo Finance daily,2026-07-22T16:59:02
2024-01-05,us,VRT,45.599998474121094,46.66999816894531,45.09000015258789,46.310001373291016,4390700,,Yahoo Finance daily,2026-07-22T16:59:02
2024-01-08,us,VRT,46.75,48.619998931884766,46.619998931884766,48.540000915527344,4179200,,Yahoo Finance daily,2026-07-22T16:59:02
2024-01-09,us,VRT,48.41999816894531,49.470001220703125,47.45000076293945,49.18000030517578,3871400,,Yahoo Finance daily,2026-07-22T16:59:02
2024-01-10,us,VRT,49.189998626708984,49.68000030517578,48.45000076293945,48.790000915527344,2870600,,Yahoo Finance daily,2026-07-22T16:59:02
2024-01-11,us,VRT,49.0,50.16999816894531,48.220001220703125,50.02000045776367,3612700,,Yahoo Finance daily,2026-07-22T16:59:02
2024-01-12,us,VRT,49.880001068115234,50.25,48.41999816894531,49.52000045776367,3465700,,Yahoo Finance daily,2026-07-22T16:59:02
2024-01-16,us,VRT,49.369998931884766,50.720001220703125,49.25,49.959999084472656,3061700,,Yahoo Finance daily,2026-07-22T16:59:02
2024-01-17,us,VRT,49.43000030517578,49.88999938964844,48.86000061035156,49.2599983215332,3208600,,Yahoo Finance daily,2026-07-22T16:59:02
2024-01-18,us,VRT,50.36000061035156,51.040000915527344,49.66999816894531,50.88999938964844,4190200,,Yahoo Finance daily,2026-07-22T16:59:02
2024-01-19,us,VRT,52.5,53.66999816894531,51.66999816894531,53.66999816894531,7499800,,Yahoo Finance daily,2026-07-22T16:59:02
2024-01-22,us,VRT,54.5,55.93000030517578,53.099998474121094,53.45000076293945,7113800,,Yahoo Finance daily,2026-07-22T16:59:02
2024-01-23,us,VRT,53.689998626708984,54.20000076293945,52.82500076293945,53.66999816894531,3453600,,Yahoo Finance daily,2026-07-22T16:59:02
2024-01-24,us,VRT,54.380001068115234,55.04999923706055,52.79999923706055,52.81999969482422,8007700,,Yahoo Finance daily,2026-07-22T16:59:02
2024-01-25,us,VRT,53.5,53.790000915527344,52.61000061035156,53.310001373291016,7383900,,Yahoo Finance daily,2026-07-22T16:59:02
2024-01-26,us,VRT,53.04999923706055,54.76499938964844,52.400001525878906,53.459999084472656,5004700,,Yahoo Finance daily,2026-07-22T16:59:02
2024-01-29,us,VRT,53.400001525878906,54.93000030517578,53.29999923706055,54.900001525878906,5323500,,Yahoo Finance daily,2026-07-22T16:59:02
2024-01-30,us,VRT,56.2400016784668,57.59000015258789,55.66999816894531,56.65999984741211,9344800,,Yahoo Finance daily,2026-07-22T16:59:02
2024-01-31,us,VRT,55.459999084472656,57.599998474121094,55.22800064086914,56.33000183105469,7562300,,Yahoo Finance daily,2026-07-22T16:59:02
2024-02-01,us,VRT,57.470001220703125,59.619998931884766,57.2400016784668,59.459999084472656,10368900,,Yahoo Finance daily,2026-07-22T16:59:02
2024-02-02,us,VRT,60.06999969482422,62.2599983215332,60.06999969482422,61.470001220703125,9915200,,Yahoo Finance daily,2026-07-22T16:59:02
2024-02-05,us,VRT,61.45000076293945,62.16999816894531,60.369998931884766,61.58000183105469,6978700,,Yahoo Finance daily,2026-07-22T16:59:02
2024-02-06,us,VRT,61.900001525878906,62.2599983215332,57.83000183105469,59.119998931884766,10174800,,Yahoo Finance daily,2026-07-22T16:59:02
2024-02-07,us,VRT,59.97999954223633,61.310001373291016,59.275001525878906,60.7400016784668,6299400,,Yahoo Finance daily,2026-07-22T16:59:02
2024-02-08,us,VRT,60.93000030517578,63.43000030517578,60.8849983215332,61.66999816894531,7401100,,Yahoo Finance daily,2026-07-22T16:59:02
2024-02-09,us,VRT,61.9900016784668,63.810001373291016,61.849998474121094,63.52000045776367,6139500,,Yahoo Finance daily,2026-07-22T16:59:02
2024-02-12,us,VRT,63.95000076293945,64.18000030517578,61.04999923706055,61.31999969482422,7719100,,Yahoo Finance daily,2026-07-22T16:59:02
2024-02-13,us,VRT,58.90999984741211,63.119998931884766,57.12699890136719,62.529998779296875,10345100,,Yahoo Finance daily,2026-07-22T16:59:02
2024-02-14,us,VRT,63.5,65.19999694824219,63.060001373291016,64.97000122070312,7578000,,Yahoo Finance daily,2026-07-22T16:59:02
2024-02-15,us,VRT,65.0199966430664,65.55999755859375,61.97999954223633,62.84000015258789,9598700,,Yahoo Finance daily,2026-07-22T16:59:02
2024-02-16,us,VRT,63.18000030517578,65.0,62.349998474121094,62.970001220703125,8065900,,Yahoo Finance daily,2026-07-22T16:59:02
2024-02-20,us,VRT,61.959999084472656,62.54999923706055,60.08000183105469,62.02000045776367,9540300,,Yahoo Finance daily,2026-07-22T16:59:02
2024-02-21,us,VRT,55.029998779296875,61.59000015258789,55.0,58.54999923706055,21392500,,Yahoo Finance daily,2026-07-22T16:59:02
2024-02-22,us,VRT,62.86000061035156,64.5,61.689998626708984,62.900001525878906,11656200,,Yahoo Finance daily,2026-07-22T16:59:02
2024-02-23,us,VRT,63.41999816894531,64.51000213623047,61.25,62.70000076293945,5905900,,Yahoo Finance daily,2026-07-22T16:59:02
2024-02-26,us,VRT,63.33000183105469,66.9000015258789,63.220001220703125,66.30999755859375,7090900,,Yahoo Finance daily,2026-07-22T16:59:02
2024-02-27,us,VRT,67.0,68.80000305175781,66.25,66.2699966430664,8558900,,Yahoo Finance daily,2026-07-22T16:59:02
2024-02-28,us,VRT,65.55000305175781,67.55999755859375,65.53500366210938,66.0999984741211,5414400,,Yahoo Finance daily,2026-07-22T16:59:02
2024-02-29,us,VRT,66.80000305175781,68.22000122070312,66.44999694824219,67.62000274658203,6756200,,Yahoo Finance daily,2026-07-22T16:59:02
2024-03-01,us,VRT,68.4000015258789,71.13999938964844,68.37000274658203,70.56999969482422,7711100,,Yahoo Finance daily,2026-07-22T16:59:02
2024-03-04,us,VRT,72.80000305175781,73.5,71.69000244140625,71.69000244140625,9063800,,Yahoo Finance daily,2026-07-22T16:59:02
2024-03-05,us,VRT,70.5999984741211,71.9209976196289,68.72799682617188,70.0199966430664,6304000,,Yahoo Finance daily,2026-07-22T16:59:02
2024-03-06,us,VRT,72.16000366210938,73.58000183105469,70.74299621582031,71.98999786376953,5829700,,Yahoo Finance daily,2026-07-22T16:59:02
2024-03-07,us,VRT,72.0,72.56999969482422,70.75,72.08999633789062,5393700,,Yahoo Finance daily,2026-07-22T16:59:02
2024-03-08,us,VRT,72.4000015258789,74.41000366210938,69.0,69.37000274658203,7610700,,Yahoo Finance daily,2026-07-22T16:59:02
2024-03-11,us,VRT,68.25,68.31999969482422,65.88999938964844,67.0,11753400,,Yahoo Finance daily,2026-07-22T16:59:02
2024-03-12,us,VRT,68.72000122070312,72.58999633789062,68.3499984741211,72.31999969482422,7662700,,Yahoo Finance daily,2026-07-22T16:59:02
2024-03-13,us,VRT,71.77999877929688,74.63999938964844,71.54100036621094,73.37000274658203,8822900,,Yahoo Finance daily,2026-07-22T16:59:02
2024-03-14,us,VRT,73.9000015258789,76.27999877929688,73.23999786376953,73.91999816894531,9816100,,Yahoo Finance daily,2026-07-22T16:59:02
2024-03-15,us,VRT,73.80999755859375,75.45500183105469,72.66999816894531,74.16000366210938,8130500,,Yahoo Finance daily,2026-07-22T16:59:02
2024-03-18,us,VRT,77.11000061035156,79.66000366210938,75.56999969482422,77.13999938964844,12558000,,Yahoo Finance daily,2026-07-22T16:59:02
2024-03-19,us,VRT,75.0,77.27999877929688,72.91000366210938,77.05999755859375,12532800,,Yahoo Finance daily,2026-07-22T16:59:02
2024-03-20,us,VRT,77.69999694824219,78.62000274658203,75.43000030517578,77.83999633789062,6214900,,Yahoo Finance daily,2026-07-22T16:59:02
2024-03-21,us,VRT,82.0199966430664,84.75,81.12999725341797,82.11000061035156,11019800,,Yahoo Finance daily,2026-07-22T16:59:02
2024-03-22,us,VRT,83.19999694824219,84.0199966430664,81.54000091552734,82.5,6338800,,Yahoo Finance daily,2026-07-22T16:59:02
2024-03-25,us,VRT,82.4000015258789,83.2300033569336,80.91999816894531,81.94999694824219,7094700,,Yahoo Finance daily,2026-07-22T16:59:02
2024-03-26,us,VRT,82.5,86.625,82.16000366210938,82.66999816894531,8377100,,Yahoo Finance daily,2026-07-22T16:59:02
2024-03-27,us,VRT,82.66999816894531,83.27999877929688,78.5199966430664,81.01000213623047,7800500,,Yahoo Finance daily,2026-07-22T16:59:02
2024-03-28,us,VRT,81.0999984741211,82.95999908447266,80.5999984741211,81.66999816894531,5077400,,Yahoo Finance daily,2026-07-22T16:59:02
2024-04-01,us,VRT,82.08000183105469,82.83999633789062,79.56800079345703,80.4000015258789,6376400,,Yahoo Finance daily,2026-07-22T16:59:02
2024-04-02,us,VRT,78.72000122070312,81.27999877929688,77.16000366210938,80.7699966430664,6930200,,Yahoo Finance daily,2026-07-22T16:59:02
2024-04-03,us,VRT,80.0,85.83000183105469,79.80000305175781,85.3499984741211,8018000,,Yahoo Finance daily,2026-07-22T16:59:02
2024-04-04,us,VRT,87.62000274658203,88.69499969482422,80.58000183105469,80.69000244140625,11498400,,Yahoo Finance daily,2026-07-22T16:59:02
2024-04-05,us,VRT,82.5999984741211,85.41000366210938,81.80000305175781,85.33999633789062,7984600,,Yahoo Finance daily,2026-07-22T16:59:02
2024-04-08,us,VRT,85.41999816894531,86.0,82.24500274658203,84.1500015258789,6525000,,Yahoo Finance daily,2026-07-22T16:59:02
2024-04-09,us,VRT,84.25,84.37000274658203,78.93000030517578,81.80000305175781,10232900,,Yahoo Finance daily,2026-07-22T16:59:02
2024-04-10,us,VRT,80.12999725341797,85.38500213623047,79.31300354003906,84.7699966430664,8810800,,Yahoo Finance daily,2026-07-22T16:59:02
2024-04-11,us,VRT,85.73999786376953,88.25,84.94000244140625,86.33999633789062,8896300,,Yahoo Finance daily,2026-07-22T16:59:02
2024-04-12,us,VRT,84.62999725341797,86.73999786376953,83.51000213623047,83.88999938964844,5903600,,Yahoo Finance daily,2026-07-22T16:59:02
2024-04-15,us,VRT,85.5,86.44999694824219,80.33999633789062,80.66999816894531,7638000,,Yahoo Finance daily,2026-07-22T16:59:02
2024-04-16,us,VRT,80.44999694824219,83.36000061035156,79.58999633789062,82.36000061035156,6775600,,Yahoo Finance daily,2026-07-22T16:59:02
2024-04-17,us,VRT,83.16000366210938,85.12999725341797,80.0999984741211,81.87999725341797,6168700,,Yahoo Finance daily,2026-07-22T16:59:02
2024-04-18,us,VRT,82.58999633789062,84.79000091552734,80.02999877929688,81.01000213623047,6618400,,Yahoo Finance daily,2026-07-22T16:59:02
2024-04-19,us,VRT,79.91000366210938,80.1500015258789,74.56999969482422,75.01000213623047,15942300,,Yahoo Finance daily,2026-07-22T16:59:02
2024-04-22,us,VRT,75.80000305175781,77.2490005493164,72.58000183105469,76.06999969482422,10949600,,Yahoo Finance daily,2026-07-22T16:59:02
2024-04-23,us,VRT,76.87000274658203,79.79000091552734,76.41999816894531,79.16999816894531,7385700,,Yahoo Finance daily,2026-07-22T16:59:02
2024-04-24,us,VRT,89.79000091552734,94.38999938964844,81.83999633789062,84.56999969482422,28787700,,Yahoo Finance daily,2026-07-22T16:59:02
2024-04-25,us,VRT,83.0,92.48899841308594,81.9000015258789,90.3499984741211,20852400,,Yahoo Finance daily,2026-07-22T16:59:02
2024-04-26,us,VRT,92.87000274658203,95.31999969482422,92.55999755859375,93.48999786376953,15253900,,Yahoo Finance daily,2026-07-22T16:59:02
2024-04-29,us,VRT,93.18000030517578,94.86000061035156,91.19000244140625,94.80000305175781,11883700,,Yahoo Finance daily,2026-07-22T16:59:02
2024-04-30,us,VRT,93.75,95.70099639892578,91.33000183105469,93.0,11015300,,Yahoo Finance daily,2026-07-22T16:59:02
2024-05-01,us,VRT,92.12999725341797,93.0,86.79100036621094,88.5199966430664,10953700,,Yahoo Finance daily,2026-07-22T16:59:02
2024-05-02,us,VRT,90.47000122070312,92.44000244140625,87.36000061035156,92.16999816894531,6046500,,Yahoo Finance daily,2026-07-22T16:59:02
2024-05-03,us,VRT,94.18000030517578,94.87999725341797,92.55999755859375,93.01000213623047,4749000,,Yahoo Finance daily,2026-07-22T16:59:02
2024-05-06,us,VRT,94.38999938964844,97.27999877929688,94.38999938964844,97.26000213623047,5701300,,Yahoo Finance daily,2026-07-22T16:59:02
2024-05-07,us,VRT,95.9000015258789,97.48999786376953,94.8499984741211,94.91000366210938,5752100,,Yahoo Finance daily,2026-07-22T16:59:02
2024-05-08,us,VRT,94.72000122070312,98.08000183105469,94.0999984741211,97.68000030517578,6006400,,Yahoo Finance daily,2026-07-22T16:59:02
2024-05-09,us,VRT,97.5999984741211,99.44000244140625,95.55000305175781,97.94000244140625,6894400,,Yahoo Finance daily,2026-07-22T16:59:02
2024-05-10,us,VRT,99.5999984741211,100.2979965209961,95.0199966430664,95.4000015258789,8692800,,Yahoo Finance daily,2026-07-22T16:59:02
2024-05-13,us,VRT,95.41999816894531,96.62999725341797,93.73999786376953,94.80000305175781,4466600,,Yahoo Finance daily,2026-07-22T16:59:02
2024-05-14,us,VRT,94.37000274658203,98.94999694824219,93.0999984741211,98.7300033569336,4872000,,Yahoo Finance daily,2026-07-22T16:59:02
2024-05-15,us,VRT,101.0199966430664,104.76000213623047,101.01000213623047,104.5999984741211,8483800,,Yahoo Finance daily,2026-07-22T16:59:02
2024-05-16,us,VRT,102.47000122070312,103.75,97.20999908447266,97.29000091552734,8234300,,Yahoo Finance daily,2026-07-22T16:59:02
2024-05-17,us,VRT,98.68000030517578,98.94000244140625,95.05000305175781,96.80999755859375,8078400,,Yahoo Finance daily,2026-07-22T16:59:02
2024-05-20,us,VRT,97.62000274658203,101.30000305175781,97.62000274658203,99.31999969482422,6056000,,Yahoo Finance daily,2026-07-22T16:59:02
2024-05-21,us,VRT,97.04000091552734,100.18000030517578,96.5,99.12999725341797,4538400,,Yahoo Finance daily,2026-07-22T16:59:02
2024-05-22,us,VRT,100.0,101.94999694824219,99.0999984741211,100.12999725341797,5919700,,Yahoo Finance daily,2026-07-22T16:59:02
2024-05-23,us,VRT,105.0,105.63999938964844,101.08999633789062,101.23999786376953,10831100,,Yahoo Finance daily,2026-07-22T16:59:02
2024-05-24,us,VRT,101.5999984741211,109.27100372314453,101.22000122070312,106.16999816894531,10019600,,Yahoo Finance daily,2026-07-22T16:59:02
2024-05-28,us,VRT,108.11000061035156,109.0,103.30000305175781,105.16000366210938,9810400,,Yahoo Finance daily,2026-07-22T16:59:02
2024-05-29,us,VRT,104.5999984741211,105.43000030517578,103.11000061035156,103.20999908447266,7080700,,Yahoo Finance daily,2026-07-22T16:59:02
2024-05-30,us,VRT,102.8499984741211,104.47000122070312,101.63999938964844,102.27999877929688,4799900,,Yahoo Finance daily,2026-07-22T16:59:02
2024-05-31,us,VRT,100.4000015258789,100.7040023803711,92.4000015258789,98.06999969482422,17944400,,Yahoo Finance daily,2026-07-22T16:59:02
2024-06-03,us,VRT,98.19999694824219,98.38999938964844,92.6500015258789,96.11000061035156,9698100,,Yahoo Finance daily,2026-07-22T16:59:02
2024-06-04,us,VRT,93.94999694824219,94.41000366210938,89.12999725341797,92.08999633789062,13986400,,Yahoo Finance daily,2026-07-22T16:59:02
2024-06-05,us,VRT,93.56999969482422,98.36000061035156,93.33999633789062,97.08000183105469,9545800,,Yahoo Finance daily,2026-07-22T16:59:02
2024-06-06,us,VRT,96.0999984741211,97.29000091552734,87.16000366210938,88.0,20215600,,Yahoo Finance daily,2026-07-22T16:59:02
2024-06-07,us,VRT,87.87000274658203,90.80000305175781,85.13999938964844,87.68000030517578,13592800,,Yahoo Finance daily,2026-07-22T16:59:02
2024-06-10,us,VRT,87.51000213623047,92.5,87.5,91.30000305175781,7944400,,Yahoo Finance daily,2026-07-22T16:59:02
2024-06-11,us,VRT,90.75,91.0999984741211,88.5999984741211,89.30000305175781,6583900,,Yahoo Finance daily,2026-07-22T16:59:02
2024-06-12,us,VRT,92.11000061035156,95.23999786376953,89.37999725341797,90.16999816894531,9862600,,Yahoo Finance daily,2026-07-22T16:59:02
2024-06-13,us,VRT,91.43000030517578,95.91999816894531,90.5199966430664,95.30999755859375,9510700,,Yahoo Finance daily,2026-07-22T16:59:02
2024-06-14,us,VRT,94.76000213623047,95.44999694824219,90.31999969482422,91.4800033569336,8047200,,Yahoo Finance daily,2026-07-22T16:59:02
2024-06-17,us,VRT,91.88999938964844,92.0999984741211,86.87999725341797,89.55000305175781,9299200,,Yahoo Finance daily,2026-07-22T16:59:02
2024-06-18,us,VRT,89.08999633789062,96.36000061035156,87.75,95.33999633789062,11453500,,Yahoo Finance daily,2026-07-22T16:59:02
2024-06-20,us,VRT,95.12999725341797,97.50399780273438,89.65799713134766,90.48999786376953,10777000,,Yahoo Finance daily,2026-07-22T16:59:02
2024-06-21,us,VRT,89.4000015258789,90.88999938964844,86.01000213623047,90.62000274658203,12026100,,Yahoo Finance daily,2026-07-22T16:59:02
2024-06-24,us,VRT,89.5,90.1500015258789,87.04000091552734,89.13999938964844,8392000,,Yahoo Finance daily,2026-07-22T16:59:02
2024-06-25,us,VRT,89.52999877929688,91.80999755859375,88.51000213623047,91.72000122070312,6515200,,Yahoo Finance daily,2026-07-22T16:59:02
2024-06-26,us,VRT,90.19999694824219,90.98999786376953,85.67500305175781,87.01000213623047,8985200,,Yahoo Finance daily,2026-07-22T16:59:02
2024-06-27,us,VRT,87.0,88.12000274658203,86.2699966430664,86.87999725341797,6727000,,Yahoo Finance daily,2026-07-22T16:59:02
2024-06-28,us,VRT,87.0,89.33000183105469,84.77999877929688,86.56999969482422,23351600,,Yahoo Finance daily,2026-07-22T16:59:02
2024-07-01,us,VRT,87.41000366210938,87.62000274658203,82.80999755859375,86.66000366210938,8693900,,Yahoo Finance daily,2026-07-22T16:59:02
2024-07-02,us,VRT,86.11000061035156,89.06999969482422,85.66500091552734,88.0,7714400,,Yahoo Finance daily,2026-07-22T16:59:02
2024-07-03,us,VRT,88.05999755859375,93.41999816894531,87.93000030517578,93.41999816894531,7859600,,Yahoo Finance daily,2026-07-22T16:59:02
2024-07-05,us,VRT,93.0,94.5999984741211,91.11000061035156,91.77999877929688,5903000,,Yahoo Finance daily,2026-07-22T16:59:02
2024-07-08,us,VRT,92.75,94.44999694824219,91.80000305175781,92.33000183105469,4309200,,Yahoo Finance daily,2026-07-22T16:59:02
2024-07-09,us,VRT,92.95999908447266,95.4800033569336,92.66000366210938,92.76000213623047,6111900,,Yahoo Finance daily,2026-07-22T16:59:02
2024-07-10,us,VRT,93.44999694824219,94.37799835205078,90.8499984741211,94.0999984741211,4254900,,Yahoo Finance daily,2026-07-22T16:59:02
2024-07-11,us,VRT,94.98999786376953,95.36000061035156,90.76000213623047,92.86000061035156,6257800,,Yahoo Finance daily,2026-07-22T16:59:02
2024-07-12,us,VRT,92.0,93.43000030517578,88.6780014038086,89.66999816894531,10282400,,Yahoo Finance daily,2026-07-22T16:59:02
2024-07-15,us,VRT,89.9000015258789,90.93000030517578,87.4000015258789,87.88999938964844,7589600,,Yahoo Finance daily,2026-07-22T16:59:02
2024-07-16,us,VRT,89.79000091552734,91.0739974975586,87.55000305175781,89.72000122070312,6182000,,Yahoo Finance daily,2026-07-22T16:59:02
2024-07-17,us,VRT,86.58999633789062,88.19999694824219,81.77999877929688,81.77999877929688,13005800,,Yahoo Finance daily,2026-07-22T16:59:02
2024-07-18,us,VRT,83.62999725341797,86.77999877929688,79.77999877929688,82.55999755859375,13846400,,Yahoo Finance daily,2026-07-22T16:59:02
2024-07-19,us,VRT,82.94000244140625,86.47000122070312,82.3499984741211,85.30999755859375,7387300,,Yahoo Finance daily,2026-07-22T16:59:02
2024-07-22,us,VRT,87.73999786376953,89.30999755859375,86.12000274658203,87.8499984741211,7697000,,Yahoo Finance daily,2026-07-22T16:59:02
2024-07-23,us,VRT,87.72000122070312,92.3499984741211,87.5,91.0,10060900,,Yahoo Finance daily,2026-07-22T16:59:02
2024-07-24,us,VRT,88.37999725341797,88.86000061035156,78.29000091552734,78.58999633789062,22908000,,Yahoo Finance daily,2026-07-22T16:59:02
2024-07-25,us,VRT,79.23999786376953,79.71900177001953,72.0,76.4800033569336,17502800,,Yahoo Finance daily,2026-07-22T16:59:02
2024-07-26,us,VRT,79.75,80.5,76.81999969482422,77.12000274658203,7834600,,Yahoo Finance daily,2026-07-22T16:59:02
2024-07-29,us,VRT,77.5,80.0,76.30999755859375,78.0,8083800,,Yahoo Finance daily,2026-07-22T16:59:02
2024-07-30,us,VRT,78.38999938964844,79.80000305175781,71.88999938964844,73.02999877929688,12157600,,Yahoo Finance daily,2026-07-22T16:59:02
2024-07-31,us,VRT,80.59500122070312,81.05000305175781,77.98999786376953,78.69999694824219,16390300,,Yahoo Finance daily,2026-07-22T16:59:02
2024-08-01,us,VRT,79.75,80.9000015258789,73.63500213623047,74.0,10460800,,Yahoo Finance daily,2026-07-22T16:59:02
2024-08-02,us,VRT,68.13999938964844,70.75,65.83100128173828,69.45999908447266,16616300,,Yahoo Finance daily,2026-07-22T16:59:02
2024-08-05,us,VRT,62.400001525878906,68.91999816894531,62.400001525878906,67.7300033569336,15898300,,Yahoo Finance daily,2026-07-22T16:59:02
2024-08-06,us,VRT,69.0999984741211,71.23999786376953,66.37999725341797,69.2699966430664,11978600,,Yahoo Finance daily,2026-07-22T16:59:02
2024-08-07,us,VRT,71.0,72.0,66.19999694824219,67.22000122070312,11165100,,Yahoo Finance daily,2026-07-22T16:59:02
2024-08-08,us,VRT,69.58999633789062,71.70999908447266,66.75,71.05999755859375,9929400,,Yahoo Finance daily,2026-07-22T16:59:02
2024-08-09,us,VRT,70.94999694824219,72.08999633789062,69.86000061035156,71.45999908447266,6669300,,Yahoo Finance daily,2026-07-22T16:59:02
2024-08-12,us,VRT,71.5999984741211,73.5199966430664,70.7699966430664,72.94000244140625,6761500,,Yahoo Finance daily,2026-07-22T16:59:02
2024-08-13,us,VRT,73.52999877929688,76.76000213623047,73.06999969482422,76.23999786376953,8043000,,Yahoo Finance daily,2026-07-22T16:59:02
2024-08-14,us,VRT,77.54000091552734,80.80000305175781,76.90499877929688,80.16000366210938,11372200,,Yahoo Finance daily,2026-07-22T16:59:02
2024-08-15,us,VRT,81.5,83.05000305175781,80.30000305175781,82.95999908447266,7604900,,Yahoo Finance daily,2026-07-22T16:59:02
2024-08-16,us,VRT,82.0,82.0,79.01000213623047,79.41999816894531,6846400,,Yahoo Finance daily,2026-07-22T16:59:02
2024-08-19,us,VRT,79.0,79.06999969482422,75.83999633789062,78.87999725341797,6791700,,Yahoo Finance daily,2026-07-22T16:59:02
2024-08-20,us,VRT,78.7699966430664,79.38999938964844,76.01000213623047,76.51000213623047,5977800,,Yahoo Finance daily,2026-07-22T16:59:02
2024-08-21,us,VRT,76.31999969482422,78.5999984741211,75.41200256347656,77.98999786376953,5735300,,Yahoo Finance daily,2026-07-22T16:59:02
2024-08-22,us,VRT,78.16000366210938,78.87000274658203,75.83999633789062,76.77999877929688,4304800,,Yahoo Finance daily,2026-07-22T16:59:02
2024-08-23,us,VRT,77.33000183105469,78.83999633789062,76.31999969482422,78.55000305175781,4990700,,Yahoo Finance daily,2026-07-22T16:59:02
2024-08-26,us,VRT,78.33999633789062,79.12000274658203,76.9000015258789,78.05999755859375,4828700,,Yahoo Finance daily,2026-07-22T16:59:02
2024-08-27,us,VRT,77.0,81.0,76.3499984741211,80.20999908447266,5431800,,Yahoo Finance daily,2026-07-22T16:59:02
2024-08-28,us,VRT,80.5999984741211,81.92500305175781,78.38999938964844,80.5199966430664,6981700,,Yahoo Finance daily,2026-07-22T16:59:02
2024-08-29,us,VRT,81.20999908447266,83.75,78.94000244140625,79.91999816894531,7012300,,Yahoo Finance daily,2026-07-22T16:59:02
2024-08-30,us,VRT,81.19999694824219,83.58999633789062,80.47000122070312,83.02999877929688,7101000,,Yahoo Finance daily,2026-07-22T16:59:02
2024-09-03,us,VRT,82.25,82.80000305175781,74.80999755859375,75.19999694824219,9052500,,Yahoo Finance daily,2026-07-22T16:59:02
2024-09-04,us,VRT,74.08000183105469,76.87000274658203,73.2699966430664,75.05999755859375,5232300,,Yahoo Finance daily,2026-07-22T16:59:02
2024-09-05,us,VRT,74.5199966430664,75.69200134277344,73.37000274658203,75.1500015258789,3809900,,Yahoo Finance daily,2026-07-22T16:59:02
2024-09-06,us,VRT,75.4000015258789,76.05000305175781,71.1240005493164,71.7699966430664,8197900,,Yahoo Finance daily,2026-07-22T16:59:02
2024-09-09,us,VRT,73.0,74.94000244140625,72.44999694824219,74.4800033569336,5446600,,Yahoo Finance daily,2026-07-22T16:59:02
2024-09-10,us,VRT,75.27999877929688,76.69000244140625,73.66999816894531,75.47000122070312,4235500,,Yahoo Finance daily,2026-07-22T16:59:02
2024-09-11,us,VRT,75.94999694824219,82.62000274658203,75.49500274658203,82.38999938964844,10119200,,Yahoo Finance daily,2026-07-22T16:59:02
2024-09-12,us,VRT,81.6500015258789,87.61000061035156,81.51000213623047,86.76000213623047,11803600,,Yahoo Finance daily,2026-07-22T16:59:02
2024-09-13,us,VRT,88.5199966430664,89.22000122070312,85.41000366210938,85.76000213623047,7264500,,Yahoo Finance daily,2026-07-22T16:59:02
2024-09-16,us,VRT,84.44000244140625,87.62000274658203,83.75,86.98999786376953,6043800,,Yahoo Finance daily,2026-07-22T16:59:02
2024-09-17,us,VRT,88.0,88.71600341796875,86.0999984741211,87.29000091552734,4287300,,Yahoo Finance daily,2026-07-22T16:59:02
2024-09-18,us,VRT,88.30000305175781,90.5,87.08000183105469,87.66000366210938,8542000,,Yahoo Finance daily,2026-07-22T16:59:02
2024-09-19,us,VRT,91.91999816894531,93.66000366210938,90.02999877929688,92.05999755859375,9608800,,Yahoo Finance daily,2026-07-22T16:59:02
2024-09-20,us,VRT,92.80000305175781,95.12000274658203,92.30000305175781,94.54000091552734,13255800,,Yahoo Finance daily,2026-07-22T16:59:02
2024-09-23,us,VRT,95.33000183105469,96.69999694824219,95.0199966430664,96.06999969482422,6964900,,Yahoo Finance daily,2026-07-22T16:59:02
2024-09-24,us,VRT,96.12999725341797,97.56800079345703,95.26000213623047,97.38999938964844,5068300,,Yahoo Finance daily,2026-07-22T16:59:02
2024-09-25,us,VRT,98.19999694824219,101.5,98.08499908447266,100.73999786376953,8452500,,Yahoo Finance daily,2026-07-22T16:59:02
2024-09-26,us,VRT,102.44000244140625,103.69000244140625,97.41999816894531,100.62000274658203,9150700,,Yahoo Finance daily,2026-07-22T16:59:02
2024-09-27,us,VRT,100.12999725341797,100.33999633789062,96.0199966430664,98.41000366210938,7032700,,Yahoo Finance daily,2026-07-22T16:59:02
2024-09-30,us,VRT,97.4000015258789,99.69999694824219,95.94999694824219,99.48999786376953,4848300,,Yahoo Finance daily,2026-07-22T16:59:02
2024-10-01,us,VRT,99.62000274658203,99.84500122070312,96.16000366210938,97.62000274658203,4428600,,Yahoo Finance daily,2026-07-22T16:59:02
2024-10-02,us,VRT,97.20999908447266,102.48999786376953,96.30000305175781,102.27999877929688,6185500,,Yahoo Finance daily,2026-07-22T16:59:02
2024-10-03,us,VRT,102.62000274658203,105.25,101.6500015258789,102.69000244140625,6036300,,Yahoo Finance daily,2026-07-22T16:59:02
2024-10-04,us,VRT,104.22000122070312,105.38600158691406,102.94000244140625,105.19999694824219,5740300,,Yahoo Finance daily,2026-07-22T16:59:02
2024-10-07,us,VRT,105.19999694824219,107.66999816894531,104.39700317382812,106.7300033569336,6403600,,Yahoo Finance daily,2026-07-22T16:59:02
2024-10-08,us,VRT,105.83999633789062,108.08000183105469,105.12999725341797,106.81999969482422,4942600,,Yahoo Finance daily,2026-07-22T16:59:02
2024-10-09,us,VRT,107.30999755859375,109.37999725341797,107.05999755859375,108.12000274658203,5512600,,Yahoo Finance daily,2026-07-22T16:59:02
2024-10-10,us,VRT,106.5,109.08999633789062,104.62000274658203,107.47000122070312,4653900,,Yahoo Finance daily,2026-07-22T16:59:02
2024-10-11,us,VRT,107.54000091552734,112.06500244140625,107.30999755859375,111.83999633789062,6545000,,Yahoo Finance daily,2026-07-22T16:59:02
2024-10-14,us,VRT,112.33999633789062,113.43000030517578,111.52999877929688,112.41000366210938,5474300,,Yahoo Finance daily,2026-07-22T16:59:02
2024-10-15,us,VRT,111.80000305175781,111.95999908447266,106.29000091552734,107.47000122070312,9795900,,Yahoo Finance daily,2026-07-22T16:59:02
2024-10-16,us,VRT,109.5199966430664,112.77999877929688,109.23999786376953,111.69000244140625,6210100,,Yahoo Finance daily,2026-07-22T16:59:02
2024-10-17,us,VRT,113.87000274658203,116.19000244140625,113.04000091552734,114.27999877929688,7672800,,Yahoo Finance daily,2026-07-22T16:59:02
2024-10-18,us,VRT,114.0999984741211,114.27999877929688,112.12000274658203,112.25,4167800,,Yahoo Finance daily,2026-07-22T16:59:02
2024-10-21,us,VRT,111.4800033569336,113.17500305175781,110.45500183105469,112.11000061035156,5974800,,Yahoo Finance daily,2026-07-22T16:59:02
2024-10-22,us,VRT,110.5,114.11000061035156,110.25,112.47000122070312,9649700,,Yahoo Finance daily,2026-07-22T16:59:02
2024-10-23,us,VRT,107.0,116.41000366210938,104.5199966430664,108.36000061035156,18855300,,Yahoo Finance daily,2026-07-22T16:59:02
2024-10-24,us,VRT,109.51000213623047,111.94000244140625,108.08999633789062,110.02999877929688,8149800,,Yahoo Finance daily,2026-07-22T16:59:02
2024-10-25,us,VRT,110.88500213623047,114.87000274658203,110.56999969482422,112.16999816894531,6257400,,Yahoo Finance daily,2026-07-22T16:59:02
2024-10-28,us,VRT,113.08999633789062,115.19000244140625,112.66999816894531,113.61000061035156,4765800,,Yahoo Finance daily,2026-07-22T16:59:02
2024-10-29,us,VRT,113.0,114.1500015258789,112.4000015258789,113.83000183105469,4019800,,Yahoo Finance daily,2026-07-22T16:59:02
2024-10-30,us,VRT,113.30999755859375,114.12999725341797,110.61100006103516,112.44999694824219,3529500,,Yahoo Finance daily,2026-07-22T16:59:02
2024-10-31,us,VRT,109.66999816894531,110.47000122070312,107.18000030517578,109.29000091552734,5806500,,Yahoo Finance daily,2026-07-22T16:59:02
2024-11-01,us,VRT,109.91000366210938,110.0,106.6500015258789,106.9000015258789,5008300,,Yahoo Finance daily,2026-07-22T16:59:02
2024-11-04,us,VRT,106.36000061035156,107.40799713134766,104.58000183105469,106.20999908447266,4637700,,Yahoo Finance daily,2026-07-22T16:59:02
2024-11-05,us,VRT,107.48999786376953,112.56999969482422,107.05000305175781,112.44000244140625,4133600,,Yahoo Finance daily,2026-07-22T16:59:02
2024-11-06,us,VRT,116.98999786376953,120.44000244140625,115.08000183105469,120.43000030517578,7598500,,Yahoo Finance daily,2026-07-22T16:59:02
2024-11-07,us,VRT,122.88999938964844,124.8550033569336,120.94000244140625,122.16999816894531,7696700,,Yahoo Finance daily,2026-07-22T16:59:02
2024-11-08,us,VRT,121.61000061035156,125.80500030517578,120.5999984741211,125.75,4621500,,Yahoo Finance daily,2026-07-22T16:59:02
2024-11-11,us,VRT,130.14999389648438,130.3000030517578,123.84500122070312,126.80000305175781,6556500,,Yahoo Finance daily,2026-07-22T16:59:02
2024-11-12,us,VRT,125.11000061035156,126.66999816894531,121.25,123.80999755859375,6110700,,Yahoo Finance daily,2026-07-22T16:59:02
2024-11-13,us,VRT,125.98999786376953,128.7100067138672,124.29000091552734,124.52999877929688,4591000,,Yahoo Finance daily,2026-07-22T16:59:02
2024-11-14,us,VRT,124.80000305175781,124.87000274658203,119.61000061035156,121.02999877929688,5020200,,Yahoo Finance daily,2026-07-22T16:59:02
2024-11-15,us,VRT,119.0199966430664,123.25,118.63999938964844,120.87000274658203,6155000,,Yahoo Finance daily,2026-07-22T16:59:02
2024-11-18,us,VRT,124.63999938964844,127.33999633789062,119.72000122070312,123.0199966430664,7583700,,Yahoo Finance daily,2026-07-22T16:59:02
2024-11-19,us,VRT,123.62999725341797,141.1199951171875,123.62999725341797,140.94000244140625,14850300,,Yahoo Finance daily,2026-07-22T16:59:02
2024-11-20,us,VRT,140.60000610351562,141.75999450683594,134.41000366210938,137.5399932861328,10605600,,Yahoo Finance daily,2026-07-22T16:59:02
2024-11-21,us,VRT,138.97999572753906,145.6699981689453,137.27999877929688,141.49000549316406,10137200,,Yahoo Finance daily,2026-07-22T16:59:02
2024-11-22,us,VRT,142.25999450683594,142.89999389648438,139.13999938964844,140.14999389648438,4944000,,Yahoo Finance daily,2026-07-22T16:59:02
2024-11-25,us,VRT,141.02999877929688,141.6999969482422,130.64999389648438,132.02999877929688,10649700,,Yahoo Finance daily,2026-07-22T16:59:02
2024-11-26,us,VRT,133.55999755859375,135.4600067138672,130.24000549316406,131.74000549316406,7680900,,Yahoo Finance daily,2026-07-22T16:59:02
2024-11-27,us,VRT,130.0449981689453,130.6699981689453,124.5199966430664,126.94000244140625,7384600,,Yahoo Finance daily,2026-07-22T16:59:02
2024-11-29,us,VRT,129.94000244140625,130.97999572753906,127.30000305175781,127.5999984741211,3018300,,Yahoo Finance daily,2026-07-22T16:59:02
2024-12-02,us,VRT,129.0,131.99000549316406,124.05000305175781,127.05000305175781,5331900,,Yahoo Finance daily,2026-07-22T16:59:02
2024-12-03,us,VRT,127.83999633789062,131.67999267578125,126.33000183105469,128.16000366210938,7607800,,Yahoo Finance daily,2026-07-22T16:59:02
2024-12-04,us,VRT,130.2100067138672,132.89999389648438,129.22000122070312,130.8800048828125,5222800,,Yahoo Finance daily,2026-07-22T16:59:02
2024-12-05,us,VRT,133.0,137.05999755859375,130.5500030517578,134.5800018310547,11214600,,Yahoo Finance daily,2026-07-22T16:59:02
2024-12-06,us,VRT,135.0,135.52200317382812,130.6999969482422,133.85000610351562,4552300,,Yahoo Finance daily,2026-07-22T16:59:02
2024-12-09,us,VRT,133.5500030517578,133.5500030517578,121.83999633789062,126.16999816894531,8959200,,Yahoo Finance daily,2026-07-22T16:59:02
2024-12-10,us,VRT,126.5,127.83000183105469,120.62999725341797,121.69999694824219,6682900,,Yahoo Finance daily,2026-07-22T16:59:02
2024-12-11,us,VRT,124.0999984741211,127.0,122.33000183105469,125.83999633789062,4269500,,Yahoo Finance daily,2026-07-22T16:59:02
2024-12-12,us,VRT,123.97000122070312,126.16999816894531,123.30000305175781,125.04000091552734,3265000,,Yahoo Finance daily,2026-07-22T16:59:02
2024-12-13,us,VRT,127.0,129.0,121.80000305175781,125.77999877929688,11623200,,Yahoo Finance daily,2026-07-22T16:59:02
2024-12-16,us,VRT,126.22000122070312,127.20999908447266,123.58899688720703,125.97000122070312,4849100,,Yahoo Finance daily,2026-07-22T16:59:02
2024-12-17,us,VRT,123.5,124.37999725341797,119.19999694824219,120.69000244140625,5869200,,Yahoo Finance daily,2026-07-22T16:59:02
2024-12-18,us,VRT,121.87999725341797,122.5,112.79499816894531,114.12000274658203,6554000,,Yahoo Finance daily,2026-07-22T16:59:02
2024-12-19,us,VRT,117.20999908447266,117.69000244140625,112.91400146484375,115.44000244140625,6615500,,Yahoo Finance daily,2026-07-22T16:59:02
2024-12-20,us,VRT,114.19999694824219,121.0,112.58000183105469,120.04000091552734,8720800,,Yahoo Finance daily,2026-07-22T16:59:02
2024-12-23,us,VRT,120.5,120.87000274658203,115.5999984741211,117.73999786376953,4161500,,Yahoo Finance daily,2026-07-22T16:59:02
2024-12-24,us,VRT,118.52999877929688,119.56500244140625,117.95999908447266,118.73999786376953,1725800,,Yahoo Finance daily,2026-07-22T16:59:02
2024-12-26,us,VRT,118.0,120.0999984741211,117.7699966430664,118.87999725341797,2188900,,Yahoo Finance daily,2026-07-22T16:59:02
2024-12-27,us,VRT,117.06999969482422,118.0,113.4800033569336,115.11000061035156,3813100,,Yahoo Finance daily,2026-07-22T16:59:02
2024-12-30,us,VRT,112.33000183105469,118.19999694824219,112.2300033569336,116.16000366210938,3663200,,Yahoo Finance daily,2026-07-22T16:59:02
2024-12-31,us,VRT,116.38999938964844,116.5,113.38999938964844,113.61000061035156,3431600,,Yahoo Finance daily,2026-07-22T16:59:02
2025-01-02,us,VRT,115.0199966430664,120.20700073242188,114.87999725341797,118.30000305175781,4808000,,Yahoo Finance daily,2026-07-22T16:59:02
2025-01-03,us,VRT,119.25,126.11000061035156,119.08999633789062,125.66999816894531,7696700,,Yahoo Finance daily,2026-07-22T16:59:02
2025-01-06,us,VRT,131.3000030517578,135.08999633789062,131.10000610351562,134.0800018310547,9688500,,Yahoo Finance daily,2026-07-22T16:59:02
2025-01-07,us,VRT,135.0,135.3300018310547,126.01000213623047,130.63999938964844,7258000,,Yahoo Finance daily,2026-07-22T16:59:02
2025-01-08,us,VRT,130.1999969482422,130.61000061035156,125.19999694824219,129.27000427246094,4115800,,Yahoo Finance daily,2026-07-22T16:59:02
2025-01-10,us,VRT,128.0800018310547,129.22999572753906,122.13999938964844,128.92999267578125,5205600,,Yahoo Finance daily,2026-07-22T16:59:02
2025-01-13,us,VRT,123.24500274658203,124.69000244140625,118.69999694824219,124.01000213623047,6856600,,Yahoo Finance daily,2026-07-22T16:59:02
2025-01-14,us,VRT,126.12999725341797,130.8800048828125,125.70999908447266,128.9499969482422,6231600,,Yahoo Finance daily,2026-07-22T16:59:02
2025-01-15,us,VRT,132.4600067138672,133.49000549316406,128.8699951171875,132.0,4268100,,Yahoo Finance daily,2026-07-22T16:59:02
2025-01-16,us,VRT,133.86000061035156,136.22000122070312,131.61700439453125,132.58999633789062,4427700,,Yahoo Finance daily,2026-07-22T16:59:02
2025-01-17,us,VRT,134.4949951171875,137.3000030517578,132.60000610351562,135.8800048828125,4915100,,Yahoo Finance daily,2026-07-22T16:59:02
2025-01-21,us,VRT,141.13999938964844,143.47999572753906,135.5500030517578,143.1300048828125,7427400,,Yahoo Finance daily,2026-07-22T16:59:02
2025-01-22,us,VRT,150.0800018310547,154.7899932861328,147.67999267578125,148.58999633789062,9963900,,Yahoo Finance daily,2026-07-22T16:59:02
2025-01-23,us,VRT,147.4600067138672,155.25999450683594,146.5500030517578,153.49000549316406,7579300,,Yahoo Finance daily,2026-07-22T16:59:02
2025-01-24,us,VRT,154.25999450683594,155.83999633789062,145.41000366210938,146.32000732421875,8530300,,Yahoo Finance daily,2026-07-22T16:59:02
2025-01-27,us,VRT,117.05000305175781,121.4800033569336,99.11000061035156,102.5999984741211,47118800,,Yahoo Finance daily,2026-07-22T16:59:02
2025-01-28,us,VRT,104.18000030517578,107.0,97.5,106.55000305175781,24199200,,Yahoo Finance daily,2026-07-22T16:59:02
2025-01-29,us,VRT,108.94000244140625,112.66500091552734,106.04000091552734,110.45999908447266,17317300,,Yahoo Finance daily,2026-07-22T16:59:02
2025-01-30,us,VRT,115.94999694824219,119.73999786376953,111.44000244140625,114.5999984741211,13358600,,Yahoo Finance daily,2026-07-22T16:59:02
2025-01-31,us,VRT,118.05000305175781,121.18699645996094,113.69999694824219,117.0199966430664,11188000,,Yahoo Finance daily,2026-07-22T16:59:02
2025-02-03,us,VRT,105.75,114.35199737548828,105.0,112.5999984741211,10950400,,Yahoo Finance daily,2026-07-22T16:59:02
2025-02-04,us,VRT,113.0,113.73999786376953,109.55000305175781,111.25,7636300,,Yahoo Finance daily,2026-07-22T16:59:02
2025-02-05,us,VRT,114.2699966430664,119.39900207519531,113.54000091552734,119.04000091552734,8100300,,Yahoo Finance daily,2026-07-22T16:59:02
2025-02-06,us,VRT,119.66000366210938,121.33999633789062,117.55000305175781,119.55999755859375,5610600,,Yahoo Finance daily,2026-07-22T16:59:02
2025-02-07,us,VRT,121.0,124.02999877929688,119.47000122070312,121.37999725341797,6041100,,Yahoo Finance daily,2026-07-22T16:59:02
2025-02-10,us,VRT,120.77999877929688,126.5250015258789,120.77999877929688,125.76000213623047,7773300,,Yahoo Finance daily,2026-07-22T16:59:02
2025-02-11,us,VRT,123.58499908447266,124.86000061035156,120.20999908447266,123.25,9012300,,Yahoo Finance daily,2026-07-22T16:59:02
2025-02-12,us,VRT,111.08000183105469,116.0,110.74500274658203,111.23999786376953,21298100,,Yahoo Finance daily,2026-07-22T16:59:02
2025-02-13,us,VRT,113.0,114.5,105.81999969482422,109.27999877929688,14407500,,Yahoo Finance daily,2026-07-22T16:59:02
2025-02-14,us,VRT,109.30000305175781,109.30000305175781,105.86000061035156,108.05000305175781,7157300,,Yahoo Finance daily,2026-07-22T16:59:02
2025-02-18,us,VRT,111.01000213623047,113.37000274658203,108.9800033569336,109.95999908447266,6717700,,Yahoo Finance daily,2026-07-22T16:59:02
2025-02-19,us,VRT,109.86000061035156,110.37999725341797,106.66999816894531,107.83999633789062,5945000,,Yahoo Finance daily,2026-07-22T16:59:02
2025-02-20,us,VRT,109.0,110.6050033569336,102.66999816894531,104.83000183105469,9035800,,Yahoo Finance daily,2026-07-22T16:59:02
2025-02-21,us,VRT,105.0,105.0,94.56999969482422,95.98999786376953,15635300,,Yahoo Finance daily,2026-07-22T16:59:02
2025-02-24,us,VRT,97.0,97.0,88.73999786376953,91.0199966430664,17153500,,Yahoo Finance daily,2026-07-22T16:59:02
2025-02-25,us,VRT,89.0,94.25,84.69000244140625,91.9000015258789,20420600,,Yahoo Finance daily,2026-07-22T16:59:02
2025-02-26,us,VRT,100.66000366210938,101.80000305175781,97.02999877929688,98.61000061035156,15843700,,Yahoo Finance daily,2026-07-22T16:59:02
2025-02-27,us,VRT,103.69999694824219,104.20700073242188,91.94000244140625,92.41000366210938,12551000,,Yahoo Finance daily,2026-07-22T16:59:02
2025-02-28,us,VRT,91.51000213623047,96.08000183105469,91.0,95.16999816894531,9527600,,Yahoo Finance daily,2026-07-22T16:59:02
2025-03-03,us,VRT,93.66000366210938,94.9000015258789,84.0999984741211,85.41000366210938,15779700,,Yahoo Finance daily,2026-07-22T16:59:02
2025-03-04,us,VRT,82.11000061035156,88.95999908447266,79.0,86.38999938964844,17251800,,Yahoo Finance daily,2026-07-22T16:59:02
2025-03-05,us,VRT,86.20999908447266,89.26000213623047,83.79000091552734,87.88999938964844,8103200,,Yahoo Finance daily,2026-07-22T16:59:02
2025-03-06,us,VRT,82.6500015258789,85.4800033569336,80.5999984741211,82.04000091552734,10284400,,Yahoo Finance daily,2026-07-22T16:59:02
2025-03-07,us,VRT,82.04000091552734,85.5,79.79000091552734,85.04000091552734,9677300,,Yahoo Finance daily,2026-07-22T16:59:02
2025-03-10,us,VRT,81.25499725341797,82.47000122070312,76.0999984741211,78.0199966430664,14742900,,Yahoo Finance daily,2026-07-22T16:59:02
2025-03-11,us,VRT,78.94999694824219,85.3499984741211,78.12000274658203,83.12000274658203,10287600,,Yahoo Finance daily,2026-07-22T16:59:02
2025-03-12,us,VRT,88.9000015258789,89.5199966430664,82.8499984741211,85.37999725341797,9870900,,Yahoo Finance daily,2026-07-22T16:59:02
2025-03-13,us,VRT,84.25,85.12999725341797,79.91200256347656,83.08999633789062,8079800,,Yahoo Finance daily,2026-07-22T16:59:02
2025-03-14,us,VRT,86.81999969482422,87.86000061035156,83.5999984741211,87.44999694824219,7348500,,Yahoo Finance daily,2026-07-22T16:59:02
2025-03-17,us,VRT,86.81999969482422,90.72000122070312,86.58000183105469,89.08000183105469,7248000,,Yahoo Finance daily,2026-07-22T16:59:02
2025-03-18,us,VRT,87.86000061035156,88.16500091552734,84.05999755859375,84.66000366210938,6148800,,Yahoo Finance daily,2026-07-22T16:59:02
2025-03-19,us,VRT,85.79000091552734,91.19000244140625,84.66000366210938,89.16999816894531,7165400,,Yahoo Finance daily,2026-07-22T16:59:02
2025-03-20,us,VRT,86.87999725341797,90.80599975585938,86.51799774169922,89.08000183105469,5474100,,Yahoo Finance daily,2026-07-22T16:59:02
2025-03-21,us,VRT,87.05999755859375,89.11000061035156,85.75,88.62999725341797,5240900,,Yahoo Finance daily,2026-07-22T16:59:02
2025-03-24,us,VRT,92.0,94.19999694824219,90.55999755859375,93.69000244140625,6225200,,Yahoo Finance daily,2026-07-22T16:59:02
2025-03-25,us,VRT,92.94999694824219,94.0199966430664,89.51000213623047,91.58000183105469,6850800,,Yahoo Finance daily,2026-07-22T16:59:02
2025-03-26,us,VRT,85.69999694824219,86.58000183105469,80.0999984741211,81.62000274658203,18957000,,Yahoo Finance daily,2026-07-22T16:59:02
2025-03-27,us,VRT,78.56999969482422,79.45999908447266,75.93000030517578,76.31999969482422,17175000,,Yahoo Finance daily,2026-07-22T16:59:02
2025-03-28,us,VRT,75.6500015258789,76.5,72.48999786376953,74.25,13147200,,Yahoo Finance daily,2026-07-22T16:59:02
2025-03-31,us,VRT,70.0,72.48999786376953,68.25,72.19999694824219,13779500,,Yahoo Finance daily,2026-07-22T16:59:02
2025-04-01,us,VRT,71.91000366210938,75.66999816894531,70.37000274658203,75.2699966430664,10133200,,Yahoo Finance daily,2026-07-22T16:59:02
2025-04-02,us,VRT,72.5,77.68000030517578,72.43000030517578,77.11000061035156,8254100,,Yahoo Finance daily,2026-07-22T16:59:02
2025-04-03,us,VRT,69.5999984741211,71.5199966430664,66.62000274658203,67.47000122070312,14045300,,Yahoo Finance daily,2026-07-22T16:59:02
2025-04-04,us,VRT,60.040000915527344,61.790000915527344,55.31999969482422,59.40999984741211,27351300,,Yahoo Finance daily,2026-07-22T16:59:02
2025-04-07,us,VRT,53.61000061035156,67.8499984741211,53.599998474121094,63.81999969482422,20280000,,Yahoo Finance daily,2026-07-22T16:59:02
2025-04-08,us,VRT,70.19999694824219,70.3499984741211,60.66999816894531,62.900001525878906,17171900,,Yahoo Finance daily,2026-07-22T16:59:02
2025-04-09,us,VRT,61.85499954223633,76.48999786376953,61.279998779296875,72.81999969482422,18896600,,Yahoo Finance daily,2026-07-22T16:59:02
2025-04-10,us,VRT,69.19000244140625,70.77999877929688,65.91999816894531,67.7300033569336,11791000,,Yahoo Finance daily,2026-07-22T16:59:02
2025-04-11,us,VRT,67.30000305175781,69.70999908447266,65.68199920654297,69.61000061035156,8185500,,Yahoo Finance daily,2026-07-22T16:59:02
2025-04-14,us,VRT,73.22000122070312,73.41999816894531,70.12999725341797,71.56999969482422,7879500,,Yahoo Finance daily,2026-07-22T16:59:02
2025-04-15,us,VRT,71.37000274658203,73.47000122070312,71.37000274658203,72.70999908447266,6190300,,Yahoo Finance daily,2026-07-22T16:59:02
2025-04-16,us,VRT,69.18000030517578,72.20999908447266,68.32599639892578,71.6500015258789,14543000,,Yahoo Finance daily,2026-07-22T16:59:02
2025-04-17,us,VRT,72.5,73.73999786376953,70.8499984741211,73.20999908447266,9296500,,Yahoo Finance daily,2026-07-22T16:59:02
2025-04-21,us,VRT,70.84500122070312,71.5,65.93000030517578,67.56999969482422,8511100,,Yahoo Finance daily,2026-07-22T16:59:02
2025-04-22,us,VRT,69.20999908447266,72.5999984741211,69.0,71.81999969482422,10428000,,Yahoo Finance daily,2026-07-22T16:59:02
2025-04-23,us,VRT,85.4749984741211,86.93000030517578,77.23999786376953,78.0,24253700,,Yahoo Finance daily,2026-07-22T16:59:02
2025-04-24,us,VRT,80.25,84.83999633789062,80.0,83.87999725341797,13734200,,Yahoo Finance daily,2026-07-22T16:59:02
2025-04-25,us,VRT,84.97000122070312,89.2699966430664,84.55000305175781,86.94999694824219,14315000,,Yahoo Finance daily,2026-07-22T16:59:02
2025-04-28,us,VRT,86.94999694824219,88.0,84.33399963378906,86.1500015258789,8872000,,Yahoo Finance daily,2026-07-22T16:59:02
2025-04-29,us,VRT,87.0,87.5,84.66999816894531,86.19000244140625,6317500,,Yahoo Finance daily,2026-07-22T16:59:02
2025-04-30,us,VRT,81.77999877929688,85.41000366210938,80.51000213623047,85.37999725341797,8979700,,Yahoo Finance daily,2026-07-22T16:59:02
2025-05-01,us,VRT,91.63999938964844,94.93000030517578,91.16500091552734,92.55000305175781,16440700,,Yahoo Finance daily,2026-07-22T16:59:02
2025-05-02,us,VRT,94.11000061035156,96.98999786376953,93.0,95.0,9145600,,Yahoo Finance daily,2026-07-22T16:59:02
2025-05-05,us,VRT,93.11000061035156,95.79000091552734,92.94999694824219,94.83000183105469,6240200,,Yahoo Finance daily,2026-07-22T16:59:02
2025-05-06,us,VRT,91.94000244140625,93.94999694824219,91.80999755859375,93.4800033569336,6740400,,Yahoo Finance daily,2026-07-22T16:59:02
2025-05-07,us,VRT,92.9000015258789,95.6500015258789,91.83999633789062,95.5199966430664,10037400,,Yahoo Finance daily,2026-07-22T16:59:02
2025-05-08,us,VRT,96.94999694824219,97.27999877929688,94.87000274658203,95.73999786376953,7275900,,Yahoo Finance daily,2026-07-22T16:59:02
2025-05-09,us,VRT,96.05999755859375,96.94000244140625,92.12999725341797,94.05999755859375,6369800,,Yahoo Finance daily,2026-07-22T16:59:02
2025-05-12,us,VRT,101.0999984741211,101.75,99.44000244140625,101.05000305175781,8952200,,Yahoo Finance daily,2026-07-22T16:59:02
2025-05-13,us,VRT,101.06999969482422,107.69000244140625,100.9000015258789,105.58000183105469,8987200,,Yahoo Finance daily,2026-07-22T16:59:02
2025-05-14,us,VRT,108.55000305175781,109.94999694824219,106.81999969482422,109.4800033569336,9603500,,Yahoo Finance daily,2026-07-22T16:59:02
2025-05-15,us,VRT,105.80000305175781,108.18000030517578,105.19000244140625,105.37999725341797,6667500,,Yahoo Finance daily,2026-07-22T16:59:02
2025-05-16,us,VRT,106.15499877929688,106.33999633789062,103.95999908447266,106.04000091552734,5170000,,Yahoo Finance daily,2026-07-22T16:59:02
2025-05-19,us,VRT,103.0,106.75,102.55999755859375,106.4000015258789,4593500,,Yahoo Finance daily,2026-07-22T16:59:02
2025-05-20,us,VRT,105.37000274658203,106.83999633789062,105.0199966430664,106.38999938964844,4030700,,Yahoo Finance daily,2026-07-22T16:59:02
2025-05-21,us,VRT,104.29000091552734,107.0,102.56999969482422,103.61000061035156,5354900,,Yahoo Finance daily,2026-07-22T16:59:02
2025-05-22,us,VRT,102.69999694824219,105.29000091552734,101.11000061035156,104.19999694824219,3800000,,Yahoo Finance daily,2026-07-22T16:59:02
2025-05-23,us,VRT,101.36000061035156,105.1500015258789,101.0,104.13999938964844,3967400,,Yahoo Finance daily,2026-07-22T16:59:02
2025-05-27,us,VRT,107.5199966430664,110.18000030517578,106.30000305175781,109.79000091552734,6457200,,Yahoo Finance daily,2026-07-22T16:59:02
2025-05-28,us,VRT,108.80000305175781,109.5199966430664,107.05000305175781,109.22000122070312,5920500,,Yahoo Finance daily,2026-07-22T16:59:02
2025-05-29,us,VRT,113.80999755859375,114.33999633789062,107.05000305175781,108.47000122070312,5908200,,Yahoo Finance daily,2026-07-22T16:59:02
2025-05-30,us,VRT,107.30500030517578,107.97000122070312,104.70999908447266,107.93000030517578,6935600,,Yahoo Finance daily,2026-07-22T16:59:02
2025-06-02,us,VRT,108.0,109.37999725341797,105.68000030517578,109.2300033569336,4001800,,Yahoo Finance daily,2026-07-22T16:59:02
2025-06-03,us,VRT,111.19999694824219,115.3499984741211,110.62000274658203,112.33999633789062,8438200,,Yahoo Finance daily,2026-07-22T16:59:02
2025-06-04,us,VRT,113.31999969482422,115.6500015258789,112.69999694824219,112.8499984741211,5005700,,Yahoo Finance daily,2026-07-22T16:59:02
2025-06-05,us,VRT,113.97000122070312,114.1760025024414,110.95600128173828,112.22000122070312,4812000,,Yahoo Finance daily,2026-07-22T16:59:02
2025-06-06,us,VRT,115.0,116.62000274658203,114.25199890136719,115.36000061035156,5377100,,Yahoo Finance daily,2026-07-22T16:59:02
2025-06-09,us,VRT,115.16999816894531,115.5,111.5,112.0,5820400,,Yahoo Finance daily,2026-07-22T16:59:02
2025-06-10,us,VRT,113.0,113.01000213623047,107.37999725341797,108.47000122070312,7573000,,Yahoo Finance daily,2026-07-22T16:59:02
2025-06-11,us,VRT,108.4000015258789,111.88999938964844,107.37999725341797,110.58999633789062,5560400,,Yahoo Finance daily,2026-07-22T16:59:02
2025-06-12,us,VRT,109.4000015258789,114.58999633789062,108.80999755859375,114.5,6778700,,Yahoo Finance daily,2026-07-22T16:59:02
2025-06-13,us,VRT,111.08000183105469,113.70800018310547,110.322998046875,110.97000122070312,5900600,,Yahoo Finance daily,2026-07-22T16:59:02
2025-06-16,us,VRT,114.30000305175781,117.18000030517578,113.38999938964844,116.44999694824219,7553800,,Yahoo Finance daily,2026-07-22T16:59:02
2025-06-17,us,VRT,117.0199966430664,120.33000183105469,115.5,116.61000061035156,6102900,,Yahoo Finance daily,2026-07-22T16:59:02
2025-06-18,us,VRT,116.56999969482422,120.73999786376953,115.66999816894531,119.08000183105469,6331700,,Yahoo Finance daily,2026-07-22T16:59:02
2025-06-20,us,VRT,119.6500015258789,120.4000015258789,117.19999694824219,118.54000091552734,6689600,,Yahoo Finance daily,2026-07-22T16:59:02
2025-06-23,us,VRT,117.5,118.55000305175781,112.71499633789062,116.54000091552734,9121400,,Yahoo Finance daily,2026-07-22T16:59:02
2025-06-24,us,VRT,118.05000305175781,122.91999816894531,117.48999786376953,122.31999969482422,7544700,,Yahoo Finance daily,2026-07-22T16:59:02
2025-06-25,us,VRT,123.0,124.61900329589844,121.25,121.63999938964844,5324500,,Yahoo Finance daily,2026-07-22T16:59:02
2025-06-26,us,VRT,122.01000213623047,125.44999694824219,121.47000122070312,123.80000305175781,5398100,,Yahoo Finance daily,2026-07-22T16:59:02
2025-06-27,us,VRT,127.0,128.58200073242188,124.80000305175781,127.16000366210938,9337700,,Yahoo Finance daily,2026-07-22T16:59:02
2025-06-30,us,VRT,128.0800018310547,129.30999755859375,125.87999725341797,128.41000366210938,5349800,,Yahoo Finance daily,2026-07-22T16:59:02
2025-07-01,us,VRT,127.0,127.87000274658203,120.27999877929688,122.54000091552734,8974300,,Yahoo Finance daily,2026-07-22T16:59:02
2025-07-02,us,VRT,124.12000274658203,126.47000122070312,123.0999984741211,124.33000183105469,5761600,,Yahoo Finance daily,2026-07-22T16:59:02
2025-07-03,us,VRT,124.5999984741211,129.42999267578125,124.55000305175781,127.83999633789062,4003600,,Yahoo Finance daily,2026-07-22T16:59:02
2025-07-07,us,VRT,127.83999633789062,129.0,124.78500366210938,126.26000213623047,4427000,,Yahoo Finance daily,2026-07-22T16:59:02
2025-07-08,us,VRT,129.8800048828125,131.3800048828125,124.9000015258789,125.88999938964844,6641600,,Yahoo Finance daily,2026-07-22T16:59:02
2025-07-09,us,VRT,127.02999877929688,129.47999572753906,125.91000366210938,128.3699951171875,4936300,,Yahoo Finance daily,2026-07-22T16:59:02
2025-07-10,us,VRT,128.0,128.82000732421875,110.05999755859375,120.72000122070312,24686000,,Yahoo Finance daily,2026-07-22T16:59:02
2025-07-11,us,VRT,120.11000061035156,124.63999938964844,118.69999694824219,123.30000305175781,7222200,,Yahoo Finance daily,2026-07-22T16:59:02
2025-07-14,us,VRT,122.0,125.55999755859375,122.0,124.72000122070312,6560400,,Yahoo Finance daily,2026-07-22T16:59:02
2025-07-15,us,VRT,127.94000244140625,129.44000244140625,125.5,127.37000274658203,7079600,,Yahoo Finance daily,2026-07-22T16:59:02
2025-07-16,us,VRT,127.3499984741211,128.4499969482422,122.51000213623047,125.4000015258789,6036900,,Yahoo Finance daily,2026-07-22T16:59:02
2025-07-17,us,VRT,128.25,133.52000427246094,127.43499755859375,131.1199951171875,7989200,,Yahoo Finance daily,2026-07-22T16:59:02
2025-07-18,us,VRT,131.51499938964844,133.1999969482422,128.44000244140625,129.05999755859375,5781900,,Yahoo Finance daily,2026-07-22T16:59:02
2025-07-21,us,VRT,129.1999969482422,129.75,125.4000015258789,126.20999908447266,4821200,,Yahoo Finance daily,2026-07-22T16:59:02
2025-07-22,us,VRT,125.86000061035156,125.91999816894531,119.0999984741211,125.29000091552734,6335800,,Yahoo Finance daily,2026-07-22T16:59:02
2025-07-23,us,VRT,127.91000366210938,131.44000244140625,127.37000274658203,130.19000244140625,6072900,,Yahoo Finance daily,2026-07-22T16:59:02
2025-07-24,us,VRT,131.97999572753906,132.9499969482422,129.38999938964844,130.8699951171875,4504500,,Yahoo Finance daily,2026-07-22T16:59:02
2025-07-25,us,VRT,132.1300048828125,137.66000366210938,132.1300048828125,137.47000122070312,8556100,,Yahoo Finance daily,2026-07-22T16:59:02
2025-07-28,us,VRT,139.1300048828125,143.10000610351562,138.02000427246094,142.5500030517578,10607100,,Yahoo Finance daily,2026-07-22T16:59:02
2025-07-29,us,VRT,143.0800018310547,146.32000732421875,140.3800048828125,142.6999969482422,15169700,,Yahoo Finance daily,2026-07-22T16:59:02
2025-07-30,us,VRT,147.0749969482422,153.5,140.36000061035156,144.1699981689453,18502400,,Yahoo Finance daily,2026-07-22T16:59:02
2025-07-31,us,VRT,148.75,152.58999633789062,145.42999267578125,145.60000610351562,10875600,,Yahoo Finance daily,2026-07-22T16:59:02
2025-08-01,us,VRT,137.27999877929688,143.13999938964844,136.0,141.58999633789062,11015000,,Yahoo Finance daily,2026-07-22T16:59:02
2025-08-04,us,VRT,144.26499938964844,144.26499938964844,139.5500030517578,140.1999969482422,6744800,,Yahoo Finance daily,2026-07-22T16:59:02
2025-08-05,us,VRT,140.8300018310547,141.39999389648438,135.35400390625,138.75999450683594,5091100,,Yahoo Finance daily,2026-07-22T16:59:02
2025-08-06,us,VRT,137.58999633789062,140.2100067138672,136.25,139.75,4079300,,Yahoo Finance daily,2026-07-22T16:59:02
2025-08-07,us,VRT,141.0,141.0399932861328,137.4199981689453,139.38999938964844,5302500,,Yahoo Finance daily,2026-07-22T16:59:02
2025-08-08,us,VRT,141.17999267578125,141.5800018310547,138.39999389648438,139.92999267578125,3734000,,Yahoo Finance daily,2026-07-22T16:59:02
2025-08-11,us,VRT,139.1699981689453,141.44000244140625,138.5,139.8300018310547,4109500,,Yahoo Finance daily,2026-07-22T16:59:02
2025-08-12,us,VRT,141.3000030517578,145.60000610351562,139.8000030517578,143.72000122070312,6185600,,Yahoo Finance daily,2026-07-22T16:59:02
2025-08-13,us,VRT,145.0,145.1199951171875,133.9499969482422,137.39999389648438,9976000,,Yahoo Finance daily,2026-07-22T16:59:02
2025-08-14,us,VRT,134.2100067138672,135.92999267578125,131.52999877929688,132.52000427246094,8129200,,Yahoo Finance daily,2026-07-22T16:59:02
2025-08-15,us,VRT,132.52000427246094,133.35000610351562,129.22000122070312,133.07000732421875,6207700,,Yahoo Finance daily,2026-07-22T16:59:02
2025-08-18,us,VRT,132.3699951171875,135.77999877929688,132.25,135.69000244140625,3251400,,Yahoo Finance daily,2026-07-22T16:59:02
2025-08-19,us,VRT,133.00999450683594,133.97000122070312,127.33999633789062,129.0500030517578,7307700,,Yahoo Finance daily,2026-07-22T16:59:02
2025-08-20,us,VRT,126.43000030517578,127.63999938964844,121.41000366210938,127.54000091552734,8282300,,Yahoo Finance daily,2026-07-22T16:59:02
2025-08-21,us,VRT,127.7699966430664,128.6300048828125,125.78500366210938,126.58000183105469,3744300,,Yahoo Finance daily,2026-07-22T16:59:02
2025-08-22,us,VRT,127.0,131.23899841308594,125.72000122070312,125.97000122070312,5622100,,Yahoo Finance daily,2026-07-22T16:59:02
2025-08-25,us,VRT,126.45999908447266,126.8499984741211,123.93000030517578,125.0199966430664,4610800,,Yahoo Finance daily,2026-07-22T16:59:02
2025-08-26,us,VRT,125.51000213623047,129.27499389648438,124.91000366210938,127.93000030517578,5947500,,Yahoo Finance daily,2026-07-22T16:59:02
2025-08-27,us,VRT,127.43000030517578,131.1699981689453,126.56300354003906,129.30999755859375,6412800,,Yahoo Finance daily,2026-07-22T16:59:02
2025-08-28,us,VRT,133.00999450683594,134.93299865722656,131.1699981689453,134.22999572753906,6817500,,Yahoo Finance daily,2026-07-22T16:59:02
2025-08-29,us,VRT,133.1300048828125,133.33999633789062,126.2300033569336,127.55000305175781,6367600,,Yahoo Finance daily,2026-07-22T16:59:02
2025-09-02,us,VRT,123.69999694824219,124.48999786376953,119.66500091552734,124.01000213623047,8130500,,Yahoo Finance daily,2026-07-22T16:59:02
2025-09-03,us,VRT,124.80000305175781,125.73500061035156,123.06999969482422,125.58999633789062,4081900,,Yahoo Finance daily,2026-07-22T16:59:02
2025-09-04,us,VRT,125.9000015258789,127.08999633789062,124.47000122070312,125.69999694824219,4607300,,Yahoo Finance daily,2026-07-22T16:59:02
2025-09-05,us,VRT,127.80999755859375,128.57699584960938,118.69999694824219,124.0,7719600,,Yahoo Finance daily,2026-07-22T16:59:02
2025-09-08,us,VRT,125.70999908447266,125.72000122070312,120.97000122070312,121.81999969482422,10222700,,Yahoo Finance daily,2026-07-22T16:59:02
2025-09-09,us,VRT,124.08000183105469,125.9800033569336,120.83000183105469,125.58000183105469,7608500,,Yahoo Finance daily,2026-07-22T16:59:02
2025-09-10,us,VRT,134.24000549316406,141.22000122070312,134.24000549316406,136.74000549316406,12971100,,Yahoo Finance daily,2026-07-22T16:59:02
2025-09-11,us,VRT,138.4199981689453,138.4199981689453,133.9499969482422,135.7100067138672,6779700,,Yahoo Finance daily,2026-07-22T16:59:02
2025-09-12,us,VRT,135.5,137.0919952392578,133.55999755859375,134.83999633789062,4065400,,Yahoo Finance daily,2026-07-22T16:59:02
2025-09-15,us,VRT,135.9199981689453,142.05999755859375,134.39999389648438,138.25999450683594,7643900,,Yahoo Finance daily,2026-07-22T16:59:02
2025-09-16,us,VRT,140.25,141.21499633789062,135.1300048828125,136.64999389648438,5449900,,Yahoo Finance daily,2026-07-22T16:59:02
2025-09-17,us,VRT,135.63999938964844,137.56500244140625,132.68499755859375,136.8300018310547,5123300,,Yahoo Finance daily,2026-07-22T16:59:02
2025-09-18,us,VRT,139.0,142.6199951171875,136.97000122070312,141.9600067138672,5295000,,Yahoo Finance daily,2026-07-22T16:59:02
2025-09-19,us,VRT,142.6300048828125,144.49000549316406,139.3800048828125,143.60000610351562,6682800,,Yahoo Finance daily,2026-07-22T16:59:02
2025-09-22,us,VRT,143.0500030517578,152.4499969482422,142.25,151.9600067138672,8731700,,Yahoo Finance daily,2026-07-22T16:59:02
2025-09-23,us,VRT,151.32000732421875,152.10000610351562,139.14999389648438,142.61000061035156,16541300,,Yahoo Finance daily,2026-07-22T16:59:02
2025-09-24,us,VRT,143.47999572753906,146.10000610351562,140.85000610351562,141.6199951171875,5978100,,Yahoo Finance daily,2026-07-22T16:59:02
2025-09-25,us,VRT,137.00999450683594,141.18499755859375,133.85000610351562,139.77000427246094,6197600,,Yahoo Finance daily,2026-07-22T16:59:02
2025-09-26,us,VRT,139.0,140.97999572753906,137.0800018310547,138.6199951171875,3607600,,Yahoo Finance daily,2026-07-22T16:59:02
2025-09-29,us,VRT,142.0,145.61000061035156,141.39999389648438,143.30999755859375,5876700,,Yahoo Finance daily,2026-07-22T16:59:02
2025-09-30,us,VRT,144.0,150.92999267578125,144.0,150.86000061035156,6822300,,Yahoo Finance daily,2026-07-22T16:59:02
2025-10-01,us,VRT,149.1199951171875,162.22500610351562,147.35000610351562,161.58999633789062,12844000,,Yahoo Finance daily,2026-07-22T16:59:02
2025-10-02,us,VRT,164.3000030517578,168.99000549316406,157.30999755859375,161.63999938964844,8936100,,Yahoo Finance daily,2026-07-22T16:59:02
2025-10-03,us,VRT,161.63999938964844,163.8800048828125,157.8300018310547,160.1999969482422,5728500,,Yahoo Finance daily,2026-07-22T16:59:02
2025-10-06,us,VRT,168.84500122070312,169.8300018310547,162.33999633789062,162.8000030517578,7203300,,Yahoo Finance daily,2026-07-22T16:59:02
2025-10-07,us,VRT,164.75,165.0,154.77000427246094,158.8699951171875,6899100,,Yahoo Finance daily,2026-07-22T16:59:02
2025-10-08,us,VRT,160.52499389648438,167.5500030517578,159.27200317382812,167.3800048828125,4889900,,Yahoo Finance daily,2026-07-22T16:59:02
2025-10-09,us,VRT,168.3800048828125,170.88900756835938,164.75,168.8800048828125,4972800,,Yahoo Finance daily,2026-07-22T16:59:02
2025-10-10,us,VRT,178.42999267578125,183.10499572753906,168.64999389648438,169.00999450683594,16066600,,Yahoo Finance daily,2026-07-22T16:59:02
2025-10-13,us,VRT,175.00999450683594,184.44000244140625,172.0,179.0,11056200,,Yahoo Finance daily,2026-07-22T16:59:02
2025-10-14,us,VRT,171.69000244140625,181.83999633789062,168.1999969482422,175.14999389648438,7427500,,Yahoo Finance daily,2026-07-22T16:59:02
2025-10-15,us,VRT,180.0,182.99000549316406,175.60000610351562,180.50999450683594,5642900,,Yahoo Finance daily,2026-07-22T16:59:02
2025-10-16,us,VRT,182.50999450683594,183.0,175.2100067138672,177.82000732421875,5000100,,Yahoo Finance daily,2026-07-22T16:59:02
2025-10-17,us,VRT,175.0,178.0,170.3000030517578,174.0,5880700,,Yahoo Finance daily,2026-07-22T16:59:02
2025-10-20,us,VRT,178.0,179.7899932861328,173.9499969482422,175.72999572753906,6692000,,Yahoo Finance daily,2026-07-22T16:59:02
2025-10-21,us,VRT,175.0800018310547,177.19000244140625,170.55999755859375,174.8000030517578,8130700,,Yahoo Finance daily,2026-07-22T16:59:02
2025-10-22,us,VRT,182.60000610351562,184.5,162.67999267578125,171.58999633789062,22483700,,Yahoo Finance daily,2026-07-22T16:59:02
2025-10-23,us,VRT,174.52999877929688,184.0399932861328,174.0,183.1999969482422,9679400,,Yahoo Finance daily,2026-07-22T16:59:02
2025-10-24,us,VRT,186.85000610351562,188.88999938964844,184.89999389648438,186.05999755859375,7188500,,Yahoo Finance daily,2026-07-22T16:59:02
2025-10-27,us,VRT,189.99000549316406,194.0,188.91400146484375,192.89999389648438,6673000,,Yahoo Finance daily,2026-07-22T16:59:02
2025-10-28,us,VRT,192.77000427246094,195.7050018310547,186.02000427246094,190.57000732421875,6044100,,Yahoo Finance daily,2026-07-22T16:59:02
2025-10-29,us,VRT,193.6999969482422,199.5,193.1300048828125,199.27000427246094,6298900,,Yahoo Finance daily,2026-07-22T16:59:02
2025-10-30,us,VRT,193.86000061035156,202.4499969482422,192.38999938964844,193.75999450683594,5693500,,Yahoo Finance daily,2026-07-22T16:59:02
2025-10-31,us,VRT,196.9499969482422,199.8699951171875,188.5800018310547,192.86000061035156,7726600,,Yahoo Finance daily,2026-07-22T16:59:02
2025-11-03,us,VRT,196.14999389648438,197.60000610351562,189.57000732421875,191.39999389648438,6065100,,Yahoo Finance daily,2026-07-22T16:59:02
2025-11-04,us,VRT,183.3000030517578,186.89999389648438,177.5,180.82000732421875,8984800,,Yahoo Finance daily,2026-07-22T16:59:02
2025-11-05,us,VRT,182.0749969482422,193.39999389648438,181.0,190.7100067138672,6534700,,Yahoo Finance daily,2026-07-22T16:59:02
2025-11-06,us,VRT,191.0050048828125,191.0050048828125,180.50999450683594,183.02000427246094,5907100,,Yahoo Finance daily,2026-07-22T16:59:02
2025-11-07,us,VRT,177.0,179.8000030517578,169.61000061035156,179.8000030517578,9143000,,Yahoo Finance daily,2026-07-22T16:59:02
2025-11-10,us,VRT,188.02000427246094,191.41000366210938,184.75999450683594,187.83999633789062,5590100,,Yahoo Finance daily,2026-07-22T16:59:02
2025-11-11,us,VRT,184.0,187.47999572753906,178.0399932861328,179.0500030517578,5625700,,Yahoo Finance daily,2026-07-22T16:59:02
2025-11-12,us,VRT,182.11000061035156,182.57000732421875,173.00999450683594,173.3699951171875,6131700,,Yahoo Finance daily,2026-07-22T16:59:02
2025-11-13,us,VRT,169.97500610351562,170.64999389648438,160.6699981689453,163.63999938964844,11389900,,Yahoo Finance daily,2026-07-22T16:59:02
2025-11-14,us,VRT,162.0,175.8800048828125,159.66000366210938,170.97000122070312,10018700,,Yahoo Finance daily,2026-07-22T16:59:02
2025-11-17,us,VRT,168.38999938964844,174.85000610351562,164.55999755859375,166.64999389648438,5249900,,Yahoo Finance daily,2026-07-22T16:59:02
2025-11-18,us,VRT,163.30999755859375,169.12600708007812,158.0,164.86000061035156,7586300,,Yahoo Finance daily,2026-07-22T16:59:02
2025-11-19,us,VRT,166.05999755859375,174.66000366210938,165.91000366210938,170.64999389648438,6070500,,Yahoo Finance daily,2026-07-22T16:59:02
2025-11-20,us,VRT,176.9199981689453,180.875,158.0800018310547,159.61000061035156,10076100,,Yahoo Finance daily,2026-07-22T16:59:02
2025-11-21,us,VRT,160.0,161.2899932861328,149.11000061035156,159.8300018310547,10577700,,Yahoo Finance daily,2026-07-22T16:59:02
2025-11-24,us,VRT,162.42999267578125,171.8000030517578,162.42999267578125,168.91000366210938,8208200,,Yahoo Finance daily,2026-07-22T16:59:02
2025-11-25,us,VRT,167.5500030517578,169.66000366210938,158.88999938964844,169.57000732421875,8573200,,Yahoo Finance daily,2026-07-22T16:59:02
2025-11-26,us,VRT,172.2050018310547,174.8699951171875,170.5500030517578,172.02000427246094,5264800,,Yahoo Finance daily,2026-07-22T16:59:02
2025-11-28,us,VRT,173.52000427246094,179.8000030517578,172.66000366210938,179.72999572753906,4059600,,Yahoo Finance daily,2026-07-22T16:59:02
2025-12-01,us,VRT,175.89999389648438,182.64500427246094,173.1999969482422,179.22000122070312,6501500,,Yahoo Finance daily,2026-07-22T16:59:02
2025-12-02,us,VRT,182.82000732421875,186.3699951171875,179.6199951171875,180.91000366210938,5304500,,Yahoo Finance daily,2026-07-22T16:59:02
2025-12-03,us,VRT,179.02000427246094,180.92999267578125,172.6999969482422,178.8800048828125,5374500,,Yahoo Finance daily,2026-07-22T16:59:02
2025-12-04,us,VRT,179.33999633789062,185.33999633789062,177.16000366210938,182.5399932861328,4962300,,Yahoo Finance daily,2026-07-22T16:59:02
2025-12-05,us,VRT,182.1699981689453,189.66000366210938,180.10000610351562,189.02000427246094,7445800,,Yahoo Finance daily,2026-07-22T16:59:02
2025-12-08,us,VRT,186.1699981689453,188.5,182.0,185.61000061035156,5556300,,Yahoo Finance daily,2026-07-22T16:59:02
2025-12-09,us,VRT,181.17999267578125,182.5,176.5399932861328,178.3800048828125,6414700,,Yahoo Finance daily,2026-07-22T16:59:02
2025-12-10,us,VRT,179.3800048828125,185.40499877929688,175.5500030517578,181.82000732421875,5301300,,Yahoo Finance daily,2026-07-22T16:59:02
2025-12-11,us,VRT,177.5,179.0,167.17999267578125,178.66000366210938,11321100,,Yahoo Finance daily,2026-07-22T16:59:02
2025-12-12,us,VRT,173.3000030517578,174.14999389648438,159.82000732421875,161.27000427246094,12512200,,Yahoo Finance daily,2026-07-22T16:59:02
2025-12-15,us,VRT,163.41000366210938,166.5500030517578,160.0,161.74000549316406,8861400,,Yahoo Finance daily,2026-07-22T16:59:02
2025-12-16,us,VRT,158.35000610351562,162.47000122070312,154.64999389648438,160.66000366210938,7808700,,Yahoo Finance daily,2026-07-22T16:59:02
2025-12-17,us,VRT,161.00999450683594,161.00999450683594,147.82000732421875,149.8300018310547,11959800,,Yahoo Finance daily,2026-07-22T16:59:02
2025-12-18,us,VRT,156.42999267578125,158.7550048828125,151.5,154.38999938964844,7773800,,Yahoo Finance daily,2026-07-22T16:59:02
2025-12-19,us,VRT,156.0,162.3699951171875,155.27000427246094,159.82000732421875,9716400,,Yahoo Finance daily,2026-07-22T16:59:02
2025-12-22,us,VRT,166.1300048828125,167.0,162.9499969482422,166.25,5688100,,Yahoo Finance daily,2026-07-22T16:59:02
2025-12-23,us,VRT,165.52999877929688,167.9600067138672,161.8300018310547,166.25999450683594,3220400,,Yahoo Finance daily,2026-07-22T16:59:02
2025-12-24,us,VRT,166.0,167.5,164.6199951171875,166.8699951171875,1335200,,Yahoo Finance daily,2026-07-22T16:59:02
2025-12-26,us,VRT,167.25999450683594,168.44000244140625,165.85000610351562,167.5800018310547,2532800,,Yahoo Finance daily,2026-07-22T16:59:02
2025-12-29,us,VRT,165.8000030517578,168.99000549316406,163.7899932861328,165.6199951171875,3075200,,Yahoo Finance daily,2026-07-22T16:59:02
2025-12-30,us,VRT,165.99000549316406,166.39999389648438,163.8800048828125,164.33999633789062,3764300,,Yahoo Finance daily,2026-07-22T16:59:02
2025-12-31,us,VRT,164.69000244140625,165.75799560546875,161.91000366210938,162.00999450683594,2575500,,Yahoo Finance daily,2026-07-22T16:59:02
2026-01-02,us,VRT,169.46499633789062,177.25,169.1300048828125,175.61000061035156,7348200,,Yahoo Finance daily,2026-07-22T16:59:02
2026-01-05,us,VRT,182.6300048828125,183.25,170.44000244140625,173.9499969482422,5860200,,Yahoo Finance daily,2026-07-22T16:59:02
2026-01-06,us,VRT,169.36000061035156,175.2100067138672,162.2100067138672,174.9499969482422,7813700,,Yahoo Finance daily,2026-07-22T16:59:02
2026-01-07,us,VRT,169.0,174.2100067138672,168.52999877929688,171.5399932861328,5205600,,Yahoo Finance daily,2026-07-22T16:59:02
2026-01-08,us,VRT,170.75,171.25999450683594,158.77000427246094,160.77999877929688,7684900,,Yahoo Finance daily,2026-07-22T16:59:02
2026-01-09,us,VRT,162.39999389648438,164.77000427246094,161.19000244140625,163.5800018310547,5665300,,Yahoo Finance daily,2026-07-22T16:59:02
2026-01-12,us,VRT,164.17999267578125,171.3300018310547,164.16000366210938,170.02999877929688,4181100,,Yahoo Finance daily,2026-07-22T16:59:02
2026-01-13,us,VRT,170.10000610351562,175.2100067138672,169.74000549316406,172.72000122070312,3648000,,Yahoo Finance daily,2026-07-22T16:59:02
2026-01-14,us,VRT,172.1999969482422,175.55999755859375,167.60000610351562,170.86000061035156,3780800,,Yahoo Finance daily,2026-07-22T16:59:02
2026-01-15,us,VRT,176.0,179.6699981689453,172.35000610351562,172.5399932861328,4104000,,Yahoo Finance daily,2026-07-22T16:59:02
2026-01-16,us,VRT,174.6300048828125,180.3699951171875,173.5,176.92999267578125,4502300,,Yahoo Finance daily,2026-07-22T16:59:02
2026-01-20,us,VRT,170.85000610351562,177.97000122070312,170.00599670410156,175.17999267578125,4690500,,Yahoo Finance daily,2026-07-22T16:59:02
2026-01-21,us,VRT,176.69000244140625,182.49600219726562,173.0,181.47000122070312,5587300,,Yahoo Finance daily,2026-07-22T16:59:02
2026-01-22,us,VRT,186.9199981689453,189.89999389648438,179.1999969482422,181.1199951171875,5508700,,Yahoo Finance daily,2026-07-22T16:59:02
2026-01-23,us,VRT,182.22000122070312,183.72000122070312,175.72999572753906,182.49000549316406,3496300,,Yahoo Finance daily,2026-07-22T16:59:02
2026-01-26,us,VRT,181.02000427246094,185.32000732421875,180.0800018310547,181.22999572753906,3020100,,Yahoo Finance daily,2026-07-22T16:59:02
2026-01-27,us,VRT,182.39999389648438,189.3000030517578,178.25999450683594,189.2100067138672,4390300,,Yahoo Finance daily,2026-07-22T16:59:02
2026-01-28,us,VRT,189.8000030517578,194.0,188.07000732421875,193.75999450683594,4935700,,Yahoo Finance daily,2026-07-22T16:59:02
2026-01-29,us,VRT,196.97999572753906,199.1909942626953,186.17999267578125,195.10000610351562,5662000,,Yahoo Finance daily,2026-07-22T16:59:02
2026-01-30,us,VRT,194.91000366210938,200.39500427246094,185.60000610351562,186.17999267578125,4502700,,Yahoo Finance daily,2026-07-22T16:59:02
2026-02-02,us,VRT,182.64999389648438,191.89999389648438,182.0,190.00999450683594,4112100,,Yahoo Finance daily,2026-07-22T16:59:02
2026-02-03,us,VRT,190.00999450683594,195.0,183.00999450683594,190.14999389648438,4433000,,Yahoo Finance daily,2026-07-22T16:59:02
2026-02-04,us,VRT,190.6999969482422,194.88099670410156,172.60000610351562,182.55999755859375,8287200,,Yahoo Finance daily,2026-07-22T16:59:02
2026-02-05,us,VRT,176.2899932861328,183.3350067138672,172.35000610351562,177.75,6144600,,Yahoo Finance daily,2026-07-22T16:59:02
2026-02-06,us,VRT,180.9199981689453,195.80999755859375,180.9199981689453,195.5800018310547,7197300,,Yahoo Finance daily,2026-07-22T16:59:02
2026-02-09,us,VRT,196.77999877929688,208.42999267578125,195.8350067138672,202.0,7638400,,Yahoo Finance daily,2026-07-22T16:59:02
2026-02-10,us,VRT,203.0,206.35000610351562,197.3800048828125,199.6199951171875,6707800,,Yahoo Finance daily,2026-07-22T16:59:02
2026-02-11,us,VRT,233.25,249.9499969482422,233.0,248.50999450683594,19793500,,Yahoo Finance daily,2026-07-22T16:59:02
2026-02-12,us,VRT,243.9499969482422,255.5399932861328,234.50999450683594,236.50999450683594,12438800,,Yahoo Finance daily,2026-07-22T16:59:02
2026-02-13,us,VRT,238.22000122070312,239.50999450683594,227.0500030517578,234.52999877929688,6785200,,Yahoo Finance daily,2026-07-22T16:59:02
2026-02-17,us,VRT,234.5800018310547,245.40499877929688,232.1199951171875,243.52999877929688,6449600,,Yahoo Finance daily,2026-07-22T16:59:02
2026-02-18,us,VRT,247.0,254.0500030517578,240.3800048828125,243.2100067138672,5350700,,Yahoo Finance daily,2026-07-22T16:59:02
2026-02-19,us,VRT,241.02999877929688,247.7100067138672,239.5240020751953,243.05999755859375,3929800,,Yahoo Finance daily,2026-07-22T16:59:02
2026-02-20,us,VRT,240.99000549316406,246.8000030517578,238.19000244140625,243.75,3879200,,Yahoo Finance daily,2026-07-22T16:59:02
2026-02-23,us,VRT,242.60000610351562,245.77000427246094,240.0,245.4199981689453,4026100,,Yahoo Finance daily,2026-07-22T16:59:02
2026-02-24,us,VRT,246.5,253.47999572753906,241.27000427246094,253.14999389648438,5458200,,Yahoo Finance daily,2026-07-22T16:59:02
2026-02-25,us,VRT,255.4600067138672,264.8599853515625,255.0,262.19000244140625,6580300,,Yahoo Finance daily,2026-07-22T16:59:02
2026-02-26,us,VRT,260.1499938964844,260.1499938964844,241.69000244140625,259.2300109863281,8566400,,Yahoo Finance daily,2026-07-22T16:59:02
2026-02-27,us,VRT,251.5,257.79998779296875,245.6699981689453,254.88999938964844,6967900,,Yahoo Finance daily,2026-07-22T16:59:02
2026-03-02,us,VRT,249.44000244140625,258.8999938964844,244.22000122070312,257.75,5382300,,Yahoo Finance daily,2026-07-22T16:59:02
2026-03-03,us,VRT,245.52999877929688,248.22000122070312,234.72000122070312,244.44000244140625,6866600,,Yahoo Finance daily,2026-07-22T16:59:02
2026-03-04,us,VRT,249.39999389648438,255.3000030517578,245.33999633789062,251.27999877929688,4298500,,Yahoo Finance daily,2026-07-22T16:59:02
2026-03-05,us,VRT,247.49000549316406,258.32000732421875,238.74000549316406,249.75,5291500,,Yahoo Finance daily,2026-07-22T16:59:02
2026-03-06,us,VRT,241.0,251.47000122070312,238.64999389648438,241.77999877929688,8772600,,Yahoo Finance daily,2026-07-22T16:59:02
2026-03-09,us,VRT,251.49000549316406,266.6700134277344,251.0,264.3500061035156,20427900,,Yahoo Finance daily,2026-07-22T16:59:02
2026-03-10,us,VRT,265.54998779296875,274.8500061035156,264.5,270.05999755859375,11306800,,Yahoo Finance daily,2026-07-22T16:59:02
2026-03-11,us,VRT,272.1099853515625,276.7799987792969,266.57000732421875,268.260009765625,7103200,,Yahoo Finance daily,2026-07-22T16:59:02
2026-03-12,us,VRT,263.6499938964844,271.44000244140625,257.2550048828125,265.3800048828125,7465400,,Yahoo Finance daily,2026-07-22T16:59:02
2026-03-13,us,VRT,265.20001220703125,269.2200012207031,256.072998046875,258.8800048828125,6981200,,Yahoo Finance daily,2026-07-22T16:59:02
2026-03-16,us,VRT,261.67999267578125,270.9100036621094,261.67999267578125,264.739990234375,7386700,,Yahoo Finance daily,2026-07-22T16:59:02
2026-03-17,us,VRT,260.6600036621094,270.8699951171875,259.510009765625,268.4100036621094,5121300,,Yahoo Finance daily,2026-07-22T16:59:02
2026-03-18,us,VRT,271.6300048828125,274.7300109863281,264.5400085449219,264.7099914550781,6673800,,Yahoo Finance daily,2026-07-22T16:59:02
2026-03-19,us,VRT,258.44000244140625,271.10101318359375,256.0400085449219,269.1700134277344,7084600,,Yahoo Finance daily,2026-07-22T16:59:02
2026-03-20,us,VRT,268.6199951171875,272.8399963378906,255.50999450683594,255.8800048828125,87826600,,Yahoo Finance daily,2026-07-22T16:59:02
2026-03-23,us,VRT,258.9949951171875,271.8800048828125,255.1199951171875,256.0,8888100,,Yahoo Finance daily,2026-07-22T16:59:02
2026-03-24,us,VRT,256.0,270.9100036621094,251.14999389648438,270.8900146484375,6843000,,Yahoo Finance daily,2026-07-22T16:59:02
2026-03-25,us,VRT,276.79998779296875,282.04998779296875,274.0,276.1600036621094,5929000,,Yahoo Finance daily,2026-07-22T16:59:02
2026-03-26,us,VRT,273.80999755859375,274.1600036621094,252.39999389648438,252.39999389648438,6621700,,Yahoo Finance daily,2026-07-22T16:59:02
2026-03-27,us,VRT,249.9600067138672,256.8399963378906,248.5,251.07000732421875,5444500,,Yahoo Finance daily,2026-07-22T16:59:02
2026-03-30,us,VRT,253.7100067138672,255.4499969482422,231.6999969482422,234.22000122070312,6930400,,Yahoo Finance daily,2026-07-22T16:59:02
2026-03-31,us,VRT,233.0,251.0,233.0,250.5800018310547,6686100,,Yahoo Finance daily,2026-07-22T16:59:02
2026-04-01,us,VRT,257.0,265.54998779296875,257.0,259.3699951171875,5112600,,Yahoo Finance daily,2026-07-22T16:59:02
2026-04-02,us,VRT,249.1199951171875,267.0,247.9149932861328,261.2900085449219,3965500,,Yahoo Finance daily,2026-07-22T16:59:02
2026-04-06,us,VRT,262.92999267578125,266.5249938964844,258.5899963378906,258.7300109863281,3305700,,Yahoo Finance daily,2026-07-22T16:59:02
2026-04-07,us,VRT,256.9700012207031,262.4800109863281,252.00999450683594,262.29998779296875,2937200,,Yahoo Finance daily,2026-07-22T16:59:02
2026-04-08,us,VRT,279.8699951171875,285.6000061035156,273.3800048828125,281.0299987792969,5696700,,Yahoo Finance daily,2026-07-22T16:59:02
2026-04-09,us,VRT,280.989990234375,291.0,280.9700012207031,287.6400146484375,5166400,,Yahoo Finance daily,2026-07-22T16:59:02
2026-04-10,us,VRT,289.75,297.55999755859375,289.29998779296875,295.1099853515625,4644800,,Yahoo Finance daily,2026-07-22T16:59:02
2026-04-13,us,VRT,294.9800109863281,300.67999267578125,294.9800109863281,299.9599914550781,4733900,,Yahoo Finance daily,2026-07-22T16:59:02
2026-04-14,us,VRT,307.0,312.4599914550781,299.010009765625,310.510009765625,4993800,,Yahoo Finance daily,2026-07-22T16:59:02
2026-04-15,us,VRT,309.5,311.0,296.6400146484375,301.1600036621094,5353600,,Yahoo Finance daily,2026-07-22T16:59:02
2026-04-16,us,VRT,303.0,303.30999755859375,292.6700134277344,294.1300048828125,4832600,,Yahoo Finance daily,2026-07-22T16:59:02
2026-04-17,us,VRT,298.70001220703125,308.5400085449219,298.2200012207031,307.3399963378906,5805500,,Yahoo Finance daily,2026-07-22T16:59:02
2026-04-20,us,VRT,307.0050048828125,315.6600036621094,305.1099853515625,314.4100036621094,4672300,,Yahoo Finance daily,2026-07-22T16:59:02
2026-04-21,us,VRT,316.1000061035156,323.0379943847656,310.8399963378906,312.44000244140625,7285400,,Yahoo Finance daily,2026-07-22T16:59:02
2026-04-22,us,VRT,305.32000732421875,312.9800109863281,296.79998779296875,305.1400146484375,9835900,,Yahoo Finance daily,2026-07-22T16:59:02
2026-04-23,us,VRT,304.20001220703125,325.25,304.20001220703125,321.75,7067000,,Yahoo Finance daily,2026-07-22T16:59:02
2026-04-24,us,VRT,328.0,330.2950134277344,316.3999938964844,323.4599914550781,5281500,,Yahoo Finance daily,2026-07-22T16:59:02
2026-04-27,us,VRT,325.989990234375,328.04998779296875,307.0710144042969,322.42999267578125,5442500,,Yahoo Finance daily,2026-07-22T16:59:02
2026-04-28,us,VRT,307.19500732421875,314.510009765625,293.8800048828125,305.0299987792969,8217600,,Yahoo Finance daily,2026-07-22T16:59:02
2026-04-29,us,VRT,307.04998779296875,309.9700012207031,299.79998779296875,306.17999267578125,4536300,,Yahoo Finance daily,2026-07-22T16:59:02
2026-04-30,us,VRT,313.75,330.0,312.3399963378906,328.489990234375,6268700,,Yahoo Finance daily,2026-07-22T16:59:02
2026-05-01,us,VRT,330.6499938964844,331.9700012207031,324.2300109863281,328.30999755859375,4408600,,Yahoo Finance daily,2026-07-22T16:59:02
2026-05-04,us,VRT,329.5799865722656,332.95001220703125,321.45001220703125,330.9700012207031,4927400,,Yahoo Finance daily,2026-07-22T16:59:02
2026-05-05,us,VRT,334.07000732421875,341.1199951171875,330.6000061035156,341.0199890136719,5456200,,Yahoo Finance daily,2026-07-22T16:59:02
2026-05-06,us,VRT,351.55999755859375,359.8399963378906,343.6499938964844,358.9200134277344,5583200,,Yahoo Finance daily,2026-07-22T16:59:02
2026-05-07,us,VRT,358.57501220703125,359.0,336.17999267578125,340.010009765625,5458100,,Yahoo Finance daily,2026-07-22T16:59:02
2026-05-08,us,VRT,349.7850036621094,350.989990234375,339.7099914550781,339.9700012207031,4081000,,Yahoo Finance daily,2026-07-22T16:59:02
2026-05-11,us,VRT,342.01300048828125,371.9949951171875,342.01300048828125,367.9200134277344,7279200,,Yahoo Finance daily,2026-07-22T16:59:02
2026-05-12,us,VRT,361.32000732421875,370.2650146484375,349.0199890136719,367.1300048828125,6556200,,Yahoo Finance daily,2026-07-22T16:59:02
2026-05-13,us,VRT,375.70001220703125,377.7699890136719,360.9100036621094,369.989990234375,4461000,,Yahoo Finance daily,2026-07-22T16:59:02
2026-05-14,us,VRT,370.239990234375,379.93499755859375,365.1499938964844,376.2300109863281,3611300,,Yahoo Finance daily,2026-07-22T16:59:02
2026-05-15,us,VRT,364.30999755859375,373.9100036621094,356.2699890136719,370.94000244140625,4871200,,Yahoo Finance daily,2026-07-22T16:59:02
2026-05-18,us,VRT,370.2950134277344,370.2950134277344,330.7200012207031,339.7300109863281,8086700,,Yahoo Finance daily,2026-07-22T16:59:02
2026-05-19,us,VRT,329.67999267578125,334.625,314.3399963378906,322.6300048828125,9039500,,Yahoo Finance daily,2026-07-22T16:59:02
2026-05-20,us,VRT,325.0,329.42999267578125,314.25,315.6700134277344,6014000,,Yahoo Finance daily,2026-07-22T16:59:02
2026-05-21,us,VRT,322.29998779296875,330.3299865722656,319.0,323.3999938964844,5221300,,Yahoo Finance daily,2026-07-22T16:59:02
2026-05-22,us,VRT,333.9599914550781,334.8900146484375,324.0,327.4599914550781,4801800,,Yahoo Finance daily,2026-07-22T16:59:02
2026-05-26,us,VRT,341.05999755859375,343.30999755859375,323.260009765625,323.9100036621094,6523700,,Yahoo Finance daily,2026-07-22T16:59:02
2026-05-27,us,VRT,326.010009765625,326.1629943847656,310.1000061035156,319.7799987792969,5293000,,Yahoo Finance daily,2026-07-22T16:59:02
2026-05-28,us,VRT,316.3999938964844,320.67498779296875,307.29998779296875,314.17999267578125,5384100,,Yahoo Finance daily,2026-07-22T16:59:02
2026-05-29,us,VRT,315.20001220703125,319.5799865722656,308.0,315.7099914550781,7218800,,Yahoo Finance daily,2026-07-22T16:59:02
2026-06-01,us,VRT,317.989990234375,328.5799865722656,313.1300048828125,323.3900146484375,6162100,,Yahoo Finance daily,2026-07-22T16:59:02
2026-06-02,us,VRT,335.1499938964844,345.17999267578125,331.2300109863281,334.489990234375,5077300,,Yahoo Finance daily,2026-07-22T16:59:02
2026-06-03,us,VRT,340.864990234375,343.6300048828125,326.7900085449219,331.44000244140625,3927700,,Yahoo Finance daily,2026-07-22T16:59:02
2026-06-04,us,VRT,321.0950012207031,326.8599853515625,306.0,323.9200134277344,6075900,,Yahoo Finance daily,2026-07-22T16:59:02
2026-06-05,us,VRT,313.7550048828125,315.0,294.3949890136719,300.510009765625,7330000,,Yahoo Finance daily,2026-07-22T16:59:02
2026-06-08,us,VRT,309.25,310.60699462890625,300.2200012207031,300.57000732421875,4790000,,Yahoo Finance daily,2026-07-22T16:59:02
2026-06-09,us,VRT,300.42999267578125,307.1300048828125,276.5,289.5199890136719,11117700,,Yahoo Finance daily,2026-07-22T16:59:02
2026-06-10,us,VRT,284.5199890136719,294.3500061035156,275.17999267578125,280.9800109863281,6904200,,Yahoo Finance daily,2026-07-22T16:59:02
2026-06-11,us,VRT,284.25,298.6600036621094,283.3999938964844,297.8800048828125,5408800,,Yahoo Finance daily,2026-07-22T16:59:02
2026-06-12,us,VRT,303.4800109863281,305.19000244140625,295.1000061035156,302.8699951171875,4958100,,Yahoo Finance daily,2026-07-22T16:59:02
2026-06-15,us,VRT,316.0,319.8389892578125,310.3710021972656,311.92999267578125,5346400,,Yahoo Finance daily,2026-07-22T16:59:02
2026-06-16,us,VRT,314.20001220703125,316.3710021972656,299.0899963378906,299.6000061035156,4581900,,Yahoo Finance daily,2026-07-22T16:59:02
2026-06-17,us,VRT,304.7200012207031,329.70001220703125,303.20001220703125,317.5799865722656,6181400,,Yahoo Finance daily,2026-07-22T16:59:02
2026-06-18,us,VRT,331.2300109863281,337.7900085449219,326.5,333.04998779296875,7262600,,Yahoo Finance daily,2026-07-22T16:59:02
2026-06-22,us,VRT,338.8800048828125,358.5400085449219,338.0,357.9599914550781,7284300,,Yahoo Finance daily,2026-07-22T16:59:02
2026-06-23,us,VRT,337.9599914550781,337.9700012207031,316.510009765625,318.32000732421875,10277700,,Yahoo Finance daily,2026-07-22T16:59:02
2026-06-24,us,VRT,323.7300109863281,323.739990234375,308.2799987792969,316.42999267578125,6106100,,Yahoo Finance daily,2026-07-22T16:59:02
2026-06-25,us,VRT,338.9200134277344,340.0,321.3399963378906,325.57000732421875,6305000,,Yahoo Finance daily,2026-07-22T16:59:02
2026-06-26,us,VRT,314.0,316.0,300.19000244140625,303.95001220703125,21988200,,Yahoo Finance daily,2026-07-22T16:59:02
2026-06-29,us,VRT,304.6499938964844,309.20001220703125,294.29998779296875,306.9700012207031,6708600,,Yahoo Finance daily,2026-07-22T16:59:02
2026-06-30,us,VRT,310.0,337.2300109863281,310.0,334.82000732421875,7742500,,Yahoo Finance daily,2026-07-22T16:59:02
2026-07-01,us,VRT,325.79998779296875,327.2149963378906,309.510009765625,311.4200134277344,6259800,,Yahoo Finance daily,2026-07-22T16:59:02
2026-07-02,us,VRT,309.80999755859375,316.989990234375,296.45001220703125,300.5299987792969,5898700,,Yahoo Finance daily,2026-07-22T16:59:02
2026-07-06,us,VRT,311.989990234375,329.3800048828125,308.0199890136719,318.4700012207031,6428200,,Yahoo Finance daily,2026-07-22T16:59:02
2026-07-07,us,VRT,304.7449951171875,306.2300109863281,287.1099853515625,305.5799865722656,5986600,,Yahoo Finance daily,2026-07-22T16:59:02
2026-07-08,us,VRT,301.6400146484375,319.6499938964844,300.6000061035156,317.80999755859375,4425200,,Yahoo Finance daily,2026-07-22T16:59:02
2026-07-09,us,VRT,333.54998779296875,338.8800048828125,322.3800048828125,323.9200134277344,3946300,,Yahoo Finance daily,2026-07-22T16:59:02
2026-07-10,us,VRT,320.30999755859375,323.80999755859375,315.67999267578125,318.8599853515625,3001200,,Yahoo Finance daily,2026-07-22T16:59:02
2026-07-13,us,VRT,311.94000244140625,316.0799865722656,302.07000732421875,305.8699951171875,3720300,,Yahoo Finance daily,2026-07-22T16:59:02
2026-07-14,us,VRT,315.5299987792969,317.17999267578125,300.19000244140625,303.5799865722656,3560900,,Yahoo Finance daily,2026-07-22T16:59:02
2026-07-15,us,VRT,306.25,309.43499755859375,289.7799987792969,304.57000732421875,3873700,,Yahoo Finance daily,2026-07-22T16:59:02
2026-07-16,us,VRT,297.0,301.2799987792969,287.5299987792969,294.1099853515625,5017800,,Yahoo Finance daily,2026-07-22T16:59:02
2026-07-17,us,VRT,279.2099914550781,297.32501220703125,272.92999267578125,289.55999755859375,6068200,,Yahoo Finance daily,2026-07-22T16:59:02
2026-07-20,us,VRT,295.0,301.6600036621094,290.9599914550781,291.6700134277344,3770300,,Yahoo Finance daily,2026-07-22T16:59:02
2026-07-21,us,VRT,303.04998779296875,306.45001220703125,297.1499938964844,304.5,3480000,,Yahoo Finance daily,2026-07-22T16:59:02
