date,market,symbol,open,high,low,close,volume,tradingvalue,source,updatedat
2010-02-16,us,WMT,17.746667861938477,17.906667709350586,17.633333206176758,17.85333251953125,47313600,,Yahoo Finance daily,2026-07-22T16:59:02
2010-02-17,us,WMT,17.89666748046875,18.083332061767575,17.883333206176758,18.020000457763672,46602600,,Yahoo Finance daily,2026-07-22T16:59:02
2010-02-18,us,WMT,17.733333587646484,17.833332061767578,17.636667251586914,17.823333740234375,88372500,,Yahoo Finance daily,2026-07-22T16:59:02
2010-02-19,us,WMT,17.729999542236328,17.860000610351562,17.690000534057617,17.829999923706055,45271200,,Yahoo Finance daily,2026-07-22T16:59:02
2010-02-22,us,WMT,17.84000015258789,17.97333335876465,17.780000686645508,17.94333267211914,36291600,,Yahoo Finance daily,2026-07-22T16:59:02
2010-02-23,us,WMT,17.916667938232422,18.02666664123535,17.816667556762695,17.873332977294922,42414000,,Yahoo Finance daily,2026-07-22T16:59:02
2010-02-24,us,WMT,17.913333892822266,17.983333587646484,17.82666778564453,17.97333335876465,31872600,,Yahoo Finance daily,2026-07-22T16:59:02
2010-02-25,us,WMT,17.81999969482422,18.09333229064941,17.75,18.049999237060547,40530300,,Yahoo Finance daily,2026-07-22T16:59:02
2010-02-26,us,WMT,18.07333374023437,18.07999992370605,17.833332061767578,18.023332595825195,47858700,,Yahoo Finance daily,2026-07-22T16:59:02
2010-03-01,us,WMT,18.01333236694336,18.043333053588867,17.84666633605957,17.96666717529297,36386100,,Yahoo Finance daily,2026-07-22T16:59:02
2010-03-02,us,WMT,17.94333267211914,17.963333129882812,17.823333740234375,17.863332748413086,42245100,,Yahoo Finance daily,2026-07-22T16:59:02
2010-03-03,us,WMT,17.78333282470703,17.916667938232422,17.71666717529297,17.886667251586914,34893600,,Yahoo Finance daily,2026-07-22T16:59:02
2010-03-04,us,WMT,18.00666618347168,18.030000686645508,17.916667938232422,17.98666763305664,33635400,,Yahoo Finance daily,2026-07-22T16:59:02
2010-03-05,us,WMT,17.989999771118164,18.05666732788086,17.833332061767578,18.046667098999023,34125300,,Yahoo Finance daily,2026-07-22T16:59:02
2010-03-08,us,WMT,18.003332138061523,18.09333229064941,17.976667404174805,18.049999237060547,22670100,,Yahoo Finance daily,2026-07-22T16:59:02
2010-03-09,us,WMT,18.040000915527344,18.166667938232425,17.97333335876465,18.020000457763672,37753800,,Yahoo Finance daily,2026-07-22T16:59:02
2010-03-10,us,WMT,17.889999389648438,18.00666618347168,17.843332290649414,17.876667022705078,38091000,,Yahoo Finance daily,2026-07-22T16:59:02
2010-03-11,us,WMT,17.8799991607666,17.996667861938477,17.843332290649414,17.989999771118164,32021700,,Yahoo Finance daily,2026-07-22T16:59:02
2010-03-12,us,WMT,18.053333282470703,18.07999992370605,17.93000030517578,17.96666717529297,31433700,,Yahoo Finance daily,2026-07-22T16:59:02
2010-03-15,us,WMT,18.1299991607666,18.51333236694336,18.11666679382324,18.47333335876465,73121700,,Yahoo Finance daily,2026-07-22T16:59:02
2010-03-16,us,WMT,18.62666702270508,18.75666618347168,18.53333282470703,18.663333892822266,55359000,,Yahoo Finance daily,2026-07-22T16:59:02
2010-03-17,us,WMT,18.683332443237305,18.709999084472656,18.553333282470703,18.63999938964844,37485600,,Yahoo Finance daily,2026-07-22T16:59:02
2010-03-18,us,WMT,18.6299991607666,18.649999618530277,18.51333236694336,18.64666748046875,28416600,,Yahoo Finance daily,2026-07-22T16:59:02
2010-03-19,us,WMT,18.446666717529297,18.75666618347168,18.38333320617676,18.446666717529297,51552300,,Yahoo Finance daily,2026-07-22T16:59:02
2010-03-22,us,WMT,18.43666648864746,18.64666748046875,18.37666702270508,18.540000915527344,29622300,,Yahoo Finance daily,2026-07-22T16:59:02
2010-03-23,us,WMT,18.543333053588867,18.666667938232425,18.536666870117188,18.6299991607666,28107900,,Yahoo Finance daily,2026-07-22T16:59:02
2010-03-24,us,WMT,18.57666778564453,18.666667938232425,18.476667404174805,18.52666664123535,26096700,,Yahoo Finance daily,2026-07-22T16:59:02
2010-03-25,us,WMT,18.543333053588867,18.663333892822266,18.53333282470703,18.536666870117188,29379300,,Yahoo Finance daily,2026-07-22T16:59:02
2010-03-26,us,WMT,18.536666870117188,18.65333366394043,18.489999771118164,18.503332138061523,29841900,,Yahoo Finance daily,2026-07-22T16:59:02
2010-03-29,us,WMT,18.5,18.583332061767575,18.476667404174805,18.57999992370605,29329500,,Yahoo Finance daily,2026-07-22T16:59:02
2010-03-30,us,WMT,18.59333229064941,18.683332443237305,18.553333282470703,18.636667251586918,20823900,,Yahoo Finance daily,2026-07-22T16:59:02
2010-03-31,us,WMT,18.60333251953125,18.63333320617676,18.5,18.53333282470703,29900700,,Yahoo Finance daily,2026-07-22T16:59:02
2010-04-01,us,WMT,18.583332061767575,18.61666679382324,18.38999938964844,18.49666786193848,35364300,,Yahoo Finance daily,2026-07-22T16:59:02
2010-04-05,us,WMT,18.56666755676269,18.57666778564453,18.406667709350582,18.49666786193848,32246400,,Yahoo Finance daily,2026-07-22T16:59:02
2010-04-06,us,WMT,18.479999542236328,18.543333053588867,18.43000030517578,18.51000022888184,28701600,,Yahoo Finance daily,2026-07-22T16:59:02
2010-04-07,us,WMT,18.5,18.63333320617676,18.3799991607666,18.426666259765625,38805600,,Yahoo Finance daily,2026-07-22T16:59:02
2010-04-08,us,WMT,18.43000030517578,18.56666755676269,18.386667251586918,18.459999084472656,33419100,,Yahoo Finance daily,2026-07-22T16:59:02
2010-04-09,us,WMT,18.459999084472656,18.459999084472656,18.209999084472656,18.356666564941406,37605300,,Yahoo Finance daily,2026-07-22T16:59:02
2010-04-12,us,WMT,18.34000015258789,18.36666679382324,18.19333267211914,18.34000015258789,35862900,,Yahoo Finance daily,2026-07-22T16:59:02
2010-04-13,us,WMT,18.303333282470703,18.40333366394043,18.21999931335449,18.239999771118164,38553300,,Yahoo Finance daily,2026-07-22T16:59:02
2010-04-14,us,WMT,18.209999084472656,18.303333282470703,18.11333274841309,18.21333312988281,44060700,,Yahoo Finance daily,2026-07-22T16:59:02
2010-04-15,us,WMT,18.049999237060547,18.1200008392334,17.97333335876465,18.043333053588867,52977900,,Yahoo Finance daily,2026-07-22T16:59:02
2010-04-16,us,WMT,18.036666870117188,18.196666717529297,17.946666717529297,18.036666870117188,57696000,,Yahoo Finance daily,2026-07-22T16:59:02
2010-04-19,us,WMT,18.0,18.15999984741211,18.0,18.1299991607666,33946800,,Yahoo Finance daily,2026-07-22T16:59:02
2010-04-20,us,WMT,18.163333892822266,18.273332595825195,18.12666702270508,18.17333221435547,27276900,,Yahoo Finance daily,2026-07-22T16:59:02
2010-04-21,us,WMT,18.14666748046875,18.190000534057617,18.059999465942383,18.156667709350582,34497900,,Yahoo Finance daily,2026-07-22T16:59:02
2010-04-22,us,WMT,18.12333297729492,18.21666717529297,18.049999237060547,18.163333892822266,32763600,,Yahoo Finance daily,2026-07-22T16:59:02
2010-04-23,us,WMT,18.156667709350582,18.203332901000977,17.97333335876465,18.176666259765625,49787400,,Yahoo Finance daily,2026-07-22T16:59:02
2010-04-26,us,WMT,18.176666259765625,18.233333587646484,18.003332138061523,18.01333236694336,44253000,,Yahoo Finance daily,2026-07-22T16:59:02
2010-04-27,us,WMT,17.866666793823242,18.13999938964844,17.843332290649414,18.01333236694336,57523800,,Yahoo Finance daily,2026-07-22T16:59:02
2010-04-28,us,WMT,17.97333335876465,18.03333282470703,17.84000015258789,17.8700008392334,44712600,,Yahoo Finance daily,2026-07-22T16:59:02
2010-04-29,us,WMT,17.886667251586914,18.07666778564453,17.850000381469727,17.899999618530273,39960000,,Yahoo Finance daily,2026-07-22T16:59:02
2010-04-30,us,WMT,17.940000534057617,18.049999237060547,17.8799991607666,17.8799991607666,48838200,,Yahoo Finance daily,2026-07-22T16:59:02
2010-05-03,us,WMT,17.959999084472656,17.983333587646484,17.823333740234375,17.913333892822266,36903000,,Yahoo Finance daily,2026-07-22T16:59:02
2010-05-04,us,WMT,17.863332748413086,18.190000534057617,17.850000381469727,18.00666618347168,56012700,,Yahoo Finance daily,2026-07-22T16:59:02
2010-05-05,us,WMT,18.036666870117188,18.31666755676269,17.940000534057617,18.25666618347168,49829700,,Yahoo Finance daily,2026-07-22T16:59:02
2010-05-06,us,WMT,18.11666679382324,18.26000022888184,17.176666259765625,17.74333381652832,72202500,,Yahoo Finance daily,2026-07-22T16:59:02
2010-05-07,us,WMT,17.68000030517578,17.873332977294922,17.266666412353516,17.46666717529297,86835300,,Yahoo Finance daily,2026-07-22T16:59:02
2010-05-10,us,WMT,17.68666648864746,17.746667861938477,17.27666664123535,17.52666664123535,81270900,,Yahoo Finance daily,2026-07-22T16:59:02
2010-05-11,us,WMT,17.450000762939453,17.59000015258789,17.389999389648438,17.48666763305664,58869900,,Yahoo Finance daily,2026-07-22T16:59:02
2010-05-12,us,WMT,17.5,17.520000457763672,17.376667022705078,17.49333381652832,40830300,,Yahoo Finance daily,2026-07-22T16:59:02
2010-05-13,us,WMT,17.543333053588867,17.656667709350586,17.453332901000977,17.46666717529297,37374000,,Yahoo Finance daily,2026-07-22T16:59:02
2010-05-14,us,WMT,17.469999313354492,17.566667556762695,17.34000015258789,17.373332977294922,55944900,,Yahoo Finance daily,2026-07-22T16:59:02
2010-05-17,us,WMT,17.469999313354492,17.639999389648438,17.34666633605957,17.57666778564453,50836200,,Yahoo Finance daily,2026-07-22T16:59:02
2010-05-18,us,WMT,17.773332595825195,18.149999618530277,17.733333587646484,17.90333366394043,96683100,,Yahoo Finance daily,2026-07-22T16:59:02
2010-05-19,us,WMT,17.843332290649414,17.920000076293945,17.59666633605957,17.68000030517578,61256100,,Yahoo Finance daily,2026-07-22T16:59:02
2010-05-20,us,WMT,17.456666946411133,17.65333366394043,17.100000381469727,17.100000381469727,81768000,,Yahoo Finance daily,2026-07-22T16:59:02
2010-05-21,us,WMT,16.90999984741211,17.123332977294922,16.836666107177734,17.123332977294922,73645800,,Yahoo Finance daily,2026-07-22T16:59:02
2010-05-24,us,WMT,17.01333236694336,17.18000030517578,16.96666717529297,17.0,40673400,,Yahoo Finance daily,2026-07-22T16:59:02
2010-05-25,us,WMT,16.75,16.833332061767578,16.666667938232422,16.760000228881836,72187200,,Yahoo Finance daily,2026-07-22T16:59:02
2010-05-26,us,WMT,16.786666870117188,16.866666793823242,16.670000076293945,16.67333221435547,57234300,,Yahoo Finance daily,2026-07-22T16:59:02
2010-05-27,us,WMT,16.84000015258789,16.90999984741211,16.773332595825195,16.899999618530273,41941200,,Yahoo Finance daily,2026-07-22T16:59:02
2010-05-28,us,WMT,16.916667938232422,16.976667404174805,16.833332061767578,16.85333251953125,42058500,,Yahoo Finance daily,2026-07-22T16:59:02
2010-06-01,us,WMT,16.933332443237305,17.170000076293945,16.84000015258789,16.97333335876465,48160800,,Yahoo Finance daily,2026-07-22T16:59:02
2010-06-02,us,WMT,17.07666778564453,17.246667861938477,17.00666618347168,17.239999771118164,40997400,,Yahoo Finance daily,2026-07-22T16:59:02
2010-06-03,us,WMT,17.24333381652832,17.360000610351562,17.15999984741211,17.239999771118164,31527300,,Yahoo Finance daily,2026-07-22T16:59:02
2010-06-04,us,WMT,17.136667251586914,17.233333587646484,16.739999771118164,16.799999237060547,72125700,,Yahoo Finance daily,2026-07-22T16:59:02
2010-06-07,us,WMT,16.81999969482422,17.123332977294922,16.773332595825195,16.913333892822266,58501800,,Yahoo Finance daily,2026-07-22T16:59:02
2010-06-08,us,WMT,16.93000030517578,16.99333381652832,16.843332290649414,16.926666259765625,60946500,,Yahoo Finance daily,2026-07-22T16:59:02
2010-06-09,us,WMT,16.98666763305664,17.1200008392334,16.863332748413086,16.996667861938477,49592700,,Yahoo Finance daily,2026-07-22T16:59:02
2010-06-10,us,WMT,17.06999969482422,17.226667404174805,17.020000457763672,17.073333740234375,47551500,,Yahoo Finance daily,2026-07-22T16:59:02
2010-06-11,us,WMT,16.989999771118164,17.09000015258789,16.850000381469727,16.953332901000977,42082200,,Yahoo Finance daily,2026-07-22T16:59:02
2010-06-14,us,WMT,17.036666870117188,17.15333366394043,16.963333129882812,17.079999923706055,41700300,,Yahoo Finance daily,2026-07-22T16:59:02
2010-06-15,us,WMT,17.066667556762695,17.21666717529297,17.020000457763672,17.213333129882812,42932400,,Yahoo Finance daily,2026-07-22T16:59:02
2010-06-16,us,WMT,17.166667938232422,17.19333267211914,16.97333335876465,16.99333381652832,47702100,,Yahoo Finance daily,2026-07-22T16:59:02
2010-06-17,us,WMT,17.016666412353516,17.163333892822266,16.98666763305664,17.136667251586914,38001900,,Yahoo Finance daily,2026-07-22T16:59:02
2010-06-18,us,WMT,17.136667251586914,17.303333282470703,17.136667251586914,17.183332443237305,76277400,,Yahoo Finance daily,2026-07-22T16:59:02
2010-06-21,us,WMT,17.23666763305664,17.293333053588867,16.90333366394043,17.00666618347168,43965600,,Yahoo Finance daily,2026-07-22T16:59:02
2010-06-22,us,WMT,17.023332595825195,17.156667709350586,16.866666793823242,16.893333435058594,40974600,,Yahoo Finance daily,2026-07-22T16:59:02
2010-06-23,us,WMT,16.920000076293945,17.01333236694336,16.799999237060547,16.93666648864746,47837700,,Yahoo Finance daily,2026-07-22T16:59:02
2010-06-24,us,WMT,16.90999984741211,16.94333267211914,16.649999618530273,16.676666259765625,44457600,,Yahoo Finance daily,2026-07-22T16:59:02
2010-06-25,us,WMT,16.649999618530273,16.733333587646484,16.266666412353516,16.266666412353516,135999600,,Yahoo Finance daily,2026-07-22T16:59:02
2010-06-28,us,WMT,16.35333251953125,16.59000015258789,16.336666107177734,16.523332595825195,44091600,,Yahoo Finance daily,2026-07-22T16:59:02
2010-06-29,us,WMT,16.389999389648438,16.420000076293945,16.143333435058594,16.299999237060547,61052400,,Yahoo Finance daily,2026-07-22T16:59:02
2010-06-30,us,WMT,16.31999969482422,16.323333740234375,16.003332138061523,16.023332595825195,55166400,,Yahoo Finance daily,2026-07-22T16:59:02
2010-07-01,us,WMT,16.03333282470703,16.136667251586914,15.923333168029783,16.113332748413086,54343200,,Yahoo Finance daily,2026-07-22T16:59:02
2010-07-02,us,WMT,16.14666748046875,16.14666748046875,15.946666717529297,16.0,40743900,,Yahoo Finance daily,2026-07-22T16:59:02
2010-07-06,us,WMT,16.446666717529297,16.479999542236328,16.086666107177734,16.190000534057617,54676800,,Yahoo Finance daily,2026-07-22T16:59:02
2010-07-07,us,WMT,16.219999313354492,16.323333740234375,16.053333282470703,16.30666732788086,48528600,,Yahoo Finance daily,2026-07-22T16:59:02
2010-07-08,us,WMT,16.440000534057617,16.440000534057617,16.26333236694336,16.393333435058594,37950000,,Yahoo Finance daily,2026-07-22T16:59:02
2010-07-09,us,WMT,16.416667938232422,16.516666412353516,16.383333206176758,16.476667404174805,34821600,,Yahoo Finance daily,2026-07-22T16:59:02
2010-07-12,us,WMT,16.593332290649414,16.77666664123535,16.559999465942383,16.706666946411133,40322700,,Yahoo Finance daily,2026-07-22T16:59:02
2010-07-13,us,WMT,16.78333282470703,16.89666748046875,16.700000762939453,16.84666633605957,39659400,,Yahoo Finance daily,2026-07-22T16:59:02
2010-07-14,us,WMT,16.683332443237305,16.786666870117188,16.68000030517578,16.78333282470703,32124900,,Yahoo Finance daily,2026-07-22T16:59:02
2010-07-15,us,WMT,16.780000686645508,16.81333351135254,16.636667251586914,16.803333282470703,36766800,,Yahoo Finance daily,2026-07-22T16:59:02
2010-07-16,us,WMT,16.71666717529297,16.77666664123535,16.50666618347168,16.55666732788086,47766600,,Yahoo Finance daily,2026-07-22T16:59:02
2010-07-19,us,WMT,16.573333740234375,16.60333251953125,16.363332748413086,16.50666618347168,35688000,,Yahoo Finance daily,2026-07-22T16:59:02
2010-07-20,us,WMT,16.420000076293945,17.010000228881836,16.420000076293945,16.959999084472656,48851700,,Yahoo Finance daily,2026-07-22T16:59:02
2010-07-21,us,WMT,17.0,17.0,16.703332901000977,16.78333282470703,36933300,,Yahoo Finance daily,2026-07-22T16:59:02
2010-07-22,us,WMT,16.850000381469727,17.030000686645508,16.836666107177734,16.953332901000977,35952600,,Yahoo Finance daily,2026-07-22T16:59:02
2010-07-23,us,WMT,16.969999313354492,17.270000457763672,16.96666717529297,17.22333335876465,39139200,,Yahoo Finance daily,2026-07-22T16:59:02
2010-07-26,us,WMT,17.22333335876465,17.22333335876465,16.969999313354492,17.043333053588867,42336300,,Yahoo Finance daily,2026-07-22T16:59:02
2010-07-27,us,WMT,16.933332443237305,17.100000381469727,16.886667251586914,16.98666763305664,36885600,,Yahoo Finance daily,2026-07-22T16:59:02
2010-07-28,us,WMT,16.933332443237305,17.1299991607666,16.933332443237305,17.043333053588867,27985500,,Yahoo Finance daily,2026-07-22T16:59:02
2010-07-29,us,WMT,17.07666778564453,17.260000228881836,16.933332443237305,17.020000457763672,28891500,,Yahoo Finance daily,2026-07-22T16:59:02
2010-07-30,us,WMT,16.8700008392334,17.083332061767578,16.833332061767578,17.06333351135254,40654200,,Yahoo Finance daily,2026-07-22T16:59:02
2010-08-02,us,WMT,17.183332443237305,17.233333587646484,16.983333587646484,17.136667251586914,41583000,,Yahoo Finance daily,2026-07-22T16:59:02
2010-08-03,us,WMT,17.083332061767578,17.21666717529297,17.010000228881836,17.09666633605957,32005800,,Yahoo Finance daily,2026-07-22T16:59:02
2010-08-04,us,WMT,17.01333236694336,17.23666763305664,17.003332138061523,17.200000762939453,24206700,,Yahoo Finance daily,2026-07-22T16:59:02
2010-08-05,us,WMT,17.213333129882812,17.22333335876465,17.073333740234375,17.206666946411133,22317000,,Yahoo Finance daily,2026-07-22T16:59:02
2010-08-06,us,WMT,17.139999389648438,17.26333236694336,17.036666870117188,17.26333236694336,24810900,,Yahoo Finance daily,2026-07-22T16:59:02
2010-08-09,us,WMT,17.27666664123535,17.446666717529297,17.266666412353516,17.35333251953125,24796200,,Yahoo Finance daily,2026-07-22T16:59:02
2010-08-10,us,WMT,17.303333282470703,17.49333381652832,17.229999542236328,17.406667709350586,26537400,,Yahoo Finance daily,2026-07-22T16:59:02
2010-08-11,us,WMT,17.206666946411133,17.206666946411133,16.99333381652832,17.00666618347168,33918900,,Yahoo Finance daily,2026-07-22T16:59:02
2010-08-12,us,WMT,16.85333251953125,16.926666259765625,16.670000076293945,16.809999465942383,38390700,,Yahoo Finance daily,2026-07-22T16:59:02
2010-08-13,us,WMT,16.77666664123535,16.913333892822266,16.666667938232422,16.799999237060547,30285900,,Yahoo Finance daily,2026-07-22T16:59:02
2010-08-16,us,WMT,16.72333335876465,16.856666564941406,16.68666648864746,16.803333282470703,28946100,,Yahoo Finance daily,2026-07-22T16:59:02
2010-08-17,us,WMT,16.93000030517578,17.206666946411133,16.886667251586914,17.00666618347168,48946500,,Yahoo Finance daily,2026-07-22T16:59:02
2010-08-18,us,WMT,17.0,17.106666564941406,16.873332977294922,16.953332901000977,47235000,,Yahoo Finance daily,2026-07-22T16:59:02
2010-08-19,us,WMT,16.899999618530273,16.98666763305664,16.666667938232422,16.68666648864746,46902300,,Yahoo Finance daily,2026-07-22T16:59:02
2010-08-20,us,WMT,16.72333335876465,16.823333740234375,16.676666259765625,16.739999771118164,35105100,,Yahoo Finance daily,2026-07-22T16:59:02
2010-08-23,us,WMT,16.856666564941406,17.166667938232422,16.796667098999023,17.046667098999023,43973400,,Yahoo Finance daily,2026-07-22T16:59:02
2010-08-24,us,WMT,16.889999389648438,17.239999771118164,16.866666793823242,17.100000381469727,50102400,,Yahoo Finance daily,2026-07-22T16:59:02
2010-08-25,us,WMT,17.083332061767578,17.26333236694336,17.030000686645508,17.183332443237305,44527200,,Yahoo Finance daily,2026-07-22T16:59:02
2010-08-26,us,WMT,17.206666946411133,17.206666946411133,16.916667938232422,16.989999771118164,35696100,,Yahoo Finance daily,2026-07-22T16:59:02
2010-08-27,us,WMT,17.00666618347168,17.083332061767578,16.906667709350586,17.0,35805000,,Yahoo Finance daily,2026-07-22T16:59:02
2010-08-30,us,WMT,17.00666618347168,17.083332061767578,16.843332290649414,16.850000381469727,25507500,,Yahoo Finance daily,2026-07-22T16:59:02
2010-08-31,us,WMT,16.836666107177734,17.03333282470703,16.706666946411133,16.713333129882812,76078200,,Yahoo Finance daily,2026-07-22T16:59:02
2010-09-01,us,WMT,16.829999923706055,17.143333435058594,16.81999969482422,17.066667556762695,40294500,,Yahoo Finance daily,2026-07-22T16:59:02
2010-09-02,us,WMT,17.040000915527344,17.270000457763672,17.040000915527344,17.253332138061523,33618300,,Yahoo Finance daily,2026-07-22T16:59:02
2010-09-03,us,WMT,17.286666870117188,17.363332748413086,17.183332443237305,17.34666633605957,28839300,,Yahoo Finance daily,2026-07-22T16:59:02
2010-09-07,us,WMT,17.356666564941406,17.520000457763672,17.280000686645508,17.286666870117188,31751400,,Yahoo Finance daily,2026-07-22T16:59:02
2010-09-08,us,WMT,17.296667098999023,17.32666778564453,17.17333221435547,17.27666664123535,26880000,,Yahoo Finance daily,2026-07-22T16:59:02
2010-09-09,us,WMT,17.35333251953125,17.366666793823242,17.280000686645508,17.303333282470703,21869100,,Yahoo Finance daily,2026-07-22T16:59:02
2010-09-10,us,WMT,17.299999237060547,17.356666564941406,17.239999771118164,17.323333740234375,24481200,,Yahoo Finance daily,2026-07-22T16:59:02
2010-09-13,us,WMT,17.416667938232422,17.489999771118164,17.336666107177734,17.40333366394043,23604000,,Yahoo Finance daily,2026-07-22T16:59:02
2010-09-14,us,WMT,17.386667251586914,17.676666259765625,17.383333206176758,17.553333282470703,33604200,,Yahoo Finance daily,2026-07-22T16:59:02
2010-09-15,us,WMT,17.489999771118164,17.700000762939453,17.469999313354492,17.6200008392334,30594300,,Yahoo Finance daily,2026-07-22T16:59:02
2010-09-16,us,WMT,17.553333282470703,17.760000228881836,17.516666412353516,17.71666717529297,32228100,,Yahoo Finance daily,2026-07-22T16:59:02
2010-09-17,us,WMT,17.72333335876465,17.77666664123535,17.626667022705078,17.670000076293945,62399400,,Yahoo Finance daily,2026-07-22T16:59:02
2010-09-20,us,WMT,17.700000762939453,17.889999389648438,17.696666717529297,17.84666633605957,27780300,,Yahoo Finance daily,2026-07-22T16:59:02
2010-09-21,us,WMT,17.84000015258789,17.98666763305664,17.773332595825195,17.856666564941406,28275300,,Yahoo Finance daily,2026-07-22T16:59:02
2010-09-22,us,WMT,17.84000015258789,18.0,17.816667556762695,17.940000534057617,29730000,,Yahoo Finance daily,2026-07-22T16:59:02
2010-09-23,us,WMT,17.90999984741211,17.97333335876465,17.843332290649414,17.883333206176758,21873600,,Yahoo Finance daily,2026-07-22T16:59:02
2010-09-24,us,WMT,17.983333587646484,18.1299991607666,17.946666717529297,18.02666664123535,29305200,,Yahoo Finance daily,2026-07-22T16:59:02
2010-09-27,us,WMT,17.969999313354492,18.003332138061523,17.823333740234375,17.82666778564453,25986600,,Yahoo Finance daily,2026-07-22T16:59:02
2010-09-28,us,WMT,17.843332290649414,17.996667861938477,17.683332443237305,17.940000534057617,33441900,,Yahoo Finance daily,2026-07-22T16:59:02
2010-09-29,us,WMT,17.933332443237305,17.93666648864746,17.703332901000977,17.78333282470703,29592300,,Yahoo Finance daily,2026-07-22T16:59:02
2010-09-30,us,WMT,17.843332290649414,17.996667861938477,17.713333129882812,17.84000015258789,32703000,,Yahoo Finance daily,2026-07-22T16:59:02
2010-10-01,us,WMT,17.866666793823242,17.873332977294922,17.733333587646484,17.786666870117188,24688200,,Yahoo Finance daily,2026-07-22T16:59:02
2010-10-04,us,WMT,17.780000686645508,17.899999618530273,17.713333129882812,17.856666564941406,21427500,,Yahoo Finance daily,2026-07-22T16:59:02
2010-10-05,us,WMT,17.979999542236328,18.083332061767575,17.94333267211914,18.0,30648000,,Yahoo Finance daily,2026-07-22T16:59:02
2010-10-06,us,WMT,17.97333335876465,18.209999084472656,17.96666717529297,18.18666648864746,31241400,,Yahoo Finance daily,2026-07-22T16:59:02
2010-10-07,us,WMT,18.21999931335449,18.273332595825195,18.01333236694336,18.1200008392334,23309400,,Yahoo Finance daily,2026-07-22T16:59:02
2010-10-08,us,WMT,18.11666679382324,18.196666717529297,18.00666618347168,18.136667251586918,26380800,,Yahoo Finance daily,2026-07-22T16:59:02
2010-10-11,us,WMT,18.17333221435547,18.24666786193848,18.143333435058597,18.203332901000977,21111900,,Yahoo Finance daily,2026-07-22T16:59:02
2010-10-12,us,WMT,18.149999618530277,18.149999618530277,17.916667938232422,17.97333335876465,45104400,,Yahoo Finance daily,2026-07-22T16:59:02
2010-10-13,us,WMT,18.059999465942383,18.17333221435547,17.90999984741211,17.940000534057617,40840800,,Yahoo Finance daily,2026-07-22T16:59:02
2010-10-14,us,WMT,17.956666946411133,17.956666946411133,17.643333435058594,17.75,46640700,,Yahoo Finance daily,2026-07-22T16:59:02
2010-10-15,us,WMT,17.786666870117188,17.860000610351562,17.67333221435547,17.78333282470703,37677000,,Yahoo Finance daily,2026-07-22T16:59:02
2010-10-18,us,WMT,17.75,17.96666717529297,17.75,17.920000076293945,27689700,,Yahoo Finance daily,2026-07-22T16:59:02
2010-10-19,us,WMT,17.816667556762695,17.920000076293945,17.709999084472656,17.773332595825195,30675000,,Yahoo Finance daily,2026-07-22T16:59:02
2010-10-20,us,WMT,17.76333236694336,17.946666717529297,17.75,17.823333740234375,29226900,,Yahoo Finance daily,2026-07-22T16:59:02
2010-10-21,us,WMT,17.89666748046875,18.11333274841309,17.863332748413086,18.010000228881836,28806600,,Yahoo Finance daily,2026-07-22T16:59:02
2010-10-22,us,WMT,17.98666763305664,18.03333282470703,17.953332901000977,18.020000457763672,17386500,,Yahoo Finance daily,2026-07-22T16:59:02
2010-10-25,us,WMT,18.059999465942383,18.13333320617676,17.96666717529297,17.983333587646484,23889300,,Yahoo Finance daily,2026-07-22T16:59:02
2010-10-26,us,WMT,17.946666717529297,18.24333381652832,17.94333267211914,18.18666648864746,30880800,,Yahoo Finance daily,2026-07-22T16:59:02
2010-10-27,us,WMT,18.07999992370605,18.209999084472656,17.850000381469727,17.956666946411133,39060900,,Yahoo Finance daily,2026-07-22T16:59:02
2010-10-28,us,WMT,18.06333351135254,18.07666778564453,17.863332748413086,18.02666664123535,24550800,,Yahoo Finance daily,2026-07-22T16:59:02
2010-10-29,us,WMT,18.01333236694336,18.196666717529297,17.8700008392334,18.05666732788086,24098700,,Yahoo Finance daily,2026-07-22T16:59:02
2010-11-01,us,WMT,18.01666641235352,18.166667938232425,18.00666618347168,18.10333251953125,24622500,,Yahoo Finance daily,2026-07-22T16:59:02
2010-11-02,us,WMT,18.183332443237305,18.32999992370605,18.163333892822266,18.26333236694336,26547600,,Yahoo Finance daily,2026-07-22T16:59:02
2010-11-03,us,WMT,18.25666618347168,18.31666755676269,18.07333374023437,18.303333282470703,27567600,,Yahoo Finance daily,2026-07-22T16:59:02
2010-11-04,us,WMT,18.333332061767575,18.5,18.31666755676269,18.453332901000977,39740400,,Yahoo Finance daily,2026-07-22T16:59:02
2010-11-05,us,WMT,18.483333587646484,18.57333374023437,18.299999237060547,18.399999618530277,30784200,,Yahoo Finance daily,2026-07-22T16:59:02
2010-11-08,us,WMT,18.303333282470703,18.36000061035156,18.170000076293945,18.303333282470703,29823300,,Yahoo Finance daily,2026-07-22T16:59:02
2010-11-09,us,WMT,18.36000061035156,18.40333366394043,18.27666664123535,18.350000381469727,30141300,,Yahoo Finance daily,2026-07-22T16:59:02
2010-11-10,us,WMT,18.253332138061523,18.253332138061523,18.030000686645508,18.170000076293945,33710700,,Yahoo Finance daily,2026-07-22T16:59:02
2010-11-11,us,WMT,18.17333221435547,18.17333221435547,17.98666763305664,18.11333274841309,37698300,,Yahoo Finance daily,2026-07-22T16:59:02
2010-11-12,us,WMT,18.03333282470703,18.11333274841309,17.953332901000977,18.043333053588867,32033400,,Yahoo Finance daily,2026-07-22T16:59:02
2010-11-15,us,WMT,18.05666732788086,18.11666679382324,17.956666946411133,17.983333587646484,34378500,,Yahoo Finance daily,2026-07-22T16:59:02
2010-11-16,us,WMT,18.190000534057617,18.450000762939453,18.07999992370605,18.08666610717773,70665600,,Yahoo Finance daily,2026-07-22T16:59:02
2010-11-17,us,WMT,18.11666679382324,18.14666748046875,17.85333251953125,17.92333221435547,43514100,,Yahoo Finance daily,2026-07-22T16:59:02
2010-11-18,us,WMT,18.046667098999023,18.21666717529297,17.96666717529297,17.99333381652832,34761900,,Yahoo Finance daily,2026-07-22T16:59:02
2010-11-19,us,WMT,18.03333282470703,18.149999618530277,17.983333587646484,18.1299991607666,30922500,,Yahoo Finance daily,2026-07-22T16:59:02
2010-11-22,us,WMT,18.06666755676269,18.200000762939453,17.97333335876465,18.12666702270508,28505400,,Yahoo Finance daily,2026-07-22T16:59:02
2010-11-23,us,WMT,18.06666755676269,18.08666610717773,17.85333251953125,17.889999389648438,41554200,,Yahoo Finance daily,2026-07-22T16:59:02
2010-11-24,us,WMT,17.913333892822266,18.059999465942383,17.913333892822266,18.003332138061523,30937200,,Yahoo Finance daily,2026-07-22T16:59:02
2010-11-26,us,WMT,17.89666748046875,17.976667404174805,17.856666564941406,17.913333892822266,12465000,,Yahoo Finance daily,2026-07-22T16:59:02
2010-11-29,us,WMT,17.883333206176758,17.97333335876465,17.809999465942383,17.950000762939453,32362800,,Yahoo Finance daily,2026-07-22T16:59:02
2010-11-30,us,WMT,17.920000076293945,18.143333435058597,17.866666793823242,18.030000686645508,52670700,,Yahoo Finance daily,2026-07-22T16:59:02
2010-12-01,us,WMT,18.13999938964844,18.28333282470703,18.1299991607666,18.233333587646484,53648700,,Yahoo Finance daily,2026-07-22T16:59:02
2010-12-02,us,WMT,18.23666763305664,18.299999237060547,18.12666702270508,18.25,47324700,,Yahoo Finance daily,2026-07-22T16:59:02
2010-12-03,us,WMT,18.209999084472656,18.253332138061523,18.10333251953125,18.206666946411133,30290700,,Yahoo Finance daily,2026-07-22T16:59:02
2010-12-06,us,WMT,18.293333053588867,18.31333351135254,18.156667709350582,18.163333892822266,25898700,,Yahoo Finance daily,2026-07-22T16:59:02
2010-12-07,us,WMT,18.18000030517578,18.446666717529297,18.18000030517578,18.36333274841309,47679900,,Yahoo Finance daily,2026-07-22T16:59:02
2010-12-08,us,WMT,18.286666870117188,18.31666755676269,18.149999618530277,18.163333892822266,37439100,,Yahoo Finance daily,2026-07-22T16:59:02
2010-12-09,us,WMT,18.239999771118164,18.25666618347168,18.106666564941406,18.11333274841309,32198400,,Yahoo Finance daily,2026-07-22T16:59:02
2010-12-10,us,WMT,18.10333251953125,18.13333320617676,18.046667098999023,18.09333229064941,36149700,,Yahoo Finance daily,2026-07-22T16:59:02
2010-12-13,us,WMT,18.10333251953125,18.13333320617676,18.0,18.06999969482422,33975600,,Yahoo Finance daily,2026-07-22T16:59:02
2010-12-14,us,WMT,18.03333282470703,18.19333267211914,18.00666618347168,18.149999618530277,32238600,,Yahoo Finance daily,2026-07-22T16:59:02
2010-12-15,us,WMT,18.07666778564453,18.11333274841309,18.01333236694336,18.07666778564453,31650600,,Yahoo Finance daily,2026-07-22T16:59:02
2010-12-16,us,WMT,18.030000686645508,18.209999084472656,18.0,18.209999084472656,37005900,,Yahoo Finance daily,2026-07-22T16:59:02
2010-12-17,us,WMT,18.226667404174805,18.25,18.12666702270508,18.136667251586918,64686600,,Yahoo Finance daily,2026-07-22T16:59:02
2010-12-20,us,WMT,18.18666648864746,18.18666648864746,17.8700008392334,17.92333221435547,40846800,,Yahoo Finance daily,2026-07-22T16:59:02
2010-12-21,us,WMT,17.920000076293945,17.953332901000977,17.8799991607666,17.883333206176758,24875700,,Yahoo Finance daily,2026-07-22T16:59:02
2010-12-22,us,WMT,17.863332748413086,17.883333206176758,17.719999313354492,17.770000457763672,34376400,,Yahoo Finance daily,2026-07-22T16:59:02
2010-12-23,us,WMT,17.72333335876465,17.89666748046875,17.713333129882812,17.866666793823242,27185100,,Yahoo Finance daily,2026-07-22T16:59:02
2010-12-27,us,WMT,17.85333251953125,17.90999984741211,17.74333381652832,17.856666564941406,17628600,,Yahoo Finance daily,2026-07-22T16:59:02
2010-12-28,us,WMT,17.876667022705078,17.976667404174805,17.836666107177734,17.913333892822266,20367300,,Yahoo Finance daily,2026-07-22T16:59:02
2010-12-29,us,WMT,17.856666564941406,18.08666610717773,17.856666564941406,18.02666664123535,22886100,,Yahoo Finance daily,2026-07-22T16:59:02
2010-12-30,us,WMT,18.0,18.06333351135254,17.946666717529297,18.023332595825195,18911400,,Yahoo Finance daily,2026-07-22T16:59:02
2010-12-31,us,WMT,17.989999771118164,18.083332061767575,17.93000030517578,17.976667404174805,21281700,,Yahoo Finance daily,2026-07-22T16:59:02
2011-01-03,us,WMT,18.07666778564453,18.26666641235352,18.049999237060547,18.18666648864746,42894900,,Yahoo Finance daily,2026-07-22T16:59:02
2011-01-04,us,WMT,18.203332901000977,18.293333053588867,18.09333229064941,18.25666618347168,36463200,,Yahoo Finance daily,2026-07-22T16:59:02
2011-01-05,us,WMT,18.25,18.356666564941406,18.106666564941406,18.136667251586918,42646800,,Yahoo Finance daily,2026-07-22T16:59:02
2011-01-06,us,WMT,18.10333251953125,18.12666702270508,17.926666259765625,17.98666763305664,46756500,,Yahoo Finance daily,2026-07-22T16:59:02
2011-01-07,us,WMT,17.963333129882812,18.049999237060547,17.920000076293945,18.02666664123535,23905800,,Yahoo Finance daily,2026-07-22T16:59:02
2011-01-10,us,WMT,17.883333206176758,18.036666870117188,17.84666633605957,17.90999984741211,31437900,,Yahoo Finance daily,2026-07-22T16:59:02
2011-01-11,us,WMT,17.983333587646484,18.17333221435547,17.90999984741211,18.09666633605957,36070200,,Yahoo Finance daily,2026-07-22T16:59:02
2011-01-12,us,WMT,18.17333221435547,18.440000534057617,18.11333274841309,18.28333282470703,40659900,,Yahoo Finance daily,2026-07-22T16:59:02
2011-01-13,us,WMT,18.233333587646484,18.453332901000977,18.229999542236328,18.26333236694336,38596800,,Yahoo Finance daily,2026-07-22T16:59:02
2011-01-14,us,WMT,18.24333381652832,18.32999992370605,18.13999938964844,18.270000457763672,27856800,,Yahoo Finance daily,2026-07-22T16:59:02
2011-01-18,us,WMT,18.3700008392334,18.46666717529297,18.25,18.3799991607666,31602600,,Yahoo Finance daily,2026-07-22T16:59:02
2011-01-19,us,WMT,18.34666633605957,18.38333320617676,18.23666763305664,18.34333229064941,29685000,,Yahoo Finance daily,2026-07-22T16:59:02
2011-01-20,us,WMT,18.37333297729492,18.75666618347168,18.37333297729492,18.663333892822266,58837500,,Yahoo Finance daily,2026-07-22T16:59:02
2011-01-21,us,WMT,18.71666717529297,18.74666786193848,18.459999084472656,18.57666778564453,38876400,,Yahoo Finance daily,2026-07-22T16:59:02
2011-01-24,us,WMT,18.46333312988281,18.683332443237305,18.433332443237305,18.683332443237305,33222600,,Yahoo Finance daily,2026-07-22T16:59:02
2011-01-25,us,WMT,18.706666946411133,19.09666633605957,18.600000381469727,19.08666610717773,61443300,,Yahoo Finance daily,2026-07-22T16:59:02
2011-01-26,us,WMT,19.1299991607666,19.25,19.0,19.106666564941406,39633600,,Yahoo Finance daily,2026-07-22T16:59:02
2011-01-27,us,WMT,19.15333366394043,19.26333236694336,19.00666618347168,19.190000534057617,30519600,,Yahoo Finance daily,2026-07-22T16:59:02
2011-01-28,us,WMT,19.229999542236328,19.299999237060547,18.833332061767575,18.899999618530277,43794600,,Yahoo Finance daily,2026-07-22T16:59:02
2011-01-31,us,WMT,18.81666755676269,18.85333251953125,18.56666755676269,18.690000534057617,47065500,,Yahoo Finance daily,2026-07-22T16:59:02
2011-02-01,us,WMT,18.790000915527344,18.86000061035156,18.636667251586918,18.77666664123535,38554800,,Yahoo Finance daily,2026-07-22T16:59:02
2011-02-02,us,WMT,18.71999931335449,18.726667404174805,18.549999237060547,18.6200008392334,42115800,,Yahoo Finance daily,2026-07-22T16:59:02
2011-02-03,us,WMT,18.63999938964844,18.68000030517578,18.46333312988281,18.63999938964844,33850800,,Yahoo Finance daily,2026-07-22T16:59:02
2011-02-04,us,WMT,18.68000030517578,18.700000762939453,18.55666732788086,18.676666259765625,21318000,,Yahoo Finance daily,2026-07-22T16:59:02
2011-02-07,us,WMT,18.690000534057617,18.74666786193848,18.61000061035156,18.690000534057617,20162100,,Yahoo Finance daily,2026-07-22T16:59:02
2011-02-08,us,WMT,18.700000762939453,18.82333374023437,18.649999618530277,18.793333053588867,26458200,,Yahoo Finance daily,2026-07-22T16:59:02
2011-02-09,us,WMT,18.753332138061523,18.90999984741211,18.700000762939453,18.90999984741211,25743900,,Yahoo Finance daily,2026-07-22T16:59:02
2011-02-10,us,WMT,18.71666717529297,18.71999931335449,18.433332443237305,18.530000686645508,47286000,,Yahoo Finance daily,2026-07-22T16:59:02
2011-02-11,us,WMT,18.51000022888184,18.62666702270508,18.43666648864746,18.56333351135254,28747500,,Yahoo Finance daily,2026-07-22T16:59:02
2011-02-14,us,WMT,18.420000076293945,18.43666648864746,18.22333335876465,18.26666641235352,48821700,,Yahoo Finance daily,2026-07-22T16:59:02
2011-02-15,us,WMT,18.26000022888184,18.350000381469727,18.170000076293945,18.31666755676269,33992100,,Yahoo Finance daily,2026-07-22T16:59:02
2011-02-16,us,WMT,18.299999237060547,18.399999618530277,18.143333435058597,18.183332443237305,46191300,,Yahoo Finance daily,2026-07-22T16:59:02
2011-02-17,us,WMT,18.17333221435547,18.299999237060547,18.11666679382324,18.25,25617000,,Yahoo Finance daily,2026-07-22T16:59:02
2011-02-18,us,WMT,18.226667404174805,18.523332595825195,18.166667938232425,18.459999084472656,59923800,,Yahoo Finance daily,2026-07-22T16:59:02
2011-02-22,us,WMT,17.93666648864746,18.003332138061523,17.649999618530273,17.889999389648438,86089800,,Yahoo Finance daily,2026-07-22T16:59:02
2011-02-23,us,WMT,17.81999969482422,17.866666793823242,17.633333206176758,17.676666259765625,60355800,,Yahoo Finance daily,2026-07-22T16:59:02
2011-02-24,us,WMT,17.709999084472656,17.72333335876465,17.293333053588867,17.363332748413086,70616100,,Yahoo Finance daily,2026-07-22T16:59:02
2011-02-25,us,WMT,17.363332748413086,17.389999389648438,17.17333221435547,17.25,60968400,,Yahoo Finance daily,2026-07-22T16:59:02
2011-02-28,us,WMT,17.25,17.476667404174805,17.226667404174805,17.32666778564453,53704500,,Yahoo Finance daily,2026-07-22T16:59:02
2011-03-01,us,WMT,17.386667251586914,17.53333282470703,17.316667556762695,17.356666564941406,52932000,,Yahoo Finance daily,2026-07-22T16:59:02
2011-03-02,us,WMT,17.42333221435547,17.456666946411133,17.239999771118164,17.323333740234375,33432600,,Yahoo Finance daily,2026-07-22T16:59:02
2011-03-03,us,WMT,17.39666748046875,17.42333221435547,17.233333587646484,17.336666107177734,37542000,,Yahoo Finance daily,2026-07-22T16:59:02
2011-03-04,us,WMT,17.46666717529297,17.496667861938477,17.24333381652832,17.356666564941406,47178000,,Yahoo Finance daily,2026-07-22T16:59:02
2011-03-07,us,WMT,17.420000076293945,17.43000030517578,17.25,17.34000015258789,39093600,,Yahoo Finance daily,2026-07-22T16:59:02
2011-03-08,us,WMT,17.366666793823242,17.51333236694336,17.336666107177734,17.479999542236328,35746500,,Yahoo Finance daily,2026-07-22T16:59:02
2011-03-09,us,WMT,17.42333221435547,17.613332748413086,17.406667709350586,17.55666732788086,34149000,,Yahoo Finance daily,2026-07-22T16:59:02
2011-03-10,us,WMT,17.450000762939453,17.959999084472656,17.420000076293945,17.549999237060547,54933900,,Yahoo Finance daily,2026-07-22T16:59:02
2011-03-11,us,WMT,17.546667098999023,17.649999618530273,17.3799991607666,17.530000686645508,43617900,,Yahoo Finance daily,2026-07-22T16:59:02
2011-03-14,us,WMT,17.450000762939453,17.50666618347168,17.35333251953125,17.440000534057617,30649200,,Yahoo Finance daily,2026-07-22T16:59:02
2011-03-15,us,WMT,17.25666618347168,17.450000762939453,17.126667022705078,17.35333251953125,41569800,,Yahoo Finance daily,2026-07-22T16:59:02
2011-03-16,us,WMT,17.17333221435547,17.290000915527344,16.989999771118164,17.126667022705078,49214400,,Yahoo Finance daily,2026-07-22T16:59:02
2011-03-17,us,WMT,17.246667861938477,17.290000915527344,17.01333236694336,17.123332977294922,32648100,,Yahoo Finance daily,2026-07-22T16:59:02
2011-03-18,us,WMT,17.209999084472656,17.296667098999023,17.083332061767578,17.17333221435547,35415600,,Yahoo Finance daily,2026-07-22T16:59:02
2011-03-21,us,WMT,17.24333381652832,17.333332061767578,17.226667404174805,17.30666732788086,26150100,,Yahoo Finance daily,2026-07-22T16:59:02
2011-03-22,us,WMT,17.323333740234375,17.3799991607666,17.26333236694336,17.333332061767578,25284000,,Yahoo Finance daily,2026-07-22T16:59:02
2011-03-23,us,WMT,17.28333282470703,17.293333053588867,17.126667022705078,17.213333129882812,40587000,,Yahoo Finance daily,2026-07-22T16:59:02
2011-03-24,us,WMT,17.27666664123535,17.649999618530273,17.25666618347168,17.530000686645508,45207900,,Yahoo Finance daily,2026-07-22T16:59:02
2011-03-25,us,WMT,17.520000457763672,17.55666732788086,17.426666259765625,17.450000762939453,22837800,,Yahoo Finance daily,2026-07-22T16:59:02
2011-03-28,us,WMT,17.43666648864746,17.5,17.336666107177734,17.39666748046875,25064100,,Yahoo Finance daily,2026-07-22T16:59:02
2011-03-29,us,WMT,17.350000381469727,17.459999084472656,17.34666633605957,17.420000076293945,26129100,,Yahoo Finance daily,2026-07-22T16:59:02
2011-03-30,us,WMT,17.510000228881836,17.579999923706055,17.360000610351562,17.453332901000977,25660200,,Yahoo Finance daily,2026-07-22T16:59:02
2011-03-31,us,WMT,17.383333206176758,17.440000534057617,17.296667098999023,17.350000381469727,32699100,,Yahoo Finance daily,2026-07-22T16:59:02
2011-04-01,us,WMT,17.416667938232422,17.453332901000977,17.30666732788086,17.376667022705078,23879700,,Yahoo Finance daily,2026-07-22T16:59:02
2011-04-04,us,WMT,17.43666648864746,17.610000610351562,17.35333251953125,17.549999237060547,27660300,,Yahoo Finance daily,2026-07-22T16:59:02
2011-04-05,us,WMT,17.566667556762695,17.729999542236328,17.55666732788086,17.579999923706055,26605200,,Yahoo Finance daily,2026-07-22T16:59:02
2011-04-06,us,WMT,17.55666732788086,17.73666763305664,17.55666732788086,17.65999984741211,25095300,,Yahoo Finance daily,2026-07-22T16:59:02
2011-04-07,us,WMT,17.616666793823242,17.746667861938477,17.583332061767578,17.666667938232422,36501300,,Yahoo Finance daily,2026-07-22T16:59:02
2011-04-08,us,WMT,17.670000076293945,17.71666717529297,17.42333221435547,17.51333236694336,29199900,,Yahoo Finance daily,2026-07-22T16:59:02
2011-04-11,us,WMT,17.51333236694336,17.639999389648438,17.46666717529297,17.606666564941406,22400100,,Yahoo Finance daily,2026-07-22T16:59:02
2011-04-12,us,WMT,17.56333351135254,17.916667938232422,17.55666732788086,17.84000015258789,40248900,,Yahoo Finance daily,2026-07-22T16:59:02
2011-04-13,us,WMT,17.906667709350586,17.98666763305664,17.833332061767578,17.876667022705078,25788900,,Yahoo Finance daily,2026-07-22T16:59:02
2011-04-14,us,WMT,17.82666778564453,17.913333892822266,17.739999771118164,17.833332061767578,22244400,,Yahoo Finance daily,2026-07-22T16:59:02
2011-04-15,us,WMT,17.850000381469727,17.89666748046875,17.766666412353516,17.850000381469727,26143800,,Yahoo Finance daily,2026-07-22T16:59:02
2011-04-18,us,WMT,17.69333267211914,17.883333206176758,17.636667251586914,17.770000457763672,28522200,,Yahoo Finance daily,2026-07-22T16:59:02
2011-04-19,us,WMT,17.753332138061523,17.823333740234375,17.700000762939453,17.78333282470703,18443400,,Yahoo Finance daily,2026-07-22T16:59:02
2011-04-20,us,WMT,17.916667938232422,17.983333587646484,17.8799991607666,17.89666748046875,22202400,,Yahoo Finance daily,2026-07-22T16:59:02
2011-04-21,us,WMT,17.940000534057617,17.976667404174805,17.80666732788086,17.860000610351562,17559900,,Yahoo Finance daily,2026-07-22T16:59:02
2011-04-25,us,WMT,17.866666793823242,17.886667251586914,17.74333381652832,17.790000915527344,17441400,,Yahoo Finance daily,2026-07-22T16:59:02
2011-04-26,us,WMT,17.796667098999023,18.07666778564453,17.760000228881836,17.969999313354492,35973600,,Yahoo Finance daily,2026-07-22T16:59:02
2011-04-27,us,WMT,17.959999084472656,18.203332901000977,17.959999084472656,18.13999938964844,29148300,,Yahoo Finance daily,2026-07-22T16:59:02
2011-04-28,us,WMT,18.09666633605957,18.26666641235352,18.09333229064941,18.229999542236328,29473800,,Yahoo Finance daily,2026-07-22T16:59:02
2011-04-29,us,WMT,18.136667251586918,18.386667251586918,18.11000061035156,18.32666778564453,29445600,,Yahoo Finance daily,2026-07-22T16:59:02
2011-05-02,us,WMT,18.36000061035156,18.36000061035156,18.22333335876465,18.34666633605957,24530100,,Yahoo Finance daily,2026-07-22T16:59:02
2011-05-03,us,WMT,18.36000061035156,18.59000015258789,18.31999969482422,18.48666763305664,33367800,,Yahoo Finance daily,2026-07-22T16:59:02
2011-05-04,us,WMT,18.43666648864746,18.59666633605957,18.399999618530277,18.456666946411133,24491400,,Yahoo Finance daily,2026-07-22T16:59:02
2011-05-05,us,WMT,18.38333320617676,18.53333282470703,18.296667098999023,18.356666564941406,33390300,,Yahoo Finance daily,2026-07-22T16:59:02
2011-05-06,us,WMT,18.433332443237305,18.51666641235352,18.286666870117188,18.34000015258789,24127800,,Yahoo Finance daily,2026-07-22T16:59:02
2011-05-09,us,WMT,18.32333374023437,18.453332901000977,18.233333587646484,18.36666679382324,19639500,,Yahoo Finance daily,2026-07-22T16:59:02
2011-05-10,us,WMT,18.38333320617676,18.53333282470703,18.36666679382324,18.51000022888184,26265300,,Yahoo Finance daily,2026-07-22T16:59:02
2011-05-11,us,WMT,18.3700008392334,18.536666870117188,18.34666633605957,18.38999938964844,28266600,,Yahoo Finance daily,2026-07-22T16:59:02
2011-05-12,us,WMT,18.413333892822266,18.61000061035156,18.303333282470703,18.57333374023437,26850000,,Yahoo Finance daily,2026-07-22T16:59:02
2011-05-13,us,WMT,18.59000015258789,18.676666259765625,18.446666717529297,18.57333374023437,26857500,,Yahoo Finance daily,2026-07-22T16:59:02
2011-05-16,us,WMT,18.536666870117188,18.82333374023437,18.49333381652832,18.68666648864746,42520500,,Yahoo Finance daily,2026-07-22T16:59:02
2011-05-17,us,WMT,18.520000457763672,18.76333236694336,18.413333892822266,18.51333236694336,43771500,,Yahoo Finance daily,2026-07-22T16:59:02
2011-05-18,us,WMT,18.5,18.51333236694336,18.31666755676269,18.393333435058597,34248300,,Yahoo Finance daily,2026-07-22T16:59:02
2011-05-19,us,WMT,18.40999984741211,18.53333282470703,18.34666633605957,18.49333381652832,23075400,,Yahoo Finance daily,2026-07-22T16:59:02
2011-05-20,us,WMT,18.51666641235352,18.56333351135254,18.393333435058597,18.43000030517578,26396700,,Yahoo Finance daily,2026-07-22T16:59:02
2011-05-23,us,WMT,18.32999992370605,18.5,18.32999992370605,18.406667709350582,22018200,,Yahoo Finance daily,2026-07-22T16:59:02
2011-05-24,us,WMT,18.413333892822266,18.43666648864746,18.203332901000977,18.26000022888184,36721800,,Yahoo Finance daily,2026-07-22T16:59:02
2011-05-25,us,WMT,18.209999084472656,18.233333587646484,18.06666755676269,18.18666648864746,30593400,,Yahoo Finance daily,2026-07-22T16:59:02
2011-05-26,us,WMT,18.176666259765625,18.233333587646484,18.06333351135254,18.206666946411133,17315100,,Yahoo Finance daily,2026-07-22T16:59:02
2011-05-27,us,WMT,18.25,18.36333274841309,18.206666946411133,18.233333587646484,15946500,,Yahoo Finance daily,2026-07-22T16:59:02
2011-05-31,us,WMT,18.293333053588867,18.406667709350582,18.270000457763672,18.406667709350582,26703300,,Yahoo Finance daily,2026-07-22T16:59:02
2011-06-01,us,WMT,18.32666778564453,18.38999938964844,18.083332061767575,18.100000381469727,33544800,,Yahoo Finance daily,2026-07-22T16:59:02
2011-06-02,us,WMT,18.06999969482422,18.06999969482422,17.71666717529297,17.850000381469727,44354700,,Yahoo Finance daily,2026-07-22T16:59:02
2011-06-03,us,WMT,17.71666717529297,17.950000762939453,17.68000030517578,17.886667251586914,39862200,,Yahoo Finance daily,2026-07-22T16:59:02
2011-06-06,us,WMT,17.953332901000977,18.06333351135254,17.833332061767578,17.920000076293945,33726900,,Yahoo Finance daily,2026-07-22T16:59:02
2011-06-07,us,WMT,17.979999542236328,18.100000381469727,17.92333221435547,17.94333267211914,29724900,,Yahoo Finance daily,2026-07-22T16:59:02
2011-06-08,us,WMT,17.8700008392334,17.97333335876465,17.809999465942383,17.89666748046875,34981800,,Yahoo Finance daily,2026-07-22T16:59:02
2011-06-09,us,WMT,17.90999984741211,18.07666778564453,17.8700008392334,17.873332977294922,34022400,,Yahoo Finance daily,2026-07-22T16:59:02
2011-06-10,us,WMT,17.889999389648438,17.946666717529297,17.56333351135254,17.573333740234375,43756200,,Yahoo Finance daily,2026-07-22T16:59:02
2011-06-13,us,WMT,17.636667251586914,17.75,17.52666664123535,17.540000915527344,37635300,,Yahoo Finance daily,2026-07-22T16:59:02
2011-06-14,us,WMT,17.6200008392334,17.753332138061523,17.59000015258789,17.636667251586914,26392200,,Yahoo Finance daily,2026-07-22T16:59:02
2011-06-15,us,WMT,17.546667098999023,17.546667098999023,17.26333236694336,17.440000534057617,45972000,,Yahoo Finance daily,2026-07-22T16:59:02
2011-06-16,us,WMT,17.48666763305664,17.656667709350586,17.399999618530273,17.610000610351562,35231100,,Yahoo Finance daily,2026-07-22T16:59:02
2011-06-17,us,WMT,17.68666648864746,17.76333236694336,17.606666564941406,17.606666564941406,61692900,,Yahoo Finance daily,2026-07-22T16:59:02
2011-06-20,us,WMT,17.566667556762695,17.833332061767578,17.566667556762695,17.68000030517578,45594300,,Yahoo Finance daily,2026-07-22T16:59:02
2011-06-21,us,WMT,17.700000762939453,17.76333236694336,17.583332061767578,17.76333236694336,32673000,,Yahoo Finance daily,2026-07-22T16:59:02
2011-06-22,us,WMT,17.700000762939453,17.76333236694336,17.610000610351562,17.670000076293945,31747500,,Yahoo Finance daily,2026-07-22T16:59:02
2011-06-23,us,WMT,17.786666870117188,17.899999618530273,17.55666732788086,17.76333236694336,54463200,,Yahoo Finance daily,2026-07-22T16:59:02
2011-06-24,us,WMT,17.729999542236328,17.80666732788086,17.450000762939453,17.469999313354492,62301300,,Yahoo Finance daily,2026-07-22T16:59:02
2011-06-27,us,WMT,17.440000534057617,17.586666107177734,17.42333221435547,17.43000030517578,30501000,,Yahoo Finance daily,2026-07-22T16:59:02
2011-06-28,us,WMT,17.479999542236328,17.510000228881836,17.3799991607666,17.510000228881836,32963100,,Yahoo Finance daily,2026-07-22T16:59:02
2011-06-29,us,WMT,17.540000915527344,17.59666633605957,17.476667404174805,17.546667098999023,26600400,,Yahoo Finance daily,2026-07-22T16:59:02
2011-06-30,us,WMT,17.553333282470703,17.719999313354492,17.516666412353516,17.713333129882812,29952900,,Yahoo Finance daily,2026-07-22T16:59:02
2011-07-01,us,WMT,17.729999542236328,17.883333206176758,17.666667938232422,17.836666107177734,28439400,,Yahoo Finance daily,2026-07-22T16:59:02
2011-07-05,us,WMT,17.780000686645508,17.85333251953125,17.67333221435547,17.796667098999023,27637500,,Yahoo Finance daily,2026-07-22T16:59:02
2011-07-06,us,WMT,17.809999465942383,17.983333587646484,17.809999465942383,17.906667709350586,24234600,,Yahoo Finance daily,2026-07-22T16:59:02
2011-07-07,us,WMT,18.190000534057617,18.270000457763672,18.06333351135254,18.163333892822266,38460900,,Yahoo Finance daily,2026-07-22T16:59:02
2011-07-08,us,WMT,18.083332061767575,18.106666564941406,17.92333221435547,18.02666664123535,27399900,,Yahoo Finance daily,2026-07-22T16:59:02
2011-07-11,us,WMT,17.940000534057617,18.02666664123535,17.899999618530273,17.956666946411133,22645200,,Yahoo Finance daily,2026-07-22T16:59:02
2011-07-12,us,WMT,17.953332901000977,18.13999938964844,17.920000076293945,17.979999542236328,28457100,,Yahoo Finance daily,2026-07-22T16:59:02
2011-07-13,us,WMT,18.023332595825195,18.09000015258789,17.946666717529297,18.00666618347168,30460200,,Yahoo Finance daily,2026-07-22T16:59:02
2011-07-14,us,WMT,17.84000015258789,17.899999618530273,17.793333053588867,17.876667022705078,46566300,,Yahoo Finance daily,2026-07-22T16:59:02
2011-07-15,us,WMT,17.90999984741211,17.989999771118164,17.81999969482422,17.876667022705078,30550500,,Yahoo Finance daily,2026-07-22T16:59:02
2011-07-18,us,WMT,17.803333282470703,17.84666633605957,17.726667404174805,17.773332595825195,24658200,,Yahoo Finance daily,2026-07-22T16:59:02
2011-07-19,us,WMT,17.799999237060547,18.010000228881836,17.780000686645508,17.989999771118164,25756200,,Yahoo Finance daily,2026-07-22T16:59:02
2011-07-20,us,WMT,17.969999313354492,17.989999771118164,17.866666793823242,17.963333129882812,26573700,,Yahoo Finance daily,2026-07-22T16:59:02
2011-07-21,us,WMT,18.0,18.229999542236328,17.969999313354492,18.156667709350582,31831800,,Yahoo Finance daily,2026-07-22T16:59:02
2011-07-22,us,WMT,18.19333267211914,18.239999771118164,18.083332061767575,18.17333221435547,20407500,,Yahoo Finance daily,2026-07-22T16:59:02
2011-07-25,us,WMT,18.010000228881836,18.13333320617676,17.983333587646484,17.989999771118164,24532800,,Yahoo Finance daily,2026-07-22T16:59:02
2011-07-26,us,WMT,18.010000228881836,18.030000686645508,17.836666107177734,17.863332748413086,32794200,,Yahoo Finance daily,2026-07-22T16:59:02
2011-07-27,us,WMT,17.81333351135254,17.916667938232422,17.72333335876465,17.75,36600300,,Yahoo Finance daily,2026-07-22T16:59:02
2011-07-28,us,WMT,17.770000457763672,17.850000381469727,17.656667709350586,17.663333892822266,26725800,,Yahoo Finance daily,2026-07-22T16:59:02
2011-07-29,us,WMT,17.593332290649414,17.71666717529297,17.55666732788086,17.56999969482422,39579600,,Yahoo Finance daily,2026-07-22T16:59:02
2011-08-01,us,WMT,17.59666633605957,17.663333892822266,17.356666564941406,17.540000915527344,32064000,,Yahoo Finance daily,2026-07-22T16:59:02
2011-08-02,us,WMT,17.413333892822266,17.516666412353516,17.22333335876465,17.226667404174805,45718800,,Yahoo Finance daily,2026-07-22T16:59:02
2011-08-03,us,WMT,17.253332138061523,17.350000381469727,17.003332138061523,17.093332290649414,64366200,,Yahoo Finance daily,2026-07-22T16:59:02
2011-08-04,us,WMT,16.996667861938477,16.996667861938477,16.690000534057617,16.700000762939453,78213600,,Yahoo Finance daily,2026-07-22T16:59:02
2011-08-05,us,WMT,16.863332748413086,16.97333335876465,16.530000686645508,16.950000762939453,81896700,,Yahoo Finance daily,2026-07-22T16:59:02
2011-08-08,us,WMT,16.933332443237305,17.110000610351562,16.25666618347168,16.30666732788086,99128700,,Yahoo Finance daily,2026-07-22T16:59:02
2011-08-09,us,WMT,16.446666717529297,16.969999313354492,16.22333335876465,16.940000534057617,71966700,,Yahoo Finance daily,2026-07-22T16:59:02
2011-08-10,us,WMT,16.67333221435547,16.68666648864746,16.10333251953125,16.136667251586914,81008700,,Yahoo Finance daily,2026-07-22T16:59:02
2011-08-11,us,WMT,16.28333282470703,16.799999237060547,16.28333282470703,16.57666778564453,64798500,,Yahoo Finance daily,2026-07-22T16:59:02
2011-08-12,us,WMT,16.700000762939453,16.770000457763672,16.426666259765625,16.583332061767578,45481200,,Yahoo Finance daily,2026-07-22T16:59:02
2011-08-15,us,WMT,16.626667022705078,16.69333267211914,16.43000030517578,16.65999984741211,44489100,,Yahoo Finance daily,2026-07-22T16:59:02
2011-08-16,us,WMT,17.14666748046875,17.49333381652832,17.040000915527344,17.30666732788086,76786500,,Yahoo Finance daily,2026-07-22T16:59:02
2011-08-17,us,WMT,17.239999771118164,17.393333435058594,17.053333282470703,17.183332443237305,46540200,,Yahoo Finance daily,2026-07-22T16:59:02
2011-08-18,us,WMT,16.836666107177734,17.316667556762695,16.770000457763672,17.26333236694336,75137100,,Yahoo Finance daily,2026-07-22T16:59:02
2011-08-19,us,WMT,17.163333892822266,17.579999923706055,17.15999984741211,17.433332443237305,69107100,,Yahoo Finance daily,2026-07-22T16:59:02
2011-08-22,us,WMT,17.413333892822266,17.546667098999023,17.360000610351562,17.39666748046875,41313900,,Yahoo Finance daily,2026-07-22T16:59:02
2011-08-23,us,WMT,17.386667251586914,17.73666763305664,17.376667022705078,17.73666763305664,51510000,,Yahoo Finance daily,2026-07-22T16:59:02
2011-08-24,us,WMT,17.67333221435547,17.80666732788086,17.60333251953125,17.790000915527344,34187100,,Yahoo Finance daily,2026-07-22T16:59:02
2011-08-25,us,WMT,17.793333053588867,17.829999923706055,17.516666412353516,17.566667556762695,32912400,,Yahoo Finance daily,2026-07-22T16:59:02
2011-08-26,us,WMT,17.59666633605957,17.746667861938477,17.316667556762695,17.633333206176758,31380600,,Yahoo Finance daily,2026-07-22T16:59:02
2011-08-29,us,WMT,17.703332901000977,17.81333351135254,17.666667938232422,17.729999542236328,25431000,,Yahoo Finance daily,2026-07-22T16:59:02
2011-08-30,us,WMT,17.6200008392334,17.709999084472656,17.469999313354492,17.606666564941406,40452600,,Yahoo Finance daily,2026-07-22T16:59:02
2011-08-31,us,WMT,17.666667938232422,17.793333053588867,17.6200008392334,17.729999542236328,39690600,,Yahoo Finance daily,2026-07-22T16:59:02
2011-09-01,us,WMT,17.733333587646484,17.850000381469727,17.549999237060547,17.549999237060547,37477800,,Yahoo Finance daily,2026-07-22T16:59:02
2011-09-02,us,WMT,17.416667938232422,17.546667098999023,17.323333740234375,17.343332290649414,32428500,,Yahoo Finance daily,2026-07-22T16:59:02
2011-09-06,us,WMT,17.15999984741211,17.26333236694336,16.956666946411133,17.226667404174805,51343200,,Yahoo Finance daily,2026-07-22T16:59:02
2011-09-07,us,WMT,17.350000381469727,17.520000457763672,17.28333282470703,17.47333335876465,31210500,,Yahoo Finance daily,2026-07-22T16:59:02
2011-09-08,us,WMT,17.360000610351562,17.583332061767578,17.35333251953125,17.40333366394043,34807500,,Yahoo Finance daily,2026-07-22T16:59:02
2011-09-09,us,WMT,17.299999237060547,17.393333435058594,17.066667556762695,17.1200008392334,36083400,,Yahoo Finance daily,2026-07-22T16:59:02
2011-09-12,us,WMT,16.950000762939453,17.27666664123535,16.940000534057617,17.273332595825195,33687900,,Yahoo Finance daily,2026-07-22T16:59:02
2011-09-13,us,WMT,17.26333236694336,17.266666412353516,17.073333740234375,17.196666717529297,32312400,,Yahoo Finance daily,2026-07-22T16:59:02
2011-09-14,us,WMT,17.23666763305664,17.59666633605957,17.19333267211914,17.399999618530273,37522800,,Yahoo Finance daily,2026-07-22T16:59:02
2011-09-15,us,WMT,17.406667709350586,17.503332138061523,17.31333351135254,17.503332138061523,32997600,,Yahoo Finance daily,2026-07-22T16:59:02
2011-09-16,us,WMT,17.583332061767578,17.71666717529297,17.516666412353516,17.549999237060547,107053800,,Yahoo Finance daily,2026-07-22T16:59:02
2011-09-19,us,WMT,17.393333435058594,17.540000915527344,17.34666633605957,17.483333587646484,27086700,,Yahoo Finance daily,2026-07-22T16:59:02
2011-09-20,us,WMT,17.479999542236328,17.639999389648438,17.389999389648438,17.43000030517578,25263600,,Yahoo Finance daily,2026-07-22T16:59:02
2011-09-21,us,WMT,17.453332901000977,17.530000686645508,17.09666633605957,17.106666564941406,31421700,,Yahoo Finance daily,2026-07-22T16:59:02
2011-09-22,us,WMT,16.883333206176758,17.07666778564453,16.64666748046875,16.760000228881836,63960900,,Yahoo Finance daily,2026-07-22T16:59:02
2011-09-23,us,WMT,16.726667404174805,16.98666763305664,16.676666259765625,16.933332443237305,38109000,,Yahoo Finance daily,2026-07-22T16:59:02
2011-09-26,us,WMT,16.979999542236328,17.28333282470703,16.933332443237305,17.27666664123535,34081800,,Yahoo Finance daily,2026-07-22T16:59:02
2011-09-27,us,WMT,17.453332901000977,17.6200008392334,17.266666412353516,17.343332290649414,34477500,,Yahoo Finance daily,2026-07-22T16:59:02
2011-09-28,us,WMT,17.373332977294922,17.47333335876465,17.09666633605957,17.10333251953125,34380600,,Yahoo Finance daily,2026-07-22T16:59:02
2011-09-29,us,WMT,17.270000457763672,17.46666717529297,17.106666564941406,17.309999465942383,31033200,,Yahoo Finance daily,2026-07-22T16:59:02
2011-09-30,us,WMT,17.28333282470703,17.530000686645508,17.23666763305664,17.299999237060547,40857900,,Yahoo Finance daily,2026-07-22T16:59:02
2011-10-03,us,WMT,17.293333053588867,17.639999389648438,17.28333282470703,17.31999969482422,46500600,,Yahoo Finance daily,2026-07-22T16:59:02
2011-10-04,us,WMT,17.246667861938477,17.65999984741211,17.209999084472656,17.626667022705078,56092500,,Yahoo Finance daily,2026-07-22T16:59:02
2011-10-05,us,WMT,17.566667556762695,17.75,17.376667022705078,17.549999237060547,40813500,,Yahoo Finance daily,2026-07-22T16:59:02
2011-10-06,us,WMT,17.579999923706055,17.633333206176758,17.44333267211914,17.583332061767578,30063600,,Yahoo Finance daily,2026-07-22T16:59:02
2011-10-07,us,WMT,17.69333267211914,18.010000228881836,17.633333206176758,17.899999618530273,41738700,,Yahoo Finance daily,2026-07-22T16:59:02
2011-10-10,us,WMT,18.06333351135254,18.393333435058597,18.06333351135254,18.270000457763672,36565200,,Yahoo Finance daily,2026-07-22T16:59:02
2011-10-11,us,WMT,18.26000022888184,18.26333236694336,18.1299991607666,18.239999771118164,30640500,,Yahoo Finance daily,2026-07-22T16:59:02
2011-10-12,us,WMT,18.350000381469727,18.796667098999023,18.333332061767575,18.399999618530277,66291900,,Yahoo Finance daily,2026-07-22T16:59:02
2011-10-13,us,WMT,18.34666633605957,18.43666648864746,18.239999771118164,18.34000015258789,31503300,,Yahoo Finance daily,2026-07-22T16:59:02
2011-10-14,us,WMT,18.426666259765625,18.489999771118164,18.209999084472656,18.48666763305664,32118000,,Yahoo Finance daily,2026-07-22T16:59:02
2011-10-17,us,WMT,18.26333236694336,18.48666763305664,18.15999984741211,18.26000022888184,26910600,,Yahoo Finance daily,2026-07-22T16:59:02
2011-10-18,us,WMT,18.31333351135254,18.729999542236328,18.270000457763672,18.6299991607666,42211200,,Yahoo Finance daily,2026-07-22T16:59:02
2011-10-19,us,WMT,18.56999969482422,18.809999465942383,18.56666755676269,18.75,38955600,,Yahoo Finance daily,2026-07-22T16:59:02
2011-10-20,us,WMT,18.733333587646484,18.959999084472656,18.683332443237305,18.790000915527344,37937400,,Yahoo Finance daily,2026-07-22T16:59:02
2011-10-21,us,WMT,18.913333892822266,19.13999938964844,18.88333320617676,18.97333335876465,43495800,,Yahoo Finance daily,2026-07-22T16:59:02
2011-10-24,us,WMT,18.959999084472656,19.0,18.86666679382324,18.926666259765625,27838500,,Yahoo Finance daily,2026-07-22T16:59:02
2011-10-25,us,WMT,18.886667251586918,19.049999237060547,18.850000381469727,18.90333366394043,30312900,,Yahoo Finance daily,2026-07-22T16:59:02
2011-10-26,us,WMT,19.03333282470703,19.14666748046875,18.86666679382324,19.12333297729492,38174100,,Yahoo Finance daily,2026-07-22T16:59:02
2011-10-27,us,WMT,19.26666641235352,19.31999969482422,19.149999618530277,19.270000457763672,45976500,,Yahoo Finance daily,2026-07-22T16:59:02
2011-10-28,us,WMT,19.28333282470703,19.290000915527344,18.98666763305664,19.049999237060547,33878400,,Yahoo Finance daily,2026-07-22T16:59:02
2011-10-31,us,WMT,18.86000061035156,19.09666633605957,18.86000061035156,18.906667709350582,28442700,,Yahoo Finance daily,2026-07-22T16:59:02
2011-11-01,us,WMT,18.606666564941406,18.913333892822266,18.559999465942383,18.74333381652832,41364300,,Yahoo Finance daily,2026-07-22T16:59:02
2011-11-02,us,WMT,18.92333221435547,19.06333351135254,18.84666633605957,18.953332901000977,26760900,,Yahoo Finance daily,2026-07-22T16:59:02
2011-11-03,us,WMT,19.01666641235352,19.176666259765625,18.86666679382324,19.13999938964844,28726800,,Yahoo Finance daily,2026-07-22T16:59:02
2011-11-04,us,WMT,19.02666664123535,19.166667938232425,18.96666717529297,19.166667938232425,21018300,,Yahoo Finance daily,2026-07-22T16:59:02
2011-11-07,us,WMT,19.11333274841309,19.31999969482422,19.01666641235352,19.31333351135254,25560300,,Yahoo Finance daily,2026-07-22T16:59:02
2011-11-08,us,WMT,19.34000015258789,19.799999237060547,19.28333282470703,19.773332595825195,60312900,,Yahoo Finance daily,2026-07-22T16:59:02
2011-11-09,us,WMT,19.51000022888184,19.643333435058597,19.200000762939453,19.350000381469727,41840400,,Yahoo Finance daily,2026-07-22T16:59:02
2011-11-10,us,WMT,19.44333267211914,19.49666786193848,19.170000076293945,19.37666702270508,28230000,,Yahoo Finance daily,2026-07-22T16:59:02
2011-11-11,us,WMT,19.503332138061523,19.75,19.459999084472656,19.733333587646484,25193700,,Yahoo Finance daily,2026-07-22T16:59:02
2011-11-14,us,WMT,19.60333251953125,19.65999984741211,19.453332901000977,19.6299991607666,31656300,,Yahoo Finance daily,2026-07-22T16:59:02
2011-11-15,us,WMT,19.32333374023437,19.350000381469727,19.07666778564453,19.15333366394043,48017700,,Yahoo Finance daily,2026-07-22T16:59:02
2011-11-16,us,WMT,19.03333282470703,19.13999938964844,18.8799991607666,18.893333435058597,35342400,,Yahoo Finance daily,2026-07-22T16:59:02
2011-11-17,us,WMT,18.84666633605957,19.06333351135254,18.753332138061523,18.90999984741211,30671400,,Yahoo Finance daily,2026-07-22T16:59:02
2011-11-18,us,WMT,19.01000022888184,19.1200008392334,18.8700008392334,19.07666778564453,26946900,,Yahoo Finance daily,2026-07-22T16:59:02
2011-11-21,us,WMT,18.976667404174805,19.09666633605957,18.793333053588867,18.886667251586918,29796600,,Yahoo Finance daily,2026-07-22T16:59:02
2011-11-22,us,WMT,18.85333251953125,19.043333053588867,18.833332061767575,18.950000762939453,22491900,,Yahoo Finance daily,2026-07-22T16:59:02
2011-11-23,us,WMT,18.88333320617676,19.0,18.773332595825195,18.8799991607666,24781200,,Yahoo Finance daily,2026-07-22T16:59:02
2011-11-25,us,WMT,18.89666748046875,19.11000061035156,18.89666748046875,18.96333312988281,12776400,,Yahoo Finance daily,2026-07-22T16:59:02
2011-11-28,us,WMT,19.176666259765625,19.333332061767575,19.0,19.083332061767575,27864300,,Yahoo Finance daily,2026-07-22T16:59:02
2011-11-29,us,WMT,19.11333274841309,19.433332443237305,19.11333274841309,19.38999938964844,32451600,,Yahoo Finance daily,2026-07-22T16:59:02
2011-11-30,us,WMT,19.58666610717773,19.666667938232425,19.43666648864746,19.63333320617676,44535600,,Yahoo Finance daily,2026-07-22T16:59:02
2011-12-01,us,WMT,19.546667098999023,19.71666717529297,19.48666763305664,19.536666870117188,26361900,,Yahoo Finance daily,2026-07-22T16:59:02
2011-12-02,us,WMT,19.62666702270508,19.656667709350582,19.34666633605957,19.36333274841309,33597300,,Yahoo Finance daily,2026-07-22T16:59:02
2011-12-05,us,WMT,19.420000076293945,19.503332138061523,19.333332061767575,19.446666717529297,31545600,,Yahoo Finance daily,2026-07-22T16:59:02
2011-12-06,us,WMT,19.523332595825195,19.670000076293945,19.46666717529297,19.59333229064941,34204800,,Yahoo Finance daily,2026-07-22T16:59:02
2011-12-07,us,WMT,19.450000762939453,19.733333587646484,19.420000076293945,19.503332138061523,47263800,,Yahoo Finance daily,2026-07-22T16:59:02
2011-12-08,us,WMT,19.46333312988281,19.51666641235352,19.290000915527344,19.32666778564453,31050900,,Yahoo Finance daily,2026-07-22T16:59:02
2011-12-09,us,WMT,19.386667251586918,19.49666786193848,19.156667709350582,19.440000534057617,30176700,,Yahoo Finance daily,2026-07-22T16:59:02
2011-12-12,us,WMT,19.290000915527344,19.479999542236328,19.253332138061523,19.36333274841309,30111300,,Yahoo Finance daily,2026-07-22T16:59:02
2011-12-13,us,WMT,19.37666702270508,19.450000762939453,19.13999938964844,19.200000762939453,32916300,,Yahoo Finance daily,2026-07-22T16:59:02
2011-12-14,us,WMT,19.239999771118164,19.37333297729492,19.17333221435547,19.21666717529297,26952600,,Yahoo Finance daily,2026-07-22T16:59:02
2011-12-15,us,WMT,19.27666664123535,19.46666717529297,19.27666664123535,19.31666755676269,25672200,,Yahoo Finance daily,2026-07-22T16:59:02
2011-12-16,us,WMT,19.433332443237305,19.49666786193848,19.36333274841309,19.42333221435547,44741700,,Yahoo Finance daily,2026-07-22T16:59:02
2011-12-19,us,WMT,19.433332443237305,19.523332595825195,19.203332901000977,19.26000022888184,21706200,,Yahoo Finance daily,2026-07-22T16:59:02
2011-12-20,us,WMT,19.456666946411133,19.75666618347168,19.413333892822266,19.729999542236328,33202200,,Yahoo Finance daily,2026-07-22T16:59:02
2011-12-21,us,WMT,19.729999542236328,19.886667251586918,19.71999931335449,19.796667098999023,25723500,,Yahoo Finance daily,2026-07-22T16:59:02
2011-12-22,us,WMT,19.803333282470703,19.84666633605957,19.683332443237305,19.729999542236328,23705100,,Yahoo Finance daily,2026-07-22T16:59:02
2011-12-23,us,WMT,19.773332595825195,20.0,19.71333312988281,19.99666786193848,18571800,,Yahoo Finance daily,2026-07-22T16:59:02
2011-12-27,us,WMT,19.983333587646484,19.99333381652832,19.886667251586918,19.94333267211914,14599200,,Yahoo Finance daily,2026-07-22T16:59:02
2011-12-28,us,WMT,19.92333221435547,19.979999542236328,19.87666702270508,19.90999984741211,15725100,,Yahoo Finance daily,2026-07-22T16:59:02
2011-12-29,us,WMT,19.906667709350582,19.99666786193848,19.780000686645508,19.99666786193848,18996600,,Yahoo Finance daily,2026-07-22T16:59:02
2011-12-30,us,WMT,19.96333312988281,19.979999542236328,19.89666748046875,19.920000076293945,13995900,,Yahoo Finance daily,2026-07-22T16:59:02
2012-01-03,us,WMT,19.989999771118164,20.35333251953125,19.956666946411133,20.11000061035156,38006400,,Yahoo Finance daily,2026-07-22T16:59:02
2012-01-04,us,WMT,20.06999969482422,20.11666679382324,19.82333374023437,19.90333366394043,28779900,,Yahoo Finance daily,2026-07-22T16:59:02
2012-01-05,us,WMT,19.78333282470703,19.87333297729492,19.456666946411133,19.80666732788086,38304600,,Yahoo Finance daily,2026-07-22T16:59:02
2012-01-06,us,WMT,19.80666732788086,19.81666755676269,19.62333297729492,19.666667938232425,24208200,,Yahoo Finance daily,2026-07-22T16:59:02
2012-01-09,us,WMT,19.676666259765625,19.850000381469727,19.63999938964844,19.726667404174805,20037900,,Yahoo Finance daily,2026-07-22T16:59:02
2012-01-10,us,WMT,19.809999465942383,19.90333366394043,19.65999984741211,19.68000030517578,20721900,,Yahoo Finance daily,2026-07-22T16:59:02
2012-01-11,us,WMT,19.68666648864746,19.84333229064941,19.68000030517578,19.799999237060547,19096800,,Yahoo Finance daily,2026-07-22T16:59:02
2012-01-12,us,WMT,19.93000030517578,20.0,19.799999237060547,19.833332061767575,21709200,,Yahoo Finance daily,2026-07-22T16:59:02
2012-01-13,us,WMT,19.726667404174805,19.8700008392334,19.670000076293945,19.84666633605957,23187900,,Yahoo Finance daily,2026-07-22T16:59:02
2012-01-17,us,WMT,19.956666946411133,20.036666870117188,19.84000015258789,19.950000762939453,25500000,,Yahoo Finance daily,2026-07-22T16:59:02
2012-01-18,us,WMT,19.93000030517578,20.01000022888184,19.88333320617676,20.003332138061523,17734200,,Yahoo Finance daily,2026-07-22T16:59:02
2012-01-19,us,WMT,19.976667404174805,20.24333381652832,19.916667938232425,20.203332901000977,27703800,,Yahoo Finance daily,2026-07-22T16:59:02
2012-01-20,us,WMT,20.25,20.416667938232425,20.22333335876465,20.33666610717773,31136400,,Yahoo Finance daily,2026-07-22T16:59:02
2012-01-23,us,WMT,20.270000457763672,20.32666778564453,20.170000076293945,20.303333282470703,21402300,,Yahoo Finance daily,2026-07-22T16:59:02
2012-01-24,us,WMT,20.25,20.666667938232425,20.25,20.46333312988281,22088400,,Yahoo Finance daily,2026-07-22T16:59:02
2012-01-25,us,WMT,20.393333435058597,20.536666870117188,20.34666633605957,20.489999771118164,17747400,,Yahoo Finance daily,2026-07-22T16:59:02
2012-01-26,us,WMT,20.600000381469727,20.61333274841309,20.25666618347168,20.32333374023437,22308600,,Yahoo Finance daily,2026-07-22T16:59:02
2012-01-27,us,WMT,20.286666870117188,20.37333297729492,20.18000030517578,20.23666763305664,18861900,,Yahoo Finance daily,2026-07-22T16:59:02
2012-01-30,us,WMT,20.156667709350582,20.440000534057617,20.11666679382324,20.433332443237305,22910700,,Yahoo Finance daily,2026-07-22T16:59:02
2012-01-31,us,WMT,20.51000022888184,20.523332595825195,20.19333267211914,20.453332901000977,29284500,,Yahoo Finance daily,2026-07-22T16:59:02
2012-02-01,us,WMT,20.59666633605957,20.87666702270508,20.59666633605957,20.726667404174805,36391800,,Yahoo Finance daily,2026-07-22T16:59:02
2012-02-02,us,WMT,20.799999237060547,20.82333374023437,20.606666564941406,20.64666748046875,18633900,,Yahoo Finance daily,2026-07-22T16:59:02
2012-02-03,us,WMT,20.773332595825195,20.809999465942383,20.56666755676269,20.676666259765625,23181600,,Yahoo Finance daily,2026-07-22T16:59:02
2012-02-06,us,WMT,20.61666679382324,20.65999984741211,20.56666755676269,20.62666702270508,16441800,,Yahoo Finance daily,2026-07-22T16:59:02
2012-02-07,us,WMT,20.540000915527344,20.63333320617676,20.540000915527344,20.56333351135254,18253200,,Yahoo Finance daily,2026-07-22T16:59:02
2012-02-08,us,WMT,20.636667251586918,20.67333221435547,20.40999984741211,20.540000915527344,21780000,,Yahoo Finance daily,2026-07-22T16:59:02
2012-02-09,us,WMT,20.52666664123535,20.71999931335449,20.52666664123535,20.65333366394043,19359300,,Yahoo Finance daily,2026-07-22T16:59:02
2012-02-10,us,WMT,20.559999465942383,20.636667251586918,20.459999084472656,20.63333320617676,16503000,,Yahoo Finance daily,2026-07-22T16:59:02
2012-02-13,us,WMT,20.670000076293945,20.69333267211914,20.57666778564453,20.59666633605957,12525000,,Yahoo Finance daily,2026-07-22T16:59:02
2012-02-14,us,WMT,20.636667251586918,20.74666786193848,20.59666633605957,20.739999771118164,15519300,,Yahoo Finance daily,2026-07-22T16:59:02
2012-02-15,us,WMT,20.773332595825195,20.81333351135254,20.530000686645508,20.58666610717773,17501100,,Yahoo Finance daily,2026-07-22T16:59:02
2012-02-16,us,WMT,20.59000015258789,20.729999542236328,20.56666755676269,20.68000030517578,21769200,,Yahoo Finance daily,2026-07-22T16:59:02
2012-02-17,us,WMT,20.773332595825195,20.856666564941406,20.636667251586918,20.82666778564453,24575400,,Yahoo Finance daily,2026-07-22T16:59:02
2012-02-21,us,WMT,20.11000061035156,20.166667938232425,19.88999938964844,20.023332595825195,71684400,,Yahoo Finance daily,2026-07-22T16:59:02
2012-02-22,us,WMT,19.86000061035156,19.96666717529297,19.456666946411133,19.53333282470703,85890600,,Yahoo Finance daily,2026-07-22T16:59:02
2012-02-23,us,WMT,19.530000686645508,19.63333320617676,19.40333366394043,19.51333236694336,44640900,,Yahoo Finance daily,2026-07-22T16:59:02
2012-02-24,us,WMT,19.583332061767575,19.649999618530277,19.5,19.59666633605957,29777700,,Yahoo Finance daily,2026-07-22T16:59:02
2012-02-27,us,WMT,19.56666755676269,19.59333229064941,19.43000030517578,19.48666763305664,36776400,,Yahoo Finance daily,2026-07-22T16:59:02
2012-02-28,us,WMT,19.479999542236328,19.700000762939453,19.450000762939453,19.643333435058597,32285700,,Yahoo Finance daily,2026-07-22T16:59:02
2012-02-29,us,WMT,19.61333274841309,19.77666664123535,19.57333374023437,19.69333267211914,34453200,,Yahoo Finance daily,2026-07-22T16:59:02
2012-03-01,us,WMT,19.786666870117188,19.80666732788086,19.546667098999023,19.606666564941406,48851700,,Yahoo Finance daily,2026-07-22T16:59:02
2012-03-02,us,WMT,19.663333892822266,19.76000022888184,19.600000381469727,19.670000076293945,29544300,,Yahoo Finance daily,2026-07-22T16:59:02
2012-03-05,us,WMT,19.65333366394043,19.86333274841309,19.583332061767575,19.799999237060547,28953000,,Yahoo Finance daily,2026-07-22T16:59:02
2012-03-06,us,WMT,19.68000030517578,19.739999771118164,19.583332061767575,19.656667709350582,27171300,,Yahoo Finance daily,2026-07-22T16:59:02
2012-03-07,us,WMT,19.703332901000977,19.953332901000977,19.703332901000977,19.953332901000977,44750700,,Yahoo Finance daily,2026-07-22T16:59:02
2012-03-08,us,WMT,19.946666717529297,19.983333587646484,19.81666755676269,19.92333221435547,23386800,,Yahoo Finance daily,2026-07-22T16:59:02
2012-03-09,us,WMT,19.94333267211914,20.06666755676269,19.94333267211914,20.02666664123535,18878700,,Yahoo Finance daily,2026-07-22T16:59:02
2012-03-12,us,WMT,20.05666732788086,20.299999237060547,20.030000686645508,20.226667404174805,22730400,,Yahoo Finance daily,2026-07-22T16:59:02
2012-03-13,us,WMT,20.309999465942383,20.36000061035156,20.17333221435547,20.333332061767575,26203800,,Yahoo Finance daily,2026-07-22T16:59:02
2012-03-14,us,WMT,20.280000686645508,20.38333320617676,20.229999542236328,20.36000061035156,19125000,,Yahoo Finance daily,2026-07-22T16:59:02
2012-03-15,us,WMT,20.296667098999023,20.420000076293945,20.26000022888184,20.40999984741211,20265000,,Yahoo Finance daily,2026-07-22T16:59:02
2012-03-16,us,WMT,20.46999931335449,20.489999771118164,20.25666618347168,20.280000686645508,36231300,,Yahoo Finance daily,2026-07-22T16:59:02
2012-03-19,us,WMT,20.19333267211914,20.293333053588867,20.15333366394043,20.24666786193848,24755700,,Yahoo Finance daily,2026-07-22T16:59:02
2012-03-20,us,WMT,20.11000061035156,20.286666870117188,20.09666633605957,20.200000762939453,23734500,,Yahoo Finance daily,2026-07-22T16:59:02
2012-03-21,us,WMT,20.149999618530277,20.239999771118164,20.12333297729492,20.18666648864746,21908400,,Yahoo Finance daily,2026-07-22T16:59:02
2012-03-22,us,WMT,20.07666778564453,20.25666618347168,20.07666778564453,20.21666717529297,17132400,,Yahoo Finance daily,2026-07-22T16:59:02
2012-03-23,us,WMT,20.203332901000977,20.28333282470703,20.136667251586918,20.25,20873100,,Yahoo Finance daily,2026-07-22T16:59:02
2012-03-26,us,WMT,20.299999237060547,20.440000534057617,20.253332138061523,20.399999618530277,18644400,,Yahoo Finance daily,2026-07-22T16:59:02
2012-03-27,us,WMT,20.450000762939453,20.5,20.34000015258789,20.36333274841309,22054800,,Yahoo Finance daily,2026-07-22T16:59:02
2012-03-28,us,WMT,20.38333320617676,20.49333381652832,20.32666778564453,20.39666748046875,21372000,,Yahoo Finance daily,2026-07-22T16:59:02
2012-03-29,us,WMT,20.25666618347168,20.31666755676269,20.206666946411133,20.273332595825195,20075100,,Yahoo Finance daily,2026-07-22T16:59:02
2012-03-30,us,WMT,20.356666564941406,20.47333335876465,20.30666732788086,20.399999618530277,20824200,,Yahoo Finance daily,2026-07-22T16:59:02
2012-04-02,us,WMT,20.36000061035156,20.49666786193848,20.32333374023437,20.453332901000977,19397700,,Yahoo Finance daily,2026-07-22T16:59:02
2012-04-03,us,WMT,20.3799991607666,20.46999931335449,20.07999992370605,20.21666717529297,33540300,,Yahoo Finance daily,2026-07-22T16:59:02
2012-04-04,us,WMT,20.176666259765625,20.196666717529297,20.00666618347168,20.08666610717773,32555100,,Yahoo Finance daily,2026-07-22T16:59:02
2012-04-05,us,WMT,20.06666755676269,20.229999542236328,20.023332595825195,20.22333335876465,19586100,,Yahoo Finance daily,2026-07-22T16:59:02
2012-04-09,us,WMT,20.07333374023437,20.11333274841309,20.02666664123535,20.043333053588867,20495100,,Yahoo Finance daily,2026-07-22T16:59:02
2012-04-10,us,WMT,20.01000022888184,20.1299991607666,19.850000381469727,19.976667404174805,28659300,,Yahoo Finance daily,2026-07-22T16:59:02
2012-04-11,us,WMT,20.09666633605957,20.09666633605957,19.886667251586918,19.933332443237305,23243100,,Yahoo Finance daily,2026-07-22T16:59:02
2012-04-12,us,WMT,19.933332443237305,20.06666755676269,19.85333251953125,20.046667098999023,22103100,,Yahoo Finance daily,2026-07-22T16:59:02
2012-04-13,us,WMT,20.0,20.06999969482422,19.916667938232425,19.92333221435547,20077800,,Yahoo Finance daily,2026-07-22T16:59:02
2012-04-16,us,WMT,19.979999542236328,20.270000457763672,19.956666946411133,20.19333267211914,20533800,,Yahoo Finance daily,2026-07-22T16:59:02
2012-04-17,us,WMT,20.3700008392334,20.649999618530277,20.36333274841309,20.62333297729492,32029200,,Yahoo Finance daily,2026-07-22T16:59:02
2012-04-18,us,WMT,20.51666641235352,20.75,20.51666641235352,20.68666648864746,23871900,,Yahoo Finance daily,2026-07-22T16:59:02
2012-04-19,us,WMT,20.65333366394043,20.683332443237305,20.489999771118164,20.583332061767575,19138800,,Yahoo Finance daily,2026-07-22T16:59:02
2012-04-20,us,WMT,20.56666755676269,20.82999992370605,20.553333282470703,20.81666755676269,26993100,,Yahoo Finance daily,2026-07-22T16:59:02
2012-04-23,us,WMT,19.71666717529297,20.07999992370605,19.709999084472656,19.84666633605957,114021900,,Yahoo Finance daily,2026-07-22T16:59:02
2012-04-24,us,WMT,19.753332138061523,19.78333282470703,19.21666717529297,19.25666618347168,90271800,,Yahoo Finance daily,2026-07-22T16:59:02
2012-04-25,us,WMT,19.303333282470703,19.476667404174805,19.059999465942383,19.1200008392334,84035400,,Yahoo Finance daily,2026-07-22T16:59:02
2012-04-26,us,WMT,19.196666717529297,19.809999465942383,19.190000534057617,19.649999618530277,75278700,,Yahoo Finance daily,2026-07-22T16:59:02
2012-04-27,us,WMT,19.726667404174805,19.81999969482422,19.64666748046875,19.676666259765625,27083700,,Yahoo Finance daily,2026-07-22T16:59:02
2012-04-30,us,WMT,19.606666564941406,19.663333892822266,19.51000022888184,19.636667251586918,22447800,,Yahoo Finance daily,2026-07-22T16:59:02
2012-05-01,us,WMT,19.649999618530277,19.75666618347168,19.49333381652832,19.690000534057617,29747100,,Yahoo Finance daily,2026-07-22T16:59:02
2012-05-02,us,WMT,19.65333366394043,19.773332595825195,19.606666564941406,19.670000076293945,22043100,,Yahoo Finance daily,2026-07-22T16:59:02
2012-05-03,us,WMT,19.733333587646484,19.733333587646484,19.60333251953125,19.663333892822266,20675700,,Yahoo Finance daily,2026-07-22T16:59:02
2012-05-04,us,WMT,19.6200008392334,19.726667404174805,19.559999465942383,19.56666755676269,20833500,,Yahoo Finance daily,2026-07-22T16:59:02
2012-05-07,us,WMT,19.51666641235352,19.786666870117188,19.51666641235352,19.729999542236328,25974600,,Yahoo Finance daily,2026-07-22T16:59:02
2012-05-08,us,WMT,19.68666648864746,19.790000915527344,19.543333053588867,19.683332443237305,30819900,,Yahoo Finance daily,2026-07-22T16:59:02
2012-05-09,us,WMT,19.49333381652832,19.74666786193848,19.42333221435547,19.676666259765625,33472800,,Yahoo Finance daily,2026-07-22T16:59:02
2012-05-10,us,WMT,19.78333282470703,19.8700008392334,19.696666717529297,19.729999542236328,23222100,,Yahoo Finance daily,2026-07-22T16:59:02
2012-05-11,us,WMT,19.69333267211914,19.88333320617676,19.60333251953125,19.80666732788086,22420800,,Yahoo Finance daily,2026-07-22T16:59:02
2012-05-14,us,WMT,19.696666717529297,19.850000381469727,19.63999938964844,19.690000534057617,18603000,,Yahoo Finance daily,2026-07-22T16:59:02
2012-05-15,us,WMT,19.649999618530277,19.88333320617676,19.649999618530277,19.78333282470703,31684200,,Yahoo Finance daily,2026-07-22T16:59:02
2012-05-16,us,WMT,19.84333229064941,19.886667251586918,19.71666717529297,19.729999542236328,32514300,,Yahoo Finance daily,2026-07-22T16:59:02
2012-05-17,us,WMT,20.446666717529297,20.833332061767575,20.416667938232425,20.559999465942383,87877200,,Yahoo Finance daily,2026-07-22T16:59:02
2012-05-18,us,WMT,20.62333297729492,20.87666702270508,20.58666610717773,20.809999465942383,49892100,,Yahoo Finance daily,2026-07-22T16:59:02
2012-05-21,us,WMT,20.793333053588867,21.03333282470703,20.71333312988281,21.01333236694336,33449700,,Yahoo Finance daily,2026-07-22T16:59:02
2012-05-22,us,WMT,20.99666786193848,21.31666755676269,20.96666717529297,21.24333381652832,36223200,,Yahoo Finance daily,2026-07-22T16:59:02
2012-05-23,us,WMT,21.1299991607666,21.56333351135254,21.09666633605957,21.52666664123535,47046600,,Yahoo Finance daily,2026-07-22T16:59:02
2012-05-24,us,WMT,21.56999969482422,21.726667404174805,21.48666763305664,21.690000534057617,33908100,,Yahoo Finance daily,2026-07-22T16:59:02
2012-05-25,us,WMT,21.6200008392334,21.833332061767575,21.600000381469727,21.770000457763672,30539700,,Yahoo Finance daily,2026-07-22T16:59:02
2012-05-29,us,WMT,21.799999237060547,21.920000076293945,21.73666763305664,21.893333435058597,30110700,,Yahoo Finance daily,2026-07-22T16:59:02
2012-05-30,us,WMT,21.803333282470703,21.983333587646484,21.77666664123535,21.81333351135254,29939100,,Yahoo Finance daily,2026-07-22T16:59:02
2012-05-31,us,WMT,21.799999237060547,22.21999931335449,21.793333053588867,21.940000534057617,50296500,,Yahoo Finance daily,2026-07-22T16:59:02
2012-06-01,us,WMT,21.809999465942383,21.959999084472656,21.709999084472656,21.850000381469727,45902100,,Yahoo Finance daily,2026-07-22T16:59:02
2012-06-04,us,WMT,21.96666717529297,22.043333053588867,21.799999237060547,21.99666786193848,41630400,,Yahoo Finance daily,2026-07-22T16:59:02
2012-06-05,us,WMT,21.913333892822266,21.96666717529297,21.809999465942383,21.833332061767575,28023000,,Yahoo Finance daily,2026-07-22T16:59:02
2012-06-06,us,WMT,21.86666679382324,21.989999771118164,21.81999969482422,21.976667404174805,32540700,,Yahoo Finance daily,2026-07-22T16:59:02
2012-06-07,us,WMT,22.02666664123535,22.02666664123535,21.926666259765625,21.956666946411133,37640100,,Yahoo Finance daily,2026-07-22T16:59:02
2012-06-08,us,WMT,22.06333351135254,22.74333381652832,22.02666664123535,22.739999771118164,54037800,,Yahoo Finance daily,2026-07-22T16:59:02
2012-06-11,us,WMT,22.796667098999023,22.82666778564453,22.489999771118164,22.51000022888184,31474200,,Yahoo Finance daily,2026-07-22T16:59:02
2012-06-12,us,WMT,22.55666732788086,22.61666679382324,22.433332443237305,22.57333374023437,26963400,,Yahoo Finance daily,2026-07-22T16:59:02
2012-06-13,us,WMT,22.530000686645508,22.583332061767575,22.31999969482422,22.356666564941406,32246700,,Yahoo Finance daily,2026-07-22T16:59:02
2012-06-14,us,WMT,22.36666679382324,22.59666633605957,22.36333274841309,22.543333053588867,29983200,,Yahoo Finance daily,2026-07-22T16:59:02
2012-06-15,us,WMT,22.683332443237305,22.68666648864746,22.530000686645508,22.583332061767575,38226000,,Yahoo Finance daily,2026-07-22T16:59:02
2012-06-18,us,WMT,22.489999771118164,22.76000022888184,22.476667404174805,22.706666946411133,22660500,,Yahoo Finance daily,2026-07-22T16:59:02
2012-06-19,us,WMT,22.696666717529297,22.75,22.56666755676269,22.60333251953125,23718000,,Yahoo Finance daily,2026-07-22T16:59:02
2012-06-20,us,WMT,22.6200008392334,22.84666633605957,22.59333229064941,22.84000015258789,26969400,,Yahoo Finance daily,2026-07-22T16:59:02
2012-06-21,us,WMT,22.82999992370605,22.886667251586918,22.559999465942383,22.56666755676269,29530800,,Yahoo Finance daily,2026-07-22T16:59:02
2012-06-22,us,WMT,22.696666717529297,22.78333282470703,22.39666748046875,22.433332443237305,34202100,,Yahoo Finance daily,2026-07-22T16:59:02
2012-06-25,us,WMT,22.35333251953125,22.74333381652832,22.35333251953125,22.726667404174805,35491800,,Yahoo Finance daily,2026-07-22T16:59:02
2012-06-26,us,WMT,22.82666778564453,22.97333335876465,22.75,22.86000061035156,32435400,,Yahoo Finance daily,2026-07-22T16:59:02
2012-06-27,us,WMT,22.86333274841309,22.916667938232425,22.753332138061523,22.86333274841309,26393400,,Yahoo Finance daily,2026-07-22T16:59:02
2012-06-28,us,WMT,22.63999938964844,22.78333282470703,22.49666786193848,22.76666641235352,25735200,,Yahoo Finance daily,2026-07-22T16:59:02
2012-06-29,us,WMT,22.979999542236328,23.239999771118164,22.85333251953125,23.239999771118164,31990200,,Yahoo Finance daily,2026-07-22T16:59:02
2012-07-02,us,WMT,23.200000762939453,23.31666755676269,23.049999237060547,23.11666679382324,31275600,,Yahoo Finance daily,2026-07-22T16:59:02
2012-07-03,us,WMT,23.21666717529297,23.59000015258789,23.100000381469727,23.583332061767575,28184100,,Yahoo Finance daily,2026-07-22T16:59:02
2012-07-05,us,WMT,23.456666946411133,23.76666641235352,23.456666946411133,23.69333267211914,37321500,,Yahoo Finance daily,2026-07-22T16:59:02
2012-07-06,us,WMT,23.57666778564453,23.786666870117188,23.57666778564453,23.786666870117188,24027600,,Yahoo Finance daily,2026-07-22T16:59:02
2012-07-09,us,WMT,23.753332138061523,23.920000076293945,23.67333221435547,23.920000076293945,33451200,,Yahoo Finance daily,2026-07-22T16:59:02
2012-07-10,us,WMT,23.976667404174805,24.19333267211914,23.8799991607666,24.036666870117188,39984600,,Yahoo Finance daily,2026-07-22T16:59:02
2012-07-11,us,WMT,24.043333053588867,24.14666748046875,23.926666259765625,24.08666610717773,36731700,,Yahoo Finance daily,2026-07-22T16:59:02
2012-07-12,us,WMT,24.023332595825195,24.206666946411133,23.8799991607666,24.10333251953125,30587400,,Yahoo Finance daily,2026-07-22T16:59:02
2012-07-13,us,WMT,24.09000015258789,24.413333892822266,24.049999237060547,24.393333435058597,24540300,,Yahoo Finance daily,2026-07-22T16:59:02
2012-07-16,us,WMT,24.30666732788086,24.393333435058597,24.19333267211914,24.32666778564453,24241800,,Yahoo Finance daily,2026-07-22T16:59:02
2012-07-17,us,WMT,24.299999237060547,24.36666679382324,24.10333251953125,24.36666679382324,36528900,,Yahoo Finance daily,2026-07-22T16:59:02
2012-07-18,us,WMT,24.296667098999023,24.48666763305664,24.239999771118164,24.28333282470703,28485300,,Yahoo Finance daily,2026-07-22T16:59:02
2012-07-19,us,WMT,24.28333282470703,24.286666870117188,23.40999984741211,23.84333229064941,50634000,,Yahoo Finance daily,2026-07-22T16:59:02
2012-07-20,us,WMT,23.81999969482422,24.163333892822266,23.770000457763672,24.083332061767575,33156000,,Yahoo Finance daily,2026-07-22T16:59:02
2012-07-23,us,WMT,23.87333297729492,23.99666786193848,23.753332138061523,23.950000762939453,19969500,,Yahoo Finance daily,2026-07-22T16:59:02
2012-07-24,us,WMT,23.893333435058597,24.07999992370605,23.81666755676269,24.046667098999023,22427100,,Yahoo Finance daily,2026-07-22T16:59:02
2012-07-25,us,WMT,24.08666610717773,24.15333366394043,23.956666946411133,24.02666664123535,20945700,,Yahoo Finance daily,2026-07-22T16:59:02
2012-07-26,us,WMT,24.233333587646484,24.649999618530277,24.229999542236328,24.55666732788086,24577200,,Yahoo Finance daily,2026-07-22T16:59:02
2012-07-27,us,WMT,24.61333274841309,24.933332443237305,24.59666633605957,24.84000015258789,32584500,,Yahoo Finance daily,2026-07-22T16:59:02
2012-07-30,us,WMT,24.81999969482422,25.07999992370605,24.81666755676269,24.99333381652832,27436800,,Yahoo Finance daily,2026-07-22T16:59:02
2012-07-31,us,WMT,24.920000076293945,24.99333381652832,24.809999465942383,24.809999465942383,24968700,,Yahoo Finance daily,2026-07-22T16:59:02
2012-08-01,us,WMT,24.899999618530277,24.93000030517578,24.47333335876465,24.540000915527344,29097000,,Yahoo Finance daily,2026-07-22T16:59:02
2012-08-02,us,WMT,24.350000381469727,24.71999931335449,24.31333351135254,24.683332443237305,24279000,,Yahoo Finance daily,2026-07-22T16:59:02
2012-08-03,us,WMT,24.913333892822266,24.98666763305664,24.75,24.850000381469727,26220000,,Yahoo Finance daily,2026-07-22T16:59:02
2012-08-06,us,WMT,24.97333335876465,24.97333335876465,24.76000022888184,24.76000022888184,18352500,,Yahoo Finance daily,2026-07-22T16:59:02
2012-08-07,us,WMT,24.803333282470703,24.86666679382324,24.656667709350582,24.663333892822266,22843500,,Yahoo Finance daily,2026-07-22T16:59:02
2012-08-08,us,WMT,24.549999237060547,24.83666610717773,24.476667404174805,24.770000457763672,19734900,,Yahoo Finance daily,2026-07-22T16:59:02
2012-08-09,us,WMT,24.76000022888184,24.84000015258789,24.58666610717773,24.61666679382324,15854100,,Yahoo Finance daily,2026-07-22T16:59:02
2012-08-10,us,WMT,24.61666679382324,24.75,24.476667404174805,24.559999465942383,16932600,,Yahoo Finance daily,2026-07-22T16:59:02
2012-08-13,us,WMT,24.46999931335449,24.56333351135254,24.393333435058597,24.46666717529297,18903000,,Yahoo Finance daily,2026-07-22T16:59:02
2012-08-14,us,WMT,24.61333274841309,24.75666618347168,24.523332595825195,24.670000076293945,21726000,,Yahoo Finance daily,2026-07-22T16:59:02
2012-08-15,us,WMT,24.636667251586918,24.84000015258789,24.606666564941406,24.81666755676269,23323200,,Yahoo Finance daily,2026-07-22T16:59:02
2012-08-16,us,WMT,24.19333267211914,24.25,23.926666259765625,24.049999237060547,53439600,,Yahoo Finance daily,2026-07-22T16:59:02
2012-08-17,us,WMT,24.136667251586918,24.229999542236328,23.946666717529297,23.99666786193848,29204700,,Yahoo Finance daily,2026-07-22T16:59:02
2012-08-20,us,WMT,24.003332138061523,24.136667251586918,23.886667251586918,24.100000381469727,16646100,,Yahoo Finance daily,2026-07-22T16:59:02
2012-08-21,us,WMT,24.100000381469727,24.11333274841309,23.809999465942383,23.809999465942383,22902600,,Yahoo Finance daily,2026-07-22T16:59:02
2012-08-22,us,WMT,23.78333282470703,23.950000762939453,23.78333282470703,23.92333221435547,19983000,,Yahoo Finance daily,2026-07-22T16:59:02
2012-08-23,us,WMT,23.933332443237305,23.979999542236328,23.799999237060547,23.85333251953125,18015300,,Yahoo Finance daily,2026-07-22T16:59:02
2012-08-24,us,WMT,23.796667098999023,24.06666755676269,23.78333282470703,24.036666870117188,15570300,,Yahoo Finance daily,2026-07-22T16:59:02
2012-08-27,us,WMT,24.05666732788086,24.26333236694336,24.023332595825195,24.166667938232425,17300700,,Yahoo Finance daily,2026-07-22T16:59:02
2012-08-28,us,WMT,24.059999465942383,24.23666763305664,24.053333282470703,24.136667251586918,14468100,,Yahoo Finance daily,2026-07-22T16:59:02
2012-08-29,us,WMT,24.203332901000977,24.34000015258789,24.143333435058597,24.25666618347168,12692400,,Yahoo Finance daily,2026-07-22T16:59:02
2012-08-30,us,WMT,24.209999084472656,24.25,24.049999237060547,24.083332061767575,15711600,,Yahoo Finance daily,2026-07-22T16:59:02
2012-08-31,us,WMT,24.196666717529297,24.31666755676269,24.1200008392334,24.200000762939453,17655300,,Yahoo Finance daily,2026-07-22T16:59:02
2012-09-04,us,WMT,24.25666618347168,24.61333274841309,24.190000534057617,24.503332138061523,25572300,,Yahoo Finance daily,2026-07-22T16:59:02
2012-09-05,us,WMT,24.6200008392334,24.649999618530277,24.456666946411133,24.51666641235352,23892300,,Yahoo Finance daily,2026-07-22T16:59:02
2012-09-06,us,WMT,24.65999984741211,24.93666648864746,24.61333274841309,24.93666648864746,19525500,,Yahoo Finance daily,2026-07-22T16:59:02
2012-09-07,us,WMT,24.899999618530277,24.933332443237305,24.5,24.606666564941406,19864200,,Yahoo Finance daily,2026-07-22T16:59:02
2012-09-10,us,WMT,24.6299991607666,24.706666946411133,24.5,24.503332138061523,19500300,,Yahoo Finance daily,2026-07-22T16:59:02
2012-09-11,us,WMT,24.57333374023437,24.80666732788086,24.51666641235352,24.68666648864746,15874200,,Yahoo Finance daily,2026-07-22T16:59:02
2012-09-12,us,WMT,24.68666648864746,24.78333282470703,24.583332061767575,24.690000534057617,12893400,,Yahoo Finance daily,2026-07-22T16:59:02
2012-09-13,us,WMT,24.649999618530277,25.06333351135254,24.649999618530277,25.046667098999023,22222200,,Yahoo Finance daily,2026-07-22T16:59:02
2012-09-14,us,WMT,24.946666717529297,24.99666786193848,24.753332138061523,24.833332061767575,25607100,,Yahoo Finance daily,2026-07-22T16:59:02
2012-09-17,us,WMT,24.786666870117188,24.893333435058597,24.62333297729492,24.663333892822266,20563800,,Yahoo Finance daily,2026-07-22T16:59:02
2012-09-18,us,WMT,24.61666679382324,24.72333335876465,24.559999465942383,24.649999618530277,15912300,,Yahoo Finance daily,2026-07-22T16:59:02
2012-09-19,us,WMT,24.75,24.87666702270508,24.663333892822266,24.790000915527344,16967700,,Yahoo Finance daily,2026-07-22T16:59:02
2012-09-20,us,WMT,24.773332595825195,24.940000534057617,24.773332595825195,24.916667938232425,13569600,,Yahoo Finance daily,2026-07-22T16:59:02
2012-09-21,us,WMT,24.98666763305664,25.030000686645508,24.77666664123535,24.81666755676269,31686900,,Yahoo Finance daily,2026-07-22T16:59:02
2012-09-24,us,WMT,24.733333587646484,24.98666763305664,24.726667404174805,24.913333892822266,13241100,,Yahoo Finance daily,2026-07-22T16:59:02
2012-09-25,us,WMT,24.96999931335449,25.01666641235352,24.753332138061523,24.753332138061523,19274100,,Yahoo Finance daily,2026-07-22T16:59:02
2012-09-26,us,WMT,24.71999931335449,24.946666717529297,24.71333312988281,24.729999542236328,14414700,,Yahoo Finance daily,2026-07-22T16:59:02
2012-09-27,us,WMT,24.790000915527344,24.833332061767575,24.61000061035156,24.65999984741211,16170300,,Yahoo Finance daily,2026-07-22T16:59:02
2012-09-28,us,WMT,24.6200008392334,24.68666648864746,24.47333335876465,24.600000381469727,18063000,,Yahoo Finance daily,2026-07-22T16:59:02
2012-10-01,us,WMT,24.600000381469727,24.82999992370605,24.600000381469727,24.683332443237305,13986900,,Yahoo Finance daily,2026-07-22T16:59:02
2012-10-02,us,WMT,24.65999984741211,24.786666870117188,24.543333053588867,24.583332061767575,12709500,,Yahoo Finance daily,2026-07-22T16:59:02
2012-10-03,us,WMT,24.676666259765625,24.916667938232425,24.583332061767575,24.733333587646484,24494100,,Yahoo Finance daily,2026-07-22T16:59:02
2012-10-04,us,WMT,24.83666610717773,25.003332138061523,24.83666610717773,24.906667709350582,15002700,,Yahoo Finance daily,2026-07-22T16:59:02
2012-10-05,us,WMT,24.979999542236328,25.166667938232425,24.96333312988281,25.043333053588867,15615300,,Yahoo Finance daily,2026-07-22T16:59:02
2012-10-08,us,WMT,25.053333282470703,25.183332443237305,25.020000457763672,25.083332061767575,13637700,,Yahoo Finance daily,2026-07-22T16:59:02
2012-10-09,us,WMT,25.053333282470703,25.12666702270508,24.709999084472656,24.71333312988281,24921900,,Yahoo Finance daily,2026-07-22T16:59:02
2012-10-10,us,WMT,24.88333320617676,25.60333251953125,24.8799991607666,25.13999938964844,58094400,,Yahoo Finance daily,2026-07-22T16:59:02
2012-10-11,us,WMT,25.53333282470703,25.536666870117188,24.983333587646484,25.003332138061523,24976500,,Yahoo Finance daily,2026-07-22T16:59:02
2012-10-12,us,WMT,25.13999938964844,25.34666633605957,25.100000381469727,25.270000457763672,24087900,,Yahoo Finance daily,2026-07-22T16:59:02
2012-10-15,us,WMT,25.290000915527344,25.78333282470703,25.18666648864746,25.71666717529297,29008800,,Yahoo Finance daily,2026-07-22T16:59:02
2012-10-16,us,WMT,25.86666679382324,25.86666679382324,25.56333351135254,25.636667251586918,18930300,,Yahoo Finance daily,2026-07-22T16:59:02
2012-10-17,us,WMT,25.77666664123535,25.833332061767575,25.49333381652832,25.676666259765625,22483500,,Yahoo Finance daily,2026-07-22T16:59:02
2012-10-18,us,WMT,25.67333221435547,25.74333381652832,25.38999938964844,25.520000457763672,21977100,,Yahoo Finance daily,2026-07-22T16:59:02
2012-10-19,us,WMT,25.52666664123535,25.56999969482422,25.143333435058597,25.206666946411133,20827500,,Yahoo Finance daily,2026-07-22T16:59:02
2012-10-22,us,WMT,25.226667404174805,25.26000022888184,25.030000686645508,25.21666717529297,16276200,,Yahoo Finance daily,2026-07-22T16:59:02
2012-10-23,us,WMT,25.01666641235352,25.163333892822266,24.83666610717773,24.920000076293945,17501700,,Yahoo Finance daily,2026-07-22T16:59:02
2012-10-24,us,WMT,24.976667404174805,25.0,24.84000015258789,24.940000534057617,13749600,,Yahoo Finance daily,2026-07-22T16:59:02
2012-10-25,us,WMT,25.100000381469727,25.166667938232425,24.96333312988281,25.106666564941406,13298700,,Yahoo Finance daily,2026-07-22T16:59:02
2012-10-26,us,WMT,25.06666755676269,25.13999938964844,24.893333435058597,25.036666870117188,13340700,,Yahoo Finance daily,2026-07-22T16:59:02
2012-10-31,us,WMT,25.083332061767575,25.226667404174805,24.709999084472656,25.00666618347168,19653600,,Yahoo Finance daily,2026-07-22T16:59:02
2012-11-01,us,WMT,25.043333053588867,25.053333282470703,24.38333320617676,24.483333587646484,38830800,,Yahoo Finance daily,2026-07-22T16:59:02
2012-11-02,us,WMT,24.48666763305664,24.523332595825195,24.23666763305664,24.25666618347168,25690500,,Yahoo Finance daily,2026-07-22T16:59:02
2012-11-05,us,WMT,24.21999931335449,24.399999618530277,24.21666717529297,24.3799991607666,14303100,,Yahoo Finance daily,2026-07-22T16:59:02
2012-11-06,us,WMT,24.38999938964844,24.76000022888184,24.37666702270508,24.58666610717773,16003200,,Yahoo Finance daily,2026-07-22T16:59:02
2012-11-07,us,WMT,24.47333335876465,24.63333320617676,24.286666870117188,24.3700008392334,20429700,,Yahoo Finance daily,2026-07-22T16:59:02
2012-11-08,us,WMT,24.33666610717773,24.65999984741211,24.15999984741211,24.15999984741211,21411300,,Yahoo Finance daily,2026-07-22T16:59:02
2012-11-09,us,WMT,24.043333053588867,24.200000762939453,23.97333335876465,24.10333251953125,20674200,,Yahoo Finance daily,2026-07-22T16:59:02
2012-11-12,us,WMT,24.09000015258789,24.200000762939453,23.96666717529297,24.15999984741211,13148400,,Yahoo Finance daily,2026-07-22T16:59:02
2012-11-13,us,WMT,23.989999771118164,24.100000381469727,23.726667404174805,23.93666648864746,26932200,,Yahoo Finance daily,2026-07-22T16:59:02
2012-11-14,us,WMT,23.953332901000977,24.0,23.69333267211914,23.770000457763672,27333900,,Yahoo Finance daily,2026-07-22T16:59:02
2012-11-15,us,WMT,23.21999931335449,23.229999542236328,22.61666679382324,22.906667709350582,69146700,,Yahoo Finance daily,2026-07-22T16:59:02
2012-11-16,us,WMT,22.86333274841309,22.89666748046875,22.62666702270508,22.676666259765625,36771300,,Yahoo Finance daily,2026-07-22T16:59:02
2012-11-19,us,WMT,22.71666717529297,23.043333053588867,22.549999237060547,23.00666618347168,38507100,,Yahoo Finance daily,2026-07-22T16:59:02
2012-11-20,us,WMT,23.07999992370605,23.07999992370605,22.81666755676269,23.0,28183800,,Yahoo Finance daily,2026-07-22T16:59:02
2012-11-21,us,WMT,22.953332901000977,23.020000457763672,22.893333435058597,22.96333312988281,21118800,,Yahoo Finance daily,2026-07-22T16:59:02
2012-11-23,us,WMT,23.11333274841309,23.413333892822266,22.959999084472656,23.399999618530277,15404700,,Yahoo Finance daily,2026-07-22T16:59:02
2012-11-26,us,WMT,23.37666702270508,23.40999984741211,23.149999618530277,23.303333282470703,27219600,,Yahoo Finance daily,2026-07-22T16:59:02
2012-11-27,us,WMT,23.299999237060547,23.38999938964844,23.149999618530277,23.166667938232425,22146900,,Yahoo Finance daily,2026-07-22T16:59:02
2012-11-28,us,WMT,23.15333366394043,23.60333251953125,23.09666633605957,23.520000457763672,31489200,,Yahoo Finance daily,2026-07-22T16:59:02
2012-11-29,us,WMT,23.49333381652832,23.68000030517578,23.37666702270508,23.61000061035156,28861500,,Yahoo Finance daily,2026-07-22T16:59:02
2012-11-30,us,WMT,23.656667709350582,24.040000915527344,23.61666679382324,24.00666618347168,37455600,,Yahoo Finance daily,2026-07-22T16:59:02
2012-12-03,us,WMT,24.036666870117188,24.11333274841309,23.780000686645508,23.780000686645508,27260400,,Yahoo Finance daily,2026-07-22T16:59:02
2012-12-04,us,WMT,23.82333374023437,24.200000762939453,23.81666755676269,24.040000915527344,38461500,,Yahoo Finance daily,2026-07-22T16:59:02
2012-12-05,us,WMT,23.979999542236328,24.00666618347168,23.74333381652832,23.88333320617676,28539600,,Yahoo Finance daily,2026-07-22T16:59:02
2012-12-06,us,WMT,23.88999938964844,23.950000762939453,23.700000762939453,23.86333274841309,21498300,,Yahoo Finance daily,2026-07-22T16:59:02
2012-12-07,us,WMT,23.96666717529297,24.196666717529297,23.950000762939453,24.09666633605957,21849000,,Yahoo Finance daily,2026-07-22T16:59:02
2012-12-10,us,WMT,24.02666664123535,24.11333274841309,23.93000030517578,24.049999237060547,17704800,,Yahoo Finance daily,2026-07-22T16:59:02
2012-12-11,us,WMT,24.083332061767575,24.233333587646484,23.606666564941406,23.6299991607666,43785000,,Yahoo Finance daily,2026-07-22T16:59:02
2012-12-12,us,WMT,23.399999618530277,23.450000762939453,22.96999931335449,22.979999542236328,70205700,,Yahoo Finance daily,2026-07-22T16:59:02
2012-12-13,us,WMT,23.01333236694336,23.1200008392334,23.0,23.01333236694336,42730500,,Yahoo Finance daily,2026-07-22T16:59:02
2012-12-14,us,WMT,23.01666641235352,23.100000381469727,22.913333892822266,22.916667938232425,31506900,,Yahoo Finance daily,2026-07-22T16:59:02
2012-12-17,us,WMT,22.98666763305664,23.170000076293945,22.96333312988281,23.06666755676269,31595100,,Yahoo Finance daily,2026-07-22T16:59:02
2012-12-18,us,WMT,23.036666870117188,23.21999931335449,22.96999931335449,23.166667938232425,34769400,,Yahoo Finance daily,2026-07-22T16:59:02
2012-12-19,us,WMT,23.143333435058597,23.166667938232425,22.84000015258789,22.84000015258789,29919600,,Yahoo Finance daily,2026-07-22T16:59:02
2012-12-20,us,WMT,22.77666664123535,23.020000457763672,22.72333335876465,23.0,29058900,,Yahoo Finance daily,2026-07-22T16:59:02
2012-12-21,us,WMT,22.956666946411133,23.053333282470703,22.75666618347168,22.88333320617676,39693000,,Yahoo Finance daily,2026-07-22T16:59:02
2012-12-24,us,WMT,22.83666610717773,22.93666648864746,22.770000457763672,22.856666564941406,8714400,,Yahoo Finance daily,2026-07-22T16:59:02
2012-12-26,us,WMT,22.85333251953125,22.88333320617676,22.57666778564453,22.663333892822266,18278700,,Yahoo Finance daily,2026-07-22T16:59:02
2012-12-27,us,WMT,22.676666259765625,22.80666732788086,22.59666633605957,22.729999542236328,22152600,,Yahoo Finance daily,2026-07-22T16:59:02
2012-12-28,us,WMT,22.636667251586918,22.78333282470703,22.51333236694336,22.536666870117188,16540200,,Yahoo Finance daily,2026-07-22T16:59:02
2012-12-31,us,WMT,22.49666786193848,22.76666641235352,22.456666946411133,22.74333381652832,21037500,,Yahoo Finance daily,2026-07-22T16:59:02
2013-01-02,us,WMT,22.976667404174805,23.07999992370605,22.81666755676269,23.07999992370605,31172400,,Yahoo Finance daily,2026-07-22T16:59:02
2013-01-03,us,WMT,23.083332061767575,23.11666679382324,22.793333053588867,22.933332443237305,26730300,,Yahoo Finance daily,2026-07-22T16:59:02
2013-01-04,us,WMT,22.90999984741211,23.059999465942383,22.780000686645508,23.020000457763672,19314000,,Yahoo Finance daily,2026-07-22T16:59:02
2013-01-07,us,WMT,22.94333267211914,22.97333335876465,22.709999084472656,22.799999237060547,18604200,,Yahoo Finance daily,2026-07-22T16:59:02
2013-01-08,us,WMT,22.76000022888184,22.96333312988281,22.73666763305664,22.86333274841309,17600700,,Yahoo Finance daily,2026-07-22T16:59:02
2013-01-09,us,WMT,22.886667251586918,22.90333366394043,22.739999771118164,22.856666564941406,15165600,,Yahoo Finance daily,2026-07-22T16:59:02
2013-01-10,us,WMT,22.886667251586918,23.01000022888184,22.57333374023437,22.786666870117188,34361400,,Yahoo Finance daily,2026-07-22T16:59:02
2013-01-11,us,WMT,22.86666679382324,22.93000030517578,22.73666763305664,22.87666702270508,18673500,,Yahoo Finance daily,2026-07-22T16:59:02
2013-01-14,us,WMT,22.82999992370605,22.88999938964844,22.703332901000977,22.76666641235352,16471200,,Yahoo Finance daily,2026-07-22T16:59:02
2013-01-15,us,WMT,22.729999542236328,23.07999992370605,22.700000762939453,22.99333381652832,18421200,,Yahoo Finance daily,2026-07-22T16:59:02
2013-01-16,us,WMT,22.979999542236328,23.12333297729492,22.96333312988281,23.06999969482422,14753700,,Yahoo Finance daily,2026-07-22T16:59:02
2013-01-17,us,WMT,23.100000381469727,23.106666564941406,22.90333366394043,22.950000762939453,21697800,,Yahoo Finance daily,2026-07-22T16:59:02
2013-01-18,us,WMT,22.950000762939453,23.06666755676269,22.950000762939453,23.06666755676269,23440200,,Yahoo Finance daily,2026-07-22T16:59:02
2013-01-22,us,WMT,23.01666641235352,23.21666717529297,22.98666763305664,23.19333267211914,17243700,,Yahoo Finance daily,2026-07-22T16:59:02
2013-01-23,us,WMT,23.1299991607666,23.21333312988281,23.049999237060547,23.163333892822266,19096200,,Yahoo Finance daily,2026-07-22T16:59:02
2013-01-24,us,WMT,23.21666717529297,23.32999992370605,23.11666679382324,23.26333236694336,27417000,,Yahoo Finance daily,2026-07-22T16:59:02
2013-01-25,us,WMT,23.303333282470703,23.333332061767575,22.976667404174805,23.0,23903100,,Yahoo Finance daily,2026-07-22T16:59:02
2013-01-28,us,WMT,23.02666664123535,23.166667938232425,22.933332443237305,23.11666679382324,21164400,,Yahoo Finance daily,2026-07-22T16:59:02
2013-01-29,us,WMT,23.06999969482422,23.399999618530277,23.06666755676269,23.296667098999023,28682700,,Yahoo Finance daily,2026-07-22T16:59:02
2013-01-30,us,WMT,23.37333297729492,23.37333297729492,23.166667938232425,23.25,21061800,,Yahoo Finance daily,2026-07-22T16:59:02
2013-01-31,us,WMT,23.229999542236328,23.479999542236328,23.229999542236328,23.31666755676269,21048600,,Yahoo Finance daily,2026-07-22T16:59:02
2013-02-01,us,WMT,23.3700008392334,23.51333236694336,23.31666755676269,23.49666786193848,19349400,,Yahoo Finance daily,2026-07-22T16:59:02
2013-02-04,us,WMT,23.14666748046875,23.299999237060547,23.043333053588867,23.209999084472656,32277900,,Yahoo Finance daily,2026-07-22T16:59:02
2013-02-05,us,WMT,23.290000915527344,23.690000534057617,23.253332138061523,23.59000015258789,31576500,,Yahoo Finance daily,2026-07-22T16:59:02
2013-02-06,us,WMT,23.49333381652832,23.773332595825195,23.433332443237305,23.770000457763672,29273400,,Yahoo Finance daily,2026-07-22T16:59:02
2013-02-07,us,WMT,23.81333351135254,23.8799991607666,23.63333320617676,23.74333381652832,24920700,,Yahoo Finance daily,2026-07-22T16:59:02
2013-02-08,us,WMT,23.733333587646484,23.8799991607666,23.690000534057617,23.82666778564453,17719800,,Yahoo Finance daily,2026-07-22T16:59:02
2013-02-11,us,WMT,23.75,23.83666610717773,23.51000022888184,23.799999237060547,18607800,,Yahoo Finance daily,2026-07-22T16:59:02
2013-02-12,us,WMT,23.82999992370605,23.886667251586918,23.700000762939453,23.799999237060547,14286000,,Yahoo Finance daily,2026-07-22T16:59:02
2013-02-13,us,WMT,23.76333236694336,23.899999618530277,23.73666763305664,23.796667098999023,11905800,,Yahoo Finance daily,2026-07-22T16:59:02
2013-02-14,us,WMT,23.700000762939453,23.74333381652832,23.583332061767575,23.606666564941406,20463000,,Yahoo Finance daily,2026-07-22T16:59:02
2013-02-15,us,WMT,23.18000030517578,23.333332061767575,22.709999084472656,23.100000381469727,77051100,,Yahoo Finance daily,2026-07-22T16:59:02
2013-02-19,us,WMT,23.06333351135254,23.149999618530277,22.84666633605957,22.920000076293945,44046900,,Yahoo Finance daily,2026-07-22T16:59:02
2013-02-20,us,WMT,22.906667709350582,23.28333282470703,22.76666641235352,23.06999969482422,35920800,,Yahoo Finance daily,2026-07-22T16:59:02
2013-02-21,us,WMT,23.333332061767575,23.82333374023437,23.239999771118164,23.420000076293945,61239300,,Yahoo Finance daily,2026-07-22T16:59:02
2013-02-22,us,WMT,23.406667709350582,23.51333236694336,23.296667098999023,23.46666717529297,27495600,,Yahoo Finance daily,2026-07-22T16:59:02
2013-02-25,us,WMT,23.5,23.780000686645508,23.479999542236328,23.479999542236328,35452800,,Yahoo Finance daily,2026-07-22T16:59:02
2013-02-26,us,WMT,23.56333351135254,23.796667098999023,23.536666870117188,23.703332901000977,31672800,,Yahoo Finance daily,2026-07-22T16:59:02
2013-02-27,us,WMT,23.63999938964844,23.98666763305664,23.52666664123535,23.886667251586918,26457000,,Yahoo Finance daily,2026-07-22T16:59:02
2013-02-28,us,WMT,23.86333274841309,23.959999084472656,23.59333229064941,23.59333229064941,56650800,,Yahoo Finance daily,2026-07-22T16:59:02
2013-03-01,us,WMT,23.59333229064941,23.96666717529297,23.59333229064941,23.913333892822266,26706900,,Yahoo Finance daily,2026-07-22T16:59:02
2013-03-04,us,WMT,23.84000015258789,24.420000076293945,23.83666610717773,24.420000076293945,31701600,,Yahoo Finance daily,2026-07-22T16:59:02
2013-03-05,us,WMT,24.489999771118164,24.68000030517578,24.32999992370605,24.57333374023437,27426000,,Yahoo Finance daily,2026-07-22T16:59:02
2013-03-06,us,WMT,24.583332061767575,24.709999084472656,24.416667938232425,24.459999084472656,21448800,,Yahoo Finance daily,2026-07-22T16:59:02
2013-03-07,us,WMT,24.49666786193848,24.536666870117188,24.399999618530277,24.440000534057617,20040000,,Yahoo Finance daily,2026-07-22T16:59:02
2013-03-08,us,WMT,24.433332443237305,24.46333312988281,24.280000686645508,24.34333229064941,17233800,,Yahoo Finance daily,2026-07-22T16:59:02
2013-03-11,us,WMT,24.36333274841309,24.413333892822266,24.270000457763672,24.32666778564453,15446100,,Yahoo Finance daily,2026-07-22T16:59:02
2013-03-12,us,WMT,24.31666755676269,24.63333320617676,24.280000686645508,24.53333282470703,24460200,,Yahoo Finance daily,2026-07-22T16:59:02
2013-03-13,us,WMT,24.6299991607666,24.733333587646484,24.51333236694336,24.549999237060547,15978300,,Yahoo Finance daily,2026-07-22T16:59:02
2013-03-14,us,WMT,24.62333297729492,24.666667938232425,24.37666702270508,24.406667709350582,19059600,,Yahoo Finance daily,2026-07-22T16:59:02
2013-03-15,us,WMT,24.33666610717773,24.5,24.143333435058597,24.166667938232425,51585300,,Yahoo Finance daily,2026-07-22T16:59:02
2013-03-18,us,WMT,24.09666633605957,24.24333381652832,24.003332138061523,24.083332061767575,17313000,,Yahoo Finance daily,2026-07-22T16:59:02
2013-03-19,us,WMT,24.13999938964844,24.290000915527344,24.06333351135254,24.149999618530277,17258400,,Yahoo Finance daily,2026-07-22T16:59:02
2013-03-20,us,WMT,24.270000457763672,24.459999084472656,24.24666786193848,24.32999992370605,18960900,,Yahoo Finance daily,2026-07-22T16:59:02
2013-03-21,us,WMT,24.290000915527344,24.489999771118164,24.28333282470703,24.37666702270508,16520100,,Yahoo Finance daily,2026-07-22T16:59:02
2013-03-22,us,WMT,24.450000762939453,24.76333236694336,24.43000030517578,24.76000022888184,21971400,,Yahoo Finance daily,2026-07-22T16:59:02
2013-03-25,us,WMT,24.71333312988281,25.036666870117188,24.706666946411133,24.950000762939453,31316100,,Yahoo Finance daily,2026-07-22T16:59:02
2013-03-26,us,WMT,24.976667404174805,25.030000686645508,24.809999465942383,24.92333221435547,19927200,,Yahoo Finance daily,2026-07-22T16:59:02
2013-03-27,us,WMT,24.770000457763672,24.98666763305664,24.74666786193848,24.926666259765625,17910900,,Yahoo Finance daily,2026-07-22T16:59:02
2013-03-28,us,WMT,24.946666717529297,24.989999771118164,24.793333053588867,24.94333267211914,22104900,,Yahoo Finance daily,2026-07-22T16:59:02
2013-04-01,us,WMT,25.0,25.309999465942383,24.96666717529297,25.143333435058597,25246200,,Yahoo Finance daily,2026-07-22T16:59:02
2013-04-02,us,WMT,25.183332443237305,25.350000381469727,25.13999938964844,25.34000015258789,19928400,,Yahoo Finance daily,2026-07-22T16:59:02
2013-04-03,us,WMT,25.43666648864746,25.559999465942383,25.239999771118164,25.333332061767575,22361700,,Yahoo Finance daily,2026-07-22T16:59:02
2013-04-04,us,WMT,25.31999969482422,25.52666664123535,25.31999969482422,25.399999618530277,22524600,,Yahoo Finance daily,2026-07-22T16:59:02
2013-04-05,us,WMT,25.183332443237305,25.46999931335449,25.143333435058597,25.46333312988281,17640900,,Yahoo Finance daily,2026-07-22T16:59:02
2013-04-08,us,WMT,25.36666679382324,25.81666755676269,25.27666664123535,25.76333236694336,24225300,,Yahoo Finance daily,2026-07-22T16:59:02
2013-04-09,us,WMT,25.74666786193848,26.15333366394043,25.67333221435547,26.040000915527344,26009700,,Yahoo Finance daily,2026-07-22T16:59:02
2013-04-10,us,WMT,26.09333229064941,26.12666702270508,25.790000915527344,25.790000915527344,25797000,,Yahoo Finance daily,2026-07-22T16:59:02
2013-04-11,us,WMT,25.786666870117188,26.12333297729492,25.75666618347168,25.93000030517578,21387300,,Yahoo Finance daily,2026-07-22T16:59:02
2013-04-12,us,WMT,25.87666702270508,26.28333282470703,25.86000061035156,26.18666648864746,19010400,,Yahoo Finance daily,2026-07-22T16:59:02
2013-04-15,us,WMT,26.14666748046875,26.426666259765625,26.143333435058597,26.156667709350582,25636500,,Yahoo Finance daily,2026-07-22T16:59:02
2013-04-16,us,WMT,26.07666778564453,26.286666870117188,26.01000022888184,26.226667404174805,20563200,,Yahoo Finance daily,2026-07-22T16:59:02
2013-04-17,us,WMT,26.176666259765625,26.356666564941406,26.036666870117188,26.170000076293945,21745800,,Yahoo Finance daily,2026-07-22T16:59:02
2013-04-18,us,WMT,26.253332138061523,26.350000381469727,25.536666870117188,25.71999931335449,42656700,,Yahoo Finance daily,2026-07-22T16:59:02
2013-04-19,us,WMT,25.833332061767575,26.14666748046875,25.799999237060547,26.09666633605957,23521500,,Yahoo Finance daily,2026-07-22T16:59:02
2013-04-22,us,WMT,26.09666633605957,26.14666748046875,25.833332061767575,25.989999771118164,15464700,,Yahoo Finance daily,2026-07-22T16:59:02
2013-04-23,us,WMT,26.036666870117188,26.406667709350582,26.01666641235352,26.36333274841309,19960800,,Yahoo Finance daily,2026-07-22T16:59:02
2013-04-24,us,WMT,26.40999984741211,26.5,25.97333335876465,26.01000022888184,24250800,,Yahoo Finance daily,2026-07-22T16:59:02
2013-04-25,us,WMT,26.059999465942383,26.27666664123535,25.959999084472656,26.21666717529297,17187300,,Yahoo Finance daily,2026-07-22T16:59:02
2013-04-26,us,WMT,26.19333267211914,26.38333320617676,26.190000534057617,26.34666633605957,17770800,,Yahoo Finance daily,2026-07-22T16:59:02
2013-04-29,us,WMT,26.36000061035156,26.416667938232425,26.049999237060547,26.1299991607666,18470400,,Yahoo Finance daily,2026-07-22T16:59:02
2013-04-30,us,WMT,26.09333229064941,26.100000381469727,25.790000915527344,25.906667709350582,23897400,,Yahoo Finance daily,2026-07-22T16:59:02
2013-05-01,us,WMT,25.950000762939453,26.21999931335449,25.89666748046875,26.020000457763672,18780900,,Yahoo Finance daily,2026-07-22T16:59:02
2013-05-02,us,WMT,25.96999931335449,26.163333892822266,25.933332443237305,26.15333366394043,13558800,,Yahoo Finance daily,2026-07-22T16:59:02
2013-05-03,us,WMT,26.30666732788086,26.446666717529297,26.299999237060547,26.416667938232425,16812300,,Yahoo Finance daily,2026-07-22T16:59:02
2013-05-06,us,WMT,26.36666679382324,26.386667251586918,26.25666618347168,26.27666664123535,14417100,,Yahoo Finance daily,2026-07-22T16:59:02
2013-05-07,us,WMT,26.36666679382324,26.3799991607666,26.25666618347168,26.27666664123535,19713300,,Yahoo Finance daily,2026-07-22T16:59:02
2013-05-08,us,WMT,26.18666648864746,26.21999931335449,25.926666259765625,26.083332061767575,24025500,,Yahoo Finance daily,2026-07-22T16:59:02
2013-05-09,us,WMT,26.10333251953125,26.31999969482422,25.96666717529297,26.13333320617676,19550400,,Yahoo Finance daily,2026-07-22T16:59:02
2013-05-10,us,WMT,26.156667709350582,26.303333282470703,26.09333229064941,26.296667098999023,17493600,,Yahoo Finance daily,2026-07-22T16:59:02
2013-05-13,us,WMT,26.26666641235352,26.31333351135254,25.97333335876465,26.166667938232425,23141700,,Yahoo Finance daily,2026-07-22T16:59:02
2013-05-14,us,WMT,25.99333381652832,26.286666870117188,25.88999938964844,26.26000022888184,30041100,,Yahoo Finance daily,2026-07-22T16:59:02
2013-05-15,us,WMT,26.26666641235352,26.65333366394043,26.21666717529297,26.6200008392334,24003300,,Yahoo Finance daily,2026-07-22T16:59:02
2013-05-16,us,WMT,26.03333282470703,26.286666870117188,25.780000686645508,26.166667938232425,36385800,,Yahoo Finance daily,2026-07-22T16:59:02
2013-05-17,us,WMT,26.100000381469727,26.196666717529297,25.799999237060547,25.956666946411133,32007900,,Yahoo Finance daily,2026-07-22T16:59:02
2013-05-20,us,WMT,25.959999084472656,25.96666717529297,25.786666870117188,25.799999237060547,16747800,,Yahoo Finance daily,2026-07-22T16:59:02
2013-05-21,us,WMT,25.87333297729492,26.059999465942383,25.75,25.796667098999023,22452900,,Yahoo Finance daily,2026-07-22T16:59:02
2013-05-22,us,WMT,25.729999542236328,25.933332443237305,25.583332061767575,25.676666259765625,27093900,,Yahoo Finance daily,2026-07-22T16:59:02
2013-05-23,us,WMT,25.61000061035156,25.64666748046875,25.416667938232425,25.44333267211914,24144600,,Yahoo Finance daily,2026-07-22T16:59:02
2013-05-24,us,WMT,25.440000534057617,25.803333282470703,25.38333320617676,25.770000457763672,22768800,,Yahoo Finance daily,2026-07-22T16:59:02
2013-05-28,us,WMT,25.84000015258789,26.01333236694336,25.68666648864746,25.773332595825195,18177600,,Yahoo Finance daily,2026-07-22T16:59:02
2013-05-29,us,WMT,25.683332443237305,25.683332443237305,25.35333251953125,25.40999984741211,17646900,,Yahoo Finance daily,2026-07-22T16:59:02
2013-05-30,us,WMT,25.49666786193848,25.51333236694336,25.203332901000977,25.209999084472656,18684000,,Yahoo Finance daily,2026-07-22T16:59:02
2013-05-31,us,WMT,25.1200008392334,25.209999084472656,24.940000534057617,24.946666717529297,29237100,,Yahoo Finance daily,2026-07-22T16:59:02
2013-06-03,us,WMT,25.020000457763672,25.26666641235352,24.8799991607666,25.229999542236328,25321500,,Yahoo Finance daily,2026-07-22T16:59:02
2013-06-04,us,WMT,25.25666618347168,25.459999084472656,25.156667709350582,25.31333351135254,28032000,,Yahoo Finance daily,2026-07-22T16:59:02
2013-06-05,us,WMT,25.239999771118164,25.31666755676269,25.023332595825195,25.083332061767575,20335800,,Yahoo Finance daily,2026-07-22T16:59:02
2013-06-06,us,WMT,25.09000015258789,25.24666786193848,24.946666717529297,25.209999084472656,28275300,,Yahoo Finance daily,2026-07-22T16:59:02
2013-06-07,us,WMT,25.459999084472656,25.62333297729492,25.39666748046875,25.44333267211914,25041600,,Yahoo Finance daily,2026-07-22T16:59:02
2013-06-10,us,WMT,25.426666259765625,25.549999237060547,25.21999931335449,25.25,20194500,,Yahoo Finance daily,2026-07-22T16:59:02
2013-06-11,us,WMT,25.13999938964844,25.27666664123535,24.99666786193848,25.083332061767575,18019200,,Yahoo Finance daily,2026-07-22T16:59:02
2013-06-12,us,WMT,25.156667709350582,25.23666763305664,24.88333320617676,24.946666717529297,14193300,,Yahoo Finance daily,2026-07-22T16:59:02
2013-06-13,us,WMT,24.926666259765625,25.11000061035156,24.85333251953125,25.0,21718500,,Yahoo Finance daily,2026-07-22T16:59:02
2013-06-14,us,WMT,24.946666717529297,25.09000015258789,24.933332443237305,24.956666946411133,19054500,,Yahoo Finance daily,2026-07-22T16:59:02
2013-06-17,us,WMT,25.0,25.149999618530277,24.83666610717773,24.983333587646484,19441800,,Yahoo Finance daily,2026-07-22T16:59:02
2013-06-18,us,WMT,25.0,25.293333053588867,24.933332443237305,25.24333381652832,20219100,,Yahoo Finance daily,2026-07-22T16:59:02
2013-06-19,us,WMT,25.24666786193848,25.31999969482422,24.780000686645508,24.81999969482422,24987300,,Yahoo Finance daily,2026-07-22T16:59:02
2013-06-20,us,WMT,24.833332061767575,24.886667251586918,24.33666610717773,24.34333229064941,27209100,,Yahoo Finance daily,2026-07-22T16:59:02
2013-06-21,us,WMT,24.50666618347168,24.733333587646484,24.416667938232425,24.503332138061523,43693500,,Yahoo Finance daily,2026-07-22T16:59:02
2013-06-24,us,WMT,24.350000381469727,24.93000030517578,24.299999237060547,24.733333587646484,29091900,,Yahoo Finance daily,2026-07-22T16:59:02
2013-06-25,us,WMT,24.75666618347168,24.916667938232425,24.61333274841309,24.790000915527344,21653400,,Yahoo Finance daily,2026-07-22T16:59:02
2013-06-26,us,WMT,24.87333297729492,25.059999465942383,24.84666633605957,25.003332138061523,16435200,,Yahoo Finance daily,2026-07-22T16:59:02
2013-06-27,us,WMT,25.15999984741211,25.3700008392334,25.07999992370605,25.08666610717773,21263400,,Yahoo Finance daily,2026-07-22T16:59:02
2013-06-28,us,WMT,25.036666870117188,25.21999931335449,24.81666755676269,24.82999992370605,43644900,,Yahoo Finance daily,2026-07-22T16:59:02
2013-07-01,us,WMT,24.99666786193848,25.09333229064941,24.700000762939453,24.86333274841309,20093100,,Yahoo Finance daily,2026-07-22T16:59:02
2013-07-02,us,WMT,24.770000457763672,25.226667404174805,24.73666763305664,24.90333366394043,20179200,,Yahoo Finance daily,2026-07-22T16:59:02
2013-07-03,us,WMT,24.803333282470703,25.040000915527344,24.696666717529297,24.920000076293945,6949200,,Yahoo Finance daily,2026-07-22T16:59:02
2013-07-05,us,WMT,25.049999237060547,25.08666610717773,24.803333282470703,25.06999969482422,16331700,,Yahoo Finance daily,2026-07-22T16:59:02
2013-07-08,us,WMT,25.226667404174805,25.59000015258789,25.226667404174805,25.56999969482422,20140200,,Yahoo Finance daily,2026-07-22T16:59:02
2013-07-09,us,WMT,25.65333366394043,25.81333351135254,25.57999992370605,25.676666259765625,15819300,,Yahoo Finance daily,2026-07-22T16:59:02
2013-07-10,us,WMT,25.65333366394043,25.833332061767575,25.483333587646484,25.59000015258789,15432900,,Yahoo Finance daily,2026-07-22T16:59:02
2013-07-11,us,WMT,25.81666755676269,25.916667938232425,25.77666664123535,25.87666702270508,14042100,,Yahoo Finance daily,2026-07-22T16:59:02
2013-07-12,us,WMT,25.8700008392334,25.88999938964844,25.77666664123535,25.87666702270508,13373100,,Yahoo Finance daily,2026-07-22T16:59:02
2013-07-15,us,WMT,25.76666641235352,25.76666641235352,25.56666755676269,25.676666259765625,14661600,,Yahoo Finance daily,2026-07-22T16:59:02
2013-07-16,us,WMT,25.65999984741211,25.81666755676269,25.63333320617676,25.790000915527344,14122800,,Yahoo Finance daily,2026-07-22T16:59:02
2013-07-17,us,WMT,25.87333297729492,25.93000030517578,25.696666717529297,25.733333587646484,16053900,,Yahoo Finance daily,2026-07-22T16:59:02
2013-07-18,us,WMT,25.739999771118164,25.850000381469727,25.670000076293945,25.780000686645508,12449700,,Yahoo Finance daily,2026-07-22T16:59:02
2013-07-19,us,WMT,25.81666755676269,26.05666732788086,25.780000686645508,26.02666664123535,20477700,,Yahoo Finance daily,2026-07-22T16:59:02
2013-07-22,us,WMT,25.96333312988281,26.083332061767575,25.90999984741211,25.956666946411133,12474600,,Yahoo Finance daily,2026-07-22T16:59:02
2013-07-23,us,WMT,25.98666763305664,26.209999084472656,25.933332443237305,26.183332443237305,15758700,,Yahoo Finance daily,2026-07-22T16:59:02
2013-07-24,us,WMT,26.226667404174805,26.229999542236328,25.906667709350582,26.07666778564453,14790000,,Yahoo Finance daily,2026-07-22T16:59:02
2013-07-25,us,WMT,26.01666641235352,26.15333366394043,25.87666702270508,26.003332138061523,17760600,,Yahoo Finance daily,2026-07-22T16:59:02
2013-07-26,us,WMT,25.976667404174805,26.01000022888184,25.700000762939453,26.0,16047300,,Yahoo Finance daily,2026-07-22T16:59:02
2013-07-29,us,WMT,25.94333267211914,26.083332061767575,25.926666259765625,25.99666786193848,10395000,,Yahoo Finance daily,2026-07-22T16:59:02
2013-07-30,us,WMT,26.06999969482422,26.1200008392334,25.89666748046875,25.96333312988281,13601100,,Yahoo Finance daily,2026-07-22T16:59:02
2013-07-31,us,WMT,25.97333335876465,26.15999984741211,25.90999984741211,25.979999542236328,18122400,,Yahoo Finance daily,2026-07-22T16:59:02
2013-08-01,us,WMT,26.13999938964844,26.22333335876465,26.036666870117188,26.07333374023437,15506100,,Yahoo Finance daily,2026-07-22T16:59:02
2013-08-02,us,WMT,26.083332061767575,26.25,26.0,26.25,18371700,,Yahoo Finance daily,2026-07-22T16:59:02
2013-08-05,us,WMT,26.206666946411133,26.333332061767575,26.143333435058597,26.25666618347168,11718300,,Yahoo Finance daily,2026-07-22T16:59:02
2013-08-06,us,WMT,26.18666648864746,26.190000534057617,25.85333251953125,25.956666946411133,20102700,,Yahoo Finance daily,2026-07-22T16:59:02
2013-08-07,us,WMT,25.71999931335449,25.87666702270508,25.540000915527344,25.790000915527344,17459100,,Yahoo Finance daily,2026-07-22T16:59:02
2013-08-08,us,WMT,25.83666610717773,25.96333312988281,25.643333435058597,25.75,13424100,,Yahoo Finance daily,2026-07-22T16:59:02
2013-08-09,us,WMT,25.73666763305664,25.773332595825195,25.59000015258789,25.63333320617676,17293800,,Yahoo Finance daily,2026-07-22T16:59:02
2013-08-12,us,WMT,25.520000457763672,25.796667098999023,25.49666786193848,25.69333267211914,17361000,,Yahoo Finance daily,2026-07-22T16:59:02
2013-08-13,us,WMT,25.72333335876465,25.75,25.406667709350582,25.6200008392334,19143000,,Yahoo Finance daily,2026-07-22T16:59:02
2013-08-14,us,WMT,25.60333251953125,25.739999771118164,25.40999984741211,25.46666717529297,20460300,,Yahoo Finance daily,2026-07-22T16:59:02
2013-08-15,us,WMT,24.81999969482422,25.02666664123535,24.676666259765625,24.803333282470703,39664500,,Yahoo Finance daily,2026-07-22T16:59:02
2013-08-16,us,WMT,24.706666946411133,24.833332061767575,24.56666755676269,24.703332901000977,21763500,,Yahoo Finance daily,2026-07-22T16:59:02
2013-08-19,us,WMT,24.62666702270508,24.643333435058597,24.40333366394043,24.52666664123535,16094700,,Yahoo Finance daily,2026-07-22T16:59:02
2013-08-20,us,WMT,24.51666641235352,24.540000915527344,24.399999618530277,24.40999984741211,19989300,,Yahoo Finance daily,2026-07-22T16:59:02
2013-08-21,us,WMT,24.386667251586918,24.709999084472656,24.309999465942383,24.51666641235352,24233700,,Yahoo Finance daily,2026-07-22T16:59:02
2013-08-22,us,WMT,24.60333251953125,24.676666259765625,24.413333892822266,24.48666763305664,11842200,,Yahoo Finance daily,2026-07-22T16:59:02
2013-08-23,us,WMT,24.549999237060547,24.583332061767575,24.34333229064941,24.479999542236328,16422300,,Yahoo Finance daily,2026-07-22T16:59:02
2013-08-26,us,WMT,24.546667098999023,24.583332061767575,24.34333229064941,24.34333229064941,16044600,,Yahoo Finance daily,2026-07-22T16:59:02
2013-08-27,us,WMT,24.226667404174805,24.3700008392334,24.170000076293945,24.286666870117188,17362800,,Yahoo Finance daily,2026-07-22T16:59:02
2013-08-28,us,WMT,24.21999931335449,24.286666870117188,24.09000015258789,24.12666702270508,16825800,,Yahoo Finance daily,2026-07-22T16:59:02
2013-08-29,us,WMT,24.11666679382324,24.293333053588867,24.07666778564453,24.143333435058597,12264600,,Yahoo Finance daily,2026-07-22T16:59:02
2013-08-30,us,WMT,24.21333312988281,24.356666564941406,24.19333267211914,24.32666778564453,18198600,,Yahoo Finance daily,2026-07-22T16:59:02
2013-09-03,us,WMT,24.49333381652832,24.52666664123535,24.18000030517578,24.226667404174805,21471000,,Yahoo Finance daily,2026-07-22T16:59:02
2013-09-04,us,WMT,24.233333587646484,24.37333297729492,24.149999618530277,24.303333282470703,14002500,,Yahoo Finance daily,2026-07-22T16:59:02
2013-09-05,us,WMT,24.280000686645508,24.49333381652832,24.206666946411133,24.22333335876465,14041500,,Yahoo Finance daily,2026-07-22T16:59:02
2013-09-06,us,WMT,24.233333587646484,24.386667251586918,24.06333351135254,24.196666717529297,17370600,,Yahoo Finance daily,2026-07-22T16:59:02
2013-09-09,us,WMT,24.28333282470703,24.549999237060547,24.233333587646484,24.503332138061523,16569000,,Yahoo Finance daily,2026-07-22T16:59:02
2013-09-10,us,WMT,24.553333282470703,24.73666763305664,24.523332595825195,24.65333366394043,20535900,,Yahoo Finance daily,2026-07-22T16:59:02
2013-09-11,us,WMT,24.666667938232425,24.74666786193848,24.553333282470703,24.683332443237305,16007400,,Yahoo Finance daily,2026-07-22T16:59:02
2013-09-12,us,WMT,24.726667404174805,24.84000015258789,24.59000015258789,24.636667251586918,15785400,,Yahoo Finance daily,2026-07-22T16:59:02
2013-09-13,us,WMT,24.709999084472656,24.799999237060547,24.65999984741211,24.786666870117188,12061200,,Yahoo Finance daily,2026-07-22T16:59:02
2013-09-16,us,WMT,24.96666717529297,25.06333351135254,24.89666748046875,24.926666259765625,12601800,,Yahoo Finance daily,2026-07-22T16:59:02
2013-09-17,us,WMT,24.946666717529297,25.156667709350582,24.93000030517578,25.049999237060547,12875400,,Yahoo Finance daily,2026-07-22T16:59:02
2013-09-18,us,WMT,25.053333282470703,25.51000022888184,24.96666717529297,25.47333335876465,20645100,,Yahoo Finance daily,2026-07-22T16:59:02
2013-09-19,us,WMT,25.5,25.51000022888184,25.206666946411133,25.40333366394043,21328500,,Yahoo Finance daily,2026-07-22T16:59:02
2013-09-20,us,WMT,25.440000534057617,25.483333587646484,25.27666664123535,25.27666664123535,26542800,,Yahoo Finance daily,2026-07-22T16:59:02
2013-09-23,us,WMT,25.1299991607666,25.476667404174805,25.06666755676269,25.47333335876465,16814100,,Yahoo Finance daily,2026-07-22T16:59:02
2013-09-24,us,WMT,25.46666717529297,25.57666778564453,25.229999542236328,25.25,20624400,,Yahoo Finance daily,2026-07-22T16:59:02
2013-09-25,us,WMT,25.303333282470703,25.31333351135254,24.520000457763672,24.88333320617676,44916900,,Yahoo Finance daily,2026-07-22T16:59:02
2013-09-26,us,WMT,24.926666259765625,24.99333381652832,24.739999771118164,24.87333297729492,15234300,,Yahoo Finance daily,2026-07-22T16:59:02
2013-09-27,us,WMT,24.793333053588867,24.81999969482422,24.690000534057617,24.786666870117188,12643800,,Yahoo Finance daily,2026-07-22T16:59:02
2013-09-30,us,WMT,24.76000022888184,24.86666679382324,24.57999992370605,24.65333366394043,20257500,,Yahoo Finance daily,2026-07-22T16:59:02
2013-10-01,us,WMT,24.62333297729492,24.6299991607666,24.440000534057617,24.530000686645508,17026500,,Yahoo Finance daily,2026-07-22T16:59:02
2013-10-02,us,WMT,24.46333312988281,24.57333374023437,24.34666633605957,24.57333374023437,22128300,,Yahoo Finance daily,2026-07-22T16:59:02
2013-10-03,us,WMT,24.51000022888184,24.51000022888184,24.31666755676269,24.386667251586918,21538800,,Yahoo Finance daily,2026-07-22T16:59:02
2013-10-04,us,WMT,24.33666610717773,24.459999084472656,24.26333236694336,24.26666641235352,17243100,,Yahoo Finance daily,2026-07-22T16:59:02
2013-10-07,us,WMT,24.13999938964844,24.13999938964844,23.83666610717773,23.956666946411133,20659200,,Yahoo Finance daily,2026-07-22T16:59:02
2013-10-08,us,WMT,23.950000762939453,24.39666748046875,23.933332443237305,24.299999237060547,27672600,,Yahoo Finance daily,2026-07-22T16:59:02
2013-10-09,us,WMT,24.27666664123535,24.446666717529297,24.190000534057617,24.333332061767575,19402200,,Yahoo Finance daily,2026-07-22T16:59:02
2013-10-10,us,WMT,24.49333381652832,24.956666946411133,24.42333221435547,24.93000030517578,23040600,,Yahoo Finance daily,2026-07-22T16:59:02
2013-10-11,us,WMT,24.8700008392334,24.94333267211914,24.61000061035156,24.940000534057617,19587600,,Yahoo Finance daily,2026-07-22T16:59:02
2013-10-14,us,WMT,24.780000686645508,24.90333366394043,24.583332061767575,24.893333435058597,17712000,,Yahoo Finance daily,2026-07-22T16:59:02
2013-10-15,us,WMT,24.809999465942383,25.12333297729492,24.663333892822266,24.790000915527344,26979900,,Yahoo Finance daily,2026-07-22T16:59:02
2013-10-16,us,WMT,24.93666648864746,25.206666946411133,24.856666564941406,25.200000762939453,17743500,,Yahoo Finance daily,2026-07-22T16:59:02
2013-10-17,us,WMT,25.163333892822266,25.37333297729492,23.89666748046875,25.26000022888184,19185300,,Yahoo Finance daily,2026-07-22T16:59:02
2013-10-18,us,WMT,25.26666641235352,25.309999465942383,25.15999984741211,25.23666763305664,20365500,,Yahoo Finance daily,2026-07-22T16:59:02
2013-10-21,us,WMT,25.239999771118164,25.273332595825195,24.940000534057617,25.049999237060547,16092300,,Yahoo Finance daily,2026-07-22T16:59:02
2013-10-22,us,WMT,25.143333435058597,25.49666786193848,25.06999969482422,25.440000534057617,20845500,,Yahoo Finance daily,2026-07-22T16:59:02
2013-10-23,us,WMT,25.393333435058597,25.450000762939453,25.270000457763672,25.299999237060547,17610300,,Yahoo Finance daily,2026-07-22T16:59:02
2013-10-24,us,WMT,25.34333229064941,25.503332138061523,25.273332595825195,25.47333335876465,17592900,,Yahoo Finance daily,2026-07-22T16:59:02
2013-10-25,us,WMT,25.456666946411133,25.58666610717773,25.26000022888184,25.36000061035156,19376400,,Yahoo Finance daily,2026-07-22T16:59:02
2013-10-28,us,WMT,25.386667251586918,25.73666763305664,25.350000381469727,25.71333312988281,21097200,,Yahoo Finance daily,2026-07-22T16:59:02
2013-10-29,us,WMT,25.75,25.87666702270508,25.583332061767575,25.68666648864746,22312800,,Yahoo Finance daily,2026-07-22T16:59:02
2013-10-30,us,WMT,25.75666618347168,25.84333229064941,25.520000457763672,25.636667251586918,13938000,,Yahoo Finance daily,2026-07-22T16:59:02
2013-10-31,us,WMT,25.62666702270508,25.71666717529297,25.53333282470703,25.583332061767575,13837200,,Yahoo Finance daily,2026-07-22T16:59:02
2013-11-01,us,WMT,25.656667709350582,25.799999237060547,25.530000686645508,25.690000534057617,15348300,,Yahoo Finance daily,2026-07-22T16:59:02
2013-11-04,us,WMT,25.739999771118164,25.88333320617676,25.733333587646484,25.77666664123535,14112300,,Yahoo Finance daily,2026-07-22T16:59:02
2013-11-05,us,WMT,25.60333251953125,25.8700008392334,25.57333374023437,25.80666732788086,15256500,,Yahoo Finance daily,2026-07-22T16:59:02
2013-11-06,us,WMT,25.8799991607666,26.09333229064941,25.76666641235352,26.053333282470703,14487600,,Yahoo Finance daily,2026-07-22T16:59:02
2013-11-07,us,WMT,26.06333351135254,26.07333374023437,25.74666786193848,25.83666610717773,25042800,,Yahoo Finance daily,2026-07-22T16:59:02
2013-11-08,us,WMT,25.82999992370605,25.98666763305664,25.59666633605957,25.98666763305664,17381400,,Yahoo Finance daily,2026-07-22T16:59:02
2013-11-11,us,WMT,25.953332901000977,26.356666564941406,25.93000030517578,26.33666610717773,22351500,,Yahoo Finance daily,2026-07-22T16:59:02
2013-11-12,us,WMT,26.28333282470703,26.32333374023437,26.083332061767575,26.23666763305664,15798300,,Yahoo Finance daily,2026-07-22T16:59:02
2013-11-13,us,WMT,26.13999938964844,26.32999992370605,26.11666679382324,26.299999237060547,24860100,,Yahoo Finance daily,2026-07-22T16:59:02
2013-11-14,us,WMT,25.916667938232425,26.51000022888184,25.893333435058597,26.36000061035156,27906300,,Yahoo Finance daily,2026-07-22T16:59:02
2013-11-15,us,WMT,26.309999465942383,26.43000030517578,26.25,26.406667709350582,17733300,,Yahoo Finance daily,2026-07-22T16:59:02
2013-11-18,us,WMT,26.40999984741211,26.440000534057617,26.303333282470703,26.406667709350582,17888100,,Yahoo Finance daily,2026-07-22T16:59:02
2013-11-19,us,WMT,26.433332443237305,26.450000762939453,26.293333053588867,26.416667938232425,13365000,,Yahoo Finance daily,2026-07-22T16:59:02
2013-11-20,us,WMT,26.43666648864746,26.46333312988281,26.163333892822266,26.299999237060547,13533900,,Yahoo Finance daily,2026-07-22T16:59:02
2013-11-21,us,WMT,26.24666786193848,26.399999618530277,26.183332443237305,26.286666870117188,11523000,,Yahoo Finance daily,2026-07-22T16:59:02
2013-11-22,us,WMT,26.290000915527344,26.62333297729492,26.25,26.60333251953125,14436300,,Yahoo Finance daily,2026-07-22T16:59:02
2013-11-25,us,WMT,26.68666648864746,26.856666564941406,26.636667251586918,26.809999465942383,17011200,,Yahoo Finance daily,2026-07-22T16:59:02
2013-11-26,us,WMT,26.81333351135254,26.893333435058597,26.703332901000977,26.893333435058597,16613400,,Yahoo Finance daily,2026-07-22T16:59:02
2013-11-27,us,WMT,26.850000381469727,27.0,26.793333053588867,26.976667404174805,14439900,,Yahoo Finance daily,2026-07-22T16:59:02
2013-11-29,us,WMT,27.05666732788086,27.11666679382324,26.940000534057617,27.003332138061523,10341600,,Yahoo Finance daily,2026-07-22T16:59:02
2013-12-02,us,WMT,26.96333312988281,27.09333229064941,26.790000915527344,27.036666870117188,18535200,,Yahoo Finance daily,2026-07-22T16:59:02
2013-12-03,us,WMT,27.06999969482422,27.11000061035156,26.899999618530277,27.06999969482422,22519200,,Yahoo Finance daily,2026-07-22T16:59:02
2013-12-04,us,WMT,26.8799991607666,27.12333297729492,26.636667251586918,26.739999771118164,22923600,,Yahoo Finance daily,2026-07-22T16:59:02
2013-12-05,us,WMT,26.57333374023437,26.59000015258789,26.290000915527344,26.479999542236328,19350000,,Yahoo Finance daily,2026-07-22T16:59:02
2013-12-06,us,WMT,26.56999969482422,26.74333381652832,26.546667098999023,26.64666748046875,15264300,,Yahoo Finance daily,2026-07-22T16:59:02
2013-12-09,us,WMT,26.74666786193848,26.809999465942383,26.56666755676269,26.649999618530277,13474800,,Yahoo Finance daily,2026-07-22T16:59:02
2013-12-10,us,WMT,26.57333374023437,26.600000381469727,26.350000381469727,26.36000061035156,18857100,,Yahoo Finance daily,2026-07-22T16:59:02
2013-12-11,us,WMT,26.36666679382324,26.57333374023437,26.350000381469727,26.36333274841309,17996400,,Yahoo Finance daily,2026-07-22T16:59:02
2013-12-12,us,WMT,26.3700008392334,26.420000076293945,26.13333320617676,26.166667938232425,17074800,,Yahoo Finance daily,2026-07-22T16:59:02
2013-12-13,us,WMT,26.24333381652832,26.25666618347168,25.976667404174805,26.02666664123535,14943600,,Yahoo Finance daily,2026-07-22T16:59:02
2013-12-16,us,WMT,26.083332061767575,26.166667938232425,25.86666679382324,25.913333892822266,18440700,,Yahoo Finance daily,2026-07-22T16:59:02
2013-12-17,us,WMT,25.913333892822266,25.96333312988281,25.739999771118164,25.75,17296200,,Yahoo Finance daily,2026-07-22T16:59:02
2013-12-18,us,WMT,25.76000022888184,25.99333381652832,25.60333251953125,25.979999542236328,31901100,,Yahoo Finance daily,2026-07-22T16:59:02
2013-12-19,us,WMT,25.88999938964844,25.94333267211914,25.733333587646484,25.74666786193848,17866200,,Yahoo Finance daily,2026-07-22T16:59:02
2013-12-20,us,WMT,25.76000022888184,25.959999084472656,25.75,25.809999465942383,28706400,,Yahoo Finance daily,2026-07-22T16:59:02
2013-12-23,us,WMT,25.90999984741211,25.99666786193848,25.790000915527344,25.956666946411133,13475700,,Yahoo Finance daily,2026-07-22T16:59:02
2013-12-24,us,WMT,25.983333587646484,26.07999992370605,25.87666702270508,26.003332138061523,6284700,,Yahoo Finance daily,2026-07-22T16:59:02
2013-12-26,us,WMT,26.020000457763672,26.17333221435547,25.989999771118164,26.1299991607666,8334600,,Yahoo Finance daily,2026-07-22T16:59:02
2013-12-27,us,WMT,26.200000762939453,26.309999465942383,26.100000381469727,26.156667709350582,9150000,,Yahoo Finance daily,2026-07-22T16:59:02
2013-12-30,us,WMT,26.203332901000977,26.293333053588867,26.143333435058597,26.209999084472656,9259500,,Yahoo Finance daily,2026-07-22T16:59:02
2013-12-31,us,WMT,26.21999931335449,26.290000915527344,26.11666679382324,26.229999542236328,11577300,,Yahoo Finance daily,2026-07-22T16:59:02
2014-01-02,us,WMT,26.239999771118164,26.489999771118164,26.166667938232425,26.303333282470703,20634000,,Yahoo Finance daily,2026-07-22T16:59:02
2014-01-03,us,WMT,26.270000457763672,26.37666702270508,26.17333221435547,26.21666717529297,14872200,,Yahoo Finance daily,2026-07-22T16:59:02
2014-01-06,us,WMT,26.286666870117188,26.303333282470703,25.93000030517578,26.06999969482422,21840600,,Yahoo Finance daily,2026-07-22T16:59:02
2014-01-07,us,WMT,26.05666732788086,26.28333282470703,25.97333335876465,26.149999618530277,15036900,,Yahoo Finance daily,2026-07-22T16:59:02
2014-01-08,us,WMT,26.166667938232425,26.170000076293945,25.86666679382324,25.94333267211914,17865600,,Yahoo Finance daily,2026-07-22T16:59:02
2014-01-09,us,WMT,26.1299991607666,26.13333320617676,25.82999992370605,26.030000686645508,17748900,,Yahoo Finance daily,2026-07-22T16:59:02
2014-01-10,us,WMT,26.10333251953125,26.239999771118164,25.84666633605957,26.01333236694336,15543900,,Yahoo Finance daily,2026-07-22T16:59:02
2014-01-13,us,WMT,25.86666679382324,25.989999771118164,25.74666786193848,25.82999992370605,18473700,,Yahoo Finance daily,2026-07-22T16:59:02
2014-01-14,us,WMT,25.81999969482422,26.0,25.793333053588867,25.98666763305664,12264600,,Yahoo Finance daily,2026-07-22T16:59:02
2014-01-15,us,WMT,25.98666763305664,26.03333282470703,25.856666564941406,25.886667251586918,14977200,,Yahoo Finance daily,2026-07-22T16:59:02
2014-01-16,us,WMT,25.796667098999023,25.82333374023437,25.450000762939453,25.58666610717773,21604500,,Yahoo Finance daily,2026-07-22T16:59:02
2014-01-17,us,WMT,25.57666778564453,25.606666564941406,25.34333229064941,25.39666748046875,34322100,,Yahoo Finance daily,2026-07-22T16:59:02
2014-01-21,us,WMT,25.416667938232425,25.46333312988281,24.953332901000977,25.280000686645508,26913300,,Yahoo Finance daily,2026-07-22T16:59:02
2014-01-22,us,WMT,25.36000061035156,25.36000061035156,25.01000022888184,25.11666679382324,17561100,,Yahoo Finance daily,2026-07-22T16:59:02
2014-01-23,us,WMT,24.946666717529297,25.040000915527344,24.82333374023437,24.98666763305664,18018900,,Yahoo Finance daily,2026-07-22T16:59:02
2014-01-24,us,WMT,24.90999984741211,25.040000915527344,24.74333381652832,24.80666732788086,27998400,,Yahoo Finance daily,2026-07-22T16:59:02
2014-01-27,us,WMT,24.709999084472656,24.790000915527344,24.61000061035156,24.71666717529297,27266100,,Yahoo Finance daily,2026-07-22T16:59:02
2014-01-28,us,WMT,24.753332138061523,25.13333320617676,24.700000762939453,24.88999938964844,18070200,,Yahoo Finance daily,2026-07-22T16:59:02
2014-01-29,us,WMT,25.09666633605957,25.12333297729492,24.690000534057617,24.700000762939453,25301100,,Yahoo Finance daily,2026-07-22T16:59:02
2014-01-30,us,WMT,24.84666633605957,25.030000686645508,24.786666870117188,24.916667938232425,20198700,,Yahoo Finance daily,2026-07-22T16:59:02
2014-01-31,us,WMT,24.63999938964844,25.06333351135254,24.546667098999023,24.893333435058597,31634400,,Yahoo Finance daily,2026-07-22T16:59:02
2014-02-03,us,WMT,24.729999542236328,24.833332061767575,24.18000030517578,24.21999931335449,31292100,,Yahoo Finance daily,2026-07-22T16:59:02
2014-02-04,us,WMT,24.22333335876465,24.36666679382324,24.100000381469727,24.24333381652832,23266500,,Yahoo Finance daily,2026-07-22T16:59:02
2014-02-05,us,WMT,24.09000015258789,24.386667251586918,24.09000015258789,24.290000915527344,14322900,,Yahoo Finance daily,2026-07-22T16:59:02
2014-02-06,us,WMT,24.32333374023437,24.40333366394043,24.166667938232425,24.273332595825195,22059300,,Yahoo Finance daily,2026-07-22T16:59:02
2014-02-07,us,WMT,24.350000381469727,24.600000381469727,24.166667938232425,24.583332061767575,21862800,,Yahoo Finance daily,2026-07-22T16:59:02
2014-02-10,us,WMT,24.530000686645508,24.58666610717773,24.31999969482422,24.58666610717773,18612300,,Yahoo Finance daily,2026-07-22T16:59:02
2014-02-11,us,WMT,24.63333320617676,24.950000762939453,24.55666732788086,24.933332443237305,19533600,,Yahoo Finance daily,2026-07-22T16:59:02
2014-02-12,us,WMT,24.739999771118164,25.059999465942383,24.739999771118164,24.98666763305664,16019400,,Yahoo Finance daily,2026-07-22T16:59:02
2014-02-13,us,WMT,24.893333435058597,25.163333892822266,24.85333251953125,25.1200008392334,15750600,,Yahoo Finance daily,2026-07-22T16:59:02
2014-02-14,us,WMT,25.13333320617676,25.32999992370605,25.03333282470703,25.26333236694336,14726700,,Yahoo Finance daily,2026-07-22T16:59:02
2014-02-18,us,WMT,25.163333892822266,25.21666717529297,24.953332901000977,25.11000061035156,17981400,,Yahoo Finance daily,2026-07-22T16:59:02
2014-02-19,us,WMT,25.003332138061523,25.106666564941406,24.803333282470703,24.950000762939453,24390900,,Yahoo Finance daily,2026-07-22T16:59:02
2014-02-20,us,WMT,24.350000381469727,24.666667938232425,24.270000457763672,24.50666618347168,39237300,,Yahoo Finance daily,2026-07-22T16:59:02
2014-02-21,us,WMT,24.39666748046875,24.46666717529297,24.273332595825195,24.37333297729492,26913000,,Yahoo Finance daily,2026-07-22T16:59:02
2014-02-24,us,WMT,24.413333892822266,24.606666564941406,24.3799991607666,24.450000762939453,21964500,,Yahoo Finance daily,2026-07-22T16:59:02
2014-02-25,us,WMT,24.393333435058597,24.57999992370605,24.36333274841309,24.450000762939453,28448100,,Yahoo Finance daily,2026-07-22T16:59:02
2014-02-26,us,WMT,24.64666748046875,25.03333282470703,24.59666633605957,24.926666259765625,27066600,,Yahoo Finance daily,2026-07-22T16:59:02
2014-02-27,us,WMT,24.926666259765625,24.926666259765625,24.696666717529297,24.85333251953125,16344600,,Yahoo Finance daily,2026-07-22T16:59:02
2014-02-28,us,WMT,24.82666778564453,25.06333351135254,24.733333587646484,24.899999618530277,22333800,,Yahoo Finance daily,2026-07-22T16:59:02
2014-03-03,us,WMT,24.82999992370605,24.88999938964844,24.61000061035156,24.706666946411133,16042800,,Yahoo Finance daily,2026-07-22T16:59:02
2014-03-04,us,WMT,24.92333221435547,25.163333892822266,24.886667251586918,25.043333053588867,22631400,,Yahoo Finance daily,2026-07-22T16:59:02
2014-03-05,us,WMT,25.106666564941406,25.11000061035156,24.86000061035156,24.933332443237305,16574400,,Yahoo Finance daily,2026-07-22T16:59:02
2014-03-06,us,WMT,24.953332901000977,25.036666870117188,24.83666610717773,24.959999084472656,15319800,,Yahoo Finance daily,2026-07-22T16:59:02
2014-03-07,us,WMT,24.98666763305664,24.98666763305664,24.786666870117188,24.86000061035156,15163800,,Yahoo Finance daily,2026-07-22T16:59:02
2014-03-10,us,WMT,24.84000015258789,24.86666679382324,24.683332443237305,24.809999465942383,14481000,,Yahoo Finance daily,2026-07-22T16:59:02
2014-03-11,us,WMT,24.906667709350582,24.989999771118164,24.733333587646484,24.97333335876465,27016800,,Yahoo Finance daily,2026-07-22T16:59:02
2014-03-12,us,WMT,24.950000762939453,25.25,24.940000534057617,25.176666259765625,25882800,,Yahoo Finance daily,2026-07-22T16:59:02
2014-03-13,us,WMT,25.23666763305664,25.393333435058597,24.96999931335449,24.976667404174805,17473500,,Yahoo Finance daily,2026-07-22T16:59:02
2014-03-14,us,WMT,24.88999938964844,25.023332595825195,24.75666618347168,24.76000022888184,19857000,,Yahoo Finance daily,2026-07-22T16:59:02
2014-03-17,us,WMT,24.76666641235352,24.950000762939453,24.670000076293945,24.893333435058597,17341200,,Yahoo Finance daily,2026-07-22T16:59:02
2014-03-18,us,WMT,24.886667251586918,24.99666786193848,24.81666755676269,24.92333221435547,11831400,,Yahoo Finance daily,2026-07-22T16:59:02
2014-03-19,us,WMT,24.85333251953125,25.036666870117188,24.67333221435547,24.793333053588867,17283300,,Yahoo Finance daily,2026-07-22T16:59:02
2014-03-20,us,WMT,24.67333221435547,25.226667404174805,24.6200008392334,25.12666702270508,25912500,,Yahoo Finance daily,2026-07-22T16:59:02
2014-03-21,us,WMT,25.296667098999023,25.67333221435547,25.149999618530277,25.36666679382324,51480600,,Yahoo Finance daily,2026-07-22T16:59:02
2014-03-24,us,WMT,25.40333366394043,25.600000381469727,25.3700008392334,25.58666610717773,21838500,,Yahoo Finance daily,2026-07-22T16:59:02
2014-03-25,us,WMT,25.62666702270508,25.71333312988281,25.386667251586918,25.62333297729492,22146600,,Yahoo Finance daily,2026-07-22T16:59:02
2014-03-26,us,WMT,25.69333267211914,25.84333229064941,25.40999984741211,25.40999984741211,23183400,,Yahoo Finance daily,2026-07-22T16:59:02
2014-03-27,us,WMT,25.459999084472656,25.606666564941406,25.34666633605957,25.3799991607666,16789800,,Yahoo Finance daily,2026-07-22T16:59:02
2014-03-28,us,WMT,25.420000076293945,25.53333282470703,25.25666618347168,25.33666610717773,17613300,,Yahoo Finance daily,2026-07-22T16:59:02
2014-03-31,us,WMT,25.450000762939453,25.59333229064941,25.34000015258789,25.476667404174805,14086800,,Yahoo Finance daily,2026-07-22T16:59:02
2014-04-01,us,WMT,25.58666610717773,25.75,25.51333236694336,25.59000015258789,17310000,,Yahoo Finance daily,2026-07-22T16:59:02
2014-04-02,us,WMT,25.52666664123535,25.729999542236328,25.446666717529297,25.726667404174805,18234300,,Yahoo Finance daily,2026-07-22T16:59:02
2014-04-03,us,WMT,25.733333587646484,25.850000381469727,25.666667938232425,25.81999969482422,18121500,,Yahoo Finance daily,2026-07-22T16:59:02
2014-04-04,us,WMT,25.86000061035156,25.96666717529297,25.75,25.770000457763672,20280600,,Yahoo Finance daily,2026-07-22T16:59:02
2014-04-07,us,WMT,25.74333381652832,25.906667709350582,25.696666717529297,25.770000457763672,23027100,,Yahoo Finance daily,2026-07-22T16:59:02
2014-04-08,us,WMT,25.696666717529297,26.10333251953125,25.600000381469727,26.059999465942383,22496100,,Yahoo Finance daily,2026-07-22T16:59:02
2014-04-09,us,WMT,26.06666755676269,26.07333374023437,25.76000022888184,25.989999771118164,20633400,,Yahoo Finance daily,2026-07-22T16:59:02
2014-04-10,us,WMT,25.983333587646484,26.046667098999023,25.549999237060547,25.6299991607666,22798800,,Yahoo Finance daily,2026-07-22T16:59:02
2014-04-11,us,WMT,25.59333229064941,25.74333381652832,25.43000030517578,25.5,23937000,,Yahoo Finance daily,2026-07-22T16:59:02
2014-04-14,us,WMT,25.64666748046875,25.850000381469727,25.59666633605957,25.793333053588867,16127700,,Yahoo Finance daily,2026-07-22T16:59:02
2014-04-15,us,WMT,25.676666259765625,25.770000457763672,25.479999542236328,25.62666702270508,20785800,,Yahoo Finance daily,2026-07-22T16:59:02
2014-04-16,us,WMT,25.770000457763672,25.82333374023437,25.676666259765625,25.739999771118164,15110400,,Yahoo Finance daily,2026-07-22T16:59:02
2014-04-17,us,WMT,25.69333267211914,25.916667938232425,25.69333267211914,25.886667251586918,20894100,,Yahoo Finance daily,2026-07-22T16:59:02
2014-04-21,us,WMT,25.803333282470703,25.90999984741211,25.726667404174805,25.86666679382324,13785300,,Yahoo Finance daily,2026-07-22T16:59:02
2014-04-22,us,WMT,25.84000015258789,25.94333267211914,25.796667098999023,25.85333251953125,19396500,,Yahoo Finance daily,2026-07-22T16:59:02
2014-04-23,us,WMT,25.940000534057617,26.09333229064941,25.856666564941406,26.01333236694336,17418600,,Yahoo Finance daily,2026-07-22T16:59:02
2014-04-24,us,WMT,26.05666732788086,26.156667709350582,25.899999618530277,26.10333251953125,13042500,,Yahoo Finance daily,2026-07-22T16:59:02
2014-04-25,us,WMT,26.10333251953125,26.26000022888184,26.00666618347168,26.206666946411133,16177800,,Yahoo Finance daily,2026-07-22T16:59:02
2014-04-28,us,WMT,26.286666870117188,26.663333892822266,26.27666664123535,26.58666610717773,28796100,,Yahoo Finance daily,2026-07-22T16:59:02
2014-04-29,us,WMT,26.61333274841309,26.62333297729492,26.523332595825195,26.55666732788086,14087100,,Yahoo Finance daily,2026-07-22T16:59:02
2014-04-30,us,WMT,26.530000686645508,26.643333435058597,26.503332138061523,26.56999969482422,18335100,,Yahoo Finance daily,2026-07-22T16:59:02
2014-05-01,us,WMT,26.57666778564453,26.57666778564453,26.386667251586918,26.56666755676269,15294000,,Yahoo Finance daily,2026-07-22T16:59:02
2014-05-02,us,WMT,26.53333282470703,26.58666610717773,26.33666610717773,26.37333297729492,16860000,,Yahoo Finance daily,2026-07-22T16:59:02
2014-05-05,us,WMT,26.286666870117188,26.31666755676269,26.170000076293945,26.206666946411133,13773000,,Yahoo Finance daily,2026-07-22T16:59:02
2014-05-06,us,WMT,26.11000061035156,26.1299991607666,25.989999771118164,26.003332138061523,16916700,,Yahoo Finance daily,2026-07-22T16:59:02
2014-05-07,us,WMT,25.950000762939453,26.03333282470703,25.84333229064941,25.98666763305664,18258600,,Yahoo Finance daily,2026-07-22T16:59:02
2014-05-08,us,WMT,26.0,26.27666664123535,26.0,26.229999542236328,14461800,,Yahoo Finance daily,2026-07-22T16:59:02
2014-05-09,us,WMT,26.17333221435547,26.426666259765625,26.17333221435547,26.399999618530277,14689200,,Yahoo Finance daily,2026-07-22T16:59:02
2014-05-12,us,WMT,26.31666755676269,26.40999984741211,26.21666717529297,26.38333320617676,17999400,,Yahoo Finance daily,2026-07-22T16:59:02
2014-05-13,us,WMT,26.38999938964844,26.456666946411133,26.32999992370605,26.3799991607666,13091100,,Yahoo Finance daily,2026-07-22T16:59:02
2014-05-14,us,WMT,26.350000381469727,26.350000381469727,26.023332595825195,26.24666786193848,16824900,,Yahoo Finance daily,2026-07-22T16:59:02
2014-05-15,us,WMT,25.426666259765625,25.81333351135254,25.416667938232425,25.61000061035156,39107400,,Yahoo Finance daily,2026-07-22T16:59:02
2014-05-16,us,WMT,25.666667938232425,25.793333053588867,25.549999237060547,25.670000076293945,21731400,,Yahoo Finance daily,2026-07-22T16:59:02
2014-05-19,us,WMT,25.703332901000977,25.709999084472656,25.5,25.536666870117188,18393900,,Yahoo Finance daily,2026-07-22T16:59:02
2014-05-20,us,WMT,25.453332901000977,25.456666946411133,25.17333221435547,25.229999542236328,22310100,,Yahoo Finance daily,2026-07-22T16:59:02
2014-05-21,us,WMT,25.31333351135254,25.31999969482422,25.09000015258789,25.21999931335449,17112300,,Yahoo Finance daily,2026-07-22T16:59:02
2014-05-22,us,WMT,25.26333236694336,25.30666732788086,25.07999992370605,25.1299991607666,15731100,,Yahoo Finance daily,2026-07-22T16:59:02
2014-05-23,us,WMT,25.18666648864746,25.25,25.143333435058597,25.203332901000977,11110800,,Yahoo Finance daily,2026-07-22T16:59:02
2014-05-27,us,WMT,25.23666763305664,25.270000457763672,25.09666633605957,25.196666717529297,16112400,,Yahoo Finance daily,2026-07-22T16:59:02
2014-05-28,us,WMT,25.12666702270508,25.31333351135254,25.11333274841309,25.176666259765625,15110700,,Yahoo Finance daily,2026-07-22T16:59:02
2014-05-29,us,WMT,25.22333335876465,25.39666748046875,25.190000534057617,25.32666778564453,12010500,,Yahoo Finance daily,2026-07-22T16:59:02
2014-05-30,us,WMT,25.35333251953125,25.60333251953125,25.33666610717773,25.59000015258789,17894400,,Yahoo Finance daily,2026-07-22T16:59:02
2014-06-02,us,WMT,25.52666664123535,25.703332901000977,25.489999771118164,25.58666610717773,13171200,,Yahoo Finance daily,2026-07-22T16:59:02
2014-06-03,us,WMT,25.57999992370605,25.656667709350582,25.453332901000977,25.56999969482422,21640800,,Yahoo Finance daily,2026-07-22T16:59:02
2014-06-04,us,WMT,25.53333282470703,25.76666641235352,25.51000022888184,25.709999084472656,18599700,,Yahoo Finance daily,2026-07-22T16:59:02
2014-06-05,us,WMT,25.683332443237305,25.81333351135254,25.62333297729492,25.773332595825195,14087400,,Yahoo Finance daily,2026-07-22T16:59:02
2014-06-06,us,WMT,25.81999969482422,25.86333274841309,25.690000534057617,25.73666763305664,12566700,,Yahoo Finance daily,2026-07-22T16:59:02
2014-06-09,us,WMT,25.690000534057617,25.920000076293945,25.56666755676269,25.670000076293945,16642800,,Yahoo Finance daily,2026-07-22T16:59:02
2014-06-10,us,WMT,25.60333251953125,25.64666748046875,25.503332138061523,25.540000915527344,10097100,,Yahoo Finance daily,2026-07-22T16:59:02
2014-06-11,us,WMT,25.51666641235352,25.57999992370605,25.350000381469727,25.386667251586918,13389900,,Yahoo Finance daily,2026-07-22T16:59:02
2014-06-12,us,WMT,25.350000381469727,25.39666748046875,25.19333267211914,25.24333381652832,16009800,,Yahoo Finance daily,2026-07-22T16:59:02
2014-06-13,us,WMT,25.22333335876465,25.253332138061523,25.040000915527344,25.09333229064941,14944500,,Yahoo Finance daily,2026-07-22T16:59:02
2014-06-16,us,WMT,25.036666870117188,25.15999984741211,25.00666618347168,25.11333274841309,11540700,,Yahoo Finance daily,2026-07-22T16:59:02
2014-06-17,us,WMT,25.09666633605957,25.13999938964844,24.97333335876465,24.99666786193848,19632600,,Yahoo Finance daily,2026-07-22T16:59:02
2014-06-18,us,WMT,25.01333236694336,25.31999969482422,24.97333335876465,25.233333587646484,20222100,,Yahoo Finance daily,2026-07-22T16:59:02
2014-06-19,us,WMT,25.293333053588867,25.426666259765625,25.26666641235352,25.290000915527344,15765900,,Yahoo Finance daily,2026-07-22T16:59:02
2014-06-20,us,WMT,25.386667251586918,25.38999938964844,25.040000915527344,25.226667404174805,33992100,,Yahoo Finance daily,2026-07-22T16:59:02
2014-06-23,us,WMT,25.18666648864746,25.31333351135254,25.100000381469727,25.26333236694336,12802200,,Yahoo Finance daily,2026-07-22T16:59:02
2014-06-24,us,WMT,25.34333229064941,25.40333366394043,25.226667404174805,25.32333374023437,16956900,,Yahoo Finance daily,2026-07-22T16:59:02
2014-06-25,us,WMT,25.253332138061523,25.280000686645508,25.09333229064941,25.206666946411133,12954600,,Yahoo Finance daily,2026-07-22T16:59:02
2014-06-26,us,WMT,25.17333221435547,25.203332901000977,24.899999618530277,24.96999931335449,20766300,,Yahoo Finance daily,2026-07-22T16:59:02
2014-06-27,us,WMT,24.933332443237305,25.12666702270508,24.88999938964844,25.11333274841309,41882400,,Yahoo Finance daily,2026-07-22T16:59:02
2014-06-30,us,WMT,25.13333320617676,25.229999542236328,24.979999542236328,25.023332595825195,19961400,,Yahoo Finance daily,2026-07-22T16:59:02
2014-07-01,us,WMT,25.09000015258789,25.13999938964844,24.916667938232425,25.09333229064941,19813500,,Yahoo Finance daily,2026-07-22T16:59:02
2014-07-02,us,WMT,25.08666610717773,25.299999237060547,25.083332061767575,25.206666946411133,13100400,,Yahoo Finance daily,2026-07-22T16:59:02
2014-07-03,us,WMT,25.203332901000977,25.350000381469727,25.17333221435547,25.25,8622000,,Yahoo Finance daily,2026-07-22T16:59:02
2014-07-07,us,WMT,25.229999542236328,25.40333366394043,25.183332443237305,25.356666564941406,15084000,,Yahoo Finance daily,2026-07-22T16:59:02
2014-07-08,us,WMT,25.36333274841309,25.65999984741211,25.34333229064941,25.549999237060547,23881500,,Yahoo Finance daily,2026-07-22T16:59:02
2014-07-09,us,WMT,25.59000015258789,25.77666664123535,25.540000915527344,25.73666763305664,18720300,,Yahoo Finance daily,2026-07-22T16:59:02
2014-07-10,us,WMT,25.636667251586918,25.856666564941406,25.636667251586918,25.68666648864746,16117500,,Yahoo Finance daily,2026-07-22T16:59:02
2014-07-11,us,WMT,25.62333297729492,25.656667709350582,25.520000457763672,25.606666564941406,13642500,,Yahoo Finance daily,2026-07-22T16:59:02
2014-07-14,us,WMT,25.709999084472656,25.75,25.49333381652832,25.51666641235352,14468700,,Yahoo Finance daily,2026-07-22T16:59:02
2014-07-15,us,WMT,25.520000457763672,25.643333435058597,25.520000457763672,25.61333274841309,13970700,,Yahoo Finance daily,2026-07-22T16:59:02
2014-07-16,us,WMT,25.63333320617676,25.683332443237305,25.56666755676269,25.6200008392334,11172600,,Yahoo Finance daily,2026-07-22T16:59:02
2014-07-17,us,WMT,25.52666664123535,25.683332443237305,25.479999542236328,25.536666870117188,13890900,,Yahoo Finance daily,2026-07-22T16:59:02
2014-07-18,us,WMT,25.540000915527344,25.700000762939453,25.503332138061523,25.696666717529297,14739900,,Yahoo Finance daily,2026-07-22T16:59:02
2014-07-21,us,WMT,25.58666610717773,25.636667251586918,25.49333381652832,25.59000015258789,10372800,,Yahoo Finance daily,2026-07-22T16:59:02
2014-07-22,us,WMT,25.61333274841309,25.6299991607666,25.46666717529297,25.546667098999023,13149600,,Yahoo Finance daily,2026-07-22T16:59:02
2014-07-23,us,WMT,25.543333053588867,25.68666648864746,25.530000686645508,25.663333892822266,11982900,,Yahoo Finance daily,2026-07-22T16:59:02
2014-07-24,us,WMT,25.559999465942383,25.59666633605957,25.39666748046875,25.450000762939453,21684900,,Yahoo Finance daily,2026-07-22T16:59:02
2014-07-25,us,WMT,25.39666748046875,25.453332901000977,25.26666641235352,25.32333374023437,11845200,,Yahoo Finance daily,2026-07-22T16:59:02
2014-07-28,us,WMT,25.143333435058597,25.309999465942383,25.1200008392334,25.23666763305664,16529700,,Yahoo Finance daily,2026-07-22T16:59:02
2014-07-29,us,WMT,25.06999969482422,25.33666610717773,25.049999237060547,25.14666748046875,18880500,,Yahoo Finance daily,2026-07-22T16:59:02
2014-07-30,us,WMT,25.293333053588867,25.30666732788086,24.88999938964844,24.926666259765625,29931600,,Yahoo Finance daily,2026-07-22T16:59:02
2014-07-31,us,WMT,24.663333892822266,24.75,24.51333236694336,24.52666664123535,28894800,,Yahoo Finance daily,2026-07-22T16:59:02
2014-08-01,us,WMT,24.440000534057617,24.62666702270508,24.406667709350582,24.51333236694336,24671700,,Yahoo Finance daily,2026-07-22T16:59:02
2014-08-04,us,WMT,24.459999084472656,24.543333053588867,24.35333251953125,24.51333236694336,16206300,,Yahoo Finance daily,2026-07-22T16:59:02
2014-08-05,us,WMT,24.43666648864746,24.50666618347168,24.25666618347168,24.446666717529297,31739700,,Yahoo Finance daily,2026-07-22T16:59:02
2014-08-06,us,WMT,24.39666748046875,24.76333236694336,24.393333435058597,24.733333587646484,23804400,,Yahoo Finance daily,2026-07-22T16:59:02
2014-08-07,us,WMT,24.780000686645508,24.93666648864746,24.58666610717773,24.649999618530277,21147000,,Yahoo Finance daily,2026-07-22T16:59:02
2014-08-08,us,WMT,24.68666648864746,24.90999984741211,24.61666679382324,24.88999938964844,14988900,,Yahoo Finance daily,2026-07-22T16:59:02
2014-08-11,us,WMT,24.76333236694336,24.86666679382324,24.67333221435547,24.786666870117188,14164200,,Yahoo Finance daily,2026-07-22T16:59:02
2014-08-12,us,WMT,24.770000457763672,24.81333351135254,24.670000076293945,24.739999771118164,11784600,,Yahoo Finance daily,2026-07-22T16:59:02
2014-08-13,us,WMT,24.75666618347168,24.803333282470703,24.503332138061523,24.676666259765625,19857300,,Yahoo Finance daily,2026-07-22T16:59:02
2014-08-14,us,WMT,24.6299991607666,24.809999465942383,24.536666870117188,24.796667098999023,18408900,,Yahoo Finance daily,2026-07-22T16:59:02
2014-08-15,us,WMT,24.88333320617676,24.88333320617676,24.49666786193848,24.63333320617676,20828100,,Yahoo Finance daily,2026-07-22T16:59:02
2014-08-18,us,WMT,24.71666717529297,24.893333435058597,24.683332443237305,24.82999992370605,12047100,,Yahoo Finance daily,2026-07-22T16:59:02
2014-08-19,us,WMT,24.93666648864746,24.979999542236328,24.71333312988281,24.959999084472656,15143700,,Yahoo Finance daily,2026-07-22T16:59:02
2014-08-20,us,WMT,24.94333267211914,25.01666641235352,24.83666610717773,24.98666763305664,14694900,,Yahoo Finance daily,2026-07-22T16:59:02
2014-08-21,us,WMT,25.020000457763672,25.303333282470703,25.0,25.183332443237305,15781800,,Yahoo Finance daily,2026-07-22T16:59:02
2014-08-22,us,WMT,25.26000022888184,25.399999618530277,25.21333312988281,25.24333381652832,12413400,,Yahoo Finance daily,2026-07-22T16:59:02
2014-08-25,us,WMT,25.309999465942383,25.34000015258789,25.170000076293945,25.229999542236328,10180800,,Yahoo Finance daily,2026-07-22T16:59:02
2014-08-26,us,WMT,25.27666664123535,25.38333320617676,25.14666748046875,25.17333221435547,12668700,,Yahoo Finance daily,2026-07-22T16:59:02
2014-08-27,us,WMT,25.170000076293945,25.286666870117188,25.14666748046875,25.28333282470703,9601200,,Yahoo Finance daily,2026-07-22T16:59:02
2014-08-28,us,WMT,25.156667709350582,25.31333351135254,25.156667709350582,25.299999237060547,8771100,,Yahoo Finance daily,2026-07-22T16:59:02
2014-08-29,us,WMT,25.25,25.293333053588867,25.09666633605957,25.166667938232425,15241500,,Yahoo Finance daily,2026-07-22T16:59:02
2014-09-02,us,WMT,25.13999938964844,25.31333351135254,25.136667251586918,25.25,13597200,,Yahoo Finance daily,2026-07-22T16:59:02
2014-09-03,us,WMT,25.31666755676269,25.44333267211914,25.293333053588867,25.33666610717773,14128200,,Yahoo Finance daily,2026-07-22T16:59:02
2014-09-04,us,WMT,25.386667251586918,25.53333282470703,25.3700008392334,25.520000457763672,15846900,,Yahoo Finance daily,2026-07-22T16:59:02
2014-09-05,us,WMT,25.50666618347168,25.90999984741211,25.49333381652832,25.83666610717773,23525400,,Yahoo Finance daily,2026-07-22T16:59:02
2014-09-08,us,WMT,25.709999084472656,25.773332595825195,25.476667404174805,25.51000022888184,17816700,,Yahoo Finance daily,2026-07-22T16:59:02
2014-09-09,us,WMT,25.520000457763672,25.666667938232425,25.38999938964844,25.57999992370605,16896000,,Yahoo Finance daily,2026-07-22T16:59:02
2014-09-10,us,WMT,25.59666633605957,25.69333267211914,25.456666946411133,25.503332138061523,20091300,,Yahoo Finance daily,2026-07-22T16:59:02
2014-09-11,us,WMT,25.450000762939453,25.479999542236328,25.36333274841309,25.36666679382324,14859900,,Yahoo Finance daily,2026-07-22T16:59:02
2014-09-12,us,WMT,25.32333374023437,25.350000381469727,25.21999931335449,25.25666618347168,16956900,,Yahoo Finance daily,2026-07-22T16:59:02
2014-09-15,us,WMT,25.26000022888184,25.296667098999023,25.203332901000977,25.270000457763672,11245500,,Yahoo Finance daily,2026-07-22T16:59:02
2014-09-16,us,WMT,25.21333312988281,25.523332595825195,25.200000762939453,25.440000534057617,12328500,,Yahoo Finance daily,2026-07-22T16:59:02
2014-09-17,us,WMT,25.453332901000977,25.489999771118164,25.33666610717773,25.413333892822266,12717000,,Yahoo Finance daily,2026-07-22T16:59:02
2014-09-18,us,WMT,25.43666648864746,25.52666664123535,25.303333282470703,25.406667709350582,14255100,,Yahoo Finance daily,2026-07-22T16:59:02
2014-09-19,us,WMT,25.483333587646484,25.690000534057617,25.459999084472656,25.61333274841309,39970500,,Yahoo Finance daily,2026-07-22T16:59:02
2014-09-22,us,WMT,25.59666633605957,25.6200008392334,25.416667938232425,25.43666648864746,13352100,,Yahoo Finance daily,2026-07-22T16:59:02
2014-09-23,us,WMT,25.333332061767575,25.406667709350582,25.190000534057617,25.200000762939453,20124000,,Yahoo Finance daily,2026-07-22T16:59:02
2014-09-24,us,WMT,25.24333381652832,25.770000457763672,25.233333587646484,25.69333267211914,25303800,,Yahoo Finance daily,2026-07-22T16:59:02
2014-09-25,us,WMT,25.643333435058597,25.683332443237305,25.37333297729492,25.37333297729492,14890500,,Yahoo Finance daily,2026-07-22T16:59:02
2014-09-26,us,WMT,25.416667938232425,25.523332595825195,25.286666870117188,25.49666786193848,11258700,,Yahoo Finance daily,2026-07-22T16:59:02
2014-09-29,us,WMT,25.35333251953125,25.416667938232425,25.21666717529297,25.36000061035156,14877900,,Yahoo Finance daily,2026-07-22T16:59:02
2014-09-30,us,WMT,25.34666633605957,25.57333374023437,25.25666618347168,25.489999771118164,16922100,,Yahoo Finance daily,2026-07-22T16:59:02
2014-10-01,us,WMT,25.503332138061523,25.6200008392334,25.303333282470703,25.37333297729492,19574700,,Yahoo Finance daily,2026-07-22T16:59:02
2014-10-02,us,WMT,25.40333366394043,25.636667251586918,25.31999969482422,25.40999984741211,14763600,,Yahoo Finance daily,2026-07-22T16:59:02
2014-10-03,us,WMT,25.523332595825195,25.82666778564453,25.51000022888184,25.773332595825195,17459100,,Yahoo Finance daily,2026-07-22T16:59:02
2014-10-06,us,WMT,25.683332443237305,25.97333335876465,25.663333892822266,25.78333282470703,16289100,,Yahoo Finance daily,2026-07-22T16:59:02
2014-10-07,us,WMT,25.676666259765625,25.89666748046875,25.57333374023437,25.76666641235352,21179700,,Yahoo Finance daily,2026-07-22T16:59:02
2014-10-08,us,WMT,25.803333282470703,26.163333892822266,25.60333251953125,26.07999992370605,24321300,,Yahoo Finance daily,2026-07-22T16:59:02
2014-10-09,us,WMT,26.036666870117188,26.27666664123535,25.886667251586918,25.953332901000977,21218100,,Yahoo Finance daily,2026-07-22T16:59:02
2014-10-10,us,WMT,25.976667404174805,26.456666946411133,25.976667404174805,26.09666633605957,30234000,,Yahoo Finance daily,2026-07-22T16:59:02
2014-10-13,us,WMT,26.01000022888184,26.19333267211914,25.81666755676269,25.85333251953125,24603600,,Yahoo Finance daily,2026-07-22T16:59:02
2014-10-14,us,WMT,25.94333267211914,26.209999084472656,25.88999938964844,25.99333381652832,23703300,,Yahoo Finance daily,2026-07-22T16:59:02
2014-10-15,us,WMT,25.86000061035156,25.89666748046875,24.786666870117188,25.06666755676269,63173100,,Yahoo Finance daily,2026-07-22T16:59:02
2014-10-16,us,WMT,24.40999984741211,24.690000534057617,24.203332901000977,24.606666564941406,43039800,,Yahoo Finance daily,2026-07-22T16:59:02
2014-10-17,us,WMT,24.726667404174805,24.833332061767575,24.34333229064941,24.700000762939453,34386900,,Yahoo Finance daily,2026-07-22T16:59:02
2014-10-20,us,WMT,24.71333312988281,25.07333374023437,24.63999938964844,25.046667098999023,21122100,,Yahoo Finance daily,2026-07-22T16:59:02
2014-10-21,us,WMT,25.059999465942383,25.399999618530277,25.003332138061523,25.34000015258789,24899100,,Yahoo Finance daily,2026-07-22T16:59:02
2014-10-22,us,WMT,25.489999771118164,25.553333282470703,25.33666610717773,25.34333229064941,17782800,,Yahoo Finance daily,2026-07-22T16:59:02
2014-10-23,us,WMT,25.456666946411133,25.549999237060547,25.26000022888184,25.416667938232425,19101300,,Yahoo Finance daily,2026-07-22T16:59:02
2014-10-24,us,WMT,25.37666702270508,25.5,25.166667938232425,25.459999084472656,13438800,,Yahoo Finance daily,2026-07-22T16:59:02
2014-10-27,us,WMT,25.44333267211914,25.65999984741211,25.43666648864746,25.530000686645508,12322200,,Yahoo Finance daily,2026-07-22T16:59:02
2014-10-28,us,WMT,25.543333053588867,25.600000381469727,25.333332061767575,25.450000762939453,14938800,,Yahoo Finance daily,2026-07-22T16:59:02
2014-10-29,us,WMT,25.51666641235352,25.546667098999023,25.32333374023437,25.46333312988281,17279100,,Yahoo Finance daily,2026-07-22T16:59:02
2014-10-30,us,WMT,25.38999938964844,25.53333282470703,25.32666778564453,25.483333587646484,14617200,,Yahoo Finance daily,2026-07-22T16:59:02
2014-10-31,us,WMT,25.6299991607666,25.799999237060547,25.33666610717773,25.42333221435547,22712100,,Yahoo Finance daily,2026-07-22T16:59:02
2014-11-03,us,WMT,25.450000762939453,25.459999084472656,25.196666717529297,25.426666259765625,20683200,,Yahoo Finance daily,2026-07-22T16:59:02
2014-11-04,us,WMT,25.49666786193848,25.790000915527344,25.426666259765625,25.753332138061523,20714700,,Yahoo Finance daily,2026-07-22T16:59:02
2014-11-05,us,WMT,25.956666946411133,26.07666778564453,25.76666641235352,25.899999618530277,17021400,,Yahoo Finance daily,2026-07-22T16:59:02
2014-11-06,us,WMT,26.049999237060547,26.059999465942383,25.72333335876465,25.93666648864746,13865700,,Yahoo Finance daily,2026-07-22T16:59:02
2014-11-07,us,WMT,25.946666717529297,26.36000061035156,25.8700008392334,26.25666618347168,28496400,,Yahoo Finance daily,2026-07-22T16:59:02
2014-11-10,us,WMT,26.200000762939453,26.709999084472656,26.13999938964844,26.479999542236328,37921500,,Yahoo Finance daily,2026-07-22T16:59:02
2014-11-11,us,WMT,26.46666717529297,26.47333335876465,26.28333282470703,26.33666610717773,16807200,,Yahoo Finance daily,2026-07-22T16:59:02
2014-11-12,us,WMT,26.27666664123535,26.479999542236328,26.21666717529297,26.399999618530277,20373600,,Yahoo Finance daily,2026-07-22T16:59:02
2014-11-13,us,WMT,26.98666763305664,27.68666648864746,26.953332901000977,27.64666748046875,68437200,,Yahoo Finance daily,2026-07-22T16:59:02
2014-11-14,us,WMT,27.52666664123535,27.71666717529297,27.36666679382324,27.65333366394043,31909800,,Yahoo Finance daily,2026-07-22T16:59:02
2014-11-17,us,WMT,27.52666664123535,27.906667709350582,27.51000022888184,27.856666564941406,23980200,,Yahoo Finance daily,2026-07-22T16:59:02
2014-11-18,us,WMT,27.833332061767575,27.97333335876465,27.780000686645508,27.93000030517578,18289200,,Yahoo Finance daily,2026-07-22T16:59:02
2014-11-19,us,WMT,27.98666763305664,28.546667098999023,27.97333335876465,28.32999992370605,36569400,,Yahoo Finance daily,2026-07-22T16:59:02
2014-11-20,us,WMT,28.270000457763672,28.43000030517578,28.01333236694336,28.19333267211914,23438100,,Yahoo Finance daily,2026-07-22T16:59:02
2014-11-21,us,WMT,28.446666717529297,28.479999542236328,28.19333267211914,28.21666717529297,19948800,,Yahoo Finance daily,2026-07-22T16:59:02
2014-11-24,us,WMT,28.28333282470703,28.536666870117188,28.25666618347168,28.46666717529297,23986500,,Yahoo Finance daily,2026-07-22T16:59:02
2014-11-25,us,WMT,28.5,28.503332138061523,28.1299991607666,28.31666755676269,20026500,,Yahoo Finance daily,2026-07-22T16:59:02
2014-11-26,us,WMT,28.299999237060547,28.3700008392334,28.15999984741211,28.32666778564453,11828400,,Yahoo Finance daily,2026-07-22T16:59:02
2014-11-28,us,WMT,28.726667404174805,29.36333274841309,28.63333320617676,29.18000030517578,23461800,,Yahoo Finance daily,2026-07-22T16:59:02
2014-12-01,us,WMT,28.906667709350582,29.023332595825195,28.583332061767575,28.739999771118164,27422700,,Yahoo Finance daily,2026-07-22T16:59:02
2014-12-02,us,WMT,28.75666618347168,28.899999618530277,28.643333435058597,28.799999237060547,20298900,,Yahoo Finance daily,2026-07-22T16:59:02
2014-12-03,us,WMT,28.649999618530277,28.666667938232425,28.226667404174805,28.31333351135254,19122900,,Yahoo Finance daily,2026-07-22T16:59:02
2014-12-04,us,WMT,28.043333053588867,28.273332595825195,27.88333320617676,28.253332138061523,20704200,,Yahoo Finance daily,2026-07-22T16:59:02
2014-12-05,us,WMT,28.270000457763672,28.273332595825195,27.83666610717773,28.040000915527344,19710300,,Yahoo Finance daily,2026-07-22T16:59:02
2014-12-08,us,WMT,28.049999237060547,28.22333335876465,27.950000762939453,28.07666778564453,18798000,,Yahoo Finance daily,2026-07-22T16:59:02
2014-12-09,us,WMT,27.88333320617676,28.06999969482422,27.549999237060547,27.85333251953125,19900800,,Yahoo Finance daily,2026-07-22T16:59:02
2014-12-10,us,WMT,27.976667404174805,28.10333251953125,27.63333320617676,27.65999984741211,20920800,,Yahoo Finance daily,2026-07-22T16:59:02
2014-12-11,us,WMT,27.733333587646484,28.166667938232425,27.71999931335449,27.94333267211914,24098400,,Yahoo Finance daily,2026-07-22T16:59:02
2014-12-12,us,WMT,27.84000015258789,28.333332061767575,27.84000015258789,27.93666648864746,21852300,,Yahoo Finance daily,2026-07-22T16:59:02
2014-12-15,us,WMT,28.08666610717773,28.233333587646484,27.683332443237305,27.979999542236328,18953100,,Yahoo Finance daily,2026-07-22T16:59:02
2014-12-16,us,WMT,27.87333297729492,28.253332138061523,27.64666748046875,27.65333366394043,22312200,,Yahoo Finance daily,2026-07-22T16:59:02
2014-12-17,us,WMT,27.76000022888184,28.08666610717773,27.649999618530277,28.07666778564453,19923000,,Yahoo Finance daily,2026-07-22T16:59:02
2014-12-18,us,WMT,28.26666641235352,28.649999618530277,28.09333229064941,28.64666748046875,25937700,,Yahoo Finance daily,2026-07-22T16:59:02
2014-12-19,us,WMT,28.753332138061523,28.780000686645508,28.386667251586918,28.386667251586918,36206400,,Yahoo Finance daily,2026-07-22T16:59:02
2014-12-22,us,WMT,28.440000534057617,28.799999237060547,28.43000030517578,28.793333053588867,13727400,,Yahoo Finance daily,2026-07-22T16:59:02
2014-12-23,us,WMT,28.89666748046875,29.02666664123535,28.786666870117188,28.886667251586918,16657800,,Yahoo Finance daily,2026-07-22T16:59:02
2014-12-24,us,WMT,28.989999771118164,29.023332595825195,28.796667098999023,28.809999465942383,7475400,,Yahoo Finance daily,2026-07-22T16:59:02
2014-12-26,us,WMT,28.726667404174805,29.046667098999023,28.670000076293945,28.96999931335449,9747900,,Yahoo Finance daily,2026-07-22T16:59:02
2014-12-29,us,WMT,28.81999969482422,29.023332595825195,28.799999237060547,28.8799991607666,10816800,,Yahoo Finance daily,2026-07-22T16:59:02
2014-12-30,us,WMT,28.84000015258789,29.043333053588867,28.82666778564453,28.93000030517578,9796200,,Yahoo Finance daily,2026-07-22T16:59:02
2014-12-31,us,WMT,29.02666664123535,29.14666748046875,28.6200008392334,28.62666702270508,12454200,,Yahoo Finance daily,2026-07-22T16:59:02
2015-01-02,us,WMT,28.75666618347168,28.906667709350582,28.51666641235352,28.63333320617676,13505400,,Yahoo Finance daily,2026-07-22T16:59:02
2015-01-05,us,WMT,28.57333374023437,28.773332595825195,28.503332138061523,28.549999237060547,20937000,,Yahoo Finance daily,2026-07-22T16:59:02
2015-01-06,us,WMT,28.65999984741211,28.916667938232425,28.59666633605957,28.770000457763672,24615300,,Yahoo Finance daily,2026-07-22T16:59:02
2015-01-07,us,WMT,28.926666259765625,29.559999465942383,28.88999938964844,29.53333282470703,25495200,,Yahoo Finance daily,2026-07-22T16:59:02
2015-01-08,us,WMT,29.73666763305664,30.22333335876465,29.690000534057617,30.156667709350582,38140800,,Yahoo Finance daily,2026-07-22T16:59:02
2015-01-09,us,WMT,30.106666564941406,30.1299991607666,29.75,29.78333282470703,25567500,,Yahoo Finance daily,2026-07-22T16:59:02
2015-01-12,us,WMT,29.786666870117188,30.10333251953125,29.739999771118164,30.00666618347168,22117500,,Yahoo Finance daily,2026-07-22T16:59:02
2015-01-13,us,WMT,30.26666641235352,30.32333374023437,29.643333435058597,29.770000457763672,24646200,,Yahoo Finance daily,2026-07-22T16:59:02
2015-01-14,us,WMT,29.21666717529297,29.50666618347168,28.833332061767575,28.8700008392334,35862900,,Yahoo Finance daily,2026-07-22T16:59:02
2015-01-15,us,WMT,29.0,29.26000022888184,28.899999618530277,29.12666702270508,28238100,,Yahoo Finance daily,2026-07-22T16:59:02
2015-01-16,us,WMT,29.06666755676269,29.15333366394043,28.74333381652832,28.92333221435547,25226700,,Yahoo Finance daily,2026-07-22T16:59:02
2015-01-20,us,WMT,28.940000534057617,29.233333587646484,28.51666641235352,28.89666748046875,23559300,,Yahoo Finance daily,2026-07-22T16:59:02
2015-01-21,us,WMT,28.700000762939453,28.96999931335449,28.56999969482422,28.8799991607666,24521400,,Yahoo Finance daily,2026-07-22T16:59:02
2015-01-22,us,WMT,29.07666778564453,29.46666717529297,28.953332901000977,29.433332443237305,21371400,,Yahoo Finance daily,2026-07-22T16:59:02
2015-01-23,us,WMT,29.47333335876465,29.753332138061523,29.296667098999023,29.503332138061523,22697400,,Yahoo Finance daily,2026-07-22T16:59:02
2015-01-26,us,WMT,29.43666648864746,29.71999931335449,29.37333297729492,29.543333053588867,14000100,,Yahoo Finance daily,2026-07-22T16:59:02
2015-01-27,us,WMT,29.426666259765625,29.48666763305664,29.08666610717773,29.176666259765625,18061500,,Yahoo Finance daily,2026-07-22T16:59:02
2015-01-28,us,WMT,29.34000015258789,29.40999984741211,28.92333221435547,28.940000534057617,17810400,,Yahoo Finance daily,2026-07-22T16:59:02
2015-01-29,us,WMT,29.023332595825195,29.239999771118164,28.75666618347168,29.239999771118164,19568400,,Yahoo Finance daily,2026-07-22T16:59:02
2015-01-30,us,WMT,28.926666259765625,29.1200008392334,28.299999237060547,28.32666778564453,30840600,,Yahoo Finance daily,2026-07-22T16:59:02
2015-02-02,us,WMT,28.26333236694336,28.62333297729492,27.976667404174805,28.56999969482422,20781600,,Yahoo Finance daily,2026-07-22T16:59:02
2015-02-03,us,WMT,28.61000061035156,28.84333229064941,28.553333282470703,28.729999542236328,24850500,,Yahoo Finance daily,2026-07-22T16:59:02
2015-02-04,us,WMT,28.703332901000977,29.01333236694336,28.666667938232425,28.88333320617676,26796900,,Yahoo Finance daily,2026-07-22T16:59:02
2015-02-05,us,WMT,29.036666870117188,29.1200008392334,28.85333251953125,29.09333229064941,15272400,,Yahoo Finance daily,2026-07-22T16:59:02
2015-02-06,us,WMT,29.08666610717773,29.333332061767575,28.926666259765625,29.11000061035156,16852800,,Yahoo Finance daily,2026-07-22T16:59:02
2015-02-09,us,WMT,28.989999771118164,29.06333351135254,28.546667098999023,28.636667251586918,16368600,,Yahoo Finance daily,2026-07-22T16:59:02
2015-02-10,us,WMT,28.87333297729492,29.136667251586918,28.80666732788086,29.09666633605957,17196300,,Yahoo Finance daily,2026-07-22T16:59:02
2015-02-11,us,WMT,28.87666702270508,29.040000915527344,28.63999938964844,28.780000686645508,17559300,,Yahoo Finance daily,2026-07-22T16:59:02
2015-02-12,us,WMT,28.85333251953125,28.893333435058597,28.40999984741211,28.6299991607666,20824800,,Yahoo Finance daily,2026-07-22T16:59:02
2015-02-13,us,WMT,28.61333274841309,28.71999931335449,28.440000534057617,28.60333251953125,16791000,,Yahoo Finance daily,2026-07-22T16:59:02
2015-02-17,us,WMT,28.476667404174805,28.656667709350582,28.32333374023437,28.65333366394043,15261600,,Yahoo Finance daily,2026-07-22T16:59:02
2015-02-18,us,WMT,28.65333366394043,28.76666641235352,28.50666618347168,28.76333236694336,18098100,,Yahoo Finance daily,2026-07-22T16:59:02
2015-02-19,us,WMT,28.166667938232425,28.26666641235352,27.796667098999023,27.84000015258789,55940400,,Yahoo Finance daily,2026-07-22T16:59:02
2015-02-20,us,WMT,27.57666778564453,28.12666702270508,27.51666641235352,28.100000381469727,41521200,,Yahoo Finance daily,2026-07-22T16:59:02
2015-02-23,us,WMT,28.1299991607666,28.286666870117188,28.07666778564453,28.200000762939453,20191200,,Yahoo Finance daily,2026-07-22T16:59:02
2015-02-24,us,WMT,28.17333221435547,28.273332595825195,27.97333335876465,28.190000534057617,15593100,,Yahoo Finance daily,2026-07-22T16:59:02
2015-02-25,us,WMT,28.209999084472656,28.239999771118164,27.84000015258789,27.856666564941406,20425200,,Yahoo Finance daily,2026-07-22T16:59:02
2015-02-26,us,WMT,27.950000762939453,27.953332901000977,27.75666618347168,27.933332443237305,17664300,,Yahoo Finance daily,2026-07-22T16:59:02
2015-02-27,us,WMT,27.906667709350582,28.053333282470703,27.799999237060547,27.976667404174805,17632200,,Yahoo Finance daily,2026-07-22T16:59:02
2015-03-02,us,WMT,27.976667404174805,28.0,27.733333587646484,27.98666763305664,18184500,,Yahoo Finance daily,2026-07-22T16:59:02
2015-03-03,us,WMT,27.886667251586918,27.940000534057617,27.72333335876465,27.790000915527344,19382400,,Yahoo Finance daily,2026-07-22T16:59:02
2015-03-04,us,WMT,27.73666763305664,27.73666763305664,27.399999618530277,27.52666664123535,18643200,,Yahoo Finance daily,2026-07-22T16:59:02
2015-03-05,us,WMT,27.71666717529297,27.956666946411133,27.65333366394043,27.856666564941406,17992500,,Yahoo Finance daily,2026-07-22T16:59:02
2015-03-06,us,WMT,27.60333251953125,27.700000762939453,27.459999084472656,27.530000686645508,17193000,,Yahoo Finance daily,2026-07-22T16:59:02
2015-03-09,us,WMT,27.530000686645508,27.780000686645508,27.51333236694336,27.62666702270508,14014500,,Yahoo Finance daily,2026-07-22T16:59:02
2015-03-10,us,WMT,27.42333221435547,27.5,27.356666564941406,27.356666564941406,18933300,,Yahoo Finance daily,2026-07-22T16:59:02
2015-03-11,us,WMT,27.273332595825195,27.32333374023437,26.84666633605957,26.89666748046875,18482700,,Yahoo Finance daily,2026-07-22T16:59:02
2015-03-12,us,WMT,26.93666648864746,27.37333297729492,26.926666259765625,27.299999237060547,15677400,,Yahoo Finance daily,2026-07-22T16:59:02
2015-03-13,us,WMT,27.31666755676269,27.416667938232425,27.09666633605957,27.299999237060547,14286600,,Yahoo Finance daily,2026-07-22T16:59:02
2015-03-16,us,WMT,27.483333587646484,27.790000915527344,27.479999542236328,27.76333236694336,19557300,,Yahoo Finance daily,2026-07-22T16:59:02
2015-03-17,us,WMT,27.65999984741211,27.670000076293945,27.413333892822266,27.540000915527344,14406000,,Yahoo Finance daily,2026-07-22T16:59:02
2015-03-18,us,WMT,27.32666778564453,27.65333366394043,27.053333282470703,27.51000022888184,30756900,,Yahoo Finance daily,2026-07-22T16:59:02
2015-03-19,us,WMT,27.44333267211914,27.479999542236328,27.12333297729492,27.17333221435547,21638700,,Yahoo Finance daily,2026-07-22T16:59:02
2015-03-20,us,WMT,27.27666664123535,27.82999992370605,27.23666763305664,27.74666786193848,37095900,,Yahoo Finance daily,2026-07-22T16:59:02
2015-03-23,us,WMT,27.726667404174805,27.96666717529297,27.706666946411133,27.770000457763672,19517100,,Yahoo Finance daily,2026-07-22T16:59:02
2015-03-24,us,WMT,27.729999542236328,27.90333366394043,27.65333366394043,27.683332443237305,16077300,,Yahoo Finance daily,2026-07-22T16:59:02
2015-03-25,us,WMT,27.696666717529297,27.75,27.10333251953125,27.106666564941406,19937700,,Yahoo Finance daily,2026-07-22T16:59:02
2015-03-26,us,WMT,26.976667404174805,27.43666648864746,26.88333320617676,27.296667098999023,24801600,,Yahoo Finance daily,2026-07-22T16:59:02
2015-03-27,us,WMT,27.28333282470703,27.393333435058597,27.083332061767575,27.11666679382324,17152200,,Yahoo Finance daily,2026-07-22T16:59:02
2015-03-30,us,WMT,27.233333587646484,27.600000381469727,27.143333435058597,27.51000022888184,17105100,,Yahoo Finance daily,2026-07-22T16:59:02
2015-03-31,us,WMT,27.46333312988281,27.68000030517578,27.416667938232425,27.416667938232425,16763100,,Yahoo Finance daily,2026-07-22T16:59:02
2015-04-01,us,WMT,27.426666259765625,27.426666259765625,26.809999465942383,26.90333366394043,24920100,,Yahoo Finance daily,2026-07-22T16:59:02
2015-04-02,us,WMT,26.90999984741211,27.106666564941406,26.850000381469727,26.90999984741211,17387100,,Yahoo Finance daily,2026-07-22T16:59:02
2015-04-06,us,WMT,26.81999969482422,27.11000061035156,26.71666717529297,26.99666786193848,19142100,,Yahoo Finance daily,2026-07-22T16:59:02
2015-04-07,us,WMT,27.030000686645508,27.09666633605957,26.81999969482422,26.833332061767575,19818300,,Yahoo Finance daily,2026-07-22T16:59:02
2015-04-08,us,WMT,26.796667098999023,27.07666778564453,26.786666870117188,27.01000022888184,20084100,,Yahoo Finance daily,2026-07-22T16:59:02
2015-04-09,us,WMT,26.946666717529297,27.1299991607666,26.86000061035156,26.946666717529297,11770800,,Yahoo Finance daily,2026-07-22T16:59:02
2015-04-10,us,WMT,26.953332901000977,27.0,26.850000381469727,26.88333320617676,16440900,,Yahoo Finance daily,2026-07-22T16:59:02
2015-04-13,us,WMT,26.799999237060547,26.97333335876465,26.75666618347168,26.76333236694336,14094300,,Yahoo Finance daily,2026-07-22T16:59:02
2015-04-14,us,WMT,26.76333236694336,26.80666732788086,26.559999465942383,26.71666717529297,16595100,,Yahoo Finance daily,2026-07-22T16:59:02
2015-04-15,us,WMT,26.86000061035156,26.99333381652832,26.549999237060547,26.57999992370605,18601200,,Yahoo Finance daily,2026-07-22T16:59:02
2015-04-16,us,WMT,26.5,26.6299991607666,26.37666702270508,26.413333892822266,24045300,,Yahoo Finance daily,2026-07-22T16:59:02
2015-04-17,us,WMT,26.31333351135254,26.38333320617676,25.850000381469727,25.959999084472656,35468400,,Yahoo Finance daily,2026-07-22T16:59:02
2015-04-20,us,WMT,26.1299991607666,26.27666664123535,26.00666618347168,26.046667098999023,26542800,,Yahoo Finance daily,2026-07-22T16:59:02
2015-04-21,us,WMT,26.203332901000977,26.280000686645508,25.96999931335449,26.01000022888184,18600600,,Yahoo Finance daily,2026-07-22T16:59:02
2015-04-22,us,WMT,25.90999984741211,26.21333312988281,25.850000381469727,26.143333435058597,22784100,,Yahoo Finance daily,2026-07-22T16:59:02
2015-04-23,us,WMT,26.12666702270508,26.51333236694336,26.06666755676269,26.393333435058597,22406700,,Yahoo Finance daily,2026-07-22T16:59:02
2015-04-24,us,WMT,26.459999084472656,26.976667404174805,26.413333892822266,26.61333274841309,20603400,,Yahoo Finance daily,2026-07-22T16:59:02
2015-04-27,us,WMT,26.59000015258789,26.6200008392334,26.43000030517578,26.456666946411133,19349400,,Yahoo Finance daily,2026-07-22T16:59:02
2015-04-28,us,WMT,26.48666763305664,26.49333381652832,26.25666618347168,26.36666679382324,14687700,,Yahoo Finance daily,2026-07-22T16:59:02
2015-04-29,us,WMT,26.233333587646484,26.26333236694336,25.93000030517578,25.959999084472656,21325200,,Yahoo Finance daily,2026-07-22T16:59:02
2015-04-30,us,WMT,25.94333267211914,26.15999984741211,25.86333274841309,26.01666641235352,26387700,,Yahoo Finance daily,2026-07-22T16:59:02
2015-05-01,us,WMT,26.06666755676269,26.253332138061523,26.05666732788086,26.200000762939453,14999100,,Yahoo Finance daily,2026-07-22T16:59:02
2015-05-04,us,WMT,26.32666778564453,26.51666641235352,26.15333366394043,26.393333435058597,20007600,,Yahoo Finance daily,2026-07-22T16:59:02
2015-05-05,us,WMT,26.33666610717773,26.33666610717773,26.020000457763672,26.043333053588867,17566200,,Yahoo Finance daily,2026-07-22T16:59:02
2015-05-06,us,WMT,25.97333335876465,26.040000915527344,25.72333335876465,25.88333320617676,16440300,,Yahoo Finance daily,2026-07-22T16:59:02
2015-05-07,us,WMT,25.90999984741211,26.11333274841309,25.76666641235352,26.01000022888184,16614300,,Yahoo Finance daily,2026-07-22T16:59:02
2015-05-08,us,WMT,26.200000762939453,26.416667938232425,26.13333320617676,26.176666259765625,16042200,,Yahoo Finance daily,2026-07-22T16:59:02
2015-05-11,us,WMT,26.106666564941406,26.203332901000977,26.01000022888184,26.03333282470703,11234700,,Yahoo Finance daily,2026-07-22T16:59:02
2015-05-12,us,WMT,26.00666618347168,26.49333381652832,25.956666946411133,26.31999969482422,25347000,,Yahoo Finance daily,2026-07-22T16:59:02
2015-05-13,us,WMT,26.393333435058597,26.476667404174805,25.99333381652832,26.053333282470703,25263600,,Yahoo Finance daily,2026-07-22T16:59:02
2015-05-14,us,WMT,26.12333297729492,26.25666618347168,26.00666618347168,26.239999771118164,18510600,,Yahoo Finance daily,2026-07-22T16:59:02
2015-05-15,us,WMT,26.23666763305664,26.416667938232425,26.190000534057617,26.413333892822266,19851600,,Yahoo Finance daily,2026-07-22T16:59:02
2015-05-18,us,WMT,26.456666946411133,26.64666748046875,26.386667251586918,26.63999938964844,24900900,,Yahoo Finance daily,2026-07-22T16:59:02
2015-05-19,us,WMT,26.059999465942383,26.1200008392334,25.40999984741211,25.476667404174805,67375800,,Yahoo Finance daily,2026-07-22T16:59:02
2015-05-20,us,WMT,25.49333381652832,25.5,25.27666664123535,25.299999237060547,31625700,,Yahoo Finance daily,2026-07-22T16:59:02
2015-05-21,us,WMT,25.26666641235352,25.47333335876465,25.18666648864746,25.3700008392334,20268600,,Yahoo Finance daily,2026-07-22T16:59:02
2015-05-22,us,WMT,25.399999618530277,25.459999084472656,25.286666870117188,25.286666870117188,20445000,,Yahoo Finance daily,2026-07-22T16:59:02
2015-05-26,us,WMT,25.25666618347168,25.27666664123535,24.940000534057617,24.96666717529297,31720800,,Yahoo Finance daily,2026-07-22T16:59:02
2015-05-27,us,WMT,25.003332138061523,25.170000076293945,25.0,25.06333351135254,20961300,,Yahoo Finance daily,2026-07-22T16:59:02
2015-05-28,us,WMT,25.023332595825195,25.053333282470703,24.88333320617676,24.946666717529297,15076500,,Yahoo Finance daily,2026-07-22T16:59:02
2015-05-29,us,WMT,24.940000534057617,24.959999084472656,24.71666717529297,24.75666618347168,19125300,,Yahoo Finance daily,2026-07-22T16:59:02
2015-06-01,us,WMT,24.89666748046875,25.02666664123535,24.803333282470703,24.90999984741211,16938000,,Yahoo Finance daily,2026-07-22T16:59:02
2015-06-02,us,WMT,24.84666633605957,25.0,24.80666732788086,24.84333229064941,17393400,,Yahoo Finance daily,2026-07-22T16:59:02
2015-06-03,us,WMT,24.899999618530277,25.06666755676269,24.82333374023437,24.96333312988281,18281400,,Yahoo Finance daily,2026-07-22T16:59:02
2015-06-04,us,WMT,24.81999969482422,24.99333381652832,24.649999618530277,24.71666717529297,26948400,,Yahoo Finance daily,2026-07-22T16:59:02
2015-06-05,us,WMT,24.72333335876465,24.75666618347168,24.32666778564453,24.35333251953125,31905300,,Yahoo Finance daily,2026-07-22T16:59:02
2015-06-08,us,WMT,24.476667404174805,24.49666786193848,24.200000762939453,24.203332901000977,28779000,,Yahoo Finance daily,2026-07-22T16:59:02
2015-06-09,us,WMT,24.233333587646484,24.28333282470703,24.1200008392334,24.156667709350582,25006800,,Yahoo Finance daily,2026-07-22T16:59:02
2015-06-10,us,WMT,24.23666763305664,24.44333267211914,24.11333274841309,24.309999465942383,33647400,,Yahoo Finance daily,2026-07-22T16:59:02
2015-06-11,us,WMT,24.40999984741211,24.55666732788086,24.280000686645508,24.31333351135254,22260000,,Yahoo Finance daily,2026-07-22T16:59:02
2015-06-12,us,WMT,24.24666786193848,24.299999237060547,24.13333320617676,24.143333435058597,21739800,,Yahoo Finance daily,2026-07-22T16:59:02
2015-06-15,us,WMT,24.06666755676269,24.13333320617676,23.899999618530277,23.976667404174805,22700400,,Yahoo Finance daily,2026-07-22T16:59:02
2015-06-16,us,WMT,24.07333374023437,24.19333267211914,23.906667709350582,24.11666679382324,18646800,,Yahoo Finance daily,2026-07-22T16:59:02
2015-06-17,us,WMT,24.209999084472656,24.299999237060547,24.11333274841309,24.24333381652832,17111700,,Yahoo Finance daily,2026-07-22T16:59:02
2015-06-18,us,WMT,24.24666786193848,24.49333381652832,24.24666786193848,24.32666778564453,25129800,,Yahoo Finance daily,2026-07-22T16:59:02
2015-06-19,us,WMT,24.26666641235352,24.406667709350582,24.233333587646484,24.24666786193848,43652100,,Yahoo Finance daily,2026-07-22T16:59:02
2015-06-22,us,WMT,24.32666778564453,24.39666748046875,24.229999542236328,24.26333236694336,19468500,,Yahoo Finance daily,2026-07-22T16:59:02
2015-06-23,us,WMT,24.296667098999023,24.31333351135254,24.11333274841309,24.190000534057617,23628900,,Yahoo Finance daily,2026-07-22T16:59:02
2015-06-24,us,WMT,24.18666648864746,24.21666717529297,24.046667098999023,24.12666702270508,22015200,,Yahoo Finance daily,2026-07-22T16:59:02
2015-06-25,us,WMT,24.149999618530277,24.209999084472656,23.94333267211914,23.953332901000977,15879600,,Yahoo Finance daily,2026-07-22T16:59:02
2015-06-26,us,WMT,23.98666763305664,24.15333366394043,23.956666946411133,24.040000915527344,20693400,,Yahoo Finance daily,2026-07-22T16:59:02
2015-06-29,us,WMT,23.933332443237305,24.0,23.803333282470703,23.80666732788086,24563400,,Yahoo Finance daily,2026-07-22T16:59:02
2015-06-30,us,WMT,23.93666648864746,23.93666648864746,23.59333229064941,23.643333435058597,33307800,,Yahoo Finance daily,2026-07-22T16:59:02
2015-07-01,us,WMT,23.86666679382324,23.983333587646484,23.453332901000977,23.959999084472656,32321700,,Yahoo Finance daily,2026-07-22T16:59:02
2015-07-02,us,WMT,24.00666618347168,24.18666648864746,23.886667251586918,23.953332901000977,19758300,,Yahoo Finance daily,2026-07-22T16:59:02
2015-07-06,us,WMT,23.793333053588867,24.229999542236328,23.793333053588867,24.176666259765625,31609500,,Yahoo Finance daily,2026-07-22T16:59:02
2015-07-07,us,WMT,24.21999931335449,24.6200008392334,24.0,24.59666633605957,37263900,,Yahoo Finance daily,2026-07-22T16:59:02
2015-07-08,us,WMT,24.433332443237305,24.530000686645508,24.299999237060547,24.35333251953125,23373000,,Yahoo Finance daily,2026-07-22T16:59:02
2015-07-09,us,WMT,24.55666732788086,24.57666778564453,24.23666763305664,24.26000022888184,26087400,,Yahoo Finance daily,2026-07-22T16:59:02
2015-07-10,us,WMT,24.36000061035156,24.51666641235352,24.36000061035156,24.37333297729492,16737900,,Yahoo Finance daily,2026-07-22T16:59:02
2015-07-13,us,WMT,24.503332138061523,24.703332901000977,24.503332138061523,24.62666702270508,18253500,,Yahoo Finance daily,2026-07-22T16:59:02
2015-07-14,us,WMT,24.65999984741211,24.696666717529297,24.49333381652832,24.59666633605957,16554600,,Yahoo Finance daily,2026-07-22T16:59:02
2015-07-15,us,WMT,24.530000686645508,24.63333320617676,24.39666748046875,24.549999237060547,13700100,,Yahoo Finance daily,2026-07-22T16:59:02
2015-07-16,us,WMT,24.656667709350582,24.71333312988281,24.58666610717773,24.61000061035156,15695100,,Yahoo Finance daily,2026-07-22T16:59:02
2015-07-17,us,WMT,24.57999992370605,24.690000534057617,24.43666648864746,24.46333312988281,17041800,,Yahoo Finance daily,2026-07-22T16:59:02
2015-07-20,us,WMT,24.450000762939453,24.479999542236328,24.35333251953125,24.36666679382324,15256800,,Yahoo Finance daily,2026-07-22T16:59:02
2015-07-21,us,WMT,24.36666679382324,24.43000030517578,24.176666259765625,24.24666786193848,19323300,,Yahoo Finance daily,2026-07-22T16:59:02
2015-07-22,us,WMT,24.26000022888184,24.606666564941406,24.26000022888184,24.386667251586918,20884800,,Yahoo Finance daily,2026-07-22T16:59:02
2015-07-23,us,WMT,24.356666564941406,24.406667709350582,24.13999938964844,24.170000076293945,12758700,,Yahoo Finance daily,2026-07-22T16:59:02
2015-07-24,us,WMT,24.176666259765625,24.18666648864746,23.833332061767575,23.86000061035156,17853300,,Yahoo Finance daily,2026-07-22T16:59:02
2015-07-27,us,WMT,23.793333053588867,23.88333320617676,23.670000076293945,23.793333053588867,18592800,,Yahoo Finance daily,2026-07-22T16:59:02
2015-07-28,us,WMT,23.84333229064941,24.1299991607666,23.74333381652832,24.03333282470703,25776900,,Yahoo Finance daily,2026-07-22T16:59:02
2015-07-29,us,WMT,24.083332061767575,24.209999084472656,24.030000686645508,24.07666778564453,14819100,,Yahoo Finance daily,2026-07-22T16:59:02
2015-07-30,us,WMT,24.01000022888184,24.176666259765625,23.926666259765625,24.053333282470703,13813500,,Yahoo Finance daily,2026-07-22T16:59:02
2015-07-31,us,WMT,24.14666748046875,24.163333892822266,23.886667251586918,23.99333381652832,23785200,,Yahoo Finance daily,2026-07-22T16:59:02
2015-08-03,us,WMT,23.946666717529297,24.12666702270508,23.946666717529297,24.059999465942383,15395400,,Yahoo Finance daily,2026-07-22T16:59:02
2015-08-04,us,WMT,24.13999938964844,24.26666641235352,23.976667404174805,24.083332061767575,17620200,,Yahoo Finance daily,2026-07-22T16:59:02
2015-08-05,us,WMT,24.1299991607666,24.56333351135254,24.083332061767575,24.503332138061523,26147400,,Yahoo Finance daily,2026-07-22T16:59:02
2015-08-06,us,WMT,24.450000762939453,24.459999084472656,24.21999931335449,24.26333236694336,19103100,,Yahoo Finance daily,2026-07-22T16:59:02
2015-08-07,us,WMT,24.23666763305664,24.27666664123535,23.72333335876465,23.75,23392500,,Yahoo Finance daily,2026-07-22T16:59:02
2015-08-10,us,WMT,23.833332061767575,23.916667938232425,23.780000686645508,23.82666778564453,18060300,,Yahoo Finance daily,2026-07-22T16:59:02
2015-08-11,us,WMT,23.75,24.12333297729492,23.71666717529297,23.976667404174805,20487600,,Yahoo Finance daily,2026-07-22T16:59:02
2015-08-12,us,WMT,23.84333229064941,24.21999931335449,23.75666618347168,24.19333267211914,26524200,,Yahoo Finance daily,2026-07-22T16:59:02
2015-08-13,us,WMT,24.13333320617676,24.25666618347168,23.989999771118164,24.036666870117188,22957200,,Yahoo Finance daily,2026-07-22T16:59:02
2015-08-14,us,WMT,24.100000381469727,24.200000762939453,24.01333236694336,24.12666702270508,17737500,,Yahoo Finance daily,2026-07-22T16:59:02
2015-08-17,us,WMT,23.94333267211914,24.07666778564453,23.920000076293945,23.96999931335449,22813200,,Yahoo Finance daily,2026-07-22T16:59:02
2015-08-18,us,WMT,23.333332061767575,23.5,23.07999992370605,23.15999984741211,63945000,,Yahoo Finance daily,2026-07-22T16:59:02
2015-08-19,us,WMT,22.956666946411133,23.1299991607666,22.59000015258789,22.856666564941406,49000200,,Yahoo Finance daily,2026-07-22T16:59:02
2015-08-20,us,WMT,22.69333267211914,23.100000381469727,22.64666748046875,22.809999465942383,29580300,,Yahoo Finance daily,2026-07-22T16:59:02
2015-08-21,us,WMT,22.636667251586918,22.770000457763672,22.18000030517578,22.18000030517578,47239500,,Yahoo Finance daily,2026-07-22T16:59:02
2015-08-24,us,WMT,21.24666786193848,22.053333282470703,20.5,21.31666755676269,66718800,,Yahoo Finance daily,2026-07-22T16:59:02
2015-08-25,us,WMT,21.81666755676269,21.90333366394043,21.0,21.03333282470703,44403000,,Yahoo Finance daily,2026-07-22T16:59:02
2015-08-26,us,WMT,21.40999984741211,21.61666679382324,21.00666618347168,21.61000061035156,41784900,,Yahoo Finance daily,2026-07-22T16:59:02
2015-08-27,us,WMT,21.773332595825195,22.059999465942383,21.649999618530277,22.02666664123535,41738400,,Yahoo Finance daily,2026-07-22T16:59:02
2015-08-28,us,WMT,22.030000686645508,22.040000915527344,21.483333587646484,21.64666748046875,42909000,,Yahoo Finance daily,2026-07-22T16:59:02
2015-08-31,us,WMT,21.606666564941406,21.666667938232425,21.43000030517578,21.57666778564453,24525600,,Yahoo Finance daily,2026-07-22T16:59:02
2015-09-01,us,WMT,21.26666641235352,21.440000534057617,21.09000015258789,21.273332595825195,40181700,,Yahoo Finance daily,2026-07-22T16:59:02
2015-09-02,us,WMT,21.530000686645508,21.64666748046875,21.35333251953125,21.479999542236328,28543800,,Yahoo Finance daily,2026-07-22T16:59:02
2015-09-03,us,WMT,21.57333374023437,21.670000076293945,21.46333312988281,21.6200008392334,25571400,,Yahoo Finance daily,2026-07-22T16:59:02
2015-09-04,us,WMT,21.356666564941406,21.433332443237305,21.170000076293945,21.296667098999023,27697200,,Yahoo Finance daily,2026-07-22T16:59:02
2015-09-08,us,WMT,21.74333381652832,22.166667938232425,21.726667404174805,22.12666702270508,53120400,,Yahoo Finance daily,2026-07-22T16:59:02
2015-09-09,us,WMT,22.286666870117188,22.33666610717773,21.670000076293945,21.706666946411133,28392600,,Yahoo Finance daily,2026-07-22T16:59:02
2015-09-10,us,WMT,21.356666564941406,21.549999237060547,21.27666664123535,21.37333297729492,43574400,,Yahoo Finance daily,2026-07-22T16:59:02
2015-09-11,us,WMT,21.393333435058597,21.559999465942383,21.32999992370605,21.549999237060547,24187200,,Yahoo Finance daily,2026-07-22T16:59:02
2015-09-14,us,WMT,21.549999237060547,21.55666732788086,21.273332595825195,21.426666259765625,20870100,,Yahoo Finance daily,2026-07-22T16:59:02
2015-09-15,us,WMT,21.49333381652832,21.56666755676269,21.350000381469727,21.440000534057617,20582400,,Yahoo Finance daily,2026-07-22T16:59:02
2015-09-16,us,WMT,21.53333282470703,21.59000015258789,21.350000381469727,21.56333351135254,16876200,,Yahoo Finance daily,2026-07-22T16:59:02
2015-09-17,us,WMT,21.56666755676269,21.76333236694336,21.386667251586918,21.489999771118164,21399300,,Yahoo Finance daily,2026-07-22T16:59:02
2015-09-18,us,WMT,21.25,21.40999984741211,21.08666610717773,21.11333274841309,38655600,,Yahoo Finance daily,2026-07-22T16:59:02
2015-09-21,us,WMT,21.25,21.333332061767575,21.12333297729492,21.239999771118164,21358800,,Yahoo Finance daily,2026-07-22T16:59:02
2015-09-22,us,WMT,21.07666778564453,21.273332595825195,20.97333335876465,21.196666717529297,26402400,,Yahoo Finance daily,2026-07-22T16:59:02
2015-09-23,us,WMT,21.239999771118164,21.309999465942383,21.040000915527344,21.239999771118164,17629800,,Yahoo Finance daily,2026-07-22T16:59:02
2015-09-24,us,WMT,21.1200008392334,21.32666778564453,21.100000381469727,21.27666664123535,20868600,,Yahoo Finance daily,2026-07-22T16:59:02
2015-09-25,us,WMT,21.356666564941406,21.48666763305664,21.206666946411133,21.26000022888184,21489000,,Yahoo Finance daily,2026-07-22T16:59:02
2015-09-28,us,WMT,21.200000762939453,21.31666755676269,21.15999984741211,21.21999931335449,28183200,,Yahoo Finance daily,2026-07-22T16:59:02
2015-09-29,us,WMT,21.25,21.34666633605957,21.07666778564453,21.26000022888184,22920300,,Yahoo Finance daily,2026-07-22T16:59:02
2015-09-30,us,WMT,21.476667404174805,21.64666748046875,21.309999465942383,21.61333274841309,23937600,,Yahoo Finance daily,2026-07-22T16:59:02
2015-10-01,us,WMT,21.58666610717773,21.64666748046875,21.293333053588867,21.42333221435547,23511600,,Yahoo Finance daily,2026-07-22T16:59:02
2015-10-02,us,WMT,21.253332138061523,21.65999984741211,21.136667251586918,21.65999984741211,21252000,,Yahoo Finance daily,2026-07-22T16:59:02
2015-10-05,us,WMT,21.73666763305664,21.97333335876465,21.71333312988281,21.956666946411133,18900900,,Yahoo Finance daily,2026-07-22T16:59:02
2015-10-06,us,WMT,21.84666633605957,21.983333587646484,21.726667404174805,21.893333435058597,22232700,,Yahoo Finance daily,2026-07-22T16:59:02
2015-10-07,us,WMT,21.946666717529297,22.1200008392334,21.92333221435547,22.1200008392334,21408000,,Yahoo Finance daily,2026-07-22T16:59:02
2015-10-08,us,WMT,22.07666778564453,22.32999992370605,22.049999237060547,22.293333053588867,17923500,,Yahoo Finance daily,2026-07-22T16:59:02
2015-10-09,us,WMT,22.31333351135254,22.34000015258789,22.170000076293945,22.229999542236328,20262000,,Yahoo Finance daily,2026-07-22T16:59:02
2015-10-12,us,WMT,22.22333335876465,22.333332061767575,22.19333267211914,22.309999465942383,16931700,,Yahoo Finance daily,2026-07-22T16:59:02
2015-10-13,us,WMT,22.206666946411133,22.31333351135254,22.08666610717773,22.24333381652832,26575200,,Yahoo Finance daily,2026-07-22T16:59:02
2015-10-14,us,WMT,22.203332901000977,22.649999618530277,20.00666618347168,20.01000022888184,242694300,,Yahoo Finance daily,2026-07-22T16:59:02
2015-10-15,us,WMT,19.899999618530277,20.156667709350582,19.536666870117188,19.77666664123535,138760500,,Yahoo Finance daily,2026-07-22T16:59:02
2015-10-16,us,WMT,19.82333374023437,19.82999992370605,19.456666946411133,19.6299991607666,78585300,,Yahoo Finance daily,2026-07-22T16:59:02
2015-10-19,us,WMT,19.59666633605957,19.76666641235352,19.5,19.61666679382324,53417400,,Yahoo Finance daily,2026-07-22T16:59:02
2015-10-20,us,WMT,19.6200008392334,19.666667938232425,19.523332595825195,19.583332061767575,31271100,,Yahoo Finance daily,2026-07-22T16:59:02
2015-10-21,us,WMT,19.600000381469727,19.68000030517578,19.523332595825195,19.546667098999023,39352800,,Yahoo Finance daily,2026-07-22T16:59:02
2015-10-22,us,WMT,19.64666748046875,19.98666763305664,19.546667098999023,19.63333320617676,43765500,,Yahoo Finance daily,2026-07-22T16:59:02
2015-10-23,us,WMT,19.729999542236328,19.76000022888184,19.406667709350582,19.433332443237305,39121800,,Yahoo Finance daily,2026-07-22T16:59:02
2015-10-26,us,WMT,19.46666717529297,19.483333587646484,19.32333374023437,19.34000015258789,32519400,,Yahoo Finance daily,2026-07-22T16:59:02
2015-10-27,us,WMT,19.33666610717773,19.34666633605957,19.12666702270508,19.15999984741211,31534200,,Yahoo Finance daily,2026-07-22T16:59:02
2015-10-28,us,WMT,19.21999931335449,19.239999771118164,19.053333282470703,19.21333312988281,35504100,,Yahoo Finance daily,2026-07-22T16:59:02
2015-10-29,us,WMT,19.239999771118164,19.37333297729492,19.15999984741211,19.31999969482422,38566500,,Yahoo Finance daily,2026-07-22T16:59:02
2015-10-30,us,WMT,19.24333381652832,19.37333297729492,19.07999992370605,19.07999992370605,47416500,,Yahoo Finance daily,2026-07-22T16:59:02
2015-11-02,us,WMT,19.09666633605957,19.203332901000977,18.92333221435547,19.203332901000977,32157600,,Yahoo Finance daily,2026-07-22T16:59:02
2015-11-03,us,WMT,19.190000534057617,19.44333267211914,19.176666259765625,19.3700008392334,30761700,,Yahoo Finance daily,2026-07-22T16:59:02
2015-11-04,us,WMT,19.52666664123535,19.58666610717773,19.39666748046875,19.456666946411133,30169500,,Yahoo Finance daily,2026-07-22T16:59:02
2015-11-05,us,WMT,19.503332138061523,19.65999984741211,19.47333335876465,19.536666870117188,26581500,,Yahoo Finance daily,2026-07-22T16:59:02
2015-11-06,us,WMT,19.63999938964844,19.733333587646484,19.43666648864746,19.59333229064941,29931900,,Yahoo Finance daily,2026-07-22T16:59:02
2015-11-09,us,WMT,19.5,19.59333229064941,19.34000015258789,19.49666786193848,25321200,,Yahoo Finance daily,2026-07-22T16:59:02
2015-11-10,us,WMT,19.43666648864746,19.56999969482422,19.43666648864746,19.559999465942383,22844700,,Yahoo Finance daily,2026-07-22T16:59:02
2015-11-11,us,WMT,19.5,19.57666778564453,19.156667709350582,19.19333267211914,26069700,,Yahoo Finance daily,2026-07-22T16:59:02
2015-11-12,us,WMT,19.21333312988281,19.25666618347168,18.97333335876465,18.983333587646484,28654500,,Yahoo Finance daily,2026-07-22T16:59:02
2015-11-13,us,WMT,18.913333892822266,19.020000457763672,18.76666641235352,18.80666732788086,37544700,,Yahoo Finance daily,2026-07-22T16:59:02
2015-11-16,us,WMT,18.796667098999023,19.34333229064941,18.786666870117188,19.290000915527344,39964800,,Yahoo Finance daily,2026-07-22T16:59:02
2015-11-17,us,WMT,19.780000686645508,20.299999237060547,19.733333587646484,19.97333335876465,74037900,,Yahoo Finance daily,2026-07-22T16:59:02
2015-11-18,us,WMT,20.01333236694336,20.356666564941406,19.850000381469727,20.309999465942383,44633100,,Yahoo Finance daily,2026-07-22T16:59:02
2015-11-19,us,WMT,20.37333297729492,20.453332901000977,20.143333435058597,20.233333587646484,34698300,,Yahoo Finance daily,2026-07-22T16:59:02
2015-11-20,us,WMT,20.32666778564453,20.489999771118164,20.00666618347168,20.023332595825195,37113300,,Yahoo Finance daily,2026-07-22T16:59:02
2015-11-23,us,WMT,20.09666633605957,20.24666786193848,19.959999084472656,20.08666610717773,31731000,,Yahoo Finance daily,2026-07-22T16:59:02
2015-11-24,us,WMT,19.983333587646484,20.13999938964844,19.953332901000977,19.97333335876465,37361700,,Yahoo Finance daily,2026-07-22T16:59:02
2015-11-25,us,WMT,20.0,20.23666763305664,19.959999084472656,20.07999992370605,23460600,,Yahoo Finance daily,2026-07-22T16:59:02
2015-11-27,us,WMT,20.14666748046875,20.229999542236328,19.956666946411133,19.96333312988281,16022700,,Yahoo Finance daily,2026-07-22T16:59:02
2015-11-30,us,WMT,19.956666946411133,20.020000457763672,19.57666778564453,19.61333274841309,44827800,,Yahoo Finance daily,2026-07-22T16:59:02
2015-12-01,us,WMT,19.709999084472656,19.76333236694336,19.549999237060547,19.663333892822266,36612300,,Yahoo Finance daily,2026-07-22T16:59:02
2015-12-02,us,WMT,19.536666870117188,19.76333236694336,19.440000534057617,19.450000762939453,40760700,,Yahoo Finance daily,2026-07-22T16:59:02
2015-12-03,us,WMT,19.56333351135254,19.886667251586918,19.53333282470703,19.68000030517578,47532300,,Yahoo Finance daily,2026-07-22T16:59:02
2015-12-04,us,WMT,19.683332443237305,19.950000762939453,19.676666259765625,19.886667251586918,31305900,,Yahoo Finance daily,2026-07-22T16:59:02
2015-12-07,us,WMT,19.856666564941406,20.24333381652832,19.856666564941406,20.166667938232425,34787700,,Yahoo Finance daily,2026-07-22T16:59:02
2015-12-08,us,WMT,20.023332595825195,20.163333892822266,19.833332061767575,19.8700008392334,31132800,,Yahoo Finance daily,2026-07-22T16:59:02
2015-12-09,us,WMT,19.753332138061523,20.036666870117188,19.63333320617676,19.709999084472656,26945100,,Yahoo Finance daily,2026-07-22T16:59:02
2015-12-10,us,WMT,19.709999084472656,20.030000686645508,19.696666717529297,19.85333251953125,34078200,,Yahoo Finance daily,2026-07-22T16:59:02
2015-12-11,us,WMT,19.683332443237305,19.84333229064941,19.60333251953125,19.786666870117188,29235000,,Yahoo Finance daily,2026-07-22T16:59:02
2015-12-14,us,WMT,19.76666641235352,20.14666748046875,19.690000534057617,20.1299991607666,43574700,,Yahoo Finance daily,2026-07-22T16:59:02
2015-12-15,us,WMT,20.21333312988281,20.280000686645508,19.856666564941406,19.8799991607666,43846200,,Yahoo Finance daily,2026-07-22T16:59:02
2015-12-16,us,WMT,20.036666870117188,20.21666717529297,19.899999618530277,20.100000381469727,29881500,,Yahoo Finance daily,2026-07-22T16:59:02
2015-12-17,us,WMT,20.11000061035156,20.11000061035156,19.656667709350582,19.65999984741211,38928300,,Yahoo Finance daily,2026-07-22T16:59:02
2015-12-18,us,WMT,19.643333435058597,19.799999237060547,19.583332061767575,19.61666679382324,48770100,,Yahoo Finance daily,2026-07-22T16:59:02
2015-12-21,us,WMT,19.606666564941406,19.86000061035156,19.55666732788086,19.850000381469727,28936500,,Yahoo Finance daily,2026-07-22T16:59:02
2015-12-22,us,WMT,19.93000030517578,20.233333587646484,19.8700008392334,20.18000030517578,27798900,,Yahoo Finance daily,2026-07-22T16:59:02
2015-12-23,us,WMT,20.333332061767575,20.37333297729492,20.14666748046875,20.36333274841309,22559400,,Yahoo Finance daily,2026-07-22T16:59:02
2015-12-24,us,WMT,20.26000022888184,20.36666679382324,20.226667404174805,20.27666664123535,7448400,,Yahoo Finance daily,2026-07-22T16:59:02
2015-12-28,us,WMT,20.19333267211914,20.32333374023437,20.166667938232425,20.25,16265100,,Yahoo Finance daily,2026-07-22T16:59:02
2015-12-29,us,WMT,20.333332061767575,20.583332061767575,20.32666778564453,20.536666870117188,23650800,,Yahoo Finance daily,2026-07-22T16:59:02
2015-12-30,us,WMT,20.553333282470703,20.62333297729492,20.49666786193848,20.559999465942383,17150100,,Yahoo Finance daily,2026-07-22T16:59:02
2015-12-31,us,WMT,20.44333267211914,20.57333374023437,20.38999938964844,20.433332443237305,19725300,,Yahoo Finance daily,2026-07-22T16:59:02
2016-01-04,us,WMT,20.166667938232425,20.49666786193848,20.1200008392334,20.48666763305664,35967600,,Yahoo Finance daily,2026-07-22T16:59:02
2016-01-05,us,WMT,20.676666259765625,21.01666641235352,20.61666679382324,20.97333335876465,39978000,,Yahoo Finance daily,2026-07-22T16:59:02
2016-01-06,us,WMT,20.82666778564453,21.31666755676269,20.82333374023437,21.183332443237305,49693800,,Yahoo Finance daily,2026-07-22T16:59:02
2016-01-07,us,WMT,20.989999771118164,21.74333381652832,20.97333335876465,21.676666259765625,79290000,,Yahoo Finance daily,2026-07-22T16:59:02
2016-01-08,us,WMT,21.69333267211914,21.803333282470703,21.136667251586918,21.18000030517578,53303700,,Yahoo Finance daily,2026-07-22T16:59:02
2016-01-11,us,WMT,21.253332138061523,21.489999771118164,21.209999084472656,21.406667709350582,37961400,,Yahoo Finance daily,2026-07-22T16:59:02
2016-01-12,us,WMT,21.459999084472656,21.57666778564453,21.143333435058597,21.206666946411133,36587700,,Yahoo Finance daily,2026-07-22T16:59:02
2016-01-13,us,WMT,21.24333381652832,21.24333381652832,20.61000061035156,20.63999938964844,41177100,,Yahoo Finance daily,2026-07-22T16:59:02
2016-01-14,us,WMT,20.666667938232425,21.206666946411133,20.606666564941406,21.020000457763672,38804700,,Yahoo Finance daily,2026-07-22T16:59:02
2016-01-15,us,WMT,20.51666641235352,20.82333374023437,20.420000076293945,20.643333435058597,45523200,,Yahoo Finance daily,2026-07-22T16:59:02
2016-01-19,us,WMT,20.75,20.933332443237305,20.670000076293945,20.85333251953125,39153900,,Yahoo Finance daily,2026-07-22T16:59:02
2016-01-20,us,WMT,20.600000381469727,20.77666664123535,20.06666755676269,20.280000686645508,52107300,,Yahoo Finance daily,2026-07-22T16:59:02
2016-01-21,us,WMT,20.32666778564453,20.93000030517578,20.303333282470703,20.62666702270508,36267600,,Yahoo Finance daily,2026-07-22T16:59:02
2016-01-22,us,WMT,20.81333351135254,21.08666610717773,20.709999084472656,20.89666748046875,27592500,,Yahoo Finance daily,2026-07-22T16:59:02
2016-01-25,us,WMT,20.926666259765625,21.273332595825195,20.850000381469727,21.149999618530277,38470200,,Yahoo Finance daily,2026-07-22T16:59:02
2016-01-26,us,WMT,21.1200008392334,21.489999771118164,21.08666610717773,21.333332061767575,28323600,,Yahoo Finance daily,2026-07-22T16:59:02
2016-01-27,us,WMT,21.36666679382324,21.726667404174805,21.296667098999023,21.31666755676269,30642900,,Yahoo Finance daily,2026-07-22T16:59:02
2016-01-28,us,WMT,21.34333229064941,21.503332138061523,21.143333435058597,21.406667709350582,33834900,,Yahoo Finance daily,2026-07-22T16:59:02
2016-01-29,us,WMT,21.583332061767575,22.176666259765625,21.57999992370605,22.1200008392334,49317300,,Yahoo Finance daily,2026-07-22T16:59:02
2016-02-01,us,WMT,21.96999931335449,22.643333435058597,21.96333312988281,22.5,44185200,,Yahoo Finance daily,2026-07-22T16:59:02
2016-02-02,us,WMT,22.433332443237305,22.61333274841309,22.09333229064941,22.286666870117188,40757700,,Yahoo Finance daily,2026-07-22T16:59:02
2016-02-03,us,WMT,22.43666648864746,22.5,21.690000534057617,22.09000015258789,36946800,,Yahoo Finance daily,2026-07-22T16:59:02
2016-02-04,us,WMT,21.920000076293945,22.183332443237305,21.670000076293945,22.13999938964844,38500200,,Yahoo Finance daily,2026-07-22T16:59:02
2016-02-05,us,WMT,22.286666870117188,22.51000022888184,21.959999084472656,22.333332061767575,42589500,,Yahoo Finance daily,2026-07-22T16:59:02
2016-02-08,us,WMT,22.166667938232425,22.38333320617676,21.71999931335449,22.299999237060547,62230800,,Yahoo Finance daily,2026-07-22T16:59:02
2016-02-09,us,WMT,21.82999992370605,22.136667251586918,21.559999465942383,21.93666648864746,43927200,,Yahoo Finance daily,2026-07-22T16:59:02
2016-02-10,us,WMT,22.06333351135254,22.196666717529297,21.88333320617676,21.93000030517578,29127900,,Yahoo Finance daily,2026-07-22T16:59:02
2016-02-11,us,WMT,21.67333221435547,21.920000076293945,21.59333229064941,21.773332595825195,33560100,,Yahoo Finance daily,2026-07-22T16:59:02
2016-02-12,us,WMT,21.84000015258789,22.083332061767575,21.62333297729492,22.059999465942383,29086500,,Yahoo Finance daily,2026-07-22T16:59:02
2016-02-16,us,WMT,22.203332901000977,22.26666641235352,21.833332061767575,21.96666717529297,34081500,,Yahoo Finance daily,2026-07-22T16:59:02
2016-02-17,us,WMT,22.03333282470703,22.203332901000977,21.93666648864746,22.036666870117188,37280100,,Yahoo Finance daily,2026-07-22T16:59:02
2016-02-18,us,WMT,21.24666786193848,21.59333229064941,20.78333282470703,21.37333297729492,83683800,,Yahoo Finance daily,2026-07-22T16:59:02
2016-02-19,us,WMT,21.296667098999023,21.59000015258789,21.14666748046875,21.553333282470703,46686900,,Yahoo Finance daily,2026-07-22T16:59:02
2016-02-22,us,WMT,21.553333282470703,22.046667098999023,21.553333282470703,21.87666702270508,31761900,,Yahoo Finance daily,2026-07-22T16:59:02
2016-02-23,us,WMT,21.946666717529297,22.200000762939453,21.76000022888184,22.15999984741211,34296000,,Yahoo Finance daily,2026-07-22T16:59:02
2016-02-24,us,WMT,22.06333351135254,22.44333267211914,21.906667709350582,22.37333297729492,30873600,,Yahoo Finance daily,2026-07-22T16:59:02
2016-02-25,us,WMT,22.483333587646484,22.709999084472656,22.44333267211914,22.68000030517578,28743900,,Yahoo Finance daily,2026-07-22T16:59:02
2016-02-26,us,WMT,22.69333267211914,22.733333587646484,22.100000381469727,22.170000076293945,32952900,,Yahoo Finance daily,2026-07-22T16:59:02
2016-02-29,us,WMT,22.209999084472656,22.31666755676269,22.07333374023437,22.11333274841309,28035600,,Yahoo Finance daily,2026-07-22T16:59:02
2016-03-01,us,WMT,22.21666717529297,22.296667098999023,22.0,22.15333366394043,31288500,,Yahoo Finance daily,2026-07-22T16:59:02
2016-03-02,us,WMT,22.06999969482422,22.22333335876465,22.0,22.06999969482422,27496800,,Yahoo Finance daily,2026-07-22T16:59:02
2016-03-03,us,WMT,21.983333587646484,22.06666755676269,21.62666702270508,22.046667098999023,35540400,,Yahoo Finance daily,2026-07-22T16:59:02
2016-03-04,us,WMT,22.046667098999023,22.426666259765625,22.030000686645508,22.26000022888184,30031500,,Yahoo Finance daily,2026-07-22T16:59:02
2016-03-07,us,WMT,22.206666946411133,22.82666778564453,22.09000015258789,22.6299991607666,38476200,,Yahoo Finance daily,2026-07-22T16:59:02
2016-03-08,us,WMT,22.57666778564453,22.82333374023437,22.49666786193848,22.68000030517578,30203700,,Yahoo Finance daily,2026-07-22T16:59:02
2016-03-09,us,WMT,22.59666633605957,22.663333892822266,22.37333297729492,22.51000022888184,23474400,,Yahoo Finance daily,2026-07-22T16:59:02
2016-03-10,us,WMT,22.51666641235352,22.68000030517578,22.13333320617676,22.46999931335449,30677400,,Yahoo Finance daily,2026-07-22T16:59:02
2016-03-11,us,WMT,22.59000015258789,22.64666748046875,22.26666641235352,22.38999938964844,24872700,,Yahoo Finance daily,2026-07-22T16:59:02
2016-03-14,us,WMT,22.38333320617676,22.55666732788086,22.31999969482422,22.453332901000977,20137500,,Yahoo Finance daily,2026-07-22T16:59:02
2016-03-15,us,WMT,22.333332061767575,22.78333282470703,22.333332061767575,22.696666717529297,22700700,,Yahoo Finance daily,2026-07-22T16:59:02
2016-03-16,us,WMT,22.64666748046875,22.780000686645508,22.416667938232425,22.663333892822266,24654000,,Yahoo Finance daily,2026-07-22T16:59:02
2016-03-17,us,WMT,22.606666564941406,22.97333335876465,22.420000076293945,22.483333587646484,35514300,,Yahoo Finance daily,2026-07-22T16:59:02
2016-03-18,us,WMT,22.49333381652832,22.676666259765625,22.25,22.31666755676269,69459300,,Yahoo Finance daily,2026-07-22T16:59:02
2016-03-21,us,WMT,22.34333229064941,22.793333053588867,22.32333374023437,22.656667709350582,28247400,,Yahoo Finance daily,2026-07-22T16:59:02
2016-03-22,us,WMT,22.666667938232425,22.893333435058597,22.59666633605957,22.62333297729492,22543500,,Yahoo Finance daily,2026-07-22T16:59:02
2016-03-23,us,WMT,22.670000076293945,22.700000762939453,22.479999542236328,22.48666763305664,18331800,,Yahoo Finance daily,2026-07-22T16:59:02
2016-03-24,us,WMT,22.476667404174805,22.68000030517578,22.459999084472656,22.666667938232425,18914100,,Yahoo Finance daily,2026-07-22T16:59:02
2016-03-28,us,WMT,22.643333435058597,22.86000061035156,22.643333435058597,22.706666946411133,16810500,,Yahoo Finance daily,2026-07-22T16:59:02
2016-03-29,us,WMT,22.71666717529297,22.73666763305664,22.476667404174805,22.676666259765625,19473000,,Yahoo Finance daily,2026-07-22T16:59:02
2016-03-30,us,WMT,22.77666664123535,23.0,22.76333236694336,22.933332443237305,21625500,,Yahoo Finance daily,2026-07-22T16:59:02
2016-03-31,us,WMT,22.916667938232425,23.06333351135254,22.82333374023437,22.82999992370605,18850500,,Yahoo Finance daily,2026-07-22T16:59:02
2016-04-01,us,WMT,22.67333221435547,23.06666755676269,22.67333221435547,23.020000457763672,19807200,,Yahoo Finance daily,2026-07-22T16:59:02
2016-04-04,us,WMT,23.0,23.12333297729492,22.97333335876465,23.03333282470703,20470200,,Yahoo Finance daily,2026-07-22T16:59:02
2016-04-05,us,WMT,23.01000022888184,23.083332061767575,22.75666618347168,22.8799991607666,17337000,,Yahoo Finance daily,2026-07-22T16:59:02
2016-04-06,us,WMT,22.899999618530277,23.020000457763672,22.84000015258789,23.01333236694336,16088100,,Yahoo Finance daily,2026-07-22T16:59:02
2016-04-07,us,WMT,22.94333267211914,22.976667404174805,22.64666748046875,22.739999771118164,18331500,,Yahoo Finance daily,2026-07-22T16:59:02
2016-04-08,us,WMT,22.770000457763672,22.796667098999023,22.6200008392334,22.68666648864746,19548000,,Yahoo Finance daily,2026-07-22T16:59:02
2016-04-11,us,WMT,22.670000076293945,22.790000915527344,22.459999084472656,22.46666717529297,23596200,,Yahoo Finance daily,2026-07-22T16:59:02
2016-04-12,us,WMT,22.523332595825195,22.956666946411133,22.483333587646484,22.933332443237305,23203800,,Yahoo Finance daily,2026-07-22T16:59:02
2016-04-13,us,WMT,23.003332138061523,23.13999938964844,22.956666946411133,23.049999237060547,18788100,,Yahoo Finance daily,2026-07-22T16:59:02
2016-04-14,us,WMT,23.049999237060547,23.07999992370605,22.71666717529297,22.933332443237305,20931300,,Yahoo Finance daily,2026-07-22T16:59:02
2016-04-15,us,WMT,22.979999542236328,23.136667251586918,22.979999542236328,23.020000457763672,22753500,,Yahoo Finance daily,2026-07-22T16:59:02
2016-04-18,us,WMT,23.01666641235352,23.299999237060547,22.950000762939453,23.286666870117188,19868700,,Yahoo Finance daily,2026-07-22T16:59:02
2016-04-19,us,WMT,23.26333236694336,23.36000061035156,23.166667938232425,23.25666618347168,24598200,,Yahoo Finance daily,2026-07-22T16:59:02
2016-04-20,us,WMT,23.253332138061523,23.32999992370605,23.043333053588867,23.06999969482422,16237500,,Yahoo Finance daily,2026-07-22T16:59:02
2016-04-21,us,WMT,23.156667709350582,23.226667404174805,22.74666786193848,22.82333374023437,19852800,,Yahoo Finance daily,2026-07-22T16:59:02
2016-04-22,us,WMT,22.940000534057617,22.979999542236328,22.76000022888184,22.906667709350582,18645300,,Yahoo Finance daily,2026-07-22T16:59:02
2016-04-25,us,WMT,22.850000381469727,23.166667938232425,22.68666648864746,23.156667709350582,17688600,,Yahoo Finance daily,2026-07-22T16:59:02
2016-04-26,us,WMT,23.233333587646484,23.296667098999023,23.03333282470703,23.100000381469727,19945200,,Yahoo Finance daily,2026-07-22T16:59:02
2016-04-27,us,WMT,23.163333892822266,23.26000022888184,22.99666786193848,23.13999938964844,15441900,,Yahoo Finance daily,2026-07-22T16:59:02
2016-04-28,us,WMT,23.023332595825195,23.206666946411133,22.916667938232425,22.96999931335449,14330700,,Yahoo Finance daily,2026-07-22T16:59:02
2016-04-29,us,WMT,22.90999984741211,22.940000534057617,22.1200008392334,22.290000915527344,36297000,,Yahoo Finance daily,2026-07-22T16:59:02
2016-05-02,us,WMT,22.206666946411133,22.56666755676269,22.176666259765625,22.530000686645508,22829100,,Yahoo Finance daily,2026-07-22T16:59:02
2016-05-03,us,WMT,22.286666870117188,22.5,22.25,22.333332061767575,17767800,,Yahoo Finance daily,2026-07-22T16:59:02
2016-05-04,us,WMT,22.28333282470703,22.49666786193848,22.14666748046875,22.39666748046875,18088500,,Yahoo Finance daily,2026-07-22T16:59:02
2016-05-05,us,WMT,22.32333374023437,22.416667938232425,22.19333267211914,22.40333366394043,24273000,,Yahoo Finance daily,2026-07-22T16:59:02
2016-05-06,us,WMT,22.303333282470703,22.753332138061523,22.26666641235352,22.75,29476200,,Yahoo Finance daily,2026-07-22T16:59:02
2016-05-09,us,WMT,22.75,23.03333282470703,22.71999931335449,22.983333587646484,25968600,,Yahoo Finance daily,2026-07-22T16:59:02
2016-05-10,us,WMT,22.97333335876465,23.043333053588867,22.81666755676269,22.93000030517578,19208700,,Yahoo Finance daily,2026-07-22T16:59:02
2016-05-11,us,WMT,22.489999771118164,22.5,21.8700008392334,22.136667251586918,43792500,,Yahoo Finance daily,2026-07-22T16:59:02
2016-05-12,us,WMT,22.183332443237305,22.350000381469727,22.12666702270508,22.28333282470703,28600500,,Yahoo Finance daily,2026-07-22T16:59:02
2016-05-13,us,WMT,22.15999984741211,22.183332443237305,21.549999237060547,21.64666748046875,41234100,,Yahoo Finance daily,2026-07-22T16:59:02
2016-05-16,us,WMT,21.6200008392334,22.11666679382324,21.559999465942383,22.00666618347168,30545400,,Yahoo Finance daily,2026-07-22T16:59:02
2016-05-17,us,WMT,22.020000457763672,22.09000015258789,21.62666702270508,21.700000762939453,27758100,,Yahoo Finance daily,2026-07-22T16:59:02
2016-05-18,us,WMT,21.00666618347168,21.26000022888184,20.906667709350582,21.049999237060547,66767700,,Yahoo Finance daily,2026-07-22T16:59:02
2016-05-19,us,WMT,22.700000762939453,23.11000061035156,22.5,23.06666755676269,105230100,,Yahoo Finance daily,2026-07-22T16:59:02
2016-05-20,us,WMT,23.11000061035156,23.3799991607666,22.950000762939453,23.286666870117188,50239800,,Yahoo Finance daily,2026-07-22T16:59:02
2016-05-23,us,WMT,23.200000762939453,23.35333251953125,23.14666748046875,23.166667938232425,30299400,,Yahoo Finance daily,2026-07-22T16:59:02
2016-05-24,us,WMT,23.21666717529297,23.47333335876465,23.183332443237305,23.413333892822266,26484000,,Yahoo Finance daily,2026-07-22T16:59:02
2016-05-25,us,WMT,23.416667938232425,23.666667938232425,23.413333892822266,23.49333381652832,21791700,,Yahoo Finance daily,2026-07-22T16:59:02
2016-05-26,us,WMT,23.56333351135254,23.793333053588867,23.53333282470703,23.61666679382324,26081700,,Yahoo Finance daily,2026-07-22T16:59:02
2016-05-27,us,WMT,23.6200008392334,23.6299991607666,23.49666786193848,23.583332061767575,17321100,,Yahoo Finance daily,2026-07-22T16:59:02
2016-05-31,us,WMT,23.52666664123535,23.666667938232425,23.49333381652832,23.59333229064941,25170600,,Yahoo Finance daily,2026-07-22T16:59:02
2016-06-01,us,WMT,23.5,23.636667251586918,23.46999931335449,23.5,21662700,,Yahoo Finance daily,2026-07-22T16:59:02
2016-06-02,us,WMT,23.5,23.666667938232425,23.38333320617676,23.649999618530277,19526100,,Yahoo Finance daily,2026-07-22T16:59:02
2016-06-03,us,WMT,23.523332595825195,23.683332443237305,23.50666618347168,23.62333297729492,19123500,,Yahoo Finance daily,2026-07-22T16:59:02
2016-06-06,us,WMT,23.84000015258789,23.850000381469727,23.666667938232425,23.683332443237305,27054000,,Yahoo Finance daily,2026-07-22T16:59:02
2016-06-07,us,WMT,23.700000762939453,23.770000457763672,23.61666679382324,23.676666259765625,22090200,,Yahoo Finance daily,2026-07-22T16:59:02
2016-06-08,us,WMT,23.61666679382324,23.81666755676269,23.600000381469727,23.76000022888184,18417000,,Yahoo Finance daily,2026-07-22T16:59:02
2016-06-09,us,WMT,23.786666870117188,23.86333274841309,23.61666679382324,23.696666717529297,18209700,,Yahoo Finance daily,2026-07-22T16:59:02
2016-06-10,us,WMT,23.666667938232425,23.803333282470703,23.559999465942383,23.71333312988281,22534200,,Yahoo Finance daily,2026-07-22T16:59:02
2016-06-13,us,WMT,23.666667938232425,23.726667404174805,23.49666786193848,23.51000022888184,23722800,,Yahoo Finance daily,2026-07-22T16:59:02
2016-06-14,us,WMT,23.553333282470703,23.72333335876465,23.399999618530277,23.649999618530277,27199200,,Yahoo Finance daily,2026-07-22T16:59:02
2016-06-15,us,WMT,23.733333587646484,23.8700008392334,23.666667938232425,23.706666946411133,24051000,,Yahoo Finance daily,2026-07-22T16:59:02
2016-06-16,us,WMT,23.666667938232425,23.81999969482422,23.600000381469727,23.76666641235352,20115600,,Yahoo Finance daily,2026-07-22T16:59:02
2016-06-17,us,WMT,23.683332443237305,23.770000457763672,23.46666717529297,23.649999618530277,54177900,,Yahoo Finance daily,2026-07-22T16:59:02
2016-06-20,us,WMT,23.770000457763672,23.926666259765625,23.683332443237305,23.700000762939453,21427500,,Yahoo Finance daily,2026-07-22T16:59:02
2016-06-21,us,WMT,23.649999618530277,23.906667709350582,23.649999618530277,23.81999969482422,20024400,,Yahoo Finance daily,2026-07-22T16:59:02
2016-06-22,us,WMT,23.86666679382324,24.083332061767575,23.856666564941406,23.916667938232425,25372500,,Yahoo Finance daily,2026-07-22T16:59:02
2016-06-23,us,WMT,24.06666755676269,24.07999992370605,23.93000030517578,24.03333282470703,20910600,,Yahoo Finance daily,2026-07-22T16:59:02
2016-06-24,us,WMT,23.51666641235352,24.239999771118164,23.503332138061523,23.98666763305664,45361200,,Yahoo Finance daily,2026-07-22T16:59:02
2016-06-27,us,WMT,23.8799991607666,23.92333221435547,23.62666702270508,23.833332061767575,33910200,,Yahoo Finance daily,2026-07-22T16:59:02
2016-06-28,us,WMT,23.920000076293945,23.956666946411133,23.55666732788086,23.83666610717773,25683600,,Yahoo Finance daily,2026-07-22T16:59:02
2016-06-29,us,WMT,23.87666702270508,24.163333892822266,23.85333251953125,24.15333366394043,21044100,,Yahoo Finance daily,2026-07-22T16:59:02
2016-06-30,us,WMT,24.190000534057617,24.39666748046875,24.106666564941406,24.34000015258789,26140800,,Yahoo Finance daily,2026-07-22T16:59:02
2016-07-01,us,WMT,24.37666702270508,24.38999938964844,24.13999938964844,24.270000457763672,22916400,,Yahoo Finance daily,2026-07-22T16:59:02
2016-07-05,us,WMT,24.25,24.540000915527344,24.226667404174805,24.3799991607666,32245800,,Yahoo Finance daily,2026-07-22T16:59:02
2016-07-06,us,WMT,24.420000076293945,24.65999984741211,24.38999938964844,24.606666564941406,33188100,,Yahoo Finance daily,2026-07-22T16:59:02
2016-07-07,us,WMT,24.57666778564453,24.643333435058597,24.38333320617676,24.51000022888184,23378400,,Yahoo Finance daily,2026-07-22T16:59:02
2016-07-08,us,WMT,24.606666564941406,24.61666679382324,24.413333892822266,24.61333274841309,27382800,,Yahoo Finance daily,2026-07-22T16:59:02
2016-07-11,us,WMT,24.55666732788086,24.78333282470703,24.5,24.68666648864746,27120300,,Yahoo Finance daily,2026-07-22T16:59:02
2016-07-12,us,WMT,24.520000457763672,24.57666778564453,24.333332061767575,24.42333221435547,37083600,,Yahoo Finance daily,2026-07-22T16:59:02
2016-07-13,us,WMT,24.416667938232425,24.543333053588867,24.31333351135254,24.540000915527344,19197000,,Yahoo Finance daily,2026-07-22T16:59:02
2016-07-14,us,WMT,24.59666633605957,24.703332901000977,24.536666870117188,24.56666755676269,19939200,,Yahoo Finance daily,2026-07-22T16:59:02
2016-07-15,us,WMT,24.65999984741211,24.670000076293945,24.479999542236328,24.55666732788086,17984400,,Yahoo Finance daily,2026-07-22T16:59:02
2016-07-18,us,WMT,24.546667098999023,24.726667404174805,24.51000022888184,24.61333274841309,16371900,,Yahoo Finance daily,2026-07-22T16:59:02
2016-07-19,us,WMT,24.546667098999023,24.65333366394043,24.52666664123535,24.553333282470703,14394300,,Yahoo Finance daily,2026-07-22T16:59:02
2016-07-20,us,WMT,24.62666702270508,24.703332901000977,24.543333053588867,24.59666633605957,15846000,,Yahoo Finance daily,2026-07-22T16:59:02
2016-07-21,us,WMT,24.476667404174805,24.553333282470703,24.3799991607666,24.50666618347168,13175700,,Yahoo Finance daily,2026-07-22T16:59:02
2016-07-22,us,WMT,24.58666610717773,24.636667251586918,24.47333335876465,24.51666641235352,12949800,,Yahoo Finance daily,2026-07-22T16:59:02
2016-07-25,us,WMT,24.51666641235352,24.61000061035156,24.46999931335449,24.583332061767575,14202000,,Yahoo Finance daily,2026-07-22T16:59:02
2016-07-26,us,WMT,24.56999969482422,24.690000534057617,24.46999931335449,24.57666778564453,15744900,,Yahoo Finance daily,2026-07-22T16:59:02
2016-07-27,us,WMT,24.553333282470703,24.606666564941406,24.3799991607666,24.440000534057617,17333700,,Yahoo Finance daily,2026-07-22T16:59:02
2016-07-28,us,WMT,24.3799991607666,24.440000534057617,24.156667709350582,24.413333892822266,13809600,,Yahoo Finance daily,2026-07-22T16:59:02
2016-07-29,us,WMT,24.38999938964844,24.416667938232425,24.253332138061523,24.32333374023437,18906600,,Yahoo Finance daily,2026-07-22T16:59:02
2016-08-01,us,WMT,24.270000457763672,24.663333892822266,24.270000457763672,24.59333229064941,17605200,,Yahoo Finance daily,2026-07-22T16:59:02
2016-08-02,us,WMT,24.56666755676269,24.57333374023437,24.209999084472656,24.37666702270508,19539300,,Yahoo Finance daily,2026-07-22T16:59:02
2016-08-03,us,WMT,24.333332061767575,24.46666717529297,24.170000076293945,24.31333351135254,19704300,,Yahoo Finance daily,2026-07-22T16:59:02
2016-08-04,us,WMT,24.26666641235352,24.49666786193848,24.196666717529297,24.433332443237305,14834700,,Yahoo Finance daily,2026-07-22T16:59:02
2016-08-05,us,WMT,24.48666763305664,24.649999618530277,24.48666763305664,24.58666610717773,16246200,,Yahoo Finance daily,2026-07-22T16:59:02
2016-08-08,us,WMT,24.666667938232425,24.690000534057617,24.34666633605957,24.446666717529297,19731600,,Yahoo Finance daily,2026-07-22T16:59:02
2016-08-09,us,WMT,24.453332901000977,24.62666702270508,24.36000061035156,24.51333236694336,19283700,,Yahoo Finance daily,2026-07-22T16:59:02
2016-08-10,us,WMT,24.523332595825195,24.83666610717773,24.46333312988281,24.649999618530277,24156900,,Yahoo Finance daily,2026-07-22T16:59:02
2016-08-11,us,WMT,24.833332061767575,24.933332443237305,24.51000022888184,24.600000381469727,18870900,,Yahoo Finance daily,2026-07-22T16:59:02
2016-08-12,us,WMT,24.600000381469727,24.706666946411133,24.520000457763672,24.6299991607666,29982600,,Yahoo Finance daily,2026-07-22T16:59:02
2016-08-15,us,WMT,24.60333251953125,24.670000076293945,24.3700008392334,24.440000534057617,28908300,,Yahoo Finance daily,2026-07-22T16:59:02
2016-08-16,us,WMT,24.196666717529297,24.43666648864746,24.06999969482422,24.296667098999023,29289900,,Yahoo Finance daily,2026-07-22T16:59:02
2016-08-17,us,WMT,23.99666786193848,24.31666755676269,23.99666786193848,24.309999465942383,43029900,,Yahoo Finance daily,2026-07-22T16:59:02
2016-08-18,us,WMT,24.309999465942383,25.06333351135254,24.309999465942383,24.76666641235352,80574900,,Yahoo Finance daily,2026-07-22T16:59:02
2016-08-19,us,WMT,24.700000762939453,24.76333236694336,24.22333335876465,24.270000457763672,46039200,,Yahoo Finance daily,2026-07-22T16:59:02
2016-08-22,us,WMT,24.35333251953125,24.3799991607666,24.149999618530277,24.233333587646484,30936300,,Yahoo Finance daily,2026-07-22T16:59:02
2016-08-23,us,WMT,24.296667098999023,24.356666564941406,23.98666763305664,23.989999771118164,28174200,,Yahoo Finance daily,2026-07-22T16:59:02
2016-08-24,us,WMT,23.989999771118164,24.25,23.920000076293945,24.07666778564453,30152100,,Yahoo Finance daily,2026-07-22T16:59:02
2016-08-25,us,WMT,24.12333297729492,24.19333267211914,23.683332443237305,23.739999771118164,31542600,,Yahoo Finance daily,2026-07-22T16:59:02
2016-08-26,us,WMT,23.803333282470703,23.89666748046875,23.6299991607666,23.71333312988281,30115500,,Yahoo Finance daily,2026-07-22T16:59:02
2016-08-29,us,WMT,23.71333312988281,23.886667251586918,23.700000762939453,23.799999237060547,22404300,,Yahoo Finance daily,2026-07-22T16:59:02
2016-08-30,us,WMT,23.799999237060547,23.920000076293945,23.71666717529297,23.770000457763672,17322600,,Yahoo Finance daily,2026-07-22T16:59:02
2016-08-31,us,WMT,23.81999969482422,23.8799991607666,23.71666717529297,23.81333351135254,18934800,,Yahoo Finance daily,2026-07-22T16:59:02
2016-09-01,us,WMT,23.856666564941406,24.286666870117188,23.803333282470703,24.280000686645508,35284200,,Yahoo Finance daily,2026-07-22T16:59:02
2016-09-02,us,WMT,24.32999992370605,24.39666748046875,24.13999938964844,24.166667938232425,24248700,,Yahoo Finance daily,2026-07-22T16:59:02
2016-09-06,us,WMT,24.253332138061523,24.36000061035156,24.06666755676269,24.333332061767575,28712700,,Yahoo Finance daily,2026-07-22T16:59:02
2016-09-07,us,WMT,24.333332061767575,24.350000381469727,24.003332138061523,24.020000457763672,28854900,,Yahoo Finance daily,2026-07-22T16:59:02
2016-09-08,us,WMT,23.96333312988281,24.106666564941406,23.90333366394043,23.94333267211914,28983600,,Yahoo Finance daily,2026-07-22T16:59:02
2016-09-09,us,WMT,23.773332595825195,23.83666610717773,23.433332443237305,23.433332443237305,36517800,,Yahoo Finance daily,2026-07-22T16:59:02
2016-09-12,us,WMT,23.59666633605957,24.07999992370605,23.57333374023437,23.979999542236328,32592000,,Yahoo Finance daily,2026-07-22T16:59:02
2016-09-13,us,WMT,23.946666717529297,23.96999931335449,23.71666717529297,23.81999969482422,22523700,,Yahoo Finance daily,2026-07-22T16:59:02
2016-09-14,us,WMT,23.87333297729492,24.020000457763672,23.799999237060547,23.84000015258789,20941500,,Yahoo Finance daily,2026-07-22T16:59:02
2016-09-15,us,WMT,23.82666778564453,24.18666648864746,23.753332138061523,24.13333320617676,21886800,,Yahoo Finance daily,2026-07-22T16:59:02
2016-09-16,us,WMT,24.106666564941406,24.31999969482422,24.07333374023437,24.290000915527344,41807100,,Yahoo Finance daily,2026-07-22T16:59:02
2016-09-19,us,WMT,24.21333312988281,24.290000915527344,24.030000686645508,24.030000686645508,20762100,,Yahoo Finance daily,2026-07-22T16:59:02
2016-09-20,us,WMT,24.049999237060547,24.183332443237305,23.96666717529297,23.989999771118164,17731800,,Yahoo Finance daily,2026-07-22T16:59:02
2016-09-21,us,WMT,24.059999465942383,24.18000030517578,23.83666610717773,24.06333351135254,20027700,,Yahoo Finance daily,2026-07-22T16:59:02
2016-09-22,us,WMT,24.143333435058597,24.18000030517578,23.99666786193848,24.09000015258789,17615700,,Yahoo Finance daily,2026-07-22T16:59:02
2016-09-23,us,WMT,24.200000762939453,24.25666618347168,24.11333274841309,24.11666679382324,23089200,,Yahoo Finance daily,2026-07-22T16:59:02
2016-09-26,us,WMT,24.10333251953125,24.11000061035156,23.84000015258789,23.87333297729492,17846100,,Yahoo Finance daily,2026-07-22T16:59:02
2016-09-27,us,WMT,23.976667404174805,24.163333892822266,23.86000061035156,24.11000061035156,19033200,,Yahoo Finance daily,2026-07-22T16:59:02
2016-09-28,us,WMT,24.07333374023437,24.106666564941406,23.793333053588867,23.93000030517578,18554700,,Yahoo Finance daily,2026-07-22T16:59:02
2016-09-29,us,WMT,23.856666564941406,23.90333366394043,23.540000915527344,23.57666778564453,23990400,,Yahoo Finance daily,2026-07-22T16:59:02
2016-09-30,us,WMT,23.833332061767575,24.15333366394043,23.799999237060547,24.040000915527344,29947800,,Yahoo Finance daily,2026-07-22T16:59:02
2016-10-03,us,WMT,23.94333267211914,24.049999237060547,23.86666679382324,24.003332138061523,17573100,,Yahoo Finance daily,2026-07-22T16:59:02
2016-10-04,us,WMT,24.0,24.190000534057617,23.850000381469727,23.916667938232425,19707900,,Yahoo Finance daily,2026-07-22T16:59:02
2016-10-05,us,WMT,23.956666946411133,24.09000015258789,23.86666679382324,23.88999938964844,19393200,,Yahoo Finance daily,2026-07-22T16:59:02
2016-10-06,us,WMT,23.88999938964844,23.88999938964844,22.96333312988281,23.1200008392334,60330900,,Yahoo Finance daily,2026-07-22T16:59:02
2016-10-07,us,WMT,23.08666610717773,23.156667709350582,22.72333335876465,22.899999618530277,37961400,,Yahoo Finance daily,2026-07-22T16:59:02
2016-10-10,us,WMT,22.916667938232425,22.98666763305664,22.583332061767575,22.65999984741211,26965200,,Yahoo Finance daily,2026-07-22T16:59:02
2016-10-11,us,WMT,22.649999618530277,22.65333366394043,22.433332443237305,22.46333312988281,25774500,,Yahoo Finance daily,2026-07-22T16:59:02
2016-10-12,us,WMT,22.57999992370605,22.636667251586918,22.456666946411133,22.48666763305664,26822100,,Yahoo Finance daily,2026-07-22T16:59:02
2016-10-13,us,WMT,22.39666748046875,22.84666633605957,22.356666564941406,22.74333381652832,27581400,,Yahoo Finance daily,2026-07-22T16:59:02
2016-10-14,us,WMT,22.80666732788086,22.93666648864746,22.73666763305664,22.81666755676269,19248000,,Yahoo Finance daily,2026-07-22T16:59:02
2016-10-17,us,WMT,22.88333320617676,22.88333320617676,22.600000381469727,22.739999771118164,22480200,,Yahoo Finance daily,2026-07-22T16:59:02
2016-10-18,us,WMT,22.856666564941406,22.99333381652832,22.74333381652832,22.956666946411133,23573100,,Yahoo Finance daily,2026-07-22T16:59:02
2016-10-19,us,WMT,23.07333374023437,23.11333274841309,22.89666748046875,22.96333312988281,21369900,,Yahoo Finance daily,2026-07-22T16:59:02
2016-10-20,us,WMT,22.99333381652832,23.02666664123535,22.856666564941406,22.90999984741211,18882000,,Yahoo Finance daily,2026-07-22T16:59:02
2016-10-21,us,WMT,22.780000686645508,22.87666702270508,22.663333892822266,22.780000686645508,23533800,,Yahoo Finance daily,2026-07-22T16:59:02
2016-10-24,us,WMT,22.87333297729492,23.12333297729492,22.796667098999023,23.06333351135254,21490800,,Yahoo Finance daily,2026-07-22T16:59:02
2016-10-25,us,WMT,23.003332138061523,23.290000915527344,23.0,23.1200008392334,22889100,,Yahoo Finance daily,2026-07-22T16:59:02
2016-10-26,us,WMT,23.100000381469727,23.270000457763672,23.046667098999023,23.196666717529297,15151500,,Yahoo Finance daily,2026-07-22T16:59:02
2016-10-27,us,WMT,23.200000762939453,23.333332061767575,23.1299991607666,23.27666664123535,21394800,,Yahoo Finance daily,2026-07-22T16:59:02
2016-10-28,us,WMT,23.26666641235352,23.40333366394043,23.24333381652832,23.32999992370605,20858700,,Yahoo Finance daily,2026-07-22T16:59:02
2016-10-31,us,WMT,23.35333251953125,23.38999938964844,23.28333282470703,23.34000015258789,19167000,,Yahoo Finance daily,2026-07-22T16:59:02
2016-11-01,us,WMT,23.32666778564453,23.35333251953125,23.046667098999023,23.100000381469727,26515800,,Yahoo Finance daily,2026-07-22T16:59:02
2016-11-02,us,WMT,23.06666755676269,23.32333374023437,23.06666755676269,23.149999618530277,22935900,,Yahoo Finance daily,2026-07-22T16:59:02
2016-11-03,us,WMT,23.209999084472656,23.36000061035156,23.11666679382324,23.209999084472656,20411700,,Yahoo Finance daily,2026-07-22T16:59:02
2016-11-04,us,WMT,23.23666763305664,23.31333351135254,23.043333053588867,23.053333282470703,21786300,,Yahoo Finance daily,2026-07-22T16:59:02
2016-11-07,us,WMT,23.206666946411133,23.280000686645508,23.053333282470703,23.26000022888184,29266200,,Yahoo Finance daily,2026-07-22T16:59:02
2016-11-08,us,WMT,23.23666763305664,23.34666633605957,23.156667709350582,23.26333236694336,22863900,,Yahoo Finance daily,2026-07-22T16:59:02
2016-11-09,us,WMT,23.100000381469727,23.833332061767575,23.09666633605957,23.700000762939453,50338500,,Yahoo Finance daily,2026-07-22T16:59:02
2016-11-10,us,WMT,23.75,24.030000686645508,23.666667938232425,23.796667098999023,42963900,,Yahoo Finance daily,2026-07-22T16:59:02
2016-11-11,us,WMT,23.703332901000977,23.76000022888184,23.53333282470703,23.74333381652832,24671700,,Yahoo Finance daily,2026-07-22T16:59:02
2016-11-14,us,WMT,23.71999931335449,23.770000457763672,23.39666748046875,23.49666786193848,38752500,,Yahoo Finance daily,2026-07-22T16:59:02
2016-11-15,us,WMT,23.59666633605957,23.80666732788086,23.450000762939453,23.80666732788086,29175300,,Yahoo Finance daily,2026-07-22T16:59:02
2016-11-16,us,WMT,23.916667938232425,24.020000457763672,23.77666664123535,23.796667098999023,33577200,,Yahoo Finance daily,2026-07-22T16:59:02
2016-11-17,us,WMT,23.02666664123535,23.17333221435547,22.706666946411133,23.06333351135254,70320900,,Yahoo Finance daily,2026-07-22T16:59:02
2016-11-18,us,WMT,22.976667404174805,23.13333320617676,22.81333351135254,22.84666633605957,33405900,,Yahoo Finance daily,2026-07-22T16:59:02
2016-11-21,us,WMT,22.84666633605957,23.13333320617676,22.80666732788086,23.12333297729492,25068000,,Yahoo Finance daily,2026-07-22T16:59:02
2016-11-22,us,WMT,23.24333381652832,23.47333335876465,23.24333381652832,23.37333297729492,32952000,,Yahoo Finance daily,2026-07-22T16:59:02
2016-11-23,us,WMT,23.406667709350582,23.6299991607666,23.393333435058597,23.61000061035156,22196700,,Yahoo Finance daily,2026-07-22T16:59:02
2016-11-25,us,WMT,23.703332901000977,23.88333320617676,23.65999984741211,23.74333381652832,12703200,,Yahoo Finance daily,2026-07-22T16:59:02
2016-11-28,us,WMT,23.643333435058597,23.84000015258789,23.600000381469727,23.729999542236328,21297600,,Yahoo Finance daily,2026-07-22T16:59:02
2016-11-29,us,WMT,23.793333053588867,23.93000030517578,23.733333587646484,23.790000915527344,21930300,,Yahoo Finance daily,2026-07-22T16:59:02
2016-11-30,us,WMT,23.63999938964844,23.71999931335449,23.38999938964844,23.476667404174805,27978300,,Yahoo Finance daily,2026-07-22T16:59:02
2016-12-01,us,WMT,23.416667938232425,23.57666778564453,23.350000381469727,23.55666732788086,20549400,,Yahoo Finance daily,2026-07-22T16:59:02
2016-12-02,us,WMT,23.52666664123535,23.649999618530277,23.483333587646484,23.62666702270508,20022600,,Yahoo Finance daily,2026-07-22T16:59:02
2016-12-05,us,WMT,23.63333320617676,23.663333892822266,23.270000457763672,23.31333351135254,31583700,,Yahoo Finance daily,2026-07-22T16:59:02
2016-12-06,us,WMT,23.33666610717773,23.46333312988281,23.166667938232425,23.453332901000977,23334000,,Yahoo Finance daily,2026-07-22T16:59:02
2016-12-07,us,WMT,23.309999465942383,23.549999237060547,23.299999237060547,23.53333282470703,20898600,,Yahoo Finance daily,2026-07-22T16:59:02
2016-12-08,us,WMT,23.49333381652832,23.63333320617676,23.440000534057617,23.446666717529297,20532600,,Yahoo Finance daily,2026-07-22T16:59:02
2016-12-09,us,WMT,23.42333221435547,23.476667404174805,23.24666786193848,23.36000061035156,32270100,,Yahoo Finance daily,2026-07-22T16:59:02
2016-12-12,us,WMT,23.356666564941406,23.926666259765625,23.34000015258789,23.88999938964844,27252300,,Yahoo Finance daily,2026-07-22T16:59:02
2016-12-13,us,WMT,23.88999938964844,24.07666778564453,23.8700008392334,23.933332443237305,26662500,,Yahoo Finance daily,2026-07-22T16:59:02
2016-12-14,us,WMT,23.96666717529297,24.15999984741211,23.726667404174805,23.780000686645508,26008200,,Yahoo Finance daily,2026-07-22T16:59:02
2016-12-15,us,WMT,23.739999771118164,23.933332443237305,23.676666259765625,23.69333267211914,21408900,,Yahoo Finance daily,2026-07-22T16:59:02
2016-12-16,us,WMT,23.690000534057617,23.8799991607666,23.53333282470703,23.65999984741211,53534400,,Yahoo Finance daily,2026-07-22T16:59:02
2016-12-19,us,WMT,23.61333274841309,23.916667938232425,23.61333274841309,23.86000061035156,17667900,,Yahoo Finance daily,2026-07-22T16:59:02
2016-12-20,us,WMT,23.90999984741211,23.976667404174805,23.83666610717773,23.940000534057617,18324300,,Yahoo Finance daily,2026-07-22T16:59:02
2016-12-21,us,WMT,23.886667251586918,24.0,23.74666786193848,23.74666786193848,15303000,,Yahoo Finance daily,2026-07-22T16:59:02
2016-12-22,us,WMT,23.74666786193848,23.74666786193848,23.06999969482422,23.196666717529297,36320400,,Yahoo Finance daily,2026-07-22T16:59:02
2016-12-23,us,WMT,23.143333435058597,23.25,23.1200008392334,23.18000030517578,14411700,,Yahoo Finance daily,2026-07-22T16:59:02
2016-12-27,us,WMT,23.100000381469727,23.273332595825195,23.083332061767575,23.233333587646484,13307100,,Yahoo Finance daily,2026-07-22T16:59:02
2016-12-28,us,WMT,23.31333351135254,23.333332061767575,23.08666610717773,23.10333251953125,14627100,,Yahoo Finance daily,2026-07-22T16:59:02
2016-12-29,us,WMT,23.06999969482422,23.17333221435547,23.040000915527344,23.08666610717773,12895200,,Yahoo Finance daily,2026-07-22T16:59:02
2016-12-30,us,WMT,23.040000915527344,23.143333435058597,22.94333267211914,23.040000915527344,20668500,,Yahoo Finance daily,2026-07-22T16:59:02
2017-01-03,us,WMT,23.07999992370605,23.07999992370605,22.683332443237305,22.886667251586918,31419600,,Yahoo Finance daily,2026-07-22T16:59:02
2017-01-04,us,WMT,22.886667251586918,23.209999084472656,22.86666679382324,23.020000457763672,23754000,,Yahoo Finance daily,2026-07-22T16:59:02
2017-01-05,us,WMT,22.809999465942383,23.11000061035156,22.706666946411133,23.06999969482422,21297600,,Yahoo Finance daily,2026-07-22T16:59:02
2017-01-06,us,WMT,22.803333282470703,22.833332061767575,22.670000076293945,22.753332138061523,28473300,,Yahoo Finance daily,2026-07-22T16:59:02
2017-01-09,us,WMT,22.77666664123535,22.933332443237305,22.773332595825195,22.90333366394043,26055600,,Yahoo Finance daily,2026-07-22T16:59:02
2017-01-10,us,WMT,22.8799991607666,23.09000015258789,22.739999771118164,22.74333381652832,30769500,,Yahoo Finance daily,2026-07-22T16:59:02
2017-01-11,us,WMT,22.733333587646484,22.87333297729492,22.729999542236328,22.84333229064941,20092800,,Yahoo Finance daily,2026-07-22T16:59:02
2017-01-12,us,WMT,22.786666870117188,22.85333251953125,22.63999938964844,22.656667709350582,19634700,,Yahoo Finance daily,2026-07-22T16:59:02
2017-01-13,us,WMT,22.65999984741211,22.67333221435547,22.36000061035156,22.37666702270508,30037500,,Yahoo Finance daily,2026-07-22T16:59:02
2017-01-17,us,WMT,22.700000762939453,23.09666633605957,22.68666648864746,22.80666732788086,39502500,,Yahoo Finance daily,2026-07-22T16:59:02
2017-01-18,us,WMT,22.62666702270508,22.703332901000977,22.51333236694336,22.703332901000977,21964500,,Yahoo Finance daily,2026-07-22T16:59:02
2017-01-19,us,WMT,22.709999084472656,22.729999542236328,22.49333381652832,22.540000915527344,20463300,,Yahoo Finance daily,2026-07-22T16:59:02
2017-01-20,us,WMT,22.57999992370605,22.61000061035156,22.34000015258789,22.393333435058597,36164100,,Yahoo Finance daily,2026-07-22T16:59:02
2017-01-23,us,WMT,22.33666610717773,22.393333435058597,22.18666648864746,22.21666717529297,23854200,,Yahoo Finance daily,2026-07-22T16:59:02
2017-01-24,us,WMT,22.296667098999023,22.46999931335449,22.21999931335449,22.46666717529297,32131800,,Yahoo Finance daily,2026-07-22T16:59:02
2017-01-25,us,WMT,22.50666618347168,22.57666778564453,22.26333236694336,22.296667098999023,26168700,,Yahoo Finance daily,2026-07-22T16:59:02
2017-01-26,us,WMT,22.37666702270508,22.406667709350582,22.206666946411133,22.24333381652832,19512300,,Yahoo Finance daily,2026-07-22T16:59:02
2017-01-27,us,WMT,22.286666870117188,22.32333374023437,21.76000022888184,21.886667251586918,40300800,,Yahoo Finance daily,2026-07-22T16:59:02
2017-01-30,us,WMT,21.87666702270508,22.15999984741211,21.87666702270508,22.13999938964844,25924500,,Yahoo Finance daily,2026-07-22T16:59:02
2017-01-31,us,WMT,22.06999969482422,22.296667098999023,21.959999084472656,22.24666786193848,27962700,,Yahoo Finance daily,2026-07-22T16:59:02
2017-02-01,us,WMT,22.15333366394043,22.23666763305664,22.01333236694336,22.07666778564453,27150000,,Yahoo Finance daily,2026-07-22T16:59:02
2017-02-02,us,WMT,22.11333274841309,22.3799991607666,22.11333274841309,22.233333587646484,26996100,,Yahoo Finance daily,2026-07-22T16:59:02
2017-02-03,us,WMT,22.273332595825195,22.309999465942383,22.14666748046875,22.166667938232425,22875900,,Yahoo Finance daily,2026-07-22T16:59:02
2017-02-06,us,WMT,22.12333297729492,22.286666870117188,22.12333297729492,22.13333320617676,27291600,,Yahoo Finance daily,2026-07-22T16:59:02
2017-02-07,us,WMT,22.18666648864746,22.333332061767575,22.170000076293945,22.296667098999023,17417100,,Yahoo Finance daily,2026-07-22T16:59:02
2017-02-08,us,WMT,22.296667098999023,22.606666564941406,22.296667098999023,22.60333251953125,22982400,,Yahoo Finance daily,2026-07-22T16:59:02
2017-02-09,us,WMT,22.60333251953125,23.046667098999023,22.583332061767575,23.02666664123535,33241500,,Yahoo Finance daily,2026-07-22T16:59:02
2017-02-10,us,WMT,22.75,22.86666679382324,22.58666610717773,22.67333221435547,37336800,,Yahoo Finance daily,2026-07-22T16:59:02
2017-02-13,us,WMT,22.773332595825195,22.88333320617676,22.520000457763672,22.59000015258789,25122900,,Yahoo Finance daily,2026-07-22T16:59:02
2017-02-14,us,WMT,22.62666702270508,22.893333435058597,22.56999969482422,22.886667251586918,25386900,,Yahoo Finance daily,2026-07-22T16:59:02
2017-02-15,us,WMT,22.600000381469727,22.90333366394043,22.58666610717773,22.89666748046875,25689900,,Yahoo Finance daily,2026-07-22T16:59:02
2017-02-16,us,WMT,22.88999938964844,23.07999992370605,22.8700008392334,22.956666946411133,25241400,,Yahoo Finance daily,2026-07-22T16:59:02
2017-02-17,us,WMT,22.94333267211914,23.26333236694336,22.89666748046875,23.12333297729492,38512200,,Yahoo Finance daily,2026-07-22T16:59:02
2017-02-21,us,WMT,23.73666763305664,24.09333229064941,23.56666755676269,23.81666755676269,67238700,,Yahoo Finance daily,2026-07-22T16:59:02
2017-02-22,us,WMT,24.083332061767575,24.12333297729492,23.82666778564453,23.90333366394043,45728100,,Yahoo Finance daily,2026-07-22T16:59:02
2017-02-23,us,WMT,24.0,24.166667938232425,23.71999931335449,23.770000457763672,38399100,,Yahoo Finance daily,2026-07-22T16:59:02
2017-02-24,us,WMT,23.780000686645508,24.26666641235352,23.76666641235352,24.1299991607666,41669700,,Yahoo Finance daily,2026-07-22T16:59:02
2017-02-27,us,WMT,24.09333229064941,24.13999938964844,23.84333229064941,23.913333892822266,27764100,,Yahoo Finance daily,2026-07-22T16:59:02
2017-02-28,us,WMT,23.62333297729492,23.666667938232425,23.333332061767575,23.643333435058597,47857800,,Yahoo Finance daily,2026-07-22T16:59:02
2017-03-01,us,WMT,23.656667709350582,23.69333267211914,23.38333320617676,23.483333587646484,40568100,,Yahoo Finance daily,2026-07-22T16:59:02
2017-03-02,us,WMT,23.47333335876465,23.63333320617676,23.38999938964844,23.58666610717773,26748900,,Yahoo Finance daily,2026-07-22T16:59:02
2017-03-03,us,WMT,23.58666610717773,23.67333221435547,23.293333053588867,23.34333229064941,27893700,,Yahoo Finance daily,2026-07-22T16:59:02
2017-03-06,us,WMT,23.333332061767575,23.479999542236328,23.26000022888184,23.293333053588867,27547800,,Yahoo Finance daily,2026-07-22T16:59:02
2017-03-07,us,WMT,23.299999237060547,23.40333366394043,23.286666870117188,23.290000915527344,21848700,,Yahoo Finance daily,2026-07-22T16:59:02
2017-03-08,us,WMT,23.229999542236328,23.34333229064941,23.18000030517578,23.26666641235352,23939400,,Yahoo Finance daily,2026-07-22T16:59:02
2017-03-09,us,WMT,23.25,23.34666633605957,23.18666648864746,23.286666870117188,22693500,,Yahoo Finance daily,2026-07-22T16:59:02
2017-03-10,us,WMT,23.333332061767575,23.453332901000977,23.26666641235352,23.36666679382324,21296400,,Yahoo Finance daily,2026-07-22T16:59:02
2017-03-13,us,WMT,23.32999992370605,23.483333587646484,23.23666763305664,23.31666755676269,20407500,,Yahoo Finance daily,2026-07-22T16:59:02
2017-03-14,us,WMT,23.606666564941406,23.73666763305664,23.57333374023437,23.57333374023437,29875200,,Yahoo Finance daily,2026-07-22T16:59:02
2017-03-15,us,WMT,23.5,23.56666755676269,23.34000015258789,23.52666664123535,26441400,,Yahoo Finance daily,2026-07-22T16:59:02
2017-03-16,us,WMT,23.3700008392334,23.56666755676269,23.356666564941406,23.479999542236328,21183000,,Yahoo Finance daily,2026-07-22T16:59:02
2017-03-17,us,WMT,23.52666664123535,23.583332061767575,23.270000457763672,23.296667098999023,42235200,,Yahoo Finance daily,2026-07-22T16:59:02
2017-03-20,us,WMT,23.3799991607666,23.483333587646484,23.23666763305664,23.32666778564453,22398600,,Yahoo Finance daily,2026-07-22T16:59:02
2017-03-21,us,WMT,23.38999938964844,23.46666717529297,23.229999542236328,23.299999237060547,26240400,,Yahoo Finance daily,2026-07-22T16:59:02
2017-03-22,us,WMT,23.34333229064941,23.446666717529297,23.239999771118164,23.416667938232425,19366800,,Yahoo Finance daily,2026-07-22T16:59:02
2017-03-23,us,WMT,23.399999618530277,23.43666648864746,23.25,23.286666870117188,20696400,,Yahoo Finance daily,2026-07-22T16:59:02
2017-03-24,us,WMT,23.32999992370605,23.38999938964844,23.176666259765625,23.203332901000977,17577000,,Yahoo Finance daily,2026-07-22T16:59:02
2017-03-27,us,WMT,23.17333221435547,23.356666564941406,23.1200008392334,23.21999931335449,17377800,,Yahoo Finance daily,2026-07-22T16:59:02
2017-03-28,us,WMT,23.11000061035156,23.456666946411133,23.11000061035156,23.440000534057617,21756600,,Yahoo Finance daily,2026-07-22T16:59:02
2017-03-29,us,WMT,23.450000762939453,23.726667404174805,23.43666648864746,23.57999992370605,20973000,,Yahoo Finance daily,2026-07-22T16:59:02
2017-03-30,us,WMT,23.56333351135254,23.906667709350582,23.546667098999023,23.86333274841309,24424500,,Yahoo Finance daily,2026-07-22T16:59:02
2017-03-31,us,WMT,23.773332595825195,24.18666648864746,23.74333381652832,24.02666664123535,29819400,,Yahoo Finance daily,2026-07-22T16:59:02
2017-04-03,us,WMT,24.02666664123535,24.176666259765625,23.926666259765625,23.94333267211914,24873900,,Yahoo Finance daily,2026-07-22T16:59:02
2017-04-04,us,WMT,23.913333892822266,24.020000457763672,23.84333229064941,24.003332138061523,16701900,,Yahoo Finance daily,2026-07-22T16:59:02
2017-04-05,us,WMT,23.8799991607666,24.10333251953125,23.85333251953125,23.88333320617676,19063500,,Yahoo Finance daily,2026-07-22T16:59:02
2017-04-06,us,WMT,23.899999618530277,24.03333282470703,23.793333053588867,23.809999465942383,17823300,,Yahoo Finance daily,2026-07-22T16:59:02
2017-04-07,us,WMT,24.03333282470703,24.32999992370605,23.933332443237305,24.299999237060547,32304000,,Yahoo Finance daily,2026-07-22T16:59:02
2017-04-10,us,WMT,24.32999992370605,24.49333381652832,24.24333381652832,24.35333251953125,22487700,,Yahoo Finance daily,2026-07-22T16:59:02
2017-04-11,us,WMT,24.333332061767575,24.483333587646484,24.309999465942383,24.476667404174805,17431500,,Yahoo Finance daily,2026-07-22T16:59:02
2017-04-12,us,WMT,24.51666641235352,24.61000061035156,24.416667938232425,24.479999542236328,19881900,,Yahoo Finance daily,2026-07-22T16:59:02
2017-04-13,us,WMT,24.456666946411133,24.553333282470703,24.38333320617676,24.38333320617676,16009200,,Yahoo Finance daily,2026-07-22T16:59:02
2017-04-17,us,WMT,24.386667251586918,24.52666664123535,24.38333320617676,24.49666786193848,16396200,,Yahoo Finance daily,2026-07-22T16:59:02
2017-04-18,us,WMT,24.51333236694336,24.700000762939453,24.49333381652832,24.6299991607666,19883700,,Yahoo Finance daily,2026-07-22T16:59:02
2017-04-19,us,WMT,24.700000762939453,24.793333053588867,24.6200008392334,24.690000534057617,17821800,,Yahoo Finance daily,2026-07-22T16:59:02
2017-04-20,us,WMT,24.71333312988281,25.036666870117188,24.703332901000977,24.933332443237305,23043900,,Yahoo Finance daily,2026-07-22T16:59:02
2017-04-21,us,WMT,24.913333892822266,25.036666870117188,24.86666679382324,24.979999542236328,17267100,,Yahoo Finance daily,2026-07-22T16:59:02
2017-04-24,us,WMT,25.02666664123535,25.13333320617676,24.80666732788086,24.926666259765625,23437500,,Yahoo Finance daily,2026-07-22T16:59:02
2017-04-25,us,WMT,24.989999771118164,25.05666732788086,24.953332901000977,25.01666641235352,17161200,,Yahoo Finance daily,2026-07-22T16:59:02
2017-04-26,us,WMT,25.09000015258789,25.25666618347168,25.05666732788086,25.143333435058597,20845500,,Yahoo Finance daily,2026-07-22T16:59:02
2017-04-27,us,WMT,25.18000030517578,25.233333587646484,25.00666618347168,25.14666748046875,18156600,,Yahoo Finance daily,2026-07-22T16:59:02
2017-04-28,us,WMT,25.07999992370605,25.14666748046875,24.976667404174805,25.059999465942383,21991200,,Yahoo Finance daily,2026-07-22T16:59:02
2017-05-01,us,WMT,25.030000686645508,25.239999771118164,25.030000686645508,25.07666778564453,18497700,,Yahoo Finance daily,2026-07-22T16:59:02
2017-05-02,us,WMT,25.100000381469727,25.23666763305664,25.083332061767575,25.17333221435547,21955200,,Yahoo Finance daily,2026-07-22T16:59:02
2017-05-03,us,WMT,25.13333320617676,25.293333053588867,25.059999465942383,25.253332138061523,16570800,,Yahoo Finance daily,2026-07-22T16:59:02
2017-05-04,us,WMT,25.309999465942383,25.46666717529297,25.27666664123535,25.446666717529297,16502400,,Yahoo Finance daily,2026-07-22T16:59:02
2017-05-05,us,WMT,25.47333335876465,25.53333282470703,25.393333435058597,25.5,16793400,,Yahoo Finance daily,2026-07-22T16:59:02
2017-05-08,us,WMT,25.5,25.50666618347168,25.356666564941406,25.37333297729492,19536600,,Yahoo Finance daily,2026-07-22T16:59:02
2017-05-09,us,WMT,25.479999542236328,25.683332443237305,25.44333267211914,25.57333374023437,24765900,,Yahoo Finance daily,2026-07-22T16:59:02
2017-05-10,us,WMT,25.44333267211914,25.59333229064941,25.39666748046875,25.56666755676269,22535700,,Yahoo Finance daily,2026-07-22T16:59:02
2017-05-11,us,WMT,25.450000762939453,25.57333374023437,25.309999465942383,25.37666702270508,25048200,,Yahoo Finance daily,2026-07-22T16:59:02
2017-05-12,us,WMT,25.31666755676269,25.416667938232425,25.12333297729492,25.23666763305664,17678700,,Yahoo Finance daily,2026-07-22T16:59:02
2017-05-15,us,WMT,25.26666641235352,25.489999771118164,25.26666641235352,25.43000030517578,26531700,,Yahoo Finance daily,2026-07-22T16:59:02
2017-05-16,us,WMT,25.39666748046875,25.42333221435547,25.02666664123535,25.036666870117188,25115400,,Yahoo Finance daily,2026-07-22T16:59:02
2017-05-17,us,WMT,25.036666870117188,25.24333381652832,24.98666763305664,25.040000915527344,32913000,,Yahoo Finance daily,2026-07-22T16:59:02
2017-05-18,us,WMT,25.6299991607666,25.886667251586918,25.37666702270508,25.84666633605957,57500400,,Yahoo Finance daily,2026-07-22T16:59:02
2017-05-19,us,WMT,25.989999771118164,26.479999542236328,25.92333221435547,26.25666618347168,55745100,,Yahoo Finance daily,2026-07-22T16:59:02
2017-05-22,us,WMT,26.21666717529297,26.333332061767575,26.100000381469727,26.183332443237305,26692800,,Yahoo Finance daily,2026-07-22T16:59:02
2017-05-23,us,WMT,26.19333267211914,26.32333374023437,26.14666748046875,26.163333892822266,22754700,,Yahoo Finance daily,2026-07-22T16:59:02
2017-05-24,us,WMT,26.18666648864746,26.203332901000977,26.046667098999023,26.049999237060547,22281000,,Yahoo Finance daily,2026-07-22T16:59:02
2017-05-25,us,WMT,26.1200008392334,26.28333282470703,26.049999237060547,26.10333251953125,18405000,,Yahoo Finance daily,2026-07-22T16:59:02
2017-05-26,us,WMT,26.12333297729492,26.18000030517578,25.93000030517578,26.043333053588867,18377400,,Yahoo Finance daily,2026-07-22T16:59:02
2017-05-30,us,WMT,26.0,26.13333320617676,25.976667404174805,26.049999237060547,16231200,,Yahoo Finance daily,2026-07-22T16:59:02
2017-05-31,us,WMT,26.11666679382324,26.30666732788086,26.07333374023437,26.200000762939453,24605100,,Yahoo Finance daily,2026-07-22T16:59:02
2017-06-01,us,WMT,26.21333312988281,26.60333251953125,26.200000762939453,26.60333251953125,24459300,,Yahoo Finance daily,2026-07-22T16:59:02
2017-06-02,us,WMT,26.600000381469727,26.643333435058597,26.406667709350582,26.540000915527344,23989500,,Yahoo Finance daily,2026-07-22T16:59:02
2017-06-05,us,WMT,26.53333282470703,26.82333374023437,26.49333381652832,26.753332138061523,30437100,,Yahoo Finance daily,2026-07-22T16:59:02
2017-06-06,us,WMT,26.476667404174805,26.520000457763672,26.08666610717773,26.309999465942383,34577700,,Yahoo Finance daily,2026-07-22T16:59:02
2017-06-07,us,WMT,26.36000061035156,26.5,26.24333381652832,26.38333320617676,25533600,,Yahoo Finance daily,2026-07-22T16:59:02
2017-06-08,us,WMT,26.38333320617676,26.709999084472656,26.07666778564453,26.309999465942383,32799000,,Yahoo Finance daily,2026-07-22T16:59:02
2017-06-09,us,WMT,26.34333229064941,26.520000457763672,26.239999771118164,26.47333335876465,28215300,,Yahoo Finance daily,2026-07-22T16:59:02
2017-06-12,us,WMT,26.46666717529297,26.790000915527344,26.280000686645508,26.413333892822266,31231800,,Yahoo Finance daily,2026-07-22T16:59:02
2017-06-13,us,WMT,26.40333366394043,26.523332595825195,26.296667098999023,26.50666618347168,16584000,,Yahoo Finance daily,2026-07-22T16:59:02
2017-06-14,us,WMT,26.50666618347168,26.68000030517578,26.420000076293945,26.63333320617676,15019500,,Yahoo Finance daily,2026-07-22T16:59:02
2017-06-15,us,WMT,26.393333435058597,26.433332443237305,25.920000076293945,26.303333282470703,33891600,,Yahoo Finance daily,2026-07-22T16:59:02
2017-06-16,us,WMT,24.649999618530277,25.166667938232425,24.43000030517578,25.07999992370605,168699000,,Yahoo Finance daily,2026-07-22T16:59:02
2017-06-19,us,WMT,25.12666702270508,25.33666610717773,24.84000015258789,25.166667938232425,48285300,,Yahoo Finance daily,2026-07-22T16:59:02
2017-06-20,us,WMT,25.293333053588867,25.30666732788086,25.106666564941406,25.18000030517578,30057600,,Yahoo Finance daily,2026-07-22T16:59:02
2017-06-21,us,WMT,25.200000762939453,25.536666870117188,25.19333267211914,25.413333892822266,27034200,,Yahoo Finance daily,2026-07-22T16:59:02
2017-06-22,us,WMT,25.34333229064941,25.35333251953125,25.100000381469727,25.17333221435547,24333900,,Yahoo Finance daily,2026-07-22T16:59:02
2017-06-23,us,WMT,25.200000762939453,25.26000022888184,24.850000381469727,24.946666717529297,39240900,,Yahoo Finance daily,2026-07-22T16:59:02
2017-06-26,us,WMT,24.983333587646484,25.309999465942383,24.97333335876465,25.166667938232425,25762500,,Yahoo Finance daily,2026-07-22T16:59:02
2017-06-27,us,WMT,25.166667938232425,25.456666946411133,25.149999618530277,25.33666610717773,19363200,,Yahoo Finance daily,2026-07-22T16:59:02
2017-06-28,us,WMT,25.416667938232425,25.600000381469727,25.3799991607666,25.503332138061523,20966700,,Yahoo Finance daily,2026-07-22T16:59:02
2017-06-29,us,WMT,25.416667938232425,25.440000534057617,25.163333892822266,25.309999465942383,21190500,,Yahoo Finance daily,2026-07-22T16:59:02
2017-06-30,us,WMT,25.36000061035156,25.42333221435547,25.22333335876465,25.226667404174805,20889900,,Yahoo Finance daily,2026-07-22T16:59:02
2017-07-03,us,WMT,25.280000686645508,25.446666717529297,25.02666664123535,25.1200008392334,14545800,,Yahoo Finance daily,2026-07-22T16:59:02
2017-07-05,us,WMT,25.183332443237305,25.31666755676269,25.05666732788086,25.106666564941406,18110700,,Yahoo Finance daily,2026-07-22T16:59:02
2017-07-06,us,WMT,25.11666679382324,25.32333374023437,25.07999992370605,25.156667709350582,18485400,,Yahoo Finance daily,2026-07-22T16:59:02
2017-07-07,us,WMT,25.21666717529297,25.273332595825195,25.01666641235352,25.11000061035156,15921300,,Yahoo Finance daily,2026-07-22T16:59:02
2017-07-10,us,WMT,25.049999237060547,25.10333251953125,24.37666702270508,24.40999984741211,45200100,,Yahoo Finance daily,2026-07-22T16:59:02
2017-07-11,us,WMT,24.459999084472656,24.683332443237305,24.44333267211914,24.489999771118164,22597800,,Yahoo Finance daily,2026-07-22T16:59:02
2017-07-12,us,WMT,24.553333282470703,24.73666763305664,24.553333282470703,24.64666748046875,17100600,,Yahoo Finance daily,2026-07-22T16:59:02
2017-07-13,us,WMT,24.88999938964844,25.083332061767575,24.83666610717773,25.01666641235352,24481500,,Yahoo Finance daily,2026-07-22T16:59:02
2017-07-14,us,WMT,25.42333221435547,25.520000457763672,25.303333282470703,25.446666717529297,27455700,,Yahoo Finance daily,2026-07-22T16:59:02
2017-07-17,us,WMT,25.43000030517578,25.62333297729492,25.39666748046875,25.456666946411133,26506800,,Yahoo Finance daily,2026-07-22T16:59:02
2017-07-18,us,WMT,25.416667938232425,25.51333236694336,25.333332061767575,25.399999618530277,12944700,,Yahoo Finance daily,2026-07-22T16:59:02
2017-07-19,us,WMT,25.36000061035156,25.406667709350582,25.200000762939453,25.290000915527344,15940800,,Yahoo Finance daily,2026-07-22T16:59:02
2017-07-20,us,WMT,25.32666778564453,25.416667938232425,25.233333587646484,25.34000015258789,14896200,,Yahoo Finance daily,2026-07-22T16:59:02
2017-07-21,us,WMT,25.280000686645508,25.40999984741211,25.183332443237305,25.38333320617676,21459900,,Yahoo Finance daily,2026-07-22T16:59:02
2017-07-24,us,WMT,25.34333229064941,25.71999931335449,25.34333229064941,25.6299991607666,22164000,,Yahoo Finance daily,2026-07-22T16:59:02
2017-07-25,us,WMT,25.8700008392334,26.286666870117188,25.796667098999023,26.17333221435547,34512000,,Yahoo Finance daily,2026-07-22T16:59:02
2017-07-26,us,WMT,26.183332443237305,26.38999938964844,25.979999542236328,26.299999237060547,20148300,,Yahoo Finance daily,2026-07-22T16:59:02
2017-07-27,us,WMT,26.239999771118164,26.6200008392334,26.15999984741211,26.59333229064941,24157500,,Yahoo Finance daily,2026-07-22T16:59:02
2017-07-28,us,WMT,26.600000381469727,26.65333366394043,26.51333236694336,26.60333251953125,14925600,,Yahoo Finance daily,2026-07-22T16:59:02
2017-07-31,us,WMT,26.606666564941406,26.780000686645508,26.56333351135254,26.663333892822266,18789600,,Yahoo Finance daily,2026-07-22T16:59:02
2017-08-01,us,WMT,26.75,26.90999984741211,26.666667938232425,26.833332061767575,17179500,,Yahoo Finance daily,2026-07-22T16:59:02
2017-08-02,us,WMT,26.780000686645508,27.036666870117188,26.76666641235352,26.84333229064941,26019000,,Yahoo Finance daily,2026-07-22T16:59:02
2017-08-03,us,WMT,27.11333274841309,27.253332138061523,26.88999938964844,26.956666946411133,29840700,,Yahoo Finance daily,2026-07-22T16:59:02
2017-08-04,us,WMT,27.020000457763672,27.13333320617676,26.73666763305664,26.82666778564453,21425400,,Yahoo Finance daily,2026-07-22T16:59:02
2017-08-07,us,WMT,26.856666564941406,27.149999618530277,26.84666633605957,27.09333229064941,16453500,,Yahoo Finance daily,2026-07-22T16:59:02
2017-08-08,us,WMT,27.05666732788086,27.286666870117188,26.96666717529297,27.196666717529297,22144200,,Yahoo Finance daily,2026-07-22T16:59:02
2017-08-09,us,WMT,27.036666870117188,27.32999992370605,26.96666717529297,27.203332901000977,19819500,,Yahoo Finance daily,2026-07-22T16:59:02
2017-08-10,us,WMT,27.023332595825195,27.13333320617676,26.850000381469727,26.886667251586918,24135000,,Yahoo Finance daily,2026-07-22T16:59:02
2017-08-11,us,WMT,26.90999984741211,27.083332061767575,26.786666870117188,26.799999237060547,23716500,,Yahoo Finance daily,2026-07-22T16:59:02
2017-08-14,us,WMT,26.86333274841309,27.07999992370605,26.833332061767575,26.899999618530277,23376000,,Yahoo Finance daily,2026-07-22T16:59:02
2017-08-15,us,WMT,26.94333267211914,27.13333320617676,26.84666633605957,26.92333221435547,21198300,,Yahoo Finance daily,2026-07-22T16:59:02
2017-08-16,us,WMT,27.09000015258789,27.14666748046875,26.84666633605957,26.99333381652832,34608000,,Yahoo Finance daily,2026-07-22T16:59:02
2017-08-17,us,WMT,26.28333282470703,26.60333251953125,26.11000061035156,26.56666755676269,51881100,,Yahoo Finance daily,2026-07-22T16:59:02
2017-08-18,us,WMT,26.540000915527344,26.78333282470703,26.426666259765625,26.43666648864746,29259000,,Yahoo Finance daily,2026-07-22T16:59:02
2017-08-21,us,WMT,26.37333297729492,26.690000534057617,26.26333236694336,26.56999969482422,28841700,,Yahoo Finance daily,2026-07-22T16:59:02
2017-08-22,us,WMT,26.600000381469727,26.71999931335449,26.56999969482422,26.67333221435547,19638300,,Yahoo Finance daily,2026-07-22T16:59:02
2017-08-23,us,WMT,26.78333282470703,26.85333251953125,26.62666702270508,26.65333366394043,23397900,,Yahoo Finance daily,2026-07-22T16:59:02
2017-08-24,us,WMT,26.8700008392334,26.959999084472656,25.950000762939453,26.11333274841309,57384000,,Yahoo Finance daily,2026-07-22T16:59:02
2017-08-25,us,WMT,26.166667938232425,26.36333274841309,26.15999984741211,26.209999084472656,29706600,,Yahoo Finance daily,2026-07-22T16:59:02
2017-08-28,us,WMT,26.136667251586918,26.15333366394043,25.953332901000977,26.01000022888184,25864500,,Yahoo Finance daily,2026-07-22T16:59:02
2017-08-29,us,WMT,25.88999938964844,26.32666778564453,25.833332061767575,26.25666618347168,22995600,,Yahoo Finance daily,2026-07-22T16:59:02
2017-08-30,us,WMT,26.273332595825195,26.36666679382324,26.17333221435547,26.18000030517578,17489400,,Yahoo Finance daily,2026-07-22T16:59:02
2017-08-31,us,WMT,26.200000762939453,26.25,26.020000457763672,26.023332595825195,24584400,,Yahoo Finance daily,2026-07-22T16:59:02
2017-09-01,us,WMT,26.10333251953125,26.166667938232425,26.06999969482422,26.12333297729492,19423200,,Yahoo Finance daily,2026-07-22T16:59:02
2017-09-05,us,WMT,25.983333587646484,26.6299991607666,25.96666717529297,26.600000381469727,36205500,,Yahoo Finance daily,2026-07-22T16:59:02
2017-09-06,us,WMT,26.62666702270508,26.799999237060547,26.57333374023437,26.69333267211914,25278300,,Yahoo Finance daily,2026-07-22T16:59:02
2017-09-07,us,WMT,26.773332595825195,26.920000076293945,26.666667938232425,26.706666946411133,20462400,,Yahoo Finance daily,2026-07-22T16:59:02
2017-09-08,us,WMT,26.57999992370605,26.62666702270508,25.90999984741211,26.293333053588867,29998800,,Yahoo Finance daily,2026-07-22T16:59:02
2017-09-11,us,WMT,26.38333320617676,26.450000762939453,26.21999931335449,26.36000061035156,21000600,,Yahoo Finance daily,2026-07-22T16:59:02
2017-09-12,us,WMT,26.433332443237305,26.636667251586918,26.38999938964844,26.536666870117188,18015000,,Yahoo Finance daily,2026-07-22T16:59:02
2017-09-13,us,WMT,26.536666870117188,26.893333435058597,26.530000686645508,26.6200008392334,26471100,,Yahoo Finance daily,2026-07-22T16:59:02
2017-09-14,us,WMT,26.59666633605957,26.606666564941406,26.406667709350582,26.559999465942383,20817900,,Yahoo Finance daily,2026-07-22T16:59:02
2017-09-15,us,WMT,26.60333251953125,26.916667938232425,26.42333221435547,26.793333053588867,39953400,,Yahoo Finance daily,2026-07-22T16:59:02
2017-09-18,us,WMT,26.73666763305664,27.040000915527344,26.649999618530277,26.666667938232425,24528300,,Yahoo Finance daily,2026-07-22T16:59:02
2017-09-19,us,WMT,26.726667404174805,26.81999969482422,26.56666755676269,26.683332443237305,18523200,,Yahoo Finance daily,2026-07-22T16:59:02
2017-09-20,us,WMT,26.72333335876465,26.85333251953125,26.62333297729492,26.833332061767575,15954600,,Yahoo Finance daily,2026-07-22T16:59:02
2017-09-21,us,WMT,26.856666564941406,26.856666564941406,26.57333374023437,26.670000076293945,19290900,,Yahoo Finance daily,2026-07-22T16:59:02
2017-09-22,us,WMT,26.6299991607666,26.69333267211914,26.416667938232425,26.51000022888184,17265900,,Yahoo Finance daily,2026-07-22T16:59:02
2017-09-25,us,WMT,26.30666732788086,26.700000762939453,26.286666870117188,26.38333320617676,25643400,,Yahoo Finance daily,2026-07-22T16:59:02
2017-09-26,us,WMT,26.34666633605957,26.51333236694336,26.30666732788086,26.46333312988281,17505900,,Yahoo Finance daily,2026-07-22T16:59:02
2017-09-27,us,WMT,26.47333335876465,26.523332595825195,26.22333335876465,26.43000030517578,18943800,,Yahoo Finance daily,2026-07-22T16:59:02
2017-09-28,us,WMT,26.333332061767575,26.36000061035156,26.040000915527344,26.31666755676269,37118400,,Yahoo Finance daily,2026-07-22T16:59:02
2017-09-29,us,WMT,26.28333282470703,26.333332061767575,25.99333381652832,26.046667098999023,31060200,,Yahoo Finance daily,2026-07-22T16:59:02
2017-10-02,us,WMT,25.96666717529297,26.27666664123535,25.833332061767575,26.149999618530277,23127600,,Yahoo Finance daily,2026-07-22T16:59:02
2017-10-03,us,WMT,26.27666664123535,26.553333282470703,26.25,26.406667709350582,23810100,,Yahoo Finance daily,2026-07-22T16:59:02
2017-10-04,us,WMT,26.42333221435547,26.59333229064941,26.356666564941406,26.36333274841309,18520200,,Yahoo Finance daily,2026-07-22T16:59:02
2017-10-05,us,WMT,26.38999938964844,26.60333251953125,26.36000061035156,26.46999931335449,15416100,,Yahoo Finance daily,2026-07-22T16:59:02
2017-10-06,us,WMT,26.26000022888184,26.38999938964844,26.083332061767575,26.333332061767575,18740100,,Yahoo Finance daily,2026-07-22T16:59:02
2017-10-09,us,WMT,26.5,27.12666702270508,26.46666717529297,26.84333229064941,40479000,,Yahoo Finance daily,2026-07-22T16:59:02
2017-10-10,us,WMT,27.559999465942383,28.293333053588867,27.536666870117188,28.043333053588867,75372000,,Yahoo Finance daily,2026-07-22T16:59:02
2017-10-11,us,WMT,28.19333267211914,28.76333236694336,28.03333282470703,28.57666778564453,55683000,,Yahoo Finance daily,2026-07-22T16:59:02
2017-10-12,us,WMT,28.56666755676269,28.790000915527344,28.35333251953125,28.700000762939453,38631000,,Yahoo Finance daily,2026-07-22T16:59:02
2017-10-13,us,WMT,28.74666786193848,28.983333587646484,28.74666786193848,28.87333297729492,28167000,,Yahoo Finance daily,2026-07-22T16:59:02
2017-10-16,us,WMT,28.86000061035156,28.87333297729492,28.34000015258789,28.57999992370605,27900900,,Yahoo Finance daily,2026-07-22T16:59:02
2017-10-17,us,WMT,28.5,28.786666870117188,28.440000534057617,28.65999984741211,17554500,,Yahoo Finance daily,2026-07-22T16:59:02
2017-10-18,us,WMT,28.71666717529297,28.790000915527344,28.670000076293945,28.739999771118164,16416300,,Yahoo Finance daily,2026-07-22T16:59:02
2017-10-19,us,WMT,28.71666717529297,28.886667251586918,28.59000015258789,28.799999237060547,21087000,,Yahoo Finance daily,2026-07-22T16:59:02
2017-10-20,us,WMT,28.86666679382324,29.149999618530277,28.76000022888184,29.14666748046875,22853400,,Yahoo Finance daily,2026-07-22T16:59:02
2017-10-23,us,WMT,29.11333274841309,29.63999938964844,29.08666610717773,29.549999237060547,31758000,,Yahoo Finance daily,2026-07-22T16:59:02
2017-10-24,us,WMT,29.56333351135254,29.600000381469727,29.303333282470703,29.32666778564453,23102700,,Yahoo Finance daily,2026-07-22T16:59:02
2017-10-25,us,WMT,29.28333282470703,29.53333282470703,29.143333435058597,29.49333381652832,19224000,,Yahoo Finance daily,2026-07-22T16:59:02
2017-10-26,us,WMT,29.553333282470703,29.703332901000977,29.34000015258789,29.540000915527344,19454700,,Yahoo Finance daily,2026-07-22T16:59:02
2017-10-27,us,WMT,29.3799991607666,29.46333312988281,29.049999237060547,29.38999938964844,19851000,,Yahoo Finance daily,2026-07-22T16:59:02
2017-10-30,us,WMT,29.31333351135254,29.31666755676269,28.796667098999023,28.983333587646484,21156000,,Yahoo Finance daily,2026-07-22T16:59:02
2017-10-31,us,WMT,28.953332901000977,29.15333366394043,28.86666679382324,29.10333251953125,18020700,,Yahoo Finance daily,2026-07-22T16:59:02
2017-11-01,us,WMT,29.023332595825195,29.46666717529297,29.0,29.31333351135254,18528300,,Yahoo Finance daily,2026-07-22T16:59:02
2017-11-02,us,WMT,29.426666259765625,29.72333335876465,29.26666641235352,29.600000381469727,15549300,,Yahoo Finance daily,2026-07-22T16:59:02
2017-11-03,us,WMT,29.67333221435547,29.959999084472656,29.58666610717773,29.893333435058597,19536300,,Yahoo Finance daily,2026-07-22T16:59:02
2017-11-06,us,WMT,29.80666732788086,29.893333435058597,29.559999465942383,29.56666755676269,15772200,,Yahoo Finance daily,2026-07-22T16:59:02
2017-11-07,us,WMT,29.62333297729492,29.68666648864746,29.43666648864746,29.649999618530277,16047900,,Yahoo Finance daily,2026-07-22T16:59:02
2017-11-08,us,WMT,29.703332901000977,30.13999938964844,29.700000762939453,30.08666610717773,20302500,,Yahoo Finance daily,2026-07-22T16:59:02
2017-11-09,us,WMT,29.979999542236328,30.190000534057617,29.78333282470703,30.100000381469727,20713500,,Yahoo Finance daily,2026-07-22T16:59:02
2017-11-10,us,WMT,30.07999992370605,30.56333351135254,30.06666755676269,30.30666732788086,22943400,,Yahoo Finance daily,2026-07-22T16:59:02
2017-11-13,us,WMT,30.34666633605957,30.65999984741211,30.290000915527344,30.32999992370605,25474800,,Yahoo Finance daily,2026-07-22T16:59:02
2017-11-14,us,WMT,30.233333587646484,30.399999618530277,30.059999465942383,30.36333274841309,29502300,,Yahoo Finance daily,2026-07-22T16:59:02
2017-11-15,us,WMT,30.11333274841309,30.28333282470703,29.88333320617676,29.94333267211914,25300200,,Yahoo Finance daily,2026-07-22T16:59:02
2017-11-16,us,WMT,31.706666946411133,33.22666549682617,31.57333374023437,33.206668853759766,114367200,,Yahoo Finance daily,2026-07-22T16:59:02
2017-11-17,us,WMT,33.08000183105469,33.37666702270508,32.19333267211914,32.4900016784668,70726500,,Yahoo Finance daily,2026-07-22T16:59:02
2017-11-20,us,WMT,32.14666748046875,32.54666519165039,31.920000076293945,32.49333190917969,49182900,,Yahoo Finance daily,2026-07-22T16:59:02
2017-11-21,us,WMT,32.58000183105469,32.63999938964844,32.106666564941406,32.17333221435547,38239500,,Yahoo Finance daily,2026-07-22T16:59:02
2017-11-22,us,WMT,32.21666717529297,32.27000045776367,32.03666687011719,32.13666534423828,26754600,,Yahoo Finance daily,2026-07-22T16:59:02
2017-11-24,us,WMT,32.290000915527344,32.40999984741211,32.176666259765625,32.206668853759766,13488300,,Yahoo Finance daily,2026-07-22T16:59:02
2017-11-27,us,WMT,32.28333282470703,32.54999923706055,32.099998474121094,32.206668853759766,26714700,,Yahoo Finance daily,2026-07-22T16:59:02
2017-11-28,us,WMT,32.1966667175293,32.29666519165039,31.940000534057617,32.25666809082031,26128800,,Yahoo Finance daily,2026-07-22T16:59:02
2017-11-29,us,WMT,32.40666580200195,32.75333404541016,32.293331146240234,32.52000045776367,34272000,,Yahoo Finance daily,2026-07-22T16:59:02
2017-11-30,us,WMT,32.6966667175293,32.813331604003906,32.16999816894531,32.40999984741211,38564100,,Yahoo Finance daily,2026-07-22T16:59:02
2017-12-01,us,WMT,32.53666687011719,32.56999969482422,32.07666778564453,32.45000076293945,24888600,,Yahoo Finance daily,2026-07-22T16:59:02
2017-12-04,us,WMT,32.57666778564453,32.6533317565918,32.22666549682617,32.336666107177734,26869500,,Yahoo Finance daily,2026-07-22T16:59:02
2017-12-05,us,WMT,32.33333206176758,32.64666748046875,32.30666732788086,32.61000061035156,27030300,,Yahoo Finance daily,2026-07-22T16:59:02
2017-12-06,us,WMT,32.663333892822266,32.71333312988281,32.413333892822266,32.426666259765625,21423000,,Yahoo Finance daily,2026-07-22T16:59:02
2017-12-07,us,WMT,32.35333251953125,32.526668548583984,32.21666717529297,32.2599983215332,22507800,,Yahoo Finance daily,2026-07-22T16:59:02
2017-12-08,us,WMT,32.099998474121094,32.233333587646484,32.04666519165039,32.18333435058594,17463300,,Yahoo Finance daily,2026-07-22T16:59:02
2017-12-11,us,WMT,32.31999969482422,32.42333221435547,32.0966682434082,32.310001373291016,26786700,,Yahoo Finance daily,2026-07-22T16:59:02
2017-12-12,us,WMT,32.28333282470703,32.413333892822266,32.20000076293945,32.233333587646484,23431800,,Yahoo Finance daily,2026-07-22T16:59:02
2017-12-13,us,WMT,32.220001220703125,32.63666534423828,32.18333435058594,32.586666107177734,23638200,,Yahoo Finance daily,2026-07-22T16:59:02
2017-12-14,us,WMT,32.66666793823242,32.856666564941406,32.366668701171875,32.37666702270508,28157400,,Yahoo Finance daily,2026-07-22T16:59:02
2017-12-15,us,WMT,32.56999969482422,32.83000183105469,32.3033332824707,32.369998931884766,48428400,,Yahoo Finance daily,2026-07-22T16:59:02
2017-12-18,us,WMT,32.459999084472656,32.723331451416016,32.45333480834961,32.633331298828125,23893200,,Yahoo Finance daily,2026-07-22T16:59:02
2017-12-19,us,WMT,33.3033332824707,33.3033332824707,32.76333236694336,32.93333435058594,36036600,,Yahoo Finance daily,2026-07-22T16:59:02
2017-12-20,us,WMT,33.150001525878906,33.21666717529297,32.81666564941406,32.91666793823242,32189400,,Yahoo Finance daily,2026-07-22T16:59:02
2017-12-21,us,WMT,33.0,33.11000061035156,32.65999984741211,32.686668395996094,22107300,,Yahoo Finance daily,2026-07-22T16:59:02
2017-12-22,us,WMT,32.76333236694336,32.80666732788086,32.560001373291016,32.73666763305664,16436100,,Yahoo Finance daily,2026-07-22T16:59:02
2017-12-26,us,WMT,32.78333282470703,33.14666748046875,32.78333282470703,33.0533332824707,12887700,,Yahoo Finance daily,2026-07-22T16:59:02
2017-12-27,us,WMT,33.186668395996094,33.20000076293945,32.94333267211914,33.086666107177734,15422400,,Yahoo Finance daily,2026-07-22T16:59:02
2017-12-28,us,WMT,33.17333221435547,33.206668853759766,33.040000915527344,33.133331298828125,29291700,,Yahoo Finance daily,2026-07-22T16:59:02
2017-12-29,us,WMT,33.133331298828125,33.22999954223633,32.91666793823242,32.91666793823242,21432900,,Yahoo Finance daily,2026-07-22T16:59:02
2018-01-02,us,WMT,33.099998474121094,33.26333236694336,32.84000015258789,32.86333465576172,30451500,,Yahoo Finance daily,2026-07-22T16:59:02
2018-01-03,us,WMT,32.95000076293945,33.33333206176758,32.92333221435547,33.150001525878906,26710800,,Yahoo Finance daily,2026-07-22T16:59:02
2018-01-04,us,WMT,33.18000030517578,33.2599983215332,32.970001220703125,33.18000030517578,20491200,,Yahoo Finance daily,2026-07-22T16:59:02
2018-01-05,us,WMT,33.21333312988281,33.459999084472656,33.20333480834961,33.37666702270508,21852000,,Yahoo Finance daily,2026-07-22T16:59:02
2018-01-08,us,WMT,33.41666793823242,33.91666793823242,33.4033317565918,33.869998931884766,26531700,,Yahoo Finance daily,2026-07-22T16:59:02
2018-01-09,us,WMT,34.0099983215332,34.116668701171875,33.436668395996094,33.46333312988281,21938100,,Yahoo Finance daily,2026-07-22T16:59:02
2018-01-10,us,WMT,33.25,33.29666519165039,32.84333419799805,33.223331451416016,23791200,,Yahoo Finance daily,2026-07-22T16:59:02
2018-01-11,us,WMT,33.233333587646484,33.483333587646484,32.926666259765625,33.34000015258789,19613100,,Yahoo Finance daily,2026-07-22T16:59:02
2018-01-12,us,WMT,33.46333312988281,33.813331604003906,33.43333435058594,33.62333297729492,20853600,,Yahoo Finance daily,2026-07-22T16:59:02
2018-01-16,us,WMT,33.779998779296875,33.970001220703125,33.4466667175293,33.563331604003906,21512100,,Yahoo Finance daily,2026-07-22T16:59:02
2018-01-17,us,WMT,33.71666717529297,34.313331604003906,33.56666564941406,34.233333587646484,26045700,,Yahoo Finance daily,2026-07-22T16:59:02
2018-01-18,us,WMT,34.913333892822266,34.97999954223633,34.540000915527344,34.76666641235352,36923700,,Yahoo Finance daily,2026-07-22T16:59:02
2018-01-19,us,WMT,34.880001068115234,34.97666549682617,34.5533332824707,34.86333465576172,25135800,,Yahoo Finance daily,2026-07-22T16:59:02
2018-01-22,us,WMT,34.83333206176758,35.150001525878906,34.68000030517578,35.150001525878906,21924900,,Yahoo Finance daily,2026-07-22T16:59:02
2018-01-23,us,WMT,35.0966682434082,35.383331298828125,34.856666564941406,35.29999923706055,24863400,,Yahoo Finance daily,2026-07-22T16:59:02
2018-01-24,us,WMT,35.45000076293945,35.47999954223633,34.939998626708984,35.26333236694336,20469300,,Yahoo Finance daily,2026-07-22T16:59:02
2018-01-25,us,WMT,35.28333282470703,35.60333251953125,35.28333282470703,35.53333282470703,17571300,,Yahoo Finance daily,2026-07-22T16:59:02
2018-01-26,us,WMT,35.66666793823242,36.13666534423828,35.560001373291016,36.130001068115234,20358900,,Yahoo Finance daily,2026-07-22T16:59:02
2018-01-29,us,WMT,36.03666687011719,36.65999984741211,35.996665954589844,36.51666641235352,25065600,,Yahoo Finance daily,2026-07-22T16:59:02
2018-01-30,us,WMT,36.380001068115234,36.45333480834961,35.71666717529297,35.90999984741211,27541500,,Yahoo Finance daily,2026-07-22T16:59:02
2018-01-31,us,WMT,35.92333221435547,36.060001373291016,35.356666564941406,35.53333282470703,29438400,,Yahoo Finance daily,2026-07-22T16:59:02
2018-02-01,us,WMT,35.31999969482422,35.52000045776367,35.060001373291016,35.17333221435547,19160400,,Yahoo Finance daily,2026-07-22T16:59:02
2018-02-02,us,WMT,35.04999923706055,35.4900016784668,34.71666717529297,34.82666778564453,27759300,,Yahoo Finance daily,2026-07-22T16:59:02
2018-02-05,us,WMT,34.46666717529297,34.869998931884766,32.36333465576172,33.36333465576172,37684800,,Yahoo Finance daily,2026-07-22T16:59:02
2018-02-06,us,WMT,32.54666519165039,33.69333267211914,32.41666793823242,33.633331298828125,49241400,,Yahoo Finance daily,2026-07-22T16:59:02
2018-02-07,us,WMT,33.5,34.86333465576172,33.336666107177734,34.28333282470703,33495600,,Yahoo Finance daily,2026-07-22T16:59:02
2018-02-08,us,WMT,34.40999984741211,34.49333190917969,33.33333206176758,33.34000015258789,41925300,,Yahoo Finance daily,2026-07-22T16:59:02
2018-02-09,us,WMT,33.5099983215332,33.70000076293945,32.143333435058594,33.12333297729492,42553800,,Yahoo Finance daily,2026-07-22T16:59:02
2018-02-12,us,WMT,33.37666702270508,33.483333587646484,32.93333435058594,33.18333435058594,27405300,,Yahoo Finance daily,2026-07-22T16:59:02
2018-02-13,us,WMT,33.11000061035156,33.7400016784668,33.11000061035156,33.65999984741211,19868400,,Yahoo Finance daily,2026-07-22T16:59:02
2018-02-14,us,WMT,33.619998931884766,34.08333206176758,33.4033317565918,33.900001525878906,21922800,,Yahoo Finance daily,2026-07-22T16:59:02
2018-02-15,us,WMT,34.18333435058594,34.54666519165039,33.94333267211914,34.40999984741211,22484700,,Yahoo Finance daily,2026-07-22T16:59:02
2018-02-16,us,WMT,34.36333465576172,34.97999954223633,33.99333190917969,34.926666259765625,48192900,,Yahoo Finance daily,2026-07-22T16:59:02
2018-02-20,us,WMT,32.33000183105469,32.64666748046875,31.36666679382324,31.3700008392334,156265500,,Yahoo Finance daily,2026-07-22T16:59:02
2018-02-21,us,WMT,31.703332901000977,31.780000686645508,30.413333892822266,30.50666618347168,148511100,,Yahoo Finance daily,2026-07-22T16:59:02
2018-02-22,us,WMT,30.476667404174805,31.1299991607666,30.43666648864746,30.92333221435547,61095000,,Yahoo Finance daily,2026-07-22T16:59:02
2018-02-23,us,WMT,30.959999084472656,31.163333892822266,30.58666610717773,30.96333312988281,38374500,,Yahoo Finance daily,2026-07-22T16:59:02
2018-02-26,us,WMT,30.96666717529297,31.26666641235352,30.739999771118164,31.040000915527344,44097900,,Yahoo Finance daily,2026-07-22T16:59:02
2018-02-27,us,WMT,31.209999084472656,31.239999771118164,30.503332138061523,30.50666618347168,40128300,,Yahoo Finance daily,2026-07-22T16:59:02
2018-02-28,us,WMT,30.666667938232425,30.700000762939453,30.0,30.003332138061523,42431100,,Yahoo Finance daily,2026-07-22T16:59:02
2018-03-01,us,WMT,30.05666732788086,30.059999465942383,29.23666763305664,29.69333267211914,56728800,,Yahoo Finance daily,2026-07-22T16:59:02
2018-03-02,us,WMT,29.09000015258789,29.63333320617676,29.07999992370605,29.59000015258789,57130200,,Yahoo Finance daily,2026-07-22T16:59:02
2018-03-05,us,WMT,29.3799991607666,30.166667938232425,29.356666564941406,29.99333381652832,40149600,,Yahoo Finance daily,2026-07-22T16:59:02
2018-03-06,us,WMT,30.11666679382324,30.166667938232425,29.543333053588867,29.68666648864746,33164100,,Yahoo Finance daily,2026-07-22T16:59:02
2018-03-07,us,WMT,29.32666778564453,29.51000022888184,29.11333274841309,29.24666786193848,34359000,,Yahoo Finance daily,2026-07-22T16:59:02
2018-03-08,us,WMT,29.25666618347168,29.37666702270508,29.11333274841309,29.30666732788086,28766100,,Yahoo Finance daily,2026-07-22T16:59:02
2018-03-09,us,WMT,29.413333892822266,29.57333374023437,29.176666259765625,29.57333374023437,29263200,,Yahoo Finance daily,2026-07-22T16:59:02
2018-03-12,us,WMT,29.56666755676269,29.81333351135254,29.293333053588867,29.356666564941406,25422000,,Yahoo Finance daily,2026-07-22T16:59:02
2018-03-13,us,WMT,29.46333312988281,29.63333320617676,29.32666778564453,29.433332443237305,21519000,,Yahoo Finance daily,2026-07-22T16:59:02
2018-03-14,us,WMT,29.503332138061523,29.663333892822266,29.166667938232425,29.22333335876465,33121800,,Yahoo Finance daily,2026-07-22T16:59:02
2018-03-15,us,WMT,29.226667404174805,29.59666633605957,28.63333320617676,29.170000076293945,49845600,,Yahoo Finance daily,2026-07-22T16:59:02
2018-03-16,us,WMT,29.239999771118164,30.030000686645508,29.166667938232425,29.72333335876465,85188000,,Yahoo Finance daily,2026-07-22T16:59:02
2018-03-19,us,WMT,29.636667251586918,29.69333267211914,29.03333282470703,29.149999618530277,36160200,,Yahoo Finance daily,2026-07-22T16:59:02
2018-03-20,us,WMT,29.286666870117188,29.38333320617676,29.12333297729492,29.31666755676269,24774000,,Yahoo Finance daily,2026-07-22T16:59:02
2018-03-21,us,WMT,29.296667098999023,29.893333435058597,29.226667404174805,29.393333435058597,35508000,,Yahoo Finance daily,2026-07-22T16:59:02
2018-03-22,us,WMT,29.176666259765625,29.42333221435547,28.99666786193848,29.046667098999023,36744600,,Yahoo Finance daily,2026-07-22T16:59:02
2018-03-23,us,WMT,29.11666679382324,29.229999542236328,28.426666259765625,28.47333335876465,30375300,,Yahoo Finance daily,2026-07-22T16:59:02
2018-03-26,us,WMT,28.739999771118164,29.229999542236328,28.703332901000977,29.166667938232425,27599400,,Yahoo Finance daily,2026-07-22T16:59:02
2018-03-27,us,WMT,29.31999969482422,29.34666633605957,28.49333381652832,28.683332443237305,19637400,,Yahoo Finance daily,2026-07-22T16:59:02
2018-03-28,us,WMT,28.753332138061523,29.413333892822266,28.729999542236328,29.25666618347168,34728900,,Yahoo Finance daily,2026-07-22T16:59:02
2018-03-29,us,WMT,29.299999237060547,29.780000686645508,29.25666618347168,29.656667709350582,27823800,,Yahoo Finance daily,2026-07-22T16:59:02
2018-04-02,us,WMT,29.333332061767575,29.413333892822266,28.280000686645508,28.51666641235352,57386700,,Yahoo Finance daily,2026-07-22T16:59:02
2018-04-03,us,WMT,28.75,28.983333587646484,28.51666641235352,28.933332443237305,29086500,,Yahoo Finance daily,2026-07-22T16:59:02
2018-04-04,us,WMT,28.53333282470703,29.166667938232425,28.479999542236328,29.07333374023437,19609800,,Yahoo Finance daily,2026-07-22T16:59:02
2018-04-05,us,WMT,29.200000762939453,29.450000762939453,29.01666641235352,29.270000457763672,19142700,,Yahoo Finance daily,2026-07-22T16:59:02
2018-04-06,us,WMT,28.94333267211914,29.299999237060547,28.709999084472656,28.89666748046875,19050000,,Yahoo Finance daily,2026-07-22T16:59:02
2018-04-09,us,WMT,28.950000762939453,29.149999618530277,28.74666786193848,28.76000022888184,25104300,,Yahoo Finance daily,2026-07-22T16:59:02
2018-04-10,us,WMT,28.946666717529297,29.03333282470703,28.553333282470703,28.81666755676269,27382200,,Yahoo Finance daily,2026-07-22T16:59:02
2018-04-11,us,WMT,28.666667938232425,28.953332901000977,28.600000381469727,28.636667251586918,18837000,,Yahoo Finance daily,2026-07-22T16:59:02
2018-04-12,us,WMT,28.729999542236328,28.94333267211914,28.46999931335449,28.476667404174805,20568900,,Yahoo Finance daily,2026-07-22T16:59:02
2018-04-13,us,WMT,28.6299991607666,28.75666618347168,28.39666748046875,28.67333221435547,22677600,,Yahoo Finance daily,2026-07-22T16:59:02
2018-04-16,us,WMT,28.733333587646484,29.21666717529297,28.706666946411133,28.946666717529297,21062100,,Yahoo Finance daily,2026-07-22T16:59:02
2018-04-17,us,WMT,29.15999984741211,29.38999938964844,29.136667251586918,29.299999237060547,20405700,,Yahoo Finance daily,2026-07-22T16:59:02
2018-04-18,us,WMT,29.399999618530277,29.520000457763672,29.170000076293945,29.190000534057617,17562000,,Yahoo Finance daily,2026-07-22T16:59:02
2018-04-19,us,WMT,29.136667251586918,29.34666633605957,28.86000061035156,29.296667098999023,19764900,,Yahoo Finance daily,2026-07-22T16:59:02
2018-04-20,us,WMT,29.290000915527344,29.459999084472656,28.88999938964844,28.99333381652832,24974700,,Yahoo Finance daily,2026-07-22T16:59:02
2018-04-23,us,WMT,28.96333312988281,29.02666664123535,28.67333221435547,28.700000762939453,22081500,,Yahoo Finance daily,2026-07-22T16:59:02
2018-04-24,us,WMT,28.92333221435547,28.96999931335449,28.523332595825195,28.84333229064941,25409100,,Yahoo Finance daily,2026-07-22T16:59:02
2018-04-25,us,WMT,28.773332595825195,29.233333587646484,28.6299991607666,29.05666732788086,20281200,,Yahoo Finance daily,2026-07-22T16:59:02
2018-04-26,us,WMT,29.05666732788086,29.440000534057617,28.96666717529297,29.31333351135254,17347500,,Yahoo Finance daily,2026-07-22T16:59:02
2018-04-27,us,WMT,29.290000915527344,29.299999237060547,29.02666664123535,29.09666633605957,16953300,,Yahoo Finance daily,2026-07-22T16:59:02
2018-04-30,us,WMT,29.31333351135254,29.886667251586918,29.30666732788086,29.48666763305664,26057700,,Yahoo Finance daily,2026-07-22T16:59:02
2018-05-01,us,WMT,29.22333335876465,29.33666610717773,28.78333282470703,29.136667251586918,20873100,,Yahoo Finance daily,2026-07-22T16:59:02
2018-05-02,us,WMT,29.043333053588867,29.083332061767575,28.71999931335449,28.780000686645508,18249000,,Yahoo Finance daily,2026-07-22T16:59:02
2018-05-03,us,WMT,28.729999542236328,28.76333236694336,28.37333297729492,28.74333381652832,20628300,,Yahoo Finance daily,2026-07-22T16:59:02
2018-05-04,us,WMT,28.666667938232425,29.36666679382324,28.453332901000977,29.176666259765625,20914500,,Yahoo Finance daily,2026-07-22T16:59:02
2018-05-07,us,WMT,29.163333892822266,29.166667938232425,28.42333221435547,28.489999771118164,32350800,,Yahoo Finance daily,2026-07-22T16:59:02
2018-05-08,us,WMT,28.50666618347168,28.61666679382324,28.30666732788086,28.57999992370605,19654200,,Yahoo Finance daily,2026-07-22T16:59:02
2018-05-09,us,WMT,27.520000457763672,27.893333435058597,27.333332061767575,27.68666648864746,96795600,,Yahoo Finance daily,2026-07-22T16:59:02
2018-05-10,us,WMT,27.546667098999023,27.92333221435547,27.33666610717773,27.56333351135254,47572800,,Yahoo Finance daily,2026-07-22T16:59:02
2018-05-11,us,WMT,27.56333351135254,27.84000015258789,27.31666755676269,27.793333053588867,29804400,,Yahoo Finance daily,2026-07-22T16:59:02
2018-05-14,us,WMT,27.96333312988281,28.26333236694336,27.88333320617676,28.1299991607666,28497600,,Yahoo Finance daily,2026-07-22T16:59:02
2018-05-15,us,WMT,28.020000457763672,28.293333053588867,27.933332443237305,28.17333221435547,27968700,,Yahoo Finance daily,2026-07-22T16:59:02
2018-05-16,us,WMT,28.290000915527344,28.709999084472656,28.24666786193848,28.709999084472656,41200800,,Yahoo Finance daily,2026-07-22T16:59:02
2018-05-17,us,WMT,29.01333236694336,29.196666717529297,27.950000762939453,28.163333892822266,89162100,,Yahoo Finance daily,2026-07-22T16:59:02
2018-05-18,us,WMT,28.07999992370605,28.14666748046875,27.82999992370605,27.8799991607666,36129300,,Yahoo Finance daily,2026-07-22T16:59:02
2018-05-21,us,WMT,28.046667098999023,28.18000030517578,27.940000534057617,28.170000076293945,32147100,,Yahoo Finance daily,2026-07-22T16:59:02
2018-05-22,us,WMT,28.166667938232425,28.270000457763672,27.76333236694336,27.790000915527344,24201900,,Yahoo Finance daily,2026-07-22T16:59:02
2018-05-23,us,WMT,27.649999618530277,27.67333221435547,27.38999938964844,27.670000076293945,28197600,,Yahoo Finance daily,2026-07-22T16:59:02
2018-05-24,us,WMT,27.666667938232425,27.666667938232425,27.26000022888184,27.61666679382324,25728600,,Yahoo Finance daily,2026-07-22T16:59:02
2018-05-25,us,WMT,27.61666679382324,27.780000686645508,27.440000534057617,27.48666763305664,17740500,,Yahoo Finance daily,2026-07-22T16:59:02
2018-05-29,us,WMT,27.31999969482422,27.50666618347168,27.270000457763672,27.46666717529297,25284600,,Yahoo Finance daily,2026-07-22T16:59:02
2018-05-30,us,WMT,27.483333587646484,28.07666778564453,27.420000076293945,28.040000915527344,27942300,,Yahoo Finance daily,2026-07-22T16:59:02
2018-05-31,us,WMT,27.979999542236328,28.10333251953125,27.503332138061523,27.51333236694336,34406100,,Yahoo Finance daily,2026-07-22T16:59:02
2018-06-01,us,WMT,27.68000030517578,27.80666732788086,27.61666679382324,27.663333892822266,15713700,,Yahoo Finance daily,2026-07-22T16:59:02
2018-06-04,us,WMT,27.833332061767575,28.50666618347168,27.76666641235352,28.47333335876465,32766000,,Yahoo Finance daily,2026-07-22T16:59:02
2018-06-05,us,WMT,28.483333587646484,28.489999771118164,28.083332061767575,28.206666946411133,24844200,,Yahoo Finance daily,2026-07-22T16:59:02
2018-06-06,us,WMT,28.31666755676269,28.38333320617676,28.11666679382324,28.18666648864746,22088400,,Yahoo Finance daily,2026-07-22T16:59:02
2018-06-07,us,WMT,28.26000022888184,28.58666610717773,28.229999542236328,28.31666755676269,23117100,,Yahoo Finance daily,2026-07-22T16:59:02
2018-06-08,us,WMT,28.26000022888184,28.39666748046875,28.046667098999023,28.1200008392334,22807200,,Yahoo Finance daily,2026-07-22T16:59:02
2018-06-11,us,WMT,28.136667251586918,28.18000030517578,27.93000030517578,28.100000381469727,18756900,,Yahoo Finance daily,2026-07-22T16:59:02
2018-06-12,us,WMT,28.106666564941406,28.196666717529297,27.82333374023437,28.03333282470703,24185100,,Yahoo Finance daily,2026-07-22T16:59:02
2018-06-13,us,WMT,27.96333312988281,28.12333297729492,27.950000762939453,28.030000686645508,19075200,,Yahoo Finance daily,2026-07-22T16:59:02
2018-06-14,us,WMT,28.07333374023437,28.270000457763672,27.88999938964844,27.93000030517578,22552200,,Yahoo Finance daily,2026-07-22T16:59:02
2018-06-15,us,WMT,27.833332061767575,27.99666786193848,27.68666648864746,27.899999618530277,37509000,,Yahoo Finance daily,2026-07-22T16:59:02
2018-06-18,us,WMT,27.683332443237305,27.856666564941406,27.606666564941406,27.666667938232425,25506900,,Yahoo Finance daily,2026-07-22T16:59:02
2018-06-19,us,WMT,27.53333282470703,27.87333297729492,27.456666946411133,27.8700008392334,28057500,,Yahoo Finance daily,2026-07-22T16:59:02
2018-06-20,us,WMT,27.90333366394043,27.940000534057617,27.71999931335449,27.8700008392334,23899800,,Yahoo Finance daily,2026-07-22T16:59:02
2018-06-21,us,WMT,27.799999237060547,28.183332443237305,27.63333320617676,28.06999969482422,24276000,,Yahoo Finance daily,2026-07-22T16:59:02
2018-06-22,us,WMT,28.15333366394043,28.28333282470703,28.03333282470703,28.273332595825195,32439000,,Yahoo Finance daily,2026-07-22T16:59:02
2018-06-25,us,WMT,28.196666717529297,28.86666679382324,28.15999984741211,28.82333374023437,47818500,,Yahoo Finance daily,2026-07-22T16:59:02
2018-06-26,us,WMT,28.84333229064941,29.01666641235352,28.58666610717773,28.65999984741211,30378600,,Yahoo Finance daily,2026-07-22T16:59:02
2018-06-27,us,WMT,28.63333320617676,29.163333892822266,28.51666641235352,28.96333312988281,30899100,,Yahoo Finance daily,2026-07-22T16:59:02
2018-06-28,us,WMT,28.950000762939453,29.09666633605957,28.56333351135254,28.6200008392334,25401000,,Yahoo Finance daily,2026-07-22T16:59:02
2018-06-29,us,WMT,28.63333320617676,28.733333587646484,28.50666618347168,28.549999237060547,24766800,,Yahoo Finance daily,2026-07-22T16:59:02
2018-07-02,us,WMT,28.549999237060547,28.64666748046875,27.799999237060547,28.0,24375300,,Yahoo Finance daily,2026-07-22T16:59:02
2018-07-03,us,WMT,28.030000686645508,28.350000381469727,28.030000686645508,28.14666748046875,13188600,,Yahoo Finance daily,2026-07-22T16:59:02
2018-07-05,us,WMT,28.31333351135254,28.52666664123535,28.09000015258789,28.190000534057617,16102500,,Yahoo Finance daily,2026-07-22T16:59:02
2018-07-06,us,WMT,28.06666755676269,28.290000915527344,27.940000534057617,28.170000076293945,16841100,,Yahoo Finance daily,2026-07-22T16:59:02
2018-07-09,us,WMT,28.333332061767575,28.82333374023437,28.25666618347168,28.643333435058597,19726200,,Yahoo Finance daily,2026-07-22T16:59:02
2018-07-10,us,WMT,28.643333435058597,29.11000061035156,28.62666702270508,29.06999969482422,18145200,,Yahoo Finance daily,2026-07-22T16:59:02
2018-07-11,us,WMT,29.020000457763672,29.049999237060547,28.796667098999023,28.84333229064941,16787700,,Yahoo Finance daily,2026-07-22T16:59:02
2018-07-12,us,WMT,28.979999542236328,29.136667251586918,28.739999771118164,28.84000015258789,14665800,,Yahoo Finance daily,2026-07-22T16:59:02
2018-07-13,us,WMT,28.84000015258789,29.32999992370605,28.833332061767575,29.233333587646484,19165800,,Yahoo Finance daily,2026-07-22T16:59:02
2018-07-16,us,WMT,29.206666946411133,29.239999771118164,28.94333267211914,29.21333312988281,13341600,,Yahoo Finance daily,2026-07-22T16:59:02
2018-07-17,us,WMT,29.13333320617676,29.56666755676269,29.13333320617676,29.39666748046875,17734500,,Yahoo Finance daily,2026-07-22T16:59:02
2018-07-18,us,WMT,29.44333267211914,29.729999542236328,29.31333351135254,29.356666564941406,15136500,,Yahoo Finance daily,2026-07-22T16:59:02
2018-07-19,us,WMT,29.286666870117188,29.49333381652832,29.136667251586918,29.239999771118164,14649300,,Yahoo Finance daily,2026-07-22T16:59:02
2018-07-20,us,WMT,29.13333320617676,29.38999938964844,29.06666755676269,29.35333251953125,14445300,,Yahoo Finance daily,2026-07-22T16:59:02
2018-07-23,us,WMT,29.21666717529297,29.38333320617676,29.12666702270508,29.209999084472656,12450000,,Yahoo Finance daily,2026-07-22T16:59:02
2018-07-24,us,WMT,29.37333297729492,29.5,29.203332901000977,29.31999969482422,16768500,,Yahoo Finance daily,2026-07-22T16:59:02
2018-07-25,us,WMT,29.09000015258789,29.34000015258789,29.036666870117188,29.299999237060547,17427300,,Yahoo Finance daily,2026-07-22T16:59:02
2018-07-26,us,WMT,29.5,29.809999465942383,29.393333435058597,29.40999984741211,19644900,,Yahoo Finance daily,2026-07-22T16:59:02
2018-07-27,us,WMT,29.546667098999023,29.62666702270508,29.34333229064941,29.37666702270508,14038200,,Yahoo Finance daily,2026-07-22T16:59:02
2018-07-30,us,WMT,29.333332061767575,29.64666748046875,29.296667098999023,29.62666702270508,18032100,,Yahoo Finance daily,2026-07-22T16:59:02
2018-07-31,us,WMT,29.666667938232425,29.886667251586918,29.600000381469727,29.74333381652832,20124300,,Yahoo Finance daily,2026-07-22T16:59:02
2018-08-01,us,WMT,29.6200008392334,29.709999084472656,29.293333053588867,29.413333892822266,15150000,,Yahoo Finance daily,2026-07-22T16:59:02
2018-08-02,us,WMT,29.31333351135254,29.61333274841309,29.206666946411133,29.58666610717773,12918300,,Yahoo Finance daily,2026-07-22T16:59:02
2018-08-03,us,WMT,29.729999542236328,30.09333229064941,29.666667938232425,29.86666679382324,17241600,,Yahoo Finance daily,2026-07-22T16:59:02
2018-08-06,us,WMT,29.770000457763672,29.99333381652832,29.709999084472656,29.88999938964844,13954800,,Yahoo Finance daily,2026-07-22T16:59:02
2018-08-07,us,WMT,29.94333267211914,30.1200008392334,29.88333320617676,29.92333221435547,13580100,,Yahoo Finance daily,2026-07-22T16:59:02
2018-08-08,us,WMT,29.989999771118164,30.07666778564453,29.790000915527344,30.01666641235352,15123300,,Yahoo Finance daily,2026-07-22T16:59:02
2018-08-09,us,WMT,29.81999969482422,29.87666702270508,29.58666610717773,29.670000076293945,14183700,,Yahoo Finance daily,2026-07-22T16:59:02
2018-08-10,us,WMT,29.56666755676269,30.12333297729492,29.549999237060547,30.059999465942383,24734700,,Yahoo Finance daily,2026-07-22T16:59:02
2018-08-13,us,WMT,30.06666755676269,30.18000030517578,29.790000915527344,29.8799991607666,17637600,,Yahoo Finance daily,2026-07-22T16:59:02
2018-08-14,us,WMT,29.8799991607666,30.37333297729492,29.87666702270508,30.28333282470703,17510400,,Yahoo Finance daily,2026-07-22T16:59:02
2018-08-15,us,WMT,30.083332061767575,30.136667251586918,29.88999938964844,30.07333374023437,25850700,,Yahoo Finance daily,2026-07-22T16:59:02
2018-08-16,us,WMT,33.369998931884766,33.4033317565918,32.63666534423828,32.880001068115234,127893900,,Yahoo Finance daily,2026-07-22T16:59:02
2018-08-17,us,WMT,32.59000015258789,33.223331451416016,32.53666687011719,32.616668701171875,49389900,,Yahoo Finance daily,2026-07-22T16:59:02
2018-08-20,us,WMT,32.55666732788086,32.76333236694336,31.983333587646484,32.0,38037900,,Yahoo Finance daily,2026-07-22T16:59:02
2018-08-21,us,WMT,31.98666763305664,32.119998931884766,31.786666870117188,32.026668548583984,31593900,,Yahoo Finance daily,2026-07-22T16:59:02
2018-08-22,us,WMT,32.06666564941406,32.28333282470703,31.74333381652832,31.88999938964844,23297100,,Yahoo Finance daily,2026-07-22T16:59:02
2018-08-23,us,WMT,31.833332061767575,31.953332901000977,31.68666648864746,31.726667404174805,18289200,,Yahoo Finance daily,2026-07-22T16:59:02
2018-08-24,us,WMT,31.696666717529297,31.886667251586918,31.450000762939453,31.649999618530277,25782900,,Yahoo Finance daily,2026-07-22T16:59:02
2018-08-27,us,WMT,31.753332138061523,31.8700008392334,31.43000030517578,31.51333236694336,21120900,,Yahoo Finance daily,2026-07-22T16:59:02
2018-08-28,us,WMT,31.59000015258789,32.116668701171875,31.51000022888184,32.02333450317383,29949000,,Yahoo Finance daily,2026-07-22T16:59:02
2018-08-29,us,WMT,32.09333419799805,32.276668548583984,31.84333229064941,31.8799991607666,23588400,,Yahoo Finance daily,2026-07-22T16:59:02
2018-08-30,us,WMT,31.833332061767575,32.16666793823242,31.81666755676269,32.03333282470703,21176100,,Yahoo Finance daily,2026-07-22T16:59:02
2018-08-31,us,WMT,32.063331604003906,32.14666748046875,31.703332901000977,31.953332901000977,18974100,,Yahoo Finance daily,2026-07-22T16:59:02
2018-09-04,us,WMT,31.933332443237305,32.09000015258789,31.74666786193848,31.786666870117188,24842100,,Yahoo Finance daily,2026-07-22T16:59:02
2018-09-05,us,WMT,31.88999938964844,32.276668548583984,31.786666870117188,32.206668853759766,28423800,,Yahoo Finance daily,2026-07-22T16:59:02
2018-09-06,us,WMT,32.176666259765625,32.2400016784668,32.00333404541016,32.150001525878906,18452400,,Yahoo Finance daily,2026-07-22T16:59:02
2018-09-07,us,WMT,31.933332443237305,32.15999984741211,31.8799991607666,31.94333267211914,20017200,,Yahoo Finance daily,2026-07-22T16:59:02
2018-09-10,us,WMT,32.03666687011719,32.39666748046875,32.029998779296875,32.29999923706055,24997800,,Yahoo Finance daily,2026-07-22T16:59:02
2018-09-11,us,WMT,32.42333221435547,32.5533332824707,32.163333892822266,32.21333312988281,19390500,,Yahoo Finance daily,2026-07-22T16:59:02
2018-09-12,us,WMT,32.086666107177734,32.246665954589844,31.976667404174805,31.989999771118164,17700000,,Yahoo Finance daily,2026-07-22T16:59:02
2018-09-13,us,WMT,31.773332595825195,31.87333297729492,31.636667251586918,31.706666946411133,22958700,,Yahoo Finance daily,2026-07-22T16:59:02
2018-09-14,us,WMT,31.51000022888184,31.61333274841309,31.450000762939453,31.530000686645508,18958200,,Yahoo Finance daily,2026-07-22T16:59:02
2018-09-17,us,WMT,31.583332061767575,31.82666778564453,31.456666946411133,31.606666564941406,15989400,,Yahoo Finance daily,2026-07-22T16:59:02
2018-09-18,us,WMT,31.48666763305664,31.86333274841309,31.38333320617676,31.809999465942383,20279400,,Yahoo Finance daily,2026-07-22T16:59:02
2018-09-19,us,WMT,31.856666564941406,31.96333312988281,31.62666702270508,31.74666786193848,17025300,,Yahoo Finance daily,2026-07-22T16:59:02
2018-09-20,us,WMT,31.78333282470703,31.93000030517578,31.649999618530277,31.916667938232425,16656900,,Yahoo Finance daily,2026-07-22T16:59:02
2018-09-21,us,WMT,31.97333335876465,32.0966682434082,31.87666702270508,31.96666717529297,28590300,,Yahoo Finance daily,2026-07-22T16:59:02
2018-09-24,us,WMT,31.81333351135254,32.0,31.6200008392334,31.63999938964844,16011000,,Yahoo Finance daily,2026-07-22T16:59:02
2018-09-25,us,WMT,31.99666786193848,32.17333221435547,31.663333892822266,31.700000762939453,18579600,,Yahoo Finance daily,2026-07-22T16:59:02
2018-09-26,us,WMT,31.700000762939453,31.86333274841309,31.50666618347168,31.530000686645508,17755800,,Yahoo Finance daily,2026-07-22T16:59:02
2018-09-27,us,WMT,31.39666748046875,31.65333366394043,31.273332595825195,31.37666702270508,16090200,,Yahoo Finance daily,2026-07-22T16:59:02
2018-09-28,us,WMT,31.426666259765625,31.456666946411133,31.229999542236328,31.303333282470703,18918900,,Yahoo Finance daily,2026-07-22T16:59:02
2018-10-01,us,WMT,31.43000030517578,31.553333282470703,31.34666633605957,31.46666717529297,14982900,,Yahoo Finance daily,2026-07-22T16:59:02
2018-10-02,us,WMT,31.309999465942383,31.8700008392334,31.28333282470703,31.71666717529297,23263800,,Yahoo Finance daily,2026-07-22T16:59:02
2018-10-03,us,WMT,31.833332061767575,31.84666633605957,31.34666633605957,31.356666564941406,18982200,,Yahoo Finance daily,2026-07-22T16:59:02
2018-10-04,us,WMT,31.356666564941406,31.5,31.06666755676269,31.40333366394043,18135900,,Yahoo Finance daily,2026-07-22T16:59:02
2018-10-05,us,WMT,31.286666870117188,31.39666748046875,30.96333312988281,31.10333251953125,20080200,,Yahoo Finance daily,2026-07-22T16:59:02
2018-10-08,us,WMT,31.083332061767575,31.643333435058597,31.00666618347168,31.56333351135254,17287800,,Yahoo Finance daily,2026-07-22T16:59:02
2018-10-09,us,WMT,31.8799991607666,32.58000183105469,31.729999542236328,32.36000061035156,34796700,,Yahoo Finance daily,2026-07-22T16:59:02
2018-10-10,us,WMT,32.20000076293945,32.616668701171875,31.899999618530277,31.920000076293945,27008400,,Yahoo Finance daily,2026-07-22T16:59:02
2018-10-11,us,WMT,31.93666648864746,32.0966682434082,31.200000762939453,31.30666732788086,29779500,,Yahoo Finance daily,2026-07-22T16:59:02
2018-10-12,us,WMT,31.58666610717773,31.72333335876465,31.22333335876465,31.60333251953125,25661700,,Yahoo Finance daily,2026-07-22T16:59:02
2018-10-15,us,WMT,31.5,31.663333892822266,31.273332595825195,31.273332595825195,24916500,,Yahoo Finance daily,2026-07-22T16:59:02
2018-10-16,us,WMT,31.56666755676269,32.02333450317383,31.446666717529297,31.93666648864746,33725100,,Yahoo Finance daily,2026-07-22T16:59:02
2018-10-17,us,WMT,31.726667404174805,32.206668853759766,31.63333320617676,32.186668395996094,28618200,,Yahoo Finance daily,2026-07-22T16:59:02
2018-10-18,us,WMT,32.133331298828125,32.41666793823242,31.913333892822266,32.05666732788086,34195200,,Yahoo Finance daily,2026-07-22T16:59:02
2018-10-19,us,WMT,32.0,32.54999923706055,32.0,32.383331298828125,26852100,,Yahoo Finance daily,2026-07-22T16:59:02
2018-10-22,us,WMT,32.4466667175293,32.526668548583984,32.246665954589844,32.380001068115234,21368700,,Yahoo Finance daily,2026-07-22T16:59:02
2018-10-23,us,WMT,32.16666793823242,32.663333892822266,32.03666687011719,32.599998474121094,28217400,,Yahoo Finance daily,2026-07-22T16:59:02
2018-10-24,us,WMT,32.5,33.05666732788086,32.426666259765625,32.52000045776367,31094100,,Yahoo Finance daily,2026-07-22T16:59:02
2018-10-25,us,WMT,32.66999816894531,33.15999984741211,32.33333206176758,33.060001373291016,32211300,,Yahoo Finance daily,2026-07-22T16:59:02
2018-10-26,us,WMT,32.936668395996094,33.223331451416016,32.67333221435547,32.97999954223633,44776800,,Yahoo Finance daily,2026-07-22T16:59:02
2018-10-29,us,WMT,33.16999816894531,33.90999984741211,33.029998779296875,33.26666641235352,38118300,,Yahoo Finance daily,2026-07-22T16:59:02
2018-10-30,us,WMT,33.4033317565918,34.20000076293945,33.35333251953125,34.13999938964844,38125500,,Yahoo Finance daily,2026-07-22T16:59:02
2018-10-31,us,WMT,34.163333892822266,34.163333892822266,33.37333297729492,33.426666259765625,37064700,,Yahoo Finance daily,2026-07-22T16:59:02
2018-11-01,us,WMT,33.31999969482422,33.723331451416016,33.2400016784668,33.526668548583984,23205300,,Yahoo Finance daily,2026-07-22T16:59:02
2018-11-02,us,WMT,33.62666702270508,33.856666564941406,33.436668395996094,33.779998779296875,21909600,,Yahoo Finance daily,2026-07-22T16:59:02
2018-11-05,us,WMT,33.72999954223633,34.38999938964844,33.543331146240234,34.3033332824707,22850400,,Yahoo Finance daily,2026-07-22T16:59:02
2018-11-06,us,WMT,34.18000030517578,34.47999954223633,34.01666641235352,34.44333267211914,19106100,,Yahoo Finance daily,2026-07-22T16:59:02
2018-11-07,us,WMT,34.5533332824707,34.823333740234375,34.349998474121094,34.77333450317383,26017800,,Yahoo Finance daily,2026-07-22T16:59:02
2018-11-08,us,WMT,34.776668548583984,35.086666107177734,34.676666259765625,34.959999084472656,17884200,,Yahoo Finance daily,2026-07-22T16:59:02
2018-11-09,us,WMT,35.0,35.29999923706055,34.936668395996094,35.186668395996094,25351200,,Yahoo Finance daily,2026-07-22T16:59:02
2018-11-12,us,WMT,35.16666793823242,35.4033317565918,34.54999923706055,34.62333297729492,26829300,,Yahoo Finance daily,2026-07-22T16:59:02
2018-11-13,us,WMT,34.55666732788086,34.71666717529297,34.18000030517578,34.313331604003906,23870100,,Yahoo Finance daily,2026-07-22T16:59:02
2018-11-14,us,WMT,34.33333206176758,34.383331298828125,33.66999816894531,33.84333419799805,31445700,,Yahoo Finance daily,2026-07-22T16:59:02
2018-11-15,us,WMT,34.106666564941406,34.26666641235352,32.87333297729492,33.18000030517578,48247800,,Yahoo Finance daily,2026-07-22T16:59:02
2018-11-16,us,WMT,32.939998626708984,33.13999938964844,32.30666732788086,32.563331604003906,42705600,,Yahoo Finance daily,2026-07-22T16:59:02
2018-11-19,us,WMT,32.64666748046875,32.75,32.143333435058594,32.2599983215332,27643200,,Yahoo Finance daily,2026-07-22T16:59:02
2018-11-20,us,WMT,31.65999984741211,31.733333587646484,31.200000762939453,31.386667251586918,37861800,,Yahoo Finance daily,2026-07-22T16:59:02
2018-11-21,us,WMT,31.453332901000977,31.63999938964844,31.10333251953125,31.38999938964844,28052700,,Yahoo Finance daily,2026-07-22T16:59:02
2018-11-23,us,WMT,31.37666702270508,31.850000381469727,31.37666702270508,31.700000762939453,14670000,,Yahoo Finance daily,2026-07-22T16:59:02
2018-11-26,us,WMT,31.89666748046875,32.02333450317383,31.57999992370605,31.71666717529297,30103800,,Yahoo Finance daily,2026-07-22T16:59:02
2018-11-27,us,WMT,31.663333892822266,31.84666633605957,31.46999931335449,31.68000030517578,27126900,,Yahoo Finance daily,2026-07-22T16:59:02
2018-11-28,us,WMT,31.81666755676269,32.540000915527344,31.683332443237305,32.48666763305664,30212400,,Yahoo Finance daily,2026-07-22T16:59:02
2018-11-29,us,WMT,32.34000015258789,32.61000061035156,32.246665954589844,32.43000030517578,18723900,,Yahoo Finance daily,2026-07-22T16:59:02
2018-11-30,us,WMT,32.46666717529297,32.810001373291016,32.356666564941406,32.54999923706055,31992000,,Yahoo Finance daily,2026-07-22T16:59:02
2018-12-03,us,WMT,32.67333221435547,33.1966667175293,32.55666732788086,32.91666793823242,27246300,,Yahoo Finance daily,2026-07-22T16:59:02
2018-12-04,us,WMT,32.75,32.98666763305664,31.8700008392334,31.93666648864746,31278900,,Yahoo Finance daily,2026-07-22T16:59:02
2018-12-06,us,WMT,31.64666748046875,31.803333282470703,31.03333282470703,31.59000015258789,31101600,,Yahoo Finance daily,2026-07-22T16:59:02
2018-12-07,us,WMT,31.5,31.709999084472656,30.81666755676269,31.06333351135254,25489500,,Yahoo Finance daily,2026-07-22T16:59:02
2018-12-10,us,WMT,31.18666648864746,31.416667938232425,30.780000686645508,31.31333351135254,21830700,,Yahoo Finance daily,2026-07-22T16:59:02
2018-12-11,us,WMT,31.416667938232425,31.49666786193848,31.083332061767575,31.28333282470703,19357500,,Yahoo Finance daily,2026-07-22T16:59:02
2018-12-12,us,WMT,31.433332443237305,31.433332443237305,31.020000457763672,31.036666870117188,28917600,,Yahoo Finance daily,2026-07-22T16:59:02
2018-12-13,us,WMT,31.083332061767575,31.226667404174805,30.809999465942383,30.98666763305664,24126900,,Yahoo Finance daily,2026-07-22T16:59:02
2018-12-14,us,WMT,30.683332443237305,30.85333251953125,30.523332595825195,30.61666679382324,34480800,,Yahoo Finance daily,2026-07-22T16:59:02
2018-12-17,us,WMT,30.406667709350582,30.670000076293945,30.053333282470703,30.25666618347168,27005400,,Yahoo Finance daily,2026-07-22T16:59:02
2018-12-18,us,WMT,30.26666641235352,30.420000076293945,30.09333229064941,30.36000061035156,28820100,,Yahoo Finance daily,2026-07-22T16:59:02
2018-12-19,us,WMT,30.43000030517578,31.0,30.083332061767575,30.183332443237305,36694500,,Yahoo Finance daily,2026-07-22T16:59:02
2018-12-20,us,WMT,30.036666870117188,30.036666870117188,28.71333312988281,29.09333229064941,49121400,,Yahoo Finance daily,2026-07-22T16:59:02
2018-12-21,us,WMT,28.956666946411133,29.82333374023437,28.933332443237305,29.043333053588867,44764500,,Yahoo Finance daily,2026-07-22T16:59:02
2018-12-24,us,WMT,28.84666633605957,29.190000534057617,28.59333229064941,28.606666564941406,18330900,,Yahoo Finance daily,2026-07-22T16:59:02
2018-12-26,us,WMT,28.80666732788086,30.13999938964844,28.76666641235352,30.136667251586918,30084900,,Yahoo Finance daily,2026-07-22T16:59:02
2018-12-27,us,WMT,29.916667938232425,30.536666870117188,29.479999542236328,30.530000686645508,29644500,,Yahoo Finance daily,2026-07-22T16:59:02
2018-12-28,us,WMT,30.690000534057617,31.156667709350582,30.549999237060547,30.709999084472656,29622000,,Yahoo Finance daily,2026-07-22T16:59:02
2018-12-31,us,WMT,30.88999938964844,31.1299991607666,30.75,31.049999237060547,21017400,,Yahoo Finance daily,2026-07-22T16:59:02
2019-01-02,us,WMT,30.546667098999023,31.21666717529297,30.546667098999023,31.11333274841309,24458100,,Yahoo Finance daily,2026-07-22T16:59:02
2019-01-03,us,WMT,31.06999969482422,31.56999969482422,30.899999618530277,30.953332901000977,24831900,,Yahoo Finance daily,2026-07-22T16:59:02
2019-01-04,us,WMT,31.06999969482422,31.21999931335449,30.89666748046875,31.14666748046875,24087300,,Yahoo Finance daily,2026-07-22T16:59:02
2019-01-07,us,WMT,31.206666946411133,31.72333335876465,31.059999465942383,31.51333236694336,23369100,,Yahoo Finance daily,2026-07-22T16:59:02
2019-01-08,us,WMT,31.68666648864746,31.920000076293945,31.303333282470703,31.733333587646484,21602700,,Yahoo Finance daily,2026-07-22T16:59:02
2019-01-09,us,WMT,31.90333366394043,32.04666519165039,31.59000015258789,31.6299991607666,18816900,,Yahoo Finance daily,2026-07-22T16:59:02
2019-01-10,us,WMT,31.293333053588867,31.65999984741211,31.040000915527344,31.65333366394043,28188900,,Yahoo Finance daily,2026-07-22T16:59:02
2019-01-11,us,WMT,31.663333892822266,31.76333236694336,31.51666641235352,31.61333274841309,16183800,,Yahoo Finance daily,2026-07-22T16:59:02
2019-01-14,us,WMT,31.49333381652832,31.81666755676269,31.426666259765625,31.649999618530277,21255300,,Yahoo Finance daily,2026-07-22T16:59:02
2019-01-15,us,WMT,31.82333374023437,32.20000076293945,31.793333053588867,32.08333206176758,21174600,,Yahoo Finance daily,2026-07-22T16:59:02
2019-01-16,us,WMT,31.976667404174805,32.28666687011719,31.94333267211914,32.116668701171875,16230000,,Yahoo Finance daily,2026-07-22T16:59:02
2019-01-17,us,WMT,32.106666564941406,32.4033317565918,32.0533332824707,32.246665954589844,16843500,,Yahoo Finance daily,2026-07-22T16:59:02
2019-01-18,us,WMT,32.31666564941406,32.733333587646484,32.28333282470703,32.57666778564453,18361800,,Yahoo Finance daily,2026-07-22T16:59:02
2019-01-22,us,WMT,32.383331298828125,32.810001373291016,32.2599983215332,32.496665954589844,24189600,,Yahoo Finance daily,2026-07-22T16:59:02
2019-01-23,us,WMT,32.956668853759766,33.116668701171875,32.5099983215332,32.9033317565918,25037400,,Yahoo Finance daily,2026-07-22T16:59:02
2019-01-24,us,WMT,32.733333587646484,32.81999969482422,32.143333435058594,32.78666687011719,22829100,,Yahoo Finance daily,2026-07-22T16:59:02
2019-01-25,us,WMT,32.91666793823242,32.970001220703125,32.25,32.313331604003906,21654600,,Yahoo Finance daily,2026-07-22T16:59:02
2019-01-28,us,WMT,32.176666259765625,32.356666564941406,32.026668548583984,32.35333251953125,17627400,,Yahoo Finance daily,2026-07-22T16:59:02
2019-01-29,us,WMT,32.25666809082031,32.38666534423828,32.16999816894531,32.23666763305664,15760200,,Yahoo Finance daily,2026-07-22T16:59:02
2019-01-30,us,WMT,32.22666549682617,32.26666641235352,31.420000076293945,31.600000381469727,35547900,,Yahoo Finance daily,2026-07-22T16:59:02
2019-01-31,us,WMT,31.543333053588867,32.290000915527344,31.543333053588867,31.94333267211914,44169000,,Yahoo Finance daily,2026-07-22T16:59:02
2019-02-01,us,WMT,31.97333335876465,32.0,31.036666870117188,31.286666870117188,37775700,,Yahoo Finance daily,2026-07-22T16:59:02
2019-02-04,us,WMT,31.286666870117188,31.59000015258789,31.11666679382324,31.59000015258789,21805800,,Yahoo Finance daily,2026-07-22T16:59:02
2019-02-05,us,WMT,31.75,31.979999542236328,31.67333221435547,31.86666679382324,18299700,,Yahoo Finance daily,2026-07-22T16:59:02
2019-02-06,us,WMT,31.809999465942383,32.00333404541016,31.739999771118164,31.8799991607666,12794700,,Yahoo Finance daily,2026-07-22T16:59:02
2019-02-07,us,WMT,31.703332901000977,32.27333450317383,31.666667938232425,32.24333190917969,21030300,,Yahoo Finance daily,2026-07-22T16:59:02
2019-02-08,us,WMT,32.11333465576172,32.22999954223633,31.71333312988281,31.86000061035156,18507600,,Yahoo Finance daily,2026-07-22T16:59:02
2019-02-11,us,WMT,31.88333320617676,32.116668701171875,31.8799991607666,32.06666564941406,16628400,,Yahoo Finance daily,2026-07-22T16:59:02
2019-02-12,us,WMT,32.27333450317383,32.38999938964844,32.16666793823242,32.323333740234375,17643900,,Yahoo Finance daily,2026-07-22T16:59:02
2019-02-13,us,WMT,32.43333435058594,32.66666793823242,32.36333465576172,32.64666748046875,16375500,,Yahoo Finance daily,2026-07-22T16:59:02
2019-02-14,us,WMT,32.560001373291016,33.06666564941406,32.34000015258789,32.84000015258789,21602400,,Yahoo Finance daily,2026-07-22T16:59:02
2019-02-15,us,WMT,32.99333190917969,33.33333206176758,32.95333480834961,33.33000183105469,28443000,,Yahoo Finance daily,2026-07-22T16:59:02
2019-02-19,us,WMT,34.12666702270508,34.72666549682617,34.02333450317383,34.06666564941406,62091900,,Yahoo Finance daily,2026-07-22T16:59:02
2019-02-20,us,WMT,33.936668395996094,34.11333465576172,32.883331298828125,33.293331146240234,52895400,,Yahoo Finance daily,2026-07-22T16:59:02
2019-02-21,us,WMT,33.220001220703125,33.30666732788086,32.970001220703125,33.130001068115234,19239600,,Yahoo Finance daily,2026-07-22T16:59:02
2019-02-22,us,WMT,33.27333450317383,33.38666534423828,33.04666519165039,33.18333435058594,24260700,,Yahoo Finance daily,2026-07-22T16:59:02
2019-02-25,us,WMT,33.37333297729492,33.37666702270508,33.01666641235352,33.040000915527344,27705000,,Yahoo Finance daily,2026-07-22T16:59:02
2019-02-26,us,WMT,33.00666809082031,33.02000045776367,32.62333297729492,32.89666748046875,25464300,,Yahoo Finance daily,2026-07-22T16:59:02
2019-02-27,us,WMT,32.706668853759766,32.79666519165039,32.529998779296875,32.70333480834961,23706900,,Yahoo Finance daily,2026-07-22T16:59:02
2019-02-28,us,WMT,32.70333480834961,33.15666580200195,32.59000015258789,32.996665954589844,34127700,,Yahoo Finance daily,2026-07-22T16:59:02
2019-03-01,us,WMT,33.15666580200195,33.186668395996094,32.37333297729492,32.643333435058594,31057500,,Yahoo Finance daily,2026-07-22T16:59:02
2019-03-04,us,WMT,32.706668853759766,32.86333465576172,32.456668853759766,32.616668701171875,23051400,,Yahoo Finance daily,2026-07-22T16:59:02
2019-03-05,us,WMT,32.709999084472656,33.063331604003906,32.6966667175293,32.779998779296875,18357900,,Yahoo Finance daily,2026-07-22T16:59:02
2019-03-06,us,WMT,32.75666809082031,33.0,32.619998931884766,32.75333404541016,14089800,,Yahoo Finance daily,2026-07-22T16:59:02
2019-03-07,us,WMT,32.56999969482422,32.733333587646484,32.413333892822266,32.483333587646484,18379800,,Yahoo Finance daily,2026-07-22T16:59:02
2019-03-08,us,WMT,32.51666641235352,32.80666732788086,32.33333206176758,32.529998779296875,16977000,,Yahoo Finance daily,2026-07-22T16:59:02
2019-03-11,us,WMT,32.68000030517578,32.86000061035156,32.606666564941406,32.82666778564453,16035900,,Yahoo Finance daily,2026-07-22T16:59:02
2019-03-12,us,WMT,32.84333419799805,32.913333892822266,32.68333435058594,32.790000915527344,15211500,,Yahoo Finance daily,2026-07-22T16:59:02
2019-03-13,us,WMT,32.900001525878906,33.116668701171875,32.79666519165039,33.0099983215332,16446900,,Yahoo Finance daily,2026-07-22T16:59:02
2019-03-14,us,WMT,32.8033332824707,32.810001373291016,32.529998779296875,32.7400016784668,14777400,,Yahoo Finance daily,2026-07-22T16:59:02
2019-03-15,us,WMT,32.7599983215332,32.836666107177734,32.53333282470703,32.80666732788086,43800000,,Yahoo Finance daily,2026-07-22T16:59:02
2019-03-18,us,WMT,32.76666641235352,33.25666809082031,32.75333404541016,33.220001220703125,17310300,,Yahoo Finance daily,2026-07-22T16:59:02
2019-03-19,us,WMT,33.33000183105469,33.496665954589844,33.189998626708984,33.28333282470703,16243200,,Yahoo Finance daily,2026-07-22T16:59:02
2019-03-20,us,WMT,33.06666564941406,33.18333435058594,32.8466682434082,32.880001068115234,18969300,,Yahoo Finance daily,2026-07-22T16:59:02
2019-03-21,us,WMT,32.75,33.043331146240234,32.70000076293945,33.02000045776367,19653000,,Yahoo Finance daily,2026-07-22T16:59:02
2019-03-22,us,WMT,32.86000061035156,33.176666259765625,32.64666748046875,32.7599983215332,20124300,,Yahoo Finance daily,2026-07-22T16:59:02
2019-03-25,us,WMT,32.599998474121094,32.87333297729492,32.543331146240234,32.723331451416016,16222200,,Yahoo Finance daily,2026-07-22T16:59:02
2019-03-26,us,WMT,32.78666687011719,32.95000076293945,32.676666259765625,32.77333450317383,14837700,,Yahoo Finance daily,2026-07-22T16:59:02
2019-03-27,us,WMT,32.71333312988281,32.95333480834961,31.666667938232425,32.4033317565918,25413600,,Yahoo Finance daily,2026-07-22T16:59:02
2019-03-28,us,WMT,32.529998779296875,32.62333297729492,32.176666259765625,32.37666702270508,24162900,,Yahoo Finance daily,2026-07-22T16:59:02
2019-03-29,us,WMT,32.529998779296875,32.55666732788086,32.3466682434082,32.5099983215332,22319700,,Yahoo Finance daily,2026-07-22T16:59:02
2019-04-01,us,WMT,32.65666580200195,32.78666687011719,32.52000045776367,32.606666564941406,25517400,,Yahoo Finance daily,2026-07-22T16:59:02
2019-04-02,us,WMT,32.586666107177734,32.77000045776367,32.29999923706055,32.313331604003906,18822000,,Yahoo Finance daily,2026-07-22T16:59:02
2019-04-03,us,WMT,32.37333297729492,32.46666717529297,32.26333236694336,32.39666748046875,17062500,,Yahoo Finance daily,2026-07-22T16:59:02
2019-04-04,us,WMT,32.41666793823242,32.7599983215332,32.413333892822266,32.70333480834961,12078900,,Yahoo Finance daily,2026-07-22T16:59:02
2019-04-05,us,WMT,32.75,33.06666564941406,32.720001220703125,32.94333267211914,13968000,,Yahoo Finance daily,2026-07-22T16:59:02
2019-04-08,us,WMT,32.81666564941406,33.08333206176758,32.75333404541016,33.07666778564453,16267200,,Yahoo Finance daily,2026-07-22T16:59:02
2019-04-09,us,WMT,32.93333435058594,33.07666778564453,32.71666717529297,32.89666748046875,13102500,,Yahoo Finance daily,2026-07-22T16:59:02
2019-04-10,us,WMT,32.836666107177734,33.2400016784668,32.83333206176758,33.20000076293945,12273300,,Yahoo Finance daily,2026-07-22T16:59:02
2019-04-11,us,WMT,33.233333587646484,33.61000061035156,33.15666580200195,33.599998474121094,16820700,,Yahoo Finance daily,2026-07-22T16:59:02
2019-04-12,us,WMT,33.66666793823242,34.00666809082031,33.66666793823242,33.85333251953125,15486000,,Yahoo Finance daily,2026-07-22T16:59:02
2019-04-15,us,WMT,33.76666641235352,34.3033332824707,33.75333404541016,34.143333435058594,15335700,,Yahoo Finance daily,2026-07-22T16:59:02
2019-04-16,us,WMT,34.29666519165039,34.46333312988281,34.18000030517578,34.310001373291016,14485200,,Yahoo Finance daily,2026-07-22T16:59:02
2019-04-17,us,WMT,34.33333206176758,34.46666717529297,34.13666534423828,34.38666534423828,11187600,,Yahoo Finance daily,2026-07-22T16:59:02
2019-04-18,us,WMT,34.369998931884766,34.599998474121094,34.29666519165039,34.393333435058594,11183400,,Yahoo Finance daily,2026-07-22T16:59:02
2019-04-22,us,WMT,34.2599983215332,34.51333236694336,34.05666732788086,34.12333297729492,15238200,,Yahoo Finance daily,2026-07-22T16:59:02
2019-04-23,us,WMT,34.176666259765625,34.43000030517578,33.97999954223633,34.356666564941406,15152400,,Yahoo Finance daily,2026-07-22T16:59:02
2019-04-24,us,WMT,34.380001068115234,34.616668701171875,34.36333465576172,34.5099983215332,14093400,,Yahoo Finance daily,2026-07-22T16:59:02
2019-04-25,us,WMT,34.413333892822266,34.71666717529297,34.276668548583984,34.50666809082031,11883300,,Yahoo Finance daily,2026-07-22T16:59:02
2019-04-26,us,WMT,33.483333587646484,34.11333465576172,33.220001220703125,33.84333419799805,24323100,,Yahoo Finance daily,2026-07-22T16:59:02
2019-04-29,us,WMT,33.959999084472656,34.0,33.59333419799805,33.85333251953125,19139100,,Yahoo Finance daily,2026-07-22T16:59:02
2019-04-30,us,WMT,33.92333221435547,34.30666732788086,33.81666564941406,34.279998779296875,18400800,,Yahoo Finance daily,2026-07-22T16:59:02
2019-05-01,us,WMT,34.25666809082031,34.27000045776367,33.7599983215332,33.78666687011719,16011600,,Yahoo Finance daily,2026-07-22T16:59:02
2019-05-02,us,WMT,33.810001373291016,34.02000045776367,33.413333892822266,33.71666717529297,15021000,,Yahoo Finance daily,2026-07-22T16:59:02
2019-05-03,us,WMT,34.106666564941406,34.25,33.93333435058594,34.026668548583984,15950700,,Yahoo Finance daily,2026-07-22T16:59:02
2019-05-06,us,WMT,33.58333206176758,34.18333435058594,33.51333236694336,34.1533317565918,13841100,,Yahoo Finance daily,2026-07-22T16:59:02
2019-05-07,us,WMT,33.93333435058594,34.05666732788086,33.586666107177734,33.76666641235352,13726800,,Yahoo Finance daily,2026-07-22T16:59:02
2019-05-08,us,WMT,33.41666793823242,33.68000030517578,33.28666687011719,33.43333435058594,17646000,,Yahoo Finance daily,2026-07-22T16:59:02
2019-05-09,us,WMT,33.09000015258789,33.313331604003906,32.95000076293945,33.18000030517578,18720300,,Yahoo Finance daily,2026-07-22T16:59:02
2019-05-10,us,WMT,33.25333404541016,34.03666687011719,33.233333587646484,33.970001220703125,26228100,,Yahoo Finance daily,2026-07-22T16:59:02
2019-05-13,us,WMT,33.483333587646484,33.71666717529297,33.00333404541016,33.29666519165039,22084500,,Yahoo Finance daily,2026-07-22T16:59:02
2019-05-14,us,WMT,33.380001068115234,33.62333297729492,33.29666519165039,33.43000030517578,19061100,,Yahoo Finance daily,2026-07-22T16:59:02
2019-05-15,us,WMT,33.400001525878906,33.45333480834961,33.043331146240234,33.293331146240234,20220900,,Yahoo Finance daily,2026-07-22T16:59:02
2019-05-16,us,WMT,34.276668548583984,34.6533317565918,33.61333465576172,33.77000045776367,51366000,,Yahoo Finance daily,2026-07-22T16:59:02
2019-05-17,us,WMT,33.413333892822266,33.983333587646484,33.3033332824707,33.619998931884766,37113900,,Yahoo Finance daily,2026-07-22T16:59:02
2019-05-20,us,WMT,33.46333312988281,33.99333190917969,33.41666793823242,33.84000015258789,21582300,,Yahoo Finance daily,2026-07-22T16:59:02
2019-05-21,us,WMT,33.836666107177734,33.883331298828125,33.46666717529297,33.706668853759766,20667300,,Yahoo Finance daily,2026-07-22T16:59:02
2019-05-22,us,WMT,33.866668701171875,34.143333435058594,33.686668395996094,34.07666778564453,22022700,,Yahoo Finance daily,2026-07-22T16:59:02
2019-05-23,us,WMT,33.939998626708984,33.97666549682617,33.54999923706055,33.95333480834961,19363800,,Yahoo Finance daily,2026-07-22T16:59:02
2019-05-24,us,WMT,34.060001373291016,34.29666519165039,34.026668548583984,34.223331451416016,13449600,,Yahoo Finance daily,2026-07-22T16:59:02
2019-05-28,us,WMT,34.186668395996094,34.52333450317383,34.133331298828125,34.13999938964844,30815100,,Yahoo Finance daily,2026-07-22T16:59:02
2019-05-29,us,WMT,34.03666687011719,34.293331146240234,33.823333740234375,34.040000915527344,19560600,,Yahoo Finance daily,2026-07-22T16:59:02
2019-05-30,us,WMT,34.163333892822266,34.496665954589844,33.970001220703125,34.063331604003906,15058800,,Yahoo Finance daily,2026-07-22T16:59:02
2019-05-31,us,WMT,33.78333282470703,34.00666809082031,33.53333282470703,33.813331604003906,17782500,,Yahoo Finance daily,2026-07-22T16:59:02
2019-06-03,us,WMT,33.87666702270508,34.22666549682617,33.79999923706055,33.98666763305664,19844100,,Yahoo Finance daily,2026-07-22T16:59:02
2019-06-04,us,WMT,34.20333480834961,34.21666717529297,33.813331604003906,34.186668395996094,17894700,,Yahoo Finance daily,2026-07-22T16:59:02
2019-06-05,us,WMT,34.25,34.926666259765625,34.20000076293945,34.80666732788086,20708700,,Yahoo Finance daily,2026-07-22T16:59:02
2019-06-06,us,WMT,34.83000183105469,35.220001220703125,34.733333587646484,35.03666687011719,24191100,,Yahoo Finance daily,2026-07-22T16:59:02
2019-06-07,us,WMT,35.07666778564453,35.45333480834961,35.01666641235352,35.35333251953125,20428200,,Yahoo Finance daily,2026-07-22T16:59:02
2019-06-10,us,WMT,35.49333190917969,35.926666259765625,35.456668853759766,35.84000015258789,18977100,,Yahoo Finance daily,2026-07-22T16:59:02
2019-06-11,us,WMT,36.0,36.323333740234375,35.91666793823242,35.97999954223633,20241900,,Yahoo Finance daily,2026-07-22T16:59:02
2019-06-12,us,WMT,35.973331451416016,36.3033332824707,35.973331451416016,36.27333450317383,13905300,,Yahoo Finance daily,2026-07-22T16:59:02
2019-06-13,us,WMT,36.33333206176758,36.526668548583984,36.05666732788086,36.21666717529297,16455000,,Yahoo Finance daily,2026-07-22T16:59:02
2019-06-14,us,WMT,36.2599983215332,36.52999877929688,36.1533317565918,36.356666564941406,13577700,,Yahoo Finance daily,2026-07-22T16:59:02
2019-06-17,us,WMT,36.37333297729492,36.51666641235352,36.08666610717773,36.38666534423828,12441000,,Yahoo Finance daily,2026-07-22T16:59:02
2019-06-18,us,WMT,36.59999847412109,36.6533317565918,36.3033332824707,36.54999923706055,14733600,,Yahoo Finance daily,2026-07-22T16:59:02
2019-06-19,us,WMT,36.59999847412109,36.61333465576172,36.290000915527344,36.540000915527344,11773800,,Yahoo Finance daily,2026-07-22T16:59:02
2019-06-20,us,WMT,36.606666564941406,36.83000183105469,36.426666259765625,36.77333450317383,15004500,,Yahoo Finance daily,2026-07-22T16:59:02
2019-06-21,us,WMT,36.77999877929688,37.39666748046875,36.75333404541016,37.04333114624024,39535800,,Yahoo Finance daily,2026-07-22T16:59:02
2019-06-24,us,WMT,37.163333892822266,37.40666580200195,37.0099983215332,37.08000183105469,18098400,,Yahoo Finance daily,2026-07-22T16:59:02
2019-06-25,us,WMT,36.959999084472656,37.143333435058594,36.79999923706055,36.90666580200195,18315000,,Yahoo Finance daily,2026-07-22T16:59:02
2019-06-26,us,WMT,36.95000076293945,37.026668548583984,36.70000076293945,36.720001220703125,12485100,,Yahoo Finance daily,2026-07-22T16:59:02
2019-06-27,us,WMT,36.686668395996094,36.83666610717773,36.28666687011719,36.70000076293945,16443900,,Yahoo Finance daily,2026-07-22T16:59:02
2019-06-28,us,WMT,36.84999847412109,37.16999816894531,36.74666595458984,36.83000183105469,19520100,,Yahoo Finance daily,2026-07-22T16:59:02
2019-07-01,us,WMT,37.09999847412109,37.323333740234375,36.67333221435547,36.87333297729492,16544100,,Yahoo Finance daily,2026-07-22T16:59:02
2019-07-02,us,WMT,36.94333267211914,37.20333480834961,36.77999877929688,37.20000076293945,12188700,,Yahoo Finance daily,2026-07-22T16:59:02
2019-07-03,us,WMT,37.060001373291016,37.46666717529297,37.0,37.43999862670898,9621900,,Yahoo Finance daily,2026-07-22T16:59:02
2019-07-05,us,WMT,37.33333206176758,37.413333892822266,37.06999969482422,37.32666778564453,10738200,,Yahoo Finance daily,2026-07-22T16:59:02
2019-07-08,us,WMT,37.30666732788086,37.643333435058594,37.23333358764648,37.573333740234375,14147100,,Yahoo Finance daily,2026-07-22T16:59:02
2019-07-09,us,WMT,37.630001068115234,37.79333114624024,37.53333282470703,37.62666702270508,16270200,,Yahoo Finance daily,2026-07-22T16:59:02
2019-07-10,us,WMT,37.706668853759766,37.869998931884766,37.46333312988281,37.65999984741211,13737000,,Yahoo Finance daily,2026-07-22T16:59:02
2019-07-11,us,WMT,37.77999877929688,37.97999954223633,37.67333221435547,37.973331451416016,11689800,,Yahoo Finance daily,2026-07-22T16:59:02
2019-07-12,us,WMT,38.02999877929688,38.25666809082031,37.87333297729492,38.20000076293945,11229900,,Yahoo Finance daily,2026-07-22T16:59:02
2019-07-15,us,WMT,38.223331451416016,38.36000061035156,38.150001525878906,38.32666778564453,10038000,,Yahoo Finance daily,2026-07-22T16:59:02
2019-07-16,us,WMT,38.44333267211914,38.49666595458984,38.01333236694336,38.25333404541016,10464600,,Yahoo Finance daily,2026-07-22T16:59:02
2019-07-17,us,WMT,38.27000045776367,38.38999938964844,38.06666564941406,38.20000076293945,8065500,,Yahoo Finance daily,2026-07-22T16:59:02
2019-07-18,us,WMT,38.11666870117188,38.2599983215332,37.913333892822266,38.2400016784668,9670800,,Yahoo Finance daily,2026-07-22T16:59:02
2019-07-19,us,WMT,38.33333206176758,38.436668395996094,37.95333480834961,37.96666717529297,11388900,,Yahoo Finance daily,2026-07-22T16:59:02
2019-07-22,us,WMT,38.03333282470703,38.11333465576172,37.43999862670898,37.606666564941406,13550700,,Yahoo Finance daily,2026-07-22T16:59:02
2019-07-23,us,WMT,37.706668853759766,37.73333358764648,37.18999862670898,37.36333465576172,17262600,,Yahoo Finance daily,2026-07-22T16:59:02
2019-07-24,us,WMT,37.34333419799805,37.5966682434082,37.18999862670898,37.33333206176758,12531900,,Yahoo Finance daily,2026-07-22T16:59:02
2019-07-25,us,WMT,37.393333435058594,37.46333312988281,37.220001220703125,37.40666580200195,11554500,,Yahoo Finance daily,2026-07-22T16:59:02
2019-07-26,us,WMT,37.37333297729492,37.77999877929688,37.27333450317383,37.67333221435547,14187000,,Yahoo Finance daily,2026-07-22T16:59:02
2019-07-29,us,WMT,37.61333465576172,37.65999984741211,37.25333404541016,37.42333221435547,11239800,,Yahoo Finance daily,2026-07-22T16:59:02
2019-07-30,us,WMT,37.35333251953125,37.46666717529297,37.223331451416016,37.35333251953125,9105600,,Yahoo Finance daily,2026-07-22T16:59:02
2019-07-31,us,WMT,37.3033332824707,37.4466667175293,36.54333114624024,36.79333114624024,18633900,,Yahoo Finance daily,2026-07-22T16:59:02
2019-08-01,us,WMT,36.77333450317383,37.38999938964844,36.43999862670898,36.459999084472656,22365000,,Yahoo Finance daily,2026-07-22T16:59:02
2019-08-02,us,WMT,36.58000183105469,36.71333312988281,36.04999923706055,36.46666717529297,16970100,,Yahoo Finance daily,2026-07-22T16:59:02
2019-08-05,us,WMT,36.0,36.0,35.1966667175293,35.27333450317383,22710000,,Yahoo Finance daily,2026-07-22T16:59:02
2019-08-06,us,WMT,35.39666748046875,35.9466667175293,35.1966667175293,35.75666809082031,21049200,,Yahoo Finance daily,2026-07-22T16:59:02
2019-08-07,us,WMT,35.67333221435547,36.21333312988281,35.30666732788086,36.06666564941406,21835500,,Yahoo Finance daily,2026-07-22T16:59:02
2019-08-08,us,WMT,36.00333404541016,36.27999877929688,35.92333221435547,36.17333221435547,13123200,,Yahoo Finance daily,2026-07-22T16:59:02
2019-08-09,us,WMT,36.02000045776367,36.1533317565918,35.56999969482422,35.7599983215332,12580500,,Yahoo Finance daily,2026-07-22T16:59:02
2019-08-12,us,WMT,35.573333740234375,35.61333465576172,34.9466667175293,35.073333740234375,17605200,,Yahoo Finance daily,2026-07-22T16:59:02
2019-08-13,us,WMT,35.08333206176758,36.03666687011719,34.95000076293945,35.8033332824707,20025900,,Yahoo Finance daily,2026-07-22T16:59:02
2019-08-14,us,WMT,35.15999984741211,36.02000045776367,35.04666519165039,35.400001525878906,27938400,,Yahoo Finance daily,2026-07-22T16:59:02
2019-08-15,us,WMT,37.5099983215332,37.880001068115234,36.720001220703125,37.56333160400391,59438700,,Yahoo Finance daily,2026-07-22T16:59:02
2019-08-16,us,WMT,38.026668548583984,38.310001373291016,37.35333251953125,37.663333892822266,32895600,,Yahoo Finance daily,2026-07-22T16:59:02
2019-08-19,us,WMT,38.11666870117188,38.2599983215332,37.86666870117188,37.936668395996094,21534300,,Yahoo Finance daily,2026-07-22T16:59:02
2019-08-20,us,WMT,37.95333480834961,38.01333236694336,37.33666610717773,37.34999847412109,18336900,,Yahoo Finance daily,2026-07-22T16:59:02
2019-08-21,us,WMT,37.99333190917969,38.02333450317383,37.29333114624024,37.34000015258789,24469200,,Yahoo Finance daily,2026-07-22T16:59:02
2019-08-22,us,WMT,37.400001525878906,37.5966682434082,37.11666870117188,37.3033332824707,17986200,,Yahoo Finance daily,2026-07-22T16:59:02
2019-08-23,us,WMT,37.206668853759766,37.3033332824707,36.709999084472656,36.94333267211914,18710100,,Yahoo Finance daily,2026-07-22T16:59:02
2019-08-26,us,WMT,37.186668395996094,37.42333221435547,37.073333740234375,37.33000183105469,17807100,,Yahoo Finance daily,2026-07-22T16:59:02
2019-08-27,us,WMT,37.473331451416016,37.60333251953125,37.16999816894531,37.473331451416016,17201100,,Yahoo Finance daily,2026-07-22T16:59:02
2019-08-28,us,WMT,37.426666259765625,37.69333267211914,37.22666549682617,37.573333740234375,16113000,,Yahoo Finance daily,2026-07-22T16:59:02
2019-08-29,us,WMT,38.06666564941406,38.1966667175293,37.77000045776367,38.026668548583984,15811500,,Yahoo Finance daily,2026-07-22T16:59:02
2019-08-30,us,WMT,38.33333206176758,38.459999084472656,37.96666717529297,38.08666610717773,17115900,,Yahoo Finance daily,2026-07-22T16:59:02
2019-09-03,us,WMT,37.893333435058594,38.436668395996094,37.83000183105469,38.21333312988281,17828100,,Yahoo Finance daily,2026-07-22T16:59:02
2019-09-04,us,WMT,38.56333160400391,38.6533317565918,38.27333450317383,38.63666534423828,17348700,,Yahoo Finance daily,2026-07-22T16:59:02
2019-09-05,us,WMT,39.223331451416016,39.31999969482422,38.42333221435547,38.47999954223633,17479200,,Yahoo Finance daily,2026-07-22T16:59:02
2019-09-06,us,WMT,38.47999954223633,38.58333206176758,38.206668853759766,38.24333190917969,13039200,,Yahoo Finance daily,2026-07-22T16:59:02
2019-09-09,us,WMT,38.16666793823242,38.869998931884766,38.133331298828125,38.776668548583984,17921100,,Yahoo Finance daily,2026-07-22T16:59:02
2019-09-10,us,WMT,38.663333892822266,38.98666763305664,38.49333190917969,38.68333435058594,14572200,,Yahoo Finance daily,2026-07-22T16:59:02
2019-09-11,us,WMT,38.66666793823242,38.900001525878906,38.40666580200195,38.67333221435547,15852300,,Yahoo Finance daily,2026-07-22T16:59:02
2019-09-12,us,WMT,38.883331298828125,39.02333450317383,38.633331298828125,38.973331451416016,13422900,,Yahoo Finance daily,2026-07-22T16:59:02
2019-09-13,us,WMT,39.0533332824707,39.39666748046875,38.98333358764648,39.143333435058594,16915800,,Yahoo Finance daily,2026-07-22T16:59:02
2019-09-16,us,WMT,38.8466682434082,39.05666732788086,38.459999084472656,38.52333450317383,18270900,,Yahoo Finance daily,2026-07-22T16:59:02
2019-09-17,us,WMT,38.43999862670898,38.89666748046875,38.41666793823242,38.83666610717773,13813500,,Yahoo Finance daily,2026-07-22T16:59:02
2019-09-18,us,WMT,38.970001220703125,39.07666778564453,38.72666549682617,39.0533332824707,11868000,,Yahoo Finance daily,2026-07-22T16:59:02
2019-09-19,us,WMT,39.133331298828125,39.27000045776367,38.92333221435547,39.03666687011719,10141800,,Yahoo Finance daily,2026-07-22T16:59:02
2019-09-20,us,WMT,39.11666870117188,39.21333312988281,38.93333435058594,38.99333190917969,33997200,,Yahoo Finance daily,2026-07-22T16:59:02
2019-09-23,us,WMT,38.869998931884766,39.470001220703125,38.85333251953125,39.206668853759766,15487500,,Yahoo Finance daily,2026-07-22T16:59:02
2019-09-24,us,WMT,39.41666793823242,39.95333480834961,39.33666610717773,39.46666717529297,21819300,,Yahoo Finance daily,2026-07-22T16:59:02
2019-09-25,us,WMT,39.4900016784668,39.573333740234375,39.27000045776367,39.4900016784668,13840800,,Yahoo Finance daily,2026-07-22T16:59:02
2019-09-26,us,WMT,39.59999847412109,39.84999847412109,39.39666748046875,39.43333435058594,11960700,,Yahoo Finance daily,2026-07-22T16:59:02
2019-09-27,us,WMT,39.73666763305664,39.74333190917969,39.25,39.48333358764648,10304100,,Yahoo Finance daily,2026-07-22T16:59:02
2019-09-30,us,WMT,39.55666732788086,39.81333160400391,39.52000045776367,39.560001373291016,10204200,,Yahoo Finance daily,2026-07-22T16:59:02
2019-10-01,us,WMT,39.61666870117188,39.70333480834961,39.2400016784668,39.28333282470703,11187900,,Yahoo Finance daily,2026-07-22T16:59:02
2019-10-02,us,WMT,39.133331298828125,39.18333435058594,38.53666687011719,38.706668853759766,17833500,,Yahoo Finance daily,2026-07-22T16:59:02
2019-10-03,us,WMT,38.62666702270508,38.93333435058594,38.19333267211914,38.77000045776367,15619500,,Yahoo Finance daily,2026-07-22T16:59:02
2019-10-04,us,WMT,38.79999923706055,39.43333435058594,38.72999954223633,39.38666534423828,13881000,,Yahoo Finance daily,2026-07-22T16:59:02
2019-10-07,us,WMT,39.36666870117188,39.43333435058594,38.959999084472656,39.07666778564453,14085000,,Yahoo Finance daily,2026-07-22T16:59:02
2019-10-08,us,WMT,38.936668395996094,39.55666732788086,38.88666534423828,39.19333267211914,15375300,,Yahoo Finance daily,2026-07-22T16:59:02
2019-10-09,us,WMT,39.393333435058594,39.76666641235352,39.34000015258789,39.643333435058594,11710200,,Yahoo Finance daily,2026-07-22T16:59:02
2019-10-10,us,WMT,39.633331298828125,39.959999084472656,39.53333282470703,39.869998931884766,13024500,,Yahoo Finance daily,2026-07-22T16:59:02
2019-10-11,us,WMT,39.973331451416016,40.23666763305664,39.573333740234375,40.08000183105469,18383700,,Yahoo Finance daily,2026-07-22T16:59:02
2019-10-14,us,WMT,39.95000076293945,40.1533317565918,39.70000076293945,39.723331451416016,13719900,,Yahoo Finance daily,2026-07-22T16:59:02
2019-10-15,us,WMT,39.776668548583984,39.99666595458984,39.62333297729492,39.84333419799805,13550100,,Yahoo Finance daily,2026-07-22T16:59:02
2019-10-16,us,WMT,39.77000045776367,40.03666687011719,39.70000076293945,39.80666732788086,11344800,,Yahoo Finance daily,2026-07-22T16:59:02
2019-10-17,us,WMT,39.88999938964844,40.08333206176758,39.78666687011719,39.9466667175293,11732700,,Yahoo Finance daily,2026-07-22T16:59:02
2019-10-18,us,WMT,40.150001525878906,40.20000076293945,39.709999084472656,39.71333312988281,16776900,,Yahoo Finance daily,2026-07-22T16:59:02
2019-10-21,us,WMT,39.76666641235352,39.94333267211914,39.606666564941406,39.913333892822266,10230300,,Yahoo Finance daily,2026-07-22T16:59:02
2019-10-22,us,WMT,39.91666793823242,40.05666732788086,39.79666519165039,39.86000061035156,7634100,,Yahoo Finance daily,2026-07-22T16:59:02
2019-10-23,us,WMT,39.723331451416016,39.95000076293945,39.56333160400391,39.78333282470703,8520000,,Yahoo Finance daily,2026-07-22T16:59:02
2019-10-24,us,WMT,39.71666717529297,39.856666564941406,39.50333404541016,39.70000076293945,8700900,,Yahoo Finance daily,2026-07-22T16:59:02
2019-10-25,us,WMT,39.66666793823242,39.776668548583984,39.400001525878906,39.68000030517578,7692900,,Yahoo Finance daily,2026-07-22T16:59:02
2019-10-28,us,WMT,39.75,39.900001525878906,39.5099983215332,39.7400016784668,10213800,,Yahoo Finance daily,2026-07-22T16:59:02
2019-10-29,us,WMT,39.5,39.57666778564453,39.026668548583984,39.04999923706055,14373300,,Yahoo Finance daily,2026-07-22T16:59:02
2019-10-30,us,WMT,39.060001373291016,39.456668853759766,39.01666641235352,39.36666870117188,8988600,,Yahoo Finance daily,2026-07-22T16:59:02
2019-10-31,us,WMT,39.310001373291016,39.426666259765625,38.94333267211914,39.08666610717773,14643900,,Yahoo Finance daily,2026-07-22T16:59:02
2019-11-01,us,WMT,39.30666732788086,39.323333740234375,39.07666778564453,39.206668853759766,11287800,,Yahoo Finance daily,2026-07-22T16:59:02
2019-11-04,us,WMT,39.46666717529297,39.70333480834961,39.05666732788086,39.18999862670898,13938000,,Yahoo Finance daily,2026-07-22T16:59:02
2019-11-05,us,WMT,39.22666549682617,39.71333312988281,39.026668548583984,39.619998931884766,12651300,,Yahoo Finance daily,2026-07-22T16:59:02
2019-11-06,us,WMT,39.61000061035156,39.87333297729492,39.56999969482422,39.83333206176758,10843200,,Yahoo Finance daily,2026-07-22T16:59:02
2019-11-07,us,WMT,40.0,40.30666732788086,39.8466682434082,40.07666778564453,13324200,,Yahoo Finance daily,2026-07-22T16:59:02
2019-11-08,us,WMT,40.10333251953125,40.29333114624024,39.64666748046875,39.81333160400391,11498100,,Yahoo Finance daily,2026-07-22T16:59:02
2019-11-11,us,WMT,39.56666564941406,39.87666702270508,39.426666259765625,39.68000030517578,13317000,,Yahoo Finance daily,2026-07-22T16:59:02
2019-11-12,us,WMT,39.86666870117188,40.0,39.60333251953125,39.706668853759766,15189300,,Yahoo Finance daily,2026-07-22T16:59:02
2019-11-13,us,WMT,39.720001220703125,40.45333480834961,39.5533332824707,40.32666778564453,23135400,,Yahoo Finance daily,2026-07-22T16:59:02
2019-11-14,us,WMT,41.53333282470703,41.79333114624024,39.83666610717773,40.21666717529297,67512600,,Yahoo Finance daily,2026-07-22T16:59:02
2019-11-15,us,WMT,40.22666549682617,40.33333206176758,39.459999084472656,39.62333297729492,30413100,,Yahoo Finance daily,2026-07-22T16:59:02
2019-11-18,us,WMT,39.48333358764648,40.290000915527344,39.413333892822266,40.08333206176758,19644000,,Yahoo Finance daily,2026-07-22T16:59:02
2019-11-19,us,WMT,40.03666687011719,40.119998931884766,39.9033317565918,39.96333312988281,11146200,,Yahoo Finance daily,2026-07-22T16:59:02
2019-11-20,us,WMT,40.06999969482422,40.15999984741211,39.46666717529297,39.709999084472656,15227700,,Yahoo Finance daily,2026-07-22T16:59:02
2019-11-21,us,WMT,39.61000061035156,40.0,39.55666732788086,39.95333480834961,12908400,,Yahoo Finance daily,2026-07-22T16:59:02
2019-11-22,us,WMT,40.04999923706055,40.09999847412109,39.75666809082031,39.78666687011719,11529300,,Yahoo Finance daily,2026-07-22T16:59:02
2019-11-25,us,WMT,40.0,40.00666809082031,39.29999923706055,39.63999938964844,17644500,,Yahoo Finance daily,2026-07-22T16:59:02
2019-11-26,us,WMT,39.6533317565918,39.76666641235352,39.48333358764648,39.72999954223633,18877500,,Yahoo Finance daily,2026-07-22T16:59:02
2019-11-27,us,WMT,39.79666519165039,39.93333435058594,39.57666778564453,39.58666610717773,10302300,,Yahoo Finance daily,2026-07-22T16:59:02
2019-11-29,us,WMT,39.71333312988281,39.9900016784668,39.66666793823242,39.6966667175293,9471900,,Yahoo Finance daily,2026-07-22T16:59:02
2019-12-02,us,WMT,39.71666717529297,39.79333114624024,39.27999877929688,39.7599983215332,17012700,,Yahoo Finance daily,2026-07-22T16:59:02
2019-12-03,us,WMT,39.46666717529297,39.6533317565918,39.25666809082031,39.55666732788086,19784400,,Yahoo Finance daily,2026-07-22T16:59:02
2019-12-04,us,WMT,39.706668853759766,39.73333358764648,39.43333435058594,39.56333160400391,16669800,,Yahoo Finance daily,2026-07-22T16:59:02
2019-12-05,us,WMT,39.45333480834961,39.59333419799805,39.13999938964844,39.5533332824707,13058400,,Yahoo Finance daily,2026-07-22T16:59:02
2019-12-06,us,WMT,39.69333267211914,39.93333435058594,39.63999938964844,39.926666259765625,13022400,,Yahoo Finance daily,2026-07-22T16:59:02
2019-12-09,us,WMT,39.856666564941406,39.95333480834961,39.72666549682617,39.78666687011719,14448000,,Yahoo Finance daily,2026-07-22T16:59:02
2019-12-10,us,WMT,39.78333282470703,39.85333251953125,39.67333221435547,39.71333312988281,12846900,,Yahoo Finance daily,2026-07-22T16:59:02
2019-12-11,us,WMT,39.79999923706055,39.883331298828125,39.5099983215332,39.66666793823242,10519200,,Yahoo Finance daily,2026-07-22T16:59:02
2019-12-12,us,WMT,39.66666793823242,40.03666687011719,39.560001373291016,39.91999816894531,12447000,,Yahoo Finance daily,2026-07-22T16:59:02
2019-12-13,us,WMT,39.720001220703125,40.21666717529297,39.67333221435547,40.0966682434082,16098900,,Yahoo Finance daily,2026-07-22T16:59:02
2019-12-16,us,WMT,40.13999938964844,40.45000076293945,40.13999938964844,40.18000030517578,16052100,,Yahoo Finance daily,2026-07-22T16:59:02
2019-12-17,us,WMT,40.31666564941406,40.56666564941406,40.23333358764648,40.426666259765625,13727400,,Yahoo Finance daily,2026-07-22T16:59:02
2019-12-18,us,WMT,40.50333404541016,40.560001373291016,39.9466667175293,39.95333480834961,15309000,,Yahoo Finance daily,2026-07-22T16:59:02
2019-12-19,us,WMT,39.97999954223633,40.16999816894531,39.926666259765625,40.026668548583984,13392300,,Yahoo Finance daily,2026-07-22T16:59:02
2019-12-20,us,WMT,40.49333190917969,40.706668853759766,40.00666809082031,40.0966682434082,23863200,,Yahoo Finance daily,2026-07-22T16:59:02
2019-12-23,us,WMT,40.06666564941406,40.22999954223633,39.66999816894531,39.676666259765625,13457400,,Yahoo Finance daily,2026-07-22T16:59:02
2019-12-24,us,WMT,39.709999084472656,39.86666870117188,39.66999816894531,39.83666610717773,6682200,,Yahoo Finance daily,2026-07-22T16:59:02
2019-12-26,us,WMT,39.869998931884766,39.95000076293945,39.650001525878906,39.84000015258789,12671400,,Yahoo Finance daily,2026-07-22T16:59:02
2019-12-27,us,WMT,39.97999954223633,39.97999954223633,39.75,39.86333465576172,10632000,,Yahoo Finance daily,2026-07-22T16:59:02
2019-12-30,us,WMT,39.93333435058594,39.936668395996094,39.709999084472656,39.79999923706055,8837400,,Yahoo Finance daily,2026-07-22T16:59:02
2019-12-31,us,WMT,39.83333206176758,39.93333435058594,39.39666748046875,39.61333465576172,14736000,,Yahoo Finance daily,2026-07-22T16:59:02
2020-01-02,us,WMT,39.619998931884766,39.96333312988281,39.56666564941406,39.64666748046875,20294700,,Yahoo Finance daily,2026-07-22T16:59:02
2020-01-03,us,WMT,39.42333221435547,39.5966682434082,39.1966667175293,39.29666519165039,16197600,,Yahoo Finance daily,2026-07-22T16:59:02
2020-01-06,us,WMT,39.133331298828125,39.36333465576172,38.92333221435547,39.21666717529297,19336500,,Yahoo Finance daily,2026-07-22T16:59:02
2020-01-07,us,WMT,39.08666610717773,39.17333221435547,38.73333358764648,38.85333251953125,20540700,,Yahoo Finance daily,2026-07-22T16:59:02
2020-01-08,us,WMT,38.76666641235352,38.90999984741211,38.560001373291016,38.720001220703125,17627400,,Yahoo Finance daily,2026-07-22T16:59:02
2020-01-09,us,WMT,38.71666717529297,39.12333297729492,38.69333267211914,39.119998931884766,16691100,,Yahoo Finance daily,2026-07-22T16:59:02
2020-01-10,us,WMT,39.08000183105469,39.11333465576172,38.65999984741211,38.79333114624024,18164400,,Yahoo Finance daily,2026-07-22T16:59:02
2020-01-13,us,WMT,38.79333114624024,38.84999847412109,38.456668853759766,38.62666702270508,18337800,,Yahoo Finance daily,2026-07-22T16:59:02
2020-01-14,us,WMT,38.4900016784668,38.73666763305664,38.37666702270508,38.72666549682617,19757400,,Yahoo Finance daily,2026-07-22T16:59:02
2020-01-15,us,WMT,38.209999084472656,38.62333297729492,38.17333221435547,38.426666259765625,22362600,,Yahoo Finance daily,2026-07-22T16:59:02
2020-01-16,us,WMT,38.5,38.643333435058594,38.426666259765625,38.633331298828125,16108200,,Yahoo Finance daily,2026-07-22T16:59:02
2020-01-17,us,WMT,38.68333435058594,38.76666641235352,38.21333312988281,38.31999969482422,30135000,,Yahoo Finance daily,2026-07-22T16:59:02
2020-01-21,us,WMT,38.1966667175293,38.56333160400391,38.17333221435547,38.52999877929688,22061100,,Yahoo Finance daily,2026-07-22T16:59:02
2020-01-22,us,WMT,38.40666580200195,38.84333419799805,38.393333435058594,38.70000076293945,14778300,,Yahoo Finance daily,2026-07-22T16:59:02
2020-01-23,us,WMT,38.73666763305664,38.77000045776367,38.3466682434082,38.60333251953125,12915300,,Yahoo Finance daily,2026-07-22T16:59:02
2020-01-24,us,WMT,38.66666793823242,38.676666259765625,38.04999923706055,38.12333297729492,13150200,,Yahoo Finance daily,2026-07-22T16:59:02
2020-01-27,us,WMT,37.72999954223633,38.74333190917969,37.560001373291016,38.619998931884766,21055200,,Yahoo Finance daily,2026-07-22T16:59:02
2020-01-28,us,WMT,38.65999984741211,38.96666717529297,38.650001525878906,38.86666870117188,15810600,,Yahoo Finance daily,2026-07-22T16:59:02
2020-01-29,us,WMT,38.85333251953125,39.040000915527344,38.630001068115234,38.630001068115234,11326500,,Yahoo Finance daily,2026-07-22T16:59:02
2020-01-30,us,WMT,38.53666687011719,38.90666580200195,38.44333267211914,38.86000061035156,13744500,,Yahoo Finance daily,2026-07-22T16:59:02
2020-01-31,us,WMT,38.59999847412109,38.75333404541016,37.96666717529297,38.163333892822266,23327400,,Yahoo Finance daily,2026-07-22T16:59:02
2020-02-03,us,WMT,38.29999923706055,38.46333312988281,38.03333282470703,38.09000015258789,13041300,,Yahoo Finance daily,2026-07-22T16:59:02
2020-02-04,us,WMT,38.413333892822266,38.74666595458984,38.29666519165039,38.42333221435547,15696600,,Yahoo Finance daily,2026-07-22T16:59:02
2020-02-05,us,WMT,38.53333282470703,38.98333358764648,38.28333282470703,38.936668395996094,17048700,,Yahoo Finance daily,2026-07-22T16:59:02
2020-02-06,us,WMT,38.94333267211914,39.07666778564453,38.686668395996094,38.77000045776367,16058700,,Yahoo Finance daily,2026-07-22T16:59:02
2020-02-07,us,WMT,38.70333480834961,38.91999816894531,38.58666610717773,38.81666564941406,11068800,,Yahoo Finance daily,2026-07-22T16:59:02
2020-02-10,us,WMT,38.58333206176758,38.99333190917969,38.34999847412109,38.41666793823242,18434700,,Yahoo Finance daily,2026-07-22T16:59:02
2020-02-11,us,WMT,38.47666549682617,38.5,38.14666748046875,38.46666717529297,17390400,,Yahoo Finance daily,2026-07-22T16:59:02
2020-02-12,us,WMT,38.5,38.80666732788086,38.470001220703125,38.61666870117188,14206800,,Yahoo Finance daily,2026-07-22T16:59:02
2020-02-13,us,WMT,38.61666870117188,39.18000030517578,38.526668548583984,39.14666748046875,15999600,,Yahoo Finance daily,2026-07-22T16:59:02
2020-02-14,us,WMT,39.223331451416016,39.52333450317383,39.0533332824707,39.29666519165039,24391800,,Yahoo Finance daily,2026-07-22T16:59:02
2020-02-18,us,WMT,39.4900016784668,39.98333358764648,39.119998931884766,39.87666702270508,34539600,,Yahoo Finance daily,2026-07-22T16:59:02
2020-02-19,us,WMT,39.83333206176758,39.97999954223633,39.22666549682617,39.22666549682617,21563400,,Yahoo Finance daily,2026-07-22T16:59:02
2020-02-20,us,WMT,39.06999969482422,39.369998931884766,38.95333480834961,39.22999954223633,15068700,,Yahoo Finance daily,2026-07-22T16:59:02
2020-02-21,us,WMT,39.14666748046875,39.58333206176758,39.10333251953125,39.526668548583984,18726300,,Yahoo Finance daily,2026-07-22T16:59:02
2020-02-24,us,WMT,39.1533317565918,39.48666763305664,38.650001525878906,38.77333450317383,19848000,,Yahoo Finance daily,2026-07-22T16:59:02
2020-02-25,us,WMT,38.78333282470703,39.02333450317383,38.01666641235352,38.130001068115234,23292900,,Yahoo Finance daily,2026-07-22T16:59:02
2020-02-26,us,WMT,38.23333358764648,38.38999938964844,37.883331298828125,37.926666259765625,20019900,,Yahoo Finance daily,2026-07-22T16:59:02
2020-02-27,us,WMT,37.52000045776367,38.02333450317383,36.78333282470703,36.79999923706055,28476900,,Yahoo Finance daily,2026-07-22T16:59:02
2020-02-28,us,WMT,35.89666748046875,36.17333221435547,34.790000915527344,35.893333435058594,52369200,,Yahoo Finance daily,2026-07-22T16:59:02
2020-03-02,us,WMT,35.866668701171875,38.79999923706055,35.76333236694336,38.62666702270508,51222600,,Yahoo Finance daily,2026-07-22T16:59:02
2020-03-03,us,WMT,38.69333267211914,39.176666259765625,37.4466667175293,37.63666534423828,33340800,,Yahoo Finance daily,2026-07-22T16:59:02
2020-03-04,us,WMT,38.08000183105469,38.9466667175293,37.823333740234375,38.92333221435547,24625200,,Yahoo Finance daily,2026-07-22T16:59:02
2020-03-05,us,WMT,38.133331298828125,39.08333206176758,37.970001220703125,38.63999938964844,25638300,,Yahoo Finance daily,2026-07-22T16:59:02
2020-03-06,us,WMT,37.956668853759766,39.3033332824707,37.66999816894531,39.07666778564453,29411100,,Yahoo Finance daily,2026-07-22T16:59:02
2020-03-09,us,WMT,37.93999862670898,40.209999084472656,37.57666778564453,39.0533332824707,59243400,,Yahoo Finance daily,2026-07-22T16:59:02
2020-03-10,us,WMT,39.36666870117188,40.22666549682617,38.30666732788086,39.93000030517578,37797300,,Yahoo Finance daily,2026-07-22T16:59:02
2020-03-11,us,WMT,39.16999816894531,39.676666259765625,37.59999847412109,38.143333435058594,31620000,,Yahoo Finance daily,2026-07-22T16:59:02
2020-03-12,us,WMT,35.34000015258789,37.163333892822266,34.32666778564453,34.68333435058594,56323200,,Yahoo Finance daily,2026-07-22T16:59:02
2020-03-13,us,WMT,36.08000183105469,38.1966667175293,34.62666702270508,38.03333282470703,42962100,,Yahoo Finance daily,2026-07-22T16:59:02
2020-03-16,us,WMT,35.06666564941406,37.11000061035156,34.0,35.586666107177734,36753900,,Yahoo Finance daily,2026-07-22T16:59:02
2020-03-17,us,WMT,37.59000015258789,39.75666809082031,36.81999969482422,39.75333404541016,52806000,,Yahoo Finance daily,2026-07-22T16:59:02
2020-03-18,us,WMT,38.33333206176758,42.69333267211914,38.16666793823242,40.86000061035156,77355900,,Yahoo Finance daily,2026-07-22T16:59:02
2020-03-19,us,WMT,41.48666763305664,42.33333206176758,39.209999084472656,39.81666564941406,57100500,,Yahoo Finance daily,2026-07-22T16:59:02
2020-03-20,us,WMT,39.83333206176758,40.93000030517578,37.29666519165039,37.9900016784668,55423500,,Yahoo Finance daily,2026-07-22T16:59:02
2020-03-23,us,WMT,38.05666732788086,39.18000030517578,37.4033317565918,38.09333419799805,39366000,,Yahoo Finance daily,2026-07-22T16:59:02
2020-03-24,us,WMT,38.62333297729492,39.12333297729492,37.10333251953125,38.34333419799805,42705000,,Yahoo Finance daily,2026-07-22T16:59:02
2020-03-25,us,WMT,37.65666580200195,38.0,36.01666641235352,36.46666717529297,53287500,,Yahoo Finance daily,2026-07-22T16:59:02
2020-03-26,us,WMT,36.46666717529297,36.956668853759766,35.616668701171875,36.606666564941406,58250700,,Yahoo Finance daily,2026-07-22T16:59:02
2020-03-27,us,WMT,36.70333480834961,37.426666259765625,36.20000076293945,36.526668548583984,36160500,,Yahoo Finance daily,2026-07-22T16:59:02
2020-03-30,us,WMT,37.28666687011719,38.59999847412109,36.97999954223633,38.39666748046875,29212500,,Yahoo Finance daily,2026-07-22T16:59:02
2020-03-31,us,WMT,38.10333251953125,38.72999954223633,37.54666519165039,37.87333297729492,26258400,,Yahoo Finance daily,2026-07-22T16:59:02
2020-04-01,us,WMT,37.383331298828125,38.5099983215332,37.26666641235352,38.04666519165039,28269600,,Yahoo Finance daily,2026-07-22T16:59:02
2020-04-02,us,WMT,37.72666549682617,39.70333480834961,37.4466667175293,39.54999923706055,29515500,,Yahoo Finance daily,2026-07-22T16:59:02
2020-04-03,us,WMT,39.06999969482422,39.970001220703125,39.0099983215332,39.82666778564453,28625100,,Yahoo Finance daily,2026-07-22T16:59:02
2020-04-06,us,WMT,39.686668395996094,42.130001068115234,39.64666748046875,42.02333450317383,47768700,,Yahoo Finance daily,2026-07-22T16:59:02
2020-04-07,us,WMT,41.32666778564453,42.163333892822266,40.54666519165039,40.663333892822266,41369700,,Yahoo Finance daily,2026-07-22T16:59:02
2020-04-08,us,WMT,41.22999954223633,41.27000045776367,40.1966667175293,40.61333465576172,27876600,,Yahoo Finance daily,2026-07-22T16:59:02
2020-04-09,us,WMT,39.40666580200195,40.956668853759766,39.220001220703125,40.59999847412109,32828700,,Yahoo Finance daily,2026-07-22T16:59:02
2020-04-13,us,WMT,40.42333221435547,41.88999938964844,40.38999938964844,41.76666641235352,24194100,,Yahoo Finance daily,2026-07-22T16:59:02
2020-04-14,us,WMT,42.36666870117188,43.26333236694336,42.01333236694336,43.0,34098900,,Yahoo Finance daily,2026-07-22T16:59:02
2020-04-15,us,WMT,43.0,43.29333114624024,42.37333297729492,42.91999816894531,22435200,,Yahoo Finance daily,2026-07-22T16:59:02
2020-04-16,us,WMT,43.0,44.30666732788086,42.75,44.11000061035156,31882200,,Yahoo Finance daily,2026-07-22T16:59:02
2020-04-17,us,WMT,43.82666778564453,44.323333740234375,43.24333190917969,44.040000915527344,30915300,,Yahoo Finance daily,2026-07-22T16:59:02
2020-04-20,us,WMT,44.130001068115234,44.459999084472656,43.25333404541016,43.28333282470703,24401700,,Yahoo Finance daily,2026-07-22T16:59:02
2020-04-21,us,WMT,43.356666564941406,43.676666259765625,42.720001220703125,43.06999969482422,27900600,,Yahoo Finance daily,2026-07-22T16:59:02
2020-04-22,us,WMT,43.33333206176758,44.12666702270508,42.96666717529297,43.86333465576172,19448100,,Yahoo Finance daily,2026-07-22T16:59:02
2020-04-23,us,WMT,43.28333282470703,43.6966667175293,42.57666778564453,42.84333419799805,28839900,,Yahoo Finance daily,2026-07-22T16:59:02
2020-04-24,us,WMT,43.11666870117188,43.29666519165039,42.85333251953125,43.14666748046875,17343600,,Yahoo Finance daily,2026-07-22T16:59:02
2020-04-27,us,WMT,43.33333206176758,43.436668395996094,42.723331451416016,42.76666641235352,17923800,,Yahoo Finance daily,2026-07-22T16:59:02
2020-04-28,us,WMT,42.7599983215332,43.413333892822266,42.56666564941406,42.66666793823242,20732100,,Yahoo Finance daily,2026-07-22T16:59:02
2020-04-29,us,WMT,41.856666564941406,41.91999816894531,40.84999847412109,41.20000076293945,44612100,,Yahoo Finance daily,2026-07-22T16:59:02
2020-04-30,us,WMT,41.026668548583984,41.14666748046875,40.3466682434082,40.51666641235352,40497900,,Yahoo Finance daily,2026-07-22T16:59:02
2020-05-01,us,WMT,40.49333190917969,41.22999954223633,40.2599983215332,40.973331451416016,31143900,,Yahoo Finance daily,2026-07-22T16:59:02
2020-05-04,us,WMT,41.27999877929688,41.46666717529297,40.56999969482422,41.23333358764648,17807700,,Yahoo Finance daily,2026-07-22T16:59:02
2020-05-05,us,WMT,41.26666641235352,41.75333404541016,41.08666610717773,41.57666778564453,19337400,,Yahoo Finance daily,2026-07-22T16:59:02
2020-05-06,us,WMT,41.73666763305664,41.83000183105469,40.95000076293945,41.09999847412109,17309100,,Yahoo Finance daily,2026-07-22T16:59:02
2020-05-07,us,WMT,41.1533317565918,41.32666778564453,40.5,40.630001068115234,27345600,,Yahoo Finance daily,2026-07-22T16:59:02
2020-05-08,us,WMT,40.91666793823242,41.00333404541016,40.540000915527344,40.97999954223633,20830800,,Yahoo Finance daily,2026-07-22T16:59:02
2020-05-11,us,WMT,41.01333236694336,41.436668395996094,41.00333404541016,41.223331451416016,25341900,,Yahoo Finance daily,2026-07-22T16:59:02
2020-05-12,us,WMT,41.49333190917969,41.88666534423828,41.2599983215332,41.2599983215332,19100100,,Yahoo Finance daily,2026-07-22T16:59:02
2020-05-13,us,WMT,41.16666793823242,42.08000183105469,41.02999877929688,41.23666763305664,29175300,,Yahoo Finance daily,2026-07-22T16:59:02
2020-05-14,us,WMT,41.61666870117188,41.709999084472656,40.43333435058594,41.13999938964844,22233000,,Yahoo Finance daily,2026-07-22T16:59:02
2020-05-15,us,WMT,41.15666580200195,41.97999954223633,41.02999877929688,41.97999954223633,31770000,,Yahoo Finance daily,2026-07-22T16:59:02
2020-05-18,us,WMT,42.5,42.85333251953125,42.03333282470703,42.5533332824707,38633700,,Yahoo Finance daily,2026-07-22T16:59:02
2020-05-19,us,WMT,43.91666793823242,43.99666595458984,41.60333251953125,41.650001525878906,74746200,,Yahoo Finance daily,2026-07-22T16:59:02
2020-05-20,us,WMT,42.163333892822266,42.1966667175293,41.54333114624024,41.81666564941406,32246400,,Yahoo Finance daily,2026-07-22T16:59:02
2020-05-21,us,WMT,41.630001068115234,42.04666519165039,41.41666793823242,41.663333892822266,22448100,,Yahoo Finance daily,2026-07-22T16:59:02
2020-05-22,us,WMT,41.70000076293945,41.78333282470703,41.25666809082031,41.44333267211914,22359600,,Yahoo Finance daily,2026-07-22T16:59:02
2020-05-26,us,WMT,41.4466667175293,41.83666610717773,41.209999084472656,41.28666687011719,23730600,,Yahoo Finance daily,2026-07-22T16:59:02
2020-05-27,us,WMT,41.323333740234375,41.49666595458984,40.34333419799805,40.82666778564453,31073700,,Yahoo Finance daily,2026-07-22T16:59:02
2020-05-28,us,WMT,41.2400016784668,41.650001525878906,41.0533332824707,41.22999954223633,24424800,,Yahoo Finance daily,2026-07-22T16:59:02
2020-05-29,us,WMT,41.413333892822266,41.56999969482422,40.643333435058594,41.35333251953125,29311200,,Yahoo Finance daily,2026-07-22T16:59:02
2020-06-01,us,WMT,41.14666748046875,41.470001220703125,40.78666687011719,41.31999969482422,20550300,,Yahoo Finance daily,2026-07-22T16:59:02
2020-06-02,us,WMT,41.1966667175293,41.383331298828125,40.936668395996094,41.31333160400391,19187700,,Yahoo Finance daily,2026-07-22T16:59:02
2020-06-03,us,WMT,41.29999923706055,41.33000183105469,40.88666534423828,41.15666580200195,20262900,,Yahoo Finance daily,2026-07-22T16:59:02
2020-06-04,us,WMT,40.93333435058594,41.29666519165039,40.606666564941406,40.70333480834961,24015000,,Yahoo Finance daily,2026-07-22T16:59:02
2020-06-05,us,WMT,40.856666564941406,40.893333435058594,39.970001220703125,40.52000045776367,39337200,,Yahoo Finance daily,2026-07-22T16:59:02
2020-06-08,us,WMT,39.86000061035156,40.413333892822266,39.81999969482422,40.413333892822266,28344300,,Yahoo Finance daily,2026-07-22T16:59:02
2020-06-09,us,WMT,40.53333282470703,40.66666793823242,40.186668395996094,40.45000076293945,20746200,,Yahoo Finance daily,2026-07-22T16:59:02
2020-06-10,us,WMT,40.52000045776367,40.83333206176758,40.37666702270508,40.38666534423828,28141500,,Yahoo Finance daily,2026-07-22T16:59:02
2020-06-11,us,WMT,40.33000183105469,40.86000061035156,39.82666778564453,40.02999877929688,34162800,,Yahoo Finance daily,2026-07-22T16:59:02
2020-06-12,us,WMT,40.16999816894531,40.25,39.02000045776367,39.24666595458984,32359200,,Yahoo Finance daily,2026-07-22T16:59:02
2020-06-15,us,WMT,39.46666717529297,39.560001373291016,39.00333404541016,39.36000061035156,32703300,,Yahoo Finance daily,2026-07-22T16:59:02
2020-06-16,us,WMT,39.93333435058594,40.07666778564453,39.51333236694336,39.883331298828125,25167600,,Yahoo Finance daily,2026-07-22T16:59:02
2020-06-17,us,WMT,39.95333480834961,40.04333114624024,39.46666717529297,39.676666259765625,20166900,,Yahoo Finance daily,2026-07-22T16:59:02
2020-06-18,us,WMT,39.51333236694336,39.686668395996094,39.220001220703125,39.33000183105469,20070000,,Yahoo Finance daily,2026-07-22T16:59:02
2020-06-19,us,WMT,39.630001068115234,40.09999847412109,39.25,39.95000076293945,40078800,,Yahoo Finance daily,2026-07-22T16:59:02
2020-06-22,us,WMT,40.323333740234375,40.6966667175293,40.133331298828125,40.560001373291016,27338400,,Yahoo Finance daily,2026-07-22T16:59:02
2020-06-23,us,WMT,40.91666793823242,40.95000076293945,40.31999969482422,40.356666564941406,19727700,,Yahoo Finance daily,2026-07-22T16:59:02
2020-06-24,us,WMT,40.24666595458984,40.37333297729492,39.86000061035156,40.09999847412109,20614800,,Yahoo Finance daily,2026-07-22T16:59:02
2020-06-25,us,WMT,39.91999816894531,40.0533332824707,39.459999084472656,39.9033317565918,20569800,,Yahoo Finance daily,2026-07-22T16:59:02
2020-06-26,us,WMT,39.86666870117188,40.27999877929688,39.34000015258789,39.43999862670898,26991600,,Yahoo Finance daily,2026-07-22T16:59:02
2020-06-29,us,WMT,39.5,39.893333435058594,39.40666580200195,39.686668395996094,16511400,,Yahoo Finance daily,2026-07-22T16:59:02
2020-06-30,us,WMT,39.7400016784668,40.04333114624024,39.51333236694336,39.926666259765625,20509200,,Yahoo Finance daily,2026-07-22T16:59:02
2020-07-01,us,WMT,39.81666564941406,39.973331451416016,39.5533332824707,39.89666748046875,19733700,,Yahoo Finance daily,2026-07-22T16:59:02
2020-07-02,us,WMT,40.02999877929688,40.29333114624024,39.619998931884766,39.73666763305664,17695800,,Yahoo Finance daily,2026-07-22T16:59:02
2020-07-06,us,WMT,39.93333435058594,39.956668853759766,39.40666580200195,39.630001068115234,21695100,,Yahoo Finance daily,2026-07-22T16:59:02
2020-07-07,us,WMT,39.48333358764648,42.51666641235352,39.40666580200195,42.31666564941406,93458100,,Yahoo Finance daily,2026-07-22T16:59:02
2020-07-08,us,WMT,42.66666793823242,42.709999084472656,41.46666717529297,41.47999954223633,52217100,,Yahoo Finance daily,2026-07-22T16:59:02
2020-07-09,us,WMT,41.869998931884766,42.72666549682617,41.650001525878906,42.58333206176758,42771600,,Yahoo Finance daily,2026-07-22T16:59:02
2020-07-10,us,WMT,42.913333892822266,43.790000915527344,42.41999816894531,43.560001373291016,44236800,,Yahoo Finance daily,2026-07-22T16:59:02
2020-07-13,us,WMT,43.776668548583984,44.54333114624024,42.96333312988281,43.17333221435547,42338400,,Yahoo Finance daily,2026-07-22T16:59:02
2020-07-14,us,WMT,43.09333419799805,44.16666793823242,43.0099983215332,44.00333404541016,26455800,,Yahoo Finance daily,2026-07-22T16:59:02
2020-07-15,us,WMT,44.09000015258789,44.709999084472656,43.59999847412109,44.0,31731300,,Yahoo Finance daily,2026-07-22T16:59:02
2020-07-16,us,WMT,44.01666641235352,44.24333190917969,43.74666595458984,44.06666564941406,17676600,,Yahoo Finance daily,2026-07-22T16:59:02
2020-07-17,us,WMT,44.456668853759766,44.456668853759766,43.823333740234375,43.913333892822266,18189600,,Yahoo Finance daily,2026-07-22T16:59:02
2020-07-20,us,WMT,43.98666763305664,44.24666595458984,43.71333312988281,43.823333740234375,18342600,,Yahoo Finance daily,2026-07-22T16:59:02
2020-07-21,us,WMT,43.85333251953125,44.663333892822266,43.81666564941406,44.11000061035156,21712500,,Yahoo Finance daily,2026-07-22T16:59:02
2020-07-22,us,WMT,44.18999862670898,44.34333419799805,43.72999954223633,44.220001220703125,16164600,,Yahoo Finance daily,2026-07-22T16:59:02
2020-07-23,us,WMT,44.33333206176758,44.383331298828125,43.77000045776367,43.880001068115234,16796400,,Yahoo Finance daily,2026-07-22T16:59:02
2020-07-24,us,WMT,43.650001525878906,44.133331298828125,43.50333404541016,43.74666595458984,13037400,,Yahoo Finance daily,2026-07-22T16:59:02
2020-07-27,us,WMT,43.619998931884766,43.99333190917969,43.619998931884766,43.73666763305664,14045700,,Yahoo Finance daily,2026-07-22T16:59:02
2020-07-28,us,WMT,43.83333206176758,44.12666702270508,43.63999938964844,43.91999816894531,14414100,,Yahoo Finance daily,2026-07-22T16:59:02
2020-07-29,us,WMT,43.85333251953125,43.95333480834961,43.28333282470703,43.56333160400391,14223300,,Yahoo Finance daily,2026-07-22T16:59:02
2020-07-30,us,WMT,43.13999938964844,43.473331451416016,42.90666580200195,43.37333297729492,13788300,,Yahoo Finance daily,2026-07-22T16:59:02
2020-07-31,us,WMT,43.21666717529297,43.36333465576172,42.540000915527344,43.133331298828125,21631500,,Yahoo Finance daily,2026-07-22T16:59:02
2020-08-03,us,WMT,43.3033332824707,43.37333297729492,42.75666809082031,43.09999847412109,14971500,,Yahoo Finance daily,2026-07-22T16:59:02
2020-08-04,us,WMT,43.21666717529297,43.9033317565918,42.97999954223633,43.880001068115234,18219600,,Yahoo Finance daily,2026-07-22T16:59:02
2020-08-05,us,WMT,43.48333358764648,43.58333206176758,42.94333267211914,43.27000045776367,25483500,,Yahoo Finance daily,2026-07-22T16:59:02
2020-08-06,us,WMT,43.04333114624024,43.40999984741211,43.0099983215332,43.11666870117188,14496300,,Yahoo Finance daily,2026-07-22T16:59:02
2020-08-07,us,WMT,43.19333267211914,43.48666763305664,43.03666687011719,43.323333740234375,16558500,,Yahoo Finance daily,2026-07-22T16:59:02
2020-08-10,us,WMT,43.413333892822266,44.11333465576172,43.21666717529297,43.959999084472656,17683200,,Yahoo Finance daily,2026-07-22T16:59:02
2020-08-11,us,WMT,44.1966667175293,44.290000915527344,43.24333190917969,43.400001525878906,25360200,,Yahoo Finance daily,2026-07-22T16:59:02
2020-08-12,us,WMT,43.4900016784668,44.07666778564453,43.026668548583984,43.96333312988281,19094400,,Yahoo Finance daily,2026-07-22T16:59:02
2020-08-13,us,WMT,43.73666763305664,43.98666763305664,43.57666778564453,43.95000076293945,19867200,,Yahoo Finance daily,2026-07-22T16:59:02
2020-08-14,us,WMT,44.11333465576172,44.323333740234375,43.87666702270508,44.20000076293945,20106300,,Yahoo Finance daily,2026-07-22T16:59:02
2020-08-17,us,WMT,44.78333282470703,45.37666702270508,44.61666870117188,45.20000076293945,39465000,,Yahoo Finance daily,2026-07-22T16:59:02
2020-08-18,us,WMT,45.38999938964844,45.87666702270508,44.38999938964844,44.9033317565918,80232600,,Yahoo Finance daily,2026-07-22T16:59:02
2020-08-19,us,WMT,44.73666763305664,44.88666534423828,43.95000076293945,44.13666534423828,38155200,,Yahoo Finance daily,2026-07-22T16:59:02
2020-08-20,us,WMT,43.73666763305664,44.02333450317383,43.34999847412109,43.52333450317383,26810700,,Yahoo Finance daily,2026-07-22T16:59:02
2020-08-21,us,WMT,43.51666641235352,44.223331451416016,43.36666870117188,43.87666702270508,24864000,,Yahoo Finance daily,2026-07-22T16:59:02
2020-08-24,us,WMT,44.08333206176758,44.15999984741211,43.44333267211914,43.776668548583984,19813800,,Yahoo Finance daily,2026-07-22T16:59:02
2020-08-25,us,WMT,43.59999847412109,43.74666595458984,43.223331451416016,43.54333114624024,21722400,,Yahoo Finance daily,2026-07-22T16:59:02
2020-08-26,us,WMT,43.4033317565918,43.62666702270508,43.23333358764648,43.56666564941406,18814800,,Yahoo Finance daily,2026-07-22T16:59:02
2020-08-27,us,WMT,43.69333267211914,46.45000076293945,43.633331298828125,45.54333114624024,119018700,,Yahoo Finance daily,2026-07-22T16:59:02
2020-08-28,us,WMT,47.0,47.02333450317383,45.9466667175293,46.76666641235352,64050900,,Yahoo Finance daily,2026-07-22T16:59:02
2020-08-31,us,WMT,45.82666778564453,46.29666519165039,45.176666259765625,46.28333282470703,45236400,,Yahoo Finance daily,2026-07-22T16:59:02
2020-09-01,us,WMT,47.06666564941406,49.86333465576172,46.68333435058594,49.1966667175293,106798200,,Yahoo Finance daily,2026-07-22T16:59:02
2020-09-02,us,WMT,50.41666793823242,50.44333267211914,48.53666687011719,49.22666549682617,51666000,,Yahoo Finance daily,2026-07-22T16:59:02
2020-09-03,us,WMT,48.900001525878906,49.86666870117188,47.27000045776367,48.18000030517578,48015000,,Yahoo Finance daily,2026-07-22T16:59:02
2020-09-04,us,WMT,48.00666809082031,48.3466682434082,46.70000076293945,47.61000061035156,33982200,,Yahoo Finance daily,2026-07-22T16:59:02
2020-09-08,us,WMT,47.13666534423828,47.29999923706055,46.08666610717773,46.150001525878906,33966900,,Yahoo Finance daily,2026-07-22T16:59:02
2020-09-09,us,WMT,46.6966667175293,47.53666687011719,46.48333358764648,46.630001068115234,33669000,,Yahoo Finance daily,2026-07-22T16:59:02
2020-09-10,us,WMT,46.686668395996094,46.8466682434082,45.52999877929688,45.60333251953125,33709200,,Yahoo Finance daily,2026-07-22T16:59:02
2020-09-11,us,WMT,45.68333435058594,46.14666748046875,45.18333435058594,45.56666564941406,28879800,,Yahoo Finance daily,2026-07-22T16:59:02
2020-09-14,us,WMT,45.380001068115234,47.03333282470703,45.29333114624024,45.77333450317383,45733800,,Yahoo Finance daily,2026-07-22T16:59:02
2020-09-15,us,WMT,46.07666778564453,46.36000061035156,45.560001373291016,45.78666687011719,30427800,,Yahoo Finance daily,2026-07-22T16:59:02
2020-09-16,us,WMT,46.13666534423828,46.22666549682617,45.34999847412109,45.41999816894531,27860400,,Yahoo Finance daily,2026-07-22T16:59:02
2020-09-17,us,WMT,45.143333435058594,45.856666564941406,45.00666809082031,45.56333160400391,37245000,,Yahoo Finance daily,2026-07-22T16:59:02
2020-09-18,us,WMT,45.47999954223633,45.84333419799805,44.91666793823242,45.0966682434082,54709200,,Yahoo Finance daily,2026-07-22T16:59:02
2020-09-21,us,WMT,45.5,45.74666595458984,45.0966682434082,45.68999862670898,47275500,,Yahoo Finance daily,2026-07-22T16:59:02
2020-09-22,us,WMT,45.68999862670898,46.33000183105469,45.52333450317383,46.10333251953125,33102000,,Yahoo Finance daily,2026-07-22T16:59:02
2020-09-23,us,WMT,46.33333206176758,46.413333892822266,45.27333450317383,45.33000183105469,23133300,,Yahoo Finance daily,2026-07-22T16:59:02
2020-09-24,us,WMT,45.24333190917969,45.93000030517578,45.02333450317383,45.56666564941406,29453100,,Yahoo Finance daily,2026-07-22T16:59:02
2020-09-25,us,WMT,45.50666809082031,45.8466682434082,45.31999969482422,45.75666809082031,22618800,,Yahoo Finance daily,2026-07-22T16:59:02
2020-09-28,us,WMT,45.720001220703125,46.01666641235352,45.573333740234375,45.75,21197100,,Yahoo Finance daily,2026-07-22T16:59:02
2020-09-29,us,WMT,45.75,46.04666519165039,45.46333312988281,45.71333312988281,27702900,,Yahoo Finance daily,2026-07-22T16:59:02
2020-09-30,us,WMT,45.79666519165039,47.24666595458984,45.73333358764648,46.63666534423828,34826400,,Yahoo Finance daily,2026-07-22T16:59:02
2020-10-01,us,WMT,46.93333435058594,48.12666702270508,46.75333404541016,47.69333267211914,43290900,,Yahoo Finance daily,2026-07-22T16:59:02
2020-10-02,us,WMT,47.4466667175293,47.70000076293945,46.709999084472656,46.83333206176758,24585000,,Yahoo Finance daily,2026-07-22T16:59:02
2020-10-05,us,WMT,47.0966682434082,47.39666748046875,47.02333450317383,47.26666641235352,14259000,,Yahoo Finance daily,2026-07-22T16:59:02
2020-10-06,us,WMT,47.290000915527344,47.64666748046875,46.75,46.87666702270508,21475500,,Yahoo Finance daily,2026-07-22T16:59:02
2020-10-07,us,WMT,47.08666610717773,47.18333435058594,46.75,46.96333312988281,16949100,,Yahoo Finance daily,2026-07-22T16:59:02
2020-10-08,us,WMT,47.16999816894531,47.36333465576172,47.040000915527344,47.119998931884766,14676900,,Yahoo Finance daily,2026-07-22T16:59:02
2020-10-09,us,WMT,47.220001220703125,47.77999877929688,47.186668395996094,47.59333419799805,14494800,,Yahoo Finance daily,2026-07-22T16:59:02
2020-10-12,us,WMT,47.67333221435547,48.46333312988281,47.67333221435547,48.08333206176758,18402300,,Yahoo Finance daily,2026-07-22T16:59:02
2020-10-13,us,WMT,48.22666549682617,48.86666870117188,48.119998931884766,48.74333190917969,23800200,,Yahoo Finance daily,2026-07-22T16:59:02
2020-10-14,us,WMT,48.79999923706055,48.84333419799805,47.91999816894531,47.97999954223633,19710900,,Yahoo Finance daily,2026-07-22T16:59:02
2020-10-15,us,WMT,47.6966667175293,48.31999969482422,47.61333465576172,48.176666259765625,13692600,,Yahoo Finance daily,2026-07-22T16:59:02
2020-10-16,us,WMT,48.46666717529297,48.71666717529297,48.15666580200195,48.23666763305664,16935000,,Yahoo Finance daily,2026-07-22T16:59:02
2020-10-19,us,WMT,48.36666870117188,48.456668853759766,47.58333206176758,47.650001525878906,14643300,,Yahoo Finance daily,2026-07-22T16:59:02
2020-10-20,us,WMT,48.03666687011719,48.5099983215332,47.87333297729492,47.96666717529297,14523000,,Yahoo Finance daily,2026-07-22T16:59:02
2020-10-21,us,WMT,47.9466667175293,48.57666778564453,47.9466667175293,48.133331298828125,13114200,,Yahoo Finance daily,2026-07-22T16:59:02
2020-10-22,us,WMT,48.06333160400391,48.186668395996094,47.56333160400391,47.84999847412109,13344000,,Yahoo Finance daily,2026-07-22T16:59:02
2020-10-23,us,WMT,47.9900016784668,48.04666519165039,47.61666870117188,47.95000076293945,10540500,,Yahoo Finance daily,2026-07-22T16:59:02
2020-10-26,us,WMT,47.61333465576172,47.706668853759766,46.97999954223633,47.38666534423828,16111800,,Yahoo Finance daily,2026-07-22T16:59:02
2020-10-27,us,WMT,47.34999847412109,47.900001525878906,47.323333740234375,47.62333297729492,11831100,,Yahoo Finance daily,2026-07-22T16:59:02
2020-10-28,us,WMT,46.98666763305664,47.37666702270508,46.62666702270508,46.68000030517578,16849200,,Yahoo Finance daily,2026-07-22T16:59:02
2020-10-29,us,WMT,46.66666793823242,47.03666687011719,46.23333358764648,46.63999938964844,15153900,,Yahoo Finance daily,2026-07-22T16:59:02
2020-10-30,us,WMT,46.393333435058594,46.6966667175293,45.790000915527344,46.25,18601800,,Yahoo Finance daily,2026-07-22T16:59:02
2020-11-02,us,WMT,46.86333465576172,46.936668395996094,46.34333419799805,46.79999923706055,16575600,,Yahoo Finance daily,2026-07-22T16:59:02
2020-11-03,us,WMT,47.21666717529297,48.0533332824707,47.18999862670898,47.59333419799805,15413100,,Yahoo Finance daily,2026-07-22T16:59:02
2020-11-04,us,WMT,47.18999862670898,48.130001068115234,47.11333465576172,47.31999969482422,17927400,,Yahoo Finance daily,2026-07-22T16:59:02
2020-11-05,us,WMT,48.0,48.07666778564453,47.64666748046875,47.823333740234375,14202600,,Yahoo Finance daily,2026-07-22T16:59:02
2020-11-06,us,WMT,48.119998931884766,48.7400016784668,47.84999847412109,48.59000015258789,16198500,,Yahoo Finance daily,2026-07-22T16:59:02
2020-11-09,us,WMT,49.33333206176758,49.400001525878906,47.82666778564453,47.8466682434082,28198500,,Yahoo Finance daily,2026-07-22T16:59:02
2020-11-10,us,WMT,47.91666793823242,48.81333160400391,47.84333419799805,48.52000045776367,18199200,,Yahoo Finance daily,2026-07-22T16:59:02
2020-11-11,us,WMT,48.973331451416016,49.6533317565918,48.79999923706055,49.32666778564453,18805800,,Yahoo Finance daily,2026-07-22T16:59:02
2020-11-12,us,WMT,49.49333190917969,49.56999969482422,49.03333282470703,49.40999984741211,12564300,,Yahoo Finance daily,2026-07-22T16:59:02
2020-11-13,us,WMT,49.64666748046875,50.31333160400391,49.17333221435547,50.18000030517578,19738200,,Yahoo Finance daily,2026-07-22T16:59:02
2020-11-16,us,WMT,50.176666259765625,51.133331298828125,49.7599983215332,50.81333160400391,34560300,,Yahoo Finance daily,2026-07-22T16:59:02
2020-11-17,us,WMT,50.16666793823242,51.08000183105469,49.72666549682617,49.790000915527344,42711600,,Yahoo Finance daily,2026-07-22T16:59:02
2020-11-18,us,WMT,49.95333480834961,50.55666732788086,49.68333435058594,49.6966667175293,24936900,,Yahoo Finance daily,2026-07-22T16:59:02
2020-11-19,us,WMT,49.81999969482422,50.81666564941406,49.77333450317383,50.706668853759766,18590700,,Yahoo Finance daily,2026-07-22T16:59:02
2020-11-20,us,WMT,50.38999938964844,50.91999816894531,49.936668395996094,50.08000183105469,21937200,,Yahoo Finance daily,2026-07-22T16:59:02
2020-11-23,us,WMT,50.12333297729492,50.46666717529297,49.790000915527344,50.310001373291016,18557100,,Yahoo Finance daily,2026-07-22T16:59:02
2020-11-24,us,WMT,50.58000183105469,50.65999984741211,50.09000015258789,50.45333480834961,17155200,,Yahoo Finance daily,2026-07-22T16:59:02
2020-11-25,us,WMT,50.41666793823242,50.79666519165039,50.4033317565918,50.61000061035156,13833300,,Yahoo Finance daily,2026-07-22T16:59:02
2020-11-27,us,WMT,50.71666717529297,50.90666580200195,50.36666870117188,50.53333282470703,10999500,,Yahoo Finance daily,2026-07-22T16:59:02
2020-11-30,us,WMT,50.53333282470703,50.98333358764648,50.03333282470703,50.93000030517578,32695500,,Yahoo Finance daily,2026-07-22T16:59:02
2020-12-01,us,WMT,51.20000076293945,51.220001220703125,50.5533332824707,50.880001068115234,22935300,,Yahoo Finance daily,2026-07-22T16:59:02
2020-12-02,us,WMT,50.66666793823242,50.87333297729492,49.84333419799805,50.17333221435547,23547000,,Yahoo Finance daily,2026-07-22T16:59:02
2020-12-03,us,WMT,50.09333419799805,50.09333419799805,49.46333312988281,49.76666641235352,25725900,,Yahoo Finance daily,2026-07-22T16:59:02
2020-12-04,us,WMT,49.83666610717773,49.83666610717773,49.19333267211914,49.63666534423828,20889300,,Yahoo Finance daily,2026-07-22T16:59:02
2020-12-07,us,WMT,49.48666763305664,49.663333892822266,49.0533332824707,49.369998931884766,18479100,,Yahoo Finance daily,2026-07-22T16:59:02
2020-12-08,us,WMT,49.119998931884766,49.95000076293945,49.060001373291016,49.81666564941406,20716500,,Yahoo Finance daily,2026-07-22T16:59:02
2020-12-09,us,WMT,50.0,50.0,49.29666519165039,49.42333221435547,20139600,,Yahoo Finance daily,2026-07-22T16:59:02
2020-12-10,us,WMT,49.25,49.383331298828125,48.856666564941406,49.01333236694336,20652300,,Yahoo Finance daily,2026-07-22T16:59:02
2020-12-11,us,WMT,48.973331451416016,49.16999816894531,48.64666748046875,49.0,16860900,,Yahoo Finance daily,2026-07-22T16:59:02
2020-12-14,us,WMT,49.23333358764648,49.2400016784668,48.46666717529297,48.54999923706055,25088100,,Yahoo Finance daily,2026-07-22T16:59:02
2020-12-15,us,WMT,48.50666809082031,48.78666687011719,48.28666687011719,48.526668548583984,31871400,,Yahoo Finance daily,2026-07-22T16:59:02
2020-12-16,us,WMT,48.74666595458984,48.96333312988281,48.36000061035156,48.47666549682617,25650900,,Yahoo Finance daily,2026-07-22T16:59:02
2020-12-17,us,WMT,48.686668395996094,48.81333160400391,48.383331298828125,48.70000076293945,30679500,,Yahoo Finance daily,2026-07-22T16:59:02
2020-12-18,us,WMT,48.87333297729492,49.060001373291016,48.38666534423828,48.650001525878906,41384100,,Yahoo Finance daily,2026-07-22T16:59:02
2020-12-21,us,WMT,48.5,48.88999938964844,48.35333251953125,48.65666580200195,25553100,,Yahoo Finance daily,2026-07-22T16:59:02
2020-12-22,us,WMT,48.383331298828125,48.74333190917969,47.71333312988281,48.06666564941406,37599000,,Yahoo Finance daily,2026-07-22T16:59:02
2020-12-23,us,WMT,47.8466682434082,48.073333740234375,47.43333435058594,47.7400016784668,20430600,,Yahoo Finance daily,2026-07-22T16:59:02
2020-12-24,us,WMT,47.8466682434082,48.130001068115234,47.72666549682617,47.83333206176758,9054600,,Yahoo Finance daily,2026-07-22T16:59:02
2020-12-28,us,WMT,48.01333236694336,48.43333435058594,47.776668548583984,48.40666580200195,19344900,,Yahoo Finance daily,2026-07-22T16:59:02
2020-12-29,us,WMT,48.54666519165039,48.61666870117188,47.86333465576172,48.09999847412109,17938200,,Yahoo Finance daily,2026-07-22T16:59:02
2020-12-30,us,WMT,48.29333114624024,48.383331298828125,47.97999954223633,48.060001373291016,18751200,,Yahoo Finance daily,2026-07-22T16:59:02
2020-12-31,us,WMT,48.06666564941406,48.09000015258789,47.61666870117188,48.04999923706055,17814000,,Yahoo Finance daily,2026-07-22T16:59:02
2021-01-04,us,WMT,48.09999847412109,48.96333312988281,48.09333419799805,48.84333419799805,32182200,,Yahoo Finance daily,2026-07-22T16:59:02
2021-01-05,us,WMT,48.86666870117188,49.02333450317383,48.163333892822266,48.58333206176758,26498100,,Yahoo Finance daily,2026-07-22T16:59:02
2021-01-06,us,WMT,48.36333465576172,49.36666870117188,48.33666610717773,48.88666534423828,21918900,,Yahoo Finance daily,2026-07-22T16:59:02
2021-01-07,us,WMT,49.206668853759766,49.25333404541016,48.68000030517578,48.883331298828125,20538000,,Yahoo Finance daily,2026-07-22T16:59:02
2021-01-08,us,WMT,48.959999084472656,49.0,48.60333251953125,48.87666702270508,24478200,,Yahoo Finance daily,2026-07-22T16:59:02
2021-01-11,us,WMT,48.66666793823242,49.33000183105469,48.66666793823242,49.0966682434082,26264400,,Yahoo Finance daily,2026-07-22T16:59:02
2021-01-12,us,WMT,49.66666793823242,49.97666549682617,49.43999862670898,49.65666580200195,23373300,,Yahoo Finance daily,2026-07-22T16:59:02
2021-01-13,us,WMT,49.58333206176758,49.68999862670898,49.143333435058594,49.150001525878906,16069500,,Yahoo Finance daily,2026-07-22T16:59:02
2021-01-14,us,WMT,49.27333450317383,49.33333206176758,48.68000030517578,48.9900016784668,23017200,,Yahoo Finance daily,2026-07-22T16:59:02
2021-01-15,us,WMT,48.380001068115234,48.633331298828125,47.88999938964844,48.21333312988281,35920500,,Yahoo Finance daily,2026-07-22T16:59:02
2021-01-19,us,WMT,48.21333312988281,48.356666564941406,47.55666732788086,47.79666519165039,24123600,,Yahoo Finance daily,2026-07-22T16:59:02
2021-01-20,us,WMT,47.86333465576172,48.5533332824707,47.630001068115234,48.50333404541016,23775600,,Yahoo Finance daily,2026-07-22T16:59:02
2021-01-21,us,WMT,48.45333480834961,48.57666778564453,48.06999969482422,48.28333282470703,14325900,,Yahoo Finance daily,2026-07-22T16:59:02
2021-01-22,us,WMT,48.53333282470703,49.11333465576172,48.37333297729492,48.776668548583984,19219500,,Yahoo Finance daily,2026-07-22T16:59:02
2021-01-25,us,WMT,48.45333480834961,48.75,48.09000015258789,48.73333358764648,19031100,,Yahoo Finance daily,2026-07-22T16:59:02
2021-01-26,us,WMT,48.54333114624024,49.27000045776367,48.4900016784668,49.16999816894531,15031500,,Yahoo Finance daily,2026-07-22T16:59:02
2021-01-27,us,WMT,48.98666763305664,49.28666687011719,47.84999847412109,47.9466667175293,29910300,,Yahoo Finance daily,2026-07-22T16:59:02
2021-01-28,us,WMT,48.1533317565918,48.75333404541016,47.87666702270508,47.91666793823242,22301700,,Yahoo Finance daily,2026-07-22T16:59:02
2021-01-29,us,WMT,47.72666549682617,47.91666793823242,46.78333282470703,46.83000183105469,32509200,,Yahoo Finance daily,2026-07-22T16:59:02
2021-02-01,us,WMT,46.970001220703125,47.163333892822266,46.39666748046875,46.42333221435547,25945200,,Yahoo Finance daily,2026-07-22T16:59:02
2021-02-02,us,WMT,46.58666610717773,47.383331298828125,46.47999954223633,46.92333221435547,27002400,,Yahoo Finance daily,2026-07-22T16:59:02
2021-02-03,us,WMT,46.88666534423828,47.34999847412109,46.87666702270508,47.06666564941406,14966700,,Yahoo Finance daily,2026-07-22T16:59:02
2021-02-04,us,WMT,47.26333236694336,47.72666549682617,47.08666610717773,47.5099983215332,17346300,,Yahoo Finance daily,2026-07-22T16:59:02
2021-02-05,us,WMT,47.81999969482422,48.28333282470703,47.5099983215332,48.119998931884766,20451600,,Yahoo Finance daily,2026-07-22T16:59:02
2021-02-08,us,WMT,48.27000045776367,48.526668548583984,48.1533317565918,48.34333419799805,15825300,,Yahoo Finance daily,2026-07-22T16:59:02
2021-02-09,us,WMT,48.19333267211914,48.77333450317383,48.19333267211914,48.61000061035156,15906900,,Yahoo Finance daily,2026-07-22T16:59:02
2021-02-10,us,WMT,48.61000061035156,48.633331298828125,47.8466682434082,48.04333114624024,18576900,,Yahoo Finance daily,2026-07-22T16:59:02
2021-02-11,us,WMT,48.04666519165039,48.31666564941406,47.9033317565918,48.00666809082031,12791400,,Yahoo Finance daily,2026-07-22T16:59:02
2021-02-12,us,WMT,48.0533332824707,48.20333480834961,47.88999938964844,48.15666580200195,13423500,,Yahoo Finance daily,2026-07-22T16:59:02
2021-02-16,us,WMT,48.64666748046875,48.79666519165039,48.310001373291016,48.5533332824707,27891000,,Yahoo Finance daily,2026-07-22T16:59:02
2021-02-17,us,WMT,48.21666717529297,49.16666793823242,48.16666793823242,49.06666564941406,25571100,,Yahoo Finance daily,2026-07-22T16:59:02
2021-02-18,us,WMT,46.33333206176758,46.900001525878906,45.83333206176758,45.88666534423828,96927300,,Yahoo Finance daily,2026-07-22T16:59:02
2021-02-19,us,WMT,45.93333435058594,46.473331451416016,45.88999938964844,46.11333465576172,36606000,,Yahoo Finance daily,2026-07-22T16:59:02
2021-02-22,us,WMT,45.913333892822266,46.11333465576172,45.41666793823242,45.89666748046875,32106600,,Yahoo Finance daily,2026-07-22T16:59:02
2021-02-23,us,WMT,45.70333480834961,45.79666519165039,45.02000045776367,45.15666580200195,31300200,,Yahoo Finance daily,2026-07-22T16:59:02
2021-02-24,us,WMT,45.290000915527344,45.38666534423828,44.34999847412109,44.4033317565918,46565700,,Yahoo Finance daily,2026-07-22T16:59:02
2021-02-25,us,WMT,44.36666870117188,44.66999816894531,43.82666778564453,43.98333358764648,33324600,,Yahoo Finance daily,2026-07-22T16:59:02
2021-02-26,us,WMT,43.82666778564453,43.936668395996094,43.28666687011719,43.30666732788086,42470700,,Yahoo Finance daily,2026-07-22T16:59:02
2021-03-01,us,WMT,43.86000061035156,44.18999862670898,43.709999084472656,43.790000915527344,34634400,,Yahoo Finance daily,2026-07-22T16:59:02
2021-03-02,us,WMT,43.83666610717773,44.25,43.33666610717773,43.369998931884766,29230800,,Yahoo Finance daily,2026-07-22T16:59:02
2021-03-03,us,WMT,43.16666793823242,43.310001373291016,42.51666641235352,42.52999877929688,41837400,,Yahoo Finance daily,2026-07-22T16:59:02
2021-03-04,us,WMT,42.619998931884766,43.19333267211914,42.09333419799805,42.5099983215332,45348000,,Yahoo Finance daily,2026-07-22T16:59:02
2021-03-05,us,WMT,42.276668548583984,43.25,42.25,43.040000915527344,34073700,,Yahoo Finance daily,2026-07-22T16:59:02
2021-03-08,us,WMT,43.11000061035156,43.27999877929688,42.60333251953125,42.62666702270508,40988400,,Yahoo Finance daily,2026-07-22T16:59:02
2021-03-09,us,WMT,42.93333435058594,43.29333114624024,42.77333450317383,42.96333312988281,31988700,,Yahoo Finance daily,2026-07-22T16:59:02
2021-03-10,us,WMT,42.95333480834961,44.34999847412109,42.823333740234375,44.060001373291016,44929200,,Yahoo Finance daily,2026-07-22T16:59:02
2021-03-11,us,WMT,44.45333480834961,44.49666595458984,43.84333419799805,44.04333114624024,35489700,,Yahoo Finance daily,2026-07-22T16:59:02
2021-03-12,us,WMT,44.17333221435547,44.84000015258789,44.026668548583984,44.706668853759766,28437600,,Yahoo Finance daily,2026-07-22T16:59:02
2021-03-15,us,WMT,44.913333892822266,44.91666793823242,44.27333450317383,44.47666549682617,25071900,,Yahoo Finance daily,2026-07-22T16:59:02
2021-03-16,us,WMT,44.27333450317383,44.7599983215332,44.27333450317383,44.46333312988281,19881000,,Yahoo Finance daily,2026-07-22T16:59:02
2021-03-17,us,WMT,44.16666793823242,44.380001068115234,43.99333190917969,44.09333419799805,24156300,,Yahoo Finance daily,2026-07-22T16:59:02
2021-03-18,us,WMT,43.720001220703125,43.98333358764648,43.310001373291016,43.33666610717773,29815500,,Yahoo Finance daily,2026-07-22T16:59:02
2021-03-19,us,WMT,43.37666702270508,44.16666793823242,43.29999923706055,43.913333892822266,57703500,,Yahoo Finance daily,2026-07-22T16:59:02
2021-03-22,us,WMT,43.66666793823242,44.150001525878906,43.663333892822266,44.12333297729492,24654000,,Yahoo Finance daily,2026-07-22T16:59:02
2021-03-23,us,WMT,43.9033317565918,44.76666641235352,43.87666702270508,44.64666748046875,29154900,,Yahoo Finance daily,2026-07-22T16:59:02
2021-03-24,us,WMT,44.810001373291016,44.810001373291016,44.34999847412109,44.369998931884766,23547300,,Yahoo Finance daily,2026-07-22T16:59:02
2021-03-25,us,WMT,44.41999816894531,44.84333419799805,44.290000915527344,44.66999816894531,28125900,,Yahoo Finance daily,2026-07-22T16:59:02
2021-03-26,us,WMT,44.66666793823242,45.06666564941406,44.473331451416016,45.04333114624024,28653600,,Yahoo Finance daily,2026-07-22T16:59:02
2021-03-29,us,WMT,45.0,45.66999816894531,44.86666870117188,45.55666732788086,30146400,,Yahoo Finance daily,2026-07-22T16:59:02
2021-03-30,us,WMT,45.44333267211914,45.86333465576172,45.15666580200195,45.24666595458984,27230100,,Yahoo Finance daily,2026-07-22T16:59:02
2021-03-31,us,WMT,45.18333435058594,45.619998931884766,44.98666763305664,45.276668548583984,24546000,,Yahoo Finance daily,2026-07-22T16:59:02
2021-04-01,us,WMT,45.31333160400391,45.630001068115234,45.11000061035156,45.206668853759766,25595100,,Yahoo Finance daily,2026-07-22T16:59:02
2021-04-05,us,WMT,45.573333740234375,46.720001220703125,45.400001525878906,46.47666549682617,40043100,,Yahoo Finance daily,2026-07-22T16:59:02
2021-04-06,us,WMT,46.369998931884766,46.98333358764648,46.17333221435547,46.70000076293945,31044600,,Yahoo Finance daily,2026-07-22T16:59:02
2021-04-07,us,WMT,46.76666641235352,46.91666793823242,46.54999923706055,46.59999847412109,20361600,,Yahoo Finance daily,2026-07-22T16:59:02
2021-04-08,us,WMT,46.81666564941406,47.040000915527344,46.5533332824707,46.56999969482422,19095600,,Yahoo Finance daily,2026-07-22T16:59:02
2021-04-09,us,WMT,46.54333114624024,46.6966667175293,46.23666763305664,46.59333419799805,20676600,,Yahoo Finance daily,2026-07-22T16:59:02
2021-04-12,us,WMT,46.68999862670898,46.79333114624024,46.4466667175293,46.59999847412109,18723000,,Yahoo Finance daily,2026-07-22T16:59:02
2021-04-13,us,WMT,46.59999847412109,46.66666793823242,46.290000915527344,46.456668853759766,17397900,,Yahoo Finance daily,2026-07-22T16:59:02
2021-04-14,us,WMT,46.37333297729492,46.48666763305664,46.13999938964844,46.43999862670898,21924600,,Yahoo Finance daily,2026-07-22T16:59:02
2021-04-15,us,WMT,46.46666717529297,46.823333740234375,46.400001525878906,46.720001220703125,21710400,,Yahoo Finance daily,2026-07-22T16:59:02
2021-04-16,us,WMT,46.96333312988281,46.98666763305664,46.56999969482422,46.869998931884766,26488500,,Yahoo Finance daily,2026-07-22T16:59:02
2021-04-19,us,WMT,46.76333236694336,46.856666564941406,46.53666687011719,46.56999969482422,19281000,,Yahoo Finance daily,2026-07-22T16:59:02
2021-04-20,us,WMT,46.473331451416016,47.25666809082031,46.27333450317383,46.93000030517578,24452100,,Yahoo Finance daily,2026-07-22T16:59:02
2021-04-21,us,WMT,46.92333221435547,47.23333358764648,46.84333419799805,47.06666564941406,17335200,,Yahoo Finance daily,2026-07-22T16:59:02
2021-04-22,us,WMT,47.026668548583984,47.150001525878906,46.473331451416016,46.55666732788086,19705200,,Yahoo Finance daily,2026-07-22T16:59:02
2021-04-23,us,WMT,46.36666870117188,46.77999877929688,46.34333419799805,46.633331298828125,22971000,,Yahoo Finance daily,2026-07-22T16:59:02
2021-04-26,us,WMT,46.63666534423828,46.66666793823242,45.880001068115234,45.970001220703125,22846200,,Yahoo Finance daily,2026-07-22T16:59:02
2021-04-27,us,WMT,46.0,46.31666564941406,45.84999847412109,46.12666702270508,16151400,,Yahoo Finance daily,2026-07-22T16:59:02
2021-04-28,us,WMT,46.11666870117188,46.1966667175293,45.956668853759766,45.96333312988281,14286600,,Yahoo Finance daily,2026-07-22T16:59:02
2021-04-29,us,WMT,45.96666717529297,46.66666793823242,45.96666717529297,46.54333114624024,19596000,,Yahoo Finance daily,2026-07-22T16:59:02
2021-04-30,us,WMT,46.56999969482422,46.663333892822266,46.369998931884766,46.63666534423828,19680000,,Yahoo Finance daily,2026-07-22T16:59:02
2021-05-03,us,WMT,46.560001373291016,47.58000183105469,46.560001373291016,47.37333297729492,27139500,,Yahoo Finance daily,2026-07-22T16:59:02
2021-05-04,us,WMT,47.18000030517578,47.34333419799805,46.70000076293945,46.90666580200195,19084200,,Yahoo Finance daily,2026-07-22T16:59:02
2021-05-05,us,WMT,46.9033317565918,47.06666564941406,46.75,46.86666870117188,18351000,,Yahoo Finance daily,2026-07-22T16:59:02
2021-05-06,us,WMT,46.66666793823242,47.119998931884766,46.48333358764648,47.01666641235352,16302000,,Yahoo Finance daily,2026-07-22T16:59:02
2021-05-07,us,WMT,47.209999084472656,47.2400016784668,46.43999862670898,46.73333358764648,23408400,,Yahoo Finance daily,2026-07-22T16:59:02
2021-05-10,us,WMT,46.81666564941406,47.36000061035156,46.77000045776367,46.93999862670898,26307600,,Yahoo Finance daily,2026-07-22T16:59:02
2021-05-11,us,WMT,46.956668853759766,46.956668853759766,46.106666564941406,46.51666641235352,26464200,,Yahoo Finance daily,2026-07-22T16:59:02
2021-05-12,us,WMT,46.290000915527344,46.32666778564453,45.3033332824707,45.31333160400391,25998300,,Yahoo Finance daily,2026-07-22T16:59:02
2021-05-13,us,WMT,45.40999984741211,46.32666778564453,45.25333404541016,46.08000183105469,21475200,,Yahoo Finance daily,2026-07-22T16:59:02
2021-05-14,us,WMT,46.27000045776367,46.74666595458984,46.143333435058594,46.50666809082031,16091700,,Yahoo Finance daily,2026-07-22T16:59:02
2021-05-17,us,WMT,46.66666793823242,46.79999923706055,46.25666809082031,46.29666519165039,19675800,,Yahoo Finance daily,2026-07-22T16:59:02
2021-05-18,us,WMT,47.83666610717773,48.19333267211914,47.06999969482422,47.3033332824707,58183800,,Yahoo Finance daily,2026-07-22T16:59:02
2021-05-19,us,WMT,46.9033317565918,47.90666580200195,46.83333206176758,47.30666732788086,34874700,,Yahoo Finance daily,2026-07-22T16:59:02
2021-05-20,us,WMT,47.16666793823242,47.62333297729492,46.900001525878906,47.473331451416016,30540900,,Yahoo Finance daily,2026-07-22T16:59:02
2021-05-21,us,WMT,47.50666809082031,47.69333267211914,47.20000076293945,47.25,22927500,,Yahoo Finance daily,2026-07-22T16:59:02
2021-05-24,us,WMT,47.25333404541016,47.473331451416016,47.119998931884766,47.25333404541016,18945900,,Yahoo Finance daily,2026-07-22T16:59:02
2021-05-25,us,WMT,47.26666641235352,47.54666519165039,47.02333450317383,47.4466667175293,21505200,,Yahoo Finance daily,2026-07-22T16:59:02
2021-05-26,us,WMT,47.46333312988281,47.62666702270508,47.25333404541016,47.38999938964844,19294200,,Yahoo Finance daily,2026-07-22T16:59:02
2021-05-27,us,WMT,47.78333282470703,47.893333435058594,47.22999954223633,47.22999954223633,56577000,,Yahoo Finance daily,2026-07-22T16:59:02
2021-05-28,us,WMT,47.310001373291016,47.48333358764648,47.21333312988281,47.34333419799805,21186300,,Yahoo Finance daily,2026-07-22T16:59:02
2021-06-01,us,WMT,47.4033317565918,47.59999847412109,47.09000015258789,47.220001220703125,20767500,,Yahoo Finance daily,2026-07-22T16:59:02
2021-06-02,us,WMT,47.130001068115234,47.23666763305664,46.6966667175293,47.11666870117188,23298000,,Yahoo Finance daily,2026-07-22T16:59:02
2021-06-03,us,WMT,47.130001068115234,47.28333282470703,46.91666793823242,47.20000076293945,18374400,,Yahoo Finance daily,2026-07-22T16:59:02
2021-06-04,us,WMT,47.1533317565918,47.43000030517578,47.08333206176758,47.28333282470703,13635900,,Yahoo Finance daily,2026-07-22T16:59:02
2021-06-07,us,WMT,47.28333282470703,47.323333740234375,46.79666519165039,46.96666717529297,16630800,,Yahoo Finance daily,2026-07-22T16:59:02
2021-06-08,us,WMT,46.83666610717773,46.96666717529297,46.60333251953125,46.61000061035156,20120700,,Yahoo Finance daily,2026-07-22T16:59:02
2021-06-09,us,WMT,46.4466667175293,46.66999816894531,46.34333419799805,46.36000061035156,17085300,,Yahoo Finance daily,2026-07-22T16:59:02
2021-06-10,us,WMT,46.36000061035156,46.72999954223633,46.36000061035156,46.62666702270508,16378500,,Yahoo Finance daily,2026-07-22T16:59:02
2021-06-11,us,WMT,46.74333190917969,46.95000076293945,46.619998931884766,46.91666793823242,25232400,,Yahoo Finance daily,2026-07-22T16:59:02
2021-06-14,us,WMT,46.97666549682617,46.97666549682617,46.676666259765625,46.85333251953125,15140700,,Yahoo Finance daily,2026-07-22T16:59:02
2021-06-15,us,WMT,46.9466667175293,46.970001220703125,46.5533332824707,46.66666793823242,19327200,,Yahoo Finance daily,2026-07-22T16:59:02
2021-06-16,us,WMT,46.61666870117188,46.68000030517578,45.65666580200195,45.71666717529297,28794900,,Yahoo Finance daily,2026-07-22T16:59:02
2021-06-17,us,WMT,45.66666793823242,46.11666870117188,45.56999969482422,45.90666580200195,19341900,,Yahoo Finance daily,2026-07-22T16:59:02
2021-06-18,us,WMT,45.14666748046875,45.46333312988281,44.79999923706055,45.05666732788086,44812800,,Yahoo Finance daily,2026-07-22T16:59:02
2021-06-21,us,WMT,45.220001220703125,45.58333206176758,45.11666870117188,45.46666717529297,20775000,,Yahoo Finance daily,2026-07-22T16:59:02
2021-06-22,us,WMT,45.40999984741211,45.90666580200195,45.40999984741211,45.676666259765625,19107000,,Yahoo Finance daily,2026-07-22T16:59:02
2021-06-23,us,WMT,45.5,45.663333892822266,45.310001373291016,45.31999969482422,19390500,,Yahoo Finance daily,2026-07-22T16:59:02
2021-06-24,us,WMT,45.38999938964844,45.74666595458984,45.36666870117188,45.63666534423828,23444100,,Yahoo Finance daily,2026-07-22T16:59:02
2021-06-25,us,WMT,45.709999084472656,46.28666687011719,45.63999938964844,46.176666259765625,28640700,,Yahoo Finance daily,2026-07-22T16:59:02
2021-06-28,us,WMT,46.01333236694336,46.21333312988281,45.53333282470703,46.03333282470703,15549000,,Yahoo Finance daily,2026-07-22T16:59:02
2021-06-29,us,WMT,45.96666717529297,46.15666580200195,45.74333190917969,45.76666641235352,35962500,,Yahoo Finance daily,2026-07-22T16:59:02
2021-06-30,us,WMT,46.52000045776367,47.526668548583984,46.22999954223633,47.00666809082031,45511200,,Yahoo Finance daily,2026-07-22T16:59:02
2021-07-01,us,WMT,46.8033332824707,47.08333206176758,46.33666610717773,46.43999862670898,26348700,,Yahoo Finance daily,2026-07-22T16:59:02
2021-07-02,us,WMT,46.45000076293945,47.026668548583984,46.45000076293945,46.70333480834961,26280600,,Yahoo Finance daily,2026-07-22T16:59:02
2021-07-06,us,WMT,46.633331298828125,46.91666793823242,46.50333404541016,46.64666748046875,18279300,,Yahoo Finance daily,2026-07-22T16:59:02
2021-07-07,us,WMT,46.58666610717773,47.06333160400391,46.45333480834961,46.56999969482422,25607400,,Yahoo Finance daily,2026-07-22T16:59:02
2021-07-08,us,WMT,46.11333465576172,46.883331298828125,46.073333740234375,46.52999877929688,21267000,,Yahoo Finance daily,2026-07-22T16:59:02
2021-07-09,us,WMT,46.8033332824707,46.9466667175293,46.643333435058594,46.76666641235352,15185400,,Yahoo Finance daily,2026-07-22T16:59:02
2021-07-12,us,WMT,46.89666748046875,46.93000030517578,46.44333267211914,46.68333435058594,19515000,,Yahoo Finance daily,2026-07-22T16:59:02
2021-07-13,us,WMT,46.663333892822266,47.060001373291016,46.64666748046875,46.86000061035156,18947700,,Yahoo Finance daily,2026-07-22T16:59:02
2021-07-14,us,WMT,46.9033317565918,47.26666641235352,46.61000061035156,47.18333435058594,18812100,,Yahoo Finance daily,2026-07-22T16:59:02
2021-07-15,us,WMT,47.33333206176758,47.54666519165039,47.02999877929688,47.220001220703125,17974800,,Yahoo Finance daily,2026-07-22T16:59:02
2021-07-16,us,WMT,47.23333358764648,47.37666702270508,46.98333358764648,47.186668395996094,18095400,,Yahoo Finance daily,2026-07-22T16:59:02
2021-07-19,us,WMT,47.13666534423828,47.65999984741211,46.59000015258789,47.07666778564453,27383100,,Yahoo Finance daily,2026-07-22T16:59:02
2021-07-20,us,WMT,46.9900016784668,47.4900016784668,46.926666259765625,47.290000915527344,19020300,,Yahoo Finance daily,2026-07-22T16:59:02
2021-07-21,us,WMT,47.5,47.51333236694336,46.9033317565918,47.05666732788086,18591900,,Yahoo Finance daily,2026-07-22T16:59:02
2021-07-22,us,WMT,47.04333114624024,47.37333297729492,46.93333435058594,47.09000015258789,13013400,,Yahoo Finance daily,2026-07-22T16:59:02
2021-07-23,us,WMT,47.17333221435547,47.573333740234375,47.00333404541016,47.47666549682617,15947400,,Yahoo Finance daily,2026-07-22T16:59:02
2021-07-26,us,WMT,47.45333480834961,47.95333480834961,47.1533317565918,47.54333114624024,18517200,,Yahoo Finance daily,2026-07-22T16:59:02
2021-07-27,us,WMT,47.66666793823242,47.66666793823242,47.31999969482422,47.54666519165039,15395700,,Yahoo Finance daily,2026-07-22T16:59:02
2021-07-28,us,WMT,47.49333190917969,47.75,47.220001220703125,47.35333251953125,14071500,,Yahoo Finance daily,2026-07-22T16:59:02
2021-07-29,us,WMT,47.54666519165039,47.61666870117188,47.34000015258789,47.413333892822266,11063100,,Yahoo Finance daily,2026-07-22T16:59:02
2021-07-30,us,WMT,47.06666564941406,47.6533317565918,47.06666564941406,47.51666641235352,16332300,,Yahoo Finance daily,2026-07-22T16:59:02
2021-08-02,us,WMT,47.61000061035156,47.62333297729492,47.223331451416016,47.40666580200195,19958400,,Yahoo Finance daily,2026-07-22T16:59:02
2021-08-03,us,WMT,47.47999954223633,47.96666717529297,47.45333480834961,47.93999862670898,18915300,,Yahoo Finance daily,2026-07-22T16:59:02
2021-08-04,us,WMT,47.79333114624024,47.97999954223633,47.58000183105469,47.61333465576172,15301500,,Yahoo Finance daily,2026-07-22T16:59:02
2021-08-05,us,WMT,48.07666778564453,48.51333236694336,47.99666595458984,48.49666595458984,27005400,,Yahoo Finance daily,2026-07-22T16:59:02
2021-08-06,us,WMT,48.73666763305664,48.823333740234375,48.31666564941406,48.40999984741211,19263600,,Yahoo Finance daily,2026-07-22T16:59:02
2021-08-09,us,WMT,48.63666534423828,48.82666778564453,48.46666717529297,48.526668548583984,15811800,,Yahoo Finance daily,2026-07-22T16:59:02
2021-08-10,us,WMT,48.9900016784668,49.650001525878906,48.75,49.560001373291016,38262000,,Yahoo Finance daily,2026-07-22T16:59:02
2021-08-11,us,WMT,49.83666610717773,50.526668548583984,49.720001220703125,50.00333404541016,41455800,,Yahoo Finance daily,2026-07-22T16:59:02
2021-08-12,us,WMT,49.66666793823242,50.06999969482422,49.60333251953125,49.686668395996094,18269100,,Yahoo Finance daily,2026-07-22T16:59:02
2021-08-13,us,WMT,49.79333114624024,50.119998931884766,49.720001220703125,49.84333419799805,15981300,,Yahoo Finance daily,2026-07-22T16:59:02
2021-08-16,us,WMT,49.893333435058594,50.57666778564453,49.68000030517578,50.25,47791500,,Yahoo Finance daily,2026-07-22T16:59:02
2021-08-17,us,WMT,50.133331298828125,50.83333206176758,49.70000076293945,50.23333358764648,50950200,,Yahoo Finance daily,2026-07-22T16:59:02
2021-08-18,us,WMT,50.18333435058594,50.856666564941406,49.67333221435547,49.70000076293945,28211700,,Yahoo Finance daily,2026-07-22T16:59:02
2021-08-19,us,WMT,49.44333267211914,50.220001220703125,49.33333206176758,50.03666687011719,22630500,,Yahoo Finance daily,2026-07-22T16:59:02
2021-08-20,us,WMT,50.15999984741211,50.573333740234375,49.91666793823242,50.48333358764648,19400400,,Yahoo Finance daily,2026-07-22T16:59:02
2021-08-23,us,WMT,50.5099983215332,50.5966682434082,50.13666534423828,50.150001525878906,16166100,,Yahoo Finance daily,2026-07-22T16:59:02
2021-08-24,us,WMT,50.16666793823242,50.16666793823242,49.56666564941406,49.633331298828125,18828900,,Yahoo Finance daily,2026-07-22T16:59:02
2021-08-25,us,WMT,49.470001220703125,49.7599983215332,49.34333419799805,49.6533317565918,21921300,,Yahoo Finance daily,2026-07-22T16:59:02
2021-08-26,us,WMT,49.15666580200195,49.42333221435547,48.88999938964844,49.11666870117188,23466900,,Yahoo Finance daily,2026-07-22T16:59:02
2021-08-27,us,WMT,49.16999816894531,49.22999954223633,48.72666549682617,48.84000015258789,23088600,,Yahoo Finance daily,2026-07-22T16:59:02
2021-08-30,us,WMT,48.80666732788086,49.33333206176758,48.67333221435547,49.23333358764648,16440600,,Yahoo Finance daily,2026-07-22T16:59:02
2021-08-31,us,WMT,49.33000183105469,49.47999954223633,49.08000183105469,49.36666870117188,25078500,,Yahoo Finance daily,2026-07-22T16:59:02
2021-09-01,us,WMT,49.186668395996094,49.310001373291016,48.856666564941406,49.2599983215332,19056600,,Yahoo Finance daily,2026-07-22T16:59:02
2021-09-02,us,WMT,49.37333297729492,49.5966682434082,49.22999954223633,49.52000045776367,20018100,,Yahoo Finance daily,2026-07-22T16:59:02
2021-09-03,us,WMT,49.400001525878906,49.883331298828125,49.29999923706055,49.75,17211900,,Yahoo Finance daily,2026-07-22T16:59:02
2021-09-07,us,WMT,49.65666580200195,49.723331451416016,49.02000045776367,49.09000015258789,25345200,,Yahoo Finance daily,2026-07-22T16:59:02
2021-09-08,us,WMT,48.98333358764648,49.43999862670898,48.90999984741211,49.1533317565918,19508400,,Yahoo Finance daily,2026-07-22T16:59:02
2021-09-09,us,WMT,49.1533317565918,49.20333480834961,48.61333465576172,48.80666732788086,22328700,,Yahoo Finance daily,2026-07-22T16:59:02
2021-09-10,us,WMT,49.06666564941406,49.08000183105469,48.47666549682617,48.630001068115234,15775200,,Yahoo Finance daily,2026-07-22T16:59:02
2021-09-13,us,WMT,48.84000015258789,49.04999923706055,48.21333312988281,48.35333251953125,19529400,,Yahoo Finance daily,2026-07-22T16:59:02
2021-09-14,us,WMT,48.49333190917969,48.62666702270508,47.973331451416016,48.09999847412109,16533900,,Yahoo Finance daily,2026-07-22T16:59:02
2021-09-15,us,WMT,48.02333450317383,48.25,47.93000030517578,48.18333435058594,14850000,,Yahoo Finance daily,2026-07-22T16:59:02
2021-09-16,us,WMT,48.14666748046875,48.436668395996094,47.89666748046875,48.34333419799805,18428400,,Yahoo Finance daily,2026-07-22T16:59:02
2021-09-17,us,WMT,48.04666519165039,48.720001220703125,48.00666809082031,48.24333190917969,73032600,,Yahoo Finance daily,2026-07-22T16:59:02
2021-09-20,us,WMT,47.83333206176758,48.39666748046875,47.206668853759766,47.58000183105469,25054500,,Yahoo Finance daily,2026-07-22T16:59:02
2021-09-21,us,WMT,47.56666564941406,48.19333267211914,47.55666732788086,47.67333221435547,17437500,,Yahoo Finance daily,2026-07-22T16:59:02
2021-09-22,us,WMT,47.823333740234375,47.86666870117188,47.43000030517578,47.56333160400391,15044400,,Yahoo Finance daily,2026-07-22T16:59:02
2021-09-23,us,WMT,47.7400016784668,47.87666702270508,47.48333358764648,47.59000015258789,15585300,,Yahoo Finance daily,2026-07-22T16:59:02
2021-09-24,us,WMT,47.5,47.89666748046875,47.49666595458984,47.723331451416016,13360500,,Yahoo Finance daily,2026-07-22T16:59:02
2021-09-27,us,WMT,47.62333297729492,47.84999847412109,47.27999877929688,47.41666793823242,21250800,,Yahoo Finance daily,2026-07-22T16:59:02
2021-09-28,us,WMT,47.29333114624024,47.356666564941406,46.663333892822266,46.83333206176758,20580900,,Yahoo Finance daily,2026-07-22T16:59:02
2021-09-29,us,WMT,46.883331298828125,47.276668548583984,46.77333450317383,46.81333160400391,21375600,,Yahoo Finance daily,2026-07-22T16:59:02
2021-09-30,us,WMT,46.880001068115234,47.24333190917969,46.41666793823242,46.459999084472656,22457700,,Yahoo Finance daily,2026-07-22T16:59:02
2021-10-01,us,WMT,46.41999816894531,46.54333114624024,45.30666732788086,45.68333435058594,30014400,,Yahoo Finance daily,2026-07-22T16:59:02
2021-10-04,us,WMT,45.6966667175293,46.07666778564453,44.9033317565918,45.24333190917969,29970300,,Yahoo Finance daily,2026-07-22T16:59:02
2021-10-05,us,WMT,45.31666564941406,45.9033317565918,45.29999923706055,45.540000915527344,20597400,,Yahoo Finance daily,2026-07-22T16:59:02
2021-10-06,us,WMT,45.413333892822266,45.93000030517578,45.37666702270508,45.87333297729492,19376700,,Yahoo Finance daily,2026-07-22T16:59:02
2021-10-07,us,WMT,46.2599983215332,46.900001525878906,46.25333404541016,46.413333892822266,21068100,,Yahoo Finance daily,2026-07-22T16:59:02
2021-10-08,us,WMT,46.5533332824707,46.6966667175293,46.33666610717773,46.5533332824707,13847400,,Yahoo Finance daily,2026-07-22T16:59:02
2021-10-11,us,WMT,46.50666809082031,46.926666259765625,46.47999954223633,46.5099983215332,13048200,,Yahoo Finance daily,2026-07-22T16:59:02
2021-10-12,us,WMT,46.4466667175293,46.8033332824707,46.356666564941406,46.459999084472656,15789300,,Yahoo Finance daily,2026-07-22T16:59:02
2021-10-13,us,WMT,46.5,46.66999816894531,46.04333114624024,46.12333297729492,17937900,,Yahoo Finance daily,2026-07-22T16:59:02
2021-10-14,us,WMT,46.16666793823242,46.68999862670898,46.16666793823242,46.62333297729492,19783500,,Yahoo Finance daily,2026-07-22T16:59:02
2021-10-15,us,WMT,46.87333297729492,47.03333282470703,46.6533317565918,46.84999847412109,20737200,,Yahoo Finance daily,2026-07-22T16:59:02
2021-10-18,us,WMT,46.66666793823242,47.33666610717773,46.61000061035156,47.22666549682617,19887000,,Yahoo Finance daily,2026-07-22T16:59:02
2021-10-19,us,WMT,48.209999084472656,48.53666687011719,47.88666534423828,48.22999954223633,33444300,,Yahoo Finance daily,2026-07-22T16:59:02
2021-10-20,us,WMT,48.29666519165039,48.83000183105469,48.29666519165039,48.66666793823242,17453700,,Yahoo Finance daily,2026-07-22T16:59:02
2021-10-21,us,WMT,48.86000061035156,48.973331451416016,48.60333251953125,48.936668395996094,13954500,,Yahoo Finance daily,2026-07-22T16:59:02
2021-10-22,us,WMT,49.03333282470703,49.89666748046875,49.03333282470703,49.4466667175293,21195600,,Yahoo Finance daily,2026-07-22T16:59:02
2021-10-25,us,WMT,49.59333419799805,50.17333221435547,49.33666610717773,50.02000045776367,19287900,,Yahoo Finance daily,2026-07-22T16:59:02
2021-10-26,us,WMT,50.0,50.18333435058594,49.48666763305664,49.58333206176758,17418600,,Yahoo Finance daily,2026-07-22T16:59:02
2021-10-27,us,WMT,49.6533317565918,49.67333221435547,49.130001068115234,49.176666259765625,14565600,,Yahoo Finance daily,2026-07-22T16:59:02
2021-10-28,us,WMT,49.4466667175293,49.65999984741211,49.23666763305664,49.48333358764648,12598500,,Yahoo Finance daily,2026-07-22T16:59:02
2021-10-29,us,WMT,49.3033332824707,50.03333282470703,49.186668395996094,49.80666732788086,22022700,,Yahoo Finance daily,2026-07-22T16:59:02
2021-11-01,us,WMT,49.99333190917969,50.25,49.78333282470703,49.93000030517578,12549600,,Yahoo Finance daily,2026-07-22T16:59:02
2021-11-02,us,WMT,49.9900016784668,50.060001373291016,49.7599983215332,49.90666580200195,13638900,,Yahoo Finance daily,2026-07-22T16:59:02
2021-11-03,us,WMT,49.86666870117188,50.0966682434082,49.676666259765625,50.060001373291016,14209500,,Yahoo Finance daily,2026-07-22T16:59:02
2021-11-04,us,WMT,50.060001373291016,50.61666870117188,49.94333267211914,50.426666259765625,15149100,,Yahoo Finance daily,2026-07-22T16:59:02
2021-11-05,us,WMT,50.66666793823242,50.66666793823242,49.87333297729492,50.07666778564453,15081900,,Yahoo Finance daily,2026-07-22T16:59:02
2021-11-08,us,WMT,50.073333740234375,50.16999816894531,49.57666778564453,49.75666809082031,15373200,,Yahoo Finance daily,2026-07-22T16:59:02
2021-11-09,us,WMT,49.84000015258789,49.956668853759766,49.62333297729492,49.93000030517578,15001800,,Yahoo Finance daily,2026-07-22T16:59:02
2021-11-10,us,WMT,49.57666778564453,49.87333297729492,49.32666778564453,49.47999954223633,16803600,,Yahoo Finance daily,2026-07-22T16:59:02
2021-11-11,us,WMT,49.59000015258789,49.663333892822266,49.39666748046875,49.5,13603200,,Yahoo Finance daily,2026-07-22T16:59:02
2021-11-12,us,WMT,49.66666793823242,49.74666595458984,49.18000030517578,49.25333404541016,18313800,,Yahoo Finance daily,2026-07-22T16:59:02
2021-11-15,us,WMT,49.383331298828125,49.48333358764648,48.79999923706055,48.970001220703125,28896000,,Yahoo Finance daily,2026-07-22T16:59:02
2021-11-16,us,WMT,48.36666870117188,48.893333435058594,47.43333435058594,47.723331451416016,73986600,,Yahoo Finance daily,2026-07-22T16:59:02
2021-11-17,us,WMT,47.720001220703125,48.2400016784668,47.27333450317383,47.31333160400391,33116100,,Yahoo Finance daily,2026-07-22T16:59:02
2021-11-18,us,WMT,47.380001068115234,47.76333236694336,46.95333480834961,47.720001220703125,24394200,,Yahoo Finance daily,2026-07-22T16:59:02
2021-11-19,us,WMT,47.87333297729492,48.0,47.31333160400391,47.46333312988281,28119300,,Yahoo Finance daily,2026-07-22T16:59:02
2021-11-22,us,WMT,47.5533332824707,48.45333480834961,47.33333206176758,48.2599983215332,29126400,,Yahoo Finance daily,2026-07-22T16:59:02
2021-11-23,us,WMT,48.08333206176758,48.65999984741211,47.75,48.60333251953125,29907900,,Yahoo Finance daily,2026-07-22T16:59:02
2021-11-24,us,WMT,48.57666778564453,49.02000045776367,48.54666519165039,48.8466682434082,18089400,,Yahoo Finance daily,2026-07-22T16:59:02
2021-11-26,us,WMT,48.81333160400391,49.29333114624024,48.13999938964844,48.29999923706055,21039600,,Yahoo Finance daily,2026-07-22T16:59:02
2021-11-29,us,WMT,48.33333206176758,48.41666793823242,47.40999984741211,47.54333114624024,33039600,,Yahoo Finance daily,2026-07-22T16:59:02
2021-11-30,us,WMT,47.15999984741211,47.5,46.66999816894531,46.87666702270508,64818900,,Yahoo Finance daily,2026-07-22T16:59:02
2021-12-01,us,WMT,46.83666610717773,46.90666580200195,45.68000030517578,45.71333312988281,36621300,,Yahoo Finance daily,2026-07-22T16:59:02
2021-12-02,us,WMT,45.87666702270508,46.14666748046875,45.08000183105469,45.15666580200195,39805800,,Yahoo Finance daily,2026-07-22T16:59:02
2021-12-03,us,WMT,45.28666687011719,45.959999084472656,45.0966682434082,45.83666610717773,44142600,,Yahoo Finance daily,2026-07-22T16:59:02
2021-12-06,us,WMT,45.85333251953125,46.45333480834961,45.70000076293945,46.33333206176758,32589300,,Yahoo Finance daily,2026-07-22T16:59:02
2021-12-07,us,WMT,46.53333282470703,46.61000061035156,46.02999877929688,46.18333435058594,37739100,,Yahoo Finance daily,2026-07-22T16:59:02
2021-12-08,us,WMT,46.02000045776367,46.16666793823242,45.33666610717773,45.71666717529297,34496400,,Yahoo Finance daily,2026-07-22T16:59:02
2021-12-09,us,WMT,45.54333114624024,46.18999862670898,45.23666763305664,46.16666793823242,32351700,,Yahoo Finance daily,2026-07-22T16:59:02
2021-12-10,us,WMT,46.11333465576172,47.09999847412109,45.856666564941406,47.0099983215332,38575500,,Yahoo Finance daily,2026-07-22T16:59:02
2021-12-13,us,WMT,46.74666595458984,47.91666793823242,46.66999816894531,47.856666564941406,54039300,,Yahoo Finance daily,2026-07-22T16:59:02
2021-12-14,us,WMT,47.76666641235352,48.426666259765625,47.383331298828125,48.31333160400391,46721400,,Yahoo Finance daily,2026-07-22T16:59:02
2021-12-15,us,WMT,48.4033317565918,48.823333740234375,47.79999923706055,48.59000015258789,33489900,,Yahoo Finance daily,2026-07-22T16:59:02
2021-12-16,us,WMT,48.59000015258789,48.84333419799805,47.630001068115234,47.77999877929688,39069600,,Yahoo Finance daily,2026-07-22T16:59:02
2021-12-17,us,WMT,47.58333206176758,47.98333358764648,46.130001068115234,46.25,78581100,,Yahoo Finance daily,2026-07-22T16:59:02
2021-12-20,us,WMT,46.040000915527344,46.58333206176758,45.86666870117188,46.400001525878906,31017900,,Yahoo Finance daily,2026-07-22T16:59:02
2021-12-21,us,WMT,46.29999923706055,46.619998931884766,46.00333404541016,46.540000915527344,24620400,,Yahoo Finance daily,2026-07-22T16:59:02
2021-12-22,us,WMT,46.633331298828125,46.663333892822266,46.176666259765625,46.59999847412109,17028000,,Yahoo Finance daily,2026-07-22T16:59:02
2021-12-23,us,WMT,46.59999847412109,46.720001220703125,46.28333282470703,46.49666595458984,17592600,,Yahoo Finance daily,2026-07-22T16:59:02
2021-12-27,us,WMT,46.53333282470703,46.956668853759766,46.52333450317383,46.91999816894531,16040700,,Yahoo Finance daily,2026-07-22T16:59:02
2021-12-28,us,WMT,46.86666870117188,47.65666580200195,46.86666870117188,47.59333419799805,15783000,,Yahoo Finance daily,2026-07-22T16:59:02
2021-12-29,us,WMT,47.5533332824707,47.84333419799805,47.43999862670898,47.56999969482422,13045200,,Yahoo Finance daily,2026-07-22T16:59:02
2021-12-30,us,WMT,47.75333404541016,47.900001525878906,47.49333190917969,47.723331451416016,14949000,,Yahoo Finance daily,2026-07-22T16:59:02
2021-12-31,us,WMT,47.73333358764648,48.3466682434082,47.63999938964844,48.22999954223633,17947800,,Yahoo Finance daily,2026-07-22T16:59:02
2022-01-03,us,WMT,48.0,48.26333236694336,47.66999816894531,48.21666717529297,20706600,,Yahoo Finance daily,2026-07-22T16:59:02
2022-01-04,us,WMT,48.01333236694336,48.380001068115234,47.25333404541016,47.33333206176758,33930000,,Yahoo Finance daily,2026-07-22T16:59:02
2022-01-05,us,WMT,47.61666870117188,48.650001525878906,47.58000183105469,47.973331451416016,35418000,,Yahoo Finance daily,2026-07-22T16:59:02
2022-01-06,us,WMT,47.87333297729492,48.21333312988281,47.46666717529297,47.84000015258789,21828900,,Yahoo Finance daily,2026-07-22T16:59:02
2022-01-07,us,WMT,47.83333206176758,48.45333480834961,47.6533317565918,48.29666519165039,19723500,,Yahoo Finance daily,2026-07-22T16:59:02
2022-01-10,us,WMT,48.47999954223633,48.52999877929688,47.706668853759766,48.20333480834961,22731600,,Yahoo Finance daily,2026-07-22T16:59:02
2022-01-11,us,WMT,48.06999969482422,48.206668853759766,47.72666549682617,48.06666564941406,21668700,,Yahoo Finance daily,2026-07-22T16:59:02
2022-01-12,us,WMT,47.893333435058594,47.98666763305664,47.66666793823242,47.81333160400391,18946800,,Yahoo Finance daily,2026-07-22T16:59:02
2022-01-13,us,WMT,47.810001373291016,48.560001373291016,47.70333480834961,48.4900016784668,24252600,,Yahoo Finance daily,2026-07-22T16:59:02
2022-01-14,us,WMT,48.073333740234375,48.87666702270508,48.073333740234375,48.35333251953125,26867400,,Yahoo Finance daily,2026-07-22T16:59:02
2022-01-18,us,WMT,48.13666534423828,48.23333358764648,47.37666702270508,47.50666809082031,21123900,,Yahoo Finance daily,2026-07-22T16:59:02
2022-01-19,us,WMT,47.51333236694336,48.33000183105469,47.30666732788086,47.97999954223633,22674000,,Yahoo Finance daily,2026-07-22T16:59:02
2022-01-20,us,WMT,47.45000076293945,48.1533317565918,47.02333450317383,47.073333740234375,22387200,,Yahoo Finance daily,2026-07-22T16:59:02
2022-01-21,us,WMT,47.073333740234375,47.41999816894531,46.686668395996094,46.72999954223633,27508200,,Yahoo Finance daily,2026-07-22T16:59:02
2022-01-24,us,WMT,46.356666564941406,46.84333419799805,45.77000045776367,46.73333358764648,28699200,,Yahoo Finance daily,2026-07-22T16:59:02
2022-01-25,us,WMT,46.663333892822266,46.790000915527344,45.60333251953125,45.71666717529297,29479500,,Yahoo Finance daily,2026-07-22T16:59:02
2022-01-26,us,WMT,45.77999877929688,46.26333236694336,45.0533332824707,45.25,26185500,,Yahoo Finance daily,2026-07-22T16:59:02
2022-01-27,us,WMT,45.63999938964844,46.36000061035156,45.12333297729492,45.27999877929688,27759000,,Yahoo Finance daily,2026-07-22T16:59:02
2022-01-28,us,WMT,45.33333206176758,45.856666564941406,44.650001525878906,45.84000015258789,25131900,,Yahoo Finance daily,2026-07-22T16:59:02
2022-01-31,us,WMT,45.6966667175293,46.68000030517578,45.56666564941406,46.60333251953125,20193600,,Yahoo Finance daily,2026-07-22T16:59:02
2022-02-01,us,WMT,46.4033317565918,47.04999923706055,46.33000183105469,46.970001220703125,20323200,,Yahoo Finance daily,2026-07-22T16:59:02
2022-02-02,us,WMT,47.0,47.21333312988281,46.71666717529297,46.95000076293945,18149700,,Yahoo Finance daily,2026-07-22T16:59:02
2022-02-03,us,WMT,46.75333404541016,47.33000183105469,46.59000015258789,46.99666595458984,20741100,,Yahoo Finance daily,2026-07-22T16:59:02
2022-02-04,us,WMT,46.96333312988281,47.0,46.11666870117188,46.44333267211914,22036500,,Yahoo Finance daily,2026-07-22T16:59:02
2022-02-07,us,WMT,46.686668395996094,46.68999862670898,45.869998931884766,45.98666763305664,20010300,,Yahoo Finance daily,2026-07-22T16:59:02
2022-02-08,us,WMT,46.106666564941406,46.413333892822266,45.83666610717773,45.99666595458984,19458900,,Yahoo Finance daily,2026-07-22T16:59:02
2022-02-09,us,WMT,46.16666793823242,46.26333236694336,45.823333740234375,45.89666748046875,21473700,,Yahoo Finance daily,2026-07-22T16:59:02
2022-02-10,us,WMT,45.51666641235352,45.66999816894531,45.1533317565918,45.36000061035156,27810600,,Yahoo Finance daily,2026-07-22T16:59:02
2022-02-11,us,WMT,45.606666564941406,45.72666549682617,44.723331451416016,45.11000061035156,23733300,,Yahoo Finance daily,2026-07-22T16:59:02
2022-02-14,us,WMT,45.11000061035156,45.31999969482422,44.23666763305664,44.650001525878906,29363400,,Yahoo Finance daily,2026-07-22T16:59:02
2022-02-15,us,WMT,44.913333892822266,45.223331451416016,44.5966682434082,44.790000915527344,21824400,,Yahoo Finance daily,2026-07-22T16:59:02
2022-02-16,us,WMT,44.776668548583984,44.959999084472656,44.23333358764648,44.5099983215332,28490700,,Yahoo Finance daily,2026-07-22T16:59:02
2022-02-17,us,WMT,44.66666793823242,46.4900016784668,44.59333419799805,46.29333114624024,53831400,,Yahoo Finance daily,2026-07-22T16:59:02
2022-02-18,us,WMT,46.03333282470703,46.52999877929688,45.720001220703125,45.99666595458984,31103400,,Yahoo Finance daily,2026-07-22T16:59:02
2022-02-22,us,WMT,45.92333221435547,46.08000183105469,45.31333160400391,45.48333358764648,25380900,,Yahoo Finance daily,2026-07-22T16:59:02
2022-02-23,us,WMT,45.619998931884766,45.72999954223633,44.9466667175293,45.01666641235352,21030900,,Yahoo Finance daily,2026-07-22T16:59:02
2022-02-24,us,WMT,44.63666534423828,45.00333404541016,44.00333404541016,44.84333419799805,31717500,,Yahoo Finance daily,2026-07-22T16:59:02
2022-02-25,us,WMT,44.936668395996094,45.59333419799805,44.6966667175293,45.459999084472656,24997800,,Yahoo Finance daily,2026-07-22T16:59:02
2022-02-28,us,WMT,45.0,45.356666564941406,44.59000015258789,45.0533332824707,26286600,,Yahoo Finance daily,2026-07-22T16:59:02
2022-03-01,us,WMT,45.290000915527344,45.96333312988281,45.00666809082031,45.33000183105469,24024900,,Yahoo Finance daily,2026-07-22T16:59:02
2022-03-02,us,WMT,45.220001220703125,45.61000061035156,45.060001373291016,45.38666534423828,23863800,,Yahoo Finance daily,2026-07-22T16:59:02
2022-03-03,us,WMT,45.76333236694336,46.823333740234375,45.51666641235352,46.43000030517578,29885100,,Yahoo Finance daily,2026-07-22T16:59:02
2022-03-04,us,WMT,45.936668395996094,47.64666748046875,45.86333465576172,47.606666564941406,35576400,,Yahoo Finance daily,2026-07-22T16:59:02
2022-03-07,us,WMT,47.09999847412109,47.87666702270508,46.81666564941406,47.223331451416016,45870000,,Yahoo Finance daily,2026-07-22T16:59:02
2022-03-08,us,WMT,47.16666793823242,47.48666763305664,46.19333267211914,46.24666595458984,28305600,,Yahoo Finance daily,2026-07-22T16:59:02
2022-03-09,us,WMT,46.66666793823242,46.74666595458984,46.04666519165039,46.48666763305664,22122900,,Yahoo Finance daily,2026-07-22T16:59:02
2022-03-10,us,WMT,46.49666595458984,47.66666793823242,46.33666610717773,47.54333114624024,27512700,,Yahoo Finance daily,2026-07-22T16:59:02
2022-03-11,us,WMT,47.43333435058594,48.01666641235352,47.29333114624024,47.356666564941406,19162200,,Yahoo Finance daily,2026-07-22T16:59:02
2022-03-14,us,WMT,47.34000015258789,48.28333282470703,47.33000183105469,48.01666641235352,22646400,,Yahoo Finance daily,2026-07-22T16:59:02
2022-03-15,us,WMT,48.176666259765625,48.71666717529297,47.95000076293945,48.59333419799805,22872600,,Yahoo Finance daily,2026-07-22T16:59:02
2022-03-16,us,WMT,48.46333312988281,48.97999954223633,47.900001525878906,48.45000076293945,24615900,,Yahoo Finance daily,2026-07-22T16:59:02
2022-03-17,us,WMT,48.150001525878906,48.43333435058594,47.54999923706055,48.33666610717773,19023000,,Yahoo Finance daily,2026-07-22T16:59:02
2022-03-18,us,WMT,48.393333435058594,48.52333450317383,48.03666687011719,48.47999954223633,31233300,,Yahoo Finance daily,2026-07-22T16:59:02
2022-03-21,us,WMT,48.47666549682617,49.0966682434082,47.87333297729492,48.07666778564453,21350700,,Yahoo Finance daily,2026-07-22T16:59:02
2022-03-22,us,WMT,48.20333480834961,48.323333740234375,47.65999984741211,47.93333435058594,20235000,,Yahoo Finance daily,2026-07-22T16:59:02
2022-03-23,us,WMT,47.71333312988281,47.90999984741211,47.17333221435547,47.31666564941406,19625400,,Yahoo Finance daily,2026-07-22T16:59:02
2022-03-24,us,WMT,47.46333312988281,47.970001220703125,47.29333114624024,47.61000061035156,13440900,,Yahoo Finance daily,2026-07-22T16:59:02
2022-03-25,us,WMT,47.81666564941406,47.97666549682617,47.41999816894531,47.81666564941406,14085300,,Yahoo Finance daily,2026-07-22T16:59:02
2022-03-28,us,WMT,47.83333206176758,48.686668395996094,47.76666641235352,48.66666793823242,20105700,,Yahoo Finance daily,2026-07-22T16:59:02
2022-03-29,us,WMT,48.86666870117188,49.36666870117188,48.75,49.07666778564453,19934400,,Yahoo Finance daily,2026-07-22T16:59:02
2022-03-30,us,WMT,49.04333114624024,50.060001373291016,49.01333236694336,49.956668853759766,24991500,,Yahoo Finance daily,2026-07-22T16:59:02
2022-03-31,us,WMT,49.5966682434082,50.18000030517578,49.393333435058594,49.63999938964844,27163800,,Yahoo Finance daily,2026-07-22T16:59:02
2022-04-01,us,WMT,49.88666534423828,50.42333221435547,49.61333465576172,50.33666610717773,20939700,,Yahoo Finance daily,2026-07-22T16:59:02
2022-04-04,us,WMT,50.3033332824707,51.06666564941406,50.026668548583984,50.3466682434082,25332600,,Yahoo Finance daily,2026-07-22T16:59:02
2022-04-05,us,WMT,50.29333114624024,51.11000061035156,50.29333114624024,50.4900016784668,18657900,,Yahoo Finance daily,2026-07-22T16:59:02
2022-04-06,us,WMT,50.34000015258789,51.80666732788086,50.16666793823242,51.663333892822266,28018500,,Yahoo Finance daily,2026-07-22T16:59:02
2022-04-07,us,WMT,51.70000076293945,52.51333236694336,51.47999954223633,52.18000030517578,27088200,,Yahoo Finance daily,2026-07-22T16:59:02
2022-04-08,us,WMT,52.3033332824707,52.8033332824707,52.06999969482422,52.470001220703125,23294400,,Yahoo Finance daily,2026-07-22T16:59:02
2022-04-11,us,WMT,52.323333740234375,52.74666595458984,51.209999084472656,51.43000030517578,24712800,,Yahoo Finance daily,2026-07-22T16:59:02
2022-04-12,us,WMT,51.413333892822266,51.79999923706055,50.84999847412109,51.07666778564453,26761200,,Yahoo Finance daily,2026-07-22T16:59:02
2022-04-13,us,WMT,51.150001525878906,52.5966682434082,51.11666870117188,52.40666580200195,29284500,,Yahoo Finance daily,2026-07-22T16:59:02
2022-04-14,us,WMT,52.369998931884766,52.76333236694336,52.143333435058594,52.36000061035156,22360500,,Yahoo Finance daily,2026-07-22T16:59:02
2022-04-18,us,WMT,52.25,52.65999984741211,51.73666763305664,51.959999084472656,14671800,,Yahoo Finance daily,2026-07-22T16:59:02
2022-04-19,us,WMT,52.223331451416016,52.650001525878906,52.01333236694336,52.54999923706055,15855000,,Yahoo Finance daily,2026-07-22T16:59:02
2022-04-20,us,WMT,52.78333282470703,53.45000076293945,52.76333236694336,53.209999084472656,19821600,,Yahoo Finance daily,2026-07-22T16:59:02
2022-04-21,us,WMT,53.30666732788086,53.59000015258789,53.02333450317383,53.290000915527344,18168300,,Yahoo Finance daily,2026-07-22T16:59:02
2022-04-22,us,WMT,53.41666793823242,53.45333480834961,52.220001220703125,52.28666687011719,21046200,,Yahoo Finance daily,2026-07-22T16:59:02
2022-04-25,us,WMT,52.12333297729492,52.4900016784668,51.45000076293945,52.31333160400391,18057600,,Yahoo Finance daily,2026-07-22T16:59:02
2022-04-26,us,WMT,52.12333297729492,52.709999084472656,51.73333358764648,51.76666641235352,19601100,,Yahoo Finance daily,2026-07-22T16:59:02
2022-04-27,us,WMT,51.84333419799805,52.06666564941406,51.34000015258789,51.413333892822266,17496900,,Yahoo Finance daily,2026-07-22T16:59:02
2022-04-28,us,WMT,51.74333190917969,52.32666778564453,51.36666870117188,52.06999969482422,14955900,,Yahoo Finance daily,2026-07-22T16:59:02
2022-04-29,us,WMT,51.936668395996094,52.073333740234375,50.9033317565918,50.99666595458984,21088800,,Yahoo Finance daily,2026-07-22T16:59:02
2022-05-02,us,WMT,51.6533317565918,51.663333892822266,50.106666564941406,50.65999984741211,20016000,,Yahoo Finance daily,2026-07-22T16:59:02
2022-05-03,us,WMT,50.810001373291016,51.426666259765625,50.59333419799805,50.83666610717773,17950500,,Yahoo Finance daily,2026-07-22T16:59:02
2022-05-04,us,WMT,50.676666259765625,51.606666564941406,50.50333404541016,51.540000915527344,20022600,,Yahoo Finance daily,2026-07-22T16:59:02
2022-05-05,us,WMT,51.21333312988281,51.276668548583984,50.46666717529297,50.913333892822266,23234400,,Yahoo Finance daily,2026-07-22T16:59:02
2022-05-06,us,WMT,50.56999969482422,51.31666564941406,49.42333221435547,49.85333251953125,34258200,,Yahoo Finance daily,2026-07-22T16:59:02
2022-05-09,us,WMT,49.4900016784668,51.03333282470703,49.39666748046875,50.436668395996094,28207200,,Yahoo Finance daily,2026-07-22T16:59:02
2022-05-10,us,WMT,50.47666549682617,50.76333236694336,49.52000045776367,49.72666549682617,24861300,,Yahoo Finance daily,2026-07-22T16:59:02
2022-05-11,us,WMT,49.79999923706055,50.25,48.970001220703125,49.206668853759766,27878700,,Yahoo Finance daily,2026-07-22T16:59:02
2022-05-12,us,WMT,49.28666687011719,50.04999923706055,48.84000015258789,49.15999984741211,25244400,,Yahoo Finance daily,2026-07-22T16:59:02
2022-05-13,us,WMT,49.23666763305664,49.459999084472656,48.71333312988281,49.34999847412109,19962300,,Yahoo Finance daily,2026-07-22T16:59:02
2022-05-16,us,WMT,49.79333114624024,49.90999984741211,48.81999969482422,49.4033317565918,21449100,,Yahoo Finance daily,2026-07-22T16:59:02
2022-05-17,us,WMT,45.47666549682617,45.81333160400391,43.54666519165039,43.78333282470703,132940200,,Yahoo Finance daily,2026-07-22T16:59:02
2022-05-18,us,WMT,42.676666259765625,42.75666809082031,40.5099983215332,40.810001373291016,104253000,,Yahoo Finance daily,2026-07-22T16:59:02
2022-05-19,us,WMT,40.290000915527344,40.5966682434082,39.53333282470703,39.68999862670898,71008500,,Yahoo Finance daily,2026-07-22T16:59:02
2022-05-20,us,WMT,39.880001068115234,40.27999877929688,39.09000015258789,39.73333358764648,49356000,,Yahoo Finance daily,2026-07-22T16:59:02
2022-05-23,us,WMT,39.973331451416016,41.25666809082031,39.95333480834961,40.86666870117188,43680900,,Yahoo Finance daily,2026-07-22T16:59:02
2022-05-24,us,WMT,40.4033317565918,41.51666641235352,40.36000061035156,41.37666702270508,34584900,,Yahoo Finance daily,2026-07-22T16:59:02
2022-05-25,us,WMT,41.33333206176758,41.55666732788086,40.86666870117188,41.12333297729492,27121800,,Yahoo Finance daily,2026-07-22T16:59:02
2022-05-26,us,WMT,41.76666641235352,42.133331298828125,41.46666717529297,42.0,28197600,,Yahoo Finance daily,2026-07-22T16:59:02
2022-05-27,us,WMT,41.83000183105469,42.87333297729492,41.77000045776367,42.82666778564453,25299900,,Yahoo Finance daily,2026-07-22T16:59:02
2022-05-31,us,WMT,42.48666763305664,43.29999923706055,42.473331451416016,42.87666702270508,36912300,,Yahoo Finance daily,2026-07-22T16:59:02
2022-06-01,us,WMT,42.83333206176758,42.973331451416016,41.560001373291016,41.81666564941406,28534800,,Yahoo Finance daily,2026-07-22T16:59:02
2022-06-02,us,WMT,41.856666564941406,42.5099983215332,41.44333267211914,42.50333404541016,23214300,,Yahoo Finance daily,2026-07-22T16:59:02
2022-06-03,us,WMT,42.223331451416016,42.473331451416016,41.6966667175293,41.77333450317383,18302700,,Yahoo Finance daily,2026-07-22T16:59:02
2022-06-06,us,WMT,41.93999862670898,42.09999847412109,41.52999877929688,41.62333297729492,19855500,,Yahoo Finance daily,2026-07-22T16:59:02
2022-06-07,us,WMT,40.413333892822266,41.163333892822266,40.29333114624024,41.12333297729492,47707800,,Yahoo Finance daily,2026-07-22T16:59:02
2022-06-08,us,WMT,40.78333282470703,41.3033332824707,40.650001525878906,40.76666641235352,22522800,,Yahoo Finance daily,2026-07-22T16:59:02
2022-06-09,us,WMT,40.66666793823242,41.45000076293945,40.33000183105469,40.34000015258789,19880100,,Yahoo Finance daily,2026-07-22T16:59:02
2022-06-10,us,WMT,39.91666793823242,40.913333892822266,39.77999877929688,40.56666564941406,25238100,,Yahoo Finance daily,2026-07-22T16:59:02
2022-06-13,us,WMT,39.913333892822266,40.413333892822266,39.6966667175293,39.8033332824707,24897900,,Yahoo Finance daily,2026-07-22T16:59:02
2022-06-14,us,WMT,39.709999084472656,40.0,39.38999938964844,39.81999969482422,21544200,,Yahoo Finance daily,2026-07-22T16:59:02
2022-06-15,us,WMT,39.9900016784668,40.13666534423828,39.29999923706055,39.79333114624024,25914000,,Yahoo Finance daily,2026-07-22T16:59:02
2022-06-16,us,WMT,39.45000076293945,40.58666610717773,39.40999984741211,40.206668853759766,30706800,,Yahoo Finance daily,2026-07-22T16:59:02
2022-06-17,us,WMT,40.00666809082031,40.29333114624024,39.323333740234375,39.43000030517578,36838800,,Yahoo Finance daily,2026-07-22T16:59:02
2022-06-21,us,WMT,39.43333435058594,40.926666259765625,39.40666580200195,40.723331451416016,23916600,,Yahoo Finance daily,2026-07-22T16:59:02
2022-06-22,us,WMT,40.70000076293945,41.08333206176758,40.1966667175293,40.22999954223633,20235000,,Yahoo Finance daily,2026-07-22T16:59:02
2022-06-23,us,WMT,40.58333206176758,41.31999969482422,40.400001525878906,41.206668853759766,18040800,,Yahoo Finance daily,2026-07-22T16:59:02
2022-06-24,us,WMT,41.36333465576172,41.77000045776367,41.0533332824707,41.2400016784668,31845900,,Yahoo Finance daily,2026-07-22T16:59:02
2022-06-27,us,WMT,41.2599983215332,41.58000183105469,40.93000030517578,41.37333297729492,19889100,,Yahoo Finance daily,2026-07-22T16:59:02
2022-06-28,us,WMT,41.5533332824707,41.856666564941406,40.76333236694336,40.790000915527344,15399000,,Yahoo Finance daily,2026-07-22T16:59:02
2022-06-29,us,WMT,40.96333312988281,41.11666870117188,40.323333740234375,40.63999938964844,19111500,,Yahoo Finance daily,2026-07-22T16:59:02
2022-06-30,us,WMT,40.29333114624024,40.686668395996094,39.96333312988281,40.526668548583984,19166100,,Yahoo Finance daily,2026-07-22T16:59:02
2022-07-01,us,WMT,40.64666748046875,40.973331451416016,40.38666534423828,40.87666702270508,17460900,,Yahoo Finance daily,2026-07-22T16:59:02
2022-07-05,us,WMT,40.73666763305664,41.50333404541016,40.53666687011719,41.41666793823242,18218100,,Yahoo Finance daily,2026-07-22T16:59:02
2022-07-06,us,WMT,41.49333190917969,42.09333419799805,41.43333435058594,41.709999084472656,21300000,,Yahoo Finance daily,2026-07-22T16:59:02
2022-07-07,us,WMT,41.72999954223633,41.84333419799805,41.37333297729492,41.77333450317383,17487300,,Yahoo Finance daily,2026-07-22T16:59:02
2022-07-08,us,WMT,41.93999862670898,42.20333480834961,41.71666717529297,41.79999923706055,14751000,,Yahoo Finance daily,2026-07-22T16:59:02
2022-07-11,us,WMT,41.67333221435547,42.11000061035156,41.540000915527344,41.81666564941406,11532900,,Yahoo Finance daily,2026-07-22T16:59:02
2022-07-12,us,WMT,41.70333480834961,42.37666702270508,41.573333740234375,41.68999862670898,13732200,,Yahoo Finance daily,2026-07-22T16:59:02
2022-07-13,us,WMT,41.47999954223633,42.1533317565918,41.3033332824707,41.790000915527344,12689100,,Yahoo Finance daily,2026-07-22T16:59:02
2022-07-14,us,WMT,41.38666534423828,42.77333450317383,41.380001068115234,42.606666564941406,20905500,,Yahoo Finance daily,2026-07-22T16:59:02
2022-07-15,us,WMT,42.93333435058594,43.42333221435547,42.68333435058594,43.02333450317383,21184200,,Yahoo Finance daily,2026-07-22T16:59:02
2022-07-18,us,WMT,42.883331298828125,43.43333435058594,42.75333404541016,42.92333221435547,14243700,,Yahoo Finance daily,2026-07-22T16:59:02
2022-07-19,us,WMT,43.130001068115234,43.31999969482422,42.86666870117188,43.186668395996094,16995300,,Yahoo Finance daily,2026-07-22T16:59:02
2022-07-20,us,WMT,43.50333404541016,43.77000045776367,43.16666793823242,43.54666519165039,18564900,,Yahoo Finance daily,2026-07-22T16:59:02
2022-07-21,us,WMT,43.560001373291016,44.186668395996094,43.5,44.18333435058594,18764700,,Yahoo Finance daily,2026-07-22T16:59:02
2022-07-22,us,WMT,44.18000030517578,44.46333312988281,43.74333190917969,44.06999969482422,13616400,,Yahoo Finance daily,2026-07-22T16:59:02
2022-07-25,us,WMT,44.130001068115234,44.23333358764648,43.81999969482422,44.00666809082031,20535300,,Yahoo Finance daily,2026-07-22T16:59:02
2022-07-26,us,WMT,40.37666702270508,40.89666748046875,40.02000045776367,40.65999984741211,95391600,,Yahoo Finance daily,2026-07-22T16:59:02
2022-07-27,us,WMT,40.413333892822266,42.25666809082031,40.34333419799805,42.1966667175293,42159600,,Yahoo Finance daily,2026-07-22T16:59:02
2022-07-28,us,WMT,42.09000015258789,43.50333404541016,42.09000015258789,43.25,33262200,,Yahoo Finance daily,2026-07-22T16:59:02
2022-07-29,us,WMT,42.77333450317383,44.08666610717773,42.66999816894531,44.01666641235352,30141900,,Yahoo Finance daily,2026-07-22T16:59:02
2022-08-01,us,WMT,43.686668395996094,44.74333190917969,43.66666793823242,44.18000030517578,24996300,,Yahoo Finance daily,2026-07-22T16:59:02
2022-08-02,us,WMT,44.383331298828125,44.56999969482422,43.79999923706055,44.22666549682617,19695000,,Yahoo Finance daily,2026-07-22T16:59:02
2022-08-03,us,WMT,44.0533332824707,44.31333160400391,43.28666687011719,43.5,32003100,,Yahoo Finance daily,2026-07-22T16:59:02
2022-08-04,us,WMT,43.55666732788086,43.59999847412109,41.776668548583984,41.856666564941406,53106000,,Yahoo Finance daily,2026-07-22T16:59:02
2022-08-05,us,WMT,41.83666610717773,42.27000045776367,41.706668853759766,42.19333267211914,32007000,,Yahoo Finance daily,2026-07-22T16:59:02
2022-08-08,us,WMT,42.21666717529297,42.73666763305664,42.20333480834961,42.53666687011719,18175200,,Yahoo Finance daily,2026-07-22T16:59:02
2022-08-09,us,WMT,42.630001068115234,42.9900016784668,42.4033317565918,42.956668853759766,19325100,,Yahoo Finance daily,2026-07-22T16:59:02
2022-08-10,us,WMT,43.33333206176758,43.383331298828125,42.79666519165039,43.04666519165039,25251000,,Yahoo Finance daily,2026-07-22T16:59:02
2022-08-11,us,WMT,43.23333358764648,43.456668853759766,42.86666870117188,43.27333450317383,23854500,,Yahoo Finance daily,2026-07-22T16:59:02
2022-08-12,us,WMT,43.33333206176758,44.27999877929688,43.27333450317383,44.073333740234375,26625000,,Yahoo Finance daily,2026-07-22T16:59:02
2022-08-15,us,WMT,43.87666702270508,44.52333450317383,43.78666687011719,44.20000076293945,26516100,,Yahoo Finance daily,2026-07-22T16:59:02
2022-08-16,us,WMT,46.29999923706055,46.97666549682617,46.06333160400391,46.456668853759766,91773300,,Yahoo Finance daily,2026-07-22T16:59:02
2022-08-17,us,WMT,46.18999862670898,47.573333740234375,46.133331298828125,46.50666809082031,41792100,,Yahoo Finance daily,2026-07-22T16:59:02
2022-08-18,us,WMT,46.5099983215332,46.80666732788086,46.16666793823242,46.356666564941406,19197600,,Yahoo Finance daily,2026-07-22T16:59:02
2022-08-19,us,WMT,46.30666732788086,46.356666564941406,45.63666534423828,45.67333221435547,22918800,,Yahoo Finance daily,2026-07-22T16:59:02
2022-08-22,us,WMT,45.400001525878906,45.573333740234375,44.81333160400391,44.856666564941406,18667200,,Yahoo Finance daily,2026-07-22T16:59:02
2022-08-23,us,WMT,44.869998931884766,44.98666763305664,44.4033317565918,44.66666793823242,16955100,,Yahoo Finance daily,2026-07-22T16:59:02
2022-08-24,us,WMT,44.78333282470703,45.0966682434082,44.53333282470703,44.9900016784668,15766500,,Yahoo Finance daily,2026-07-22T16:59:02
2022-08-25,us,WMT,45.09333419799805,45.33000183105469,45.0099983215332,45.290000915527344,19414500,,Yahoo Finance daily,2026-07-22T16:59:02
2022-08-26,us,WMT,45.369998931884766,45.61000061035156,43.83666610717773,43.86666870117188,21331800,,Yahoo Finance daily,2026-07-22T16:59:02
2022-08-29,us,WMT,43.61000061035156,44.62333297729492,43.52999877929688,44.29333114624024,17381700,,Yahoo Finance daily,2026-07-22T16:59:02
2022-08-30,us,WMT,44.4466667175293,44.54999923706055,43.913333892822266,44.15999984741211,14468100,,Yahoo Finance daily,2026-07-22T16:59:02
2022-08-31,us,WMT,44.2599983215332,44.5966682434082,43.97666549682617,44.18333435058594,22460700,,Yahoo Finance daily,2026-07-22T16:59:02
2022-09-01,us,WMT,44.18000030517578,45.04666519165039,44.133331298828125,44.82666778564453,21741900,,Yahoo Finance daily,2026-07-22T16:59:02
2022-09-02,us,WMT,44.95000076293945,45.223331451416016,44.14666748046875,44.33333206176758,17234400,,Yahoo Finance daily,2026-07-22T16:59:02
2022-09-06,us,WMT,44.34999847412109,44.540000915527344,43.573333740234375,44.11333465576172,21899700,,Yahoo Finance daily,2026-07-22T16:59:02
2022-09-07,us,WMT,44.35333251953125,45.323333740234375,44.24666595458984,45.24666595458984,17058900,,Yahoo Finance daily,2026-07-22T16:59:02
2022-09-08,us,WMT,45.133331298828125,45.62333297729492,44.959999084472656,45.47666549682617,16956000,,Yahoo Finance daily,2026-07-22T16:59:02
2022-09-09,us,WMT,45.43333435058594,45.83333206176758,45.37666702270508,45.61333465576172,16140600,,Yahoo Finance daily,2026-07-22T16:59:02
2022-09-12,us,WMT,45.69333267211914,46.08333206176758,45.65666580200195,46.02333450317383,14284500,,Yahoo Finance daily,2026-07-22T16:59:02
2022-09-13,us,WMT,45.619998931884766,45.98333358764648,44.936668395996094,45.073333740234375,17687400,,Yahoo Finance daily,2026-07-22T16:59:02
2022-09-14,us,WMT,45.209999084472656,45.5099983215332,44.70000076293945,44.973331451416016,19934700,,Yahoo Finance daily,2026-07-22T16:59:02
2022-09-15,us,WMT,45.01666641235352,45.04999923706055,44.323333740234375,44.4900016784668,20189400,,Yahoo Finance daily,2026-07-22T16:59:02
2022-09-16,us,WMT,44.0,44.84999847412109,43.7599983215332,44.39666748046875,41874300,,Yahoo Finance daily,2026-07-22T16:59:02
2022-09-19,us,WMT,44.27333450317383,44.91999816894531,44.15666580200195,44.776668548583984,16853100,,Yahoo Finance daily,2026-07-22T16:59:02
2022-09-20,us,WMT,44.49333190917969,44.62666702270508,44.18000030517578,44.51666641235352,13963500,,Yahoo Finance daily,2026-07-22T16:59:02
2022-09-21,us,WMT,45.14666748046875,45.81666564941406,44.87333297729492,44.92333221435547,24903600,,Yahoo Finance daily,2026-07-22T16:59:02
2022-09-22,us,WMT,44.856666564941406,44.90666580200195,44.27999877929688,44.46333312988281,16744500,,Yahoo Finance daily,2026-07-22T16:59:02
2022-09-23,us,WMT,44.290000915527344,44.393333435058594,42.92333221435547,43.35333251953125,27195300,,Yahoo Finance daily,2026-07-22T16:59:02
2022-09-26,us,WMT,42.91666793823242,44.04666519165039,42.75666809082031,43.77000045776367,23011200,,Yahoo Finance daily,2026-07-22T16:59:02
2022-09-27,us,WMT,44.07666778564453,44.47666549682617,43.43333435058594,43.650001525878906,17171700,,Yahoo Finance daily,2026-07-22T16:59:02
2022-09-28,us,WMT,43.8033332824707,44.54999923706055,43.2400016784668,44.369998931884766,16838400,,Yahoo Finance daily,2026-07-22T16:59:02
2022-09-29,us,WMT,44.5,44.706668853759766,43.87666702270508,44.08333206176758,15241500,,Yahoo Finance daily,2026-07-22T16:59:02
2022-09-30,us,WMT,44.08000183105469,44.119998931884766,43.23333358764648,43.23333358764648,19602300,,Yahoo Finance daily,2026-07-22T16:59:02
2022-10-03,us,WMT,43.413333892822266,44.26333236694336,43.33666610717773,44.176666259765625,17574900,,Yahoo Finance daily,2026-07-22T16:59:02
2022-10-04,us,WMT,44.619998931884766,45.06666564941406,44.456668853759766,44.75,16134300,,Yahoo Finance daily,2026-07-22T16:59:02
2022-10-05,us,WMT,44.58666610717773,44.87333297729492,44.16999816894531,44.30666732788086,14553900,,Yahoo Finance daily,2026-07-22T16:59:02
2022-10-06,us,WMT,44.36000061035156,44.82666778564453,43.86000061035156,43.893333435058594,14200500,,Yahoo Finance daily,2026-07-22T16:59:02
2022-10-07,us,WMT,43.77000045776367,43.883331298828125,42.68999862670898,42.85333251953125,17080500,,Yahoo Finance daily,2026-07-22T16:59:02
2022-10-10,us,WMT,43.176666259765625,43.310001373291016,42.7599983215332,43.106666564941406,11411700,,Yahoo Finance daily,2026-07-22T16:59:02
2022-10-11,us,WMT,43.16999816894531,44.59999847412109,43.1533317565918,44.223331451416016,21276000,,Yahoo Finance daily,2026-07-22T16:59:02
2022-10-12,us,WMT,44.33666610717773,44.92333221435547,43.65666580200195,43.723331451416016,16947600,,Yahoo Finance daily,2026-07-22T16:59:02
2022-10-13,us,WMT,43.09333419799805,44.31333160400391,42.790000915527344,44.09333419799805,20545500,,Yahoo Finance daily,2026-07-22T16:59:02
2022-10-14,us,WMT,44.14666748046875,44.40666580200195,43.34999847412109,43.47666549682617,16641000,,Yahoo Finance daily,2026-07-22T16:59:02
2022-10-17,us,WMT,43.6533317565918,44.276668548583984,43.52999877929688,43.790000915527344,17812500,,Yahoo Finance daily,2026-07-22T16:59:02
2022-10-18,us,WMT,44.47666549682617,45.03333282470703,44.44333267211914,44.71333312988281,16842300,,Yahoo Finance daily,2026-07-22T16:59:02
2022-10-19,us,WMT,44.776668548583984,44.90999984741211,44.323333740234375,44.58666610717773,11339400,,Yahoo Finance daily,2026-07-22T16:59:02
2022-10-20,us,WMT,44.65999984741211,45.133331298828125,44.54999923706055,44.6966667175293,12754800,,Yahoo Finance daily,2026-07-22T16:59:02
2022-10-21,us,WMT,44.936668395996094,45.8033332824707,44.66666793823242,45.59999847412109,18134700,,Yahoo Finance daily,2026-07-22T16:59:02
2022-10-24,us,WMT,45.81666564941406,46.82666778564453,45.709999084472656,46.470001220703125,18806700,,Yahoo Finance daily,2026-07-22T16:59:02
2022-10-25,us,WMT,46.36333465576172,46.81333160400391,46.106666564941406,46.68999862670898,15051300,,Yahoo Finance daily,2026-07-22T16:59:02
2022-10-26,us,WMT,46.78666687011719,47.3466682434082,46.606666564941406,47.04666519165039,20754300,,Yahoo Finance daily,2026-07-22T16:59:02
2022-10-27,us,WMT,47.00333404541016,47.36666870117188,46.76333236694336,46.90999984741211,16602900,,Yahoo Finance daily,2026-07-22T16:59:02
2022-10-28,us,WMT,46.68333435058594,47.633331298828125,46.68000030517578,47.50333404541016,13648200,,Yahoo Finance daily,2026-07-22T16:59:02
2022-10-31,us,WMT,47.4466667175293,47.68999862670898,47.25666809082031,47.44333267211914,22572000,,Yahoo Finance daily,2026-07-22T16:59:02
2022-11-01,us,WMT,47.65666580200195,47.84999847412109,47.16666793823242,47.22999954223633,14814300,,Yahoo Finance daily,2026-07-22T16:59:02
2022-11-02,us,WMT,47.0533332824707,47.856666564941406,46.900001525878906,46.91666793823242,15522000,,Yahoo Finance daily,2026-07-22T16:59:02
2022-11-03,us,WMT,46.50333404541016,47.23666763305664,46.36000061035156,46.90666580200195,10976400,,Yahoo Finance daily,2026-07-22T16:59:02
2022-11-04,us,WMT,47.34333419799805,47.4033317565918,46.26333236694336,46.9900016784668,14669400,,Yahoo Finance daily,2026-07-22T16:59:02
2022-11-07,us,WMT,47.08666610717773,47.65666580200195,47.08666610717773,47.48333358764648,11364000,,Yahoo Finance daily,2026-07-22T16:59:02
2022-11-08,us,WMT,47.526668548583984,48.02333450317383,47.16999816894531,47.5966682434082,15068400,,Yahoo Finance daily,2026-07-22T16:59:02
2022-11-09,us,WMT,47.58666610717773,47.720001220703125,46.4033317565918,46.4900016784668,15932100,,Yahoo Finance daily,2026-07-22T16:59:02
2022-11-10,us,WMT,47.50333404541016,47.56333160400391,46.83333206176758,47.45333480834961,20310600,,Yahoo Finance daily,2026-07-22T16:59:02
2022-11-11,us,WMT,47.55666732788086,47.706668853759766,46.663333892822266,47.526668548583984,19270800,,Yahoo Finance daily,2026-07-22T16:59:02
2022-11-14,us,WMT,47.21333312988281,47.77333450317383,46.09000015258789,46.130001068115234,37525800,,Yahoo Finance daily,2026-07-22T16:59:02
2022-11-15,us,WMT,48.53666687011719,50.09000015258789,48.18333435058594,49.14666748046875,76548600,,Yahoo Finance daily,2026-07-22T16:59:02
2022-11-16,us,WMT,49.29333114624024,50.06666564941406,49.040000915527344,49.5,32593200,,Yahoo Finance daily,2026-07-22T16:59:02
2022-11-17,us,WMT,49.00333404541016,49.57666778564453,48.9033317565918,49.33333206176758,24791400,,Yahoo Finance daily,2026-07-22T16:59:02
2022-11-18,us,WMT,49.88999938964844,50.08000183105469,49.59000015258789,50.07666778564453,18987000,,Yahoo Finance daily,2026-07-22T16:59:02
2022-11-21,us,WMT,50.20333480834961,50.71333312988281,50.06333160400391,50.383331298828125,21157200,,Yahoo Finance daily,2026-07-22T16:59:02
2022-11-22,us,WMT,50.66666793823242,50.81666564941406,50.37333297729492,50.56333160400391,16898400,,Yahoo Finance daily,2026-07-22T16:59:02
2022-11-23,us,WMT,50.69333267211914,51.12333297729492,50.62666702270508,50.80666732788086,16920600,,Yahoo Finance daily,2026-07-22T16:59:02
2022-11-25,us,WMT,50.706668853759766,51.02999877929688,50.619998931884766,51.02333450317383,8777400,,Yahoo Finance daily,2026-07-22T16:59:02
2022-11-28,us,WMT,50.90666580200195,51.54666519165039,50.90666580200195,51.16999816894531,17674800,,Yahoo Finance daily,2026-07-22T16:59:02
2022-11-29,us,WMT,51.0099983215332,51.23666763305664,50.84999847412109,50.9900016784668,13841700,,Yahoo Finance daily,2026-07-22T16:59:02
2022-11-30,us,WMT,50.869998931884766,50.92333221435547,50.400001525878906,50.80666732788086,31338000,,Yahoo Finance daily,2026-07-22T16:59:02
2022-12-01,us,WMT,50.68333435058594,51.20333480834961,50.24333190917969,51.12333297729492,22732200,,Yahoo Finance daily,2026-07-22T16:59:02
2022-12-02,us,WMT,50.49333190917969,51.08000183105469,50.49333190917969,51.073333740234375,20733000,,Yahoo Finance daily,2026-07-22T16:59:02
2022-12-05,us,WMT,50.91666793823242,51.0,50.16999816894531,50.54999923706055,23608200,,Yahoo Finance daily,2026-07-22T16:59:02
2022-12-06,us,WMT,50.400001525878906,50.63666534423828,49.73666763305664,49.96333312988281,20625600,,Yahoo Finance daily,2026-07-22T16:59:02
2022-12-07,us,WMT,50.16666793823242,50.4033317565918,49.606666564941406,49.70333480834961,17550300,,Yahoo Finance daily,2026-07-22T16:59:02
2022-12-08,us,WMT,49.720001220703125,49.7599983215332,49.380001068115234,49.59333419799805,13512600,,Yahoo Finance daily,2026-07-22T16:59:02
2022-12-09,us,WMT,49.15666580200195,49.2400016784668,48.40666580200195,48.436668395996094,27929400,,Yahoo Finance daily,2026-07-22T16:59:02
2022-12-12,us,WMT,48.633331298828125,49.36666870117188,48.52000045776367,49.34000015258789,19432200,,Yahoo Finance daily,2026-07-22T16:59:02
2022-12-13,us,WMT,50.0,50.06666564941406,48.913333892822266,49.163333892822266,23408100,,Yahoo Finance daily,2026-07-22T16:59:02
2022-12-14,us,WMT,49.02999877929688,49.5099983215332,48.6533317565918,48.88999938964844,20334600,,Yahoo Finance daily,2026-07-22T16:59:02
2022-12-15,us,WMT,48.526668548583984,48.80666732788086,47.87666702270508,48.45333480834961,17514000,,Yahoo Finance daily,2026-07-22T16:59:02
2022-12-16,us,WMT,48.15999984741211,48.2400016784668,47.52333450317383,47.58333206176758,40343100,,Yahoo Finance daily,2026-07-22T16:59:02
2022-12-19,us,WMT,47.66999816894531,47.85333251953125,47.24333190917969,47.59999847412109,15067500,,Yahoo Finance daily,2026-07-22T16:59:02
2022-12-20,us,WMT,47.63999938964844,48.21333312988281,47.41666793823242,48.01666641235352,17009400,,Yahoo Finance daily,2026-07-22T16:59:02
2022-12-21,us,WMT,48.106666564941406,48.64666748046875,48.08666610717773,48.393333435058594,13726500,,Yahoo Finance daily,2026-07-22T16:59:02
2022-12-22,us,WMT,48.25666809082031,48.32666778564453,47.310001373291016,47.82666778564453,13082400,,Yahoo Finance daily,2026-07-22T16:59:02
2022-12-23,us,WMT,47.68333435058594,47.93333435058594,47.426666259765625,47.92333221435547,9547500,,Yahoo Finance daily,2026-07-22T16:59:02
2022-12-27,us,WMT,48.01333236694336,48.150001525878906,47.72999954223633,47.936668395996094,10044600,,Yahoo Finance daily,2026-07-22T16:59:02
2022-12-28,us,WMT,47.823333740234375,47.88999938964844,46.970001220703125,47.0966682434082,15246300,,Yahoo Finance daily,2026-07-22T16:59:02
2022-12-29,us,WMT,47.380001068115234,47.67333221435547,47.25,47.383331298828125,9171900,,Yahoo Finance daily,2026-07-22T16:59:02
2022-12-30,us,WMT,47.186668395996094,47.33000183105469,46.936668395996094,47.26333236694336,11505900,,Yahoo Finance daily,2026-07-22T16:59:02
2023-01-03,us,WMT,47.51666641235352,47.9033317565918,47.36333465576172,47.86666870117188,17249700,,Yahoo Finance daily,2026-07-22T16:59:02
2023-01-04,us,WMT,47.80666732788086,48.01666641235352,47.356666564941406,47.91999816894531,13338300,,Yahoo Finance daily,2026-07-22T16:59:02
2023-01-05,us,WMT,47.81999969482422,48.04333114624024,47.54999923706055,47.75666809082031,13274400,,Yahoo Finance daily,2026-07-22T16:59:02
2023-01-06,us,WMT,48.20000076293945,49.18333435058594,48.08000183105469,48.926666259765625,21231900,,Yahoo Finance daily,2026-07-22T16:59:02
2023-01-09,us,WMT,48.77333450317383,49.28666687011719,48.26666641235352,48.31666564941406,17756700,,Yahoo Finance daily,2026-07-22T16:59:02
2023-01-10,us,WMT,48.31333160400391,48.48333358764648,47.90999984741211,48.28666687011719,11970600,,Yahoo Finance daily,2026-07-22T16:59:02
2023-01-11,us,WMT,48.58000183105469,48.72666549682617,48.24333190917969,48.709999084472656,14834700,,Yahoo Finance daily,2026-07-22T16:59:02
2023-01-12,us,WMT,48.8033332824707,48.80666732788086,48.130001068115234,48.27000045776367,12472800,,Yahoo Finance daily,2026-07-22T16:59:02
2023-01-13,us,WMT,48.5099983215332,48.606666564941406,47.95333480834961,48.43000030517578,13699800,,Yahoo Finance daily,2026-07-22T16:59:02
2023-01-17,us,WMT,48.43000030517578,48.56999969482422,48.06666564941406,48.13666534423828,15122400,,Yahoo Finance daily,2026-07-22T16:59:02
2023-01-18,us,WMT,48.06666564941406,48.08333206176758,46.82666778564453,46.9466667175293,22674300,,Yahoo Finance daily,2026-07-22T16:59:02
2023-01-19,us,WMT,47.130001068115234,47.176666259765625,46.26333236694336,46.276668548583984,17342100,,Yahoo Finance daily,2026-07-22T16:59:02
2023-01-20,us,WMT,46.46666717529297,46.926666259765625,46.05666732788086,46.8466682434082,29543100,,Yahoo Finance daily,2026-07-22T16:59:02
2023-01-23,us,WMT,46.81999969482422,47.66999816894531,46.73333358764648,47.54666519165039,13149900,,Yahoo Finance daily,2026-07-22T16:59:02
2023-01-24,us,WMT,48.84999847412109,48.84999847412109,47.0,47.67333221435547,13669200,,Yahoo Finance daily,2026-07-22T16:59:02
2023-01-25,us,WMT,47.413333892822266,47.61333465576172,46.79666519165039,47.4466667175293,12491700,,Yahoo Finance daily,2026-07-22T16:59:02
2023-01-26,us,WMT,47.676666259765625,47.91666793823242,47.25333404541016,47.4033317565918,15819000,,Yahoo Finance daily,2026-07-22T16:59:02
2023-01-27,us,WMT,47.53333282470703,48.15666580200195,47.25,47.76666641235352,18412800,,Yahoo Finance daily,2026-07-22T16:59:02
2023-01-30,us,WMT,47.37333297729492,47.48333358764648,47.09000015258789,47.383331298828125,15897600,,Yahoo Finance daily,2026-07-22T16:59:02
2023-01-31,us,WMT,47.43999862670898,47.959999084472656,47.220001220703125,47.956668853759766,14103600,,Yahoo Finance daily,2026-07-22T16:59:02
2023-02-01,us,WMT,47.88666534423828,48.53666687011719,47.56666564941406,48.223331451416016,12849300,,Yahoo Finance daily,2026-07-22T16:59:02
2023-02-02,us,WMT,48.13666534423828,48.28666687011719,47.64666748046875,47.87333297729492,17806800,,Yahoo Finance daily,2026-07-22T16:59:02
2023-02-03,us,WMT,47.78666687011719,47.98666763305664,46.95333480834961,47.23666763305664,17155500,,Yahoo Finance daily,2026-07-22T16:59:02
2023-02-06,us,WMT,47.27333450317383,47.36666870117188,46.676666259765625,46.893333435058594,17454000,,Yahoo Finance daily,2026-07-22T16:59:02
2023-02-07,us,WMT,46.59000015258789,47.09999847412109,46.22999954223633,46.99333190917969,16341300,,Yahoo Finance daily,2026-07-22T16:59:02
2023-02-08,us,WMT,46.776668548583984,47.03333282470703,46.663333892822266,46.7400016784668,11691300,,Yahoo Finance daily,2026-07-22T16:59:02
2023-02-09,us,WMT,46.956668853759766,47.31333160400391,46.856666564941406,47.17333221435547,13064400,,Yahoo Finance daily,2026-07-22T16:59:02
2023-02-10,us,WMT,47.6966667175293,47.97999954223633,47.38999938964844,47.90666580200195,15002700,,Yahoo Finance daily,2026-07-22T16:59:02
2023-02-13,us,WMT,48.23666763305664,48.706668853759766,48.16999816894531,48.63666534423828,16015800,,Yahoo Finance daily,2026-07-22T16:59:02
2023-02-14,us,WMT,48.57666778564453,49.04333114624024,48.186668395996094,48.49666595458984,13831200,,Yahoo Finance daily,2026-07-22T16:59:02
2023-02-15,us,WMT,48.31999969482422,48.86666870117188,48.186668395996094,48.856666564941406,14674200,,Yahoo Finance daily,2026-07-22T16:59:02
2023-02-16,us,WMT,48.49333190917969,48.663333892822266,48.060001373291016,48.09000015258789,16312200,,Yahoo Finance daily,2026-07-22T16:59:02
2023-02-17,us,WMT,48.369998931884766,48.89666748046875,48.18999862670898,48.81333160400391,24770700,,Yahoo Finance daily,2026-07-22T16:59:02
2023-02-21,us,WMT,47.62666702270508,49.4466667175293,47.383331298828125,49.11000061035156,54393900,,Yahoo Finance daily,2026-07-22T16:59:02
2023-02-22,us,WMT,48.92333221435547,49.18999862670898,47.58666610717773,48.08000183105469,29844000,,Yahoo Finance daily,2026-07-22T16:59:02
2023-02-23,us,WMT,48.12333297729492,48.12333297729492,46.9033317565918,47.36333465576172,22021200,,Yahoo Finance daily,2026-07-22T16:59:02
2023-02-24,us,WMT,46.9466667175293,47.58000183105469,46.5099983215332,47.4900016784668,20623500,,Yahoo Finance daily,2026-07-22T16:59:02
2023-02-27,us,WMT,47.56999969482422,47.6966667175293,46.88666534423828,47.14666748046875,16647300,,Yahoo Finance daily,2026-07-22T16:59:02
2023-02-28,us,WMT,47.0,47.54999923706055,46.98333358764648,47.37666702270508,18054000,,Yahoo Finance daily,2026-07-22T16:59:02
2023-03-01,us,WMT,47.02000045776367,47.09333419799805,46.456668853759766,46.71666717529297,14180100,,Yahoo Finance daily,2026-07-22T16:59:02
2023-03-02,us,WMT,46.61333465576172,46.913333892822266,46.5,46.83333206176758,14785500,,Yahoo Finance daily,2026-07-22T16:59:02
2023-03-03,us,WMT,47.01333236694336,47.06333160400391,46.59000015258789,46.88999938964844,16888800,,Yahoo Finance daily,2026-07-22T16:59:02
2023-03-06,us,WMT,46.83333206176758,46.99333190917969,46.67333221435547,46.883331298828125,16720800,,Yahoo Finance daily,2026-07-22T16:59:02
2023-03-07,us,WMT,47.060001373291016,47.22666549682617,46.26333236694336,46.41666793823242,17387400,,Yahoo Finance daily,2026-07-22T16:59:02
2023-03-08,us,WMT,46.186668395996094,46.30666732788086,45.7599983215332,46.03333282470703,19090800,,Yahoo Finance daily,2026-07-22T16:59:02
2023-03-09,us,WMT,46.276668548583984,46.32666778564453,45.63999938964844,45.723331451416016,15415800,,Yahoo Finance daily,2026-07-22T16:59:02
2023-03-10,us,WMT,45.67333221435547,46.09333419799805,45.36333465576172,45.65666580200195,20065200,,Yahoo Finance daily,2026-07-22T16:59:02
2023-03-13,us,WMT,45.560001373291016,46.16666793823242,45.526668548583984,45.790000915527344,28142100,,Yahoo Finance daily,2026-07-22T16:59:02
2023-03-14,us,WMT,45.89666748046875,46.09000015258789,45.66666793823242,46.03333282470703,25542600,,Yahoo Finance daily,2026-07-22T16:59:02
2023-03-15,us,WMT,45.630001068115234,46.60333251953125,45.56999969482422,46.54666519165039,33133500,,Yahoo Finance daily,2026-07-22T16:59:02
2023-03-16,us,WMT,46.47666549682617,46.54999923706055,45.959999084472656,46.09333419799805,28905600,,Yahoo Finance daily,2026-07-22T16:59:02
2023-03-17,us,WMT,46.06333160400391,46.49666595458984,45.86333465576172,46.46666717529297,43081200,,Yahoo Finance daily,2026-07-22T16:59:02
2023-03-20,us,WMT,46.70000076293945,47.30666732788086,46.60333251953125,46.96666717529297,33928500,,Yahoo Finance daily,2026-07-22T16:59:02
2023-03-21,us,WMT,47.130001068115234,47.130001068115234,46.5099983215332,46.80666732788086,19013400,,Yahoo Finance daily,2026-07-22T16:59:02
2023-03-22,us,WMT,46.880001068115234,47.073333740234375,46.48666763305664,46.50666809082031,18548400,,Yahoo Finance daily,2026-07-22T16:59:02
2023-03-23,us,WMT,46.73333358764648,47.20333480834961,46.49666595458984,46.883331298828125,22044300,,Yahoo Finance daily,2026-07-22T16:59:02
2023-03-24,us,WMT,47.00333404541016,47.4900016784668,46.86666870117188,47.26666641235352,22752300,,Yahoo Finance daily,2026-07-22T16:59:02
2023-03-27,us,WMT,47.5966682434082,48.32666778564453,47.59333419799805,48.05666732788086,26775600,,Yahoo Finance daily,2026-07-22T16:59:02
2023-03-28,us,WMT,47.883331298828125,48.13666534423828,47.68333435058594,47.869998931884766,21282900,,Yahoo Finance daily,2026-07-22T16:59:02
2023-03-29,us,WMT,48.12333297729492,48.31999969482422,47.81666564941406,48.07666778564453,24216900,,Yahoo Finance daily,2026-07-22T16:59:02
2023-03-30,us,WMT,48.5,48.86666870117188,48.34000015258789,48.55666732788086,21879000,,Yahoo Finance daily,2026-07-22T16:59:02
2023-03-31,us,WMT,48.86000061035156,49.47999954223633,48.823333740234375,49.150001525878906,20868000,,Yahoo Finance daily,2026-07-22T16:59:02
2023-04-03,us,WMT,49.24333190917969,49.650001525878906,49.16666793823242,49.56333160400391,19766700,,Yahoo Finance daily,2026-07-22T16:59:02
2023-04-04,us,WMT,49.5099983215332,49.5966682434082,49.00666809082031,49.07666778564453,18113700,,Yahoo Finance daily,2026-07-22T16:59:02
2023-04-05,us,WMT,49.05666732788086,49.959999084472656,49.04666519165039,49.88999938964844,26540700,,Yahoo Finance daily,2026-07-22T16:59:02
2023-04-06,us,WMT,49.59999847412109,50.3466682434082,49.50666809082031,50.26666641235352,17891700,,Yahoo Finance daily,2026-07-22T16:59:02
2023-04-10,us,WMT,50.119998931884766,50.37333297729492,49.92333221435547,50.16999816894531,14519100,,Yahoo Finance daily,2026-07-22T16:59:02
2023-04-11,us,WMT,50.33333206176758,50.33333206176758,49.87333297729492,50.02333450317383,18370500,,Yahoo Finance daily,2026-07-22T16:59:02
2023-04-12,us,WMT,49.93000030517578,50.323333740234375,49.723331451416016,49.77999877929688,11209800,,Yahoo Finance daily,2026-07-22T16:59:02
2023-04-13,us,WMT,49.883331298828125,50.0,49.400001525878906,49.83000183105469,13272600,,Yahoo Finance daily,2026-07-22T16:59:02
2023-04-14,us,WMT,49.676666259765625,49.96333312988281,49.383331298828125,49.49333190917969,10464900,,Yahoo Finance daily,2026-07-22T16:59:02
2023-04-17,us,WMT,49.54666519165039,49.88999938964844,49.5,49.84000015258789,16166700,,Yahoo Finance daily,2026-07-22T16:59:02
2023-04-18,us,WMT,49.926666259765625,50.11333465576172,49.81333160400391,49.95000076293945,13482300,,Yahoo Finance daily,2026-07-22T16:59:02
2023-04-19,us,WMT,50.27999877929688,50.470001220703125,49.92333221435547,50.00333404541016,12433500,,Yahoo Finance daily,2026-07-22T16:59:02
2023-04-20,us,WMT,50.06999969482422,50.46333312988281,49.86666870117188,50.323333740234375,13641600,,Yahoo Finance daily,2026-07-22T16:59:02
2023-04-21,us,WMT,50.6533317565918,50.76666641235352,50.393333435058594,50.57666778564453,25335000,,Yahoo Finance daily,2026-07-22T16:59:02
2023-04-24,us,WMT,50.56999969482422,50.98333358764648,50.56999969482422,50.91999816894531,13579500,,Yahoo Finance daily,2026-07-22T16:59:02
2023-04-25,us,WMT,51.0966682434082,51.25,50.44333267211914,50.52333450317383,17246700,,Yahoo Finance daily,2026-07-22T16:59:02
2023-04-26,us,WMT,50.32666778564453,50.470001220703125,50.073333740234375,50.3033332824707,12910200,,Yahoo Finance daily,2026-07-22T16:59:02
2023-04-27,us,WMT,50.2599983215332,50.64666748046875,50.2599983215332,50.459999084472656,12861000,,Yahoo Finance daily,2026-07-22T16:59:02
2023-04-28,us,WMT,50.43000030517578,50.723331451416016,50.060001373291016,50.323333740234375,14088600,,Yahoo Finance daily,2026-07-22T16:59:02
2023-05-01,us,WMT,50.3466682434082,50.8466682434082,50.310001373291016,50.52999877929688,11409600,,Yahoo Finance daily,2026-07-22T16:59:02
2023-05-02,us,WMT,50.4900016784668,50.49666595458984,49.81999969482422,50.393333435058594,11329500,,Yahoo Finance daily,2026-07-22T16:59:02
2023-05-03,us,WMT,50.52000045776367,50.70000076293945,50.09000015258789,50.206668853759766,12334500,,Yahoo Finance daily,2026-07-22T16:59:02
2023-05-04,us,WMT,50.18333435058594,50.33000183105469,49.83000183105469,50.15666580200195,14011200,,Yahoo Finance daily,2026-07-22T16:59:02
2023-05-05,us,WMT,50.09999847412109,50.66999816894531,49.94333267211914,50.59000015258789,14556000,,Yahoo Finance daily,2026-07-22T16:59:02
2023-05-08,us,WMT,50.42333221435547,50.98333358764648,50.35333251953125,50.90666580200195,14926200,,Yahoo Finance daily,2026-07-22T16:59:02
2023-05-09,us,WMT,50.90666580200195,51.060001373291016,50.77999877929688,50.99333190917969,15209700,,Yahoo Finance daily,2026-07-22T16:59:02
2023-05-10,us,WMT,51.22999954223633,51.45000076293945,50.40999984741211,50.84999847412109,15827700,,Yahoo Finance daily,2026-07-22T16:59:02
2023-05-11,us,WMT,50.84999847412109,51.09000015258789,50.66666793823242,51.040000915527344,11926800,,Yahoo Finance daily,2026-07-22T16:59:02
2023-05-12,us,WMT,51.20000076293945,51.356666564941406,50.9033317565918,51.02333450317383,16119300,,Yahoo Finance daily,2026-07-22T16:59:02
2023-05-15,us,WMT,51.16666793823242,51.28333282470703,50.459999084472656,50.62666702270508,16113900,,Yahoo Finance daily,2026-07-22T16:59:02
2023-05-16,us,WMT,50.28333282470703,50.5099983215332,49.856666564941406,49.926666259765625,15512100,,Yahoo Finance daily,2026-07-22T16:59:02
2023-05-17,us,WMT,50.380001068115234,50.383331298828125,49.56999969482422,49.84333419799805,26985900,,Yahoo Finance daily,2026-07-22T16:59:02
2023-05-18,us,WMT,50.59999847412109,51.43000030517578,49.98333358764648,50.4900016784668,46768500,,Yahoo Finance daily,2026-07-22T16:59:02
2023-05-19,us,WMT,50.46666717529297,50.48666763305664,49.70333480834961,49.970001220703125,27594000,,Yahoo Finance daily,2026-07-22T16:59:02
2023-05-22,us,WMT,49.900001525878906,50.026668548583984,49.43000030517578,49.52999877929688,16117800,,Yahoo Finance daily,2026-07-22T16:59:02
2023-05-23,us,WMT,49.33666610717773,49.619998931884766,49.026668548583984,49.436668395996094,16302300,,Yahoo Finance daily,2026-07-22T16:59:02
2023-05-24,us,WMT,49.50333404541016,49.51333236694336,48.76666641235352,49.209999084472656,20515200,,Yahoo Finance daily,2026-07-22T16:59:02
2023-05-25,us,WMT,48.959999084472656,49.14666748046875,48.36333465576172,48.720001220703125,21299100,,Yahoo Finance daily,2026-07-22T16:59:02
2023-05-26,us,WMT,48.56666564941406,48.93999862670898,48.4900016784668,48.80666732788086,15720900,,Yahoo Finance daily,2026-07-22T16:59:02
2023-05-30,us,WMT,48.76666641235352,49.0966682434082,48.53333282470703,48.686668395996094,15742500,,Yahoo Finance daily,2026-07-22T16:59:02
2023-05-31,us,WMT,48.473331451416016,49.10333251953125,48.33666610717773,48.956668853759766,30130800,,Yahoo Finance daily,2026-07-22T16:59:02
2023-06-01,us,WMT,48.73666763305664,49.29999923706055,48.64666748046875,49.13666534423828,20239200,,Yahoo Finance daily,2026-07-22T16:59:02
2023-06-02,us,WMT,49.073333740234375,49.66999816894531,49.03333282470703,49.606666564941406,19178100,,Yahoo Finance daily,2026-07-22T16:59:02
2023-06-05,us,WMT,49.790000915527344,50.41666793823242,49.790000915527344,49.93333435058594,15553200,,Yahoo Finance daily,2026-07-22T16:59:02
2023-06-06,us,WMT,49.900001525878906,50.06333160400391,49.50333404541016,49.926666259765625,15015600,,Yahoo Finance daily,2026-07-22T16:59:02
2023-06-07,us,WMT,49.75,50.119998931884766,49.68000030517578,50.0,24256500,,Yahoo Finance daily,2026-07-22T16:59:02
2023-06-08,us,WMT,50.130001068115234,50.810001373291016,49.93000030517578,50.723331451416016,18873000,,Yahoo Finance daily,2026-07-22T16:59:02
2023-06-09,us,WMT,50.720001220703125,51.2400016784668,50.53333282470703,51.02999877929688,15603900,,Yahoo Finance daily,2026-07-22T16:59:02
2023-06-12,us,WMT,51.143333435058594,51.43333435058594,51.05666732788086,51.36666870117188,14713500,,Yahoo Finance daily,2026-07-22T16:59:02
2023-06-13,us,WMT,51.50666809082031,51.83666610717773,51.356666564941406,51.76666641235352,15738900,,Yahoo Finance daily,2026-07-22T16:59:02
2023-06-14,us,WMT,51.970001220703125,52.44333267211914,51.869998931884766,52.290000915527344,21103200,,Yahoo Finance daily,2026-07-22T16:59:02
2023-06-15,us,WMT,52.33333206176758,52.74333190917969,52.32666778564453,52.57666778564453,18160500,,Yahoo Finance daily,2026-07-22T16:59:02
2023-06-16,us,WMT,52.69333267211914,52.71666717529297,51.7599983215332,51.84333419799805,34675800,,Yahoo Finance daily,2026-07-22T16:59:02
2023-06-20,us,WMT,51.56666564941406,51.81666564941406,51.29333114624024,51.38666534423828,19994400,,Yahoo Finance daily,2026-07-22T16:59:02
2023-06-21,us,WMT,51.4033317565918,51.77999877929688,51.119998931884766,51.48666763305664,19251000,,Yahoo Finance daily,2026-07-22T16:59:02
2023-06-22,us,WMT,51.65999984741211,52.026668548583984,51.49333190917969,51.91666793823242,13307400,,Yahoo Finance daily,2026-07-22T16:59:02
2023-06-23,us,WMT,51.959999084472656,52.0966682434082,51.67333221435547,51.81999969482422,18975000,,Yahoo Finance daily,2026-07-22T16:59:02
2023-06-26,us,WMT,51.883331298828125,51.926666259765625,51.43999862670898,51.68333435058594,14106300,,Yahoo Finance daily,2026-07-22T16:59:02
2023-06-27,us,WMT,51.383331298828125,51.95000076293945,51.35333251953125,51.49666595458984,12093600,,Yahoo Finance daily,2026-07-22T16:59:02
2023-06-28,us,WMT,51.57666778564453,51.893333435058594,51.54666519165039,51.776668548583984,18889800,,Yahoo Finance daily,2026-07-22T16:59:02
2023-06-29,us,WMT,51.50333404541016,51.58333206176758,51.04666519165039,51.426666259765625,21530400,,Yahoo Finance daily,2026-07-22T16:59:02
2023-06-30,us,WMT,51.65666580200195,52.5099983215332,51.59333419799805,52.393333435058594,19073100,,Yahoo Finance daily,2026-07-22T16:59:02
2023-07-03,us,WMT,52.27000045776367,52.81333160400391,52.11000061035156,52.73333358764648,8647500,,Yahoo Finance daily,2026-07-22T16:59:02
2023-07-05,us,WMT,52.720001220703125,53.040000915527344,52.4466667175293,52.70333480834961,17585400,,Yahoo Finance daily,2026-07-22T16:59:02
2023-07-06,us,WMT,52.643333435058594,52.72666549682617,52.290000915527344,52.369998931884766,14427000,,Yahoo Finance daily,2026-07-22T16:59:02
2023-07-07,us,WMT,51.936668395996094,52.0966682434082,51.150001525878906,51.163333892822266,19774800,,Yahoo Finance daily,2026-07-22T16:59:02
2023-07-10,us,WMT,51.52000045776367,51.83333206176758,51.43999862670898,51.62666702270508,12967800,,Yahoo Finance daily,2026-07-22T16:59:02
2023-07-11,us,WMT,51.59000015258789,51.83666610717773,51.28666687011719,51.54999923706055,11460900,,Yahoo Finance daily,2026-07-22T16:59:02
2023-07-12,us,WMT,51.77000045776367,51.96333312988281,51.606666564941406,51.68000030517578,16509900,,Yahoo Finance daily,2026-07-22T16:59:02
2023-07-13,us,WMT,51.810001373291016,51.86666870117188,51.22999954223633,51.37666702270508,11859600,,Yahoo Finance daily,2026-07-22T16:59:02
2023-07-14,us,WMT,51.37333297729492,51.55666732788086,51.19333267211914,51.5533332824707,10427400,,Yahoo Finance daily,2026-07-22T16:59:02
2023-07-17,us,WMT,51.46666717529297,51.65999984741211,51.27333450317383,51.61666870117188,10135200,,Yahoo Finance daily,2026-07-22T16:59:02
2023-07-18,us,WMT,51.55666732788086,51.88666534423828,51.28666687011719,51.52333450317383,13437300,,Yahoo Finance daily,2026-07-22T16:59:02
2023-07-19,us,WMT,51.59999847412109,51.73333358764648,51.25,51.540000915527344,12372900,,Yahoo Finance daily,2026-07-22T16:59:02
2023-07-20,us,WMT,51.643333435058594,52.51666641235352,51.633331298828125,52.49333190917969,14987700,,Yahoo Finance daily,2026-07-22T16:59:02
2023-07-21,us,WMT,52.633331298828125,52.926666259765625,52.47999954223633,52.790000915527344,16960500,,Yahoo Finance daily,2026-07-22T16:59:02
2023-07-24,us,WMT,52.81666564941406,53.15999984741211,52.52000045776367,53.09999847412109,12529800,,Yahoo Finance daily,2026-07-22T16:59:02
2023-07-25,us,WMT,53.48666763305664,53.50333404541016,52.7599983215332,53.05666732788086,15553800,,Yahoo Finance daily,2026-07-22T16:59:02
2023-07-26,us,WMT,53.08000183105469,53.56333160400391,52.97999954223633,53.24666595458984,15094200,,Yahoo Finance daily,2026-07-22T16:59:02
2023-07-27,us,WMT,53.36000061035156,53.54666519165039,53.04333114624024,53.0533332824707,13400400,,Yahoo Finance daily,2026-07-22T16:59:02
2023-07-28,us,WMT,53.0966682434082,53.64666748046875,53.0966682434082,53.3033332824707,11020200,,Yahoo Finance daily,2026-07-22T16:59:02
2023-07-31,us,WMT,53.31999969482422,53.54666519165039,52.970001220703125,53.28666687011719,13033200,,Yahoo Finance daily,2026-07-22T16:59:02
2023-08-01,us,WMT,53.31666564941406,53.48333358764648,52.98666763305664,53.03666687011719,11782500,,Yahoo Finance daily,2026-07-22T16:59:02
2023-08-02,us,WMT,52.84333419799805,53.47666549682617,52.84333419799805,53.073333740234375,12660000,,Yahoo Finance daily,2026-07-22T16:59:02
2023-08-03,us,WMT,53.00666809082031,53.16666793823242,52.83666610717773,53.08666610717773,13202700,,Yahoo Finance daily,2026-07-22T16:59:02
2023-08-04,us,WMT,53.25333404541016,53.41666793823242,52.6533317565918,52.77999877929688,14262000,,Yahoo Finance daily,2026-07-22T16:59:02
2023-08-07,us,WMT,53.16666793823242,53.73666763305664,53.03666687011719,53.49666595458984,14268900,,Yahoo Finance daily,2026-07-22T16:59:02
2023-08-08,us,WMT,53.663333892822266,53.87333297729492,53.16999816894531,53.54999923706055,11017500,,Yahoo Finance daily,2026-07-22T16:59:02
2023-08-09,us,WMT,53.63666534423828,54.03333282470703,53.56999969482422,53.63666534423828,13209600,,Yahoo Finance daily,2026-07-22T16:59:02
2023-08-10,us,WMT,53.5966682434082,53.91666793823242,53.34333419799805,53.41999816894531,15169500,,Yahoo Finance daily,2026-07-22T16:59:02
2023-08-11,us,WMT,53.51666641235352,53.94333267211914,53.36666870117188,53.73333358764648,14195100,,Yahoo Finance daily,2026-07-22T16:59:02
2023-08-14,us,WMT,54.0,54.2599983215332,53.060001373291016,53.33333206176758,20813700,,Yahoo Finance daily,2026-07-22T16:59:02
2023-08-15,us,WMT,53.18000030517578,53.5966682434082,52.973331451416016,53.060001373291016,14559300,,Yahoo Finance daily,2026-07-22T16:59:02
2023-08-16,us,WMT,53.29333114624024,53.65666580200195,52.790000915527344,53.08666610717773,26980800,,Yahoo Finance daily,2026-07-22T16:59:02
2023-08-17,us,WMT,53.633331298828125,53.71333312988281,51.67333221435547,51.89666748046875,53614200,,Yahoo Finance daily,2026-07-22T16:59:02
2023-08-18,us,WMT,51.77000045776367,53.223331451416016,51.77000045776367,52.643333435058594,27954900,,Yahoo Finance daily,2026-07-22T16:59:02
2023-08-21,us,WMT,52.54333114624024,52.9466667175293,52.3466682434082,52.50333404541016,15679200,,Yahoo Finance daily,2026-07-22T16:59:02
2023-08-22,us,WMT,52.323333740234375,52.436668395996094,52.08000183105469,52.33666610717773,16670700,,Yahoo Finance daily,2026-07-22T16:59:02
2023-08-23,us,WMT,52.20333480834961,52.79999923706055,52.16999816894531,52.70000076293945,14210400,,Yahoo Finance daily,2026-07-22T16:59:02
2023-08-24,us,WMT,52.709999084472656,53.07666778564453,52.27333450317383,52.29666519165039,14033100,,Yahoo Finance daily,2026-07-22T16:59:02
2023-08-25,us,WMT,52.393333435058594,52.68000030517578,52.18000030517578,52.606666564941406,12267000,,Yahoo Finance daily,2026-07-22T16:59:02
2023-08-28,us,WMT,52.619998931884766,52.94333267211914,52.619998931884766,52.90666580200195,11871000,,Yahoo Finance daily,2026-07-22T16:59:02
2023-08-29,us,WMT,53.0,53.40999984741211,52.95333480834961,53.34999847412109,12702300,,Yahoo Finance daily,2026-07-22T16:59:02
2023-08-30,us,WMT,53.46666717529297,53.76333236694336,53.30666732788086,53.73333358764648,10967700,,Yahoo Finance daily,2026-07-22T16:59:02
2023-08-31,us,WMT,53.706668853759766,54.33000183105469,53.6533317565918,54.20333480834961,19582800,,Yahoo Finance daily,2026-07-22T16:59:02
2023-09-01,us,WMT,54.290000915527344,54.31999969482422,53.383331298828125,53.856666564941406,12553500,,Yahoo Finance daily,2026-07-22T16:59:02
2023-09-05,us,WMT,53.95000076293945,54.26666641235352,53.393333435058594,53.42333221435547,15209400,,Yahoo Finance daily,2026-07-22T16:59:02
2023-09-06,us,WMT,53.46666717529297,54.05666732788086,53.3033332824707,53.823333740234375,14594700,,Yahoo Finance daily,2026-07-22T16:59:02
2023-09-07,us,WMT,54.0,54.49333190917969,53.83000183105469,54.4900016784668,19120800,,Yahoo Finance daily,2026-07-22T16:59:02
2023-09-08,us,WMT,54.49333190917969,54.619998931884766,54.356666564941406,54.59000015258789,12667200,,Yahoo Finance daily,2026-07-22T16:59:02
2023-09-11,us,WMT,54.66666793823242,54.82666778564453,54.5533332824707,54.77999877929688,11912100,,Yahoo Finance daily,2026-07-22T16:59:02
2023-09-12,us,WMT,54.83333206176758,54.97666549682617,54.68000030517578,54.84000015258789,11757300,,Yahoo Finance daily,2026-07-22T16:59:02
2023-09-13,us,WMT,54.97666549682617,55.28333282470703,54.790000915527344,54.85333251953125,14364300,,Yahoo Finance daily,2026-07-22T16:59:02
2023-09-14,us,WMT,55.0,55.24666595458984,54.8033332824707,55.08333206176758,14923800,,Yahoo Finance daily,2026-07-22T16:59:02
2023-09-15,us,WMT,55.06999969482422,55.220001220703125,54.59000015258789,54.880001068115234,63925200,,Yahoo Finance daily,2026-07-22T16:59:02
2023-09-18,us,WMT,54.893333435058594,55.06666564941406,54.41666793823242,54.473331451416016,12997800,,Yahoo Finance daily,2026-07-22T16:59:02
2023-09-19,us,WMT,54.459999084472656,54.59333419799805,54.11666870117188,54.459999084472656,14019600,,Yahoo Finance daily,2026-07-22T16:59:02
2023-09-20,us,WMT,54.53333282470703,54.9033317565918,54.31999969482422,54.63666534423828,10120800,,Yahoo Finance daily,2026-07-22T16:59:02
2023-09-21,us,WMT,54.75333404541016,54.83333206176758,53.93000030517578,53.973331451416016,18782400,,Yahoo Finance daily,2026-07-22T16:59:02
2023-09-22,us,WMT,54.07666778564453,54.40999984741211,53.973331451416016,54.11666870117188,13215000,,Yahoo Finance daily,2026-07-22T16:59:02
2023-09-25,us,WMT,54.12333297729492,54.369998931884766,53.956668853759766,54.356666564941406,10459500,,Yahoo Finance daily,2026-07-22T16:59:02
2023-09-26,us,WMT,54.31333160400391,54.51333236694336,54.11666870117188,54.16666793823242,14435700,,Yahoo Finance daily,2026-07-22T16:59:02
2023-09-27,us,WMT,54.0,54.07666778564453,53.43000030517578,53.90666580200195,15711000,,Yahoo Finance daily,2026-07-22T16:59:02
2023-09-28,us,WMT,54.0,54.276668548583984,53.86333465576172,54.18000030517578,11617200,,Yahoo Finance daily,2026-07-22T16:59:02
2023-09-29,us,WMT,54.34333419799805,54.37666702270508,53.06333160400391,53.310001373291016,18842400,,Yahoo Finance daily,2026-07-22T16:59:02
2023-10-02,us,WMT,53.163333892822266,53.42333221435547,52.77000045776367,53.36666870117188,12992700,,Yahoo Finance daily,2026-07-22T16:59:02
2023-10-03,us,WMT,53.22999954223633,53.58333206176758,52.893333435058594,53.02999877929688,11253300,,Yahoo Finance daily,2026-07-22T16:59:02
2023-10-04,us,WMT,53.21666717529297,53.68333435058594,53.00333404541016,53.66666793823242,15755700,,Yahoo Finance daily,2026-07-22T16:59:02
2023-10-05,us,WMT,53.48333358764648,53.6533317565918,53.0,53.026668548583984,14269500,,Yahoo Finance daily,2026-07-22T16:59:02
2023-10-06,us,WMT,52.883331298828125,52.99666595458984,50.54999923706055,52.13666534423828,42616200,,Yahoo Finance daily,2026-07-22T16:59:02
2023-10-09,us,WMT,51.69333267211914,51.95000076293945,51.08666610717773,51.9466667175293,21022500,,Yahoo Finance daily,2026-07-22T16:59:02
2023-10-10,us,WMT,52.07666778564453,52.69333267211914,51.88666534423828,52.53333282470703,16014300,,Yahoo Finance daily,2026-07-22T16:59:02
2023-10-11,us,WMT,52.75333404541016,53.163333892822266,52.3466682434082,52.74333190917969,12026100,,Yahoo Finance daily,2026-07-22T16:59:02
2023-10-12,us,WMT,52.84333419799805,53.10333251953125,52.59000015258789,52.98333358764648,13514100,,Yahoo Finance daily,2026-07-22T16:59:02
2023-10-13,us,WMT,53.08666610717773,53.48666763305664,52.96666717529297,53.276668548583984,13809000,,Yahoo Finance daily,2026-07-22T16:59:02
2023-10-16,us,WMT,53.51333236694336,54.026668548583984,53.43999862670898,53.73666763305664,14348100,,Yahoo Finance daily,2026-07-22T16:59:02
2023-10-17,us,WMT,53.58000183105469,53.9033317565918,53.46333312988281,53.80666732788086,10893000,,Yahoo Finance daily,2026-07-22T16:59:02
2023-10-18,us,WMT,53.959999084472656,54.119998931884766,53.573333740234375,53.8466682434082,10559100,,Yahoo Finance daily,2026-07-22T16:59:02
2023-10-19,us,WMT,53.810001373291016,53.93999862670898,53.40666580200195,53.59000015258789,11745900,,Yahoo Finance daily,2026-07-22T16:59:02
2023-10-20,us,WMT,53.61000061035156,53.70000076293945,52.9033317565918,52.91999816894531,15056700,,Yahoo Finance daily,2026-07-22T16:59:02
2023-10-23,us,WMT,52.90999984741211,53.78333282470703,52.67333221435547,53.66999816894531,17097000,,Yahoo Finance daily,2026-07-22T16:59:02
2023-10-24,us,WMT,53.79999923706055,54.49333190917969,53.79666519165039,54.41666793823242,17535000,,Yahoo Finance daily,2026-07-22T16:59:02
2023-10-25,us,WMT,54.38666534423828,54.776668548583984,54.15666580200195,54.25333404541016,16621800,,Yahoo Finance daily,2026-07-22T16:59:02
2023-10-26,us,WMT,54.23666763305664,54.61666870117188,53.869998931884766,53.92333221435547,16220100,,Yahoo Finance daily,2026-07-22T16:59:02
2023-10-27,us,WMT,53.82666778564453,53.9900016784668,53.51666641235352,53.723331451416016,13829700,,Yahoo Finance daily,2026-07-22T16:59:02
2023-10-30,us,WMT,53.81999969482422,54.41999816894531,53.5966682434082,54.34000015258789,12653700,,Yahoo Finance daily,2026-07-22T16:59:02
2023-10-31,us,WMT,54.33333206176758,54.540000915527344,53.98333358764648,54.470001220703125,14168400,,Yahoo Finance daily,2026-07-22T16:59:02
2023-11-01,us,WMT,54.73666763305664,55.12666702270508,54.32666778564453,54.956668853759766,14899500,,Yahoo Finance daily,2026-07-22T16:59:02
2023-11-02,us,WMT,54.79333114624024,55.39666748046875,54.54333114624024,55.17333221435547,15492300,,Yahoo Finance daily,2026-07-22T16:59:02
2023-11-03,us,WMT,55.29333114624024,55.43333435058594,54.83333206176758,54.88666534423828,17240100,,Yahoo Finance daily,2026-07-22T16:59:02
2023-11-06,us,WMT,54.83333206176758,55.209999084472656,54.68999862670898,54.959999084472656,14529000,,Yahoo Finance daily,2026-07-22T16:59:02
2023-11-07,us,WMT,55.25666809082031,55.53666687011719,55.11000061035156,55.21666717529297,15023400,,Yahoo Finance daily,2026-07-22T16:59:02
2023-11-08,us,WMT,55.27999877929688,55.426666259765625,54.526668548583984,54.76666641235352,15591900,,Yahoo Finance daily,2026-07-22T16:59:02
2023-11-09,us,WMT,54.790000915527344,54.84000015258789,54.41666793823242,54.63999938964844,15080100,,Yahoo Finance daily,2026-07-22T16:59:02
2023-11-10,us,WMT,54.84999847412109,55.47999954223633,54.633331298828125,55.39666748046875,14319900,,Yahoo Finance daily,2026-07-22T16:59:02
2023-11-13,us,WMT,55.459999084472656,55.956668853759766,55.34999847412109,55.893333435058594,15408900,,Yahoo Finance daily,2026-07-22T16:59:02
2023-11-14,us,WMT,56.05666732788086,56.383331298828125,55.75,55.883331298828125,19792500,,Yahoo Finance daily,2026-07-22T16:59:02
2023-11-15,us,WMT,56.12666702270508,56.64666748046875,55.83666610717773,56.59333419799805,35769900,,Yahoo Finance daily,2026-07-22T16:59:02
2023-11-16,us,WMT,52.91666793823242,53.150001525878906,51.83333206176758,52.01333236694336,97658700,,Yahoo Finance daily,2026-07-22T16:59:02
2023-11-17,us,WMT,51.98333358764648,52.51333236694336,51.66999816894531,51.78333282470703,42487800,,Yahoo Finance daily,2026-07-22T16:59:02
2023-11-20,us,WMT,51.8466682434082,52.00333404541016,51.66999816894531,51.76666641235352,26663100,,Yahoo Finance daily,2026-07-22T16:59:02
2023-11-21,us,WMT,51.81999969482422,52.28333282470703,51.37666702270508,51.95333480834961,29382300,,Yahoo Finance daily,2026-07-22T16:59:02
2023-11-22,us,WMT,51.90666580200195,52.01666641235352,51.459999084472656,51.55666732788086,26416500,,Yahoo Finance daily,2026-07-22T16:59:02
2023-11-24,us,WMT,51.71666717529297,52.04333114624024,51.56666564941406,52.02000045776367,13975200,,Yahoo Finance daily,2026-07-22T16:59:02
2023-11-27,us,WMT,51.98333358764648,52.45333480834961,51.98333358764648,52.25666809082031,23393700,,Yahoo Finance daily,2026-07-22T16:59:02
2023-11-28,us,WMT,52.220001220703125,52.973331451416016,52.220001220703125,52.880001068115234,23535000,,Yahoo Finance daily,2026-07-22T16:59:02
2023-11-29,us,WMT,52.92333221435547,52.92333221435547,51.869998931884766,52.026668548583984,29896500,,Yahoo Finance daily,2026-07-22T16:59:02
2023-11-30,us,WMT,52.00666809082031,52.11666870117188,51.50333404541016,51.89666748046875,29925900,,Yahoo Finance daily,2026-07-22T16:59:02
2023-12-01,us,WMT,51.79333114624024,51.869998931884766,50.87666702270508,51.4466667175293,39273600,,Yahoo Finance daily,2026-07-22T16:59:02
2023-12-04,us,WMT,51.106666564941406,51.643333435058594,51.10333251953125,51.43333435058594,24883200,,Yahoo Finance daily,2026-07-22T16:59:02
2023-12-05,us,WMT,51.48333358764648,51.95000076293945,51.24666595458984,51.90999984741211,21883800,,Yahoo Finance daily,2026-07-22T16:59:02
2023-12-06,us,WMT,51.84999847412109,51.94333267211914,51.21666717529297,51.3466682434082,26447400,,Yahoo Finance daily,2026-07-22T16:59:02
2023-12-07,us,WMT,51.45000076293945,51.51333236694336,50.74333190917969,50.81999969482422,25362600,,Yahoo Finance daily,2026-07-22T16:59:02
2023-12-08,us,WMT,50.66666793823242,50.73666763305664,50.08000183105469,50.28666687011719,34069500,,Yahoo Finance daily,2026-07-22T16:59:02
2023-12-11,us,WMT,50.380001068115234,50.48333358764648,49.8466682434082,50.413333892822266,31883400,,Yahoo Finance daily,2026-07-22T16:59:02
2023-12-12,us,WMT,50.40666580200195,50.56666564941406,50.07666778564453,50.45333480834961,21381900,,Yahoo Finance daily,2026-07-22T16:59:02
2023-12-13,us,WMT,50.51666641235352,51.34999847412109,50.21333312988281,51.34999847412109,35348700,,Yahoo Finance daily,2026-07-22T16:59:02
2023-12-14,us,WMT,51.17333221435547,51.31333160400391,50.643333435058594,50.723331451416016,30891300,,Yahoo Finance daily,2026-07-22T16:59:02
2023-12-15,us,WMT,50.59333419799805,51.1533317565918,50.51333236694336,50.913333892822266,70003500,,Yahoo Finance daily,2026-07-22T16:59:02
2023-12-18,us,WMT,51.11666870117188,51.68999862670898,51.04333114624024,51.65666580200195,26316000,,Yahoo Finance daily,2026-07-22T16:59:02
2023-12-19,us,WMT,51.61333465576172,51.89666748046875,51.36333465576172,51.84333419799805,24417000,,Yahoo Finance daily,2026-07-22T16:59:02
2023-12-20,us,WMT,51.80666732788086,52.04666519165039,51.206668853759766,51.23666763305664,21967800,,Yahoo Finance daily,2026-07-22T16:59:02
2023-12-21,us,WMT,51.33333206176758,51.686668395996094,51.3033332824707,51.59999847412109,20087700,,Yahoo Finance daily,2026-07-22T16:59:02
2023-12-22,us,WMT,51.81666564941406,52.383331298828125,51.720001220703125,52.21666717529297,19405500,,Yahoo Finance daily,2026-07-22T16:59:02
2023-12-26,us,WMT,52.21666717529297,52.33000183105469,52.03666687011719,52.13666534423828,11679900,,Yahoo Finance daily,2026-07-22T16:59:02
2023-12-27,us,WMT,52.10333251953125,52.650001525878906,52.0533332824707,52.62666702270508,19896000,,Yahoo Finance daily,2026-07-22T16:59:02
2023-12-28,us,WMT,52.59000015258789,52.776668548583984,52.5,52.52333450317383,16776000,,Yahoo Finance daily,2026-07-22T16:59:02
2023-12-29,us,WMT,52.5099983215332,52.69333267211914,52.38666534423828,52.54999923706055,21948300,,Yahoo Finance daily,2026-07-22T16:59:02
2024-01-02,us,WMT,52.41666793823242,53.18000030517578,52.39666748046875,53.0966682434082,23539800,,Yahoo Finance daily,2026-07-22T16:59:02
2024-01-03,us,WMT,53.25666809082031,53.43333435058594,52.97666549682617,53.09999847412109,18756000,,Yahoo Finance daily,2026-07-22T16:59:02
2024-01-04,us,WMT,53.06999969482422,53.18000030517578,52.49666595458984,52.58666610717773,19282500,,Yahoo Finance daily,2026-07-22T16:59:02
2024-01-05,us,WMT,52.63999938964844,52.70000076293945,51.86666870117188,52.23666763305664,21709500,,Yahoo Finance daily,2026-07-22T16:59:02
2024-01-08,us,WMT,52.23333358764648,52.76333236694336,52.22666549682617,52.75,20680800,,Yahoo Finance daily,2026-07-22T16:59:02
2024-01-09,us,WMT,52.643333435058594,53.11333465576172,52.57666778564453,53.10333251953125,23322300,,Yahoo Finance daily,2026-07-22T16:59:02
2024-01-10,us,WMT,53.186668395996094,53.83333206176758,53.186668395996094,53.76333236694336,20121900,,Yahoo Finance daily,2026-07-22T16:59:02
2024-01-11,us,WMT,53.78333282470703,53.96333312988281,53.38999938964844,53.70333480834961,14355300,,Yahoo Finance daily,2026-07-22T16:59:02
2024-01-12,us,WMT,53.790000915527344,53.8466682434082,53.459999084472656,53.77333450317383,13629000,,Yahoo Finance daily,2026-07-22T16:59:02
2024-01-16,us,WMT,53.81333160400391,54.133331298828125,53.74333190917969,53.94333267211914,17032500,,Yahoo Finance daily,2026-07-22T16:59:02
2024-01-17,us,WMT,53.79333114624024,53.99666595458984,53.54333114624024,53.68999862670898,14827800,,Yahoo Finance daily,2026-07-22T16:59:02
2024-01-18,us,WMT,53.720001220703125,54.46333312988281,53.560001373291016,54.413333892822266,18190500,,Yahoo Finance daily,2026-07-22T16:59:02
2024-01-19,us,WMT,54.47666549682617,54.52333450317383,53.81333160400391,54.12666702270508,19175400,,Yahoo Finance daily,2026-07-22T16:59:02
2024-01-22,us,WMT,54.26333236694336,54.31666564941406,53.83333206176758,54.130001068115234,13938300,,Yahoo Finance daily,2026-07-22T16:59:02
2024-01-23,us,WMT,54.040000915527344,54.28333282470703,53.92333221435547,54.26666641235352,12066600,,Yahoo Finance daily,2026-07-22T16:59:02
2024-01-24,us,WMT,54.29999923706055,54.356666564941406,53.43999862670898,53.5,22932900,,Yahoo Finance daily,2026-07-22T16:59:02
2024-01-25,us,WMT,53.79999923706055,54.290000915527344,53.473331451416016,54.27999877929688,16369500,,Yahoo Finance daily,2026-07-22T16:59:02
2024-01-26,us,WMT,54.34999847412109,54.79333114624024,54.220001220703125,54.75666809082031,15746400,,Yahoo Finance daily,2026-07-22T16:59:02
2024-01-29,us,WMT,54.78333282470703,55.13666534423828,54.50666809082031,55.01333236694336,18240300,,Yahoo Finance daily,2026-07-22T16:59:02
2024-01-30,us,WMT,54.900001525878906,55.27000045776367,54.540000915527344,55.1966667175293,15270000,,Yahoo Finance daily,2026-07-22T16:59:02
2024-01-31,us,WMT,55.93333435058594,55.93333435058594,55.03666687011719,55.08333206176758,26134800,,Yahoo Finance daily,2026-07-22T16:59:02
2024-02-01,us,WMT,55.23333358764648,56.11666870117188,55.060001373291016,56.10333251953125,20792700,,Yahoo Finance daily,2026-07-22T16:59:02
2024-02-02,us,WMT,56.04999923706055,56.86000061035156,55.973331451416016,56.52333450317383,21670800,,Yahoo Finance daily,2026-07-22T16:59:02
2024-02-05,us,WMT,56.66999816894531,56.66999816894531,56.02333450317383,56.220001220703125,19145100,,Yahoo Finance daily,2026-07-22T16:59:02
2024-02-06,us,WMT,56.26333236694336,56.650001525878906,56.11333465576172,56.60333251953125,14181300,,Yahoo Finance daily,2026-07-22T16:59:02
2024-02-07,us,WMT,56.75666809082031,56.88666534423828,56.400001525878906,56.459999084472656,17082600,,Yahoo Finance daily,2026-07-22T16:59:02
2024-02-08,us,WMT,56.459999084472656,56.84999847412109,56.380001068115234,56.456668853759766,14427900,,Yahoo Finance daily,2026-07-22T16:59:02
2024-02-09,us,WMT,56.46333312988281,56.57666778564453,56.30666732788086,56.426666259765625,14329800,,Yahoo Finance daily,2026-07-22T16:59:02
2024-02-12,us,WMT,56.40999984741211,56.78666687011719,56.34999847412109,56.76666641235352,14795100,,Yahoo Finance daily,2026-07-22T16:59:02
2024-02-13,us,WMT,56.87333297729492,57.02333450317383,56.09000015258789,56.380001068115234,18574200,,Yahoo Finance daily,2026-07-22T16:59:02
2024-02-14,us,WMT,56.25,56.29333114624024,55.8466682434082,56.20000076293945,18484500,,Yahoo Finance daily,2026-07-22T16:59:02
2024-02-15,us,WMT,56.59999847412109,56.61666870117188,55.9900016784668,56.43000030517578,16948800,,Yahoo Finance daily,2026-07-22T16:59:02
2024-02-16,us,WMT,56.76333236694336,57.310001373291016,56.43000030517578,56.78666687011719,22373400,,Yahoo Finance daily,2026-07-22T16:59:02
2024-02-20,us,WMT,59.49333190917969,60.45000076293945,58.40999984741211,58.619998931884766,71788500,,Yahoo Finance daily,2026-07-22T16:59:02
2024-02-21,us,WMT,58.33333206176758,58.526668548583984,57.59999847412109,57.900001525878906,40501500,,Yahoo Finance daily,2026-07-22T16:59:02
2024-02-22,us,WMT,57.959999084472656,58.4900016784668,57.77000045776367,58.470001220703125,29512800,,Yahoo Finance daily,2026-07-22T16:59:02
2024-02-23,us,WMT,58.6966667175293,59.21666717529297,58.436668395996094,58.52000045776367,74365800,,Yahoo Finance daily,2026-07-22T16:59:02
2024-02-26,us,WMT,59.119998931884766,59.84000015258789,58.18000030517578,59.59999847412109,32154800,,Yahoo Finance daily,2026-07-22T16:59:02
2024-02-27,us,WMT,59.63999938964844,59.79999923706055,59.220001220703125,59.59000015258789,18012700,,Yahoo Finance daily,2026-07-22T16:59:02
2024-02-28,us,WMT,59.54999923706055,59.7599983215332,59.310001373291016,59.619998931884766,14803300,,Yahoo Finance daily,2026-07-22T16:59:02
2024-02-29,us,WMT,59.45000076293945,59.4900016784668,58.59000015258789,58.61000061035156,29245100,,Yahoo Finance daily,2026-07-22T16:59:02
2024-03-01,us,WMT,58.79999923706055,58.84999847412109,58.20000076293945,58.7599983215332,19030900,,Yahoo Finance daily,2026-07-22T16:59:02
2024-03-04,us,WMT,58.5,59.38999938964844,58.400001525878906,59.29999923706055,16033300,,Yahoo Finance daily,2026-07-22T16:59:02
2024-03-05,us,WMT,59.869998931884766,60.34000015258789,59.58000183105469,60.040000915527344,19676900,,Yahoo Finance daily,2026-07-22T16:59:02
2024-03-06,us,WMT,60.119998931884766,60.619998931884766,60.040000915527344,60.56999969482422,12698700,,Yahoo Finance daily,2026-07-22T16:59:02
2024-03-07,us,WMT,61.0,61.06999969482422,60.34999847412109,60.36000061035156,16195300,,Yahoo Finance daily,2026-07-22T16:59:02
2024-03-08,us,WMT,60.0,60.27999877929688,59.72999954223633,60.119998931884766,12143600,,Yahoo Finance daily,2026-07-22T16:59:02
2024-03-11,us,WMT,60.09999847412109,60.709999084472656,59.869998931884766,60.65999984741211,14154000,,Yahoo Finance daily,2026-07-22T16:59:02
2024-03-12,us,WMT,60.95000076293945,61.56999969482422,60.650001525878906,61.40999984741211,16613100,,Yahoo Finance daily,2026-07-22T16:59:02
2024-03-13,us,WMT,61.2599983215332,61.459999084472656,60.880001068115234,61.27999877929688,15935200,,Yahoo Finance daily,2026-07-22T16:59:02
2024-03-14,us,WMT,61.27999877929688,61.43999862670898,60.59999847412109,61.02000045776367,16584700,,Yahoo Finance daily,2026-07-22T16:59:02
2024-03-15,us,WMT,60.68000030517578,61.150001525878906,60.459999084472656,60.68000030517578,50946300,,Yahoo Finance daily,2026-07-22T16:59:02
2024-03-18,us,WMT,60.68999862670898,60.900001525878906,60.38999938964844,60.86000061035156,16801700,,Yahoo Finance daily,2026-07-22T16:59:02
2024-03-19,us,WMT,60.970001220703125,61.06999969482422,60.59999847412109,60.869998931884766,12353600,,Yahoo Finance daily,2026-07-22T16:59:02
2024-03-20,us,WMT,60.84000015258789,61.27999877929688,60.7400016784668,61.25,12007600,,Yahoo Finance daily,2026-07-22T16:59:02
2024-03-21,us,WMT,61.27999877929688,61.65999984741211,61.04999923706055,61.45000076293945,14265900,,Yahoo Finance daily,2026-07-22T16:59:02
2024-03-22,us,WMT,61.31999969482422,61.52999877929688,60.84999847412109,60.869998931884766,14029400,,Yahoo Finance daily,2026-07-22T16:59:02
2024-03-25,us,WMT,60.869998931884766,60.9900016784668,60.36000061035156,60.56999969482422,14186600,,Yahoo Finance daily,2026-07-22T16:59:02
2024-03-26,us,WMT,60.459999084472656,60.83000183105469,60.22999954223633,60.5099983215332,13738300,,Yahoo Finance daily,2026-07-22T16:59:02
2024-03-27,us,WMT,60.869998931884766,61.04999923706055,60.380001068115234,60.720001220703125,14363400,,Yahoo Finance daily,2026-07-22T16:59:02
2024-03-28,us,WMT,60.65999984741211,60.77000045776367,60.15999984741211,60.16999816894531,17535100,,Yahoo Finance daily,2026-07-22T16:59:02
2024-04-01,us,WMT,60.310001373291016,60.7599983215332,59.93000030517578,60.0,13837600,,Yahoo Finance daily,2026-07-22T16:59:02
2024-04-02,us,WMT,59.900001525878906,60.09999847412109,58.880001068115234,59.15999984741211,19510100,,Yahoo Finance daily,2026-07-22T16:59:02
2024-04-03,us,WMT,59.380001068115234,59.5,58.93999862670898,59.43000030517578,14615100,,Yahoo Finance daily,2026-07-22T16:59:02
2024-04-04,us,WMT,59.540000915527344,59.810001373291016,59.290000915527344,59.5,14436100,,Yahoo Finance daily,2026-07-22T16:59:02
2024-04-05,us,WMT,59.54999923706055,60.040000915527344,59.4900016784668,59.84999847412109,10335900,,Yahoo Finance daily,2026-07-22T16:59:02
2024-04-08,us,WMT,59.59999847412109,60.040000915527344,59.41999816894531,59.77999877929688,11070100,,Yahoo Finance daily,2026-07-22T16:59:02
2024-04-09,us,WMT,59.869998931884766,59.970001220703125,59.29999923706055,59.790000915527344,10013500,,Yahoo Finance daily,2026-07-22T16:59:02
2024-04-10,us,WMT,59.619998931884766,60.7599983215332,59.38999938964844,60.619998931884766,15097600,,Yahoo Finance daily,2026-07-22T16:59:02
2024-04-11,us,WMT,60.75,60.88999938964844,60.06999969482422,60.09000015258789,10987600,,Yahoo Finance daily,2026-07-22T16:59:02
2024-04-12,us,WMT,60.0,60.720001220703125,59.95000076293945,60.13999938964844,12280600,,Yahoo Finance daily,2026-07-22T16:59:02
2024-04-15,us,WMT,60.5099983215332,60.70000076293945,59.90999984741211,59.93000030517578,10557200,,Yahoo Finance daily,2026-07-22T16:59:02
2024-04-16,us,WMT,60.02999877929688,60.290000915527344,59.77999877929688,59.84000015258789,14726300,,Yahoo Finance daily,2026-07-22T16:59:02
2024-04-17,us,WMT,60.150001525878906,60.43000030517578,59.56999969482422,59.650001525878906,15329700,,Yahoo Finance daily,2026-07-22T16:59:02
2024-04-18,us,WMT,59.83000183105469,59.93999862670898,59.220001220703125,59.2599983215332,12061500,,Yahoo Finance daily,2026-07-22T16:59:02
2024-04-19,us,WMT,59.45000076293945,59.66999816894531,58.970001220703125,59.52999877929688,14165800,,Yahoo Finance daily,2026-07-22T16:59:02
2024-04-22,us,WMT,59.560001373291016,60.400001525878906,59.040000915527344,60.13999938964844,14910000,,Yahoo Finance daily,2026-07-22T16:59:02
2024-04-23,us,WMT,60.25,60.34999847412109,58.560001373291016,59.09000015258789,17963900,,Yahoo Finance daily,2026-07-22T16:59:02
2024-04-24,us,WMT,58.97999954223633,60.040000915527344,58.810001373291016,59.869998931884766,18529100,,Yahoo Finance daily,2026-07-22T16:59:02
2024-04-25,us,WMT,60.04999923706055,60.52999877929688,59.83000183105469,60.209999084472656,19263000,,Yahoo Finance daily,2026-07-22T16:59:02
2024-04-26,us,WMT,60.11000061035156,60.38999938964844,60.0,60.15999984741211,11045200,,Yahoo Finance daily,2026-07-22T16:59:02
2024-04-29,us,WMT,60.18000030517578,60.38999938964844,59.93999862670898,60.2400016784668,9785100,,Yahoo Finance daily,2026-07-22T16:59:02
2024-04-30,us,WMT,60.20000076293945,60.29999923706055,59.15999984741211,59.34999847412109,14209200,,Yahoo Finance daily,2026-07-22T16:59:02
2024-05-01,us,WMT,59.310001373291016,59.40999984741211,58.720001220703125,58.84999847412109,15464300,,Yahoo Finance daily,2026-07-22T16:59:02
2024-05-02,us,WMT,58.93999862670898,59.88999938964844,58.58000183105469,59.709999084472656,17574100,,Yahoo Finance daily,2026-07-22T16:59:02
2024-05-03,us,WMT,59.619998931884766,59.97999954223633,59.13999938964844,59.81999969482422,14207400,,Yahoo Finance daily,2026-07-22T16:59:02
2024-05-06,us,WMT,60.0,60.0,59.38999938964844,59.869998931884766,11119400,,Yahoo Finance daily,2026-07-22T16:59:02
2024-05-07,us,WMT,60.16999816894531,60.79999923706055,60.04999923706055,60.619998931884766,14520200,,Yahoo Finance daily,2026-07-22T16:59:02
2024-05-08,us,WMT,60.630001068115234,60.84999847412109,60.220001220703125,60.29999923706055,11015700,,Yahoo Finance daily,2026-07-22T16:59:02
2024-05-09,us,WMT,60.20000076293945,60.58000183105469,59.95000076293945,60.43999862670898,14550500,,Yahoo Finance daily,2026-07-22T16:59:02
2024-05-10,us,WMT,60.40999984741211,60.58000183105469,60.15999984741211,60.47999954223633,12356600,,Yahoo Finance daily,2026-07-22T16:59:02
2024-05-13,us,WMT,60.619998931884766,61.34999847412109,60.290000915527344,60.40999984741211,19260500,,Yahoo Finance daily,2026-07-22T16:59:02
2024-05-14,us,WMT,60.52000045776367,60.54999923706055,59.43999862670898,59.86000061035156,18780100,,Yahoo Finance daily,2026-07-22T16:59:02
2024-05-15,us,WMT,59.83000183105469,59.93999862670898,59.470001220703125,59.83000183105469,22240600,,Yahoo Finance daily,2026-07-22T16:59:02
2024-05-16,us,WMT,64.22000122070312,64.41999816894531,62.93999862670898,64.01000213623047,60545600,,Yahoo Finance daily,2026-07-22T16:59:02
2024-05-17,us,WMT,64.23999786376953,64.87999725341797,63.630001068115234,64.6500015258789,29330400,,Yahoo Finance daily,2026-07-22T16:59:02
2024-05-20,us,WMT,64.41999816894531,64.76000213623047,63.869998931884766,64.18000030517578,15001400,,Yahoo Finance daily,2026-07-22T16:59:02
2024-05-21,us,WMT,64.52999877929688,65.19000244140625,64.44999694824219,65.1500015258789,17131700,,Yahoo Finance daily,2026-07-22T16:59:02
2024-05-22,us,WMT,64.9800033569336,65.69000244140625,64.7300033569336,65.25,14879400,,Yahoo Finance daily,2026-07-22T16:59:02
2024-05-23,us,WMT,65.16999816894531,65.5199966430664,64.55999755859375,64.83999633789062,16222900,,Yahoo Finance daily,2026-07-22T16:59:02
2024-05-24,us,WMT,65.12999725341797,65.69000244140625,65.01000213623047,65.37999725341797,11795000,,Yahoo Finance daily,2026-07-22T16:59:02
2024-05-28,us,WMT,65.22000122070312,65.47000122070312,64.73999786376953,65.04000091552734,13349600,,Yahoo Finance daily,2026-07-22T16:59:02
2024-05-29,us,WMT,64.75,65.20999908447266,64.6500015258789,64.91999816894531,11538600,,Yahoo Finance daily,2026-07-22T16:59:02
2024-05-30,us,WMT,64.93000030517578,65.16999816894531,64.7699966430664,64.88999938964844,13051900,,Yahoo Finance daily,2026-07-22T16:59:02
2024-05-31,us,WMT,64.66999816894531,65.9000015258789,64.16000366210938,65.76000213623047,27632200,,Yahoo Finance daily,2026-07-22T16:59:02
2024-06-03,us,WMT,65.51000213623047,65.83999633789062,65.16000366210938,65.81999969482422,11578700,,Yahoo Finance daily,2026-07-22T16:59:02
2024-06-04,us,WMT,65.98999786376953,66.63999938964844,65.83000183105469,66.5999984741211,14780800,,Yahoo Finance daily,2026-07-22T16:59:02
2024-06-05,us,WMT,66.56999969482422,67.1500015258789,66.27999877929688,67.08999633789062,14982700,,Yahoo Finance daily,2026-07-22T16:59:02
2024-06-06,us,WMT,67.05999755859375,67.44000244140625,66.7699966430664,67.1500015258789,13256000,,Yahoo Finance daily,2026-07-22T16:59:02
2024-06-07,us,WMT,67.4000015258789,67.56999969482422,65.63999938964844,65.87999725341797,20213200,,Yahoo Finance daily,2026-07-22T16:59:02
2024-06-10,us,WMT,67.19000244140625,67.33000183105469,66.2699966430664,66.95999908447266,21659500,,Yahoo Finance daily,2026-07-22T16:59:02
2024-06-11,us,WMT,66.94999694824219,66.95999908447266,66.3499984741211,66.7300033569336,13367500,,Yahoo Finance daily,2026-07-22T16:59:02
2024-06-12,us,WMT,66.8499984741211,66.94000244140625,65.9000015258789,66.30999755859375,11704700,,Yahoo Finance daily,2026-07-22T16:59:02
2024-06-13,us,WMT,66.30000305175781,66.76000213623047,65.94999694824219,66.69999694824219,11196600,,Yahoo Finance daily,2026-07-22T16:59:02
2024-06-14,us,WMT,66.54000091552734,67.11000061035156,66.30000305175781,67.0199966430664,12590100,,Yahoo Finance daily,2026-07-22T16:59:02
2024-06-17,us,WMT,66.91999816894531,67.44000244140625,66.41000366210938,67.41999816894531,12103000,,Yahoo Finance daily,2026-07-22T16:59:02
2024-06-18,us,WMT,67.62999725341797,67.87000274658203,67.30000305175781,67.5999984741211,12093500,,Yahoo Finance daily,2026-07-22T16:59:02
2024-06-20,us,WMT,67.3499984741211,68.12999725341797,67.30000305175781,68.01000213623047,13860800,,Yahoo Finance daily,2026-07-22T16:59:02
2024-06-21,us,WMT,68.26000213623047,68.55000305175781,67.83000183105469,67.91000366210938,25883000,,Yahoo Finance daily,2026-07-22T16:59:02
2024-06-24,us,WMT,68.05000305175781,69.04000091552734,67.9000015258789,68.9000015258789,12470400,,Yahoo Finance daily,2026-07-22T16:59:02
2024-06-25,us,WMT,67.16999816894531,67.58999633789062,66.55000305175781,67.41999816894531,20869200,,Yahoo Finance daily,2026-07-22T16:59:02
2024-06-26,us,WMT,67.4000015258789,68.5999984741211,67.20999908447266,68.29000091552734,14177500,,Yahoo Finance daily,2026-07-22T16:59:02
2024-06-27,us,WMT,68.29000091552734,68.58000183105469,67.66999816894531,67.87999725341797,12899200,,Yahoo Finance daily,2026-07-22T16:59:02
2024-06-28,us,WMT,67.87000274658203,68.0999984741211,67.31999969482422,67.70999908447266,18816700,,Yahoo Finance daily,2026-07-22T16:59:02
2024-07-01,us,WMT,67.88999938964844,68.23999786376953,67.25,67.4800033569336,8666000,,Yahoo Finance daily,2026-07-22T16:59:02
2024-07-02,us,WMT,67.44000244140625,68.08000183105469,67.26000213623047,68.06999969482422,9436500,,Yahoo Finance daily,2026-07-22T16:59:02
2024-07-03,us,WMT,67.80999755859375,68.25,67.62000274658203,68.23999786376953,6287500,,Yahoo Finance daily,2026-07-22T16:59:02
2024-07-05,us,WMT,68.16000366210938,70.1500015258789,68.0999984741211,70.04000091552734,21586100,,Yahoo Finance daily,2026-07-22T16:59:02
2024-07-08,us,WMT,69.9000015258789,70.13999938964844,69.3499984741211,69.68000030517578,12077700,,Yahoo Finance daily,2026-07-22T16:59:02
2024-07-09,us,WMT,69.9000015258789,70.25,69.66999816894531,69.9000015258789,9758400,,Yahoo Finance daily,2026-07-22T16:59:02
2024-07-10,us,WMT,70.0999984741211,70.44000244140625,69.72000122070312,70.41000366210938,10803400,,Yahoo Finance daily,2026-07-22T16:59:02
2024-07-11,us,WMT,70.18000030517578,70.44999694824219,69.26000213623047,69.80000305175781,15624800,,Yahoo Finance daily,2026-07-22T16:59:02
2024-07-12,us,WMT,69.9000015258789,70.02999877929688,69.16999816894531,69.23999786376953,12145300,,Yahoo Finance daily,2026-07-22T16:59:02
2024-07-15,us,WMT,69.30000305175781,69.97000122070312,69.30000305175781,69.61000061035156,10171100,,Yahoo Finance daily,2026-07-22T16:59:02
2024-07-16,us,WMT,69.81999969482422,70.23999786376953,69.58000183105469,69.98999786376953,9836800,,Yahoo Finance daily,2026-07-22T16:59:02
2024-07-17,us,WMT,70.18000030517578,71.0999984741211,69.94999694824219,71.02999877929688,13533800,,Yahoo Finance daily,2026-07-22T16:59:02
2024-07-18,us,WMT,70.68000030517578,71.19000244140625,70.43000030517578,70.81999969482422,10682700,,Yahoo Finance daily,2026-07-22T16:59:02
2024-07-19,us,WMT,71.19999694824219,71.33000183105469,70.6500015258789,70.75,11665500,,Yahoo Finance daily,2026-07-22T16:59:02
2024-07-22,us,WMT,70.86000061035156,71.26000213623047,70.2300033569336,70.37999725341797,12666100,,Yahoo Finance daily,2026-07-22T16:59:02
2024-07-23,us,WMT,70.47000122070312,70.69999694824219,70.11000061035156,70.6500015258789,9263600,,Yahoo Finance daily,2026-07-22T16:59:02
2024-07-24,us,WMT,70.5199966430664,70.83999633789062,70.33999633789062,70.5999984741211,22490800,,Yahoo Finance daily,2026-07-22T16:59:02
2024-07-25,us,WMT,70.5999984741211,70.7699966430664,69.94999694824219,70.0199966430664,18821200,,Yahoo Finance daily,2026-07-22T16:59:02
2024-07-26,us,WMT,70.2300033569336,70.23999786376953,68.83000183105469,69.77999877929688,16789300,,Yahoo Finance daily,2026-07-22T16:59:02
2024-07-29,us,WMT,69.8499984741211,69.9000015258789,69.12999725341797,69.62000274658203,10315300,,Yahoo Finance daily,2026-07-22T16:59:02
2024-07-30,us,WMT,69.55000305175781,69.8499984741211,68.9800033569336,69.19000244140625,12522500,,Yahoo Finance daily,2026-07-22T16:59:02
2024-07-31,us,WMT,69.18000030517578,69.25,68.29000091552734,68.63999938964844,22908800,,Yahoo Finance daily,2026-07-22T16:59:02
2024-08-01,us,WMT,68.91000366210938,69.80000305175781,68.5199966430664,69.79000091552734,17275500,,Yahoo Finance daily,2026-07-22T16:59:02
2024-08-02,us,WMT,69.5999984741211,70.23999786376953,67.73999786376953,68.45999908447266,23578700,,Yahoo Finance daily,2026-07-22T16:59:02
2024-08-05,us,WMT,68.0999984741211,68.58000183105469,66.91000366210938,67.58999633789062,20770500,,Yahoo Finance daily,2026-07-22T16:59:02
2024-08-06,us,WMT,67.83999633789062,68.62999725341797,67.68000030517578,67.73999786376953,14815100,,Yahoo Finance daily,2026-07-22T16:59:02
2024-08-07,us,WMT,67.87000274658203,68.01000213623047,66.80999755859375,66.91000366210938,18499200,,Yahoo Finance daily,2026-07-22T16:59:02
2024-08-08,us,WMT,66.83999633789062,67.91999816894531,66.66999816894531,67.66000366210938,12489800,,Yahoo Finance daily,2026-07-22T16:59:02
2024-08-09,us,WMT,67.8499984741211,68.22000122070312,67.33000183105469,67.94999694824219,13805600,,Yahoo Finance daily,2026-07-22T16:59:02
2024-08-12,us,WMT,68.33999633789062,69.22000122070312,68.06999969482422,68.69999694824219,17385300,,Yahoo Finance daily,2026-07-22T16:59:02
2024-08-13,us,WMT,68.43000030517578,68.61000061035156,67.13999938964844,68.12999725341797,26557900,,Yahoo Finance daily,2026-07-22T16:59:02
2024-08-14,us,WMT,67.91999816894531,68.79000091552734,67.8499984741211,68.66000366210938,22928600,,Yahoo Finance daily,2026-07-22T16:59:02
2024-08-15,us,WMT,74.12000274658203,74.44000244140625,72.77999877929688,73.18000030517578,49567500,,Yahoo Finance daily,2026-07-22T16:59:02
2024-08-16,us,WMT,72.69999694824219,73.61000061035156,72.5199966430664,73.44999694824219,19872100,,Yahoo Finance daily,2026-07-22T16:59:02
2024-08-19,us,WMT,73.38999938964844,73.9800033569336,73.33999633789062,73.72000122070312,13709300,,Yahoo Finance daily,2026-07-22T16:59:02
2024-08-20,us,WMT,73.75,74.75,73.72000122070312,74.54000091552734,14434000,,Yahoo Finance daily,2026-07-22T16:59:02
2024-08-21,us,WMT,75.30000305175781,75.58000183105469,74.58999633789062,75.23999786376953,14832000,,Yahoo Finance daily,2026-07-22T16:59:02
2024-08-22,us,WMT,75.37000274658203,76.22000122070312,75.1500015258789,75.58000183105469,16511100,,Yahoo Finance daily,2026-07-22T16:59:02
2024-08-23,us,WMT,75.5999984741211,75.80999755859375,75.01000213623047,75.69999694824219,12299100,,Yahoo Finance daily,2026-07-22T16:59:02
2024-08-26,us,WMT,75.9000015258789,76.20999908447266,75.56999969482422,76.02999877929688,9508200,,Yahoo Finance daily,2026-07-22T16:59:02
2024-08-27,us,WMT,76.44999694824219,76.44999694824219,75.7699966430664,76.12999725341797,11557800,,Yahoo Finance daily,2026-07-22T16:59:02
2024-08-28,us,WMT,76.27999877929688,76.43000030517578,75.80999755859375,76.08000183105469,9814300,,Yahoo Finance daily,2026-07-22T16:59:02
2024-08-29,us,WMT,75.98999786376953,76.47000122070312,75.66999816894531,76.41999816894531,11856800,,Yahoo Finance daily,2026-07-22T16:59:02
2024-08-30,us,WMT,76.44000244140625,77.47000122070312,76.22000122070312,77.2300033569336,23230000,,Yahoo Finance daily,2026-07-22T16:59:02
2024-09-03,us,WMT,77.33000183105469,77.80999755859375,76.80000305175781,77.16999816894531,22666100,,Yahoo Finance daily,2026-07-22T16:59:02
2024-09-04,us,WMT,77.33000183105469,77.4800033569336,76.7300033569336,77.23999786376953,18442800,,Yahoo Finance daily,2026-07-22T16:59:02
2024-09-05,us,WMT,77.25,77.44999694824219,76.38999938964844,76.95999908447266,13082900,,Yahoo Finance daily,2026-07-22T16:59:02
2024-09-06,us,WMT,76.9000015258789,77.31999969482422,76.30000305175781,76.63999938964844,14548600,,Yahoo Finance daily,2026-07-22T16:59:02
2024-09-09,us,WMT,76.8499984741211,77.47000122070312,76.48999786376953,77.33999633789062,22260200,,Yahoo Finance daily,2026-07-22T16:59:02
2024-09-10,us,WMT,77.3499984741211,78.9000015258789,77.27999877929688,78.80999755859375,17686300,,Yahoo Finance daily,2026-07-22T16:59:02
2024-09-11,us,WMT,78.37999725341797,78.91999816894531,77.56999969482422,78.83999633789062,19518800,,Yahoo Finance daily,2026-07-22T16:59:02
2024-09-12,us,WMT,78.98999786376953,79.91000366210938,78.62000274658203,79.66000366210938,14877700,,Yahoo Finance daily,2026-07-22T16:59:02
2024-09-13,us,WMT,79.81999969482422,80.69000244140625,79.69000244140625,80.5999984741211,12994100,,Yahoo Finance daily,2026-07-22T16:59:02
2024-09-16,us,WMT,80.83999633789062,81.0199966430664,80.13999938964844,80.55999755859375,15346400,,Yahoo Finance daily,2026-07-22T16:59:02
2024-09-17,us,WMT,79.76000213623047,80.26000213623047,78.26000213623047,78.5999984741211,21065900,,Yahoo Finance daily,2026-07-22T16:59:02
2024-09-18,us,WMT,78.63999938964844,79.41000366210938,78.27999877929688,79.02999877929688,15684900,,Yahoo Finance daily,2026-07-22T16:59:02
2024-09-19,us,WMT,79.05000305175781,79.08999633789062,77.48999786376953,78.04000091552734,21525700,,Yahoo Finance daily,2026-07-22T16:59:02
2024-09-20,us,WMT,78.2300033569336,79.61000061035156,78.11000061035156,79.05999755859375,39534300,,Yahoo Finance daily,2026-07-22T16:59:02
2024-09-23,us,WMT,79.06999969482422,80.44000244140625,79.06999969482422,80.33000183105469,12147300,,Yahoo Finance daily,2026-07-22T16:59:02
2024-09-24,us,WMT,80.4800033569336,80.91000366210938,80.23999786376953,80.66999816894531,14651100,,Yahoo Finance daily,2026-07-22T16:59:02
2024-09-25,us,WMT,80.88999938964844,81.5999984741211,80.68000030517578,81.4000015258789,14163800,,Yahoo Finance daily,2026-07-22T16:59:02
2024-09-26,us,WMT,81.04000091552734,81.19999694824219,79.26000213623047,79.91999816894531,17061100,,Yahoo Finance daily,2026-07-22T16:59:02
2024-09-27,us,WMT,79.9000015258789,80.29000091552734,79.5999984741211,79.77999877929688,11899100,,Yahoo Finance daily,2026-07-22T16:59:02
2024-09-30,us,WMT,79.88999938964844,80.94000244140625,79.86000061035156,80.75,18997000,,Yahoo Finance daily,2026-07-22T16:59:02
2024-10-01,us,WMT,80.68000030517578,81.52999877929688,80.44000244140625,81.2699966430664,16054200,,Yahoo Finance daily,2026-07-22T16:59:02
2024-10-02,us,WMT,80.98999786376953,80.98999786376953,80.12000274658203,80.43000030517578,16618300,,Yahoo Finance daily,2026-07-22T16:59:02
2024-10-03,us,WMT,80.30000305175781,80.58000183105469,79.8499984741211,80.43000030517578,11640400,,Yahoo Finance daily,2026-07-22T16:59:02
2024-10-04,us,WMT,80.05000305175781,81.11000061035156,79.8499984741211,80.94000244140625,11583400,,Yahoo Finance daily,2026-07-22T16:59:02
2024-10-07,us,WMT,80.69000244140625,80.94000244140625,78.9800033569336,79.0999984741211,16791600,,Yahoo Finance daily,2026-07-22T16:59:02
2024-10-08,us,WMT,79.62000274658203,79.81999969482422,79.06999969482422,79.70999908447266,15270000,,Yahoo Finance daily,2026-07-22T16:59:02
2024-10-09,us,WMT,79.81999969482422,80.5,79.75,80.4000015258789,12413000,,Yahoo Finance daily,2026-07-22T16:59:02
2024-10-10,us,WMT,80.30999755859375,80.31999969482422,79.45999908447266,79.61000061035156,10812700,,Yahoo Finance daily,2026-07-22T16:59:02
2024-10-11,us,WMT,79.69999694824219,80.12999725341797,79.37000274658203,80.0999984741211,9570700,,Yahoo Finance daily,2026-07-22T16:59:02
2024-10-14,us,WMT,80.05000305175781,80.51000213623047,79.76000213623047,80.29000091552734,9914500,,Yahoo Finance daily,2026-07-22T16:59:02
2024-10-15,us,WMT,80.66999816894531,81.81999969482422,80.51000213623047,81.6500015258789,13276200,,Yahoo Finance daily,2026-07-22T16:59:02
2024-10-16,us,WMT,81.52999877929688,81.66000366210938,80.62000274658203,81.22000122070312,11123300,,Yahoo Finance daily,2026-07-22T16:59:02
2024-10-17,us,WMT,81.2699966430664,81.5,80.6500015258789,80.88999938964844,9424700,,Yahoo Finance daily,2026-07-22T16:59:02
2024-10-18,us,WMT,80.87000274658203,81.69000244140625,80.66000366210938,81.30999755859375,12324100,,Yahoo Finance daily,2026-07-22T16:59:02
2024-10-21,us,WMT,81.2300033569336,81.55000305175781,80.72000122070312,80.80999755859375,9750400,,Yahoo Finance daily,2026-07-22T16:59:02
2024-10-22,us,WMT,81.11000061035156,82.2300033569336,80.83000183105469,82.0199966430664,12240100,,Yahoo Finance daily,2026-07-22T16:59:02
2024-10-23,us,WMT,81.88999938964844,83.33999633789062,81.80000305175781,83.2699966430664,13058200,,Yahoo Finance daily,2026-07-22T16:59:02
2024-10-24,us,WMT,82.95999908447266,83.31999969482422,82.58000183105469,83.04000091552734,11645900,,Yahoo Finance daily,2026-07-22T16:59:02
2024-10-25,us,WMT,83.19999694824219,83.30000305175781,82.44000244140625,82.51000213623047,8959400,,Yahoo Finance daily,2026-07-22T16:59:02
2024-10-28,us,WMT,82.75,83.08000183105469,82.47000122070312,82.75,7990200,,Yahoo Finance daily,2026-07-22T16:59:02
2024-10-29,us,WMT,82.66999816894531,82.86000061035156,81.66999816894531,81.69999694824219,9682400,,Yahoo Finance daily,2026-07-22T16:59:02
2024-10-30,us,WMT,81.5999984741211,81.83000183105469,81.30000305175781,81.38999938964844,9268800,,Yahoo Finance daily,2026-07-22T16:59:02
2024-10-31,us,WMT,81.29000091552734,82.44000244140625,81.22000122070312,81.94999694824219,15539000,,Yahoo Finance daily,2026-07-22T16:59:02
2024-11-01,us,WMT,82.52999877929688,82.52999877929688,81.54000091552734,82.19000244140625,12181800,,Yahoo Finance daily,2026-07-22T16:59:02
2024-11-04,us,WMT,82.19999694824219,82.91000366210938,82.0,82.44999694824219,11731000,,Yahoo Finance daily,2026-07-22T16:59:02
2024-11-05,us,WMT,82.68000030517578,83.7699966430664,82.51000213623047,83.68000030517578,10612500,,Yahoo Finance daily,2026-07-22T16:59:02
2024-11-06,us,WMT,85.13999938964844,85.54000091552734,82.05999755859375,83.44000244140625,19974000,,Yahoo Finance daily,2026-07-22T16:59:02
2024-11-07,us,WMT,83.72000122070312,84.38999938964844,83.41999816894531,83.8499984741211,12665800,,Yahoo Finance daily,2026-07-22T16:59:02
2024-11-08,us,WMT,84.27999877929688,85.41999816894531,84.2300033569336,84.83000183105469,14396500,,Yahoo Finance daily,2026-07-22T16:59:02
2024-11-11,us,WMT,84.94999694824219,85.41000366210938,84.12000274658203,84.20999908447266,10433200,,Yahoo Finance daily,2026-07-22T16:59:02
2024-11-12,us,WMT,84.5,85.52999877929688,84.5,84.98999786376953,12860200,,Yahoo Finance daily,2026-07-22T16:59:02
2024-11-13,us,WMT,84.98999786376953,85.79000091552734,84.7699966430664,85.5,12802600,,Yahoo Finance daily,2026-07-22T16:59:02
2024-11-14,us,WMT,85.02999877929688,85.76000213623047,84.33999633789062,84.47000122070312,15740700,,Yahoo Finance daily,2026-07-22T16:59:02
2024-11-15,us,WMT,84.52999877929688,84.77999877929688,83.94000244140625,84.25,17370600,,Yahoo Finance daily,2026-07-22T16:59:02
2024-11-18,us,WMT,84.81999969482422,84.8499984741211,83.66000366210938,84.08000183105469,25093800,,Yahoo Finance daily,2026-07-22T16:59:02
2024-11-19,us,WMT,86.2300033569336,88.29000091552734,85.91000366210938,86.5999984741211,36340900,,Yahoo Finance daily,2026-07-22T16:59:02
2024-11-20,us,WMT,86.5999984741211,87.19999694824219,85.91000366210938,87.18000030517578,18183200,,Yahoo Finance daily,2026-07-22T16:59:02
2024-11-21,us,WMT,87.44999694824219,88.63999938964844,86.93000030517578,88.38999938964844,18729200,,Yahoo Finance daily,2026-07-22T16:59:02
2024-11-22,us,WMT,89.41000366210938,90.91000366210938,88.93000030517578,90.44000244140624,23990600,,Yahoo Finance daily,2026-07-22T16:59:02
2024-11-25,us,WMT,90.5,90.9499969482422,89.05999755859375,89.5,25078600,,Yahoo Finance daily,2026-07-22T16:59:02
2024-11-26,us,WMT,89.88999938964844,91.87999725341795,89.83999633789062,91.30999755859376,16657000,,Yahoo Finance daily,2026-07-22T16:59:02
2024-11-27,us,WMT,92.0,92.25,91.30999755859376,91.87999725341795,14358900,,Yahoo Finance daily,2026-07-22T16:59:02
2024-11-29,us,WMT,92.26000213623048,92.63999938964844,91.81999969482422,92.5,11041200,,Yahoo Finance daily,2026-07-22T16:59:02
2024-12-02,us,WMT,92.81999969482422,92.98999786376952,91.9499969482422,92.63999938964844,17173000,,Yahoo Finance daily,2026-07-22T16:59:02
2024-12-03,us,WMT,92.77999877929688,93.58999633789062,92.26000213623048,93.51000213623048,17775200,,Yahoo Finance daily,2026-07-22T16:59:02
2024-12-04,us,WMT,93.4499969482422,94.5199966430664,93.0500030517578,94.4499969482422,17312600,,Yahoo Finance daily,2026-07-22T16:59:02
2024-12-05,us,WMT,94.88999938964844,95.5999984741211,94.33999633789062,95.3000030517578,21932300,,Yahoo Finance daily,2026-07-22T16:59:02
2024-12-06,us,WMT,95.54000091552734,96.18000030517578,95.33000183105467,95.6999969482422,18803500,,Yahoo Finance daily,2026-07-22T16:59:02
2024-12-09,us,WMT,95.66000366210938,95.94000244140624,93.5999984741211,93.83000183105467,20931100,,Yahoo Finance daily,2026-07-22T16:59:02
2024-12-10,us,WMT,94.0500030517578,95.23999786376952,93.7699966430664,94.5500030517578,13164500,,Yahoo Finance daily,2026-07-22T16:59:02
2024-12-11,us,WMT,94.54000091552734,95.69000244140624,94.5,94.95999908447266,19682100,,Yahoo Finance daily,2026-07-22T16:59:02
2024-12-12,us,WMT,95.68000030517578,95.72000122070312,94.08999633789062,94.08999633789062,14298600,,Yahoo Finance daily,2026-07-22T16:59:02
2024-12-13,us,WMT,93.8000030517578,94.68000030517578,93.04000091552734,94.25,11495900,,Yahoo Finance daily,2026-07-22T16:59:02
2024-12-16,us,WMT,94.41999816894533,95.70999908447266,94.0999984741211,94.87000274658205,16742000,,Yahoo Finance daily,2026-07-22T16:59:02
2024-12-17,us,WMT,95.13999938964844,95.48999786376952,94.31999969482422,95.41999816894533,23560800,,Yahoo Finance daily,2026-07-22T16:59:02
2024-12-18,us,WMT,95.33999633789062,95.9000015258789,93.12999725341795,93.5500030517578,24665600,,Yahoo Finance daily,2026-07-22T16:59:02
2024-12-19,us,WMT,94.4800033569336,94.56999969482422,93.36000061035156,93.4000015258789,16606500,,Yahoo Finance daily,2026-07-22T16:59:02
2024-12-20,us,WMT,93.01000213623048,93.75,91.62999725341795,92.23999786376952,49350600,,Yahoo Finance daily,2026-07-22T16:59:02
2024-12-23,us,WMT,91.5,91.5,88.91000366210938,90.3499984741211,26205400,,Yahoo Finance daily,2026-07-22T16:59:02
2024-12-24,us,WMT,90.37000274658205,92.68000030517578,90.3499984741211,92.68000030517578,8992400,,Yahoo Finance daily,2026-07-22T16:59:02
2024-12-26,us,WMT,92.54000091552734,92.87999725341795,92.16999816894533,92.79000091552734,10994000,,Yahoo Finance daily,2026-07-22T16:59:02
2024-12-27,us,WMT,92.12999725341795,92.3499984741211,91.02999877929688,91.66000366210938,11384400,,Yahoo Finance daily,2026-07-22T16:59:02
2024-12-30,us,WMT,90.7300033569336,91.06999969482422,90.12999725341795,90.56999969482422,9790200,,Yahoo Finance daily,2026-07-22T16:59:02
2024-12-31,us,WMT,90.56999969482422,90.94000244140624,90.05999755859375,90.3499984741211,11267700,,Yahoo Finance daily,2026-07-22T16:59:02
2025-01-02,us,WMT,89.9800033569336,90.5999984741211,89.5199966430664,90.0,14820400,,Yahoo Finance daily,2026-07-22T16:59:02
2025-01-03,us,WMT,90.1500015258789,91.3000030517578,90.13999938964844,90.77999877929688,10834600,,Yahoo Finance daily,2026-07-22T16:59:02
2025-01-06,us,WMT,90.83000183105467,92.47000122070312,90.66999816894533,91.43000030517578,14519900,,Yahoo Finance daily,2026-07-22T16:59:02
2025-01-07,us,WMT,91.6999969482422,91.94000244140624,90.4499969482422,90.80999755859376,11238000,,Yahoo Finance daily,2026-07-22T16:59:02
2025-01-08,us,WMT,91.11000061035156,91.8499984741211,90.81999969482422,91.8000030517578,13453600,,Yahoo Finance daily,2026-07-22T16:59:02
2025-01-10,us,WMT,92.48999786376952,93.58000183105467,92.1999969482422,93.0,18140900,,Yahoo Finance daily,2026-07-22T16:59:02
2025-01-13,us,WMT,92.12000274658205,92.43000030517578,91.0999984741211,91.52999877929688,18617100,,Yahoo Finance daily,2026-07-22T16:59:02
2025-01-14,us,WMT,91.86000061035156,91.9800033569336,90.56999969482422,90.79000091552734,13549200,,Yahoo Finance daily,2026-07-22T16:59:02
2025-01-15,us,WMT,91.06999969482422,91.7300033569336,90.80999755859376,91.33999633789062,17348200,,Yahoo Finance daily,2026-07-22T16:59:02
2025-01-16,us,WMT,91.5,91.72000122070312,90.12000274658205,91.3000030517578,13267700,,Yahoo Finance daily,2026-07-22T16:59:02
2025-01-17,us,WMT,92.06999969482422,92.26000213623048,91.0500030517578,91.94000244140624,15868200,,Yahoo Finance daily,2026-07-22T16:59:02
2025-01-21,us,WMT,92.4800033569336,94.23999786376952,92.30999755859376,93.08000183105467,23247500,,Yahoo Finance daily,2026-07-22T16:59:02
2025-01-22,us,WMT,93.7699966430664,94.0,92.5199966430664,93.2300033569336,15567100,,Yahoo Finance daily,2026-07-22T16:59:02
2025-01-23,us,WMT,92.95999908447266,93.80999755859376,92.31999969482422,93.80999755859376,14198400,,Yahoo Finance daily,2026-07-22T16:59:02
2025-01-24,us,WMT,93.54000091552734,95.01000213623048,93.45999908447266,94.76000213623048,14973800,,Yahoo Finance daily,2026-07-22T16:59:02
2025-01-27,us,WMT,95.9000015258789,97.45999908447266,94.81999969482422,97.4000015258789,18880600,,Yahoo Finance daily,2026-07-22T16:59:02
2025-01-28,us,WMT,97.2300033569336,97.83999633789062,96.7300033569336,97.29000091552734,14641600,,Yahoo Finance daily,2026-07-22T16:59:02
2025-01-29,us,WMT,97.43000030517578,98.16999816894533,97.22000122070312,97.5,11261400,,Yahoo Finance daily,2026-07-22T16:59:02
2025-01-30,us,WMT,97.69000244140624,98.93000030517578,97.41999816894533,98.6500015258789,11012200,,Yahoo Finance daily,2026-07-22T16:59:02
2025-01-31,us,WMT,99.0,99.0,97.6999969482422,98.16000366210938,16391200,,Yahoo Finance daily,2026-07-22T16:59:02
2025-02-03,us,WMT,96.7699966430664,99.79000091552734,96.47000122070312,99.54000091552734,20484200,,Yahoo Finance daily,2026-07-22T16:59:02
2025-02-04,us,WMT,99.97000122070312,100.9499969482422,99.69000244140624,100.7699966430664,15201200,,Yahoo Finance daily,2026-07-22T16:59:02
2025-02-05,us,WMT,100.6500015258789,102.58000183105467,100.54000091552734,102.45999908447266,15926700,,Yahoo Finance daily,2026-07-22T16:59:02
2025-02-06,us,WMT,102.52999877929688,103.0199966430664,101.94000244140624,102.8499984741211,13088500,,Yahoo Finance daily,2026-07-22T16:59:02
2025-02-07,us,WMT,103.0,103.11000061035156,101.11000061035156,101.1500015258789,12451100,,Yahoo Finance daily,2026-07-22T16:59:02
2025-02-10,us,WMT,101.9499969482422,102.93000030517578,101.25,102.91999816894533,15274600,,Yahoo Finance daily,2026-07-22T16:59:02
2025-02-11,us,WMT,102.62000274658205,102.8499984741211,101.8499984741211,102.47000122070312,11953600,,Yahoo Finance daily,2026-07-22T16:59:02
2025-02-12,us,WMT,102.12000274658205,103.9000015258789,102.04000091552734,103.61000061035156,15162100,,Yahoo Finance daily,2026-07-22T16:59:02
2025-02-13,us,WMT,104.0,105.23999786376952,103.52999877929688,105.0500030517578,12604400,,Yahoo Finance daily,2026-07-22T16:59:02
2025-02-14,us,WMT,105.3000030517578,105.3000030517578,103.5999984741211,104.04000091552734,14109500,,Yahoo Finance daily,2026-07-22T16:59:02
2025-02-18,us,WMT,103.72000122070312,103.98999786376952,102.51000213623048,103.77999877929688,18247300,,Yahoo Finance daily,2026-07-22T16:59:02
2025-02-19,us,WMT,103.8499984741211,104.1999969482422,102.5500030517578,104.0,18508000,,Yahoo Finance daily,2026-07-22T16:59:02
2025-02-20,us,WMT,98.77999877929688,100.12000274658205,96.68000030517578,97.20999908447266,55450900,,Yahoo Finance daily,2026-07-22T16:59:02
2025-02-21,us,WMT,96.52999877929688,96.8499984741211,94.12000274658205,94.77999877929688,35014800,,Yahoo Finance daily,2026-07-22T16:59:02
2025-02-24,us,WMT,94.18000030517578,94.63999938964844,92.12000274658205,93.66999816894533,29755900,,Yahoo Finance daily,2026-07-22T16:59:02
2025-02-25,us,WMT,94.3499984741211,97.91000366210938,94.23999786376952,97.69000244140624,29331200,,Yahoo Finance daily,2026-07-22T16:59:02
2025-02-26,us,WMT,97.6999969482422,98.7300033569336,96.06999969482422,96.1999969482422,19069700,,Yahoo Finance daily,2026-07-22T16:59:02
2025-02-27,us,WMT,95.9000015258789,98.04000091552734,95.80999755859376,96.79000091552734,16431500,,Yahoo Finance daily,2026-07-22T16:59:02
2025-02-28,us,WMT,97.79000091552734,98.86000061035156,97.16999816894533,98.61000061035156,25451300,,Yahoo Finance daily,2026-07-22T16:59:02
2025-03-03,us,WMT,97.9800033569336,99.48999786376952,96.83000183105467,97.58999633789062,18372200,,Yahoo Finance daily,2026-07-22T16:59:02
2025-03-04,us,WMT,95.76000213623048,97.0500030517578,94.45999908447266,94.97000122070312,25227700,,Yahoo Finance daily,2026-07-22T16:59:02
2025-03-05,us,WMT,94.97000122070312,96.38999938964844,94.75,95.9800033569336,17639000,,Yahoo Finance daily,2026-07-22T16:59:02
2025-03-06,us,WMT,94.8000030517578,96.19000244140624,94.18000030517578,94.63999938964844,19957800,,Yahoo Finance daily,2026-07-22T16:59:02
2025-03-07,us,WMT,93.94000244140624,93.9499969482422,90.76000213623048,91.72000122070312,35913200,,Yahoo Finance daily,2026-07-22T16:59:02
2025-03-10,us,WMT,89.76000213623047,90.2300033569336,86.61000061035156,87.81999969482422,35148800,,Yahoo Finance daily,2026-07-22T16:59:02
2025-03-11,us,WMT,87.29000091552734,89.3499984741211,87.13999938964844,87.44000244140625,28687600,,Yahoo Finance daily,2026-07-22T16:59:02
2025-03-12,us,WMT,87.87999725341797,89.0999984741211,84.87999725341797,85.19999694824219,33301600,,Yahoo Finance daily,2026-07-22T16:59:02
2025-03-13,us,WMT,84.94000244140625,85.44999694824219,83.87000274658203,84.5,31507800,,Yahoo Finance daily,2026-07-22T16:59:02
2025-03-14,us,WMT,84.95999908447266,85.37000274658203,84.05999755859375,85.3499984741211,35500600,,Yahoo Finance daily,2026-07-22T16:59:02
2025-03-17,us,WMT,85.12999725341797,87.98999786376953,84.9800033569336,87.45999908447266,26297800,,Yahoo Finance daily,2026-07-22T16:59:02
2025-03-18,us,WMT,87.44000244140625,87.68000030517578,85.5,85.58999633789062,17850900,,Yahoo Finance daily,2026-07-22T16:59:02
2025-03-19,us,WMT,85.94999694824219,86.79000091552734,85.62000274658203,86.33000183105469,24555900,,Yahoo Finance daily,2026-07-22T16:59:02
2025-03-20,us,WMT,85.80999755859375,87.08000183105469,85.5199966430664,85.80999755859375,18185500,,Yahoo Finance daily,2026-07-22T16:59:02
2025-03-21,us,WMT,85.27999877929688,86.2300033569336,84.77999877929688,85.9800033569336,26797200,,Yahoo Finance daily,2026-07-22T16:59:02
2025-03-24,us,WMT,86.47000122070312,87.6500015258789,86.3499984741211,87.48999786376953,17900700,,Yahoo Finance daily,2026-07-22T16:59:02
2025-03-25,us,WMT,86.76000213623047,87.30999755859375,84.62000274658203,84.76000213623047,27908600,,Yahoo Finance daily,2026-07-22T16:59:02
2025-03-26,us,WMT,85.19000244140625,85.55999755859375,84.56999969482422,85.20999908447266,27228800,,Yahoo Finance daily,2026-07-22T16:59:02
2025-03-27,us,WMT,84.77999877929688,86.11000061035156,84.77999877929688,85.62999725341797,16782800,,Yahoo Finance daily,2026-07-22T16:59:02
2025-03-28,us,WMT,85.43000030517578,85.83000183105469,84.69999694824219,85.1500015258789,14790600,,Yahoo Finance daily,2026-07-22T16:59:02
2025-03-31,us,WMT,84.76000213623047,88.19999694824219,84.37000274658203,87.79000091552734,30269300,,Yahoo Finance daily,2026-07-22T16:59:02
2025-04-01,us,WMT,87.54000091552734,89.11000061035156,87.37000274658203,88.83000183105469,22080300,,Yahoo Finance daily,2026-07-22T16:59:02
2025-04-02,us,WMT,88.19999694824219,90.1500015258789,88.12000274658203,89.76000213623047,19384100,,Yahoo Finance daily,2026-07-22T16:59:02
2025-04-03,us,WMT,86.27999877929688,89.87999725341797,86.27999877929688,87.26000213623047,33012900,,Yahoo Finance daily,2026-07-22T16:59:02
2025-04-04,us,WMT,85.63999938964844,87.38999938964844,82.6500015258789,83.19000244140625,36209000,,Yahoo Finance daily,2026-07-22T16:59:02
2025-04-07,us,WMT,80.23999786376953,86.26000213623047,79.80999755859375,83.83000183105469,36884900,,Yahoo Finance daily,2026-07-22T16:59:02
2025-04-08,us,WMT,85.8499984741211,86.97000122070312,81.02999877929688,81.79000091552734,34351700,,Yahoo Finance daily,2026-07-22T16:59:02
2025-04-09,us,WMT,83.33000183105469,90.8000030517578,83.0199966430664,89.5999984741211,46632800,,Yahoo Finance daily,2026-07-22T16:59:02
2025-04-10,us,WMT,88.7300033569336,91.87000274658205,88.16000366210938,90.61000061035156,34735300,,Yahoo Finance daily,2026-07-22T16:59:02
2025-04-11,us,WMT,90.68000030517578,93.3499984741211,90.01000213623047,92.8000030517578,25508100,,Yahoo Finance daily,2026-07-22T16:59:02
2025-04-14,us,WMT,93.2699966430664,95.44000244140624,92.9000015258789,94.7300033569336,27742900,,Yahoo Finance daily,2026-07-22T16:59:02
2025-04-15,us,WMT,94.81999969482422,96.02999877929688,93.87000274658205,93.97000122070312,21871200,,Yahoo Finance daily,2026-07-22T16:59:02
2025-04-16,us,WMT,94.0,94.3000030517578,90.61000061035156,91.19000244140624,22229100,,Yahoo Finance daily,2026-07-22T16:59:02
2025-04-17,us,WMT,91.83000183105467,93.87000274658205,91.62000274658205,93.22000122070312,21393900,,Yahoo Finance daily,2026-07-22T16:59:02
2025-04-21,us,WMT,93.0199966430664,94.08000183105467,91.33999633789062,92.41000366210938,18361200,,Yahoo Finance daily,2026-07-22T16:59:02
2025-04-22,us,WMT,92.87999725341795,95.29000091552734,92.87999725341795,94.8499984741211,15407800,,Yahoo Finance daily,2026-07-22T16:59:02
2025-04-23,us,WMT,95.0199966430664,96.5999984741211,94.16000366210938,94.95999908447266,18046900,,Yahoo Finance daily,2026-07-22T16:59:02
2025-04-24,us,WMT,94.70999908447266,96.22000122070312,93.66000366210938,95.83999633789062,13444500,,Yahoo Finance daily,2026-07-22T16:59:02
2025-04-25,us,WMT,95.8000030517578,96.47000122070312,94.36000061035156,95.08999633789062,15317200,,Yahoo Finance daily,2026-07-22T16:59:02
2025-04-28,us,WMT,95.0999984741211,96.0,94.33999633789062,95.22000122070312,12950000,,Yahoo Finance daily,2026-07-22T16:59:02
2025-04-29,us,WMT,94.83999633789062,96.18000030517578,94.41999816894533,96.04000091552734,12679000,,Yahoo Finance daily,2026-07-22T16:59:02
2025-04-30,us,WMT,95.94000244140624,97.77999877929688,94.93000030517578,97.25,21639900,,Yahoo Finance daily,2026-07-22T16:59:02
2025-05-01,us,WMT,97.0199966430664,97.9000015258789,96.58999633789062,97.41000366210938,13171800,,Yahoo Finance daily,2026-07-22T16:59:02
2025-05-02,us,WMT,97.9499969482422,99.22000122070312,97.8499984741211,98.75,16031400,,Yahoo Finance daily,2026-07-22T16:59:02
2025-05-05,us,WMT,98.94000244140624,99.73999786376952,98.52999877929688,99.33000183105467,12439100,,Yahoo Finance daily,2026-07-22T16:59:02
2025-05-06,us,WMT,98.73999786376952,99.47000122070312,98.41000366210938,98.5500030517578,10626000,,Yahoo Finance daily,2026-07-22T16:59:02
2025-05-07,us,WMT,98.5500030517578,99.2300033569336,98.30999755859376,98.83000183105467,11301300,,Yahoo Finance daily,2026-07-22T16:59:02
2025-05-08,us,WMT,98.75,99.33000183105467,97.36000061035156,97.43000030517578,14461100,,Yahoo Finance daily,2026-07-22T16:59:02
2025-05-09,us,WMT,96.75,97.1999969482422,96.29000091552734,96.72000122070312,13697800,,Yahoo Finance daily,2026-07-22T16:59:02
2025-05-12,us,WMT,97.66999816894533,97.97000122070312,95.62000274658205,96.75,26783900,,Yahoo Finance daily,2026-07-22T16:59:02
2025-05-13,us,WMT,96.5,97.31999969482422,95.2300033569336,95.87999725341795,19746700,,Yahoo Finance daily,2026-07-22T16:59:02
2025-05-14,us,WMT,96.02999877929688,97.33000183105467,95.83000183105467,96.83000183105467,25620100,,Yahoo Finance daily,2026-07-22T16:59:02
2025-05-15,us,WMT,94.3000030517578,96.72000122070312,91.88999938964844,96.3499984741211,44026100,,Yahoo Finance daily,2026-07-22T16:59:02
2025-05-16,us,WMT,96.13999938964844,99.19000244140624,96.0,98.23999786376952,33746200,,Yahoo Finance daily,2026-07-22T16:59:02
2025-05-19,us,WMT,96.6500015258789,98.27999877929688,95.80999755859376,98.12000274658205,20041600,,Yahoo Finance daily,2026-07-22T16:59:02
2025-05-20,us,WMT,98.55999755859376,98.81999969482422,96.5199966430664,97.8000030517578,15609600,,Yahoo Finance daily,2026-07-22T16:59:02
2025-05-21,us,WMT,97.12999725341795,97.76000213623048,95.9800033569336,96.43000030517578,15742300,,Yahoo Finance daily,2026-07-22T16:59:02
2025-05-22,us,WMT,96.54000091552734,96.95999908447266,95.81999969482422,95.93000030517578,13712200,,Yahoo Finance daily,2026-07-22T16:59:02
2025-05-23,us,WMT,95.33999633789062,96.54000091552734,95.0,96.33999633789062,13668600,,Yahoo Finance daily,2026-07-22T16:59:02
2025-05-27,us,WMT,97.3000030517578,97.8000030517578,96.58000183105467,97.58000183105467,17180900,,Yahoo Finance daily,2026-07-22T16:59:02
2025-05-28,us,WMT,97.5199966430664,98.23999786376952,97.05999755859376,97.23999786376952,11220100,,Yahoo Finance daily,2026-07-22T16:59:02
2025-05-29,us,WMT,97.62999725341795,97.7699966430664,96.8499984741211,97.0999984741211,14338000,,Yahoo Finance daily,2026-07-22T16:59:02
2025-05-30,us,WMT,96.95999908447266,98.93000030517578,96.5999984741211,98.72000122070312,29980100,,Yahoo Finance daily,2026-07-22T16:59:02
2025-06-02,us,WMT,98.83999633789062,99.91000366210938,98.0500030517578,99.7699966430664,16999200,,Yahoo Finance daily,2026-07-22T16:59:02
2025-06-03,us,WMT,99.56999969482422,100.88999938964844,98.56999969482422,99.9800033569336,15598600,,Yahoo Finance daily,2026-07-22T16:59:02
2025-06-04,us,WMT,99.79000091552734,100.12999725341795,99.31999969482422,99.3499984741211,11115600,,Yahoo Finance daily,2026-07-22T16:59:02
2025-06-05,us,WMT,99.3000030517578,99.58999633789062,97.61000061035156,97.95999908447266,15817100,,Yahoo Finance daily,2026-07-22T16:59:02
2025-06-06,us,WMT,98.37000274658205,98.55999755859376,96.97000122070312,97.47000122070312,15599300,,Yahoo Finance daily,2026-07-22T16:59:02
2025-06-09,us,WMT,97.4000015258789,97.8499984741211,96.7699966430664,97.4499969482422,13655700,,Yahoo Finance daily,2026-07-22T16:59:02
2025-06-10,us,WMT,97.29000091552734,98.08999633789062,96.4800033569336,97.31999969482422,17162500,,Yahoo Finance daily,2026-07-22T16:59:02
2025-06-11,us,WMT,97.29000091552734,97.29000091552734,95.3499984741211,95.8000030517578,16389600,,Yahoo Finance daily,2026-07-22T16:59:02
2025-06-12,us,WMT,94.88999938964844,95.26000213623048,93.43000030517578,94.83000183105467,17845700,,Yahoo Finance daily,2026-07-22T16:59:02
2025-06-13,us,WMT,94.5199966430664,95.31999969482422,94.01000213623048,94.44000244140624,18694700,,Yahoo Finance daily,2026-07-22T16:59:02
2025-06-16,us,WMT,94.75,95.77999877929688,94.0999984741211,94.29000091552734,14881700,,Yahoo Finance daily,2026-07-22T16:59:02
2025-06-17,us,WMT,93.9499969482422,94.81999969482422,93.62000274658205,94.25,14935600,,Yahoo Finance daily,2026-07-22T16:59:02
2025-06-18,us,WMT,94.56999969482422,95.48999786376952,94.08999633789062,95.08999633789062,11333700,,Yahoo Finance daily,2026-07-22T16:59:02
2025-06-20,us,WMT,95.23999786376952,96.30999755859376,95.1999969482422,96.12000274658205,20604900,,Yahoo Finance daily,2026-07-22T16:59:02
2025-06-23,us,WMT,95.91999816894533,97.93000030517578,95.66999816894533,97.87000274658205,20432400,,Yahoo Finance daily,2026-07-22T16:59:02
2025-06-24,us,WMT,97.7300033569336,99.11000061035156,97.25,98.0,22403700,,Yahoo Finance daily,2026-07-22T16:59:02
2025-06-25,us,WMT,98.30999755859376,98.55999755859376,97.1500015258789,97.26000213623048,11154700,,Yahoo Finance daily,2026-07-22T16:59:02
2025-06-26,us,WMT,96.9000015258789,97.33999633789062,95.91999816894533,96.0199966430664,19361400,,Yahoo Finance daily,2026-07-22T16:59:02
2025-06-27,us,WMT,96.31999969482422,97.76000213623048,96.16000366210938,97.2699966430664,31431900,,Yahoo Finance daily,2026-07-22T16:59:02
2025-06-30,us,WMT,97.2300033569336,98.13999938964844,96.30999755859376,97.77999877929688,17803000,,Yahoo Finance daily,2026-07-22T16:59:02
2025-07-01,us,WMT,97.5999984741211,99.19000244140624,97.41999816894533,98.23999786376952,15635800,,Yahoo Finance daily,2026-07-22T16:59:02
2025-07-02,us,WMT,98.12999725341795,98.37999725341795,97.05999755859376,97.61000061035156,12502000,,Yahoo Finance daily,2026-07-22T16:59:02
2025-07-03,us,WMT,97.6999969482422,98.4800033569336,97.41999816894533,98.36000061035156,7686200,,Yahoo Finance daily,2026-07-22T16:59:02
2025-07-07,us,WMT,98.2300033569336,99.3499984741211,97.62000274658205,99.3499984741211,12930900,,Yahoo Finance daily,2026-07-22T16:59:02
2025-07-08,us,WMT,98.81999969482422,99.16999816894533,96.51000213623048,97.08999633789062,16875000,,Yahoo Finance daily,2026-07-22T16:59:02
2025-07-09,us,WMT,97.1500015258789,97.29000091552734,96.37999725341795,96.80999755859376,13702600,,Yahoo Finance daily,2026-07-22T16:59:02
2025-07-10,us,WMT,96.66000366210938,96.77999877929688,94.73999786376952,94.86000061035156,18894800,,Yahoo Finance daily,2026-07-22T16:59:02
2025-07-11,us,WMT,95.01000213623048,95.52999877929688,94.2300033569336,94.4000015258789,14595000,,Yahoo Finance daily,2026-07-22T16:59:02
2025-07-14,us,WMT,94.51000213623048,95.83999633789062,94.37999725341795,95.77999877929688,13779100,,Yahoo Finance daily,2026-07-22T16:59:02
2025-07-15,us,WMT,95.5999984741211,95.77999877929688,94.94000244140624,95.38999938964844,10450800,,Yahoo Finance daily,2026-07-22T16:59:02
2025-07-16,us,WMT,95.41999816894533,95.83000183105467,94.61000061035156,95.1500015258789,11181600,,Yahoo Finance daily,2026-07-22T16:59:02
2025-07-17,us,WMT,95.08000183105467,95.62999725341795,94.88999938964844,95.08999633789062,11165100,,Yahoo Finance daily,2026-07-22T16:59:02
2025-07-18,us,WMT,95.08999633789062,95.4800033569336,94.43000030517578,95.0500030517578,14636300,,Yahoo Finance daily,2026-07-22T16:59:02
2025-07-21,us,WMT,95.26000213623048,96.63999938964844,95.0999984741211,95.66999816894533,13450400,,Yahoo Finance daily,2026-07-22T16:59:02
2025-07-22,us,WMT,95.83999633789062,96.66999816894533,95.73999786376952,95.8499984741211,9049100,,Yahoo Finance daily,2026-07-22T16:59:02
2025-07-23,us,WMT,96.01000213623048,96.29000091552734,95.29000091552734,95.68000030517578,9729700,,Yahoo Finance daily,2026-07-22T16:59:02
2025-07-24,us,WMT,95.56999969482422,96.95999908447266,95.3499984741211,96.5999984741211,14991500,,Yahoo Finance daily,2026-07-22T16:59:02
2025-07-25,us,WMT,96.83999633789062,97.6500015258789,96.52999877929688,97.47000122070312,12868500,,Yahoo Finance daily,2026-07-22T16:59:02
2025-07-28,us,WMT,97.27999877929688,98.12999725341795,97.08000183105467,97.61000061035156,12293100,,Yahoo Finance daily,2026-07-22T16:59:02
2025-07-29,us,WMT,97.77999877929688,98.72000122070312,97.33999633789062,98.33000183105467,14034300,,Yahoo Finance daily,2026-07-22T16:59:02
2025-07-30,us,WMT,98.61000061035156,98.87999725341795,97.29000091552734,97.58999633789062,13864100,,Yahoo Finance daily,2026-07-22T16:59:02
2025-07-31,us,WMT,97.44000244140624,98.62999725341795,97.30999755859376,97.9800033569336,15651300,,Yahoo Finance daily,2026-07-22T16:59:02
2025-08-01,us,WMT,98.0,98.83000183105467,97.66999816894533,98.48999786376952,16750400,,Yahoo Finance daily,2026-07-22T16:59:02
2025-08-04,us,WMT,98.1999969482422,99.91000366210938,98.1999969482422,99.58999633789062,19050200,,Yahoo Finance daily,2026-07-22T16:59:02
2025-08-05,us,WMT,99.66999816894533,100.47000122070312,98.91000366210938,99.30999755859376,17977000,,Yahoo Finance daily,2026-07-22T16:59:02
2025-08-06,us,WMT,99.45999908447266,103.69000244140624,99.45999908447266,103.36000061035156,23738400,,Yahoo Finance daily,2026-07-22T16:59:02
2025-08-07,us,WMT,103.45999908447266,103.9000015258789,102.11000061035156,103.12000274658205,12509500,,Yahoo Finance daily,2026-07-22T16:59:02
2025-08-08,us,WMT,103.37000274658205,104.72000122070312,103.1500015258789,103.7300033569336,12394700,,Yahoo Finance daily,2026-07-22T16:59:02
2025-08-11,us,WMT,103.9000015258789,104.33000183105467,103.11000061035156,103.93000030517578,12856700,,Yahoo Finance daily,2026-07-22T16:59:02
2025-08-12,us,WMT,104.25,104.30999755859376,103.37000274658205,103.62000274658205,17915300,,Yahoo Finance daily,2026-07-22T16:59:02
2025-08-13,us,WMT,102.1500015258789,102.80999755859376,100.8499984741211,100.98999786376952,19398500,,Yahoo Finance daily,2026-07-22T16:59:02
2025-08-14,us,WMT,101.22000122070312,101.44000244140624,100.72000122070312,100.8499984741211,10858400,,Yahoo Finance daily,2026-07-22T16:59:02
2025-08-15,us,WMT,100.62999725341795,100.7699966430664,99.54000091552734,100.0,13604900,,Yahoo Finance daily,2026-07-22T16:59:02
2025-08-18,us,WMT,100.0,100.87999725341795,99.91999816894533,100.6999969482422,11656100,,Yahoo Finance daily,2026-07-22T16:59:02
2025-08-19,us,WMT,100.95999908447266,102.43000030517578,100.8000030517578,101.29000091552734,16999000,,Yahoo Finance daily,2026-07-22T16:59:02
2025-08-20,us,WMT,101.1500015258789,102.6500015258789,100.93000030517578,102.56999969482422,18655000,,Yahoo Finance daily,2026-07-22T16:59:02
2025-08-21,us,WMT,99.41000366210938,99.4499969482422,96.9499969482422,97.95999908447266,51825100,,Yahoo Finance daily,2026-07-22T16:59:02
2025-08-22,us,WMT,98.06999969482422,99.0500030517578,96.76000213623048,96.83000183105467,32695200,,Yahoo Finance daily,2026-07-22T16:59:02
2025-08-25,us,WMT,97.0,97.58000183105467,96.06999969482422,96.06999969482422,18956100,,Yahoo Finance daily,2026-07-22T16:59:02
2025-08-26,us,WMT,96.27999877929688,96.47000122070312,95.41999816894533,96.0500030517578,22270400,,Yahoo Finance daily,2026-07-22T16:59:02
2025-08-27,us,WMT,95.9000015258789,96.31999969482422,95.5999984741211,96.08000183105467,12925700,,Yahoo Finance daily,2026-07-22T16:59:02
2025-08-28,us,WMT,96.0,96.56999969482422,95.6999969482422,96.11000061035156,19241600,,Yahoo Finance daily,2026-07-22T16:59:02
2025-08-29,us,WMT,96.0999984741211,97.02999877929688,95.8000030517578,96.9800033569336,15600300,,Yahoo Finance daily,2026-07-22T16:59:02
2025-09-02,us,WMT,97.2300033569336,97.8499984741211,96.51000213623048,97.8499984741211,15351300,,Yahoo Finance daily,2026-07-22T16:59:02
2025-09-03,us,WMT,97.8499984741211,99.44000244140624,97.5,99.44000244140624,18995900,,Yahoo Finance daily,2026-07-22T16:59:02
2025-09-04,us,WMT,99.91000366210938,101.3499984741211,99.6500015258789,100.93000030517578,15640900,,Yahoo Finance daily,2026-07-22T16:59:02
2025-09-05,us,WMT,101.08000183105467,101.4800033569336,99.5500030517578,100.51000213623048,13748500,,Yahoo Finance daily,2026-07-22T16:59:02
2025-09-08,us,WMT,100.8499984741211,102.36000061035156,100.41999816894533,102.27999877929688,13685700,,Yahoo Finance daily,2026-07-22T16:59:02
2025-09-09,us,WMT,102.0,102.48999786376952,101.5500030517578,102.29000091552734,11819700,,Yahoo Finance daily,2026-07-22T16:59:02
2025-09-10,us,WMT,101.9499969482422,102.4499969482422,100.38999938964844,100.41000366210938,17934900,,Yahoo Finance daily,2026-07-22T16:59:02
2025-09-11,us,WMT,100.98999786376952,102.77999877929688,100.27999877929688,102.6500015258789,15900800,,Yahoo Finance daily,2026-07-22T16:59:02
2025-09-12,us,WMT,102.54000091552734,103.9800033569336,102.36000061035156,103.48999786376952,11641900,,Yahoo Finance daily,2026-07-22T16:59:02
2025-09-15,us,WMT,103.6500015258789,103.9800033569336,103.41000366210938,103.69000244140624,10756900,,Yahoo Finance daily,2026-07-22T16:59:02
2025-09-16,us,WMT,103.8499984741211,104.20999908447266,103.12999725341795,103.41999816894533,14481900,,Yahoo Finance daily,2026-07-22T16:59:02
2025-09-17,us,WMT,103.7300033569336,106.11000061035156,103.7300033569336,104.2699966430664,25382000,,Yahoo Finance daily,2026-07-22T16:59:02
2025-09-18,us,WMT,103.77999877929688,104.63999938964844,102.12000274658205,103.5999984741211,14869400,,Yahoo Finance daily,2026-07-22T16:59:02
2025-09-19,us,WMT,103.80999755859376,103.94000244140624,102.08999633789062,102.33000183105467,34791600,,Yahoo Finance daily,2026-07-22T16:59:02
2025-09-22,us,WMT,102.4499969482422,103.1999969482422,101.91999816894533,102.81999969482422,12861900,,Yahoo Finance daily,2026-07-22T16:59:02
2025-09-23,us,WMT,102.41000366210938,102.68000030517578,101.33000183105467,102.5199966430664,13158700,,Yahoo Finance daily,2026-07-22T16:59:02
2025-09-24,us,WMT,103.04000091552734,103.47000122070312,102.4800033569336,102.7300033569336,11391800,,Yahoo Finance daily,2026-07-22T16:59:02
2025-09-25,us,WMT,103.22000122070312,103.51000213623048,102.58000183105467,103.0500030517578,13366700,,Yahoo Finance daily,2026-07-22T16:59:02
2025-09-26,us,WMT,102.87999725341795,103.48999786376952,102.47000122070312,103.16000366210938,11859300,,Yahoo Finance daily,2026-07-22T16:59:02
2025-09-29,us,WMT,103.0500030517578,103.30999755859376,102.08000183105467,103.08000183105467,15477200,,Yahoo Finance daily,2026-07-22T16:59:02
2025-09-30,us,WMT,103.0,103.94000244140624,102.72000122070312,103.05999755859376,13873400,,Yahoo Finance daily,2026-07-22T16:59:02
2025-10-01,us,WMT,102.55999755859376,102.86000061035156,100.5500030517578,101.95999908447266,16142800,,Yahoo Finance daily,2026-07-22T16:59:02
2025-10-02,us,WMT,101.4499969482422,102.13999938964844,99.87000274658205,101.6999969482422,15605400,,Yahoo Finance daily,2026-07-22T16:59:02
2025-10-03,us,WMT,101.45999908447266,102.81999969482422,101.1999969482422,102.06999969482422,11867500,,Yahoo Finance daily,2026-07-22T16:59:02
2025-10-06,us,WMT,101.87999725341795,103.06999969482422,101.58000183105467,102.6999969482422,13303600,,Yahoo Finance daily,2026-07-22T16:59:02
2025-10-07,us,WMT,102.37999725341795,103.25,100.9499969482422,103.23999786376952,15538900,,Yahoo Finance daily,2026-07-22T16:59:02
2025-10-08,us,WMT,103.0199966430664,103.26000213623048,102.1500015258789,102.9000015258789,13584100,,Yahoo Finance daily,2026-07-22T16:59:02
2025-10-09,us,WMT,103.12999725341795,103.4499969482422,100.37000274658205,101.7699966430664,19508000,,Yahoo Finance daily,2026-07-22T16:59:02
2025-10-10,us,WMT,102.0500030517578,103.62999725341795,101.5199966430664,101.83999633789062,18519400,,Yahoo Finance daily,2026-07-22T16:59:02
2025-10-13,us,WMT,101.37000274658205,102.4499969482422,101.06999969482422,102.12000274658205,10871200,,Yahoo Finance daily,2026-07-22T16:59:02
2025-10-14,us,WMT,104.0500030517578,107.91999816894533,102.88999938964844,107.20999908447266,30859500,,Yahoo Finance daily,2026-07-22T16:59:02
2025-10-15,us,WMT,107.31999969482422,109.55999755859376,107.3000030517578,109.02999877929688,21416300,,Yahoo Finance daily,2026-07-22T16:59:02
2025-10-16,us,WMT,109.1999969482422,109.58000183105467,105.66000366210938,106.47000122070312,16366200,,Yahoo Finance daily,2026-07-22T16:59:02
2025-10-17,us,WMT,107.16999816894533,108.1999969482422,106.22000122070312,107.7300033569336,13735600,,Yahoo Finance daily,2026-07-22T16:59:02
2025-10-20,us,WMT,107.8499984741211,108.25,106.61000061035156,107.0500030517578,10581200,,Yahoo Finance daily,2026-07-22T16:59:02
2025-10-21,us,WMT,107.33000183105467,107.4800033569336,106.18000030517578,106.22000122070312,10899700,,Yahoo Finance daily,2026-07-22T16:59:02
2025-10-22,us,WMT,106.5500030517578,107.7699966430664,105.66000366210938,107.13999938964844,12296500,,Yahoo Finance daily,2026-07-22T16:59:02
2025-10-23,us,WMT,107.3499984741211,107.56999969482422,105.77999877929688,106.86000061035156,11408200,,Yahoo Finance daily,2026-07-22T16:59:02
2025-10-24,us,WMT,107.06999969482422,107.16999816894533,105.51000213623048,106.16999816894533,10318000,,Yahoo Finance daily,2026-07-22T16:59:02
2025-10-27,us,WMT,106.33999633789062,106.36000061035156,104.1500015258789,104.47000122070312,16375900,,Yahoo Finance daily,2026-07-22T16:59:02
2025-10-28,us,WMT,104.05999755859376,104.13999938964844,103.0500030517578,103.16999816894533,13323000,,Yahoo Finance daily,2026-07-22T16:59:02
2025-10-29,us,WMT,102.91000366210938,103.66999816894533,102.11000061035156,102.45999908447266,11986400,,Yahoo Finance daily,2026-07-22T16:59:02
2025-10-30,us,WMT,102.1999969482422,103.37000274658205,101.95999908447266,102.2300033569336,14065100,,Yahoo Finance daily,2026-07-22T16:59:02
2025-10-31,us,WMT,101.6999969482422,102.0999984741211,100.18000030517578,101.18000030517578,20237000,,Yahoo Finance daily,2026-07-22T16:59:02
2025-11-03,us,WMT,100.81999969482422,101.8000030517578,100.4000015258789,101.58999633789062,14811700,,Yahoo Finance daily,2026-07-22T16:59:02
2025-11-04,us,WMT,102.12999725341795,102.62000274658205,101.45999908447266,102.2699966430664,12636400,,Yahoo Finance daily,2026-07-22T16:59:02
2025-11-05,us,WMT,101.73999786376952,102.68000030517578,100.8499984741211,101.47000122070312,13356800,,Yahoo Finance daily,2026-07-22T16:59:02
2025-11-06,us,WMT,101.33999633789062,101.93000030517578,100.02999877929688,101.68000030517578,14866000,,Yahoo Finance daily,2026-07-22T16:59:02
2025-11-07,us,WMT,102.12999725341795,102.97000122070312,101.7300033569336,102.58999633789062,17248700,,Yahoo Finance daily,2026-07-22T16:59:02
2025-11-10,us,WMT,102.1500015258789,102.66999816894533,101.5999984741211,102.41999816894533,14507600,,Yahoo Finance daily,2026-07-22T16:59:02
2025-11-11,us,WMT,102.5,103.73999786376952,102.31999969482422,103.44000244140624,13182100,,Yahoo Finance daily,2026-07-22T16:59:02
2025-11-12,us,WMT,103.3499984741211,103.5999984741211,102.66000366210938,103.44000244140624,12084400,,Yahoo Finance daily,2026-07-22T16:59:02
2025-11-13,us,WMT,103.58999633789062,103.93000030517578,102.0199966430664,102.54000091552734,18088500,,Yahoo Finance daily,2026-07-22T16:59:02
2025-11-14,us,WMT,100.1999969482422,102.48999786376952,98.87999725341795,102.4800033569336,23424200,,Yahoo Finance daily,2026-07-22T16:59:02
2025-11-17,us,WMT,102.58000183105467,103.31999969482422,102.0999984741211,102.9499969482422,15289400,,Yahoo Finance daily,2026-07-22T16:59:02
2025-11-18,us,WMT,102.9800033569336,103.33999633789062,101.37999725341795,101.38999938964844,17604500,,Yahoo Finance daily,2026-07-22T16:59:02
2025-11-19,us,WMT,101.58000183105467,101.70999908447266,99.68000030517578,100.61000061035156,22157000,,Yahoo Finance daily,2026-07-22T16:59:02
2025-11-20,us,WMT,103.94000244140624,107.91000366210938,102.68000030517578,107.11000061035156,50375900,,Yahoo Finance daily,2026-07-22T16:59:02
2025-11-21,us,WMT,107.9800033569336,108.1500015258789,104.72000122070312,105.31999969482422,41420800,,Yahoo Finance daily,2026-07-22T16:59:02
2025-11-24,us,WMT,105.36000061035156,106.2699966430664,103.76000213623048,104.05999755859376,42519200,,Yahoo Finance daily,2026-07-22T16:59:02
2025-11-25,us,WMT,104.61000061035156,107.41999816894533,104.2300033569336,107.0,20212900,,Yahoo Finance daily,2026-07-22T16:59:02
2025-11-26,us,WMT,107.1999969482422,109.58999633789062,107.16999816894533,109.0999984741211,17783300,,Yahoo Finance daily,2026-07-22T16:59:02
2025-11-28,us,WMT,109.3000030517578,110.6999969482422,109.0,110.51000213623048,9846500,,Yahoo Finance daily,2026-07-22T16:59:02
2025-12-01,us,WMT,110.51000213623048,111.76000213623048,110.36000061035156,111.52999877929688,17236800,,Yahoo Finance daily,2026-07-22T16:59:02
2025-12-02,us,WMT,111.47000122070312,112.6500015258789,110.79000091552734,112.41000366210938,18711800,,Yahoo Finance daily,2026-07-22T16:59:02
2025-12-03,us,WMT,112.5,114.88999938964844,112.22000122070312,114.41000366210938,24478300,,Yahoo Finance daily,2026-07-22T16:59:02
2025-12-04,us,WMT,113.62000274658205,114.88999938964844,113.16000366210938,114.83999633789062,25905100,,Yahoo Finance daily,2026-07-22T16:59:02
2025-12-05,us,WMT,114.7300033569336,116.2699966430664,114.68000030517578,115.11000061035156,23956400,,Yahoo Finance daily,2026-07-22T16:59:02
2025-12-08,us,WMT,114.56999969482422,114.98999786376952,112.3000030517578,113.55999755859376,22700700,,Yahoo Finance daily,2026-07-22T16:59:02
2025-12-09,us,WMT,113.9499969482422,115.72000122070312,113.0199966430664,115.05999755859376,24326700,,Yahoo Finance daily,2026-07-22T16:59:02
2025-12-10,us,WMT,115.3499984741211,116.2300033569336,112.98999786376952,113.18000030517578,22859600,,Yahoo Finance daily,2026-07-22T16:59:02
2025-12-11,us,WMT,113.13999938964844,115.87000274658205,112.8499984741211,115.5199966430664,21586600,,Yahoo Finance daily,2026-07-22T16:59:02
2025-12-12,us,WMT,115.26000213623048,116.9499969482422,115.0199966430664,116.6999969482422,19092400,,Yahoo Finance daily,2026-07-22T16:59:02
2025-12-15,us,WMT,116.93000030517578,117.4499969482422,115.63999938964844,116.79000091552734,18713700,,Yahoo Finance daily,2026-07-22T16:59:02
2025-12-16,us,WMT,116.58000183105467,116.87999725341795,114.9499969482422,115.41999816894533,19642300,,Yahoo Finance daily,2026-07-22T16:59:02
2025-12-17,us,WMT,115.1999969482422,116.38999938964844,115.06999969482422,115.66000366210938,16177800,,Yahoo Finance daily,2026-07-22T16:59:02
2025-12-18,us,WMT,115.01000213623048,116.4800033569336,114.61000061035156,114.83000183105467,21476700,,Yahoo Finance daily,2026-07-22T16:59:02
2025-12-19,us,WMT,115.13999938964844,115.27999877929688,113.52999877929688,114.36000061035156,50043800,,Yahoo Finance daily,2026-07-22T16:59:02
2025-12-22,us,WMT,114.01000213623048,114.31999969482422,112.22000122070312,112.5999984741211,21473900,,Yahoo Finance daily,2026-07-22T16:59:02
2025-12-23,us,WMT,111.98999786376952,112.3499984741211,110.6999969482422,110.9000015258789,20319900,,Yahoo Finance daily,2026-07-22T16:59:02
2025-12-24,us,WMT,110.9000015258789,111.70999908447266,110.5500030517578,111.61000061035156,9009600,,Yahoo Finance daily,2026-07-22T16:59:02
2025-12-26,us,WMT,111.72000122070312,111.97000122070312,111.36000061035156,111.73999786376952,9003800,,Yahoo Finance daily,2026-07-22T16:59:02
2025-12-29,us,WMT,111.58999633789062,112.77999877929688,111.56999969482422,112.52999877929688,12979600,,Yahoo Finance daily,2026-07-22T16:59:02
2025-12-30,us,WMT,111.88999938964844,112.69000244140624,111.83999633789062,111.91999816894533,11730600,,Yahoo Finance daily,2026-07-22T16:59:02
2025-12-31,us,WMT,111.7300033569336,112.25,111.31999969482422,111.41000366210938,11487400,,Yahoo Finance daily,2026-07-22T16:59:02
2026-01-02,us,WMT,111.43000030517578,112.79000091552734,111.12000274658205,112.76000213623048,14306600,,Yahoo Finance daily,2026-07-22T16:59:02
2026-01-05,us,WMT,112.81999969482422,113.7300033569336,112.1500015258789,112.70999908447266,19557600,,Yahoo Finance daily,2026-07-22T16:59:02
2026-01-06,us,WMT,112.4000015258789,114.79000091552734,111.98999786376952,114.33999633789062,20120800,,Yahoo Finance daily,2026-07-22T16:59:02
2026-01-07,us,WMT,114.19000244140624,114.7300033569336,112.0999984741211,112.72000122070312,23306000,,Yahoo Finance daily,2026-07-22T16:59:02
2026-01-08,us,WMT,111.29000091552734,113.47000122070312,109.80999755859376,113.06999969482422,24058300,,Yahoo Finance daily,2026-07-22T16:59:02
2026-01-09,us,WMT,112.26000213623048,115.45999908447266,112.26000213623048,114.52999877929688,21902900,,Yahoo Finance daily,2026-07-22T16:59:02
2026-01-12,us,WMT,117.5,118.83999633789062,116.41000366210938,117.97000122070312,49182100,,Yahoo Finance daily,2026-07-22T16:59:02
2026-01-13,us,WMT,117.88999938964844,120.51000213623048,117.7300033569336,120.36000061035156,31222100,,Yahoo Finance daily,2026-07-22T16:59:02
2026-01-14,us,WMT,120.19000244140624,121.23999786376952,119.02999877929688,120.04000091552734,32764000,,Yahoo Finance daily,2026-07-22T16:59:02
2026-01-15,us,WMT,119.9800033569336,120.87000274658205,118.7300033569336,119.1999969482422,34559400,,Yahoo Finance daily,2026-07-22T16:59:02
2026-01-16,us,WMT,118.66999816894533,120.5999984741211,116.9000015258789,119.6999969482422,415144600,,Yahoo Finance daily,2026-07-22T16:59:02
2026-01-20,us,WMT,120.88999938964844,121.62000274658205,117.61000061035156,118.70999908447266,45334000,,Yahoo Finance daily,2026-07-22T16:59:02
2026-01-21,us,WMT,118.08000183105467,120.48999786376952,117.5500030517578,119.36000061035156,34811700,,Yahoo Finance daily,2026-07-22T16:59:02
2026-01-22,us,WMT,119.29000091552734,119.5199966430664,117.6500015258789,117.83000183105467,24547300,,Yahoo Finance daily,2026-07-22T16:59:02
2026-01-23,us,WMT,118.16999816894533,118.61000061035156,117.13999938964844,117.7300033569336,20806900,,Yahoo Finance daily,2026-07-22T16:59:02
2026-01-26,us,WMT,117.80999755859376,118.8499984741211,117.38999938964844,117.63999938964844,19552200,,Yahoo Finance daily,2026-07-22T16:59:02
2026-01-27,us,WMT,117.5,117.62999725341795,115.4800033569336,116.94000244140624,22968600,,Yahoo Finance daily,2026-07-22T16:59:02
2026-01-28,us,WMT,116.63999938964844,117.45999908447266,115.87000274658205,116.56999969482422,16342000,,Yahoo Finance daily,2026-07-22T16:59:02
2026-01-29,us,WMT,116.4499969482422,117.66000366210938,116.06999969482422,117.41000366210938,16381100,,Yahoo Finance daily,2026-07-22T16:59:02
2026-01-30,us,WMT,116.91000366210938,119.41000366210938,116.5999984741211,119.13999938964844,22215400,,Yahoo Finance daily,2026-07-22T16:59:02
2026-02-02,us,WMT,119.5,124.1999969482422,119.0500030517578,124.05999755859376,31210100,,Yahoo Finance daily,2026-07-22T16:59:02
2026-02-03,us,WMT,123.6500015258789,128.1699981689453,123.6500015258789,127.70999908447266,32018700,,Yahoo Finance daily,2026-07-22T16:59:02
2026-02-04,us,WMT,128.1300048828125,129.41000366210938,127.08999633789062,128.0,27531800,,Yahoo Finance daily,2026-07-22T16:59:02
2026-02-05,us,WMT,128.5800018310547,129.60000610351562,126.55999755859376,126.94000244140624,30517800,,Yahoo Finance daily,2026-07-22T16:59:02
2026-02-06,us,WMT,127.29000091552734,131.6999969482422,127.0500030517578,131.17999267578125,26593400,,Yahoo Finance daily,2026-07-22T16:59:02
2026-02-09,us,WMT,131.4199981689453,131.7899932861328,128.08999633789062,129.02000427246094,27197300,,Yahoo Finance daily,2026-07-22T16:59:02
2026-02-10,us,WMT,128.94000244140625,129.33999633789062,126.38999938964844,126.6999969482422,24662000,,Yahoo Finance daily,2026-07-22T16:59:02
2026-02-11,us,WMT,126.6999969482422,129.74000549316406,126.62999725341795,128.77000427246094,19232100,,Yahoo Finance daily,2026-07-22T16:59:02
2026-02-12,us,WMT,129.3800048828125,134.49000549316406,129.30999755859375,133.63999938964844,33382700,,Yahoo Finance daily,2026-07-22T16:59:02
2026-02-13,us,WMT,132.6999969482422,134.64999389648438,131.75,133.88999938964844,24131200,,Yahoo Finance daily,2026-07-22T16:59:02
2026-02-17,us,WMT,133.11000061035156,134.69000244140625,128.16000366210938,128.85000610351562,37995900,,Yahoo Finance daily,2026-07-22T16:59:02
2026-02-18,us,WMT,128.1300048828125,128.8699951171875,125.7699966430664,126.62000274658205,36485000,,Yahoo Finance daily,2026-07-22T16:59:02
2026-02-19,us,WMT,128.5,130.10000610351562,124.4000015258789,124.87000274658205,42993300,,Yahoo Finance daily,2026-07-22T16:59:02
2026-02-20,us,WMT,123.0,123.4800033569336,121.0500030517578,122.98999786376952,35151000,,Yahoo Finance daily,2026-07-22T16:59:02
2026-02-23,us,WMT,123.5199966430664,126.8000030517578,122.95999908447266,125.80999755859376,25662800,,Yahoo Finance daily,2026-07-22T16:59:02
2026-02-24,us,WMT,125.9000015258789,128.0399932861328,124.91000366210938,126.75,20161200,,Yahoo Finance daily,2026-07-22T16:59:02
2026-02-25,us,WMT,126.61000061035156,127.4000015258789,125.41999816894533,125.75,17345700,,Yahoo Finance daily,2026-07-22T16:59:02
2026-02-26,us,WMT,125.9800033569336,127.33000183105467,123.94000244140624,124.41999816894533,18638300,,Yahoo Finance daily,2026-07-22T16:59:02
2026-02-27,us,WMT,125.5199966430664,128.60000610351562,125.1500015258789,127.9499969482422,29205500,,Yahoo Finance daily,2026-07-22T16:59:02
2026-03-02,us,WMT,127.45999908447266,128.75,127.0500030517578,127.0999984741211,17091500,,Yahoo Finance daily,2026-07-22T16:59:02
2026-03-03,us,WMT,126.5199966430664,128.3699951171875,125.66999816894533,127.91000366210938,16480400,,Yahoo Finance daily,2026-07-22T16:59:02
2026-03-04,us,WMT,127.11000061035156,128.1699981689453,126.23999786376952,127.80999755859376,16434100,,Yahoo Finance daily,2026-07-22T16:59:02
2026-03-05,us,WMT,125.37999725341795,125.68000030517578,121.6500015258789,123.30999755859376,28604900,,Yahoo Finance daily,2026-07-22T16:59:02
2026-03-06,us,WMT,122.5,124.19000244140624,121.62000274658205,123.8000030517578,21553000,,Yahoo Finance daily,2026-07-22T16:59:02
2026-03-09,us,WMT,123.69000244140624,124.51000213623048,122.5,124.33999633789062,19375900,,Yahoo Finance daily,2026-07-22T16:59:02
2026-03-10,us,WMT,124.20999908447266,126.0999984741211,123.3499984741211,125.12000274658205,18793600,,Yahoo Finance daily,2026-07-22T16:59:02
2026-03-11,us,WMT,125.30999755859376,125.48999786376952,123.0500030517578,123.48999786376952,18176500,,Yahoo Finance daily,2026-07-22T16:59:02
2026-03-12,us,WMT,122.3000030517578,125.38999938964844,122.27999877929688,125.33000183105467,21751600,,Yahoo Finance daily,2026-07-22T16:59:02
2026-03-13,us,WMT,125.38999938964844,126.69000244140624,124.97000122070312,126.5199966430664,15194100,,Yahoo Finance daily,2026-07-22T16:59:02
2026-03-16,us,WMT,126.76000213623048,126.9800033569336,124.83000183105467,125.98999786376952,20463200,,Yahoo Finance daily,2026-07-22T16:59:02
2026-03-17,us,WMT,126.6500015258789,127.19000244140624,124.86000061035156,125.08000183105467,19895000,,Yahoo Finance daily,2026-07-22T16:59:02
2026-03-18,us,WMT,124.33000183105467,124.61000061035156,121.83000183105467,121.9800033569336,19734900,,Yahoo Finance daily,2026-07-22T16:59:02
2026-03-19,us,WMT,122.4000015258789,122.75,119.2699966430664,121.08999633789062,17927700,,Yahoo Finance daily,2026-07-22T16:59:02
2026-03-20,us,WMT,120.62999725341795,121.3000030517578,118.0199966430664,119.0199966430664,57545600,,Yahoo Finance daily,2026-07-22T16:59:02
2026-03-23,us,WMT,120.4800033569336,121.12999725341795,119.0500030517578,120.72000122070312,22181500,,Yahoo Finance daily,2026-07-22T16:59:02
2026-03-24,us,WMT,120.62999725341795,124.11000061035156,120.48999786376952,122.0500030517578,17269600,,Yahoo Finance daily,2026-07-22T16:59:02
2026-03-25,us,WMT,122.80999755859376,123.48999786376952,121.77999877929688,123.05999755859376,16597300,,Yahoo Finance daily,2026-07-22T16:59:02
2026-03-26,us,WMT,123.61000061035156,123.8000030517578,121.79000091552734,122.18000030517578,16442500,,Yahoo Finance daily,2026-07-22T16:59:02
2026-03-27,us,WMT,122.02999877929688,124.2699966430664,121.81999969482422,122.88999938964844,16543300,,Yahoo Finance daily,2026-07-22T16:59:02
2026-03-30,us,WMT,123.70999908447266,125.26000213623048,123.13999938964844,123.5,20428900,,Yahoo Finance daily,2026-07-22T16:59:02
2026-03-31,us,WMT,123.43000030517578,125.0,122.83999633789062,124.27999877929688,21330400,,Yahoo Finance daily,2026-07-22T16:59:02
2026-04-01,us,WMT,123.8000030517578,125.2300033569336,123.12999725341795,124.73999786376952,17039700,,Yahoo Finance daily,2026-07-22T16:59:02
2026-04-02,us,WMT,125.1500015258789,125.9000015258789,124.1500015258789,125.79000091552734,11898400,,Yahoo Finance daily,2026-07-22T16:59:02
2026-04-06,us,WMT,125.80999755859376,126.9800033569336,125.37000274658205,126.79000091552734,10850400,,Yahoo Finance daily,2026-07-22T16:59:02
2026-04-07,us,WMT,126.19000244140624,126.36000061035156,121.79000091552734,122.48999786376952,16076000,,Yahoo Finance daily,2026-07-22T16:59:02
2026-04-08,us,WMT,122.27999877929688,127.3000030517578,121.33000183105467,127.26000213623048,20194300,,Yahoo Finance daily,2026-07-22T16:59:02
2026-04-09,us,WMT,127.08999633789062,129.69000244140625,126.81999969482422,129.1300048828125,13853100,,Yahoo Finance daily,2026-07-22T16:59:02
2026-04-10,us,WMT,128.72000122070312,128.92999267578125,126.22000122070312,126.7699966430664,13894000,,Yahoo Finance daily,2026-07-22T16:59:02
2026-04-13,us,WMT,126.29000091552734,126.3000030517578,123.9499969482422,124.56999969482422,14510600,,Yahoo Finance daily,2026-07-22T16:59:02
2026-04-14,us,WMT,123.1500015258789,125.1999969482422,122.5500030517578,125.0500030517578,15320800,,Yahoo Finance daily,2026-07-22T16:59:02
2026-04-15,us,WMT,124.62999725341795,125.06999969482422,123.18000030517578,124.76000213623048,17001400,,Yahoo Finance daily,2026-07-22T16:59:02
2026-04-16,us,WMT,124.33000183105467,125.94000244140624,123.97000122070312,124.81999969482422,18324500,,Yahoo Finance daily,2026-07-22T16:59:02
2026-04-17,us,WMT,124.56999969482422,127.56999969482422,123.37000274658205,127.5,24763700,,Yahoo Finance daily,2026-07-22T16:59:02
2026-04-20,us,WMT,127.87000274658205,129.47000122070312,127.31999969482422,127.91999816894533,18933600,,Yahoo Finance daily,2026-07-22T16:59:02
2026-04-21,us,WMT,127.83000183105467,129.77000427246094,127.4800033569336,129.60000610351562,17312400,,Yahoo Finance daily,2026-07-22T16:59:02
2026-04-22,us,WMT,130.0,130.4499969482422,128.83999633789062,129.97999572753906,17624500,,Yahoo Finance daily,2026-07-22T16:59:02
2026-04-23,us,WMT,130.57000732421875,132.4600067138672,130.49000549316406,132.02999877929688,16376000,,Yahoo Finance daily,2026-07-22T16:59:02
2026-04-24,us,WMT,131.94000244140625,132.1199951171875,129.27999877929688,129.9199981689453,16016300,,Yahoo Finance daily,2026-07-22T16:59:02
2026-04-27,us,WMT,129.6199951171875,129.80999755859375,127.4000015258789,127.58999633789062,17029500,,Yahoo Finance daily,2026-07-22T16:59:02
2026-04-28,us,WMT,129.33999633789062,129.77000427246094,126.77999877929688,127.58999633789062,16341800,,Yahoo Finance daily,2026-07-22T16:59:02
2026-04-29,us,WMT,126.68000030517578,128.0800018310547,125.91000366210938,128.00999450683594,16538800,,Yahoo Finance daily,2026-07-22T16:59:02
2026-04-30,us,WMT,128.02000427246094,132.42999267578125,127.9499969482422,131.92999267578125,19867700,,Yahoo Finance daily,2026-07-22T16:59:02
2026-05-01,us,WMT,131.9199981689453,133.3699951171875,130.97999572753906,131.60000610351562,10480900,,Yahoo Finance daily,2026-07-22T16:59:02
2026-05-04,us,WMT,130.41000366210938,131.75,129.67999267578125,130.3300018310547,10340700,,Yahoo Finance daily,2026-07-22T16:59:02
2026-05-05,us,WMT,130.50999450683594,131.72999572753906,130.3000030517578,130.7899932861328,10637300,,Yahoo Finance daily,2026-07-22T16:59:02
2026-05-06,us,WMT,130.86000061035156,131.14999389648438,129.52999877929688,130.0800018310547,16371500,,Yahoo Finance daily,2026-07-22T16:59:02
2026-05-07,us,WMT,129.89999389648438,130.60000610351562,128.6699981689453,130.1999969482422,14935400,,Yahoo Finance daily,2026-07-22T16:59:02
2026-05-08,us,WMT,130.32000732421875,131.41000366210938,130.25,130.42999267578125,15183700,,Yahoo Finance daily,2026-07-22T16:59:02
2026-05-11,us,WMT,130.17999267578125,130.60000610351562,126.37999725341795,127.58999633789062,18699200,,Yahoo Finance daily,2026-07-22T16:59:02
2026-05-12,us,WMT,128.0800018310547,131.1199951171875,127.72000122070312,130.35000610351562,17935400,,Yahoo Finance daily,2026-07-22T16:59:02
2026-05-13,us,WMT,129.19000244140625,132.52999877929688,128.77000427246094,131.47000122070312,13786600,,Yahoo Finance daily,2026-07-22T16:59:02
2026-05-14,us,WMT,131.36000061035156,132.77999877929688,130.86000061035156,132.4600067138672,14200400,,Yahoo Finance daily,2026-07-22T16:59:02
2026-05-15,us,WMT,133.69000244140625,133.9499969482422,130.7899932861328,131.4499969482422,25323000,,Yahoo Finance daily,2026-07-22T16:59:02
2026-05-18,us,WMT,131.52000427246094,133.47000122070312,131.1300048828125,133.33999633789062,17183200,,Yahoo Finance daily,2026-07-22T16:59:02
2026-05-19,us,WMT,132.94000244140625,135.16000366210938,132.05999755859375,134.1999969482422,16957100,,Yahoo Finance daily,2026-07-22T16:59:02
2026-05-20,us,WMT,132.91000366210938,133.64999389648438,130.3300018310547,130.85000610351562,28471600,,Yahoo Finance daily,2026-07-22T16:59:02
2026-05-21,us,WMT,124.41000366210938,125.8000030517578,120.38999938964844,121.33999633789062,53006600,,Yahoo Finance daily,2026-07-22T16:59:02
2026-05-22,us,WMT,121.33999633789062,121.9499969482422,118.91000366210938,120.2699966430664,30330600,,Yahoo Finance daily,2026-07-22T16:59:02
2026-05-26,us,WMT,120.69000244140624,121.0500030517578,117.91999816894533,118.56999969482422,28796600,,Yahoo Finance daily,2026-07-22T16:59:02
2026-05-27,us,WMT,118.33000183105467,119.43000030517578,118.04000091552734,118.54000091552734,22062200,,Yahoo Finance daily,2026-07-22T16:59:02
2026-05-28,us,WMT,118.95999908447266,119.16999816894533,117.33000183105467,118.9000015258789,21613100,,Yahoo Finance daily,2026-07-22T16:59:02
2026-05-29,us,WMT,118.11000061035156,119.08000183105467,114.70999908447266,115.75,42191000,,Yahoo Finance daily,2026-07-22T16:59:02
2026-06-01,us,WMT,114.7300033569336,115.9800033569336,113.55999755859376,114.5999984741211,26176200,,Yahoo Finance daily,2026-07-22T16:59:02
2026-06-02,us,WMT,113.87000274658205,114.56999969482422,112.7300033569336,113.05999755859376,27366400,,Yahoo Finance daily,2026-07-22T16:59:02
2026-06-03,us,WMT,113.0999984741211,117.29000091552734,112.95999908447266,116.88999938964844,32880600,,Yahoo Finance daily,2026-07-22T16:59:02
2026-06-04,us,WMT,119.9000015258789,119.94000244140624,117.29000091552734,117.73999786376952,22870400,,Yahoo Finance daily,2026-07-22T16:59:02
2026-06-05,us,WMT,118.3499984741211,120.88999938964844,118.0999984741211,118.87999725341795,36638100,,Yahoo Finance daily,2026-07-22T16:59:02
2026-06-08,us,WMT,118.25,120.18000030517578,118.1500015258789,119.83000183105467,19514100,,Yahoo Finance daily,2026-07-22T16:59:02
2026-06-09,us,WMT,120.37999725341795,120.5,118.0,118.87999725341795,23959000,,Yahoo Finance daily,2026-07-22T16:59:02
2026-06-10,us,WMT,119.70999908447266,120.81999969482422,117.52999877929688,120.58999633789062,22414900,,Yahoo Finance daily,2026-07-22T16:59:02
2026-06-11,us,WMT,120.56999969482422,121.86000061035156,119.45999908447266,120.5,22438000,,Yahoo Finance daily,2026-07-22T16:59:02
2026-06-12,us,WMT,120.58999633789062,121.61000061035156,119.52999877929688,121.04000091552734,14753500,,Yahoo Finance daily,2026-07-22T16:59:02
2026-06-15,us,WMT,119.73999786376952,121.48999786376952,118.58000183105467,120.81999969482422,20722500,,Yahoo Finance daily,2026-07-22T16:59:02
2026-06-16,us,WMT,121.13999938964844,122.94000244140624,119.87999725341795,121.02999877929688,23060700,,Yahoo Finance daily,2026-07-22T16:59:02
2026-06-17,us,WMT,119.58000183105467,121.01000213623048,117.4499969482422,118.12999725341795,21711100,,Yahoo Finance daily,2026-07-22T16:59:02
2026-06-18,us,WMT,118.1999969482422,118.4800033569336,116.8000030517578,117.18000030517578,36526800,,Yahoo Finance daily,2026-07-22T16:59:02
2026-06-22,us,WMT,116.95999908447266,118.4000015258789,116.9499969482422,117.18000030517578,17053900,,Yahoo Finance daily,2026-07-22T16:59:02
2026-06-23,us,WMT,119.70999908447266,120.25,116.33999633789062,119.41999816894533,23411400,,Yahoo Finance daily,2026-07-22T16:59:02
2026-06-24,us,WMT,119.55999755859376,120.4000015258789,118.93000030517578,119.0,20600100,,Yahoo Finance daily,2026-07-22T16:59:02
2026-06-25,us,WMT,117.47000122070312,118.58000183105467,115.37999725341795,115.77999877929688,20384700,,Yahoo Finance daily,2026-07-22T16:59:02
2026-06-26,us,WMT,117.29000091552734,117.87999725341795,115.08999633789062,115.69000244140624,36636000,,Yahoo Finance daily,2026-07-22T16:59:02
2026-06-29,us,WMT,116.47000122070312,116.8000030517578,114.1999969482422,114.5999984741211,20367000,,Yahoo Finance daily,2026-07-22T16:59:02
2026-06-30,us,WMT,113.97000122070312,114.61000061035156,112.93000030517578,113.26000213623048,23034000,,Yahoo Finance daily,2026-07-22T16:59:02
2026-07-01,us,WMT,110.12999725341795,110.70999908447266,107.25,108.81999969482422,40391400,,Yahoo Finance daily,2026-07-22T16:59:02
2026-07-02,us,WMT,109.33000183105467,112.4499969482422,109.16000366210938,111.83999633789062,29512200,,Yahoo Finance daily,2026-07-22T16:59:02
2026-07-06,us,WMT,111.4000015258789,112.37000274658205,109.37000274658205,110.6500015258789,29523300,,Yahoo Finance daily,2026-07-22T16:59:02
2026-07-07,us,WMT,112.97000122070312,113.5,111.3000030517578,111.54000091552734,19941400,,Yahoo Finance daily,2026-07-22T16:59:02
2026-07-08,,,113.1500015258789,113.86000061035156,111.80999755859375,113.0999984741211,19892000,,,
2026-07-09,,,111.23999786376953,112.76000213623047,111.04000091552734,112.20999908447266,20464500,,,
2026-07-10,,,111.94999694824219,114.16000366210938,111.93000030517578,113.9000015258789,12461700,,,
2026-07-13,,,114.7300033569336,115.54000091552734,114.01000213623047,114.77999877929688,17043400,,,
2026-07-14,,,115.08000183105469,115.87999725341797,113.5,113.69999694824219,14682000,,,
2026-07-15,,,113.25,114.7300033569336,112.06999969482422,112.52999877929688,16467900,,,
2026-07-16,,,113.76000213623047,115.58999633789062,113.55999755859375,114.94999694824219,20777600,,,
2026-07-17,,,116.95999908447266,118.08999633789062,113.5999984741211,114.23999786376953,28289800,,,
2026-07-20,,,113.95999908447266,114.4000015258789,112.13999938964844,112.19999694824219,17738900,,,
2026-07-21,,,111.51000213623047,111.80000305175781,109.88999938964844,110.38999938964844,22717000,,,
2026-07-22,,,109.62999725341797,110.0,108.72000122070312,109.33000183105469,23456899,,,
