옵션,기초자산,행사가,만기일수,IV%,금리%,이론가,Delta,Gamma,Vega(1%),d1,d2
콜,100.0,100.0,30,30.0,4.0,3.5911,0.5324,0.046232,0.114,0.0812,-0.0048
풋,100.0,100.0,30,30.0,4.0,3.2629,-0.4676,0.046232,0.114,0.0812,-0.0048
