predictionId,createdAt,market,symbol,name,mode,horizon,entryPrice,stopPrice,targetPrice,expectedPrice,probability,finalScore,regime,validationWindowDays,validationDueDate,status,source,returnPct,result,exitStatus,exitPrice,exitDate,validatedAt
us|RKLB|aggressive|short|2026-06-02,2026-06-02,us,RKLB,Rocket Lab,aggressive,short,122.2100988,116.97382256676481,131.19732606566842,126.41,86.4,,,3,2026-06-05,LOSS,api/final/recommendations,,,,,,
us|SNDK|aggressive|short|2026-06-02,2026-06-02,us,SNDK,SanDisk,aggressive,short,1759.0,1689.8576,1884.7659999999998,1811.77,82.0,,,3,2026-06-05,LOSS,api/final/recommendations,,,,,,
us|AMD|aggressive|short|2026-06-02,2026-06-02,us,AMD,AMD,aggressive,short,516.0999951757813,457.8348757204115,552.728194833401,531.58,82.0,,,3,2026-06-05,CLOSED,api/final/recommendations,,,,,,
us|AVGO|aggressive|short|2026-06-02,2026-06-02,us,AVGO,Broadcom,aggressive,short,446.7699978291015,412.39273399614393,479.11113767195275,459.91,81.4,,,3,2026-06-05,NOT_EXECUTED,api/final/recommendations,,,,,,
us|JOBY|aggressive|short|2026-06-02,2026-06-02,us,JOBY,Joby Aviation,aggressive,short,11.89999992462158,11.14111992942857,12.909799918225183,12.24,80.9,,,3,2026-06-05,CLOSED,api/final/recommendations,,,,,,
us|RIOT|aggressive|short|2026-06-02,2026-06-02,us,RIOT,Riot Platforms,aggressive,short,27.11000012060547,26.174048116441657,28.84502012832413,27.86,79.6,,,3,2026-06-05,CLOSED,api/final/recommendations,,,,,,
us|ON|aggressive|short|2026-06-02,2026-06-02,us,ON,ON Semiconductor,aggressive,short,120.62000054272461,115.88121652140265,129.2308405814687,123.8,78.4,,,3,2026-06-05,LOSS,api/final/recommendations,,,,,,
us|SIMO|aggressive|short|2026-06-02,2026-06-02,us,SIMO,Silicon Motion,aggressive,short,271.3,260.92864,290.3026,278.44,78.3,,,3,2026-06-05,WIN,api/final/recommendations,,,,,,
us|WDC|aggressive|short|2026-06-02,2026-06-02,us,WDC,Western Digital,aggressive,short,531.2100043417969,466.10653180967955,569.5732246553551,544.65,77.3,,,3,2026-06-05,CLOSED,api/final/recommendations,,,,,,
us|SOUN|aggressive|short|2026-06-02,2026-06-02,us,SOUN,SoundHound AI,aggressive,short,9.0,8.1568,9.918000000000001,9.23,77.3,,,3,2026-06-05,CLOSED,api/final/recommendations,,,,,,
us|SOXX|aggressive|short|2026-06-02,2026-06-02,us,SOXX,Semiconductor ETF,aggressive,short,522.16,511.95727999999997,548.95642,537.35,55.6,,,3,2026-06-05,WIN,api/final/recommendations,,,,,,
us|IREN|aggressive|short|2026-06-02,2026-06-02,us,IREN,IREN,aggressive,short,63.5400001809082,61.39827217481037,67.63428019256524,65.12,76.8,,,3,2026-06-05,NOT_EXECUTED,api/final/recommendations,,,,,,
us|SIMO|balanced|swing|2026-06-24,2026-06-24,us,SIMO,Silicon Motion,balanced,swing,320.34,279.0,432.459,325.41,70.5,,,10,2026-07-08,CLOSED,api/final/recommendations,,,,,,
us|CRDO|balanced|swing|2026-06-24,2026-06-24,us,CRDO,Credo Technology,balanced,swing,275.75,257.0,310.0,279.57,70.6,,,10,2026-07-08,CLOSED,api/final/recommendations,,,,,,
us|AMAT|balanced|swing|2026-06-24,2026-06-24,us,AMAT,Applied Materials,balanced,swing,591.46,526.0,777.0,598.47,68.7,,,10,2026-07-08,NOT_EXECUTED,api/final/recommendations,,,,,,
us|CAT|balanced|swing|2026-06-24,2026-06-24,us,CAT,Caterpillar,balanced,swing,989.85,927.0,1159.0,1001.28,69.6,,,10,2026-07-08,CLOSED,api/final/recommendations,,,,,,
us|HUT|balanced|swing|2026-06-24,2026-06-24,us,HUT,Hut 8,balanced,swing,124.51999999999998,106.99999999999999,168.10199999999998,125.81,67.3,,,10,2026-07-08,CLOSED,api/final/recommendations,,,,,,
us|GE|balanced|swing|2026-06-24,2026-06-24,us,GE,GE Aerospace,balanced,swing,360.79,343.0,408.00000000000006,364.38,68.1,,,10,2026-07-08,CLOSED,api/final/recommendations,,,,,,
us|ABBV|balanced|swing|2026-06-24,2026-06-24,us,ABBV,ABBV,balanced,swing,235.93,225.0,263.0,237.74,65.1,,,10,2026-07-08,CLOSED,api/final/recommendations,,,,,,
us|SE|balanced|swing|2026-06-24,2026-06-24,us,SE,Sea Limited,balanced,swing,89.97,83.0,109.0,90.65,66.1,,,10,2026-07-08,NOT_EXECUTED,api/final/recommendations,,,,,,
us|TLT|balanced|swing|2026-06-24,2026-06-24,us,TLT,20Y Treasury ETF,balanced,swing,86.76,85.0,89.0,87.34,68.7,,,10,2026-07-08,NOT_EXECUTED,api/final/recommendations,,,,,,
us|ABNB|balanced|swing|2026-06-24,2026-06-24,us,ABNB,ABNB,balanced,swing,139.54,133.0,157.0,140.41,65.4,,,10,2026-07-08,CLOSED,api/final/recommendations,,,,,,
us|DIS|balanced|swing|2026-06-24,2026-06-24,us,DIS,DIS,balanced,swing,104.05,100.0,113.0,104.68,67.4,,,10,2026-07-08,NOT_EXECUTED,api/final/recommendations,,,,,,
us|V|balanced|swing|2026-06-24,2026-06-24,us,V,Visa,balanced,swing,330.12,318.0,360.0,332.09,68.0,,,10,2026-07-08,NOT_EXECUTED,api/final/recommendations,,,,,,
us|NVDA|conservative|mid|2026-06-02,2026-06-02,us,NVDA,NVIDIA,conservative,mid,217.377664,213.056968192,234.20780290925714,244.02,62.3,,,20,2026-06-30,NOT_EXECUTED,api/final/recommendations,,,,,,
us|VRT|conservative|mid|2026-06-02,2026-06-02,us,VRT,Vertiv,conservative,mid,322.47,312.215184,374.753088,287.51,55.1,,,20,2026-06-30,NOT_EXECUTED,api/final/recommendations,,,,,,
us|TSLA|conservative|mid|2026-06-02,2026-06-02,us,TSLA,Tesla,conservative,mid,415.57,406.246576,449.196736,428.6,52.9,,,20,2026-06-30,NOT_EXECUTED,api/final/recommendations,,,,,,
us|LITE|conservative|mid|2026-06-02,2026-06-02,us,LITE,Lumentum,conservative,mid,926.468688,881.1555698450697,1065.0947256313766,804.62,49.9,,,20,2026-06-30,NOT_EXECUTED,api/final/recommendations,,,,,,
us|COHR|conservative|mid|2026-06-02,2026-06-02,us,COHR,Coherent,conservative,mid,361.4699999638672,320.15611196799694,426.8804879573287,375.86,80.0,,,20,2026-06-30,CLOSED,api/final/recommendations,,,,,,
us|NVDA|balanced|swing|2026-06-02,2026-06-02,us,NVDA,NVIDIA,balanced,swing,222.6,208.89,246.60000000000002,239.85,66.2,,,5,2026-06-09,CLOSED,api/final/recommendations,,,,,,
us|GOOGL|balanced|swing|2026-06-02,2026-06-02,us,GOOGL,Alphabet,balanced,swing,368.78,346.06,408.53,396.85,65.9,,,5,2026-06-09,CLOSED,api/final/recommendations,,,,,,
us|MSFT|balanced|swing|2026-06-02,2026-06-02,us,MSFT,Microsoft,balanced,swing,450.06,422.33,498.57,483.41,65.7,,,5,2026-06-09,CLOSED,api/final/recommendations,,,,,,
us|AAPL|balanced|swing|2026-06-02,2026-06-02,us,AAPL,Apple,balanced,swing,304.31,285.57,337.12,325.56,65.0,,,5,2026-06-09,CLOSED,api/final/recommendations,,,,,,
us|AMZN|balanced|swing|2026-06-02,2026-06-02,us,AMZN,Amazon,balanced,swing,257.88,242.0,285.68,276.12,65.4,,,5,2026-06-09,CLOSED,api/final/recommendations,,,,,,
us|NVDA|aggressive|short|2026-06-02,2026-06-02,us,NVDA,NVIDIA,aggressive,short,218.777216,214.91919101463063,233.87972217278767,227.34,59.9,,,3,2026-06-05,LOSS,api/final/recommendations,,,,,,
us|VRT|aggressive|short|2026-06-02,2026-06-02,us,VRT,Vertiv,aggressive,short,322.47,313.371872,369.08604,316.59,50.9,,,3,2026-06-05,LOSS,api/final/recommendations,,,,,,
us|TSLA|aggressive|short|2026-06-02,2026-06-02,us,TSLA,Tesla,aggressive,short,415.57,407.298208,445.55188000000004,424.94,53.2,,,3,2026-06-05,LOSS,api/final/recommendations,,,,,,
us|LITE|aggressive|short|2026-06-02,2026-06-02,us,LITE,Lumentum,aggressive,short,923.792272,883.7063665653435,1047.0353499311805,869.54,45.7,,,3,2026-06-05,LOSS,api/final/recommendations,,,,,,
us|COHR|aggressive|short|2026-06-02,2026-06-02,us,COHR,Coherent,aggressive,short,368.88,355.54900799999996,403.01124,366.9,48.6,,,3,2026-06-05,LOSS,api/final/recommendations,,,,,,
us|META|aggressive|short|2026-06-02,2026-06-02,us,META,Meta Platforms,aggressive,short,603.41,596.16908,618.4952499999999,613.2,56.4,,,3,2026-06-05,LOSS,api/final/recommendations,,,,,,
us|AMZN|aggressive|short|2026-06-02,2026-06-02,us,AMZN,Amazon,aggressive,short,264.64434400000005,261.46861187200005,272.6270736443554,260.48,55.5,,,3,2026-06-05,NOT_EXECUTED,api/final/recommendations,,,,,,
us|GOOGL|aggressive|short|2026-06-02,2026-06-02,us,GOOGL,Alphabet,aggressive,short,381.0209812,376.4487294256,390.54650573,375.45,58.4,,,3,2026-06-05,NOT_EXECUTED,api/final/recommendations,,,,,,
us|CAT|aggressive|short|2026-06-02,2026-06-02,us,CAT,Caterpillar,aggressive,short,848.99104,835.9946446473258,915.8912244826283,868.46,54.6,,,3,2026-06-05,NOT_EXECUTED,api/final/recommendations,,,,,,
us|TMDX|aggressive|short|2026-06-02,2026-06-02,us,TMDX,TransMedics,aggressive,short,67.17,64.438032,79.104,68.5,49.5,,,3,2026-06-05,CLOSED,api/final/recommendations,,,,,,
us|SMH|aggressive|short|2026-06-02,2026-06-02,us,SMH,VanEck Semiconductor ETF,aggressive,short,568.12,553.557936,590.2346200000001,581.11,59.1,,,3,2026-06-05,WIN,api/final/recommendations,,,,,,
us|NVDA|aggressive|mid|2026-06-02,2026-06-02,us,NVDA,NVIDIA,aggressive,mid,214.125184,206.79532345427023,242.8184310778069,244.02,63.3,,,20,2026-06-30,NOT_EXECUTED,api/final/recommendations,,,,,,
us|VRT|aggressive|mid|2026-06-02,2026-06-02,us,VRT,Vertiv,aggressive,mid,322.47,304.808928,412.95996,287.51,54.9,,,20,2026-06-30,NOT_EXECUTED,api/final/recommendations,,,,,,
us|TSLA|aggressive|mid|2026-06-02,2026-06-02,us,TSLA,Tesla,aggressive,mid,415.57,399.512992,473.77012,428.6,56.0,,,20,2026-06-30,NOT_EXECUTED,api/final/recommendations,,,,,,
us|LITE|aggressive|mid|2026-06-02,2026-06-02,us,LITE,Lumentum,aggressive,mid,932.688528,854.1253530246569,1174.2289744741424,804.62,48.6,,,20,2026-06-30,NOT_EXECUTED,api/final/recommendations,,,,,,
us|COHR|aggressive|mid|2026-06-02,2026-06-02,us,COHR,Coherent,aggressive,mid,368.88,343.002192,435.13476,340.08,53.0,,,20,2026-06-30,LOSS,api/final/recommendations,,,,,,
us|META|aggressive|mid|2026-06-02,2026-06-02,us,META,Meta Platforms,aggressive,mid,603.41,591.477728,632.1536600000001,637.46,59.2,,,20,2026-06-30,NOT_EXECUTED,api/final/recommendations,,,,,,
us|AMZN|aggressive|mid|2026-06-02,2026-06-02,us,AMZN,Amazon,aggressive,mid,269.787256,263.97667202250915,285.58427912221543,269.0,58.6,,,20,2026-06-30,NOT_EXECUTED,api/final/recommendations,,,,,,
us|SOXX|aggressive|mid|2026-06-02,2026-06-02,us,SOXX,Semiconductor ETF,aggressive,mid,522.16,502.35472000000004,574.1765800000001,549.41,59.0,,,20,2026-06-30,NOT_EXECUTED,api/final/recommendations,,,,,,
us|GOOGL|aggressive|mid|2026-06-02,2026-06-02,us,GOOGL,Alphabet,aggressive,mid,390.8011988,381.7960828610628,405.16218006552293,397.93,61.5,,,20,2026-06-30,NOT_EXECUTED,api/final/recommendations,,,,,,
us|CAT|aggressive|mid|2026-06-02,2026-06-02,us,CAT,Caterpillar,aggressive,mid,833.58496,808.8144643893445,961.0934484008257,893.92,57.8,,,20,2026-06-30,CLOSED,api/final/recommendations,,,,,,
us|TMDX|aggressive|mid|2026-06-02,2026-06-02,us,TMDX,TransMedics,aggressive,mid,67.17,61.86676799999999,90.336,69.56,51.8,,,20,2026-06-30,NOT_EXECUTED,api/final/recommendations,,,,,,
us|SMH|aggressive|mid|2026-06-02,2026-06-02,us,SMH,VanEck Semiconductor ETF,aggressive,mid,568.12,539.852464,611.0483800000001,610.02,62.5,,,20,2026-06-30,NOT_EXECUTED,api/final/recommendations,,,,,,
us|NVDA|aggressive|swing|2026-06-02,2026-06-02,us,NVDA,NVIDIA,aggressive,swing,216.4512,210.83795459459458,238.4246381467181,232.66,61.1,,,5,2026-06-09,CLOSED,api/final/recommendations,,,,,,
us|VRT|aggressive|swing|2026-06-02,2026-06-02,us,VRT,Vertiv,aggressive,swing,322.47,309.0904,391.02299999999997,304.98,54.1,,,5,2026-06-09,CLOSED,api/final/recommendations,,,,,,
us|TSLA|aggressive|swing|2026-06-02,2026-06-02,us,TSLA,Tesla,aggressive,swing,415.57,403.4056,459.66100000000006,425.06,53.9,,,5,2026-06-09,CLOSED,api/final/recommendations,,,,,,
us|LITE|aggressive|swing|2026-06-02,2026-06-02,us,LITE,Lumentum,aggressive,swing,928.2404,869.0066911335897,1110.3529036049326,816.69,48.3,,,5,2026-06-09,LOSS,api/final/recommendations,,,,,,
us|COHR|aggressive|swing|2026-06-02,2026-06-02,us,COHR,Coherent,aggressive,swing,368.88,349.2756,419.07300000000004,356.31,50.5,,,5,2026-06-09,CLOSED,api/final/recommendations,,,,,,
us|META|aggressive|swing|2026-06-02,2026-06-02,us,META,Meta Platforms,aggressive,swing,603.41,594.3704,625.1854999999999,620.15,57.1,,,5,2026-06-09,LOSS,api/final/recommendations,,,,,,
us|AMZN|aggressive|swing|2026-06-02,2026-06-02,us,AMZN,Amazon,aggressive,swing,267.2158,262.855799353,,,,,,5,2026-06-09,NOT_EXECUTED,,,,,,,
us|SOXX|aggressive|swing|2026-06-02,2026-06-02,us,SOXX,Semiconductor ETF,aggressive,swing,522.16,507.156,561.5665000000001,540.16,56.9,,,5,2026-06-09,WIN,api/final/recommendations,,,,,,
us|GOOGL|aggressive|swing|2026-06-02,2026-06-02,us,GOOGL,Alphabet,aggressive,swing,385.91109,379.1743971102769,396.65448531405445,382.43,59.5,,,5,2026-06-09,NOT_EXECUTED,api/final/recommendations,,,,,,
us|CAT|aggressive|swing|2026-06-02,2026-06-02,us,CAT,Caterpillar,aggressive,swing,841.288,822.3490634576784,938.7779819683772,875.13,55.6,,,5,2026-06-09,NOT_EXECUTED,api/final/recommendations,,,,,,
us|TMDX|aggressive|swing|2026-06-02,2026-06-02,us,TMDX,TransMedics,aggressive,swing,67.17,63.1524,84.72,68.69,51.6,,,5,2026-06-09,CLOSED,api/final/recommendations,,,,,,
us|AVGO|aggressive|swing|2026-06-02,2026-06-02,us,AVGO,Broadcom,aggressive,swing,405.51,394.3128,423.195,407.21,53.2,,,5,2026-06-09,LOSS,api/final/recommendations,,,,,,
kr|003550|balanced|swing|2026-06-02,2026-06-02,kr,003550,LG,balanced,swing,140000.0,130900.00000000001,158199.99999999997,143822.0,77.3,,,5,2026-06-09,CLOSED,api/final/recommendations,,,,,,
kr|000660|balanced|swing|2026-06-02,2026-06-02,kr,000660,SK하이닉스,balanced,swing,2363000.0,2074286.0,2670189.9999999995,2425147.0,76.3,,,5,2026-06-09,CLOSED,api/final/recommendations,,,,,,
us|NVO|conservative|short|2026-06-02,2026-06-02,us,NVO,Novo Nordisk,conservative,short,45.58000085986328,44.80643284526998,46.8635688840777,47.12,81.8,,,3,2026-06-05,NOT_EXECUTED,api/final/recommendations,,,,,,
us|XLF|conservative|short|2026-06-02,2026-06-02,us,XLF,Financial ETF,conservative,short,51.580000859863276,50.806432846967525,52.869500881359855,53.19,79.2,,,3,2026-06-05,CLOSED,api/final/recommendations,,,,,,
us|S|conservative|short|2026-06-02,2026-06-02,us,S,SentinelOne,conservative,short,16.54999964172363,15.791119658151956,16.96374963276672,17.06,78.7,,,3,2026-06-05,LOSS,api/final/recommendations,,,,,,
us|SE|conservative|short|2026-06-02,2026-06-02,us,SE,Sea Limited,conservative,short,90.52999942675781,86.84331145010218,92.90088741174519,93.24,77.9,,,3,2026-06-05,WIN,api/final/recommendations,,,,,,
us|DUOL|conservative|short|2026-06-02,2026-06-02,us,DUOL,Duolingo,conservative,short,111.3600002866211,107.26694427608629,114.35145629432058,114.68,77.8,,,3,2026-06-05,LOSS,api/final/recommendations,,,,,,
us|COHR|conservative|short|2026-06-02,2026-06-02,us,COHR,Coherent,conservative,short,361.4700005732422,340.1870885394904,370.7679125879874,372.24,77.8,,,3,2026-06-05,WIN,api/final/recommendations,,,,,,
us|MPWR|conservative|short|2026-06-02,2026-06-02,us,MPWR,Monolithic Power,conservative,short,1566.2099816562502,1503.927966385709,1605.8785971916438,1612.57,77.6,,,3,2026-06-05,LOSS,api/final/recommendations,,,,,,
us|NAN|conservative|short|2026-06-02,2026-06-02,us,NAN,NAN,conservative,short,11.5,11.2552,11.7875,11.84,77.6,,,3,2026-06-05,INVALID_SYMBOL,api/final/recommendations,,INVALID_SYMBOL,INVALID_SYMBOL,,,2026-09-02
us|IWM|conservative|short|2026-06-02,2026-06-02,us,IWM,Russell 2000 ETF,conservative,short,290.42999656054684,286.79226860362706,297.6907464745605,299.0,77.5,,,3,2026-06-05,CLOSED,api/final/recommendations,,,,,,
us|ETN|conservative|short|2026-06-02,2026-06-02,us,ETN,Eaton,conservative,short,400.60000286621096,390.0246427905464,410.8897629398321,412.42,77.5,,,3,2026-06-05,LOSS,api/final/recommendations,,,,,,
us|TSM|conservative|short|2026-06-02,2026-06-02,us,TSM,TSMC,conservative,short,418.45000573242186,407.94808558855414,429.34972588173906,430.71,77.3,,,3,2026-06-05,CLOSED,api/final/recommendations,,,,,,
us|TLT|conservative|short|2026-06-02,2026-06-02,us,TLT,20Y Treasury ETF,conservative,short,85.76000100317383,84.4087049873671,88.00889702948018,88.24,76.9,,,3,2026-06-05,CLOSED,api/final/recommendations,,,,,,
us|AMZN|conservative|swing|2026-06-02,2026-06-02,us,AMZN,Amazon,conservative,swing,259.18,252.5704,280.0996,268.61,84.4,,,5,2026-06-09,CLOSED,api/final/recommendations,,,,,,
us|NVO|conservative|swing|2026-06-02,2026-06-02,us,NVO,Novo Nordisk,conservative,swing,45.580000402832034,44.442400392778026,49.02760043330162,47.19,83.4,,,5,2026-06-09,LOSS,api/final/recommendations,,,,,,
us|CAT|conservative|swing|2026-06-02,2026-06-02,us,CAT,Caterpillar,conservative,swing,865.36,834.8608,935.2792000000001,895.73,83.1,,,5,2026-06-09,CLOSED,api/final/recommendations,,,,,,
us|XLF|conservative|swing|2026-06-02,2026-06-02,us,XLF,Financial ETF,conservative,swing,51.58000040283203,49.72240038832445,55.80760043584895,53.34,82.2,,,5,2026-06-09,CLOSED,api/final/recommendations,,,,,,
us|S|conservative|swing|2026-06-02,2026-06-02,us,S,SentinelOne,conservative,swing,16.549999832153322,15.433999843471561,17.680999820682956,17.11,81.7,,,5,2026-06-09,CLOSED,api/final/recommendations,,,,,,
us|AVGO|conservative|swing|2026-06-02,2026-06-02,us,AVGO,Broadcom,conservative,swing,446.76999758300775,428.9355976794905,482.82939738792913,461.38,80.7,,,5,2026-06-09,NOT_EXECUTED,api/final/recommendations,,,,,,
us|MPWR|conservative|swing|2026-06-02,2026-06-02,us,MPWR,Monolithic Power,conservative,swing,1566.20999140625,1474.6187919088084,1693.1861907095351,1617.11,80.5,,,5,2026-06-09,CLOSED,api/final/recommendations,,,,,,
us|SE|conservative|swing|2026-06-02,2026-06-02,us,SE,Sea Limited,conservative,swing,90.52999973144532,85.10839974752834,97.91659970953317,93.43,80.0,,,5,2026-06-09,CLOSED,api/final/recommendations,,,,,,
us|NAN|conservative|swing|2026-06-02,2026-06-02,us,NAN,NAN,conservative,swing,11.5,11.14,12.67,11.86,79.5,,,5,2026-06-09,INVALID_SYMBOL,api/final/recommendations,,INVALID_SYMBOL,INVALID_SYMBOL,,,2026-09-02
us|XLE|conservative|swing|2026-06-02,2026-06-02,us,XLE,Energy ETF,conservative,swing,56.290000201416014,54.6412001955163,60.743800217352536,58.05,79.3,,,5,2026-06-09,CLOSED,api/final/recommendations,,,,,,
us|IWM|conservative|swing|2026-06-02,2026-06-02,us,IWM,Russell 2000 ETF,conservative,swing,290.4299983886719,285.0803984183519,314.27459825638016,299.46,79.1,,,5,2026-06-09,CLOSED,api/final/recommendations,,,,,,
us|AMD|balanced|swing|2026-06-02,2026-06-02,us,AMD,AMD,balanced,swing,516.1,461.0,583.0,530.45,77.8,,,5,2026-06-09,CLOSED,api/final/recommendations,,,,,,
us|RIOT|balanced|swing|2026-06-02,2026-06-02,us,RIOT,Riot Platforms,balanced,swing,27.11,24.0,31.0,27.86,77.6,,,5,2026-06-09,CLOSED,api/final/recommendations,,,,,,
us|SMH|balanced|swing|2026-06-02,2026-06-02,us,SMH,VanEck Semiconductor ETF,balanced,swing,598.93,557.0,677.0000000000001,615.28,77.3,,,5,2026-06-09,CLOSED,api/final/recommendations,,,,,,
us|ORCL|balanced|swing|2026-06-02,2026-06-02,us,ORCL,Oracle,balanced,swing,225.77999999999997,206.99999999999997,254.99999999999997,231.9,77.1,,,5,2026-06-09,CLOSED,api/final/recommendations,,,,,,
us|SOXX|balanced|swing|2026-06-02,2026-06-02,us,SOXX,Semiconductor ETF,balanced,swing,569.08,523.0,643.0,584.5,77.1,,,5,2026-06-09,CLOSED,api/final/recommendations,,,,,,
us|RKLB|balanced|swing|2026-06-02,2026-06-02,us,RKLB,Rocket Lab,balanced,swing,122.21,114.0,138.0,125.51,77.0,,,5,2026-06-09,LOSS,api/final/recommendations,,,,,,
us|ON|balanced|swing|2026-06-02,2026-06-02,us,ON,ON Semiconductor,balanced,swing,120.62,106.0,136.0,123.86,76.9,,,5,2026-06-09,CLOSED,api/final/recommendations,,,,,,
us|ASTS|balanced|swing|2026-06-02,2026-06-02,us,ASTS,AST SpaceMobile,balanced,swing,104.34,98.0,117.99999999999999,107.08,76.3,,,5,2026-06-09,LOSS,api/final/recommendations,,,,,,
us|RGTI|balanced|swing|2026-06-02,2026-06-02,us,RGTI,Rigetti,balanced,swing,25.54,24.0,29.0,26.21,76.3,,,5,2026-06-09,LOSS,api/final/recommendations,,,,,,
us|NVO|conservative|mid|2026-06-02,2026-06-02,us,NVO,Novo Nordisk,conservative,mid,45.57999994580078,44.07836794758637,54.24923193549219,47.51,80.0,,,20,2026-06-30,NOT_EXECUTED,api/final/recommendations,,,,,,
us|XLF|conservative|mid|2026-06-02,2026-06-02,us,XLF,Financial ETF,conservative,mid,51.57999994580078,47.22716795037465,61.278831935609446,53.71,80.0,,,20,2026-06-30,NOT_EXECUTED,api/final/recommendations,,,,,,
us|S|conservative|mid|2026-06-02,2026-06-02,us,S,SentinelOne,conservative,mid,16.55000002258301,15.076880020572888,19.072520026025067,17.22,80.0,,,20,2026-06-30,CLOSED,api/final/recommendations,,,,,,
us|AVGO|conservative|mid|2026-06-02,2026-06-02,us,AVGO,Broadcom,conservative,mid,446.7700003251953,423.22859230806,527.315608383823,464.51,80.0,,,20,2026-06-30,NOT_EXECUTED,api/final/recommendations,,,,,,
us|MPWR|conservative|mid|2026-06-02,2026-06-02,us,MPWR,Monolie,mid,1566.2100,,,,,20,,,20,2026-06-30,EXPIRED,,,,,,,
us|JOBY|balanced|mid|2026-06-02,2026-06-02,us,JOBY,Joby Aviation,balanced,mid,11.900000122070312,10.712000109883796,15.992000164046086,12.32,84.9,,,20,2026-06-30,NOT_EXECUTED,api/final/recommendations,,,,,,
us|AMD|balanced|mid|2026-06-02,2026-06-02,us,AMD,AMD,balanced,mid,516.1000078125,443.3680067115142,666.4480100884034,534.06,84.8,,,20,2026-06-30,CLOSED,api/final/recommendations,,,,,,
us|RIOT|balanced|mid|2026-06-02,2026-06-02,us,RIOT,Riot Platforms,balanced,mid,27.1099998046875,23.00479983426319,34.88479974867439,28.05,84.6,,,20,2026-06-30,CLOSED,api/final/recommendations,,,,,,
us|SMH|balanced|mid|2026-06-02,2026-06-02,us,SMH,VanEck Semiconductor ETF,balanced,mid,598.93000234375,543.5824021271621,773.2624030259526,619.47,84.3,,,20,2026-06-30,CLOSED,api/final/recommendations,,,,,,
us|ORCL|balanced|mid|2026-06-02,2026-06-02,us,ORCL,Oracle,balanced,mid,225.780000390625,200.99040034773617,290.7504005030312,233.48,84.1,,,20,2026-06-30,NOT_EXECUTED,api/final/recommendations,,,,,,
us|SOXX|balanced|mid|2026-06-02,2026-06-02,us,SOXX,Semiconductor ETF,balanced,mid,569.0799945312501,508.25439511577247,733.9743929466464,588.49,84.1,,,20,2026-06-30,NOT_EXECUTED,api/final/recommendations,,,,,,
us|RKLB|balanced|mid|2026-06-02,2026-06-02,us,RKLB,Rocket Lab,balanced,mid,122.20983999999999,107.41265937281727,157.57259370225023,126.37,84.0,,,20,2026-06-30,NOT_EXECUTED,api/final/recommendations,,,,,,
us|ON|balanced|mid|2026-06-02,2026-06-02,us,ON,ON Semiconductor,balanced,mid,120.61999912109376,101.3215992617129,155.44159886736367,124.71,83.9,,,20,2026-06-30,NOT_EXECUTED,api/final/recommendations,,,,,,
us|ASTS|balanced|mid|2026-06-02,2026-06-02,us,ASTS,AST SpaceMobile,balanced,mid,104.34,90.69120000000001,134.2512,107.81,83.3,,,20,2026-06-30,NOT_EXECUTED,api/final/recommendations,,,,,,
us|DDOG|balanced|mid|2026-06-02,2026-06-02,us,DDOG,Datadog,balanced,mid,247.34999804687502,220.48799825898274,319.48799747725894,255.54,83.1,,,20,2026-06-30,CLOSED,api/final/recommendations,,,,,,
us|RKLB|balanced|short|2026-06-02,2026-06-02,us,RKLB,Rocket Lab,balanced,short,122.21016,118.6673553616889,127.5073669352099,125.75,79.0,,,3,2026-06-05,LOSS,api/final/recommendations,,,,,,
us|AVGO|balanced|short|2026-06-02,2026-06-02,us,AVGO,Broadcom,balanced,short,446.76999648437504,424.48639665972433,465.2863963386698,458.56,76.4,,,3,2026-06-05,NOT_EXECUTED,api/final/recommendations,,,,,,
us|SNDK|balanced|short|2026-06-02,2026-06-02,us,SNDK,SanDisk,balanced,short,1759.0,1597.16,1831.0800000000002,1803.68,75.4,,,3,2026-06-05,WIN,api/final/recommendations,,,,,,
us|SIMO|balanced|short|2026-06-02,2026-06-02,us,SIMO,Silicon Motion,balanced,short,271.3,245.936,282.656,278.14,75.2,,,3,2026-06-05,WIN,api/final/recommendations,,,,,,
us|JOBY|balanced|short|2026-06-02,2026-06-02,us,JOBY,Joby Aviation,balanced,short,11.899999877929687,11.287999884207588,12.647999870256696,12.2,74.9,,,3,2026-06-05,CLOSED,api/final/recommendations,,,,,,
us|AMD|balanced|short|2026-06-02,2026-06-02,us,AMD,AMD,balanced,short,516.0999921875,478.63199275467446,537.1119918694294,528.9,74.8,,,3,2026-06-05,CLOSED,api/final/recommendations,,,,,,
us|RIOT|balanced|short|2026-06-02,2026-06-02,us,RIOT,Riot Platforms,balanced,short,27.1100001953125,24.995200180076544,28.39520020457165,27.78,74.6,,,3,2026-06-05,WIN,api/final/recommendations,,,,,,
us|ORCL|balanced|short|2026-06-02,2026-06-02,us,ORCL,Oracle,balanced,short,225.77999960937498,213.00959963146923,234.76959959382194,231.22,74.1,,,3,2026-06-05,LOSS,api/final/recommendations,,,,,,
us|ON|balanced|short|2026-06-02,2026-06-02,us,ON,ON Semiconductor,balanced,short,120.62000087890625,110.67840080646607,125.6384009154732,123.5,73.9,,,3,2026-06-05,CLOSED,api/final/recommendations,,,,,,
us|SOXX|balanced|short|2026-06-02,2026-06-02,us,SOXX,Semiconductor ETF,balanced,short,569.0800054687501,537.7456051676324,592.145605690406,582.4,73.4,,,3,2026-06-05,CLOSED,api/final/recommendations,,,,,,
us|ASTS|balanced|short|2026-06-02,2026-06-02,us,ASTS,AST SpaceMobile,balanced,short,104.34,101.3888,108.86880000000001,106.77,73.3,,,3,2026-06-05,LOSS,api/final/recommendations,,,,,,
us|RGTI|balanced|short|2026-06-02,2026-06-02,us,RGTI,Rigetti,balanced,short,25.54000029296875,25.17280028875661,26.532800304357135,26.14,73.3,,,3,2026-06-05,LOSS,api/final/recommendations,,,,,,
us|SNDK|aggressive|swing|2026-06-02,2026-06-02,us,SNDK,SanDisk,aggressive,swing,1759.0,1589.12,2159.95,1817.22,85.1,,,5,2026-06-09,CLOSED,api/final/recommendations,,,,,,
us|AMD|aggressive|swing|2026-06-02,2026-06-02,us,AMD,AMD,aggressive,swing,516.1000043945313,430.416003664942,633.4150053934549,533.13,85.0,,,5,2026-06-09,CLOSED,api/final/recommendations,,,,,,
us|RKLB|aggressive|swing|2026-06-02,2026-06-02,us,RKLB,Rocket Lab,aggressive,swing,122.20991,110.78951841040832,150.2763893307831,126.17,84.4,,,5,2026-06-09,LOSS,api/final/recommendations,,,,,,
us|JOBY|aggressive|swing|2026-06-02,2026-06-02,us,JOBY,Joby Aviation,aggressive,swing,11.900000068664552,10.784000062225086,14.735000085022872,12.28,83.9,,,5,2026-06-09,CLOSED,api/final/recommendations,,,,,,
us|RIOT|aggressive|swing|2026-06-02,2026-06-02,us,RIOT,Riot Platforms,aggressive,swing,27.109999890136717,24.493599900739678,33.711499863384134,27.94,82.6,,,5,2026-06-09,CLOSED,api/final/recommendations,,,,,,
us|ON|aggressive|swing|2026-06-02,2026-06-02,us,ON,ON Semiconductor,aggressive,swing,120.61999950561524,108.69119955450776,148.1329993928478,124.17,81.4,,,5,2026-06-09,CLOSED,api/final/recommendations,,,,,,
us|WDC|aggressive|swing|2026-06-02,2026-06-02,us,WDC,Western Digital,aggressive,swing,531.2099960449219,435.592196756836,652.4264951424149,546.46,80.7,,,5,2026-06-09,CLOSED,api/final/recommendations,,,,,,
us|NBIS|aggressive|swing|2026-06-02,2026-06-02,us,NBIS,Nebius,aggressive,swing,266.66,241.04160000000002,327.86899999999997,274.23,80.4,,,5,2026-06-09,CLOSED,api/final/recommendations,,,,,,
us|IREN|aggressive|swing|2026-06-02,2026-06-02,us,IREN,IREN,aggressive,swing,63.53999983520508,57.91039984980579,77.6609997985814,65.33,80.1,,,5,2026-06-09,NOT_EXECUTED,api/final/recommendations,,,,,,
us|SMH|aggressive|swing|2026-06-02,2026-06-02,us,SMH,VanEck Semiconductor ETF,aggressive,swing,598.9300013183594,534.5368011766177,735.3745016186999,615.46,79.6,,,5,2026-06-09,CLOSED,api/final/recommendations,,,,,,
us|AVGO|aggressive|mid|2026-06-02,2026-06-02,us,AVGO,Broadcom,aggressive,mid,446.7700061259765,380.03766921096275,603.1395082700683,464.86,92.5,,,20,2026-06-30,NOT_EXECUTED,api/final/recommendations,,,,,,
us|SNDK|aggressive|mid|2026-06-02,2026-06-02,us,SNDK,SanDisk,aggressive,mid,1759.0,1442.38,2374.65,1829.54,92.1,,,20,2026-06-30,NOT_EXECUTED,api/final/recommendations,,,,,,
us|AMD|aggressive|mid|2026-06-02,2026-06-02,us,AMD,AMD,aggressive,mid,516.1000136132812,423.20201116289064,696.7350183779297,536.74,92.0,,,20,2026-06-30,CLOSED,api/final/recommendations,,,,,,
aggressive|mid|2026-06-02,2026-06-02,us,RKLB,Rocket Lab,aggressive,mid,122.20972119999999,100.211971384,164.98312362,127.03,91.4,,,20,2026-06-30,NOT_EXECUTED,api/final/recommendations,,,,,,
us|JOBY|aggressive|mid|2026-06-02,2026-06-02,us,JOBY,Joby Aviation,aggressive,mid,11.90000021270752,10.426880186376115,16.06500028715515,12.36,90.9,,,20,2026-06-30,NOT_EXECUTED,api/final/recommendations,,,,,,
us|RIOT|aggressive|mid|2026-06-02,2026-06-02,us,RIOT,Riot Platforms,aggressive,mid,27.109999659667967,22.230199720927736,36.59849954055176,28.13,89.6,,,20,2026-06-30,CLOSED,api/final/recommendations,,,,,,
us|ON|aggressive|mid|2026-06-02,2026-06-02,us,ON,ON Semiconductor,aggressive,mid,120.61999846850587,98.90839874417482,162.83699793248294,125.01,88.4,,,20,2026-06-30,NOT_EXECUTED,api/final/recommendations,,,,,,
us|WDC|aggressive|mid|2026-06-02,2026-06-02,us,WDC,Western Digital,aggressive,mid,531.209987748047,435.59218995339853,717.1334834598634,550.17,87.7,,,20,2026-06-30,NOT_EXECUTED,api/final/recommendations,,,,,,
us|NBIS|aggressive|mid|2026-06-02,2026-06-02,us,NBIS,Nebius,aggressive,mid,266.66,218.66120000000004,359.99100000000004,276.1,87.4,,,20,2026-06-30,NOT_EXECUTED,api/final/recommendations,,,,,,
us|MRVL|aggressive|mid|2026-06-02,2026-06-02,us,MRVL,Marvell,aggressive,mid,205.0,168.10000000000002,276.75,212.09,86.6,,,20,2026-06-30,NOT_EXECUTED,api/final/recommendations,,,,,,
kr|055550|conservative|swing|2026-06-02,2026-06-02,kr,055550,신한지주,conservative,swing,96400.04220.28000000001,99504.0,80.2,5,2026-06-09,,,5,2026-06-09,CLOSED,,,,,,,
kr|105560|conservative|swing|2026-06-02,2026-06-02,kr,105560,KB금융,conservative,swing,156600.0,150189.12,169303.08000000002,161564.0,79.7,,,5,2026-06-09,CLOSED,api/final/recommendations,,,,,,
kr|278470|conservative|swing|2026-06-02,2026-06-02,kr,278470,에이피알,conservative,swing,401000.0,372457.04,433529.12000000005,413471.0,79.1,,,5,2026-06-09,CLOSED,api/final/recommendations,,,,,,
kr|011200|conservative|swing|2026-06-02,2026-06-02,kr,011200,HMM,conservative,swing,19510.0,18746.8,21092.62,20105.0,78.5,,,5,2026-06-09,CLOSED,api/final/recommendations,,,,,,
kr|078930|conservative|swing|2026-06-02,2026-06-02,kr,078930,GS,conservative,swing,72600.0,66818.40000000001,78489.0,74793.0,78.2,,,5,2026-06-09,CLOSED,api/final/recommendations,,,,,,
kr|003490|conservative|swing|2026-06-02,2026-06-02,kr,003490,대한항공,conservative,swing,25800.0,24372.96,27892.739999999998,26577.0,78.1,,,5,2026-06-09,CLOSED,api/final/recommendations,,,,,,
kr|086790|conservative|swing|2026-06-02,2026-06-02,kr,086790,하나금융지주,conservative,swing,117000.0,111453.12,126491.04000000001,120393.0,77.0,,,5,2026-06-09,CLOSED,api/final/recommendations,,,,,,
kr|196170|conservative|swing|2026-06-02,2026-06-02,kr,196170,알테오젠,conservative,swing,357000.0,322362.96,385959.84,367317.0,76.9,,,5,2026-06-09,LOSS,api/final/recommendations,,,,,,
kr|138040|conservative|swing|2026-06-02,2026-06-02,kr,138040,메리츠금융지주,conservative,swing,106100.0,101070.08,114706.52,109156.0,76.8,,,5,2026-06-09,CLOSED,api/final/recommendations,,,,,,
kr|373220|conservative|swing|2026-06-02,2026-06-02,kr,373220,LG에너지솔루션,conservative,swing,442500.0,409212.95999999996,478395.60000000003,454934.0,76.1,,,5,2026-06-09,NOT_EXECUTED,api/final/recommendations,,,,,,
kr|068270|conservative|swing|2026-06-02,2026-06-02,kr,068270,셀트리온,conservative,swing,187900.0,179356.48,203142.76,192992.0,75.1,,,5,2026-06-09,CLOSED,api/final/recommendations,,,,,,
kr|131970|conservative|swing|2026-06-02,2026-06-02,kr,131970,두산테스나,conservative,swing,156900.0,150658.31999999998,169628.03999999998,161136.0,75.0,,,5,2026-06-09,CLOSED,api/final/recommendations,,,,,,
kr|012330|balanced|swing|2026-06-02,2026-06-02,kr,012330,현대모비스,balanced,swing,759000.0,709665.0,857669.9999999999,778051.0,75.1,,,5,2026-06-09,CLOSED,api/final/recommendations,,,,,,
kr|402340|balanced|swing|2026-06-02,2026-06-02,kr,402340,SK스퀘어,balanced,swing,1346000.0,1258510.0,1520979.9999999998,1378035.0,73.8,,,5,2026-06-09,CLOSED,api/final/recommendations,,,,,,
kr|005930|balanced|swing|2026-06-02,2026-06-02,kr,005930,삼성전자,balanced,swing,349000.0,305786.0,394369.99999999994,357167.0,73.4,,,5,2026-06-09,CLOSED,api/final/recommendations,,,,,,
kr|108490|balanced|swing|2026-06-02,2026-06-02,kr,108490,로보티즈,balanced,swing,405000.0,378675.0,457649.99999999994,414234.0,72.8,,,5,2026-06-09,WIN,api/final/recommendations,,,,,,
kr|005380|balanced|swing|2026-06-02,2026-06-02,kr,005380,현대차,balanced,swing,750000.0,701250.0,847499.9999999999,766725.0,72.3,,,5,2026-06-09,LOSS,api/final/recommendations,,,,,,
kr|034730|balanced|swing|2026-06-02,2026-06-02,kr,034730,SK,balanced,swing,668000.0,581143.0,754839.9999999999,679957.0,67.9,,,5,2026-06-09,CLOSED,api/final/recommendations,,,,,,
kr|018260|conservative|short|2026-06-02,2026-06-02,kr,018260,삼성에스디에스,conservative,short,300500.0,295622.60480000003,308150.48960000003,304286.0,60.6,,,3,2026-06-05,LOSS,api/final/recommendations,,,,,,
kr|012330|conservative|short|2026-06-02,2026-06-02,kr,012330,현대모비스,conservative,short,759000.0,746681.1744,778323.5328,767728.0,59.5,,,3,2026-06-05,LOSS,api/final/recommendations,,,,,,
kr|009150|conservative|short|2026-06-02,2026-06-02,kr,009150,삼성전기,conservative,short,1813000.0,1783574.5504,1859157.5296,1831493.0,58.2,,,3,2026-06-05,LOSS,api/final/recommendations,,,,,,
kr|222800|conservative|short|2026-06-02,2026-06-02,kr,222800,심텍,conservative,short,100200.0,98573.5488,102751.22400000002,101122.0,57.2,,,3,2026-06-05,LOSS,api/final/recommendations,,,,,,
kr|036930|conservative|short|2026-06-02,2026-06-02,kr,036930,주성엔지니어링,conservative,short,196900.0,193704.38079999998,201912.81040000002,198593.0,56.6,,,3,2026-06-05,WIN,api/final/recommendations,,,,,,
us|SE|conservative|mid|2026-06-02,2026-06-02,us,SE,Sea Limited,conservative,mid,90.53000003613282,83.37348803327647,106.45791204249005,94.06,80.0,,,20,2026-06-30,NOT_EXECUTED,api/final/recommendations,,,,,,
us|NAN|conservative|mid|2026-06-02,2026-06-02,us,NAN,NAN,conservative,mid,11.5,11.024799999999999,14.074000000000002,11.94,80.0,,,20,2026-06-30,INVALID_SYMBOL,api/final/recommendations,,INVALID_SYMBOL,INVALID_SYMBOL,,,2026-09-02
us|AMZN|conservative|mid|2026-06-02,2026-06-02,us,AMZN,Amazon,conservative,mid,259.18,250.455328,306.356272,269.13,80.0,,,20,2026-06-30,NOT_EXECUTED,api/final/recommendations,,,,,,
us|IWM|conservative|mid|2026-06-02,2026-06-02,us,IWM,Russell 2000 ETF,conservative,mid,290.4300002167969,283.3685282115257,343.5264722564317,301.5,80.0,,,20,2026-06-30,NOT_EXECUTED,api/final/recommendations,,,,,,
us|TSM|conservative|mid|2026-06-02,2026-06-02,us,TSM,TSMC,conservative,mid,418.4499996386719,398.0639196562751,494.17707957328224,434.35,80.0,,,20,2026-06-30,CLOSED,api/final/recommendations,,,,,,
us|TLT|conservative|mid|2026-06-02,2026-06-02,us,TLT,20Y Treasury ETF,conservative,mid,85.75999993676758,79.33529594150463,101.45110392519824,89.02,80.0,,,20,2026-06-30,NOT_EXECUTED,api/final/recommendations,,,,,,
us|RKLB|aggressive|mid|2026-06-02,2026-06-02,us,RKLB,Rocket Lab,aggressive,mid,122.20972119999999,100.211971384,164.98312362,127.03,80.0,,,20,2026-06-30,NOT_EXECUTED,api/final/recommendations,,,,,,
us|DDOG|balanced|swing|2026-06-02,2026-06-02,us,DDOG,Datadog,balanced,swing,265.53,245.0,300.0,272.46,79.0,,,5,2026-06-09,CLOSED,api/final/recommendations,,,,,,
us|SNDK|balanced|mid|2026-06-02,2026-06-02,us,SNDK,샌디스크,balanced,mid,1694.98000625,1389.8836051250003,2187.366408065606,1754.64,80.0,,,20,2026-06-30,NOT_EXECUTED,api/final/recommendations,,,,,,
us|AVGO|balanced|mid|2026-06-02,2026-06-02,us,AVGO,Broadcom,balanced,mid,485.36,442.64480000000003,626.1247999999999,501.67,80.0,,,20,2026-06-30,NOT_EXECUTED,api/final/recommendations,,,,,,
us|WDC|balanced|mid|2026-06-02,2026-06-02,us,WDC,Western Digital,balanced,mid,531.20999296875,449.09279405567713,685.3727909282064,548.79,80.0,,,20,2026-06-30,NOT_EXECUTED,api/final/recommendations,,,,,,
us|ACHR|aggressive|short|2026-06-02,2026-06-02,us,ACHR,Archer Aviation,aggressive,short,6.79017784,6.1240323931364475,6.982962889189278,6.96,78.7,,,3,2026-06-05,CLOSED,api/final/recommendations,,,,,,
us|SOUN|balanced|short|2026-06-02,2026-06-02,us,SOUN,SoundHound AI,balanced,short,9.0,8.32,9.68,9.21,75.9,,,3,2026-06-05,CLOSED,api/final/recommendations,,,,,,
us|WDC|balanced|short|2026-06-02,2026-06-02,us,WDC,Western Digital,balanced,short,531.21000703125,488.90720647131786,552.8272073173815,543.27,76.0,,,3,2026-06-05,LOSS,api/final/recommendations,,,,,,
us|MU|balanced|short|2026-06-02,2026-06-02,us,MU,Micron,balanced,short,971.0,882.6,1010.4399999999999,993.04,74.8,,,3,2026-06-05,WIN,api/final/recommendations,,,,,,
us|AMZN|conservative|short|2026-06-02,2026-06-02,us,AMZN,Amazon,conservative,short,257.8,253.00192,264.27088000000003,265.25,80.0,,,3,2026-06-05,CLOSED,api/final/recommendations,,,,,,
us|NVDA|conservative|short|2026-06-02,2026-06-02,us,NVDA,NVIDIA,conservative,short,211.13999971337887,205.19625572144747,216.4184997062133,217.24,80.0,,,3,2026-06-05,CLOSED,api/final/recommendations,,,,,,
us|CAT|conservative|short|2026-06-02,2026-06-02,us,CAT,Caterpillar,conservative,short,865.36,844.620544,887.445856,889.33,79.7,,,3,2026-06-05,WIN,api/final/recommendations,,,,,,
us|TSLA|conservative|short|2026-06-02,2026-06-02,us,TSLA,Tesla,conservative,short,435.7900040126953,423.65281990093774,447.0397881162818,446.99,77.3,,,3,2026-06-05,NOT_EXECUTED,api/final/recommendations,,,,,,
us|SNDK|balanced|swing|2026-06-03,2026-06-03,us,SNDK,샌디스크,balanced,swing,1694.98,1457.0,1915.0,1742.78,80.0,,,5,2026-06-10,CLOSED,api/final/recommendations,,,,,,
us|JOBY|balanced|swing|2026-06-03,2026-06-03,us,JOBY,Joby Aviation,balanced,swing,11.79,11.0,13.0,12.12,80.0,,,5,2026-06-10,NOT_EXECUTED,api/final/recommendations,,,,,,
us|AMD|balanced|swing|2026-06-03,2026-06-03,us,AMD,AMD,balanced,swing,507.79,452.0,574.0,521.86,80.0,,,5,2026-06-10,CLOSED,api/final/recommendations,,,,,,
us|RIOT|balanced|swing|2026-06-03,2026-06-03,us,RIOT,Riot Platforms,balanced,swing,27.11,24.0,31.0,27.86,80.0,,,5,2026-06-10,CLOSED,api/final/recommendations,,,,,,
us|AVGO|balanced|swing|2026-06-03,2026-06-03,us,AVGO,Broadcom,balanced,swing,479.55,447.0,542.0,492.74,80.0,,,5,2026-06-10,CLOSED,api/final/recommendations,,,,,,
us|SMH|balanced|swing|2026-06-03,2026-06-03,us,SMH,VanEck Semiconductor ETF,balanced,swing,598.93,557.0,677.0000000000001,615.28,80.0,,,5,2026-06-10,CLOSED,api/final/recommendations,,,,,,
us|ORCL|balanced|swing|2026-06-03,2026-06-03,us,ORCL,Oracle,balanced,swing,225.77999999999997,206.99999999999997,254.99999999999997,231.9,80.0,,,5,2026-06-10,CLOSED,api/final/recommendations,,,,,,
us|SOXX|balanced|swing|2026-06-03,2026-06-03,us,SOXX,iShares Semiconductor ETF,balanced,swing,569.08,523.0,643.0,584.5,80.0,,,5,2026-06-10,CLOSED,api/final/recommendations,,,,,,
us|ON|balanced|swing|2026-06-03,2026-06-03,us,ON,ON Semiconductor,balanced,swing,120.62,106.0,136.0,123.86,80.0,,,5,2026-06-10,CLOSED,api/final/recommendations,,,,,,
us|RGTI|balanced|swing|2026-06-03,2026-06-03,us,RGTI,Rigetti,balanced,swing,25.54,24.0,29.0,26.21,80.0,,,5,2026-06-10,LOSS,api/final/recommendations,,,,,,
us|RKLB|balanced|swing|2026-06-03,2026-06-03,us,RKLB,Rocket Lab,balanced,swing,143.48,134.0,162.0,147.24,80.0,,,5,2026-06-10,NOT_EXECUTED,api/final/recommendations,,,,,,
us|DDOG|balanced|swing|2026-06-03,2026-06-03,us,DDOG,Datadog,balanced,swing,264.94,245.0,299.0,271.86,79.7,,,5,2026-06-10,NOT_EXECUTED,api/final/recommendations,,,,,,
us|PANW|balanced|swing|2026-06-04,2026-06-04,us,PANW,Palo Alto Networks,balanced,swing,297.18,268.0,336.0,307.02,80.0,,,5,2026-06-11,CLOSED,api/final/recommendations,,,,,,
us|LUNR|balanced|swing|2026-06-04,2026-06-04,us,LUNR,Intuitive Machines,balanced,swing,39.57,37.0,44.99999999999999,40.65,80.0,,,5,2026-06-11,NOT_EXECUTED,api/final/recommendations,,,,,,
us|COHR|balanced|swing|2026-06-04,2026-06-04,us,COHR,Coherent,balanced,swing,426.89,368.0,482.0,438.54,79.2,,,5,2026-06-11,CLOSED,api/final/recommendations,,,,,,
us|BBAI|balanced|swing|2026-06-04,2026-06-04,us,BBAI,BigBear.ai,balanced,swing,5.11,5.0,6.0,5.24,79.5,,,5,2026-06-11,NOT_EXECUTED,api/final/recommendations,,,,,,
us|IONQ|balanced|swing|2026-06-04,2026-06-04,us,IONQ,IONQ,balanced,swing,71.4,67.0,81.0,73.21,78.4,,,5,2026-06-11,NOT_EXECUTED,api/final/recommendations,,,,,,
kr|196170|balanced|swing|2026-06-04,2026-06-04,kr,196170,알테오젠,balanced,swing,354273.0,343648.0,387584.0,343363.0,56.7,,,5,2026-06-11,LOSS,api/final/recommendations,,,,,,
kr|375500|balanced|swing|2026-06-04,2026-06-04,kr,375500,DL이앤씨,balanced,swing,81274.0,77891.0,95285.0,76631.0,51.2,,,5,2026-06-11,NOT_EXECUTED,api/final/recommendations,,,,,,
kr|058470|balanced|swing|2026-06-04,2026-06-04,kr,058470,리노공업,balanced,swing,112437.0,108234.0,127618.00000000001,98428.0,51.8,,,5,2026-06-11,NOT_EXECUTED,api/final/recommendations,,,,,,
kr|006400|balanced|swing|2026-06-04,2026-06-04,kr,006400,삼성SDI,balanced,swing,625369.0,604676.0,717422.0,547127.0,50.2,,,5,2026-06-11,NOT_EXECUTED,api/final/recommendations,,,,,,
kr|006260|balanced|swing|2026-06-04,2026-06-04,kr,006260,LS,balanced,swing,446775.0,417735.0,504856.0,386715.0,47.2,,,5,2026-06-11,NOT_EXECUTED,api/final/recommendations,,,,,,
kr|214150|balanced|swing|2026-06-04,2026-06-04,kr,214150,클래시스,balanced,swing,49598.0,48040.0,54552.0,45033.0,53.9,,,5,2026-06-11,NOT_EXECUTED,api/final/recommendations,,,,,,
kr|001440|balanced|swing|2026-06-04,2026-06-04,kr,001440,대한전선,balanced,swing,44625.0,41724.0,50426.0,38626.0,45.2,,,5,2026-06-11,NOT_EXECUTED,api/final/recommendations,,,,,,
kr|003490|balanced|swing|2026-06-04,2026-06-04,kr,003490,대한항공,balanced,swing,25385.000000000004,24556.000000000004,27181.000000000004,23560.0,51.0,,,5,2026-06-11,CLOSED,api/final/recommendations,,,,,,
us|MDB|balanced|swing|2026-06-04,2026-06-04,us,MDB,MongoDB,balanced,swing,369.4,315.0,417.0,380.0,80.0,,,5,2026-06-11,CLOSED,api/final/recommendations,,,,,,
us|NBIS|balanced|swing|2026-06-04,2026-06-04,us,NBIS,네비우스 그룹,balanced,swing,258.46,242.0,292.0,265.44,80.0,,,5,2026-06-11,CLOSED,api/final/recommendations,,,,,,
us|DDOG|balanced|swing|2026-06-04,2026-06-04,us,DDOG,Datadog,balanced,swing,249.71,223.0,282.0,256.43,80.0,,,5,2026-06-11,CLOSED,api/final/recommendations,,,,,,
us|ORCL|balanced|swing|2026-06-04,2026-06-04,us,ORCL,Oracle,balanced,swing,233.95,211.0,264.0,239.99,80.0,,,5,2026-06-11,CLOSED,api/final/recommendations,,,,,,
us|SIMO|balanced|swing|2026-06-04,2026-06-04,us,SIMO,Silicon Motion,balanced,swing,309.33,269.0,350.00000000000006,317.32,80.0,,,5,2026-06-11,CLOSED,api/final/recommendations,,,,,,
us|ON|balanced|swing|2026-06-04,2026-06-04,us,ON,ON Semiconductor,balanced,swing,133.25,119.0,151.0,136.66,79.2,,,5,2026-06-11,CLOSED,api/final/recommendations,,,,,,
us|OKTA|balanced|swing|2026-06-04,2026-06-04,us,OKTA,OKTA,balanced,swing,127.09,110.0,144.0,130.32,78.7,,,5,2026-06-11,NOT_EXECUTED,api/final/recommendations,,,,,,
us|DELL|balanced|swing|2026-06-04,2026-06-04,us,DELL,DELL,balanced,swing,413.02,356.0,467.0,423.3,75.7,,,5,2026-06-11,CLOSED,api/final/recommendations,,,,,,
us|SNDK|balanced|swing|2026-06-04,2026-06-04,us,SNDK,샌디스크,balanced,swing,1755.2100000000003,1537.0000000000002,1983.0000000000002,1797.86,79.4,,,5,2026-06-11,CLOSED,api/final/recommendations,,,,,,
us|NBIS|balanced|swing|2026-06-05,2026-06-05,us,NBIS,네비우스 그룹,balanced,swing,251.68000000000004,235.00000000000003,284.0,257.7,77.1,,,5,2026-06-12,CLOSED,api/final/recommendations,,,,,,
us|MDB|balanced|swing|2026-06-05,2026-06-05,us,MDB,MongoDB,balanced,swing,368.32,314.0,416.0,377.01,76.9,,,5,2026-06-12,CLOSED,api/final/recommendations,,,,,,
us|ORCL|balanced|swing|2026-06-05,2026-06-05,us,ORCL,Oracle,balanced,swing,236.34,213.0,267.0,241.85,79.6,,,5,2026-06-12,NOT_EXECUTED,api/final/recommendations,,,,,,
us|PANW|balanced|swing|2026-06-05,2026-06-05,us,PANW,Palo Alto Networks,balanced,swing,280.43,251.0,317.0,286.88,77.2,,,5,2026-06-12,CLOSED,api/final/recommendations,,,,,,
us|COHR|balanced|swing|2026-06-05,2026-06-05,us,COHR,COHR,balanced,swing,421.9,360.0,477.0,431.39,74.4,,,5,2026-06-12,CLOSED,api/final/recommendations,,,,,,
us|DDOG|balanced|swing|2026-06-05,2026-06-05,us,DDOG,Datadog,balanced,swing,243.6,217.0,275.0,248.93,75.5,,,5,2026-06-12,NOT_EXECUTED,api/final/recommendations,,,,,,
us|CRWD|balanced|swing|2026-06-05,2026-06-05,us,CRWD,CrowdStrike,balanced,swing,719.09,650.0,813.0000000000001,734.48,74.9,,,5,2026-06-12,NOT_EXECUTED,api/final/recommendations,,,,,,
us|ON|balanced|swing|2026-06-05,2026-06-05,us,ON,ON Semiconductor,balanced,swing,131.82,117.0,149.0,134.5,73.9,,,5,2026-06-12,CLOSED,api/final/recommendations,,,,,,
us|HUT|balanced|swing|2026-06-05,2026-06-05,us,HUT,Hut 8,balanced,swing,127.76,109.0,144.0,130.32,73.6,,,5,2026-06-12,CLOSED,api/final/recommendations,,,,,,
us|SOXL|balanced|swing|2026-06-05,2026-06-05,us,SOXL,DireXion Daily Semiconductor Bull 3X Shares,balanced,swing,262.7,246.0,297.0,267.93,69.9,,,5,2026-06-12,LOSS,api/final/recommendations,,,,,,
us|OKTA|balanced|swing|2026-06-05,2026-06-05,us,OKTA,OKTA,balanced,swing,124.65,108.0,141.0,127.12,73.1,,,5,2026-06-12,CLOSED,api/final/recommendations,,,,,,
us|NBIS|balanced|swing|2026-06-06,2026-06-06,us,NBIS,네비우스 그룹,balanced,swing,251.68,235.0,284.0,255.68,68.9,,,5,2026-06-12,CLOSED,api/final/recommendations,,,,,,
us|BBAI|balanced|swing|2026-06-06,2026-06-06,us,BBAI,BigBear.ai,balanced,swing,4.43,4.0,5.0,4.54,76.7,,,5,2026-06-12,CLOSED,api/final/recommendations,,,,,,
us|COHR|balanced|swing|2026-06-06,2026-06-06,us,COHR,COHR,balanced,swing,407.0,381.0,460.0,416.85,77.0,,,5,2026-06-12,LOSS,api/final/recommendations,,,,,,
us|MDB|balanced|swing|2026-06-06,2026-06-06,us,MDB,MongoDB,balanced,swing,368.32,314.0,416.0,377.01,76.6,,,5,2026-06-12,NOT_EXECUTED,api/final/recommendations,,,,,,
us|JOBY|balanced|swing|2026-06-06,2026-06-06,us,JOBY,Joby Aviation,balanced,swing,10.31,9.0,12.0,10.55,75.5,,,5,2026-06-12,NOT_EXECUTED,api/final/recommendations,,,,,,
us|ORCL|balanced|swing|2026-06-06,2026-06-06,us,ORCL,Oracle,balanced,swing,236.34,213.0,267.0,241.85,76.5,,,5,2026-06-12,NOT_EXECUTED,api/final/recommendations,,,,,,
us|PANW|balanced|swing|2026-06-06,2026-06-06,us,PANW,Palo Alto Networks,balanced,swing,280.43,251.0,317.0,286.88,75.8,,,5,2026-06-12,CLOSED,api/final/recommendations,,,,,,
us|DDOG|balanced|swing|2026-06-06,2026-06-06,us,DDOG,Datadog,balanced,swing,238.87,212.0,270.0,244.08,74.5,,,5,2026-06-12,CLOSED,api/final/recommendations,,,,,,
us|HUT|balanced|swing|2026-06-06,2026-06-06,us,HUT,Hut 8,balanced,swing,115.74,108.0,131.0,118.19,73.6,,,5,2026-06-12,CLOSED,api/final/recommendations,,,,,,
us|CRWD|balanced|swing|2026-06-06,2026-06-06,us,CRWD,CrowdStrike,balanced,swing,693.4,624.0,784.0,708.03,74.1,,,5,2026-06-12,CLOSED,api/final/recommendations,,,,,,
us|KLAC|balanced|swing|2026-06-06,2026-06-06,us,KLAC,KLA,balanced,swing,2021.61,1839.0,2284.0,2064.27,73.6,,,5,2026-06-12,NOT_EXECUTED,api/final/recommendations,,,,,,
us|ON|balanced|swing|2026-06-06,2026-06-06,us,ON,ON Semiconductor,balanced,swing,131.82,117.0,149.0,134.5,72.7,,,5,2026-06-12,CLOSED,api/final/recommendations,,,,,,
kr|032830|balanced|swing|2026-06-06,2026-06-06,kr,032830,032830,balanced,swing,412500.0,385688.0,466124.99999999994,422235.0,76.5,,,5,2026-06-12,CLOSED,api/final/recommendations,,,,,,
kr|005930|balanced|swing|2026-06-06,2026-06-06,kr,005930,삼성전자,balanced,swing,329000.0,285286.0,371769.99999999994,336370.0,75.2,,,5,2026-06-12,CLOSED,api/final/recommendations,,,,,,
kr|035420|balanced|swing|2026-06-06,2026-06-06,kr,035420,NAVER,balanced,swing,255500.0,238891.99999999997,288715.0,260738.0,73.1,,,5,2026-06-12,CLOSED,api/final/recommendations,,,,,,
kr|454910|balanced|swing|2026-06-06,2026-06-06,kr,454910,454910,balanced,swing,140300.0,131180.0,158538.99999999997,143162.0,72.9,,,5,2026-06-12,WIN,api/final/recommendations,,,,,,
kr|000810|balanced|swing|2026-06-06,2026-06-06,kr,000810,000810,balanced,swing,695000.0,612143.0,785349.9999999999,707718.0,70.5,,,5,2026-06-12,CLOSED,api/final/recommendations,,,,,,
kr|003550|balanced|swing|2026-06-06,2026-06-06,kr,003550,003550,balanced,swing,122900.0,114912.0,138877.0,125149.0,70.5,,,5,2026-06-12,CLOSED,api/final/recommendations,,,,,,
kr|005380|balanced|swing|2026-06-06,2026-06-06,kr,005380,현대차,balanced,swing,700000.0,654500.0,790999.9999999999,712530.0,70.0,,,5,2026-06-12,LOSS,api/final/recommendations,,,,,,
kr|017670|balanced|swing|2026-06-06,2026-06-06,kr,017670,SK텔레콤,balanced,swing,106400.0,99484.0,120231.99999999999,108283.0,69.8,,,5,2026-06-12,CLOSED,api/final/recommendations,,,,,,
kr|402340|balanced|swing|2026-06-06,2026-06-06,kr,402340,402340,balanced,swing,1258000.0,1176230.0,1421539.9999999998,1279260.0,70.0,,,5,2026-06-12,CLOSED,api/final/recommendations,,,,,,
kr|090360|balanced|swing|2026-06-06,2026-06-06,kr,090360,로보스타,balanced,swing,148100.0,138474.0,167352.99999999997,150499.0,68.0,,,5,2026-06-12,WIN,api/final/recommendations,,,,,,
kr|012330|balanced|swing|2026-06-06,2026-06-06,kr,012330,현대모비스,balanced,swing,697000.0,651695.0,787609.9999999999,707176.0,66.2,,,5,2026-06-12,CLOSED,api/final/recommendations,,,,,,
wing|2026-06-06,2026-06-06,kr,090360,로보스타,balanced,swing,148100.0,138474.0,167352.99999999997,150499.0,68.0,,,5,2026-06-12,WIN,api/final/recommendations,,,,,,
kr|090360|balanced|swing|2026-06-08,2026-06-08,kr,090360,로보스타,balanced,swing,139000.0,129965.00000000001,157069.99999999997,141113.0,68.1,,,5,2026-06-15,WIN,api/final/recommendations,,,,,,
kr|000810|balanced|swing|2026-06-08,2026-06-08,kr,000810,000810,balanced,swing,670000.0,585286.0,757099.9999999999,679715.0,67.3,,,5,2026-06-15,CLOSED,api/final/recommendations,,,,,,
kr|454910|balanced|swing|2026-06-08,2026-06-08,kr,454910,454910,balanced,swing,127200.0,118932.0,143736.0,128650.0,63.8,,,5,2026-06-15,WIN,api/final/recommendations,,,,,,
kr|006260|balanced|swing|2026-06-11,2026-06-11,kr,006260,LS,balanced,swing,409500.0,382882.0,462735.0,343200.0,48.0,,,10,2026-06-25,NOT_EXECUTED,api/final/recommendations,,,,,,
kr|001440|balanced|swing|2026-06-11,2026-06-11,kr,001440,대한전선,balanced,swing,39322.0,36767.0,44434.0,32956.0,46.3,,,10,2026-06-25,NOT_EXECUTED,api/final/recommendations,,,,,,
kr|067310|balanced|swing|2026-06-11,2026-06-11,kr,067310,하나마이크론,balanced,swing,42052.0,38210.0,47624.0,39476.0,52.8,,,10,2026-06-25,CLOSED,api/final/recommendations,,,,,,
kr|000270|balanced|swing|2026-06-11,2026-06-11,kr,000270,기아,balanced,swing,180799.0,170782.0,203442.0,145693.0,47.9,,,10,2026-06-25,NOT_EXECUTED,api/final/recommendations,,,,,,
kr|035720|balanced|swing|2026-06-11,2026-06-11,kr,035720,카카오,balanced,swing,42377.0,41535.0,43820.0,33921.0,43.6,,,10,2026-06-25,NOT_EXECUTED,api/final/recommendations,,,,,,
kr|000990|balanced|swing|2026-06-11,2026-06-11,kr,000990,DB하이텍,balanced,swing,161385.0,150895.0,182365.0,135278.0,44.5,,,10,2026-06-25,LOSS,api/final/recommendations,,,,,,
kr|012330|balanced|swing|2026-06-11,2026-06-11,kr,012330,현대모비스,balanced,swing,627196.0,569093.0,711445.0,530414.0,45.8,,,10,2026-06-25,CLOSED,api/final/recommendations,,,,,,
kr|042660|balanced|swing|2026-06-11,2026-06-11,kr,042660,한화오션,balanced,swing,121478.0,118475.0,125833.0,97430.0,44.2,,,10,2026-06-25,CLOSED,api/final/recommendations,,,,,,
kr|068270|balanced|swing|2026-06-11,2026-06-11,kr,068270,셀트리온,balanced,swing,187801.0,184110.0,200178.0,149603.0,56.6,,,10,2026-06-25,NOT_EXECUTED,api/final/recommendations,,,,,,
kr|012450|balanced|swing|2026-06-11,2026-06-11,kr,012450,한화에어로스페이스,balanced,swing,1082550.0,1012184.0,1223282.0,907280.0,43.6,,,10,2026-06-25,NOT_EXECUTED,api/final/recommendations,,,,,,
kr|034020|balanced|swing|2026-06-11,2026-06-11,kr,034020,두산에너빌리티,balanced,swing,95655.0,89437.0,108090.0,80168.0,43.1,,,10,2026-06-25,NOT_EXECUTED,api/final/recommendations,,,,,,
kr|010120|balanced|swing|2026-06-11,2026-06-11,kr,010120,LS ELECTRIC,balanced,swing,270725.99999999994,236841.99999999994,331401.99999999994,207680.0,45.4,,,10,2026-06-25,CLOSED,api/final/recommendations,,,,,,
kr|079550|balanced|swing|2026-06-11,2026-06-11,kr,079550,LIG디펜스앤에어로스페이스,balanced,swing,870081.0,828930.0,929750.0,673200.0,46.4,,,10,2026-06-25,NOT_EXECUTED,api/final/recommendations,,,,,,
kr|018260|balanced|swing|2026-06-11,2026-06-11,kr,018260,삼성에스디에스,balanced,swing,236250.0,220894.0,266962.0,226117.0,51.0,,,10,2026-06-25,NOT_EXECUTED,api/final/recommendations,,,,,,
kr|064350|balanced|swing|2026-06-11,2026-06-11,kr,064350,현대로템,balanced,swing,215444.0,200730.0,236779.0,165528.0,47.0,,,10,2026-06-25,CLOSED,api/final/recommendations,,,,,,
kr|090360|balanced|swing|2026-06-11,2026-06-11,kr,090360,로보스타,balanced,swing,75039.0,70140.0,82143.0,105044.0,51.8,,,10,2026-06-25,WIN,api/final/recommendations,,,,,,
kr|011070|balanced|swing|2026-06-11,2026-06-11,kr,011070,LG이노텍,balanced,swing,1144500.0,1070108.0,1293285.0,1103320.0,51.0,,,10,2026-06-25,NOT_EXECUTED,api/final/recommendations,,,,,,
kr|009150|balanced|swing|2026-06-11,2026-06-11,kr,009150,삼성전기,balanced,swing,1895250.0,1772059.0,2141632.0,1873658.0,54.0,,,10,2026-06-25,CLOSED,api/final/recommendations,,,,,,
kr|035420|balanced|swing|2026-06-11,2026-06-11,kr,035420,NAVER,balanced,swing,198117.0,190939.0,208524.0,215108.0,45.7,,,10,2026-06-25,CLOSED,api/final/recommendations,,,,,,
kr|036930|balanced|swing|2026-06-11,2026-06-11,kr,036930,주성엔지니어링,balanced,swing,208950.0,195368.0,236113.0,194341.0,51.0,,,10,2026-06-25,CLOSED,api/final/recommendations,,,,,,
us|MDB|balanced|swing|2026-06-11,2026-06-11,us,MDB,MongoDB,balanced,swing,368.32,328.0,489.99999999999994,377.01,76.6,,,10,2026-06-25,NOT_EXECUTED,api/final/recommendations,,,,,,
us|PANW|balanced|swing|2026-06-11,2026-06-11,us,PANW,Palo Alto Networks,balanced,swing,280.43,258.0,347.00000000000006,286.88,75.8,,,10,2026-06-25,CLOSED,api/final/recommendations,,,,,,
us|ON|balanced|swing|2026-06-11,2026-06-11,us,ON,ON Semiconductor,balanced,swing,131.82,121.0,165.0,134.5,72.1,,,10,2026-06-25,CLOSED,api/final/recommendations,,,,,,
us|UNH|balanced|swing|2026-06-11,2026-06-11,us,UNH,UNH,balanced,swing,406.57,391.0,452.0,413.97,71.5,,,10,2026-06-25,CLOSED,api/final/recommendations,,,,,,
us|RIOT|balanced|swing|2026-06-11,2026-06-11,us,RIOT,Riot Platforms,balanced,swing,27.65,25.0,35.0,28.14,70.8,,,10,2026-06-25,CLOSED,api/final/recommendations,,,,,,
kr|036930|balanced|swing|2026-06-12,2026-06-12,kr,036930,주성엔지니어링,balanced,swing,199994.99999999997,186064.99999999997,224869.99999999997,203020.0,73.4,,,10,2026-06-26,CLOSED,api/final/recommendations,,,,,,
kr|000660|balanced|swing|2026-06-12,2026-06-12,kr,000660,SK하이닉스,balanced,swing,2058239.9999999998,1783035.9999999998,2778624.0,2081178.0,68.4,,,10,2026-06-26,CLOSED,api/final/recommendations,,,,,,
kr|018260|balanced|swing|2026-06-12,2026-06-12,kr,018260,삼성에스디에스,balanced,swing,226124.99999999997,210374.99999999997,254249.99999999997,228510.0,66.6,,,10,2026-06-26,NOT_EXECUTED,api/final/recommendations,,,,,,
kr|005930|balanced|swing|2026-06-12,2026-06-12,kr,005930,삼성전자,balanced,swing,304012.0,265884.0,410416.2,306947.0,66.7,,,10,2026-06-26,CLOSED,api/final/recommendations,,,,,,
kr|035420|balanced|swing|2026-06-12,2026-06-12,kr,035420,NAVER,balanced,swing,228134.99999999997,212244.99999999997,256509.99999999997,230019.0,64.8,,,10,2026-06-26,CLOSED,api/final/recommendations,,,,,,
kr|032830|balanced|swing|2026-06-12,2026-06-12,kr,032830,삼성생명,balanced,swing,369839.99999999994,344079.99999999994,415839.99999999994,372416.0,62.9,,,10,2026-06-26,CLOSED,api/final/recommendations,,,,,,
kr|138040|balanced|swing|2026-06-12,2026-06-12,kr,138040,메리츠금융지주,balanced,swing,109444.0,101850.0,130050.0,110011.0,64.3,,,10,2026-06-26,CLOSED,api/final/recommendations,,,,,,
kr|010950|balanced|swing|2026-06-12,2026-06-12,kr,010950,S-Oil,balanced,swing,111353.99999999999,102324.99999999999,136225.0,111520.0,59.1,,,10,2026-06-26,CLOSED,api/final/recommendations,,,,,,
kr|017670|balanced|swing|2026-06-12,2026-06-12,kr,017670,SK텔레콤,balanced,swing,106227.99999999999,98829.99999999999,119440.99999999999,106250.0,55.5,,,10,2026-06-26,CLOSED,api/final/recommendations,,,,,,
kr|090360|balanced|swing|2026-06-12,2026-06-12,kr,090360,로보스타,balanced,swing,113765.99999999999,105841.99999999999,127915.99999999999,113789.0,56.1,,,10,2026-06-26,WIN,api/final/recommendations,,,,,,
us|HOOD|balanced|swing|2026-06-12,2026-06-12,us,HOOD,Robinhood,balanced,swing,83.77,74.0,113.0895,85.5,72.4,,,10,2026-06-26,NOT_EXECUTED,api/final/recommendations,,,,,,
us|ALAB|balanced|swing|2026-06-12,2026-06-12,us,ALAB,Astera Labs,balanced,swing,341.7,292.0,461.295,348.23,71.2,,,10,2026-06-26,NOT_EXECUTED,api/final/recommendations,,,,,,
us|CAVA|balanced|swing|2026-06-12,2026-06-12,us,CAVA,CAVA,balanced,swing,76.28,70.0,95.0,77.66,69.9,,,10,2026-06-26,NOT_EXECUTED,api/final/recommendations,,,,,,
us|PANW|balanced|swing|2026-06-12,2026-06-12,us,PANW,Palo Alto Networks,balanced,swing,279.53,257.0,347.0,284.37,70.5,,,10,2026-06-26,CLOSED,api/final/recommendations,,,,,,
us|KO|balanced|swing|2026-06-12,2026-06-12,us,KO,KO,balanced,swing,82.53000000000002,80.00000000000001,90.00000000000001,83.94,70.9,,,10,2026-06-26,NOT_EXECUTED,api/final/recommendations,,,,,,
us|DUOL|balanced|swing|2026-06-12,2026-06-12,us,DUOL,Duolingo,balanced,swing,117.86,106.0,154.0,119.86,69.8,,,10,2026-06-26,CLOSED,api/final/recommendations,,,,,,
us|LLY|balanced|swing|2026-06-12,2026-06-12,us,LLY,Eli Lilly,balanced,swing,1160.95,1101.0,1341.0,1179.06,70.0,,,10,2026-06-26,CLOSED,api/final/recommendations,,,,,,
us|GE|balanced|swing|2026-06-12,2026-06-12,us,GE,GE Aerospace,balanced,swing,330.44,315.0,377.0,334.87,66.5,,,10,2026-06-26,CLOSED,api/final/recommendations,,,,,,
us|MCD|balanced|swing|2026-06-12,2026-06-12,us,MCD,MCD,balanced,swing,284.77,277.0,307.0,288.56,68.5,,,10,2026-06-26,CLOSED,api/final/recommendations,,,,,,
us|PG|balanced|swing|2026-06-12,2026-06-12,us,PG,PG,balanced,swing,148.34,143.0,163.0,150.19,65.6,,,10,2026-06-26,CLOSED,api/final/recommendations,,,,,,
us|VRTX|balanced|swing|2026-06-12,2026-06-12,us,VRTX,Vertex,balanced,swing,445.04,428.0,495.0,449.36,64.0,,,10,2026-06-26,CLOSED,api/final/recommendations,,,,,,
us|RDDT|balanced|swing|2026-06-12,2026-06-12,us,RDDT,Reddit,balanced,swing,173.26000000000002,155.00000000000003,227.00000000000003,174.89,61.1,,,10,2026-06-26,CLOSED,api/final/recommendations,,,,,,
kr|036930|balanced|swing|2026-06-15,2026-06-15,kr,036930,주성엔지니어링,balanced,swing,199994.99999999997,186064.99999999997,224869.99999999997,203020.0,72.1,,,10,2026-06-29,CLOSED,api/final/recommendations,,,,,,
kr|000660|balanced|swing|2026-06-15,2026-06-15,kr,000660,SK하이닉스,balanced,swing,2058239.9999999998,1783035.9999999998,2778624.0,2081178.0,67.7,,,10,2026-06-29,CLOSED,api/final/recommendations,,,,,,
kr|018260|balanced|swing|2026-06-15,2026-06-15,kr,018260,삼성에스디에스,balanced,swing,226124.99999999997,210374.99999999997,254249.99999999997,228510.0,66.5,,,10,2026-06-29,NOT_EXECUTED,api/final/recommendations,,,,,,
kr|005930|balanced|swing|2026-06-15,2026-06-15,kr,005930,삼성전자,balanced,swing,304012.0,265884.0,410416.2,306947.0,66.9,,,10,2026-06-29,CLOSED,api/final/recommendations,,,,,,
kr|035420|balanced|swing|2026-06-15,2026-06-15,kr,035420,NAVER,balanced,swing,228134.99999999997,212244.99999999997,256509.99999999997,230019.0,64.3,,,10,2026-06-29,CLOSED,api/final/recommendations,,,,,,
kr|032830|balanced|swing|2026-06-15,2026-06-15,kr,032830,삼성생명,balanced,swing,369839.99999999994,344079.99999999994,415839.99999999994,372416.0,62.8,,,10,2026-06-29,CLOSED,api/final/recommendations,,,,,,
kr|138040|balanced|swing|2026-06-15,2026-06-15,kr,138040,메리츠금융지주,balanced,swing,109444.0,101850.0,130050.0,110011.0,65.0,,,10,2026-06-29,CLOSED,api/final/recommendations,,,,,,
kr|010950|balanced|swing|2026-06-15,2026-06-15,kr,010950,S-Oil,balanced,swing,111353.99999999999,102324.99999999999,136225.0,111520.0,60.1,,,10,2026-06-29,CLOSED,api/final/recommendations,,,,,,
kr|017670|balanced|swing|2026-06-15,2026-06-15,kr,017670,SK텔레콤,balanced,swing,106227.99999999999,98829.99999999999,119440.99999999999,106250.0,56.3,,,10,2026-06-29,CLOSED,api/final/recommendations,,,,,,
kr|090360|balanced|swing|2026-06-15,2026-06-15,kr,090360,로보스타,balanced,swing,113765.99999999999,105841.99999999999,127915.99999999999,113789.0,56.2,,,10,2026-06-29,WIN,api/final/recommendations,,,,,,
us|ALAB|balanced|swing|2026-06-15,2026-06-15,us,ALAB,Astera Labs,balanced,swing,341.7,291.0,461.295,350.31,76.1,,,10,2026-06-29,NOT_EXECUTED,api/final/recommendations,,,,,,
us|ASML|balanced|swing|2026-06-15,2026-06-15,us,ASML,ASML,balanced,swing,1777.77,1647.0,2169.0,1819.9,75.0,,,10,2026-06-29,CLOSED,api/final/recommendations,,,,,,
us|CRDO|balanced|swing|2026-06-15,2026-06-15,us,CRDO,Credo Technology,balanced,swing,234.32,219.0,265.0,239.83,74.7,,,10,2026-06-29,CLOSED,api/final/recommendations,,,,,,
us|HOOD|balanced|swing|2026-06-15,2026-06-15,us,HOOD,Robinhood,balanced,swing,83.77,74.0,113.0895,85.66,74.2,,,10,2026-06-29,NOT_EXECUTED,api/final/recommendations,,,,,,
us|CAVA|balanced|swing|2026-06-15,2026-06-15,us,CAVA,CAVA,balanced,swing,95.45,87.81,111.88,77.59,67.0,,,10,2026-06-29,NOT_EXECUTED,api/final/recommendations,,,,,,
kr|005930|balanced|swing|2026-06-24,2026-06-24,kr,005930,삼성전자,balanced,swing,310000.0,270250.0,418500.0,315859.0,70.9,,,10,2026-07-08,CLOSED,api/final/recommendations,,,,,,
kr|034730|balanced|swing|2026-06-24,2026-06-24,kr,034730,SK,balanced,swing,705000.0,615107.0,951750.0000000001,715787.0,67.9,,,10,2026-07-08,CLOSED,api/final/recommendations,,,,,,
kr|000660|balanced|swing|2026-06-24,2026-06-24,kr,000660,SK하이닉스,balanced,swing,2555000.0,2216321.0,3449250.0,2593325.0,66.9,,,10,2026-07-08,CLOSED,api/final/recommendations,,,,,,
kr|032830|balanced|swing|2026-06-24,2026-06-24,kr,032830,삼성생명,balanced,swing,425000.0,367786.0,573750.0,430950.0,65.2,,,10,2026-07-08,CLOSED,api/final/recommendations,,,,,,
kr|009150|balanced|swing|2026-06-24,2026-06-24,kr,009150,삼성전기,balanced,swing,1989999.9999999998,1860650.0,2248699.9999999995,2015273.0,64.3,,,10,2026-07-08,LOSS,api/final/recommendations,,,,,,
kr|207940|balanced|swing|2026-06-24,2026-06-24,kr,207940,삼성바이오로직스,balanced,swing,1273000.0,1157875.0,1618375.0,1289167.0,65.1,,,10,2026-07-08,LOSS,api/final/recommendations,,,,,,
kr|145020|balanced|swing|2026-06-24,2026-06-24,kr,145020,휴젤,balanced,swing,242000.0,216339.0,318982.0,244033.0,61.3,,,10,2026-07-08,CLOSED,api/final/recommendations,,,,,,
kr|240810|balanced|swing|2026-06-24,2026-06-24,kr,240810,원익IPS,balanced,swing,150100.0,140344.0,169612.99999999997,151211.0,58.3,,,10,2026-07-08,LOSS,api/final/recommendations,,,,,,
kr|003490|balanced|swing|2026-06-24,2026-06-24,kr,003490,대한항공,balanced,swing,25900.0,23433.0,33301.0,26079.0,58.8,,,10,2026-07-08,CLOSED,api/final/recommendations,,,,,,
us|HOOD|balanced|swing|2026-06-24,2026-06-24,us,HOOD,Robinhood,balanced,swing,103.76999999999998,91.99999999999999,136.0,105.06,70.0,,,10,2026-07-08,CLOSED,api/final/recommendations,,,,,,
us|NBIS|balanced|swing|2026-06-24,2026-06-24,us,NBIS,네비우스 그룹,balanced,swing,276.63,257.0,311.0,279.93,67.8,,,10,2026-07-08,LOSS,api/final/recommendations,,,,,,
us|ALAB|balanced|swing|2026-06-24,2026-06-24,us,ALAB,Astera Labs,balanced,swing,399.01,340.0,538.6635,403.73,69.7,,,10,2026-07-08,CLOSED,api/final/recommendations,,,,,,
us|RIOT|balanced|swing|2026-06-24,2026-06-24,us,RIOT,Riot Platforms,balanced,swing,28.83,26.0,38.0,29.17,69.1,,,10,2026-07-08,CLOSED,api/final/recommendations,,,,,,
kr|145020|conservative|short|2026-06-24,2026-06-24,kr,145020,휴젤,conservative,short,250218.0,239825.6829849124,276486.91959867766,247566.0,1.0,,,5,2026-07-01,CLOSED,api/final/recommendations,,,,,,
kr|003490|conservative|short|2026-06-24,2026-06-24,kr,003490,대한항공,conservative,short,26580.92,25589.040757344865,29087.62596342239,26465.0,1.0,,,5,2026-07-01,CLOSED,api/final/recommendations,,,,,,
kr|207940|conservative|short|2026-06-24,2026-06-24,kr,207940,삼성바이오로직스,conservative,short,1325595.2,1278640.0147261336,1444287.4738867178,1297060.0,1.0,,,5,2026-07-01,LOSS,api/final/recommendations,,,,,,
kr|032830|conservative|short|2026-06-24,2026-06-24,kr,032830,삼성생명,conservative,short,428756.8,406149.2291282944,485904.25034752,431758.0,1.0,,,5,2026-07-01,CLOSED,api/final/recommendations,,,,,,
kr|009150|conservative|short|2026-06-24,2026-06-24,kr,009150,삼성전기,conservative,short,1977790.4000000001,1852999.4316064187,2293234.412487912,2015671.0,1.0,,,5,2026-07-01,CLOSED,api/final/recommendations,,,,,,
kr|034730|conservative|short|2026-06-24,2026-06-24,kr,034730,SK,conservative,short,708287.2,672913.936330338,797703.3050803745,713530.0,1.0,,,5,2026-07-01,CLOSED,api/final/recommendations,,,,,,
kr|005930|conservative|short|2026-06-24,2026-06-24,kr,005930,삼성전자,conservative,short,324322.8,308034.1790852129,365496.81397904514,313379.0,1.0,,,5,2026-07-01,CLOSED,api/final/recommendations,,,,,,
kr|000660|conservative|short|2026-06-24,2026-06-24,kr,000660,SK하이닉스,conservative,short,2566740.0,2433476.775163416,2903599.64072454,2574162.0,1.0,,,5,2026-07-01,CLOSED,api/final/recommendations,,,,,,
kr|207940|conservative|swing|2026-06-24,2026-06-24,kr,207940,삼성바이오로직스,conservative,swing,1297640.0,1213145.5934014139,1572246.8214454048,1306607.0,1.0,,,10,2026-07-08,LOSS,api/final/recommendations,,,,,,
kr|145020|conservative|swing|2026-06-24,2026-06-24,kr,145020,휴젤,conservative,swing,245849.99999999997,227080.1449090909,306851.2366363636,248219.0,1.0,,,10,2026-07-08,CLOSED,api/final/recommendations,,,,,,
kr|003490|conservative|swing|2026-06-24,2026-06-24,kr,003490,대한항공,conservative,swing,26219.0,24420.88275830116,32062.881035521237,26542.0,1.0,,,10,2026-07-08,CLOSED,api/final/recommendations,,,,,,
kr|005930|conservative|swing|2026-06-24,2026-06-24,kr,005930,삼성전자,conservative,swing,316710.0,287470.515483871,411738.3246774194,317409.0,1.0,,,10,2026-07-08,CLOSED,api/final/recommendations,,,,,,
kr|034730|conservative|swing|2026-06-24,2026-06-24,kr,034730,SK,conservative,swing,706540.0,641675.6593497873,917349.1071131915,718959.0,1.0,,,10,2026-07-08,CLOSED,api/final/recommendations,,,,,,
kr|032830|conservative|swing|2026-06-24,2026-06-24,kr,032830,삼성생명,conservative,swing,426760.0,385395.32804517646,561195.9670832942,433032.0,1.0,,,10,2026-07-08,CLOSED,api/final/recommendations,,,,,,
kr|039030|conservative|swing|2026-06-24,2026-06-24,kr,039030,이오테크닉스,conservative,swing,465830.0,447299.2826,503618.12960000004,467636.0,1.0,,,10,2026-07-08,LOSS,api/final/recommendations,,,,,,
kr|009150|conservative|swing|2026-06-24,2026-06-24,kr,009150,삼성전기,conservative,swing,1984280.0,1905345.7005652261,2145244.7936,2021641.0,1.0,,,10,2026-07-08,LOSS,api/final/recommendations,,,,,,
kr|145020|conservative|mid|2026-06-24,2026-06-24,kr,145020,휴젤,conservative,mid,241482.0,209034.61687330907,326000.7,249913.0,1.0,,,21,2026-07-23,CLOSED,api/final/recommendations,,,,,,
kr|003490|conservative|mid|2026-06-24,2026-06-24,kr,003490,대한항공,conservative,mid,25857.08,22736.39440585143,34907.058000000005,26724.0,1.0,,,21,2026-07-23,CLOSED,api/final/recommendations,,,,,,
kr|207940|conservative|mid|2026-06-24,2026-06-24,kr,207940,삼성바이오로직스,conservative,mid,1269684.8,1124178.323482545,1703172.8446249177,1309153.0,1.0,,,21,2026-07-23,CLOSED,api/final/recommendations,,,,,,
kr|034730|conservative|mid|2026-06-24,2026-06-24,kr,034730,SK,conservative,mid,704792.7999999999,650703.3799923907,832508.02137088,721074.0,1.0,,,21,2026-07-23,LOSS,api/final/recommendations,,,,,,
kr|005930|conservative|mid|2026-06-24,2026-06-24,kr,005930,삼성전자,conservative,mid,309097.2,285376.07102153497,365108.57997312007,316789.0,1.0,,,21,2026-07-23,CLOSED,api/final/recommendations,,,,,,
kr|032830|conservative|mid|2026-06-24,2026-06-24,kr,032830,삼성생명,conservative,mid,424763.2,392164.59570102516,501734.36956672004,434308.0,1.0,,,21,2026-07-23,CLOSED,api/final/recommendations,,,,,,
kr|009150|conservative|mid|2026-06-24,2026-06-24,kr,009150,삼성전기,conservative,mid,1990769.6,1837988.860585696,2351516.16290816,2027611.0,1.0,,,21,2026-07-23,LOSS,api/final/recommendations,,,,,,
kr|000660|conservative|mid|2026-06-24,2026-06-24,kr,000660,SK하이닉스,conservative,mid,2554260.0,2358234.064683184,3017116.4328960003,2599457.0,1.0,,,21,2026-07-23,CLOSED,api/final/recommendations,,,,,,
kr|032830|balanced|short|2026-06-24,2026-06-24,kr,032830,삼성생명,balanced,short,427560.0,396248.241984,500621.45279999997,429675.0,1.0,,,5,2026-07-01,CLOSED,api/final/recommendations,,,,,,
kr|009150|balanced|short|2026-06-24,2026-06-24,kr,009150,삼성전기,balanced,short,1981680.0,1808018.351117186,2386890.7397788945,2009303.0,1.0,,,5,2026-07-01,CLOSED,api/final/recommendations,,,,,,
kr|000660|balanced|short|2026-06-24,2026-06-24,kr,000660,SK하이닉스,balanced,short,2563000.0,2378181.879405088,2994242.054011742,2575951.0,1.0,,,5,2026-07-01,CLOSED,api/final/recommendations,,,,,,
kr|034730|balanced|short|2026-06-24,2026-06-24,kr,034730,SK,balanced,short,707240.0,658183.1049577305,821706.5432056737,710358.0,1.0,,,5,2026-07-01,CLOSED,api/final/recommendations,,,,,,
kr|005930|balanced|short|2026-06-24,2026-06-24,kr,005930,삼성전자,balanced,short,333690.0,310413.51,388001.81,311829.0,1.0,,,5,2026-07-01,CLOSED,api/final/recommendations,,,,,,
kr|145020|balanced|short|2026-06-24,2026-06-24,kr,145020,휴젤,balanced,short,254310.0,239640.18,288538.86,243379.0,1.0,,,5,2026-07-01,CLOSED,api/final/recommendations,,,,,,
kr|207940|balanced|short|2026-06-24,2026-06-24,kr,207940,삼성바이오로직스,balanced,short,1357300.0,1290524.68,1513109.08,1279747.0,1.0,,,5,2026-07-01,LOSS,api/final/recommendations,,,,,,
kr|034730|balanced|mid|2026-06-24,2026-06-24,kr,034730,SK,balanced,mid,702760.0,614633.8960000001,906841.504,717902.0,1.0,,,21,2026-07-23,CLOSED,api/final/recommendations,,,,,,
kr|000660|balanced|mid|2026-06-24,2026-06-24,kr,000660,SK하이닉스,balanced,mid,2547000.0,2227606.2,3286648.8,2600990.0,1.0,,,21,2026-07-23,CLOSED,api/final/recommendations,,,,,,
kr|032830|balanced|mid|2026-06-24,2026-06-24,kr,032830,삼성생명,balanced,mid,422440.0,369466.02400000003,545116.576,432225.0,1.0,,,21,2026-07-23,CLOSED,api/final/recommendations,,,,,,
kr|005930|balanced|mid|2026-06-24,2026-06-24,kr,005930,삼성전자,balanced,mid,300240.0,262589.90400000004,387429.696,315239.0,1.0,,,21,2026-07-23,CLOSED,api/final/recommendations,,,,,,
kr|009150|balanced|mid|2026-06-24,2026-06-24,kr,009150,삼성전기,balanced,mid,1998319.9999999998,1747730.6719999998,2578632.1279999996,2021243.0,1.0,,,21,2026-07-23,CLOSED,api/final/recommendations,,,,,,
kr|145020|balanced|mid|2026-06-24,2026-06-24,kr,145020,휴젤,balanced,mid,236400.0,193848.00000000003,319140.0,245727.0,1.0,,,21,2026-07-23,CLOSED,api/final/recommendations,,,,,,
kr|207940|balanced|mid|2026-06-24,2026-06-24,kr,207940,삼성바이오로직스,balanced,mid,1237160.0,1040244.5567949725,1670166.0,1291713.0,1.0,,,21,2026-07-23,LOSS,api/final/recommendations,,,,,,
kr|003490|balanced|mid|2026-06-24,2026-06-24,kr,003490,대한항공,balanced,mid,25436.0,21172.297865637065,34338.600000000006,26260.0,1.0,,,21,2026-07-23,CLOSED,api/final/recommendations,,,,,,
kr|240810|balanced|mid|2026-06-24,2026-06-24,kr,240810,원익IPS,balanced,mid,149940.0,131136.86470353097,193482.576,151661.0,1.0,,,21,2026-07-23,CLOSED,api/final/recommendations,,,,,,
kr|032830|aggressive|short|2026-06-24,2026-06-24,kr,032830,삼성생명,aggressive,short,426580.8,387843.14088314876,524987.8715904,430185.0,42.1,,,5,2026-07-01,CLOSED,api/final/recommendations,,,,,,
kr|009150|aggressive|short|2026-06-24,2026-06-24,kr,009150,삼성전기,aggressive,short,1984862.4,1769176.137982429,2532775.386948181,2010696.0,40.5,,,5,2026-07-01,CLOSED,api/final/recommendations,,,,,,
kr|000660|aggressive|short|2026-06-24,2026-06-24,kr,000660,SK하이닉스,aggressive,short,2559940.0,2331039.144928476,3141421.704275538,2581061.0,40.2,,,5,2026-07-01,CLOSED,api/final/recommendations,,,,,,
kr|034730|aggressive|short|2026-06-24,2026-06-24,kr,034730,SK,aggressive,short,706383.2,645626.3445301342,860725.8250798298,710640.0,38.3,,,5,2026-07-01,CLOSED,api/final/recommendations,,,,,,
kr|005930|aggressive|short|2026-06-24,2026-06-24,kr,005930,삼성전자,aggressive,short,333690.0,304827.15,407010.95,311705.0,35.8,,,5,2026-07-01,CLOSED,api/final/recommendations,,,,,,
kr|005930|aggressive|swing|2026-06-24,2026-06-24,kr,005930,삼성전자,aggressive,swing,304510.0,256092.91,411088.5,315735.0,1.0,,,10,2026-07-08,CLOSED,api/final/recommendations,,,,,,
kr|000660|aggressive|swing|2026-06-24,2026-06-24,kr,000660,SK하이닉스,aggressive,swing,2550500.0,2131277.6990293544,3443175.0,2598435.0,1.0,,,10,2026-07-08,CLOSED,api/final/recommendations,,,,,,
kr|034730|aggressive|swing|2026-06-24,2026-06-24,kr,034730,SK,aggressive,swing,703740.0,592471.8981889362,950049.0000000001,716139.0,1.0,,,10,2026-07-08,CLOSED,api/final/recommendations,,,,,,
kr|032830|aggressive|swing|2026-06-24,2026-06-24,kr,032830,삼성생명,aggressive,swing,423560.0,352855.0195727059,571806.0,431460.0,1.0,,,10,2026-07-08,CLOSED,api/final/recommendations,,,,,,
kr|009150|aggressive|swing|2026-06-24,2026-06-24,kr,009150,삼성전기,aggressive,swing,1994680.0,1801754.5503999998,2449766.242,2016666.0,1.0,,,10,2026-07-08,LOSS,api/final/recommendations,,,,,,
kr|196170|aggressive|swing|2026-06-24,2026-06-24,kr,196170,알테오젠,aggressive,swing,326070.0,270195.19314594596,440194.5,336496.0,1.0,,,10,2026-07-08,LOSS,api/final/recommendations,,,,,,
kr|207940|aggressive|swing|2026-06-24,2026-06-24,kr,207940,삼성바이오로직스,aggressive,swing,1252840.0,1112345.754752553,1691334.0,1285348.0,1.0,,,10,2026-07-08,LOSS,api/final/recommendations,,,,,,
kr|214450|aggressive|swing|2026-06-24,2026-06-24,kr,214450,파마리서치,aggressive,swing,275590.0,239172.39567,372046.5,282632.0,1.0,,,10,2026-07-08,CLOSED,api/final/recommendations,,,,,,
kr|240810|aggressive|swing|2026-06-24,2026-06-24,kr,240810,원익IPS,aggressive,swing,150010.0,135500.78494870086,184234.91641905397,151271.0,1.0,,,10,2026-07-08,LOSS,api/final/recommendations,,,,,,
kr|000810|aggressive|swing|2026-06-24,2026-06-24,kr,000810,삼성화재,aggressive,swing,647800.0,563467.6310959753,874530.0,650910.0,1.0,,,10,2026-07-08,CLOSED,api/final/recommendations,,,,,,
kr|145020|aggressive|swing|2026-06-24,2026-06-24,kr,145020,휴젤,aggressive,swing,238850.0,207444.5412644628,322447.5,243331.0,1.0,,,10,2026-07-08,CLOSED,api/final/recommendations,,,,,,
kr|000660|aggressive|mid|2026-06-24,2026-06-24,kr,000660,SK하이닉스,aggressive,mid,2541060.0,2083669.2000000002,3430431.0,2606100.0,74.5,,,21,2026-07-23,CLOSED,api/final/recommendations,,,,,,
kr|034730|aggressive|mid|2026-06-24,2026-06-24,kr,034730,SK,aggressive,mid,701096.8,574899.376,946480.6800000002,718254.0,73.7,,,21,2026-07-23,CLOSED,api/final/recommendations,,,,,,
kr|032830|aggressive|mid|2026-06-24,2026-06-24,kr,032830,삼성생명,aggressive,mid,420539.2,344842.14400000003,567727.92,432735.0,72.0,,,21,2026-07-23,CLOSED,api/final/recommendations,,,,,,
kr|005930|aggressive|mid|2026-06-24,2026-06-24,kr,005930,삼성전자,aggressive,mid,292993.2,240254.42400000003,395540.82000000007,315115.0,70.7,,,21,2026-07-23,CLOSED,api/final/recommendations,,,,,,
kr|009150|aggressive|mid|2026-06-24,2026-06-24,kr,009150,삼성전기,aggressive,mid,2004497.5999999999,1643688.0320000001,2706071.76,2022636.0,70.4,,,21,2026-07-23,CLOSED,api/final/recommendations,,,,,,
kr|145020|aggressive|mid|2026-06-24,2026-06-24,kr,145020,휴젤,aggressive,mid,232242.0,190438.44,313526.7,245025.0,68.4,,,21,2026-07-23,CLOSED,api/final/recommendations,,,,,,
kr|207940|aggressive|mid|2026-06-24,2026-06-24,kr,207940,삼성바이오로직스,aggressive,mid,1210548.8,992650.0160000001,1634240.8800000001,1287894.0,67.2,,,21,2026-07-23,LOSS,api/final/recommendations,,,,,,
kr|214450|aggressive|mid|2026-06-24,2026-06-24,kr,214450,파마리서치,aggressive,mid,266338.8,218397.81600000002,359557.38,283192.0,67.1,,,21,2026-07-23,CLOSED,api/final/recommendations,,,,,,
kr|240810|aggressive|mid|2026-06-24,2026-06-24,kr,240810,원익IPS,aggressive,mid,149821.2,122853.38400000002,202258.62000000002,151721.0,64.2,,,21,2026-07-23,CLOSED,api/final/recommendations,,,,,,
kr|000810|aggressive|mid|2026-06-24,2026-06-24,kr,000810,삼성화재,aggressive,mid,651576.0,534292.3200000001,879627.6000000001,652848.0,63.8,,,21,2026-07-23,CLOSED,api/final/recommendations,,,,,,
kr|003490|aggressive|mid|2026-06-24,2026-06-24,kr,003490,대한항공,aggressive,mid,25091.48,20575.013600000002,33873.498,26154.0,64.7,,,21,2026-07-23,CLOSED,api/final/recommendations,,,,,,
kr|196170|aggressive|mid|2026-06-24,2026-06-24,kr,196170,알테오젠,aggressive,mid,390000.0,343500.0,507000.0,335830.0,63.0,,,21,2026-07-23,LOSS,api/final/recommendations,,,,,,
us|TLT|conservative|short|2026-06-24,2026-06-24,us,TLT,20Y Treasury ETF,conservative,short,86.2,84.63328,88.35499999999999,88.54,1.0,,,5,2026-07-01,NOT_EXECUTED,api/final/recommendations,,,,,,
us|ASML|conservative|short|2026-06-24,2026-06-24,us,ASML,ASML,conservative,short,1778.46,1716.5451839999998,1935.2144160000003,1823.81,1.0,,,5,2026-07-01,CLOSED,api/final/recommendations,,,,,,
us|TSM|conservative|short|2026-06-24,2026-06-24,us,TSM,TSMC,conservative,short,436.39,423.959056,468.00714400000004,447.43,1.0,,,5,2026-07-01,CLOSED,api/final/recommendations,,,,,,
us|MA|conservative|short|2026-06-24,2026-06-24,us,MA,Mastercard,conservative,short,488.07000343945316,481.6709313943586,504.47527555506184,500.08,1.0,,,5,2026-07-01,CLOSED,api/final/recommendations,,,,,,
us|ETN|conservative|short|2026-06-24,2026-06-24,us,ETN,Eaton,conservative,short,405.28,394.861312,431.65148800000003,414.48,1.0,,,5,2026-07-01,CLOSED,api/final/recommendations,,,,,,
us|DIS|conservative|short|2026-06-24,2026-06-24,us,DIS,DIS,conservative,short,103.52999942675781,102.28763943363671,106.96168740775666,105.83,1.0,,,5,2026-07-01,NOT_EXECUTED,api/final/recommendations,,,,,,
us|HUT|conservative|short|2026-06-24,2026-06-24,us,HUT,Hut 8,conservative,short,120.51,113.895504,137.212296,123.08,1.0,,,5,2026-07-01,LOSS,api/final/recommendations,,,,,,
us|ABNB|conservative|short|2026-06-24,2026-06-24,us,ABNB,ABNB,conservative,short,138.85000286621093,136.47544281719408,144.76396298828985,141.77,1.0,,,5,2026-07-01,NOT_EXECUTED,api/final/recommendations,,,,,,
us|HD|conservative|short|2026-06-24,2026-06-24,us,HD,HD,conservative,short,324.45000573242186,319.3336856420261,337.4713259624841,331.13,1.0,,,5,2026-07-01,NOT_EXECUTED,api/final/recommendations,,,,,,
us|VRT|conservative|short|2026-06-24,2026-06-24,us,VRT,VRT,conservative,short,318.32,305.433728,351.565472,324.69,1.0,,,5,2026-07-01,CLOSED,api/final/recommendations,,,,,,
us|CEG|conservative|short|2026-06-24,2026-06-24,us,CEG,Constellation Energy,conservative,short,270.26,264.747104,283.91249600000003,275.12,1.0,,,5,2026-07-01,NOT_EXECUTED,api/final/recommendations,,,,,,
us|WMT|conservative|short|2026-06-24,2026-06-24,us,WMT,Walmart,conservative,short,119.42,117.745568,123.440432,121.38,1.0,,,5,2026-07-01,NOT_EXECUTED,api/final/recommendations,,,,,,
us|TLT|conservative|swing|2026-06-24,2026-06-24,us,TLT,20Y Treasury ETF,conservative,swing,86.2,82.456,93.064,88.77,1.0,,,10,2026-07-08,CLOSED,api/final/recommendations,,,,,,
us|ASML|conservative|swing|2026-06-24,2026-06-24,us,ASML,ASML,conservative,swing,1778.46,1664.3688,2148.6012,1829.15,1.0,,,10,2026-07-08,CLOSED,api/final/recommendations,,,,,,
us|TSM|conservative|swing|2026-06-24,2026-06-24,us,TSM,TSMC,conservative,swing,436.39,413.7892,510.9658,448.74,1.0,,,10,2026-07-08,CLOSED,api/final/recommendations,,,,,,
us|MA|conservative|swing|2026-06-24,2026-06-24,us,MA,Mastercard,conservative,swing,488.0700016113281,476.49960157312927,526.2354017373285,501.54,1.0,,,10,2026-07-08,NOT_EXECUTED,api/final/recommendations,,,,,,
us|ETN|conservative|swing|2026-06-24,2026-06-24,us,ETN,Eaton,conservative,swing,405.28,386.3584,467.46160000000003,415.7,1.0,,,10,2026-07-08,CLOSED,api/final/recommendations,,,,,,
us|DIS|conservative|swing|2026-06-24,2026-06-24,us,DIS,DIS,conservative,swing,103.52999973144532,100.98839973803818,110.91659971228462,106.05,1.0,,,10,2026-07-08,NOT_EXECUTED,api/final/recommendations,,,,,,
us|HUT|conservative|swing|2026-06-24,2026-06-24,us,HUT,Hut 8,conservative,swing,120.51,108.6228,159.8922,123.43,1.0,,,10,2026-07-08,CLOSED,api/final/recommendations,,,,,,
us|ABNB|conservative|swing|2026-06-24,2026-06-24,us,ABNB,ABNB,conservative,swing,138.85000134277342,134.63800130204055,153.0070014796812,142.18,1.0,,,10,2026-07-08,NOT_EXECUTED,api/final/recommendations,,,,,,
us|HD|conservative|swing|2026-06-24,2026-06-24,us,HD,HD,conservative,swing,324.45000268554685,314.7660026053902,355.29900294089106,332.11,1.0,,,10,2026-07-08,CLOSED,api/final/recommendations,,,,,,
us|VRT|conservative|swing|2026-06-24,2026-06-24,us,VRT,VRT,conservative,swing,318.32,294.3296,396.0704,325.32,1.0,,,10,2026-07-08,CLOSED,api/final/recommendations,,,,,,
us|CEG|conservative|swing|2026-06-24,2026-06-24,us,CEG,Constellation Energy,conservative,swing,270.26,259.9928,302.81719999999996,275.53,1.0,,,10,2026-07-08,NOT_EXECUTED,api/final/recommendations,,,,,,
us|WMT|conservative|swing|2026-06-24,2026-06-24,us,WMT,Walmart,conservative,swing,119.42,116.2376,129.23239999999998,121.74,1.0,,,10,2026-07-08,NOT_EXECUTED,api/final/recommendations,,,,,,
us|TLT|conservative|mid|2026-06-24,2026-06-24,us,TLT,20Y Treasury ETF,conservative,mid,86.2,79.35712000000001,101.43808,89.37,1.0,,,21,2026-07-23,CLOSED,api/final/recommendations,,,,,,
us|ASML|conservative|mid|2026-06-24,2026-06-24,us,ASML,ASML,conservative,mid,1778.46,1578.4388159999999,2375.154384,1841.6,1.0,,,21,2026-07-23,CLOSED,api/final/recommendations,,,,,,
us|TSM|conservative|mid|2026-06-24,2026-06-24,us,TSM,TSMC,conservative,mid,436.39,396.102544,556.451656,451.79,1.0,,,21,2026-07-23,CLOSED,api/final/recommendations,,,,,,
us|MA|conservative|mid|2026-06-24,2026-06-24,us,MA,Mastercard,conservative,mid,488.0699997832031,467.0946717925202,549.7739277557947,504.96,1.0,,,21,2026-07-23,NOT_EXECUTED,api/final/recommendations,,,,,,
us|ETN|conservative|mid|2026-06-24,2026-06-24,us,ETN,Eaton,conservative,mid,405.28,371.749888,505.892512,418.53,1.0,,,21,2026-07-23,CLOSED,api/final/recommendations,,,,,,
us|DIS|conservative|mid|2026-06-24,2026-06-24,us,DIS,DIS,conservative,mid,103.53000003613282,99.22468803463023,115.33951204025445,106.77,1.0,,,21,2026-07-23,NOT_EXECUTED,api/final/recommendations,,,,,,
us|ABNB|conservative|mid|2026-06-24,2026-06-24,us,ABNB,ABNB,conservative,mid,138.84999981933592,131.38935982904331,161.65563978966247,143.15,1.0,,,21,2026-07-23,CLOSED,api/final/recommendations,,,,,,
us|HD|conservative|mid|2026-06-24,2026-06-24,us,HD,HD,conservative,mid,324.44999963867184,307.86551965714136,374.437079583003,334.38,1.0,,,21,2026-07-23,CLOSED,api/final/recommendations,,,,,,
us|V|conservative|mid|2026-06-24,2026-06-24,us,V,Visa,conservative,mid,328.47999967480473,315.66860768748796,368.1401916355411,338.47,1.0,,,21,2026-07-23,NOT_EXECUTED,api/final/recommendations,,,,,,
us|WMT|conservative|mid|2026-06-24,2026-06-24,us,WMT,Walmart,conservative,mid,119.42,114.268832,135.461168,122.57,1.0,,,21,2026-07-23,NOT_EXECUTED,api/final/recommendations,,,,,,
us|VRT|conservative|mid|2026-06-24,2026-06-24,us,VRT,VRT,conservative,mid,318.32,276.198272,429.732,326.28,1.0,,,21,2026-07-23,CLOSED,api/final/recommendations,,,,,,
us|PG|conservative|mid|2026-06-24,2026-06-24,us,PG,PG,conservative,mid,150.8599999819336,145.29065598260055,168.50734397982023,154.45,1.0,,,21,2026-07-23,CLOSED,api/final/recommendations,,,,,,
us|HUT|balanced|short|2026-06-24,2026-06-24,us,HUT,Hut 8,balanced,short,120.51,111.3232,141.9232,122.0,1.0,,,5,2026-07-01,LOSS,api/final/recommendations,,,,,,
us|RIOT|balanced|short|2026-06-24,2026-06-24,us,RIOT,Riot Platforms,balanced,short,28.69,26.8608,32.9808,29.01,1.0,,,5,2026-07-01,CLOSED,api/final/recommendations,,,,,,
us|CAT|balanced|short|2026-06-24,2026-06-24,us,CAT,Caterpillar,balanced,short,984.24,952.7968000000001,1057.5167999999999,995.36,1.0,,,5,2026-07-01,NOT_EXECUTED,api/final/recommendations,,,,,,
us|SE|balanced|short|2026-06-24,2026-06-24,us,SE,Sea Limited,balanced,short,91.79,87.8528,100.0928,92.78,1.0,,,5,2026-07-01,CLOSED,api/final/recommendations,,,,,,
us|MU|balanced|short|2026-06-24,2026-06-24,us,MU,Micron,balanced,short,1051.77,970.3263999999999,1242.3264,1062.6,1.0,,,5,2026-07-01,CLOSED,api/final/recommendations,,,,,,
us|TSM|balanced|short|2026-06-24,2026-06-24,us,TSM,TSMC,balanced,short,436.39,419.1248,476.92479999999995,440.8,1.0,,,5,2026-07-01,CLOSED,api/final/recommendations,,,,,,
us|GE|balanced|short|2026-06-24,2026-06-24,us,GE,GE Aerospace,balanced,short,356.47,347.3104,377.23040000000003,359.75,1.0,,,5,2026-07-01,NOT_EXECUTED,api/final/recommendations,,,,,,
us|MARA|balanced|short|2026-06-24,2026-06-24,us,MARA,MARA Holdings,balanced,short,14.7,13.544,16.944,14.83,1.0,,,5,2026-07-01,LOSS,api/final/recommendations,,,,,,
us|TLT|balanced|short|2026-06-24,2026-06-24,us,TLT,20Y Treasury ETF,balanced,short,86.2,84.024,89.464,86.98,1.0,,,5,2026-07-01,NOT_EXECUTED,api/final/recommendations,,,,,,
us|DIS|balanced|short|2026-06-24,2026-06-24,us,DIS,DIS,balanced,short,103.52999960937501,101.80959961586619,107.92959959277506,104.46,1.0,,,5,2026-07-01,NOT_EXECUTED,api/final/recommendations,,,,,,
us|ABNB|balanced|short|2026-06-24,2026-06-24,us,ABNB,ABNB,balanced,short,138.850001953125,135.5520019067339,146.43200205977675,139.99,1.0,,,5,2026-07-01,CLOSED,api/final/recommendations,,,,,,
us|HIMS|balanced|mid|2026-06-24,2026-06-24,us,HIMS,Hims & Hers,balanced,mid,32.96,29.052799999999998,42.2528,33.89,1.0,,,21,2026-07-23,CLOSED,api/final/recommendations,,,,,,
us|CRDO|balanced|mid|2026-06-24,2026-06-24,us,CRDO,Credo Technology,balanced,mid,271.9984,237.67860188235292,351.1979341176471,279.02,1.0,,,21,2026-07-23,CLOSED,api/final/recommendations,,,,,,
us|HOOD|balanced|mid|2026-06-24,2026-06-24,us,HOOD,Robinhood,balanced,mid,103.25,84.665,139.38750000000002,105.78,1.0,,,21,2026-07-23,CLOSED,api/final/recommendations,,,,,,
us|SIMO|balanced|mid|2026-06-24,2026-06-24,us,SIMO,Silicon Motion,balanced,mid,319.0,279.4,411.40000000000003,326.62,1.0,,,21,2026-07-23,CLOSED,api/final/recommendations,,,,,,
us|ALAB|balanced|mid|2026-06-24,2026-06-24,us,ALAB,Astera Labs,balanced,mid,397.02,346.8336,511.8336,406.51,1.0,,,21,2026-07-23,CLOSED,api/final/recommendations,,,,,,
us|RIOT|balanced|mid|2026-06-24,2026-06-24,us,RIOT,Riot Platforms,balanced,mid,28.69,23.8192,38.731500000000004,29.38,1.0,,,21,2026-07-23,CLOSED,api/final/recommendations,,,,,,
us|CAT|balanced|mid|2026-06-24,2026-06-24,us,CAT,Caterpillar,balanced,mid,984.24,882.2832000000001,1263.7631999999999,1007.47,1.0,,,21,2026-07-23,CLOSED,api/final/recommendations,,,,,,
us|GE|balanced|mid|2026-06-24,2026-06-24,us,GE,GE Aerospace,balanced,mid,356.47,328.1296,436.3696,364.35,1.0,,,21,2026-07-23,CLOSED,api/final/recommendations,,,,,,
us|NBIS|balanced|mid|2026-06-24,2026-06-24,us,NBIS,네비우스 그룹,balanced,mid,275.25,240.6,355.44,280.75,1.0,,,21,2026-07-23,CLOSED,api/final/recommendations,,,,,,
us|ABBV|balanced|mid|2026-06-24,2026-06-24,us,ABBV,ABBV,balanced,mid,234.7600017578125,217.91680163169568,279.9568020962326,239.38,1.0,,,21,2026-07-23,CLOSED,api/final/recommendations,,,,,,
us|TLT|balanced|mid|2026-06-24,2026-06-24,us,TLT,20Y Treasury ETF,balanced,mid,86.2,75.376,111.01599999999999,87.82,1.0,,,21,2026-07-23,NOT_EXECUTED,api/final/recommendations,,,,,,
us|HUT|balanced|mid|2026-06-24,2026-06-24,us,HUT,Hut 8,balanced,mid,120.51,105.3168,155.4768,122.7,1.0,,,21,2026-07-23,CLOSED,api/final/recommendations,,,,,,
us|HPE|aggressive|short|2026-06-24,2026-06-24,us,HPE,HPE,aggressive,short,49.0,45.0,72.0,49.55,50.6,,,5,2026-07-01,NOT_EXECUTED,api/final/recommendations,,,,,,
us|GE|aggressive|short|2026-06-24,2026-06-24,us,GE,GE Aerospace,aggressive,short,356.47,345.112096,384.49654000000004,360.64,49.5,,,5,2026-07-01,CLOSED,api/final/recommendations,,,,,,
us|CAT|aggressive|short|2026-06-24,2026-06-24,us,CAT,Caterpillar,aggressive,short,984.24,945.250432,1083.1636799999999,995.66,49.2,,,5,2026-07-01,NOT_EXECUTED,api/final/recommendations,,,,,,
us|SE|aggressive|short|2026-06-24,2026-06-24,us,SE,Sea Limited,aggressive,short,91.79,86.907872,102.99878,92.79,50.7,,,5,2026-07-01,CLOSED,api/final/recommendations,,,,,,
us|ALAB|aggressive|short|2026-06-24,2026-06-24,us,ALAB,Astera Labs,aggressive,short,397.02,358.215936,495.22764,401.31,48.8,,,5,2026-07-01,CLOSED,api/final/recommendations,,,,,,
us|MARA|aggressive|short|2026-06-24,2026-06-24,us,MARA,MARA Holdings,aggressive,short,14.7,13.266559999999998,17.7294,14.82,47.9,,,5,2026-07-01,CLOSED,api/final/recommendations,,,,,,
us|CRDO|aggressive|swing|2026-06-24,2026-06-24,us,CRDO,Credo Technology,aggressive,swing,271.9991,245.9591861617647,334.0988945220588,277.58,1.0,,,10,2026-07-08,CLOSED,api/final/recommendations,,,,,,
us|NBIS|aggressive|swing|2026-06-24,2026-06-24,us,NBIS,네비우스 그룹,aggressive,swing,275.25,248.9,338.36249999999995,280.84,1.0,,,10,2026-07-08,CLOSED,api/final/recommendations,,,,,,
us|HOOD|aggressive|swing|2026-06-24,2026-06-24,us,HOOD,Robinhood,aggressive,swing,103.25,89.3,139.38750000000002,105.29,1.0,,,10,2026-07-08,CLOSED,api/final/recommendations,,,,,,
us|RIOT|aggressive|swing|2026-06-24,2026-06-24,us,RIOT,Riot Platforms,aggressive,swing,28.69,25.3544,38.731500000000004,29.26,1.0,,,10,2026-07-08,CLOSED,api/final/recommendations,,,,,,
us|DELL|aggressive|swing|2026-06-24,2026-06-24,us,DELL,DELL,aggressive,swing,427.78,369.7728,577.503,435.78,1.0,,,10,2026-07-08,CLOSED,api/final/recommendations,,,,,,
us|WDC|aggressive|swing|2026-06-24,2026-06-24,us,WDC,Western Digital,aggressive,swing,670.75,564.4200000000001,905.5125,682.96,1.0,,,10,2026-07-08,NOT_EXECUTED,api/final/recommendations,,,,,,
us|ALAB|aggressive|swing|2026-06-24,2026-06-24,us,ALAB,Astera Labs,aggressive,swing,397.02,326.3152,535.977,404.09,1.0,,,10,2026-07-08,CLOSED,api/final/recommendations,,,,,,
us|GE|aggressive|swing|2026-06-24,2026-06-24,us,GE,GE Aerospace,aggressive,swing,356.47,336.0472,423.3355,362.74,1.0,,,10,2026-07-08,CLOSED,api/final/recommendations,,,,,,
us|CAT|aggressive|swing|2026-06-24,2026-06-24,us,CAT,Caterpillar,aggressive,swing,984.24,912.0224,1218.816,1000.87,1.0,,,10,2026-07-08,CLOSED,api/final/recommendations,,,,,,
us|HUT|aggressive|swing|2026-06-24,2026-06-24,us,HUT,Hut 8,aggressive,swing,120.51,100.0376,162.6885,122.41,1.0,,,10,2026-07-08,CLOSED,api/final/recommendations,,,,,,
us|ABBV|aggressive|swing|2026-06-24,2026-06-24,us,ABBV,ABBV,aggressive,swing,234.76000098876952,222.65760093779625,272.88400114934143,238.45,1.0,,,10,2026-07-08,CLOSED,api/final/recommendations,,,,,,
us|JPM|aggressive|swing|2026-06-24,2026-06-24,us,JPM,JPMorgan,aggressive,swing,334.1399973632812,319.0863974820701,382.55099698126713,338.88,1.0,,,10,2026-07-08,CLOSED,api/final/recommendations,,,,,,
us|HIMS|aggressive|mid|2026-06-24,2026-06-24,us,HIMS,Hims & Hers,aggressive,mid,32.96,27.027200000000004,44.496,33.98,80.0,,,21,2026-07-23,CLOSED,api/final/recommendations,,,,,,
us|CRDO|aggressive|mid|2026-06-24,2026-06-24,us,CRDO,Credo Technology,aggressive,mid,271.997212,223.03771384,367.1962362,279.49,80.0,,,21,2026-07-23,CLOSED,api/final/recommendations,,,,,,
us|HOOD|aggressive|mid|2026-06-24,2026-06-24,us,HOOD,Robinhood,aggressive,mid,103.25,84.665,139.38750000000002,106.02,80.0,,,21,2026-07-23,CLOSED,api/final/recommendations,,,,,,
us|RIOT|aggressive|mid|2026-06-24,2026-06-24,us,RIOT,Riot Platforms,aggressive,mid,28.69,23.525800000000004,38.731500000000004,29.46,80.0,,,21,2026-07-23,CLOSED,api/final/recommendations,,,,,,
us|ALAB|aggressive|mid|2026-06-24,2026-06-24,us,ALAB,Astera Labs,aggressive,mid,397.02,325.5564,535.977,406.87,79.9,,,21,2026-07-23,CLOSED,api/final/recommendations,,,,,,
us|STX|aggressive|mid|2026-06-24,2026-06-24,us,STX,Seagate,aggressive,mid,1037.85,851.037,1401.0975,1063.48,78.2,,,21,2026-07-23,NOT_EXECUTED,api/final/recommendations,,,,,,
us|GE|aggressive|mid|2026-06-24,2026-06-24,us,GE,GE Aerospace,aggressive,mid,356.47,321.32790399999993,464.33446000000004,365.24,79.3,,,21,2026-07-23,CLOSED,api/final/recommendations,,,,,,
us|CAT|aggressive|mid|2026-06-24,2026-06-24,us,CAT,Caterpillar,aggressive,mid,984.24,857.8135679999999,1328.7240000000002,1007.76,78.4,,,21,2026-07-23,CLOSED,api/final/recommendations,,,,,,
us|AMAT|aggressive|mid|2026-06-24,2026-06-24,us,AMAT,Applied Materials,aggressive,mid,585.88,480.4216,790.9380000000001,599.82,77.8,,,21,2026-07-23,CLOSED,api/final/recommendations,,,,,,
us|NBIS|aggressive|mid|2026-06-24,2026-06-24,us,NBIS,네비우스 그룹,aggressive,mid,275.25,225.705,371.58750000000003,281.66,76.2,,,21,2026-07-23,CLOSED,api/final/recommendations,,,,,,
us|ABBV|aggressive|mid|2026-06-24,2026-06-24,us,ABBV,ABBV,aggressive,mid,234.76000306298826,213.87443479048764,295.77568385907927,240.09,76.8,,,21,2026-07-23,CLOSED,api/final/recommendations,,,,,,
us|JPM|aggressive|mid|2026-06-24,2026-06-24,us,JPM,JPMorgan,aggressive,mid,334.1399918320312,307.7220404778115,412.29850992146584,341.22,75.3,,,21,2026-07-23,CLOSED,api/final/recommendations,,,,,,
us|CRDO|balanced|swing|2026-06-25,2026-06-25,us,CRDO,Credo Technology,balanced,swing,273.37,254.0,307.0,277.12,55.5,,,10,2026-07-09,CLOSED,api/final/recommendations,,,,,,
us|HOOD|balanced|swing|2026-06-25,2026-06-25,us,HOOD,Robinhood,balanced,swing,103.76999999999998,91.99999999999999,136.0,105.06,55.0,,,10,2026-07-09,CLOSED,api/final/recommendations,,,,,,
us|ALAB|balanced|swing|2026-06-25,2026-06-25,us,ALAB,Astera Labs,balanced,swing,399.01,340.0,538.6635,403.73,54.7,,,10,2026-07-09,CLOSED,api/final/recommendations,,,,,,
us|RIOT|balanced|swing|2026-06-25,2026-06-25,us,RIOT,Riot Platforms,balanced,swing,28.83,26.0,38.0,29.17,54.1,,,10,2026-07-09,CLOSED,api/final/recommendations,,,,,,
us|CAT|balanced|swing|2026-06-25,2026-06-25,us,CAT,Caterpillar,balanced,swing,989.16,926.0,1158.0,1000.58,54.6,,,10,2026-07-09,CLOSED,api/final/recommendations,,,,,,
us|HUT|balanced|swing|2026-06-25,2026-06-25,us,HUT,Hut 8,balanced,swing,121.10999999999999,103.99999999999999,163.49849999999998,122.34,52.1,,,10,2026-07-09,CLOSED,api/final/recommendations,,,,,,
us|GE|balanced|swing|2026-06-25,2026-06-25,us,GE,GE Aerospace,balanced,swing,358.24999999999994,339.99999999999994,405.99999999999994,361.85,53.2,,,10,2026-07-09,CLOSED,api/final/recommendations,,,,,,
us|ABBV|balanced|swing|2026-06-25,2026-06-25,us,ABBV,ABBV,balanced,swing,235.93,225.0,263.0,237.74,50.1,,,10,2026-07-09,CLOSED,api/final/recommendations,,,,,,
us|TLT|balanced|swing|2026-06-25,2026-06-25,us,TLT,20Y Treasury ETF,balanced,swing,86.63,81.0,97.0,87.22,53.7,,,10,2026-07-09,NOT_EXECUTED,api/final/recommendations,,,,,,
us|ABNB|balanced|swing|2026-06-25,2026-06-25,us,ABNB,ABNB,balanced,swing,139.54,133.0,157.0,140.41,50.4,,,10,2026-07-09,CLOSED,api/final/recommendations,,,,,,
us|DELL|balanced|swing|2026-06-25,2026-06-25,us,DELL,DELL,balanced,swing,430.38,382.0,566.0,436.72,56.3,,,10,2026-07-09,CLOSED,api/final/recommendations,,,,,,
us|HIMS|balanced|swing|2026-06-25,2026-06-25,us,HIMS,Hims & Hers,balanced,swing,32.02,28.0,43.0,32.4,53.5,,,10,2026-07-09,CLOSED,api/final/recommendations,,,,,,
us|UNH|balanced|swing|2026-06-25,2026-06-25,us,UNH,UNH,balanced,swing,402.6,385.0,446.00000000000006,406.29,51.6,,,10,2026-07-09,CLOSED,api/final/recommendations,,,,,,
us|NBIS|balanced|swing|2026-06-25,2026-06-25,us,NBIS,네비우스 그룹,balanced,swing,257.25,239.0,289.0,259.43,49.9,,,10,2026-07-09,LOSS,api/final/recommendations,,,,,,
us|SE|balanced|swing|2026-06-25,2026-06-25,us,SE,Sea Limited,balanced,swing,91.34000000000002,85.00000000000001,110.00000000000001,92.0,50.1,,,10,2026-07-09,NOT_EXECUTED,api/final/recommendations,,,,,,
us|DASH|balanced|swing|2026-06-25,2026-06-25,us,DASH,DASH,balanced,swing,177.04,164.0,214.0,177.94,47.3,,,10,2026-07-09,CLOSED,api/final/recommendations,,,,,,
kr|000660|balanced|swing|2026-06-25,2026-06-25,kr,000660,SK하이닉스,balanced,swing,2580000.0,2241321.0,3483000.0,2618958.0,52.0,,,10,2026-07-09,CLOSED,api/final/recommendations,,,,,,
kr|009150|balanced|swing|2026-06-25,2026-06-25,kr,009150,삼성전기,balanced,swing,1964000.0,1836340.0,2219320.0,1992674.0,51.2,,,10,2026-07-09,LOSS,api/final/recommendations,,,,,,
kr|034730|balanced|swing|2026-06-25,2026-06-25,kr,034730,SK,balanced,swing,712000.0,622107.0,961200.0000000001,721541.0,51.0,,,10,2026-07-09,CLOSED,api/final/recommendations,,,,,,
kr|005930|balanced|swing|2026-06-25,2026-06-25,kr,005930,삼성전자,balanced,swing,340500.0,300750.0,459675.00000000006,344961.0,50.0,,,10,2026-07-09,CLOSED,api/final/recommendations,,,,,,
kr|032830|balanced|swing|2026-06-25,2026-06-25,kr,032830,삼성생명,balanced,swing,433000.0,375786.0,584550.0,438283.0,48.4,,,10,2026-07-09,CLOSED,api/final/recommendations,,,,,,
kr|240810|balanced|swing|2026-06-25,2026-06-25,kr,240810,원익IPS,balanced,swing,150600.0,140811.0,170177.99999999997,151699.0,43.2,,,10,2026-07-09,LOSS,api/final/recommendations,,,,,,
kr|145020|balanced|swing|2026-06-25,2026-06-25,kr,145020,휴젤,balanced,swing,259500.0,233839.0,336481.99999999994,261109.0,44.1,,,10,2026-07-09,CLOSED,api/final/recommendations,,,,,,
kr|003490|balanced|swing|2026-06-25,2026-06-25,kr,003490,대한항공,balanced,swing,27350.0,24883.0,34751.0,27492.0,42.1,,,10,2026-07-09,CLOSED,api/final/recommendations,,,,,,
kr|381180|balanced|swing|2026-06-25,2026-06-25,kr,381180,381180,balanced,swing,55425.0,51757.0,66429.0,56423.0,56.3,,,10,2026-07-09,NOT_EXECUTED,api/final/recommendations,,,,,,
kr|222800|balanced|swing|2026-06-25,2026-06-25,kr,222800,심텍,balanced,swing,117700.0,110050.0,133001.0,119477.0,51.8,,,10,2026-07-09,LOSS,api/final/recommendations,,,,,,
kr|133690|balanced|swing|2026-06-25,2026-06-25,kr,133690,133690,balanced,swing,201690.0,196082.0,218515.0,204231.0,50.3,,,10,2026-07-09,CLOSED,api/final/recommendations,,,,,,
kr|360750|balanced|swing|2026-06-25,2026-06-25,kr,360750,360750,balanced,swing,28245.0,27756.0,29712.000000000004,28578.0,49.8,,,10,2026-07-09,CLOSED,api/final/recommendations,,,,,,
kr|214450|balanced|swing|2026-06-25,2026-06-25,kr,214450,파마리서치,balanced,swing,304500.0,274125.0,395625.0,307271.0,46.3,,,10,2026-07-09,CLOSED,api/final/recommendations,,,,,,
kr|360750|conservative|short|2026-06-25,2026-06-25,kr,360750,360750,conservative,short,28245.0,27786.7344,28964.222400000002,28985.0,1.0,,,5,2026-07-02,CLOSED,api/final/recommendations,,,,,,
kr|133690|conservative|short|2026-06-25,2026-06-25,kr,133690,133690,conservative,short,201690.0,199269.72,207242.7576,206954.0,1.0,,,5,2026-07-02,LOSS,api/final/recommendations,,,,,,
kr|009150|conservative|short|2026-06-25,2026-06-25,kr,009150,삼성전기,conservative,short,1964000.0,1842719.2256,2270571.2,2002887.0,1.0,,,5,2026-07-02,CLOSED,api/final/recommendations,,,,,,
kr|005930|conservative|short|2026-06-25,2026-06-25,kr,005930,삼성전자,conservative,short,340500.0,325161.32159999997,379272.24000000005,346731.0,1.0,,,5,2026-07-02,CLOSED,api/final/recommendations,,,,,,
kr|214450|conservative|short|2026-06-25,2026-06-25,kr,214450,파마리서치,conservative,short,304500.0,292602.72,334573.68,309676.0,1.0,,,5,2026-07-02,NOT_EXECUTED,api/final/recommendations,,,,,,
kr|207940|conservative|short|2026-06-25,2026-06-25,kr,207940,삼성바이오로직스,conservative,short,1385000.0,1340411.6384,1497710.0000000002,1403282.0,1.0,,,5,2026-07-02,LOSS,api/final/recommendations,,,,,,
kr|145020|conservative|short|2026-06-25,2026-06-25,kr,145020,휴젤,conservative,short,259500.0,249323.1744,285224.4,262380.0,1.0,,,5,2026-07-02,CLOSED,api/final/recommendations,,,,,,
kr|067310|conservative|short|2026-06-25,2026-06-25,kr,067310,하나마이크론,conservative,short,48250.0,44928.5536,56646.232,48670.0,1.0,,,5,2026-07-02,CLOSED,api/final/recommendations,,,,,,
kr|360750|conservative|swing|2026-06-25,2026-06-25,kr,360750,360750,conservative,swing,28245.0,27892.92,29389.26,29070.0,1.0,,,10,2026-07-09,CLOSED,api/final/recommendations,,,,,,
kr|133690|conservative|swing|2026-06-25,2026-06-25,kr,133690,133690,conservative,swing,201690.0,197652.24000000002,214813.5,207559.0,1.0,,,10,2026-07-09,LOSS,api/final/recommendations,,,,,,
kr|009150|conservative|swing|2026-06-25,2026-06-25,kr,009150,삼성전기,conservative,swing,1964000.0,1885872.0799999998,2123319.68,2008779.0,1.0,,,10,2026-07-09,LOSS,api/final/recommendations,,,,,,
kr|005930|conservative|swing|2026-06-25,2026-06-25,kr,005930,삼성전자,conservative,swing,340500.0,312304.07999999996,432135.96,347753.0,1.0,,,10,2026-07-09,CLOSED,api/final/recommendations,,,,,,
kr|032830|conservative|swing|2026-06-25,2026-06-25,kr,032830,삼성생명,conservative,swing,433000.0,392654.07999999996,564123.46,441314.0,1.0,,,10,2026-07-09,CLOSED,api/final/recommendations,,,,,,
kr|298040|conservative|swing|2026-06-25,2026-06-25,kr,298040,효성중공업,conservative,swing,3353000.0,3021054.08,4431823.46,3415030.0,1.0,,,10,2026-07-09,CLOSED,api/final/recommendations,,,,,,
kr|145020|conservative|swing|2026-06-25,2026-06-25,kr,145020,휴젤,conservative,swing,259500.0,240792.96,320297.87999999995,264171.0,1.0,,,10,2026-07-09,CLOSED,api/final/recommendations,,,,,,
kr|214450|conservative|swing|2026-06-25,2026-06-25,kr,214450,파마리서치,conservative,swing,304500.0,282630.0,375577.5,309920.0,1.0,,,10,2026-07-09,CLOSED,api/final/recommendations,,,,,,
kr|207940|conservative|swing|2026-06-25,2026-06-25,kr,207940,삼성바이오로직스,conservative,swing,1385000.0,1303035.92,1651384.04,1407437.0,1.0,,,10,2026-07-09,LOSS,api/final/recommendations,,,,,,
kr|067310|conservative|swing|2026-06-25,2026-06-25,kr,067310,하나마이크론,conservative,swing,48250.0,46330.48,52164.04,48815.0,1.0,,,10,2026-07-09,LOSS,api/final/recommendations,,,,,,
kr|360750|conservative|mid|2026-06-25,2026-06-25,kr,360750,360750,conservative,mid,28245.0,27625.3392,30091.0728,29267.0,1.0,,,21,2026-07-24,CLOSED,api/final/recommendations,,,,,,
kr|133690|conservative|mid|2026-06-25,2026-06-25,kr,133690,133690,conservative,mid,201690.0,194582.9088,222862.69439999998,208971.0,1.0,,,21,2026-07-24,NOT_EXECUTED,api/final/recommendations,,,,,,
kr|009150|conservative|mid|2026-06-25,2026-06-25,kr,009150,삼성전기,conservative,mid,1964000.0,1813273.2128,2319895.6544000003,2014671.0,1.0,,,21,2026-07-24,LOSS,api/final/recommendations,,,,,,
kr|003490|conservative|mid|2026-06-25,2026-06-25,kr,003490,대한항공,conservative,mid,27350.0,24067.3184,36922.5,28034.0,1.0,,,21,2026-07-24,CLOSED,api/final/recommendations,,,,,,
kr|145020|conservative|mid|2026-06-25,2026-06-25,kr,145020,휴젤,conservative,mid,259500.0,226575.2928,350325.0,265988.0,1.0,,,21,2026-07-24,CLOSED,api/final/recommendations,,,,,,
kr|214450|conservative|mid|2026-06-25,2026-06-25,kr,214450,파마리서치,conservative,mid,304500.0,266008.8,411075.0,312052.0,1.0,,,21,2026-07-24,CLOSED,api/final/recommendations,,,,,,
kr|005930|conservative|mid|2026-06-25,2026-06-25,kr,005930,삼성전자,conservative,mid,340500.0,314368.752,402201.86880000005,348774.0,1.0,,,21,2026-07-24,CLOSED,api/final/recommendations,,,,,,
kr|207940|conservative|mid|2026-06-25,2026-06-25,kr,207940,삼성바이오로직스,conservative,mid,1385000.0,1240742.5855999999,1814766.3656000001,1417132.0,1.0,,,21,2026-07-24,CLOSED,api/final/recommendations,,,,,,
kr|032830|conservative|mid|2026-06-25,2026-06-25,kr,032830,삼성생명,conservative,mid,433000.0,399769.264,511463.75680000003,442613.0,1.0,,,21,2026-07-24,CLOSED,api/final/recommendations,,,,,,
kr|298040|conservative|mid|2026-06-25,2026-06-25,kr,298040,효성중공업,conservative,mid,3353000.0,3095674.448,3960595.7888,3408324.0,1.0,,,21,2026-07-24,LOSS,api/final/recommendations,,,,,,
kr|067310|conservative|mid|2026-06-25,2026-06-25,kr,067310,하나마이크론,conservative,mid,48250.0,44547.2416,56993.36320000001,48959.0,1.0,,,21,2026-07-24,LOSS,api/final/recommendations,,,,,,
kr|381180|balanced|short|2026-06-25,2026-06-25,kr,381180,381180,balanced,short,55425.0,53429.88,60080.96000000001,56334.0,1.0,,,5,2026-07-02,NOT_EXECUTED,api/final/recommendations,,,,,,
kr|034730|balanced|short|2026-06-25,2026-06-25,kr,034730,SK,balanced,short,712000.0,659950.76,833448.0000000001,722253.0,1.0,,,5,2026-07-02,CLOSED,api/final/recommendations,,,,,,
kr|005930|balanced|short|2026-06-25,2026-06-25,kr,005930,삼성전자,balanced,short,340500.0,319196.28,390208.0,344858.0,1.0,,,5,2026-07-02,CLOSED,api/final/recommendations,,,,,,
kr|222800|balanced|short|2026-06-25,2026-06-25,kr,222800,심텍,balanced,short,117700.0,114578.79999999999,122502.15999999999,119207.0,1.0,,,5,2026-07-02,WIN,api/final/recommendations,,,,,,
kr|032830|balanced|short|2026-06-25,2026-06-25,kr,032830,삼성생명,balanced,short,433000.0,402516.27999999997,504128.0,438153.0,1.0,,,5,2026-07-02,CLOSED,api/final/recommendations,,,,,,
kr|133690|balanced|short|2026-06-25,2026-06-25,kr,133690,133690,balanced,short,201690.0,198638.84,208808.92,203626.0,1.0,,,5,2026-07-02,LOSS,api/final/recommendations,,,,,,
kr|360750|balanced|short|2026-06-25,2026-06-25,kr,360750,360750,balanced,short,28245.0,27495.64,29397.600000000002,28494.0,1.0,,,5,2026-07-02,CLOSED,api/final/recommendations,,,,,,
kr|009150|balanced|short|2026-06-25,2026-06-25,kr,009150,삼성전기,balanced,short,1964000.0,1795554.48,2357040.0,1981087.0,1.0,,,5,2026-07-02,CLOSED,api/final/recommendations,,,,,,
kr|214450|balanced|short|2026-06-25,2026-06-25,kr,214450,파마리서치,balanced,short,304500.0,287976.0,343056.0,307027.0,1.0,,,5,2026-07-02,NOT_EXECUTED,api/final/recommendations,,,,,,
kr|067310|balanced|short|2026-06-25,2026-06-25,kr,067310,하나마이크론,balanced,short,48250.0,43636.88,59014.4,48646.0,1.0,,,5,2026-07-02,CLOSED,api/final/recommendations,,,,,,
kr|381180|balanced|mid|2026-06-25,2026-06-25,kr,381180,381180,balanced,mid,55425.0,48968.88,73177.68,56811.0,1.0,,,21,2026-07-24,NOT_EXECUTED,api/final/recommendations,,,,,,
kr|003490|balanced|mid|2026-06-25,2026-06-25,kr,003490,대한항공,balanced,mid,27350.0,22790.719999999998,36922.5,27916.0,1.0,,,21,2026-07-24,CLOSED,api/final/recommendations,,,,,,
kr|034730|balanced|mid|2026-06-25,2026-06-25,kr,034730,SK,balanced,mid,712000.0,622715.2000000001,918764.8,726525.0,1.0,,,21,2026-07-24,CLOSED,api/final/recommendations,,,,,,
kr|133690|balanced|mid|2026-06-25,2026-06-25,kr,133690,133690,balanced,mid,201690.0,191819.04,228834.48,205643.0,1.0,,,21,2026-07-24,NOT_EXECUTED,api/final/recommendations,,,,,,
kr|005930|balanced|mid|2026-06-25,2026-06-25,kr,005930,삼성전자,balanced,mid,340500.0,297800.64,439381.2,346901.0,1.0,,,21,2026-07-24,CLOSED,api/final/recommendations,,,,,,
kr|360750|balanced|mid|2026-06-25,2026-06-25,kr,360750,360750,balanced,mid,28245.0,27384.36,30611.76,28776.0,1.0,,,21,2026-07-24,CLOSED,api/final/recommendations,,,,,,
kr|222800|balanced|mid|2026-06-25,2026-06-25,kr,222800,심텍,balanced,mid,117700.0,102939.76,151880.08,119830.0,1.0,,,21,2026-07-24,CLOSED,api/final/recommendations,,,,,,
kr|032830|balanced|mid|2026-06-25,2026-06-25,kr,032830,삼성생명,balanced,mid,433000.0,378701.80000000005,558743.2,440751.0,1.0,,,21,2026-07-24,CLOSED,api/final/recommendations,,,,,,
kr|000660|balanced|mid|2026-06-25,2026-06-25,kr,000660,SK하이닉스,balanced,mid,2580000.0,2256468.0,3329232.0,2622828.0,1.0,,,21,2026-07-24,CLOSED,api/final/recommendations,,,,,,
kr|214450|balanced|mid|2026-06-25,2026-06-25,kr,214450,파마리서치,balanced,mid,304500.0,251040.0,411075.0,309402.0,1.0,,,21,2026-07-24,CLOSED,api/final/recommendations,,,,,,
kr|009150|balanced|mid|2026-06-25,2026-06-25,kr,009150,삼성전기,balanced,mid,1964000.0,1717714.4000000001,2534345.6,1992871.0,1.0,,,21,2026-07-24,CLOSED,api/final/recommendations,,,,,,
kr|145020|balanced|mid|2026-06-25,2026-06-25,kr,145020,휴젤,balanced,mid,259500.0,213771.24,350325.0,263185.0,1.0,,,21,2026-07-24,CLOSED,api/final/recommendations,,,,,,
kr|381180|aggressive|short|2026-06-25,2026-06-25,kr,381180,381180,aggressive,short,55425.0,52951.0512,61710.546,56301.0,70.5,,,5,2026-07-02,NOT_EXECUTED,api/final/recommendations,,,,,,
kr|034730|aggressive|short|2026-06-25,2026-06-25,kr,034730,SK,aggressive,short,712000.0,647458.9424,875954.8,722751.0,66.3,,,5,2026-07-02,CLOSED,api/final/recommendations,,,,,,
kr|032830|aggressive|short|2026-06-25,2026-06-25,kr,032830,삼성생명,aggressive,short,433000.0,395200.1872,529022.8,438846.0,66.1,,,5,2026-07-02,CLOSED,api/final/recommendations,,,,,,
kr|005930|aggressive|short|2026-06-25,2026-06-25,kr,005930,삼성전자,aggressive,short,340500.0,314083.3872,407605.8,344858.0,65.1,,,5,2026-07-02,CLOSED,api/final/recommendations,,,,,,
kr|222800|aggressive|short|2026-06-25,2026-06-25,kr,222800,심텍,aggressive,short,117700.0,113055.6544,126128.158,119054.0,63.8,,,5,2026-07-02,CLOSED,api/final/recommendations,,,,,,
kr|000660|aggressive|short|2026-06-25,2026-06-25,kr,000660,SK하이닉스,aggressive,short,2580000.0,2346481.6624,3173211.6,2607864.0,61.8,,,5,2026-07-02,CLOSED,api/final/recommendations,,,,,,
kr|000810|aggressive|short|2026-06-25,2026-06-25,kr,000810,삼성화재,aggressive,short,636000.0,591840.7728,748179.6,641406.0,61.5,,,5,2026-07-02,CLOSED,api/final/recommendations,,,,,,
kr|009150|aggressive|short|2026-06-25,2026-06-25,kr,009150,삼성전기,aggressive,short,1964000.0,1755127.5552,2494604.0,1979516.0,60.5,,,5,2026-07-02,CLOSED,api/final/recommendations,,,,,,
kr|214450|aggressive|short|2026-06-25,2026-06-25,kr,214450,파마리서치,aggressive,short,304500.0,284010.24,356550.6,306875.0,61.3,,,5,2026-07-02,NOT_EXECUTED,api/final/recommendations,,,,,,
kr|067310|aggressive|short|2026-06-25,2026-06-25,kr,067310,하나마이크론,aggressive,short,48250.0,42529.7312,62781.94,48583.0,59.2,,,5,2026-07-02,CLOSED,api/final/recommendations,,,,,,
kr|133690|aggressive|short|2026-06-25,2026-06-25,kr,133690,133690,aggressive,short,201690.0,197906.5616,211300.542,202860.0,59.3,,,5,2026-07-02,LOSS,api/final/recommendations,,,,,,
kr|034730|aggressive|swing|2026-06-25,2026-06-25,kr,034730,SK,aggressive,swing,712000.0,593358.04,961200.0000000001,724887.0,1.0,,,10,2026-07-09,CLOSED,api/final/recommendations,,,,,,
kr|381180|aggressive|swing|2026-06-25,2026-06-25,kr,381180,381180,aggressive,swing,55425.0,50876.68,70280.40000000001,56384.0,1.0,,,10,2026-07-09,NOT_EXECUTED,api/final/recommendations,,,,,,
kr|000660|aggressive|swing|2026-06-25,2026-06-25,kr,000660,SK하이닉스,aggressive,swing,2580000.0,2150738.04,3483000.0,2624118.0,1.0,,,10,2026-07-09,CLOSED,api/final/recommendations,,,,,,
kr|032830|aggressive|swing|2026-06-25,2026-06-25,kr,032830,삼성생명,aggressive,swing,433000.0,363515.36,584550.0,440144.0,1.0,,,10,2026-07-09,CLOSED,api/final/recommendations,,,,,,
kr|005930|aggressive|swing|2026-06-25,2026-06-25,kr,005930,삼성전자,aggressive,swing,340500.0,291940.36,459675.00000000006,345880.0,1.0,,,10,2026-07-09,CLOSED,api/final/recommendations,,,,,,
kr|222800|aggressive|swing|2026-06-25,2026-06-25,kr,222800,심텍,aggressive,swing,117700.0,106315.56,144552.85,119336.0,1.0,,,10,2026-07-09,LOSS,api/final/recommendations,,,,,,
kr|003490|aggressive|swing|2026-06-25,2026-06-25,kr,003490,대한항공,aggressive,swing,27350.0,24138.4,36922.5,27695.0,1.0,,,10,2026-07-09,CLOSED,api/final/recommendations,,,,,,
kr|000810|aggressive|swing|2026-06-25,2026-06-25,kr,000810,삼성화재,aggressive,swing,636000.0,554824.64,858600.0,643314.0,1.0,,,10,2026-07-09,CLOSED,api/final/recommendations,,,,,,
kr|009150|aggressive|swing|2026-06-25,2026-06-25,kr,009150,삼성전기,aggressive,swing,1964000.0,1774041.92,2412086.6,1985408.0,1.0,,,10,2026-07-09,LOSS,api/final/recommendations,,,,,,
kr|067310|aggressive|swing|2026-06-25,2026-06-25,kr,067310,하나마이크론,aggressive,swing,48250.0,43582.64,59257.9,48728.0,1.0,,,10,2026-07-09,LOSS,api/final/recommendations,,,,,,
kr|133690|aggressive|swing|2026-06-25,2026-06-25,kr,133690,133690,aggressive,swing,201690.0,194736.08000000002,224403.75,203465.0,1.0,,,10,2026-07-09,CLOSED,api/final/recommendations,,,,,,
kr|214450|aggressive|swing|2026-06-25,2026-06-25,kr,214450,파마리서치,aggressive,swing,304500.0,266835.0,411075.0,307119.0,1.0,,,10,2026-07-09,CLOSED,api/final/recommendations,,,,,,
kr|381180|aggressive|mid|2026-06-25,2026-06-25,kr,381180,381180,aggressive,mid,55425.0,47419.4112,74823.75,56772.0,80.0,,,21,2026-07-24,NOT_EXECUTED,api/final/recommendations,,,,,,
kr|034730|aggressive|mid|2026-06-25,2026-06-25,kr,034730,SK,aggressive,mid,712000.0,583840.0,961200.0000000001,727023.0,73.2,,,21,2026-07-24,CLOSED,api/final/recommendations,,,,,,
kr|000660|aggressive|mid|2026-06-25,2026-06-25,kr,000660,SK하이닉스,aggressive,mid,2580000.0,2115600.0,3483000.0,2631858.0,72.5,,,21,2026-07-24,CLOSED,api/final/recommendations,,,,,,
kr|003490|aggressive|mid|2026-06-25,2026-06-25,kr,003490,대한항공,aggressive,mid,27350.0,22427.0,36922.5,27886.0,72.6,,,21,2026-07-24,CLOSED,api/final/recommendations,,,,,,
kr|032830|aggressive|mid|2026-06-25,2026-06-25,kr,032830,삼성생명,aggressive,mid,433000.0,355060.0,584550.0,441444.0,73.7,,,21,2026-07-24,CLOSED,api/final/recommendations,,,,,,
kr|005930|aggressive|mid|2026-06-25,2026-06-25,kr,005930,삼성전자,aggressive,mid,340500.0,279210.0,459675.00000000006,346901.0,72.8,,,21,2026-07-24,CLOSED,api/final/recommendations,,,,,,
kr|222800|aggressive|mid|2026-06-25,2026-06-25,kr,222800,심텍,aggressive,mid,117700.0,96514.00000000001,158895.0,119689.0,70.8,,,21,2026-07-24,CLOSED,api/final/recommendations,,,,,,
kr|133690|aggressive|mid|2026-06-25,2026-06-25,kr,133690,133690,aggressive,mid,201690.0,189450.00960000002,238335.04799999998,204877.0,70.8,,,21,2026-07-24,NOT_EXECUTED,api/final/recommendations,,,,,,
kr|214450|aggressive|mid|2026-06-25,2026-06-25,kr,214450,파마리서치,aggressive,mid,304500.0,249690.00000000003,411075.0,309250.0,71.0,,,21,2026-07-24,CLOSED,api/final/recommendations,,,,,,
kr|360750|aggressive|mid|2026-06-25,2026-06-25,kr,360750,360750,aggressive,mid,28245.0,27177.8064,31440.125999999997,28657.0,70.0,,,21,2026-07-24,CLOSED,api/final/recommendations,,,,,,
kr|000810|aggressive|mid|2026-06-25,2026-06-25,kr,000810,삼성화재,aggressive,mid,636000.0,521520.00000000006,858600.0,645222.0,68.4,,,21,2026-07-24,CLOSED,api/final/recommendations,,,,,,
kr|009150|aggressive|mid|2026-06-25,2026-06-25,kr,009150,삼성전기,aggressive,mid,1964000.0,1610480.0000000002,2651400.0,1991300.0,67.4,,,21,2026-07-24,CLOSED,api/final/recommendations,,,,,,
us|TSM|conservative|short|2026-06-25,2026-06-25,us,TSM,TSMC,conservative,short,438.192348,425.8592579146481,469.3853391438206,450.46,1.0,,,5,2026-07-02,CLOSED,api/final/recommendations,,,,,,
us|ASML|conservative|short|2026-06-25,2026-06-25,us,ASML,ASML,conservative,short,1741.7107044,1680.1630635082897,1897.8021835280715,1786.65,1.0,,,5,2026-07-02,CLOSED,api/final/recommendations,,,,,,
us|RIOT|conservative|short|2026-06-25,2026-06-25,us,RIOT,Riot Platforms,conservative,short,27.48,26.265792,30.407808,28.15,1.0,,,5,2026-07-02,CLOSED,api/final/recommendations,,,,,,
us|DIS|conservative|short|2026-06-25,2026-06-25,us,DIS,DIS,conservative,short,101.12000128979493,99.59244927031087,104.23875332957489,103.6,1.0,,,5,2026-07-02,NOT_EXECUTED,api/final/recommendations,,,,,,
us|SE|conservative|short|2026-06-25,2026-06-25,us,SE,Sea Limited,conservative,short,90.89,88.495856,97.31314400000001,92.94,1.0,,,5,2026-07-02,CLOSED,api/final/recommendations,,,,,,
us|VRT|conservative|short|2026-06-25,2026-06-25,us,VRT,VRT,conservative,short,316.63,303.591952,349.711048,323.75,1.0,,,5,2026-07-02,CLOSED,api/final/recommendations,,,,,,
us|ETN|conservative|short|2026-06-25,2026-06-25,us,ETN,Eaton,conservative,short,407.52,396.983808,433.764192,416.65,1.0,,,5,2026-07-02,CLOSED,api/final/recommendations,,,,,,
us|MARA|conservative|short|2026-06-25,2026-06-25,us,MARA,MARA Holdings,conservative,short,14.122347999999999,13.57390481512068,16.18064221468102,14.4,1.0,,,5,2026-07-02,LOSS,api/final/recommendations,,,,,,
us|TLT|conservative|short|2026-06-25,2026-06-25,us,TLT,20Y Treasury ETF,conservative,short,87.277652,85.67180720147827,89.4595933,88.72,1.0,,,5,2026-07-02,CLOSED,api/final/recommendations,,,,,,
us|UNH|conservative|short|2026-06-25,2026-06-25,us,UNH,UNH,conservative,short,405.7999942675781,400.02271434918924,420.7572740562882,412.37,1.0,,,5,2026-07-02,CLOSED,api/final/recommendations,,,,,,
us|CAVA|conservative|short|2026-06-25,2026-06-25,us,CAVA,CAVA,conservative,short,77.18,74.643872,83.979728,78.03,1.0,,,5,2026-07-02,CLOSED,api/final/recommendations,,,,,,
us|TSM|conservative|swing|2026-06-25,2026-06-25,us,TSM,TSMC,conservative,swing,438.1911,415.73424362609825,511.3630836851138,450.99,1.0,,,10,2026-07-09,CLOSED,api/final/recommendations,,,,,,
us|ASML|conservative|swing|2026-06-25,2026-06-25,us,ASML,ASML,conservative,swing,1741.7103299999999,1628.1591084855709,2110.8765999455395,1791.87,1.0,,,10,2026-07-09,CLOSED,api/final/recommendations,,,,,,
us|RIOT|conservative|swing|2026-06-25,2026-06-25,us,RIOT,Riot Platforms,conservative,swing,27.48,24.9744,34.9056,28.24,1.0,,,10,2026-07-09,CLOSED,api/final/recommendations,,,,,,
us|DIS|conservative|swing|2026-06-25,2026-06-25,us,DIS,DIS,conservative,swing,101.12000060424806,98.87360059082458,108.82640065029807,103.9,1.0,,,10,2026-07-09,NOT_EXECUTED,api/final/recommendations,,,,,,
us|ETN|conservative|swing|2026-06-25,2026-06-25,us,ETN,Eaton,conservative,swing,407.52,388.4256,469.5144,417.87,1.0,,,10,2026-07-09,CLOSED,api/final/recommendations,,,,,,
us|MARA|conservative|swing|2026-06-25,2026-06-25,us,MARA,MARA Holdings,conservative,swing,14.121099999999998,13.314637178470255,15.587614237960338,14.45,1.0,,,10,2026-07-09,LOSS,api/final/recommendations,,,,,,
us|VRT|conservative|swing|2026-06-25,2026-06-25,us,VRT,VRT,conservative,swing,316.63,292.4164,394.1386,323.82,1.0,,,10,2026-07-09,CLOSED,api/final/recommendations,,,,,,
us|SE|conservative|swing|2026-06-25,2026-06-25,us,SE,Sea Limited,conservative,swing,90.89,85.9292,106.57580000000002,92.91,1.0,,,10,2026-07-09,CLOSED,api/final/recommendations,,,,,,
us|UNH|conservative|swing|2026-06-25,2026-06-25,us,UNH,UNH,conservative,swing,405.79999731445315,395.14399738497355,441.83599707597017,413.59,1.0,,,10,2026-07-09,CLOSED,api/final/recommendations,,,,,,
us|CAVA|conservative|swing|2026-06-25,2026-06-25,us,CAVA,CAVA,conservative,swing,77.18,72.0104,92.63960000000002,78.65,1.0,,,10,2026-07-09,CLOSED,api/final/recommendations,,,,,,
us|TLT|conservative|swing|2026-06-25,2026-06-25,us,TLT,20Y Treasury ETF,conservative,swing,87.27890000000001,83.47734791200733,94.08041427864345,88.92,1.0,,,10,2026-07-09,CLOSED,api/final/recommendations,,,,,,
us|NBIS|conservative|swing|2026-06-25,2026-06-25,us,NBIS,네비우스 그룹,conservative,swing,255.97,245.9116,277.0534,260.27,1.0,,,10,2026-07-09,LOSS,api/final/recommendations,,,,,,
us|TSM|conservative|mid|2026-06-25,2026-06-25,us,TSM,TSMC,conservative,mid,438.189852,398.09248954301023,556.3981880747629,454.06,1.0,,,21,2026-07-24,CLOSED,api/final/recommendations,,,,,,
us|ASML|conservative|mid|2026-06-25,2026-06-25,us,ASML,ASML,conservative,mid,1741.7099556,1541.4511767050349,2337.1173244217625,1804.06,1.0,,,21,2026-07-24,CLOSED,api/final/recommendations,,,,,,
us|RIOT|conservative|mid|2026-06-25,2026-06-25,us,RIOT,Riot Platforms,conservative,mid,27.48,25.123008,32.133792,28.43,1.0,,,21,2026-07-24,CLOSED,api/final/recommendations,,,,,,
us|DIS|conservative|mid|2026-06-25,2026-06-25,us,DIS,DIS,conservative,mid,101.11999991870117,97.20435192184928,113.35164790886712,104.61,1.0,,,21,2026-07-24,NOT_EXECUTED,api/final/recommendations,,,,,,
us|ETN|conservative|mid|2026-06-25,2026-06-25,us,ETN,Eaton,conservative,mid,407.52,373.761792,507.885408,420.72,1.0,,,21,2026-07-24,CLOSED,api/final/recommendations,,,,,,
us|MA|conservative|mid|2026-06-25,2026-06-25,us,MA,Mastercard,conservative,mid,494.4099998916016,474.0619358960629,553.7046638786013,509.09,1.0,,,21,2026-07-24,NOT_EXECUTED,api/final/recommendations,,,,,,
us|SE|conservative|mid|2026-06-25,2026-06-25,us,SE,Sea Limited,conservative,mid,90.89,82.440944,115.71365599999999,93.54,1.0,,,21,2026-07-24,CLOSED,api/final/recommendations,,,,,,
us|UNH|conservative|mid|2026-06-25,2026-06-25,us,UNH,UNH,conservative,mid,405.80000036132816,386.03168034372624,463.66352041285035,416.43,1.0,,,21,2026-07-24,CLOSED,api/final/recommendations,,,,,,
us|TLT|conservative|mid|2026-06-25,2026-06-25,us,TLT,20Y Treasury ETF,conservative,mid,87.280148,80.3612242676561,103.46548744530449,89.54,1.0,,,21,2026-07-24,CLOSED,api/final/recommendations,,,,,,
us|VRT|conservative|mid|2026-06-25,2026-06-25,us,VRT,VRT,conservative,mid,316.63,274.213648,427.45050000000003,324.77,1.0,,,21,2026-07-24,CLOSED,api/final/recommendations,,,,,,
us|ABBV|conservative|mid|2026-06-25,2026-06-25,us,ABBV,ABBV,conservative,mid,234.8900000180664,223.58974401719723,268.98005602068844,240.13,1.0,,,21,2026-07-24,NOT_EXECUTED,api/final/recommendations,,,,,,
us|CAVA|conservative|mid|2026-06-25,2026-06-25,us,CAVA,CAVA,conservative,mid,77.18,68.455328,102.734672,78.8,1.0,,,21,2026-07-24,CLOSED,api/final/recommendations,,,,,,
us|ALAB|balanced|short|2026-06-25,2026-06-25,us,ALAB,Astera Labs,balanced,short,395.869392,364.67783990585997,468.7176801152217,403.19,1.0,,,5,2026-07-02,CLOSED,api/final/recommendations,,,,,,
us|SE|balanced|short|2026-06-25,2026-06-25,us,SE,Sea Limited,balanced,short,90.89,87.5648,99.12480000000001,92.11,1.0,,,5,2026-07-02,CLOSED,api/final/recommendations,,,,,,
us|HIMS|balanced|short|2026-06-25,2026-06-25,us,HIMS,Hims & Hers,balanced,short,31.86,29.9152,36.7152,32.26,1.0,,,5,2026-07-02,CLOSED,api/final/recommendations,,,,,,
us|RIOT|balanced|short|2026-06-25,2026-06-25,us,RIOT,Riot Platforms,balanced,short,27.48,25.7936,31.233600000000003,27.8,1.0,,,5,2026-07-02,CLOSED,api/final/recommendations,,,,,,
us|ABBV|balanced|short|2026-06-25,2026-06-25,us,ABBV,ABBV,balanced,short,234.8899998046875,230.2047998085833,246.5247997950131,237.5,1.0,,,5,2026-07-02,CLOSED,api/final/recommendations,,,,,,
us|NBIS|balanced|short|2026-06-25,2026-06-25,us,NBIS,네비우스 그룹,balanced,short,255.97,232.8704,310.3904,258.76,1.0,,,5,2026-07-02,CLOSED,api/final/recommendations,,,,,,
us|CAT|balanced|short|2026-06-25,2026-06-25,us,CAT,Caterpillar,balanced,short,987.63,955.9215999999999,1062.0016,998.1,1.0,,,5,2026-07-02,NOT_EXECUTED,api/final/recommendations,,,,,,
us|UNH|balanced|short|2026-06-25,2026-06-25,us,UNH,UNH,balanced,short,405.79999609375,397.7759961709894,424.9759959091609,410.1,1.0,,,5,2026-07-02,CLOSED,api/final/recommendations,,,,,,
us|VRT|balanced|short|2026-06-25,2026-06-25,us,VRT,VRT,balanced,short,316.63,298.5216,359.04159999999996,319.42,1.0,,,5,2026-07-02,CLOSED,api/final/recommendations,,,,,,
us|HOOD|balanced|short|2026-06-25,2026-06-25,us,HOOD,Robinhood,balanced,short,97.92,91.8544,112.2544,98.72,1.0,,,5,2026-07-02,NOT_EXECUTED,api/final/recommendations,,,,,,
us|CRDO|balanced|mid|2026-06-25,2026-06-25,us,CRDO,Credo Technology,balanced,mid,268.33,234.8944,345.77439999999996,276.33,1.0,,,21,2026-07-24,CLOSED,api/final/recommendations,,,,,,
us|ALAB|balanced|mid|2026-06-25,2026-06-25,us,ALAB,Astera Labs,balanced,mid,395.870608,345.88213122492937,510.88238464145496,407.15,1.0,,,21,2026-07-24,CLOSED,api/final/recommendations,,,,,,
us|AMAT|balanced|mid|2026-06-25,2026-06-25,us,AMAT,Applied Materials,balanced,mid,584.85,479.57700000000006,789.5475000000001,599.94,1.0,,,21,2026-07-24,CLOSED,api/final/recommendations,,,,,,
us|HIMS|balanced|mid|2026-06-25,2026-06-25,us,HIMS,Hims & Hers,balanced,mid,31.86,28.0848,41.284800000000004,32.67,1.0,,,21,2026-07-24,CLOSED,api/final/recommendations,,,,,,
us|ABBV|balanced|mid|2026-06-25,2026-06-25,us,ABBV,ABBV,balanced,mid,234.8900001953125,219.1952001822622,278.5952002316537,240.36,1.0,,,21,2026-07-24,CLOSED,api/final/recommendations,,,,,,
us|CAT|balanced|mid|2026-06-25,2026-06-25,us,CAT,Caterpillar,balanced,mid,987.63,883.8384,1271.9184,1010.35,1.0,,,21,2026-07-24,CLOSED,api/final/recommendations,,,,,,
us|HOOD|balanced|mid|2026-06-25,2026-06-25,us,HOOD,Robinhood,balanced,mid,97.92,86.1456,125.74560000000001,100.17,1.0,,,21,2026-07-24,CLOSED,api/final/recommendations,,,,,,
us|RIOT|balanced|mid|2026-06-25,2026-06-25,us,RIOT,Riot Platforms,balanced,mid,27.48,24.2064,36.0864,28.07,1.0,,,21,2026-07-24,CLOSED,api/final/recommendations,,,,,,
us|UNH|balanced|mid|2026-06-25,2026-06-25,us,UNH,UNH,balanced,mid,405.80000390625,378.3440036419573,479.9840046203487,414.16,1.0,,,21,2026-07-24,CLOSED,api/final/recommendations,,,,,,
us|SE|balanced|mid|2026-06-25,2026-06-25,us,SE,Sea Limited,balanced,mid,90.89,79.1552,122.70150000000001,92.71,1.0,,,21,2026-07-24,CLOSED,api/final/recommendations,,,,,,
us|NBIS|balanced|mid|2026-06-25,2026-06-25,us,NBIS,네비우스 그룹,balanced,mid,255.97,224.3296,329.9296,260.3,1.0,,,21,2026-07-24,CLOSED,api/final/recommendations,,,,,,
us|ABNB|balanced|mid|2026-06-25,2026-06-25,us,ABNB,ABNB,balanced,mid,144.400001953125,133.312001803151,176.87200239233468,146.83,1.0,,,21,2026-07-24,CLOSED,api/final/recommendations,,,,,,
us|DELL|aggressive|short|2026-06-25,2026-06-25,us,DELL,DELL,aggressive,short,428.24,396.839232,506.96768000000003,436.16,56.5,,,5,2026-07-02,CLOSED,api/final/recommendations,,,,,,
us|SE|aggressive|short|2026-06-25,2026-06-25,us,SE,Sea Limited,aggressive,short,90.89,86.766752,102.00698000000001,92.14,53.0,,,5,2026-07-02,CLOSED,api/final/recommendations,,,,,,
us|CAT|aggressive|short|2026-06-25,2026-06-25,us,CAT,Caterpillar,aggressive,short,987.63,948.3115839999999,1088.0316599999999,998.0,48.1,,,5,2026-07-02,NOT_EXECUTED,api/final/recommendations,,,,,,
us|RIOT|aggressive|short|2026-06-25,2026-06-25,us,RIOT,Riot Platforms,aggressive,short,27.48,25.388864,32.54736,27.75,48.2,,,5,2026-07-02,CLOSED,api/final/recommendations,,,,,,
us|ALAB|aggressive|swing|2026-06-25,2026-06-25,us,ALAB,Astera Labs,aggressive,swing,395.870342,324.61368044,534.4249617,405.65,1.0,,,10,2026-07-09,CLOSED,api/final/recommendations,,,,,,
us|DELL|aggressive|swing|2026-06-25,2026-06-25,us,DELL,DELL,aggressive,swing,428.24,370.9024,578.124,438.0,1.0,,,10,2026-07-09,CLOSED,api/final/recommendations,,,,,,
us|HIMS|aggressive|swing|2026-06-25,2026-06-25,us,HIMS,Hims & Hers,aggressive,swing,31.86,27.073600000000003,43.011,32.47,1.0,,,10,2026-07-09,CLOSED,api/final/recommendations,,,,,,
us|ABBV|aggressive|swing|2026-06-25,2026-06-25,us,ABBV,ABBV,aggressive,swing,234.89000010986325,223.86640010470728,271.4885001269812,239.02,1.0,,,10,2026-07-09,CLOSED,api/final/recommendations,,,,,,
us|HOOD|aggressive|swing|2026-06-25,2026-06-25,us,HOOD,Robinhood,aggressive,swing,97.92,84.3792,132.192,99.55,1.0,,,10,2026-07-09,CLOSED,api/final/recommendations,,,,,,
us|CAT|aggressive|swing|2026-06-25,2026-06-25,us,CAT,Caterpillar,aggressive,swing,987.63,914.9288,1225.7295000000001,1003.33,1.0,,,10,2026-07-09,CLOSED,api/final/recommendations,,,,,,
us|NBIS|aggressive|swing|2026-06-25,2026-06-25,us,NBIS,네비우스 그룹,aggressive,swing,255.97,231.2072,314.0605,259.73,1.0,,,10,2026-07-09,CLOSED,api/final/recommendations,,,,,,
us|NVO|aggressive|swing|2026-06-25,2026-06-25,us,NVO,Novo Nordisk,aggressive,swing,47.18,44.4768,56.387,47.81,1.0,,,10,2026-07-09,CLOSED,api/final/recommendations,,,,,,
us|SE|aggressive|swing|2026-06-25,2026-06-25,us,SE,Sea Limited,aggressive,swing,90.89,82.3464,118.03849999999998,92.09,1.0,,,10,2026-07-09,CLOSED,api/final/recommendations,,,,,,
us|CRDO|aggressive|mid|2026-06-25,2026-06-25,us,CRDO,Credo Technology,aggressive,mid,268.33,220.0306,362.2455,277.32,80.0,,,21,2026-07-24,CLOSED,api/final/recommendations,,,,,,
us|ALAB|aggressive|mid|2026-06-25,2026-06-25,us,ALAB,Astera Labs,aggressive,mid,395.87105944,324.6142687408,534.425930244,408.42,80.0,,,21,2026-07-24,CLOSED,api/final/recommendations,,,,,,
us|SIMO|aggressive|mid|2026-06-25,2026-06-25,us,SIMO,Silicon Motion,aggressive,mid,307.502788,252.15228616000002,415.12876380000006,315.95,78.8,,,21,2026-07-24,CLOSED,api/final/recommendations,,,,,,
us|AMAT|aggressive|mid|2026-06-25,2026-06-25,us,AMAT,Applied Materials,aggressive,mid,584.85,479.57700000000006,789.5475000000001,600.41,80.0,,,21,2026-07-24,CLOSED,api/final/recommendations,,,,,,
us|HIMS|aggressive|mid|2026-06-25,2026-06-25,us,HIMS,Hims & Hers,aggressive,mid,31.86,26.125200000000003,43.011,32.69,80.0,,,21,2026-07-24,CLOSED,api/final/recommendations,,,,,,
us|GE|aggressive|mid|2026-06-25,2026-06-25,us,GE,GE Aerospace,aggressive,mid,362.05,324.32176,472.44489999999996,371.14,78.3,,,21,2026-07-24,CLOSED,api/final/recommendations,,,,,,
us|ABBV|aggressive|mid|2026-06-25,2026-06-25,us,ABBV,ABBV,aggressive,mid,234.890000340332,215.42844831213418,293.89202042582,240.67,79.1,,,21,2026-07-24,CLOSED,api/final/recommendations,,,,,,
us|HOOD|aggressive|mid|2026-06-25,2026-06-25,us,HOOD,Robinhood,aggressive,mid,97.92,80.29440000000001,132.192,100.23,79.0,,,21,2026-07-24,CLOSED,api/final/recommendations,,,,,,
us|CAT|aggressive|mid|2026-06-25,2026-06-25,us,CAT,Caterpillar,aggressive,mid,987.63,858.9284160000001,1333.3005,1010.25,77.4,,,21,2026-07-24,CLOSED,api/final/recommendations,,,,,,
us|NVO|aggressive|mid|2026-06-25,2026-06-25,us,NVO,Novo Nordisk,aggressive,mid,47.18,41.974976,62.897240000000004,48.14,74.2,,,21,2026-07-24,CLOSED,api/final/recommendations,,,,,,
us|SE|aggressive|mid|2026-06-25,2026-06-25,us,SE,Sea Limited,aggressive,mid,90.89,76.338848,122.70150000000001,92.73,75.4,,,21,2026-07-24,CLOSED,api/final/recommendations,,,,,,
us|RIOT|aggressive|mid|2026-06-25,2026-06-25,us,RIOT,Riot Platforms,aggressive,mid,27.48,22.533600000000003,37.098000000000006,28.02,74.7,,,21,2026-07-24,CLOSED,api/final/recommendations,,,,,,
kr|196170|balanced|swing|2026-06-25,2026-06-25,kr,196170,알테오젠,balanced,swing,375500.0,328893.0,506925.00000000006,378429.0,42.9,,,10,2026-07-09,LOSS,api/final/recommendations,,,,,,
kr|298040|balanced|swing|2026-06-25,2026-06-25,kr,298040,효성중공업,balanced,swing,3467000.0,3005964.0,4680450.0,3489882.0,44.6,,,10,2026-07-09,CLOSED,api/final/recommendations,,,,,,
kr|214150|aggressive|swing|2026-06-30,2026-06-30,kr,214150,클래시스,aggressive,swing,50137.64,48184.70017442638,56898.30620742772,43210.0,1.0,,,10,2026-07-14,LOSS,api/final/recommendations,,,,,,
kr|196170|aggressive|swing|2026-06-30,2026-06-30,kr,196170,알테오젠,aggressive,swing,353062.13999999996,339932.17047226283,397878.2887792718,329638.0,1.0,,,10,2026-07-14,LOSS,api/final/recommendations,,,,,,
kr|207940|aggressive|swing|2026-06-30,2026-06-30,kr,207940,삼성바이오로직스,aggressive,swing,1404526.34,1381525.2699410003,1532009.1705201543,1314931.0,1.0,,,10,2026-07-14,CLOSED,api/final/recommendations,,,,,,
kr|403870|aggressive|swing|2026-06-30,2026-06-30,kr,403870,HPSP,aggressive,swing,54331.58,51691.64234928612,60335.21908953409,52797.0,1.0,,,10,2026-07-14,LOSS,api/final/recommendations,,,,,,
kr|068270|aggressive|swing|2026-06-30,2026-06-30,kr,068270,셀트리온,aggressive,swing,190411.18,185770.72811171823,207352.3618151181,159381.0,1.0,,,10,2026-07-14,LOSS,api/final/recommendations,,,,,,
kr|003490|aggressive|swing|2026-06-30,2026-06-30,kr,003490,대한항공,aggressive,swing,24995.3,23983.12081591491,27382.678545597795,25987.0,1.0,,,10,2026-07-14,CLOSED,api/final/recommendations,,,,,,
kr|006400|aggressive|swing|2026-06-30,2026-06-30,kr,006400,삼성SDI,aggressive,swing,511000.0,470500.0,603000.0,428560.0,1.0,,,10,2026-07-14,NOT_EXECUTED,api/final/recommendations,,,,,,
kr|058470|aggressive|swing|2026-06-30,2026-06-30,kr,058470,리노공업,aggressive,swing,88200.0,81200.0,104100.0,73920.0,1.0,,,10,2026-07-14,NOT_EXECUTED,api/final/recommendations,,,,,,
kr|055550|aggressive|swing|2026-06-30,2026-06-30,kr,055550,신한지주,aggressive,swing,94348.6,92557.28353312891,99779.05679940786,89984.0,1.0,,,10,2026-07-14,WIN,api/final/recommendations,,,,,,
kr|375500|aggressive|swing|2026-06-30,2026-06-30,kr,375500,DL이앤씨,aggressive,swing,67300.0,61900.0,79400.0,57222.0,1.0,,,10,2026-07-14,CLOSED,api/final/recommendations,,,,,,
kr|006260|aggressive|swing|2026-06-30,2026-06-30,kr,006260,LS,aggressive,swing,384000.0,353000.0,453000.0,321640.0,1.0,,,10,2026-07-14,NOT_EXECUTED,api/final/recommendations,,,,,,
kr|000100|aggressive|swing|2026-06-30,2026-06-30,kr,000100,유한양행,aggressive,swing,73700.0,67800.0,87000.0,62785.0,1.0,,,10,2026-07-14,NOT_EXECUTED,api/final/recommendations,,,,,,
kr|086520|aggressive|swing|2026-06-30,2026-06-30,kr,086520,에코프로,aggressive,swing,111900.0,103000.0,132100.0,93808.0,1.0,,,10,2026-07-14,NOT_EXECUTED,api/final/recommendations,,,,,,
kr|001440|aggressive|swing|2026-06-30,2026-06-30,kr,001440,대한전선,aggressive,swing,35600.0,32750.0,42000.0,29832.0,1.0,,,10,2026-07-14,NOT_EXECUTED,api/final/recommendations,,,,,,
kr|138040|aggressive|swing|2026-06-30,2026-06-30,kr,138040,메리츠금융지주,aggressive,swing,104818.84,101241.78646075969,110464.87148676362,98022.0,1.0,,,10,2026-07-14,WIN,api/final/recommendations,,,,,,
kr|005490|aggressive|swing|2026-06-30,2026-06-30,kr,005490,POSCO홀딩스,aggressive,swing,333000.0,306000.0,393000.0,278960.0,1.0,,,10,2026-07-14,NOT_EXECUTED,api/final/recommendations,,,,,,
kr|373220|aggressive|swing|2026-06-30,2026-06-30,kr,373220,LG에너지솔루션,aggressive,swing,380000.0,349500.0,448500.0,319760.0,1.0,,,10,2026-07-14,NOT_EXECUTED,api/final/recommendations,,,,,,
kr|267260|aggressive|swing|2026-06-30,2026-06-30,kr,267260,HD현대일렉트릭,aggressive,swing,1021000.0,939000.0,1204000.0,855360.0,1.0,,,10,2026-07-14,NOT_EXECUTED,api/final/recommendations,,,,,,
kr|010120|aggressive|swing|2026-06-30,2026-06-30,kr,010120,LS ELECTRIC,aggressive,swing,250000.0,230000.0,295000.0,209440.0,1.0,,,10,2026-07-14,CLOSED,api/final/recommendations,,,,,,
kr|214150|conservative|short|2026-06-30,2026-06-30,kr,214150,클래시스,conservative,short,48190.139200000005,47448.99471890571,50743.155185849086,44814.0,1.0,,,5,2026-07-07,LOSS,api/final/recommendations,,,,,,
kr|207940|conservative|short|2026-06-30,2026-06-30,kr,207940,삼성바이오로직스,conservative,short,1397079.9752,1380315.0154976,1446901.0192194525,1354256.0,1.0,,,5,2026-07-07,LOSS,api/final/recommendations,,,,,,
kr|068270|conservative|short|2026-06-30,2026-06-30,kr,068270,셀트리온,conservative,short,180991.3304,178819.4344352,187318.0527867273,167355.0,1.0,,,5,2026-07-07,LOSS,api/final/recommendations,,,,,,
kr|138040|conservative|short|2026-06-30,2026-06-30,kr,138040,메리츠금융지주,conservative,short,105248.8752,103830.72157812428,107880.09707999999,102158.0,1.0,,,5,2026-07-07,WIN,api/final/recommendations,,,,,,
kr|055550|conservative|short|2026-06-30,2026-06-30,kr,055550,신한지주,conservative,short,95147.608,94005.83670399999,97526.29819999999,92889.0,1.0,,,5,2026-07-07,LOSS,api/final/recommendations,,,,,,
kr|003490|conservative|short|2026-06-30,2026-06-30,kr,003490,대한항공,conservative,short,26401.683999999997,25979.54993424362,27392.434519429014,26591.0,1.0,,,5,2026-07-07,CLOSED,api/final/recommendations,,,,,,
kr|222800|conservative|short|2026-06-30,2026-06-30,kr,222800,심텍,conservative,short,156100.0,148300.0,168600.0,134975.0,1.0,,,5,2026-07-07,LOSS,api/final/recommendations,,,,,,
kr|010120|conservative|short|2026-06-30,2026-06-30,kr,010120,LS ELECTRIC,conservative,short,255357.8704,239709.99557054805,285713.53455558413,226437.0,1.0,,,5,2026-07-07,NOT_EXECUTED,api/final/recommendations,,,,,,
kr|015760|conservative|short|2026-06-30,2026-06-30,kr,015760,한국전력,conservative,short,39033.5536,38155.56190110587,40413.13783796116,35755.0,1.0,,,5,2026-07-07,CLOSED,api/final/recommendations,,,,,,
kr|214150|conservative|swing|2026-06-30,2026-06-30,kr,214150,클래시스,conservative,swing,48938.44,47831.59729556837,52751.17448068068,43210.0,1.0,,,10,2026-07-14,CLOSED,api/final/recommendations,,,,,,
kr|207940|conservative|swing|2026-06-30,2026-06-30,kr,207940,삼성바이오로직스,conservative,swing,1399941.14,1383141.8463199998,1473357.4275832984,1314931.0,1.0,,,10,2026-07-14,LOSS,api/final/recommendations,,,,,,
kr|068270|conservative|swing|2026-06-30,2026-06-30,kr,068270,셀트리온,conservative,swing,184610.78,181998.40392071608,194100.84419969437,159381.0,1.0,,,10,2026-07-14,CLOSED,api/final/recommendations,,,,,,
kr|138040|conservative|swing|2026-06-30,2026-06-30,kr,138040,메리츠금융지주,conservative,swing,105083.64,103001.39412462217,108354.03257971753,98022.0,1.0,,,10,2026-07-14,WIN,api/final/recommendations,,,,,,
kr|055550|conservative|swing|2026-06-30,2026-06-30,kr,055550,신한지주,conservative,swing,94840.6,93702.51280000001,97994.55890214657,89984.0,1.0,,,10,2026-07-14,WIN,api/final/recommendations,,,,,,
kr|003490|conservative|swing|2026-06-30,2026-06-30,kr,003490,대한항공,conservative,swing,25861.3,25253.22071128619,27288.464780145758,25987.0,1.0,,,10,2026-07-14,CLOSED,api/final/recommendations,,,,,,
kr|222800|conservative|swing|2026-06-30,2026-06-30,kr,222800,심텍,conservative,swing,156100.0,143600.0,184200.0,134935.0,1.0,,,10,2026-07-14,NOT_EXECUTED,api/final/recommendations,,,,,,
kr|010120|conservative|swing|2026-06-30,2026-06-30,kr,010120,LS ELECTRIC,conservative,swing,263526.27999999997,239778.6029409277,309594.9325894018,209440.0,1.0,,,10,2026-07-14,NOT_EXECUTED,api/final/recommendations,,,,,,
kr|006260|conservative|swing|2026-06-30,2026-06-30,kr,006260,LS,conservative,swing,384000.0,353000.0,453000.0,321640.0,1.0,,,10,2026-07-14,NOT_EXECUTED,api/final/recommendations,,,,,,
kr|015760|conservative|swing|2026-06-30,2026-06-30,kr,015760,한국전력,conservative,swing,39990.52,38667.70089889797,42069.05944844002,34150.0,1.0,,,10,2026-07-14,CLOSED,api/final/recommendations,,,,,,
kr|214150|conservative|mid|2026-06-30,2026-06-30,kr,214150,클래시스,conservative,mid,49686.7408,48203.36828830706,54796.505268231114,42001.0,1.0,,,21,2026-07-29,CLOSED,api/final/recommendations,,,,,,
kr|207940|conservative|mid|2026-06-30,2026-06-30,kr,207940,삼성바이오로직스,conservative,mid,1402802.3048,1385194.7371445638,1499909.8656292062,1260904.0,1.0,,,21,2026-07-29,LOSS,api/final/recommendations,,,,,,
kr|196170|conservative|mid|2026-06-30,2026-06-30,kr,196170,알테오젠,conservative,mid,354073.88080000004,343981.55638262024,388351.60976216017,317680.0,1.0,,,21,2026-07-29,LOSS,api/final/recommendations,,,,,,
kr|403870|conservative|mid|2026-06-30,2026-06-30,kr,403870,HPSP,conservative,mid,54289.317599999995,52267.50704087518,58864.53136290903,59574.0,1.0,,,21,2026-07-29,LOSS,api/final/recommendations,,,,,,
kr|068270|conservative|mid|2026-06-30,2026-06-30,kr,068270,셀트리온,conservative,mid,188230.22960000002,184714.28563968083,201002.7144541343,152504.0,1.0,,,21,2026-07-29,LOSS,api/final/recommendations,,,,,,
kr|006400|conservative|mid|2026-06-30,2026-06-30,kr,006400,삼성SDI,conservative,mid,511000.0,450000.0,665000.0,428560.0,1.0,,,21,2026-07-29,LOSS,api/final/recommendations,,,,,,
kr|138040|conservative|mid|2026-06-30,2026-06-30,kr,138040,메리츠금융지주,conservative,mid,104918.4048,102174.1621314671,109228.53501384216,92928.0,1.0,,,21,2026-07-29,WIN,api/final/recommendations,,,,,,
kr|055550|conservative|mid|2026-06-30,2026-06-30,kr,055550,신한지주,conservative,mid,94533.59199999999,93157.94260789164,98683.34099497877,86674.0,1.0,,,21,2026-07-29,CLOSED,api/final/recommendations,,,,,,
kr|003490|conservative|mid|2026-06-30,2026-06-30,kr,003490,대한항공,conservative,mid,25320.916,24535.023393675572,27165.409423046116,25902.0,1.0,,,21,2026-07-29,LOSS,api/final/recommendations,,,,,,
kr|222800|conservative|mid|2026-06-30,2026-06-30,kr,222800,심텍,conservative,mid,156100.0,137400.0,203000.0,152621.0,1.0,,,21,2026-07-29,NOT_EXECUTED,api/final/recommendations,,,,,,
kr|010120|conservative|mid|2026-06-30,2026-06-30,kr,010120,LS ELECTRIC,conservative,mid,271694.6896,239376.10859769123,334390.2314281222,209440.0,1.0,,,21,2026-07-29,NOT_EXECUTED,api/final/recommendations,,,,,,
kr|006260|conservative|mid|2026-06-30,2026-06-30,kr,006260,LS,conservative,mid,384000.0,337500.0,499000.0,321640.0,1.0,,,21,2026-07-29,NOT_EXECUTED,api/final/recommendations,,,,,,
kr|015760|conservative|mid|2026-06-30,2026-06-30,kr,015760,한국전력,conservative,mid,40947.486399999994,39159.58080035571,43756.81408195705,32560.0,1.0,,,21,2026-07-29,CLOSED,api/final/recommendations,,,,,,
kr|214150|balanced|short|2026-06-30,2026-06-30,kr,214150,클래시스,balanced,short,48638.64,47599.69244643736,51942.19980766967,44814.0,1.0,,,5,2026-07-07,LOSS,api/final/recommendations,,,,,,
kr|196170|balanced|short|2026-06-30,2026-06-30,kr,196170,알테오젠,balanced,short,356425.64,349156.7393245322,379214.7553318124,346147.0,1.0,,,5,2026-07-07,LOSS,api/final/recommendations,,,,,,
kr|207940|balanced|short|2026-06-30,2026-06-30,kr,207940,삼성바이오로직스,balanced,short,1398794.8399999999,1382009.3019199998,1462746.375303763,1354256.0,1.0,,,5,2026-07-07,LOSS,api/final/recommendations,,,,,,
kr|403870|balanced|short|2026-06-30,2026-06-30,kr,403870,HPSP,balanced,short,54191.08,52747.11598922643,57207.31511982461,52476.0,1.0,,,5,2026-07-07,LOSS,api/final/recommendations,,,,,,
kr|006260|balanced|short|2026-06-30,2026-06-30,kr,006260,LS,balanced,short,384000.0,364500.0,414500.0,345910.0,1.0,,,5,2026-07-07,NOT_EXECUTED,api/final/recommendations,,,,,,
kr|068270|balanced|short|2026-06-30,2026-06-30,kr,068270,셀트리온,balanced,short,183160.68,180712.8158910847,191369.08262152385,167355.0,1.0,,,5,2026-07-07,LOSS,api/final/recommendations,,,,,,
kr|138040|balanced|short|2026-06-30,2026-06-30,kr,138040,메리츠금융지주,balanced,short,105149.84,103182.0355651375,108002.74760691455,102158.0,1.0,,,5,2026-07-07,WIN,api/final/recommendations,,,,,,
kr|055550|balanced|short|2026-06-30,2026-06-30,kr,055550,신한지주,balanced,short,94963.6,93824.0368,97716.77119526279,92889.0,1.0,,,5,2026-07-07,WIN,api/final/recommendations,,,,,,
kr|003490|balanced|short|2026-06-30,2026-06-30,kr,003490,대한항공,balanced,short,26077.8,25498.695118534568,27332.41081678156,26591.0,1.0,,,5,2026-07-07,CLOSED,api/final/recommendations,,,,,,
kr|222800|balanced|short|2026-06-30,2026-06-30,kr,222800,심텍,balanced,short,156100.0,148300.0,168600.0,134975.0,1.0,,,5,2026-07-07,WIN,api/final/recommendations,,,,,,
kr|010120|balanced|short|2026-06-30,2026-06-30,kr,010120,LS ELECTRIC,balanced,short,260253.68,238103.84484814314,299917.33829518553,226437.0,1.0,,,5,2026-07-07,CLOSED,api/final/recommendations,,,,,,
kr|015760|balanced|short|2026-06-30,2026-06-30,kr,015760,한국전력,balanced,short,39607.12,38369.76850757702,41401.80731923398,35755.0,1.0,,,5,2026-07-07,CLOSED,api/final/recommendations,,,,,,
kr|009150|balanced|short|2026-06-30,2026-06-30,kr,009150,삼성전기,balanced,short,2293000.0,2179000.0,2477000.0,1921920.0,1.0,,,5,2026-07-07,CLOSED,api/final/recommendations,,,,,,
kr|214150|balanced|swing|2026-06-30,2026-06-30,kr,214150,클래시스,balanced,swing,49598.0,48040.0,54552.0,43210.0,1.0,,,10,2026-07-14,LOSS,api/final/recommendations,,,,,,
kr|207940|balanced|swing|2026-06-30,2026-06-30,kr,207940,삼성바이오로직스,balanced,swing,1402463.0,1383941.0,1496756.0,1314931.0,1.0,,,10,2026-07-14,LOSS,api/final/recommendations,,,,,,
kr|006260|balanced|swing|2026-06-30,2026-06-30,kr,006260,LS,balanced,swing,384000.0,353000.0,453000.0,321640.0,1.0,,,10,2026-07-14,NOT_EXECUTED,api/final/recommendations,,,,,,
kr|068270|balanced|swing|2026-06-30,2026-06-30,kr,068270,셀트리온,balanced,swing,187801.0,184110.0,200178.0,159381.0,1.0,,,10,2026-07-14,LOSS,api/final/recommendations,,,,,,
kr|138040|balanced|swing|2026-06-30,2026-06-30,kr,138040,메리츠금융지주,balanced,swing,104938.0,102050.0,109124.99999999999,98022.0,1.0,,,10,2026-07-14,WIN,api/final/recommendations,,,,,,
kr|055550|balanced|swing|2026-06-30,2026-06-30,kr,055550,신한지주,balanced,swing,94570.0,93122.0,98602.0,89984.0,1.0,,,10,2026-07-14,WIN,api/final/recommendations,,,,,,
kr|003490|balanced|swing|2026-06-30,2026-06-30,kr,003490,대한항공,balanced,swing,25385.0,24556.0,27181.0,25987.0,1.0,,,10,2026-07-14,CLOSED,api/final/recommendations,,,,,,
kr|222800|balanced|swing|2026-06-30,2026-06-30,kr,222800,심텍,balanced,swing,156100.0,143600.0,184200.0,134935.0,1.0,,,10,2026-07-14,LOSS,api/final/recommendations,,,,,,
kr|010120|balanced|swing|2026-06-30,2026-06-30,kr,010120,LS ELECTRIC,balanced,swing,270726.0,236842.0,331402.0,209440.0,1.0,,,10,2026-07-14,CLOSED,api/final/recommendations,,,,,,
kr|015760|balanced|swing|2026-06-30,2026-06-30,kr,015760,한국전력,balanced,swing,40834.0,38958.0,43555.0,34150.0,1.0,,,10,2026-07-14,CLOSED,api/final/recommendations,,,,,,
kr|009150|balanced|swing|2026-06-30,2026-06-30,kr,009150,삼성전기,balanced,swing,2293000.0,2110000.0,2706000.0,1921920.0,1.0,,,10,2026-07-14,LOSS,api/final/recommendations,,,,,,
kr|214150|balanced|mid|2026-06-30,2026-06-30,kr,214150,클래시스,balanced,mid,50557.35999999999,48461.02054515101,57223.127432170644,42001.0,1.0,,,21,2026-07-29,CLOSED,api/final/recommendations,,,,,,
kr|196170|balanced|mid|2026-06-30,2026-06-30,kr,196170,알테오젠,balanced,mid,352120.36,338180.578958261,395823.70553236397,317680.0,1.0,,,21,2026-07-29,LOSS,api/final/recommendations,,,,,,
kr|222800|balanced|mid|2026-06-30,2026-06-30,kr,222800,심텍,balanced,mid,156100.0,137400.0,203000.0,152621.0,1.0,,,21,2026-07-29,CLOSED,api/final/recommendations,,,,,,
kr|207940|balanced|mid|2026-06-30,2026-06-30,kr,207940,삼성바이오로직스,balanced,mid,1406131.16,1381618.1732216775,1530923.4644103418,1260904.0,1.0,,,21,2026-07-29,CLOSED,api/final/recommendations,,,,,,
kr|006400|balanced|mid|2026-06-30,2026-06-30,kr,006400,삼성SDI,balanced,mid,511000.0,450000.0,665000.0,428560.0,1.0,,,21,2026-07-29,NOT_EXECUTED,api/final/recommendations,,,,,,
kr|055550|balanced|mid|2026-06-30,2026-06-30,kr,055550,신한지주,balanced,mid,94176.4,92272.99507344824,99476.48885625461,86674.0,1.0,,,21,2026-07-29,WIN,api/final/recommendations,,,,,,
kr|403870|balanced|mid|2026-06-30,2026-06-30,kr,403870,HPSP,balanced,mid,54370.92,51558.62896208987,60245.395355634566,59574.0,1.0,,,21,2026-07-29,LOSS,api/final/recommendations,,,,,,
kr|006260|balanced|mid|2026-06-30,2026-06-30,kr,006260,LS,balanced,mid,384000.0,337500.0,499000.0,321640.0,1.0,,,21,2026-07-29,NOT_EXECUTED,api/final/recommendations,,,,,,
kr|068270|balanced|mid|2026-06-30,2026-06-30,kr,068270,셀트리온,balanced,mid,192441.32,187448.8162114238,209182.64196998312,152504.0,1.0,,,21,2026-07-29,LOSS,api/final/recommendations,,,,,,
kr|138040|balanced|mid|2026-06-30,2026-06-30,kr,138040,메리츠금융지주,balanced,mid,104726.16,100921.69566767426,110241.84288069527,92928.0,1.0,,,21,2026-07-29,CLOSED,api/final/recommendations,,,,,,
kr|001440|balanced|mid|2026-06-30,2026-06-30,kr,001440,대한전선,balanced,mid,35600.0,31300.0,46250.0,29832.0,1.0,,,21,2026-07-29,NOT_EXECUTED,api/final/recommendations,,,,,,
kr|003490|balanced|mid|2026-06-30,2026-06-30,kr,003490,대한항공,balanced,mid,24692.2,23627.784769903486,26998.219002718142,25902.0,1.0,,,21,2026-07-29,CLOSED,api/final/recommendations,,,,,,
kr|010120|balanced|mid|2026-06-30,2026-06-30,kr,010120,LS ELECTRIC,balanced,mid,250000.0,220000.0,325000.0,209440.0,1.0,,,21,2026-07-29,CLOSED,api/final/recommendations,,,,,,
kr|015760|balanced|mid|2026-06-30,2026-06-30,kr,015760,한국전력,balanced,mid,42060.880000000005,39510.157602938736,45760.51520383994,32560.0,1.0,,,21,2026-07-29,CLOSED,api/final/recommendations,,,,,,
kr|009150|balanced|mid|2026-06-30,2026-06-30,kr,009150,삼성전기,balanced,mid,2293000.0,2018000.0,2981000.0,1921920.0,1.0,,,21,2026-07-29,CLOSED,api/final/recommendations,,,,,,
kr|214150|aggressive|short|2026-06-30,2026-06-30,kr,214150,클래시스,aggressive,short,49005.5952,47707.58066623709,53499.04803466863,44814.0,1.0,,,5,2026-07-07,LOSS,api/final/recommendations,,,,,,
kr|196170|aggressive|short|2026-06-30,2026-06-30,kr,196170,알테오젠,aggressive,short,355602.25519999996,346609.64045279427,386296.48945348215,346147.0,1.0,,,5,2026-07-07,LOSS,api/final/recommendations,,,,,,
kr|207940|aggressive|short|2026-06-30,2026-06-30,kr,207940,삼성바이오로직스,aggressive,short,1400197.9112,1383395.5362656,1486619.0823725995,1354256.0,1.0,,,5,2026-07-07,LOSS,api/final/recommendations,,,,,,
kr|403870|aggressive|short|2026-06-30,2026-06-30,kr,403870,HPSP,aggressive,short,54225.47439999999,52433.82260895067,58299.97620676379,52476.0,1.0,,,5,2026-07-07,LOSS,api/final/recommendations,,,,,,
kr|068270|aggressive|short|2026-06-30,2026-06-30,kr,068270,셀트리온,aggressive,short,184935.6024,181870.83676780356,196124.32993036782,167355.0,1.0,,,5,2026-07-07,LOSS,api/final/recommendations,,,,,,
kr|138040|aggressive|short|2026-06-30,2026-06-30,kr,138040,메리츠금융지주,aggressive,short,105068.8112,102630.61403222579,108917.26854881413,102158.0,1.0,,,5,2026-07-07,CLOSED,api/final/recommendations,,,,,,
kr|003490|aggressive|short|2026-06-30,2026-06-30,kr,003490,대한항공,aggressive,short,25812.804,25102.01099626192,27489.317402139528,26591.0,1.0,,,5,2026-07-07,CLOSED,api/final/recommendations,,,,,,
kr|006400|aggressive|short|2026-06-30,2026-06-30,kr,006400,삼성SDI,aggressive,short,511000.0,486000.0,552000.0,460136.0,1.0,,,5,2026-07-07,NOT_EXECUTED,api/final/recommendations,,,,,,
kr|055550|aggressive|short|2026-06-30,2026-06-30,kr,055550,신한지주,aggressive,short,94813.04800000001,93588.95650922522,98523.93665765093,92889.0,1.0,,,5,2026-07-07,WIN,api/final/recommendations,,,,,,
kr|006260|aggressive|short|2026-06-30,2026-06-30,kr,006260,LS,aggressive,short,384000.0,364500.0,414500.0,345910.0,1.0,,,5,2026-07-07,NOT_EXECUTED,api/final/recommendations,,,,,,
kr|000100|aggressive|short|2026-06-30,2026-06-30,kr,000100,유한양행,aggressive,short,73700.0,70000.0,79600.0,67436.0,1.0,,,5,2026-07-07,NOT_EXECUTED,api/final/recommendations,,,,,,
kr|086520|aggressive|short|2026-06-30,2026-06-30,kr,086520,에코프로,aggressive,short,111900.0,106300.0,120900.0,101381.0,1.0,,,5,2026-07-07,NOT_EXECUTED,api/final/recommendations,,,,,,
kr|009540|aggressive|short|2026-06-30,2026-06-30,kr,009540,HD한국조선해양,aggressive,short,367500.0,349000.0,397000.0,336174.0,1.0,,,5,2026-07-07,LOSS,api/final/recommendations,,,,,,
kr|373220|aggressive|short|2026-06-30,2026-06-30,kr,373220,LG에너지솔루션,aggressive,short,411301.8632,402001.85234594066,436901.9591281162,346948.0,1.0,,,5,2026-07-07,WIN,api/final/recommendations,,,,,,
kr|267260|aggressive|short|2026-06-30,2026-06-30,kr,267260,HD현대일렉트릭,aggressive,short,1021000.0,970000.0,1102000.0,925131.0,1.0,,,5,2026-07-07,NOT_EXECUTED,api/final/recommendations,,,,,,
kr|214150|aggressive|mid|2026-06-30,2026-06-30,kr,214150,클래시스,aggressive,mid,51269.6848,48633.5989319078,60395.258673252436,42001.0,1.0,,,21,2026-07-29,LOSS,api/final/recommendations,,,,,,
kr|196170|aggressive|mid|2026-06-30,2026-06-30,kr,196170,알테오젠,aggressive,mid,350522.02479999996,333315.1574031145,409253.7322616948,317680.0,1.0,,,21,2026-07-29,LOSS,api/final/recommendations,,,,,,
kr|207940|aggressive|mid|2026-06-30,2026-06-30,kr,207940,삼성바이오로직스,aggressive,mid,1408854.7688,1378399.7893960788,1577650.6973322784,1260904.0,1.0,,,21,2026-07-29,CLOSED,api/final/recommendations,,,,,,
kr|403870|aggressive|mid|2026-06-30,2026-06-30,kr,403870,HPSP,aggressive,mid,54437.6856,50946.16250238757,62377.96575971087,59574.0,1.0,,,21,2026-07-29,LOSS,api/final/recommendations,,,,,,
kr|068270|aggressive|mid|2026-06-30,2026-06-30,kr,068270,셀트리온,aggressive,mid,195886.7576,189585.2155480234,218892.18297413905,152504.0,1.0,,,21,2026-07-29,LOSS,api/final/recommendations,,,,,,
kr|138040|aggressive|mid|2026-06-30,2026-06-30,kr,138040,메리츠금융지주,aggressive,mid,104568.86880000001,99858.41842914376,112003.85707147553,92928.0,1.0,,,21,2026-07-29,WIN,api/final/recommendations,,,,,,
kr|222800|aggressive|mid|2026-06-30,2026-06-30,kr,222800,심텍,aggressive,mid,156100.0,137400.0,203000.0,152621.0,1.0,,,21,2026-07-29,CLOSED,api/final/recommendations,,,,,,
kr|003490|aggressive|mid|2026-06-30,2026-06-30,kr,003490,대한항공,aggressive,mid,24177.796000000002,22885.417608330466,27226.06699151909,25902.0,1.0,,,21,2026-07-29,CLOSED,api/final/recommendations,,,,,,
kr|006400|aggressive|mid|2026-06-30,2026-06-30,kr,006400,삼성SDI,aggressive,mid,511000.0,450000.0,665000.0,428560.0,1.0,,,21,2026-07-29,NOT_EXECUTED,api/final/recommendations,,,,,,
kr|055550|aggressive|mid|2026-06-30,2026-06-30,kr,055550,신한지주,aggressive,mid,93884.152,91531.2541271996,101017.06820323199,86674.0,1.0,,,21,2026-07-29,WIN,api/final/recommendations,,,,,,
kr|006260|aggressive|mid|2026-06-30,2026-06-30,kr,006260,LS,aggressive,mid,384000.0,337500.0,499000.0,321640.0,1.0,,,21,2026-07-29,NOT_EXECUTED,api/final/recommendations,,,,,,
kr|000100|aggressive|mid|2026-06-30,2026-06-30,kr,000100,유한양행,aggressive,mid,73700.0,64900.0,95800.0,61776.0,1.0,,,21,2026-07-29,CLOSED,api/final/recommendations,,,,,,
kr|086520|aggressive|mid|2026-06-30,2026-06-30,kr,086520,에코프로,aggressive,mid,111900.0,98500.0,145500.0,93808.0,1.0,,,21,2026-07-29,NOT_EXECUTED,api/final/recommendations,,,,,,
kr|001440|aggressive|mid|2026-06-30,2026-06-30,kr,001440,대한전선,aggressive,mid,35600.0,31300.0,46250.0,29832.0,1.0,,,21,2026-07-29,NOT_EXECUTED,api/final/recommendations,,,,,,
kr|005490|aggressive|mid|2026-06-30,2026-06-30,kr,005490,POSCO홀딩스,aggressive,mid,333000.0,295000.0,432500.0,278960.0,1.0,,,21,2026-07-29,NOT_EXECUTED,api/final/recommendations,,,,,,
kr|009540|aggressive|mid|2026-06-30,2026-06-30,kr,009540,HD한국조선해양,aggressive,mid,367500.0,336500.0,478000.0,308000.0,1.0,,,21,2026-07-29,CLOSED,api/final/recommendations,,,,,,
kr|373220|aggressive|mid|2026-06-30,2026-06-30,kr,373220,LG에너지솔루션,aggressive,mid,380000.0,334500.0,494000.0,318560.0,1.0,,,21,2026-07-29,NOT_EXECUTED,api/final/recommendations,,,,,,
kr|267260|aggressive|mid|2026-06-30,2026-06-30,kr,267260,HD현대일렉트릭,aggressive,mid,1021000.0,898000.0,1327000.0,855360.0,1.0,,,21,2026-07-29,NOT_EXECUTED,api/final/recommendations,,,,,,
kr|360750|conservative|swing|2026-07-13,2026-07-13,kr,360750,TIGER 미국S&P500,conservative,swing,28225.0,27886.3,29319.34,28765.0,1.0,,,10,2026-07-27,CLOSED,api/final/recommendations,,,,,,
kr|000810|conservative|swing|2026-07-13,2026-07-13,kr,000810,삼성화재,conservative,swing,657000.0,616422.9600000001,788875.38,671002.0,1.0,,,10,2026-07-27,CLOSED,api/final/recommendations,,,,,,
kr|030200|conservative|swing|2026-07-13,2026-07-13,kr,030200,KT,conservative,swing,54100.0,51886.0,61295.49999999999,55218.0,1.0,,,10,2026-07-27,CLOSED,api/final/recommendations,,,,,,
kr|032640|conservative|swing|2026-07-13,2026-07-13,kr,032640,LG유플러스,conservative,swing,14690.0,14105.359999999999,16590.079999999998,14939.0,1.0,,,10,2026-07-27,CLOSED,api/final/recommendations,,,,,,
kr|278470|conservative|swing|2026-07-13,2026-07-13,kr,278470,에이피알,conservative,swing,395000.0,361963.52,502368.56,401221.0,1.0,,,10,2026-07-27,CLOSED,api/final/recommendations,,,,,,
kr|360750|conservative|mid|2026-07-14,2026-07-14,kr,360750,TIGER 미국S&P500,conservative,mid,28235.0,27637.198399999997,30015.178399999997,28968.0,1.0,,,21,2026-08-12,CLOSED,api/final/recommendations,,,,,,
kr|032640|conservative|mid|2026-07-14,2026-07-14,kr,032640,LG유플러스,conservative,mid,14630.0,13613.072,17659.083199999997,14918.0,1.0,,,21,2026-08-12,CLOSED,api/final/recommendations,,,,,,
us|JPM|balanced|swing|2026-07-23,2026-07-23,us,JPM,JPMorgan,balanced,swing,347.01,336.0,383.0,347.42,1.0,,,10,2026-08-06,CLOSED,api/final/recommendations,,,,,,
us|BAC|balanced|swing|2026-07-23,2026-07-23,us,BAC,Bank of America,balanced,swing,61.41,60.0,67.0,61.42,1.0,,,10,2026-08-06,CLOSED,api/final/recommendations,,,,,,
us|SCHD|balanced|swing|2026-07-23,2026-07-23,us,SCHD,SCHD,balanced,swing,32.79,32.0,35.0,32.79,1.0,,,10,2026-08-06,CLOSED,api/final/recommendations,,,,,,
us|SHOP|balanced|swing|2026-07-23,2026-07-23,us,SHOP,Shopify,balanced,swing,118.01,110.0,145.0,117.79,1.0,,,10,2026-08-06,CLOSED,api/final/recommendations,,,,,,
us|PFE|balanced|swing|2026-07-23,2026-07-23,us,PFE,PFE,balanced,swing,24.73,24.0,27.0,24.64,1.0,,,10,2026-08-06,CLOSED,api/final/recommendations,,,,,,
us|F|balanced|swing|2026-07-23,2026-07-23,us,F,Ford,balanced,swing,14.37,14.0,16.0,14.31,1.0,,,10,2026-08-06,CLOSED,api/final/recommendations,,,,,,
us|ADBE|balanced|swing|2026-07-23,2026-07-23,us,ADBE,Adobe,balanced,swing,217.61,204.0,263.0,216.62,1.0,,,10,2026-08-06,CLOSED,api/final/recommendations,,,,,,
us|NVDA|balanced|swing|2026-07-23,2026-07-23,us,NVDA,NVIDIA,balanced,swing,211.33,201.0,246.0,210.37,1.0,,,10,2026-08-06,CLOSED,api/final/recommendations,,,,,,
us|GM|balanced|swing|2026-07-23,2026-07-23,us,GM,General Motors,balanced,swing,81.85,79.0,92.99999999999999,81.15,1.0,,,10,2026-08-06,CLOSED,api/final/recommendations,,,,,,
us|MELI|conservative|mid|2026-07-28,2026-07-28,us,MELI,MercadoLibre,conservative,mid,1817.748088,1726.6033425221028,2111.2506088944306,1889.86,37.5,,,21,2026-08-26,CLOSED,api/final/recommendations,,,,,,
us|PFE|conservative|mid|2026-07-28,2026-07-28,us,PFE,PFE,conservative,mid,24.5979279977417,24.027736027764778,27.068759867641685,25.54,37.5,,,21,2026-08-26,NOT_EXECUTED,api/final/recommendations,,,,,,
us|SNOW|conservative|mid|2026-07-28,2026-07-28,us,SNOW,Snowflake,conservative,mid,272.075728,248.2228159291837,345.0678563388825,282.44,37.5,,,21,2026-08-26,CLOSED,api/final/recommendations,,,,,,
us|ETN|conservative|mid|2026-07-28,2026-07-28,us,ETN,Eaton,conservative,mid,397.40448,370.3775196688695,483.4301670267826,411.88,37.5,,,21,2026-08-26,CLOSED,api/final/recommendations,,,,,,
us|GS|conservative|mid|2026-07-28,2026-07-28,us,GS,Goldman Sachs,conservative,mid,1044.997056578125,971.7372364035334,1274.4847816359977,1082.62,37.5,,,21,2026-08-26,CLOSED,api/final/recommendations,,,,,,
us|ADBE|conservative|mid|2026-07-28,2026-07-28,us,ADBE,Adobe,conservative,mid,237.018984,217.02434088507704,298.74832658246265,243.81,37.5,,,21,2026-08-26,NOT_EXECUTED,api/final/recommendations,,,,,,
us|BAC|conservative|mid|2026-07-28,2026-07-28,us,BAC,Bank of America,conservative,mid,61.93437596838378,60.0907673796611,69.20269195949064,63.66,37.5,,,21,2026-08-26,CLOSED,api/final/recommendations,,,,,,
us|COP|conservative|mid|2026-07-28,2026-07-28,us,COP,ConocoPhillips,conservative,mid,115.21963994580078,110.24949483986067,131.45497213459586,118.12,37.5,,,21,2026-08-26,CLOSED,api/final/recommendations,,,,,,
us|HPE|balanced|short|2026-07-28,2026-07-28,us,HPE,HPE,balanced,short,48.0404,46.01783606754221,53.50881359516364,48.79,45.3,,,5,2026-08-04,CLOSED,api/final/recommendations,,,,,,
us|CEG|balanced|short|2026-07-28,2026-07-28,us,CEG,Constellation Energy,balanced,short,266.1772,260.1912924796268,282.6639828291509,266.85,45.3,,,5,2026-08-04,CLOSED,api/final/recommendations,,,,,,
us|CVX|balanced|mid|2026-07-28,2026-07-28,us,CVX,Chevron,balanced,mid,189.0496,180.77009046830094,216.3667078816568,192.05,38.2,,,21,2026-08-26,CLOSED,api/final/recommendations,,,,,,
us|JNJ|aggressive|short|2026-07-28,2026-07-28,us,JNJ,JNJ,aggressive,short,265.0673624121094,260.13059412848673,281.7427366703757,269.01,36.0,,,5,2026-08-04,CLOSED,api/final/recommendations,,,,,,
us|F|aggressive|short|2026-07-28,2026-07-28,us,F,Ford,aggressive,short,14.631856060302734,14.108648109644095,15.899723401714082,14.71,36.0,,,5,2026-08-04,CLOSED,api/final/recommendations,,,,,,
us|ELF|aggressive|mid|2026-07-28,2026-07-28,us,ELF,e.l.f. Beauty,aggressive,mid,83.66732800000001,69.30091984968593,112.95089280000002,86.04,36.8,,,21,2026-08-26,CLOSED,api/final/recommendations,,,,,,
us|LMT|aggressive|mid|2026-07-28,2026-07-28,us,LMT,LMT,aggressive,mid,577.58572,526.1852739125262,740.4840643526873,593.67,36.8,,,21,2026-08-26,CLOSED,api/final/recommendations,,,,,,
us|AAPL|aggressive|mid|2026-07-28,2026-07-28,us,AAPL,Apple,aggressive,mid,337.13325311999995,313.20646560824844,416.06413167459806,345.87,46.7,,,21,2026-08-26,CLOSED,api/final/recommendations,,,,,,
us|SLB|aggressive|mid|2026-07-28,2026-07-28,us,SLB,Schlumberger,aggressive,mid,51.31193668066406,47.40592708109611,64.85235698744006,52.31,46.7,,,21,2026-08-26,CLOSED,api/final/recommendations,,,,,,
us|SCHD|aggressive|mid|2026-07-28,2026-07-28,us,SCHD,SCHD,aggressive,mid,33.28981582983399,27.831132757311206,44.94125137027589,33.93,36.0,,,21,2026-08-26,CLOSED,api/final/recommendations,,,,,,
us|RIOT|balanced|swing|2026-07-28,2026-07-28,us,RIOT,Riot Platforms,balanced,swing,20.97,18.0,28.3095,21.02,39.6,,,10,2026-08-11,CLOSED,api/final/recommendations,,,,,,
us|CEG|balanced|mid|2026-07-28,2026-07-28,us,CEG,Constellation Energy,balanced,mid,267.2036,246.7290105387807,327.1507721057078,270.91,38.2,,,21,2026-08-26,CLOSED,api/final/recommendations,,,,,,
us|NVDA|conservative|swing|2026-07-28,2026-07-28,us,NVDA,NVIDIA,conservative,swing,195.09159999999997,187.22227824830696,223.25877547629796,200.06,44.9,,,10,2026-08-11,CLOSED,api/final/recommendations,,,,,,
us|MPWR|conservative|swing|2026-07-28,2026-07-28,us,MPWR,Monolithic Power,conservative,swing,1297.174,1219.3237425226268,1566.4881127353535,1328.86,44.9,,,10,2026-08-11,CLOSED,api/final/recommendations,,,,,,
us|NVDA|conservative|swing|2026-07-29,2026-07-29,us,NVDA,NVIDIA,conservative,swing,196.444438,189.0434661125633,223.55791412348907,201.37,39.0,,,10,2026-08-12,CLOSED,api/final/recommendations,,,,,,
us|AVGO|conservative|swing|2026-07-29,2026-07-29,us,AVGO,Broadcom,conservative,swing,379.66495,365.0144249370733,433.27484600313716,388.94,39.0,,,10,2026-08-12,CLOSED,api/final/recommendations,,,,,,
us|SNOW|conservative|mid|2026-07-29,2026-07-29,us,SNOW,Snowflake,conservative,mid,269.526024,244.29514844179232,348.2319426237436,279.95,34.6,,,21,2026-08-27,CLOSED,api/final/recommendations,,,,,,
us|HPE|conservative|mid|2026-07-29,2026-07-29,us,HPE,HPE,conservative,mid,45.445856,40.26664826829307,61.3519056,46.96,34.6,,,21,2026-08-27,CLOSED,api/final/recommendations,,,,,,
us|SLB|balanced|mid|2026-07-29,2026-07-29,us,SLB,Schlumberger,balanced,mid,49.729200146484374,46.050897308575706,60.55316656197906,50.7,35.9,,,21,2026-08-27,CLOSED,api/final/recommendations,,,,,,
us|ABBV|balanced|mid|2026-07-29,2026-07-29,us,ABBV,AbbVie Inc.,balanced,mid,261.89319609374996,247.11387417147992,306.44210668728306,266.94,34.7,,,21,2026-08-27,CLOSED,api/final/recommendations,,,,,,
us|MA|balanced|mid|2026-07-29,2026-07-29,us,MA,Mastercard,balanced,mid,559.9384,532.7530920435232,644.8166796429667,568.25,34.7,,,21,2026-08-27,CLOSED,api/final/recommendations,,,,,,
us|CVX|balanced|mid|2026-07-29,2026-07-29,us,CVX,Chevron,balanced,mid,186.6427994140625,177.58542497083198,214.50048820379473,189.29,35.9,,,21,2026-08-27,CLOSED,api/final/recommendations,,,,,,
us|JNJ|aggressive|short|2026-07-29,2026-07-29,us,JNJ,JNJ,aggressive,short,265.83933817089843,260.2527447959999,282.72611107453315,268.69,44.1,,,5,2026-08-05,CLOSED,api/final/recommendations,,,,,,
us|SCHD|aggressive|short|2026-07-29,2026-07-29,us,SCHD,SCHD,aggressive,short,33.77766387939453,33.14474551976997,34.926104451293945,34.02,44.1,,,5,2026-08-05,CLOSED,api/final/recommendations,,,,,,
us|LMT|aggressive|mid|2026-07-29,2026-07-29,us,LMT,LMT,aggressive,mid,578.8957213613281,526.9884497814309,744.8017073562903,593.77,34.3,,,21,2026-08-27,CLOSED,api/final/recommendations,,,,,,
us|AAPL|aggressive|mid|2026-07-29,2026-07-29,us,AAPL,Apple,aggressive,mid,338.53397800000005,313.95324792548485,416.75377933633837,346.83,36.4,,,21,2026-08-27,CLOSED,api/final/recommendations,,,,,,
us|ELF|aggressive|mid|2026-07-29,2026-07-29,us,ELF,e.l.f. Beauty,aggressive,mid,83.757328,69.24380068839828,113.0723928,85.78,34.3,,,21,2026-08-27,CLOSED,api/final/recommendations,,,,,,
us|ADBE|aggressive|mid|2026-07-29,2026-07-29,us,ADBE,Adobe,aggressive,mid,248.13641208398437,211.34743264242482,334.98415631337895,253.93,36.4,,,21,2026-08-27,CLOSED,api/final/recommendations,,,,,,
us|KO|aggressive|mid|2026-07-29,2026-07-29,us,KO,KO,aggressive,mid,87.89617787182617,81.3099014924028,107.41500042066757,89.55,36.4,,,21,2026-08-27,CLOSED,api/final/recommendations,,,,,,
us|CRM|aggressive|mid|2026-07-29,2026-07-29,us,CRM,Salesforce,aggressive,mid,180.75235200000003,152.9352060779678,244.01567520000006,184.04,36.4,,,21,2026-08-27,CLOSED,api/final/recommendations,,,,,,
us|BAC|aggressive|mid|2026-07-29,2026-07-29,us,BAC,Bank of America,aggressive,mid,62.35520859558106,58.35113552429754,74.0095917861092,63.49,36.4,,,21,2026-08-27,CLOSED,api/final/recommendations,,,,,,
us|RSP|aggressive|mid|2026-07-29,2026-07-29,us,RSP,RSP,aggressive,mid,216.7865906386719,211.70372542406432,236.16366328480635,220.09,33.3,,,21,2026-08-27,CLOSED,api/final/recommendations,,,,,,
us|F|aggressive|mid|2026-07-29,2026-07-29,us,F,Ford,aggressive,mid,14.897695978729248,13.394091094295916,18.598715014045514,15.1,36.4,,,21,2026-08-27,CLOSED,api/final/recommendations,,,,,,
us|PFE|aggressive|mid|2026-07-29,2026-07-29,us,PFE,PFE,aggressive,mid,25.140968,23.21253793731406,30.15841827928197,25.39,33.3,,,21,2026-08-27,CLOSED,api/final/recommendations,,,,,,
us|SLB|aggressive|mid|2026-07-29,2026-07-29,us,SLB,Schlumberger,aggressive,mid,49.77751225524902,45.119415537711085,64.27969367423916,50.64,36.4,48.0,SIDE,21,2026-08-27,CLOSED,api/final/recommendations,,,,,,
us|DELL|conservative|swing|2026-07-29,2026-07-29,us,DELL,Dell,conservative,swing,390.87539999999996,355.9028962828976,509.9071833345453,399.24,38.2,52.2,SIDE,10,2026-08-12,CLOSED,api/final/recommendations,,,,,,
us|NVO|balanced|short|2026-07-29,2026-07-29,us,NVO,Novo Nordisk,balanced,short,51.1136,50.40538021316615,53.81028303448275,51.8,32.2,64.2,SIDE,5,2026-08-05,CLOSED,api/final/recommendations,,,,,,
us|PEP|balanced|short|2026-07-29,2026-07-29,us,PEP,PEP,balanced,short,144.38960214843752,142.22405855233694,151.07690973136445,145.88,41.1,57.9,SIDE,5,2026-08-05,CLOSED,api/final/recommendations,,,,,,
us|ELF|balanced|mid|2026-07-29,2026-07-29,us,ELF,e.l.f. Beauty,balanced,mid,83.2576,72.2359557159309,112.39776,85.27,34.7,55.8,SIDE,21,2026-08-27,CLOSED,api/final/recommendations,,,,,,
us|TMDX|balanced|mid|2026-07-29,2026-07-29,us,TMDX,TransMedics,balanced,mid,76.2188,67.89955443637793,99.54169287170751,78.0,35.9,62.4,SIDE,21,2026-08-27,CLOSED,api/final/recommendations,,,,,,
us|SNOW|aggressive|short|2026-07-29,2026-07-29,us,SNOW,Snowflake,aggressive,short,280.261192,266.73353681797226,317.902703092627,285.13,44.1,45.5,SIDE,5,2026-08-05,CLOSED,api/final/recommendations,,,,,,
us|ABBV|aggressive|short|2026-07-29,2026-07-29,us,ABBV,AbbVie Inc.,aggressive,short,264.79735855273435,260.0884372410604,280.80205598692277,267.88,44.1,46.7,SIDE,5,2026-08-05,CLOSED,api/final/recommendations,,,,,,
us|MA|aggressive|short|2026-07-29,2026-07-29,us,MA,Mastercard,aggressive,short,562.1433768242186,552.2866759099081,593.6751285615308,568.58,44.1,50.7,SIDE,5,2026-08-05,CLOSED,api/final/recommendations,,,,,,
us|ABNB|aggressive|mid|2026-07-29,2026-07-29,us,ABNB,"Airbnb, Inc.",aggressive,mid,154.93581004199217,141.58333669164801,195.55746922925115,160.33,34.3,53.1,SIDE,21,2026-08-27,CLOSED,api/final/recommendations,,,,,,
us|COP|aggressive|mid|2026-07-29,2026-07-29,us,COP,ConocoPhillips,aggressive,mid,117.267144,108.37605778178093,148.5130064717003,118.77,33.3,55.6,SIDE,21,2026-08-27,CLOSED,api/final/recommendations,,,,,,
us|COIN|conservative|swing|2026-07-30,2026-07-30,us,COIN,Coinbase,conservative,swing,159.5908,149.8982486848542,192.8091070630292,163.31,0.0,64.3,BEAR,10,2026-08-13,CLOSED,api/final/recommendations,,,,,,
us|BAC|conservative|mid|2026-07-30,2026-07-30,us,BAC,Bank of America,conservative,mid,60.8846720090332,59.088573184854226,68.20448745519118,62.84,29.5,81.0,BEAR,21,2026-08-28,CLOSED,api/final/recommendations,,,,,,
us|NVO|balanced|short|2026-07-30,2026-07-30,us,NVO,Novo Nordisk,balanced,short,51.4236,50.50428422979552,53.90915745277508,52.0,0.0,81.5,BEAR,5,2026-08-06,CLOSED,api/final/recommendations,,,,,,
us|PEP|balanced|short|2026-07-30,2026-07-30,us,PEP,PEP,balanced,short,143.058,141.11717813090655,149.28905968498424,144.31,28.6,74.2,BEAR,5,2026-08-06,CLOSED,api/final/recommendations,,,,,,
us|COP|balanced|mid|2026-07-30,2026-07-30,us,COP,ConocoPhillips,balanced,mid,117.46600078125,110.06986755290792,140.3926954052908,119.25,29.0,62.1,BEAR,21,2026-08-28,CLOSED,api/final/recommendations,,,,,,
us|CVX|balanced|mid|2026-07-30,2026-07-30,us,CVX,Chevron,balanced,mid,190.8963998046875,181.49630271683213,221.04790336699497,193.51,29.0,66.2,BEAR,21,2026-08-28,CLOSED,api/final/recommendations,,,,,,
us|MA|aggressive|short|2026-07-30,2026-07-30,us,MA,Mastercard,aggressive,short,561.4423854472657,551.332523297953,593.6172436001721,567.7,0.0,49.4,BEAR,5,2026-08-06,CLOSED,api/final/recommendations,,,,,,
us|ABBV|aggressive|short|2026-07-30,2026-07-30,us,ABBV,AbbVie Inc.,aggressive,short,262.42538158789057,257.18480846826134,277.851262141638,265.24,0.0,49.8,BEAR,5,2026-08-06,CLOSED,api/final/recommendations,,,,,,
us|TMDX|aggressive|mid|2026-07-30,2026-07-30,us,TMDX,TransMedics,aggressive,mid,77.672904,66.57576152764766,104.85842040000001,79.7,0.0,67.6,BEAR,21,2026-08-28,CLOSED,api/final/recommendations,,,,,,
us|ESTC|aggressive|mid|2026-07-30,2026-07-30,us,ESTC,Elastic,aggressive,mid,64.175208,53.92760853759005,86.6365308,65.74,0.0,63.1,BEAR,21,2026-08-28,CLOSED,api/final/recommendations,,,,,,
us|SNOW|aggressive|mid|2026-07-30,2026-07-30,us,SNOW,Snowflake,aggressive,mid,281.716224,235.7258537278952,380.31690240000006,288.42,0.0,66.0,BEAR,21,2026-08-28,CLOSED,api/final/recommendations,,,,,,
us|LMT|aggressive|mid|2026-07-30,2026-07-30,us,LMT,LMT,aggressive,mid,566.8324411933593,513.4216798791047,736.4390760948706,579.56,0.0,57.1,BEAR,21,2026-08-28,CLOSED,api/final/recommendations,,,,,,
us|KO|aggressive|mid|2026-07-30,2026-07-30,us,KO,KO,aggressive,mid,88.7061749790039,82.43033092148889,108.56333781723495,90.48,0.0,60.4,BEAR,21,2026-08-28,CLOSED,api/final/recommendations,,,,,,
us|RSP|aggressive|mid|2026-07-30,2026-07-30,us,RSP,RSP,aggressive,mid,214.82659438232423,209.67842457285312,235.91155253056138,218.2,0.0,74.3,BEAR,21,2026-08-28,CLOSED,api/final/recommendations,,,,,,
us|SCHD|aggressive|mid|2026-07-30,2026-07-30,us,SCHD,SCHD,aggressive,mid,33.689814979003906,32.480384570685914,37.711144725928676,34.19,0.0,74.3,BEAR,21,2026-08-28,CLOSED,api/final/recommendations,,,,,,
us|F|aggressive|mid|2026-07-30,2026-07-30,us,F,Ford,aggressive,mid,15.217696148895264,13.191034530123964,20.128818151719052,15.44,0.0,57.4,BEAR,21,2026-08-28,CLOSED,api/final/recommendations,,,,,,
us|AAPL|aggressive|mid|2026-07-30,2026-07-30,us,AAPL,Apple,aggressive,mid,337.013552,313.2203233453548,414.2983192159147,345.32,0.0,54.2,BEAR,21,2026-08-28,CLOSED,api/final/recommendations,,,,,,
us|LLY|conservative|short|2026-07-30,2026-07-30,us,LLY,Eli Lilly,conservative,short,1207.6332,1190.2121233966634,1259.9585545201194,1241.22,32.0,79.9,BEAR,5,2026-08-06,LOSS,api/final/recommendations,,,,,,
us|COST|balanced|short|2026-07-30,2026-07-30,us,COST,Costco,balanced,short,960.0236,947.7237824816124,996.0517871194385,966.8,0.0,69.9,BEAR,5,2026-08-06,CLOSED,api/final/recommendations,,,,,,
us|DUOL|aggressive|mid|2026-07-30,2026-07-30,us,DUOL,Duolingo,aggressive,mid,136.47696,114.08938730538699,184.243896,140.0,0.0,47.2,BEAR,21,2026-08-28,CLOSED,api/final/recommendations,,,,,,
us|NET|conservative|short|2026-07-30,2026-07-30,us,NET,Cloudflare,conservative,short,269.84429829296874,262.30589624007524,290.9010612165765,279.99,41.7,66.8,SIDE,5,2026-08-06,CLOSED,api/final/recommendations,,,,,,
us|SHOP|conservative|short|2026-07-30,2026-07-30,us,SHOP,Shopify,conservative,short,124.900712,121.6243944204689,134.10350224709603,128.92,41.7,62.2,SIDE,5,2026-08-06,CLOSED,api/final/recommendations,,,,,,
us|DASH|conservative|short|2026-07-30,2026-07-30,us,DASH,DASH,conservative,short,191.60341399365234,187.0569105068312,204.21174607428387,197.65,41.7,61.6,SIDE,5,2026-08-06,CLOSED,api/final/recommendations,,,,,,
us|ABNB|conservative|short|2026-07-30,2026-07-30,us,ABNB,"Airbnb, Inc.",conservative,short,150.01297485351563,147.68329088477213,156.5217848889963,154.73,41.7,60.8,SIDE,5,2026-08-06,CLOSED,api/final/recommendations,,,,,,
us|PEP|conservative|short|2026-07-30,2026-07-30,us,PEP,PEP,conservative,short,139.61654200634766,137.94114350227147,144.73332949049782,143.98,41.7,71.6,SIDE,5,2026-08-06,LOSS,api/final/recommendations,,,,,,
us|DIS|conservative|short|2026-07-30,2026-07-30,us,DIS,The Walt Disney Company,conservative,short,95.47905514013672,94.33330647845509,99.03372503586579,98.42,41.7,73.9,SIDE,5,2026-08-06,NOT_EXECUTED,api/final/recommendations,,,,,,
us|SLB|conservative|short|2026-07-30,2026-07-30,us,SLB,Schlumberger,conservative,short,48.79452771337891,47.95585887096289,51.07389230117332,50.09,41.7,60.9,SIDE,5,2026-08-06,CLOSED,api/final/recommendations,,,,,,
us|LLY|conservative|mid|2026-07-30,2026-07-30,us,LLY,Eli Lilly,conservative,mid,1169.065448,1109.025059115132,1363.4554725068717,1215.51,34.4,68.9,SIDE,21,2026-08-28,CLOSED,api/final/recommendations,,,,,,
us|COIN|conservative|mid|2026-07-30,2026-07-30,us,COIN,Coinbase,conservative,mid,163.18401599999999,146.8387370326588,215.48257331604708,169.31,34.4,76.2,SIDE,21,2026-08-28,CLOSED,api/final/recommendations,,,,,,
us|ELF|balanced|short|2026-07-30,2026-07-30,us,ELF,e.l.f. Beauty,balanced,short,80.41,76.78199048923192,89.03418020664758,82.32,42.5,68.9,SIDE,5,2026-08-06,CLOSED,api/final/recommendations,,,,,,
us|DUOL|aggressive|short|2026-07-30,2026-07-30,us,DUOL,Duolingo,aggressive,short,131.834968,125.2959535872,150.4364567107097,135.33,34.2,60.3,SIDE,5,2026-08-06,CLOSED,api/final/recommendations,,,,,,
us|KO|aggressive|short|2026-07-30,2026-07-30,us,KO,KO,aggressive,short,87.25532866333008,85.39911163484815,92.58310701120891,89.09,42.1,53.5,SIDE,5,2026-08-06,CLOSED,api/final/recommendations,,,,,,
us|TMDX|aggressive|short|2026-07-30,2026-07-30,us,TMDX,TransMedics,aggressive,short,76.12939999999999,72.68691018498421,85.24187303974763,77.72,34.2,69.7,SIDE,5,2026-08-06,CLOSED,api/final/recommendations,,,,,,
us|F|aggressive|short|2026-07-30,2026-07-30,us,F,Ford,aggressive,short,14.76988008291626,14.12861912131088,15.908962054188972,15.02,42.1,54.1,SIDE,5,2026-08-06,CLOSED,api/final/recommendations,,,,,,
us|NOW|aggressive|short|2026-07-30,2026-07-30,us,NOW,ServiceNow,aggressive,short,108.15916,101.3333073584043,126.44823454714405,109.97,34.2,63.4,SIDE,5,2026-08-06,CLOSED,api/final/recommendations,,,,,,
us|CRM|aggressive|mid|2026-07-30,2026-07-30,us,CRM,Salesforce,aggressive,mid,177.580048,150.01224460035323,239.73306480000002,183.03,33.1,63.6,SIDE,21,2026-08-28,CLOSED,api/final/recommendations,,,,,,
us|GM|aggressive|mid|2026-07-30,2026-07-30,us,GM,General Motors,aggressive,mid,87.26059914916992,78.43597669022539,115.01546010875349,89.7,34.1,54.4,SIDE,21,2026-08-28,CLOSED,api/final/recommendations,,,,,,
us|ADBE|aggressive|mid|2026-07-30,2026-07-30,us,ADBE,Adobe,aggressive,mid,245.25410365966798,204.97200819518977,331.09303994055176,251.76,33.1,61.7,SIDE,21,2026-08-28,CLOSED,api/final/recommendations,,,,,,
us|BMNR|aggressive|mid|2026-07-30,2026-07-30,us,BMNR,비트마인 이머전 테크놀로지스,aggressive,mid,17.65212,14.906632260923079,23.830362,18.11,36.2,55.7,SIDE,21,2026-08-28,CLOSED,api/final/recommendations,,,,,,
us|COST|conservative|short|2026-07-31,2026-07-31,us,COST,Costco,conservative,short,952.28708,940.85963504,982.2434738593131,978.08,41.7,70.7,SIDE,5,2026-08-07,CLOSED,api/final/recommendations,,,,,,
us|SLB|conservative|short|2026-07-31,2026-07-31,us,SLB,Schlumberger,conservative,short,48.814527928344724,47.96605069313989,51.08326450475224,50.12,41.7,60.9,SIDE,5,2026-08-07,CLOSED,api/final/recommendations,,,,,,
us|MELI|conservative|short|2026-07-31,2026-07-31,us,MELI,MercadoLibre,conservative,short,1882.011896,1855.1740409238369,1962.3914027418757,1928.29,36.5,60.0,SIDE,5,2026-08-07,CLOSED,api/final/recommendations,,,,,,
us|PFE|conservative|mid|2026-07-31,2026-07-31,us,PFE,PFE,conservative,mid,24.827632004516598,24.03887523410231,28.091152738329143,25.85,34.4,81.0,SIDE,21,2026-08-31,NOT_EXECUTED,api/final/recommendations,,,,,,
us|JNJ|conservative|mid|2026-07-31,2026-07-31,us,JNJ,JNJ,conservative,mid,254.95513578320313,243.57045406165906,293.0672109453505,265.11,34.4,69.2,SIDE,21,2026-08-31,CLOSED,api/final/recommendations,,,,,,
us|HPE|conservative|mid|2026-07-31,2026-07-31,us,HPE,HPE,conservative,mid,46.975263999999996,42.242749127503444,63.4166064,48.84,34.4,77.5,SIDE,21,2026-08-31,CLOSED,api/final/recommendations,,,,,,
us|DUOL|balanced|short|2026-07-31,2026-07-31,us,DUOL,Duolingo,balanced,short,133.3212,127.74651400976049,147.48593937202494,136.91,42.5,73.8,SIDE,5,2026-08-07,LOSS,api/final/recommendations,,,,,,
us|TMDX|balanced|short|2026-07-31,2026-07-31,us,TMDX,TransMedics,balanced,short,75.96679999999999,73.31892308130188,82.84855723599946,77.71,33.3,76.1,SIDE,5,2026-08-07,CLOSED,api/final/recommendations,,,,,,
us|F|balanced|short|2026-07-31,2026-07-31,us,F,Ford,balanced,short,14.82599989013672,14.274604836829,15.636074104255467,15.14,42.5,62.5,SIDE,5,2026-08-07,CLOSED,api/final/recommendations,,,,,,
us|PATH|balanced|swing|2026-07-31,2026-07-31,us,PATH,UiPath,balanced,swing,12.33,11.0,15.999999999999998,12.5,34.6,52.6,SIDE,10,2026-08-14,CLOSED,api/final/recommendations,,,,,,
us|ELF|balanced|mid|2026-07-31,2026-07-31,us,ELF,e.l.f. Beauty,balanced,mid,81.82440000000001,70.05199309849873,110.46294000000002,84.4,35.7,63.7,SIDE,21,2026-08-31,CLOSED,api/final/recommendations,,,,,,
us|DASH|balanced|mid|2026-07-31,2026-07-31,us,DASH,DASH,balanced,mid,196.48720039062502,175.7370973862744,258.7902415587069,202.37,35.7,54.5,SIDE,21,2026-08-31,CLOSED,api/final/recommendations,,,,,,
us|CRM|balanced|mid|2026-07-31,2026-07-31,us,CRM,Salesforce,balanced,mid,179.7596,157.36150789888327,242.67546000000002,185.08,35.7,60.1,SIDE,21,2026-08-31,CLOSED,api/final/recommendations,,,,,,
us|ESTC|balanced|mid|2026-07-31,2026-07-31,us,ESTC,Elastic,balanced,mid,63.906800000000004,57.32856417815284,85.01252254664792,65.79,35.7,62.9,SIDE,21,2026-08-31,CLOSED,api/final/recommendations,,,,,,
us|COP|balanced|mid|2026-07-31,2026-07-31,us,COP,ConocoPhillips,balanced,mid,118.396400390625,111.07989234117989,142.71884606851012,120.92,35.7,57.1,SIDE,21,2026-08-31,CLOSED,api/final/recommendations,,,,,,
us|CVX|balanced|mid|2026-07-31,2026-07-31,us,CVX,Chevron,balanced,mid,191.29360078125,181.35360417555083,220.90266228841236,194.96,35.7,61.4,SIDE,21,2026-08-31,CLOSED,api/final/recommendations,,,,,,
us|ABNB|aggressive|short|2026-07-31,2026-07-31,us,ABNB,"Airbnb, Inc.",aggressive,short,151.6868243618164,147.81406431111617,163.08648096266785,155.06,42.1,51.3,SIDE,5,2026-08-07,CLOSED,api/final/recommendations,,,,,,
us|SHOP|aggressive|short|2026-07-31,2026-07-31,us,SHOP,Shopify,aggressive,short,122.07903999999999,116.17281601888523,138.61374538491802,124.76,34.2,54.9,SIDE,5,2026-08-07,CLOSED,api/final/recommendations,,,,,,
us|AAPL|aggressive|short|2026-07-31,2026-07-31,us,AAPL,Apple,aggressive,short,332.56340800000004,325.5181670252031,354.288048836665,339.55,34.2,56.8,SIDE,5,2026-08-07,CLOSED,api/final/recommendations,,,,,,
us|NVO|aggressive|short|2026-07-31,2026-07-31,us,NVO,Novo Nordisk,aggressive,short,51.473592,50.25859108252068,54.743806162973556,52.49,44.1,52.1,SIDE,5,2026-08-07,CLOSED,api/final/recommendations,,,,,,
us|NOW|aggressive|short|2026-07-31,2026-07-31,us,NOW,ServiceNow,aggressive,short,109.781136,103.27584870278196,128.41943324716,111.52,42.1,56.7,SIDE,5,2026-08-07,CLOSED,api/final/recommendations,,,,,,
us|DIS|aggressive|short|2026-07-31,2026-07-31,us,DIS,The Walt Disney Company,aggressive,short,95.9112567236328,93.50660091499748,102.47915151504552,97.29,34.2,62.3,SIDE,5,2026-08-07,CLOSED,api/final/recommendations,,,,,,
us|SNOW|aggressive|mid|2026-07-31,2026-07-31,us,SNOW,Snowflake,aggressive,mid,296.760464,250.61180373926913,400.6266264,307.77,32.3,49.6,SIDE,21,2026-08-31,CLOSED,api/final/recommendations,,,,,,
us|NET|aggressive|mid|2026-07-31,2026-07-31,us,NET,Cloudflare,aggressive,mid,282.112768,237.05921218826356,380.85223680000007,291.43,36.2,57.9,SIDE,21,2026-08-31,CLOSED,api/final/recommendations,,,,,,
us|GM|aggressive|mid|2026-07-31,2026-07-31,us,GM,General Motors,aggressive,mid,87.99502314916992,79.59570950045782,116.21105561631173,90.61,34.1,58.7,SIDE,21,2026-08-31,CLOSED,api/final/recommendations,,,,,,
us|KO|aggressive|mid|2026-07-31,2026-07-31,us,KO,KO,aggressive,mid,88.08502519116212,81.17273778489279,109.02470160806068,90.48,36.2,59.4,SIDE,21,2026-08-31,CLOSED,api/final/recommendations,,,,,,
us|MA|aggressive|mid|2026-07-31,2026-07-31,us,MA,Mastercard,aggressive,mid,574.7488216132812,536.0520920579562,699.8563688201973,590.19,34.1,49.8,SIDE,21,2026-08-31,CLOSED,api/final/recommendations,,,,,,
us|ADBE|aggressive|mid|2026-07-31,2026-07-31,us,ADBE,Adobe,aggressive,mid,246.77853140332033,205.63084800231684,333.1510173944825,252.94,34.1,56.4,SIDE,21,2026-08-31,CLOSED,api/final/recommendations,,,,,,
us|RSP|aggressive|mid|2026-07-31,2026-07-31,us,RSP,RSP,aggressive,mid,214.41428527734374,208.26982440914782,236.1908534366757,219.11,33.1,68.6,SIDE,21,2026-08-31,CLOSED,api/final/recommendations,,,,,,
us|SCHD|aggressive|mid|2026-07-31,2026-07-31,us,SCHD,SCHD,aggressive,mid,33.25424008508301,27.84550132894721,44.89322411486207,33.97,33.1,73.7,SIDE,21,2026-08-31,CLOSED,api/final/recommendations,,,,,,
us|LMT|aggressive|mid|2026-07-31,2026-07-31,us,LMT,LMT,aggressive,mid,571.5243921679688,516.8619602793972,746.8565343767367,582.69,33.1,59.3,SIDE,21,2026-08-31,CLOSED,api/final/recommendations,,,,,,
kr|138040|aggressive|mid|2026-07-31,2026-07-31,kr,138040,메리츠금융지주,aggressive,mid,124000.0,104474.6128,167400.0,126842.0,12.0,64.8,BEAR,21,2026-08-31,CLOSED,api/final/recommendations,,,,,,
kr|068270|aggressive|mid|2026-07-31,2026-07-31,kr,068270,셀트리온,aggressive,mid,186700.0,162031.7872,252045.00000000003,190821.0,18.2,62.9,BEAR,21,2026-08-31,CLOSED,api/final/recommendations,,,,,,
kr|028670|aggressive|mid|2026-07-31,2026-07-31,kr,028670,팬오션,aggressive,mid,5470.0,4502.6512,7384.500000000001,5587.0,15.0,56.1,BEAR,21,2026-08-31,CLOSED,api/final/recommendations,,,,,,
kr|078930|aggressive|mid|2026-07-31,2026-07-31,kr,078930,GS,aggressive,mid,89000.0,72980.0,120150.00000000001,90541.0,18.2,64.3,BEAR,21,2026-08-31,CLOSED,api/final/recommendations,,,,,,
kr|035720|aggressive|mid|2026-07-31,2026-07-31,kr,035720,카카오,aggressive,mid,37400.0,31209.6224,50490.0,38118.0,15.0,52.4,BEAR,21,2026-08-31,CLOSED,api/final/recommendations,,,,,,
kr|009540|aggressive|mid|2026-07-31,2026-07-31,kr,009540,HD한국조선해양,aggressive,mid,384500.0,315290.0,519075.00000000006,389330.0,15.0,54.6,BEAR,21,2026-08-31,CLOSED,api/final/recommendations,,,,,,
us|COIN|conservative|swing|2026-07-31,2026-07-31,us,COIN,Coinbase,conservative,swing,154.449228,144.85079697219285,186.98685229996892,159.48,39.0,60.7,SIDE,10,2026-08-14,CLOSED,api/final/recommendations,,,,,,
us|TMDX|balanced|mid|2026-07-31,2026-07-31,us,TMDX,TransMedics,balanced,mid,77.072016,68.93795707670856,101.8960564417468,79.17,35.7,73.1,SIDE,21,2026-08-31,CLOSED,api/final/recommendations,,,,,,
us|AAPL|aggressive|swing|2026-07-31,2026-07-31,us,AAPL,Apple,aggressive,swing,307.5446,294.24741606629186,357.8287867114028,316.41,31.7,61.3,SIDE,10,2026-08-14,CLOSED,api/final/recommendations,,,,,,
us|LLY|conservative|swing|2026-07-31,2026-07-31,us,LLY,Eli Lilly,conservative,swing,1148.00755,1113.3826694805807,1273.6533508234604,1186.74,39.0,62.6,SIDE,10,2026-08-14,LOSS,api/final/recommendations,,,,,,
us|LYFT|conservative|short|2026-07-31,2026-07-31,us,LYFT,LYFT,conservative,short,15.48817621496582,15.262549753489123,16.30648088140848,15.93,41.7,73.1,SIDE,5,2026-08-07,CLOSED,api/final/recommendations,,,,,,
us|TMDX|conservative|short|2026-07-31,2026-07-31,us,TMDX,TransMedics,conservative,short,75.561488,73.8792326305175,80.1149396694374,77.53,41.7,63.9,SIDE,5,2026-08-07,CLOSED,api/final/recommendations,,,,,,
us|PEP|conservative|short|2026-07-31,2026-07-31,us,PEP,PEP,conservative,short,139.07419486621095,137.4053045278164,143.9465179852489,142.61,41.7,71.2,SIDE,5,2026-08-07,CLOSED,api/final/recommendations,,,,,,
us|NFLX|conservative|short|2026-07-31,2026-07-31,us,NFLX,Netflix,conservative,short,71.92679185668945,70.55349101517834,75.75241562947042,73.48,41.7,53.5,SIDE,5,2026-08-07,CLOSED,api/final/recommendations,,,,,,
us|SLB|conservative|swing|2026-07-31,2026-07-31,us,SLB,Schlumberger,conservative,swing,48.779599597167966,47.52578173965192,54.4470004301356,49.83,39.0,55.0,SIDE,10,2026-08-14,CLOSED,api/final/recommendations,,,,,,
us|ABBV|conservative|mid|2026-07-31,2026-07-31,us,ABBV,AbbVie Inc.,conservative,mid,250.86543196386717,239.56628252490077,288.0406472787957,259.77,34.4,69.6,SIDE,21,2026-08-31,CLOSED,api/final/recommendations,,,,,,
us|DIS|conservative|mid|2026-07-31,2026-07-31,us,DIS,The Walt Disney Company,conservative,mid,95.73052807226563,92.17638373227446,108.35217524044289,99.09,34.4,81.0,SIDE,21,2026-08-31,CLOSED,api/final/recommendations,,,,,,
us|F|conservative|mid|2026-07-31,2026-07-31,us,F,Ford,conservative,mid,14.468667989837646,14.02202110890851,17.073316201497097,14.85,34.4,74.7,SIDE,21,2026-08-31,CLOSED,api/final/recommendations,,,,,,
us|ABNB|balanced|short|2026-07-31,2026-07-31,us,ABNB,"Airbnb, Inc.",balanced,short,152.0404001953125,149.3925809406108,160.28335422473089,154.65,42.5,61.8,SIDE,5,2026-08-07,CLOSED,api/final/recommendations,,,,,,
us|KO|balanced|short|2026-07-31,2026-07-31,us,KO,KO,balanced,short,87.2663990234375,85.78252990308485,91.22792117043402,88.71,42.5,61.7,SIDE,5,2026-08-07,CLOSED,api/final/recommendations,,,,,,
us|NET|aggressive|short|2026-07-31,2026-07-31,us,NET,Cloudflare,aggressive,short,282.69179199999996,269.60534443384887,318.96693963746924,290.48,44.1,49.1,SIDE,5,2026-08-07,CLOSED,api/final/recommendations,,,,,,
us|ESTC|aggressive|short|2026-07-31,2026-07-31,us,ESTC,Elastic,aggressive,short,64.101496,61.51963263491676,71.39513752707337,65.62,42.1,47.3,SIDE,5,2026-08-07,CLOSED,api/final/recommendations,,,,,,
us|ELF|aggressive|mid|2026-07-31,2026-07-31,us,ELF,e.l.f. Beauty,aggressive,mid,81.906176,68.76777043967,110.57333760000002,84.36,36.2,52.0,SIDE,21,2026-08-31,CLOSED,api/final/recommendations,,,,,,
us|DDOG|aggressive|mid|2026-07-31,2026-07-31,us,DDOG,Datadog,aggressive,mid,276.33113199999997,234.20286051004797,373.0470282,284.45,34.1,43.4,SIDE,21,2026-08-31,CLOSED,api/final/recommendations,,,,,,
us|CRM|aggressive|mid|2026-07-31,2026-07-31,us,CRM,Salesforce,aggressive,mid,179.930048,151.78969934727883,242.9055648,184.51,36.2,56.5,SIDE,21,2026-08-31,CLOSED,api/final/recommendations,,,,,,
us|PEP|conservative|short|2026-08-03,2026-08-03,us,PEP,PEP,conservative,short,139.2841908535156,137.61278056327342,144.04492129126874,143.58,34.6,67.2,BULL,5,2026-08-10,CLOSED,api/final/recommendations,,,,,,
us|MELI|conservative|short|2026-08-03,2026-08-03,us,MELI,MercadoLibre,conservative,short,1874.242504,1847.7773375332904,1953.9633411890393,1931.26,34.6,70.0,BULL,5,2026-08-10,CLOSED,api/final/recommendations,,,,,,
us|RSP|conservative|mid|2026-08-03,2026-08-03,us,RSP,RSP,conservative,mid,214.27898416259765,211.1429717332517,227.35362184151222,223.24,31.5,72.9,BULL,21,2026-09-01,NOT_EXECUTED,api/final/recommendations,,,,,,
us|PFE|conservative|mid|2026-08-03,2026-08-03,us,PFE,PFE,conservative,mid,24.9276319932251,24.043843948896345,28.088203753902572,25.97,31.5,75.4,BULL,21,2026-09-01,NOT_EXECUTED,api/final/recommendations,,,,,,
us|ABBV|conservative|mid|2026-08-03,2026-08-03,us,ABBV,AbbVie Inc.,conservative,mid,250.0854319277344,238.5772184798719,287.0341461334128,260.26,31.5,74.0,BULL,21,2026-09-01,CLOSED,api/final/recommendations,,,,,,
us|MCD|conservative|mid|2026-08-03,2026-08-03,us,MCD,MCD,conservative,mid,269.72365556640625,260.45816054531065,300.8660138317555,280.29,31.5,73.2,BULL,21,2026-09-01,CLOSED,api/final/recommendations,,,,,,
us|DIS|conservative|mid|2026-08-03,2026-08-03,us,DIS,The Walt Disney Company,conservative,mid,95.86052792773438,92.18284332333731,108.34834199464598,99.58,31.5,71.9,BULL,21,2026-09-01,CLOSED,api/final/recommendations,,,,,,
us|HPE|conservative|mid|2026-08-03,2026-08-03,us,HPE,HPE,conservative,mid,47.735264,42.280509187303224,64.4426064,49.47,31.5,78.5,BULL,21,2026-09-01,CLOSED,api/final/recommendations,,,,,,
us|F|conservative|mid|2026-08-03,2026-08-03,us,F,Ford,conservative,mid,14.628519990966797,14.02982856228386,17.068425138813524,15.05,31.5,74.1,BULL,21,2026-09-01,CLOSED,api/final/recommendations,,,,,,
us|DUOL|balanced|short|2026-08-03,2026-08-03,us,DUOL,Duolingo,balanced,short,134.52439999999999,128.81349437547436,147.87253579224645,138.1,54.5,80.5,BULL,5,2026-08-10,LOSS,api/final/recommendations,,,,,,
us|DASH|balanced|short|2026-08-03,2026-08-03,us,DASH,DASH,balanced,short,195.745201171875,189.24471875607261,211.70711872690808,200.82,54.5,59.0,BULL,5,2026-08-10,CLOSED,api/final/recommendations,,,,,,
us|LYFT|balanced|short|2026-08-03,2026-08-03,us,LYFT,LYFT,balanced,short,15.82599989013672,15.274642474609374,17.3167069765625,16.21,54.5,72.0,BULL,5,2026-08-10,CLOSED,api/final/recommendations,,,,,,
us|TMDX|balanced|short|2026-08-03,2026-08-03,us,TMDX,TransMedics,balanced,short,76.3468,74.12096094821031,82.28917765202571,78.15,54.5,86.2,BULL,5,2026-08-10,CLOSED,api/final/recommendations,,,,,,
us|KO|balanced|short|2026-08-03,2026-08-03,us,KO,KO,balanced,short,87.40639882812499,85.82723787082712,91.9532933086206,89.33,54.5,60.5,BULL,5,2026-08-10,CLOSED,api/final/recommendations,,,,,,
us|ABNB|balanced|short|2026-08-03,2026-08-03,us,ABNB,"Airbnb, Inc.",balanced,short,151.2004013671875,148.44365919330312,159.33449247284634,154.44,43.4,57.9,BULL,5,2026-08-10,CLOSED,api/final/recommendations,,,,,,
us|NOW|balanced|swing|2026-08-03,2026-08-03,us,NOW,ServiceNow,balanced,swing,110.83,101.0,143.0,112.04,38.7,67.0,BULL,10,2026-08-17,NOT_EXECUTED,api/final/recommendations,,,,,,
us|COP|balanced|mid|2026-08-03,2026-08-03,us,COP,ConocoPhillips,balanced,mid,119.84639892578126,111.93653659667969,143.57598591308593,122.49,32.5,58.3,BULL,21,2026-09-01,CLOSED,api/final/recommendations,,,,,,
us|NET|aggressive|short|2026-08-03,2026-08-03,us,NET,Cloudflare,aggressive,short,278.25784,264.6905128572244,316.76501068207136,284.74,45.5,51.9,BULL,5,2026-08-10,CLOSED,api/final/recommendations,,,,,,
us|DDOG|aggressive|short|2026-08-03,2026-08-03,us,DDOG,Datadog,aggressive,short,267.27191200000004,254.53139717186133,303.0050959457222,273.42,34.2,53.2,BULL,5,2026-08-10,CLOSED,api/final/recommendations,,,,,,
us|AI|aggressive|short|2026-08-03,2026-08-03,us,AI,C3.ai,aggressive,short,9.155928,9.029366057547541,9.936733532065574,9.34,45.5,58.5,BULL,5,2026-08-10,NOT_EXECUTED,api/final/recommendations,,,,,,
us|SHOP|aggressive|swing|2026-08-03,2026-08-03,us,SHOP,Shopify,aggressive,swing,116.6898,104.59467636587873,156.14006691675232,119.01,38.9,62.4,BULL,10,2026-08-17,CLOSED,api/final/recommendations,,,,,,
us|AAPL|aggressive|swing|2026-08-03,2026-08-03,us,AAPL,Apple,aggressive,swing,307.6946,290.4937642863453,368.5699198492919,312.01,38.9,65.5,BULL,10,2026-08-17,CLOSED,api/final/recommendations,,,,,,
us|NVO|aggressive|swing|2026-08-03,2026-08-03,us,NVO,Novo Nordisk,aggressive,swing,46.891200000000005,44.511861360613814,56.44333319693094,47.43,38.9,58.7,BULL,10,2026-08-17,CLOSED,api/final/recommendations,,,,,,
us|ELF|aggressive|mid|2026-08-03,2026-08-03,us,ELF,e.l.f. Beauty,aggressive,mid,82.51617600000002,68.38078065838694,111.39683760000003,85.33,31.9,60.5,BULL,21,2026-09-01,CLOSED,api/final/recommendations,,,,,,
us|SNOW|aggressive|mid|2026-08-03,2026-08-03,us,SNOW,Snowflake,aggressive,mid,291.95604000000003,247.1313841259756,394.14065400000004,301.88,31.3,64.0,BULL,21,2026-09-01,CLOSED,api/final/recommendations,,,,,,
us|ESTC|aggressive|mid|2026-08-03,2026-08-03,us,ESTC,Elastic,aggressive,mid,65.49405599999999,56.3427792192,88.41697559999999,67.64,31.9,68.0,BULL,21,2026-09-01,CLOSED,api/final/recommendations,,,,,,
us|CRM|aggressive|mid|2026-08-03,2026-08-03,us,CRM,Salesforce,aggressive,mid,183.194472,154.61294750901789,247.3125372,189.14,31.9,70.9,BULL,21,2026-09-01,CLOSED,api/final/recommendations,,,,,,
us|ADBE|aggressive|mid|2026-08-03,2026-08-03,us,ADBE,Adobe,aggressive,mid,249.28852595800782,207.30674475287168,336.5395100433106,257.24,31.3,68.6,BULL,21,2026-09-01,CLOSED,api/final/recommendations,,,,,,
us|BMNR|aggressive|mid|2026-08-03,2026-08-03,us,BMNR,비트마인 이머전 테크놀로지스,aggressive,mid,17.20212,14.105738400000002,23.222862000000003,17.73,31.9,75.2,BULL,21,2026-09-01,CLOSED,api/final/recommendations,,,,,,
us|GM|aggressive|mid|2026-08-03,2026-08-03,us,GM,General Motors,aggressive,mid,88.45502365966796,79.30394213295905,117.63200306654228,90.87,31.3,66.4,BULL,21,2026-09-01,CLOSED,api/final/recommendations,,,,,,
us|MA|aggressive|mid|2026-08-03,2026-08-03,us,MA,Mastercard,aggressive,mid,570.5143976132814,532.2099507363484,696.0486508786232,585.42,31.3,59.0,BULL,21,2026-09-01,CLOSED,api/final/recommendations,,,,,,
us|CVX|aggressive|mid|2026-08-03,2026-08-03,us,CVX,Chevron,aggressive,mid,195.9421669790039,184.07824316113192,236.3992225736067,200.38,31.9,55.2,BULL,21,2026-09-01,CLOSED,api/final/recommendations,,,,,,
us|LMT|aggressive|mid|2026-08-03,2026-08-03,us,LMT,LMT,aggressive,mid,580.1232374453124,524.463706493914,757.9292026403131,589.07,31.3,45.0,BULL,21,2026-09-01,CLOSED,api/final/recommendations,,,,,,
kr|214450|aggressive|mid|2026-08-03,2026-08-03,kr,214450,파마리서치,aggressive,mid,372000.0,305040.0,502200.00000000006,377971.0,14.9,53.0,BEAR,21,2026-09-01,CLOSED,api/final/recommendations,,,,,,
us|DUOL|balanced|mid|2026-08-03,2026-08-03,us,DUOL,Duolingo,balanced,mid,136.21399999999997,118.56200786567929,183.88889999999998,140.18,32.5,72.1,BULL,21,2026-09-01,CLOSED,api/final/recommendations,,,,,,
us|SHOP|aggressive|short|2026-08-03,2026-08-03,us,SHOP,Shopify,aggressive,short,120.26706399999999,114.20056874795813,137.54571570966903,121.77,45.5,57.6,BULL,5,2026-08-10,CLOSED,api/final/recommendations,,,,,,
us|ABBV|conservative|swing|2026-08-03,2026-08-03,us,ABBV,AbbVie Inc.,conservative,swing,246.36459919433594,239.76391750516433,271.2204413047973,253.26,33.9,61.0,BULL,10,2026-08-17,CLOSED,api/final/recommendations,,,,,,
us|S|balanced|mid|2026-08-03,2026-08-03,us,S,SentinelOne,balanced,mid,19.634400000000003,17.44605324109868,25.35574032146491,20.09,32.5,63.6,BULL,21,2026-09-01,CLOSED,api/final/recommendations,,,,,,
us|ELF|balanced|mid|2026-08-03,2026-08-03,us,ELF,e.l.f. Beauty,balanced,mid,83.8412,73.36080032400238,113.18562000000001,85.53,32.5,61.2,BULL,21,2026-09-01,CLOSED,api/final/recommendations,,,,,,
us|LYFT|balanced|mid|2026-08-03,2026-08-03,us,LYFT,LYFT,balanced,mid,16.120799755859377,14.617789875275905,21.209938474326208,16.43,32.5,63.0,BULL,21,2026-09-01,CLOSED,api/final/recommendations,,,,,,
us|F|balanced|mid|2026-08-03,2026-08-03,us,F,Ford,balanced,mid,14.880799987792969,13.694330834403837,18.967527071688863,15.12,32.5,70.5,BULL,21,2026-09-01,CLOSED,api/final/recommendations,,,,,,
us|SNAP|balanced|mid|2026-08-03,2026-08-03,us,SNAP,SNAP,balanced,mid,4.863183935546876,3.9878108271484383,6.35269628837269,4.93,31.0,59.9,BULL,21,2026-09-01,CLOSED,api/final/recommendations,,,,,,
us|GM|balanced|mid|2026-08-03,2026-08-03,us,GM,General Motors,balanced,mid,88.1780001953125,81.20405818869988,110.20721965287335,89.42,32.5,71.1,BULL,21,2026-09-01,CLOSED,api/final/recommendations,,,,,,
us|MDB|aggressive|swing|2026-08-03,2026-08-03,us,MDB,MongoDB,aggressive,swing,352.8276,323.03593439564924,458.01028068660776,357.25,36.1,56.7,BULL,10,2026-08-17,CLOSED,api/final/recommendations,,,,,,
us|DDOG|aggressive|mid|2026-08-03,2026-08-03,us,DDOG,Datadog,aggressive,mid,274.756708,233.575789223507,370.9215558,282.4,30.9,53.2,BULL,21,2026-09-01,CLOSED,api/final/recommendations,,,,,,
us|DASH|aggressive|mid|2026-08-03,2026-08-03,us,DASH,DASH,aggressive,mid,200.3165913193359,174.75830286268675,270.4273982811035,205.07,31.9,49.7,BULL,21,2026-09-01,CLOSED,api/final/recommendations,,,,,,
us|TMDX|aggressive|mid|2026-08-03,2026-08-03,us,TMDX,TransMedics,aggressive,mid,80.361752,69.75584579150623,108.4883652,82.17,31.9,77.2,BULL,21,2026-09-01,CLOSED,api/final/recommendations,,,,,,
us|SCHD|aggressive|mid|2026-08-03,2026-08-03,us,SCHD,SCHD,aggressive,mid,33.49702774475097,32.598209137986906,37.85603440438759,34.02,31.9,64.7,BULL,21,2026-09-01,CLOSED,api/final/recommendations,,,,,,
us|AI|aggressive|mid|2026-08-03,2026-08-03,us,AI,C3.ai,aggressive,mid,9.423271999999999,8.704356204637287,12.7214172,9.57,31.9,58.6,BULL,21,2026-09-01,CLOSED,api/final/recommendations,,,,,,
us|ADBE|aggressive|mid|2026-08-04,2026-08-04,us,ADBE,Adobe,aggressive,mid,250.24968204199214,208.34748548884514,337.8370707566894,255.26,31.9,69.1,BULL,21,2026-09-02,CLOSED,api/final/recommendations,-0.06,close_exit,CLOSED,290.30999755859375,2026-09-01,2026-09-02
us|ABBV|conservative|swing|2026-08-04,2026-08-04,us,ABBV,AbbVie Inc.,conservative,swing,244.33560134277346,237.7634020446529,269.2239627930026,252.62,33.9,61.5,BULL,10,2026-08-18,CLOSED,api/final/recommendations,,,,,,
us|NVO|conservative|swing|2026-08-04,2026-08-04,us,NVO,Novo Nordisk,conservative,swing,46.9418,45.572580759061836,52.484735786780384,48.47,33.9,61.5,BULL,10,2026-08-18,CLOSED,api/final/recommendations,,,,,,
us|DIS|conservative|mid|2026-08-04,2026-08-04,us,DIS,The Walt Disney Company,conservative,mid,98.02674401806641,94.19675923193437,111.38021247939238,101.65,31.5,79.2,BULL,21,2026-09-02,CLOSED,api/final/recommendations,-0.06,close_exit,CLOSED,107.83999633789062,2026-09-01,2026-09-02
us|SCHD|conservative|mid|2026-08-04,2026-08-04,us,SCHD,SCHD,conservative,mid,33.51881595935059,33.0246254164616,36.072133764277005,34.43,31.5,73.6,BULL,21,2026-09-02,CLOSED,api/final/recommendations,-0.0743,close_exit,CLOSED,34.89500045776367,2026-08-28,2026-09-02
us|NET|balanced|short|2026-08-04,2026-08-04,us,NET,Cloudflare,balanced,short,281.8628,271.34139095114585,309.47724251980816,289.53,43.4,62.0,BULL,5,2026-08-11,CLOSED,api/final/recommendations,,,,,,
us|SE|balanced|short|2026-08-04,2026-08-04,us,SE,Sea Limited,balanced,short,110.8032,107.6433459088937,119.90140057266812,113.35,54.5,74.9,BULL,5,2026-08-11,CLOSED,api/final/recommendations,,,,,,
us|MA|balanced|short|2026-08-04,2026-08-04,us,MA,Mastercard,balanced,short,569.201990625,560.778077567764,594.8278474029946,580.05,43.4,63.4,BULL,5,2026-08-11,CLOSED,api/final/recommendations,,,,,,
us|COP|balanced|short|2026-08-04,2026-08-04,us,COP,ConocoPhillips,balanced,short,118.79280117187501,116.32761520521942,125.18049298602682,120.96,54.5,67.8,BULL,5,2026-08-11,LOSS,api/final/recommendations,,,,,,
us|ELF|balanced|mid|2026-08-04,2026-08-04,us,ELF,e.l.f. Beauty,balanced,mid,82.1648,71.2505025026738,110.92248000000001,84.34,32.5,63.6,BULL,21,2026-09-02,CLOSED,api/final/recommendations,-0.6827,close_exit,CLOSED,82.98999786376953,2026-08-04,2026-09-02
us|CVX|balanced|mid|2026-08-04,2026-08-04,us,CVX,Chevron,balanced,mid,192.05800234375002,182.39608580718686,223.2582157708236,196.68,32.5,71.6,BULL,21,2026-09-02,CLOSED,api/final/recommendations,-0.06,close_exit,CLOSED,204.2899932861328,2026-08-24,2026-09-02
us|MELI|aggressive|short|2026-08-04,2026-08-04,us,MELI,MercadoLibre,aggressive,short,1892.467088,1847.8166384103788,2030.363166421718,1925.86,45.5,60.4,BULL,5,2026-08-11,CLOSED,api/final/recommendations,,,,,,
us|KO|aggressive|short|2026-08-04,2026-08-04,us,KO,KO,aggressive,short,86.57113612060547,84.46140253745824,92.54304327935291,87.78,45.5,48.9,BULL,5,2026-08-11,CLOSED,api/final/recommendations,,,,,,
us|NOW|aggressive|swing|2026-08-04,2026-08-04,us,NOW,ServiceNow,aggressive,swing,113.7062,101.58686594621197,153.50337000000002,115.92,36.1,56.3,BULL,10,2026-08-18,CLOSED,api/final/recommendations,,,,,,
us|S|aggressive|mid|2026-08-04,2026-08-04,us,S,SentinelOne,aggressive,mid,19.956543999999997,16.7047634234013,26.9413344,20.6,31.3,61.1,BULL,21,2026-09-02,CLOSED,api/final/recommendations,2.6632,close_exit,CLOSED,20.5,2026-08-26,2026-09-02
us|DDOG|aggressive|mid|2026-08-04,2026-08-04,us,DDOG,Datadog,aggressive,mid,272.40064799999993,231.82286182747455,367.7408747999999,281.01,30.9,53.0,BULL,21,2026-09-02,CLOSED,api/final/recommendations,-0.5256,close_exit,CLOSED,286.45001220703125,2026-08-05,2026-09-02
us|DASH|aggressive|mid|2026-08-04,2026-08-04,us,DASH,DASH,aggressive,mid,199.627744,173.57789894356083,269.49745440000004,205.28,31.9,49.5,BULL,21,2026-09-02,CLOSED,api/final/recommendations,-0.06,close_exit,CLOSED,233.94000244140625,2026-08-31,2026-09-02
us|TMDX|aggressive|mid|2026-08-04,2026-08-04,us,TMDX,TransMedics,aggressive,mid,81.191752,70.86349020539656,109.6088652,83.5,31.9,77.7,BULL,21,2026-09-02,CLOSED,api/final/recommendations,-0.4171,close_exit,CLOSED,93.48500061035156,2026-08-24,2026-09-02
us|LYFT|aggressive|mid|2026-08-04,2026-08-04,us,LYFT,LYFT,aggressive,mid,16.30212046795654,14.128893074203011,22.007862631741332,16.75,31.9,70.0,BULL,21,2026-09-02,CLOSED,api/final/recommendations,-0.06,close_exit,CLOSED,16.6299991607666,2026-08-13,2026-09-02
us|SNAP|aggressive|mid|2026-08-04,2026-08-04,us,SNAP,SNAP,aggressive,mid,5.024424021270753,4.120027697442017,6.751047857797064,5.15,31.3,60.6,BULL,21,2026-09-02,CLOSED,api/final/recommendations,-0.1491,close_exit,CLOSED,5.605000019073486,2026-08-25,2026-09-02
us|DUOL|conservative|mid|2026-08-04,2026-08-04,us,DUOL,Duolingo,conservative,mid,131.91,118.689936,170.09786400000002,136.75,31.5,65.5,BULL,21,2026-09-02,CLOSED,api/final/recommendations,-1.9548,close_exit,CLOSED,129.41050720214844,2026-08-17,2026-09-02
us|HUT|balanced|short|2026-08-04,2026-08-04,us,HUT,Hut 8,balanced,short,107.5,97.64,130.95999999999998,108.87,45.2,60.5,BULL,5,2026-08-11,CLOSED,api/final/recommendations,,,,,,
us|MDB|aggressive|swing|2026-08-04,2026-08-04,us,MDB,MongoDB,aggressive,swing,351.71,318.5896,458.7515000000001,354.42,34.2,46.5,BULL,10,2026-08-18,CLOSED,api/final/recommendations,,,,,,
us|CRM|aggressive|mid|2026-08-04,2026-08-04,us,CRM,Salesforce,aggressive,mid,185.95,156.56944,251.0325,189.83,31.3,65.4,BULL,21,2026-09-02,CLOSED,api/final/recommendations,-0.0224,close_exit,CLOSED,212.6199951171875,2026-08-24,2026-09-02
us|CVX|aggressive|mid|2026-08-04,2026-08-04,us,CVX,Chevron,aggressive,mid,193.18000408398436,179.79097980092936,233.845244943681,196.71,31.9,70.0,BULL,21,2026-09-02,CLOSED,api/final/recommendations,-0.06,close_exit,CLOSED,207.0399932861328,2026-08-19,2026-09-02
us|SE|conservative|short|2026-08-04,2026-08-04,us,SE,Sea Limited,conservative,short,111.92,109.511168,118.32723200000001,114.35,34.6,62.9,BULL,5,2026-08-11,CLOSED,api/final/recommendations,,,,,,
us|CVX|conservative|mid|2026-08-04,2026-08-04,us,CVX,Chevron,conservative,mid,188.48000012646483,180.4206081210572,213.72579214340408,195.62,31.5,89.0,BULL,21,2026-09-02,CLOSED,api/final/recommendations,-0.0624,close_exit,CLOSED,200.53509521484375,2026-08-28,2026-09-02
us|SLB|conservative|mid|2026-08-04,2026-08-04,us,SLB,Schlumberger,conservative,mid,49.78014795483399,47.13802810201675,59.27308816942256,51.18,31.5,65.5,BULL,21,2026-09-02,CLOSED,api/final/recommendations,-0.06,close_exit,CLOSED,53.279998779296875,2026-08-26,2026-09-02
us|MA|balanced|mid|2026-08-04,2026-08-04,us,MA,Mastercard,balanced,mid,567.09840625,535.2864956528831,656.7261543638689,576.73,32.5,66.0,BULL,21,2026-09-02,CLOSED,api/final/recommendations,0.3689,close_exit,CLOSED,562.3400268554688,2026-08-13,2026-09-02
us|LMT|balanced|mid|2026-08-04,2026-08-04,us,LMT,LMT,balanced,mid,582.57999453125,535.6143949721218,712.4943933117275,590.18,32.5,48.4,BULL,21,2026-09-02,CLOSED,api/final/recommendations,0.1048,close_exit,CLOSED,583.5399780273438,2026-08-20,2026-09-02
us|NET|aggressive|mid|2026-08-04,2026-08-04,us,NET,Cloudflare,aggressive,mid,289.63,244.405216,391.00050000000005,298.28,31.3,57.9,BULL,21,2026-09-02,CLOSED,api/final/recommendations,1.1974,close_exit,CLOSED,285.6600036621094,2026-08-26,2026-09-02
us|HPE|aggressive|mid|2026-08-04,2026-08-04,us,HPE,HPE,aggressive,mid,52.07,42.6974,70.2945,53.58,31.3,61.5,BULL,21,2026-09-02,CLOSED,api/final/recommendations,-2.5758,close_exit,CLOSED,50.7599983215332,2026-09-01,2026-09-02
us|ETN|aggressive|mid|2026-08-04,2026-08-04,us,ETN,Eaton,aggressive,mid,441.48,375.222336,595.998,452.3,31.3,56.9,BULL,21,2026-09-02,CLOSED,api/final/recommendations,0.2092,close_exit,CLOSED,458.05999755859375,2026-08-11,2026-09-02
us|GOOGL|aggressive|mid|2026-08-04,2026-08-04,us,GOOGL,Alphabet,aggressive,mid,373.69,330.003808,504.32842,381.64,31.3,49.1,BULL,21,2026-09-02,CLOSED,api/final/recommendations,-0.5221,close_exit,CLOSED,378.0050048828125,2026-08-05,2026-09-02
us|SE|conservative|short|2026-08-05,2026-08-05,us,SE,Sea Limited,conservative,short,111.44,108.77657599999999,118.101824,113.87,34.6,62.5,BULL,5,2026-08-12,CLOSED,api/final/recommendations,,,,,,
us|COP|conservative|short|2026-08-05,2026-08-05,us,COP,ConocoPhillips,conservative,short,117.94000114648438,116.0109771277325,122.74542519319749,120.49,34.6,59.9,BULL,5,2026-08-12,CLOSED,api/final/recommendations,,,,,,
us|OXY|conservative|mid|2026-08-05,2026-08-05,us,OXY,Occidental Petroleum,conservative,mid,55.0899999954834,52.15326399572417,64.26373599473128,57.13,31.5,81.0,BULL,21,2026-09-03,PENDING,api/final/recommendations,,,,,,
us|DIS|conservative|mid|2026-08-05,2026-08-05,us,DIS,The Walt Disney Company,conservative,mid,98.1799999909668,94.20732799133232,111.37947198975237,101.65,31.5,78.7,BULL,21,2026-09-03,PENDING,api/final/recommendations,,,,,,
us|CVX|conservative|mid|2026-08-05,2026-08-05,us,CVX,Chevron,conservative,mid,190.40000018066408,182.41664017308895,215.72816020469713,196.73,31.5,85.0,BULL,21,2026-09-03,PENDING,api/final/recommendations,,,,,,
us|CRWD|balanced|mid|2026-08-05,2026-08-05,us,CRWD,CrowdStrike,balanced,mid,211.22,187.1696,276.9296,216.24,32.3,52.1,BULL,21,2026-09-03,PENDING,api/final/recommendations,,,,,,
us|MA|balanced|mid|2026-08-05,2026-08-05,us,MA,Mastercard,balanced,mid,571.1000078125,537.9680073592629,660.7280090385879,581.28,32.5,61.9,BULL,21,2026-09-03,PENDING,api/final/recommendations,,,,,,
us|GM|balanced|mid|2026-08-05,2026-08-05,us,GM,General Motors,balanced,mid,88.31000078125,79.98080070756426,110.34080097614934,89.6,32.5,72.7,BULL,21,2026-09-03,PENDING,api/final/recommendations,,,,,,
us|NET|aggressive|mid|2026-08-05,2026-08-05,us,NET,Cloudflare,aggressive,mid,301.33,253.322656,406.7955,311.04,31.3,63.3,BULL,21,2026-09-03,PENDING,api/final/recommendations,,,,,,
us|PANW|aggressive|mid|2026-08-05,2026-08-05,us,PANW,Palo Alto Networks,aggressive,mid,366.34,315.042688,494.559,378.11,30.9,54.7,BULL,21,2026-09-03,PENDING,api/final/recommendations,,,,,,
us|HPE|aggressive|mid|2026-08-05,2026-08-05,us,HPE,HPE,aggressive,mid,52.39,43.567648,70.7265,54.07,31.3,60.2,BULL,21,2026-09-03,PENDING,api/final/recommendations,,,,,,
us|DDOG|aggressive|mid|2026-08-05,2026-08-05,us,DDOG,Datadog,aggressive,mid,288.15,245.34768000000003,389.0025,297.22,30.9,62.1,BULL,21,2026-09-03,PENDING,api/final/recommendations,,,,,,
us|TMDX|aggressive|mid|2026-08-05,2026-08-05,us,TMDX,TransMedics,aggressive,mid,80.75,69.7016,109.0125,82.48,31.3,69.8,BULL,21,2026-09-03,PENDING,api/final/recommendations,,,,,,
us|ETN|aggressive|mid|2026-08-05,2026-08-05,us,ETN,Eaton,aggressive,mid,444.77,376.400864,600.4395000000001,453.85,30.9,47.6,BULL,21,2026-09-03,PENDING,api/final/recommendations,,,,,,
us|GOOGL|aggressive|mid|2026-08-05,2026-08-05,us,GOOGL,Alphabet,aggressive,mid,377.65,332.39248,509.8275,385.24,31.3,52.1,BULL,21,2026-09-03,PENDING,api/final/recommendations,,,,,,
us|CEG|aggressive|mid|2026-08-05,2026-08-05,us,CEG,Constellation Energy,aggressive,mid,267.25,235.7416,360.7875,272.42,31.9,78.7,BULL,21,2026-09-03,PENDING,api/final/recommendations,,,,,,
us|SCHD|aggressive|mid|2026-08-05,2026-08-05,us,SCHD,SCHD,aggressive,mid,33.85000085083008,32.45872081585983,37.68130094713097,34.38,31.9,60.5,BULL,21,2026-09-03,PENDING,api/final/recommendations,,,,,,
us|PFE|aggressive|mid|2026-08-05,2026-08-05,us,PFE,PFE,aggressive,mid,25.41000008508301,23.10211207735526,30.025380100537177,25.8,31.9,63.9,BULL,21,2026-09-03,PENDING,api/final/recommendations,,,,,,
us|TMDX|aggressive|swing|2026-08-05,2026-08-05,us,TMDX,TransMedics,aggressive,swing,73.0,66.8,94.60000000000001,74.6,36.1,57.8,BULL,10,2026-08-19,CLOSED,api/final/recommendations,,,,,,
us|AVGO|aggressive|mid|2026-08-05,2026-08-05,us,AVGO,Broadcom,aggressive,mid,416.85,359.80752,562.7475000000001,426.79,31.9,67.0,BULL,21,2026-09-03,PENDING,api/final/recommendations,,,,,,
us|LYFT|aggressive|mid|2026-08-05,2026-08-05,us,LYFT,LYFT,aggressive,mid,16.730000255249024,13.898336212046425,22.557140344153495,17.09,30.9,62.0,BULL,21,2026-09-03,PENDING,api/final/recommendations,,,,,,
us|TMDX|aggressive|short|2026-08-05,2026-08-05,us,TMDX,TransMedics,aggressive,short,74.0,70.6272,83.17999999999999,75.75,38.6,47.1,BULL,5,2026-08-12,CLOSED,api/final/recommendations,,,,,,
us|CELH|conservative|short|2026-08-05,2026-08-05,us,CELH,Celsius,conservative,short,29.79995304,28.918674428755327,32.02762952953514,30.48,34.6,65.2,BULL,5,2026-08-12,CLOSED,api/final/recommendations,,,,,,
us|HD|conservative|short|2026-08-05,2026-08-05,us,HD,HD,conservative,short,351.6799965605469,346.45106861168614,365.1097244292033,359.54,34.9,48.0,BULL,5,2026-08-12,CLOSED,api/final/recommendations,,,,,,
us|SLB|conservative|short|2026-08-05,2026-08-05,us,SLB,Schlumberger,conservative,short,50.62812134204101,49.830102954113435,52.945883336834754,51.48,34.6,58.0,BULL,5,2026-08-12,CLOSED,api/final/recommendations,,,,,,
us|NFLX|conservative|short|2026-08-05,2026-08-05,us,NFLX,Netflix,conservative,short,74.1399997133789,72.60265571932219,78.308943697262,75.26,34.9,56.9,BULL,5,2026-08-12,CLOSED,api/final/recommendations,,,,,,
us|OKTA|balanced|short|2026-08-05,2026-08-05,us,OKTA,Okta,balanced,short,148.69,143.4608,161.1408,151.97,43.4,61.1,BULL,5,2026-08-12,CLOSED,api/final/recommendations,,,,,,
us|STX|balanced|short|2026-08-05,2026-08-05,us,STX,Seagate,balanced,short,862.2815999999999,800.8910860873034,1005.5714658804101,878.71,54.5,81.0,BULL,5,2026-08-12,LOSS,api/final/recommendations,,,,,,
us|LYFT|balanced|mid|2026-08-05,2026-08-05,us,LYFT,LYFT,balanced,mid,16.3816,14.559822065934066,21.160466754578756,16.7,32.5,56.6,BULL,21,2026-09-03,PENDING,api/final/recommendations,,,,,,
us|HUT|aggressive|short|2026-08-05,2026-08-05,us,HUT,Hut 8,aggressive,short,103.09,91.209312,134.21938000000003,104.83,34.2,49.7,BULL,5,2026-08-12,CLOSED,api/final/recommendations,,,,,,
us|CEG|aggressive|short|2026-08-05,2026-08-05,us,CEG,Constellation Energy,aggressive,short,269.22,259.759296,293.80404000000004,273.39,45.5,70.0,BULL,5,2026-08-12,CLOSED,api/final/recommendations,,,,,,
us|MPWR|aggressive|short|2026-08-05,2026-08-05,us,MPWR,Monolithic Power,aggressive,short,1348.17,1256.9610559999999,1580.26794,1367.08,45.5,51.2,BULL,5,2026-08-12,CLOSED,api/final/recommendations,,,,,,
us|S|aggressive|mid|2026-08-05,2026-08-05,us,S,SentinelOne,aggressive,mid,21.1,17.66272,28.485000000000003,21.83,32.0,54.7,BULL,21,2026-09-03,PENDING,api/final/recommendations,,,,,,
us|BMNR|aggressive|mid|2026-08-05,2026-08-05,us,BMNR,비트마인 이머전 테크놀로지스,aggressive,mid,18.04,14.7928,24.354,18.48,31.9,73.9,BULL,21,2026-09-03,PENDING,api/final/recommendations,,,,,,
us|GE|aggressive|mid|2026-08-05,2026-08-05,us,GE,GE Aerospace,aggressive,mid,382.2,349.13664,479.85360000000003,391.44,30.9,48.1,BULL,21,2026-09-03,PENDING,api/final/recommendations,,,,,,
us|DASH|aggressive|mid|2026-08-05,2026-08-05,us,DASH,DASH,aggressive,mid,206.31000136132815,181.25059319597466,278.518501837793,210.83,31.3,60.5,BULL,21,2026-09-03,PENDING,api/final/recommendations,,,,,,
us|AMZN|aggressive|mid|2026-08-05,2026-08-05,us,AMZN,Amazon,aggressive,mid,275.98,244.913536,370.46164,281.29,30.9,45.0,BULL,21,2026-09-03,PENDING,api/final/recommendations,,,,,,
us|RSP|aggressive|mid|2026-08-05,2026-08-05,us,RSP,RSP,aggressive,mid,220.75,212.9752,242.57949999999997,224.74,31.9,60.9,BULL,21,2026-09-03,PENDING,api/final/recommendations,,,,,,
us|MELI|aggressive|mid|2026-08-05,2026-08-05,us,MELI,MercadoLibre,aggressive,mid,1929.99,1771.236768,2405.80182,1963.39,31.3,62.0,BULL,21,2026-09-03,PENDING,api/final/recommendations,,,,,,
us|TMDX|conservative|mid|2026-08-06,2026-08-06,us,TMDX,TransMedics,conservative,mid,75.19,67.40622400000001,98.67517600000001,77.71,31.5,58.3,BULL,21,2026-09-04,PENDING,api/final/recommendations,,,,,,
us|BAC|conservative|short|2026-08-06,2026-08-06,us,BAC,Bank of America,conservative,short,63.25,62.491,64.83125,64.36,34.9,54.6,BULL,5,2026-08-13,CLOSED,api/final/recommendations,,,,,,
us|CEG|conservative|mid|2026-08-06,2026-08-06,us,CEG,Constellation Energy,conservative,mid,265.12,245.997952,320.594848,274.97,31.5,81.0,BULL,21,2026-09-04,PENDING,api/final/recommendations,,,,,,
us|SCHD|conservative|mid|2026-08-06,2026-08-06,us,SCHD,SCHD,conservative,mid,33.64000001806641,33.03174401773975,36.06985601937137,34.76,31.5,73.8,BULL,21,2026-09-04,PENDING,api/final/recommendations,,,,,,
us|HUT|balanced|swing|2026-08-06,2026-08-06,us,HUT,Hut 8,balanced,swing,92.76,87.0,105.0,92.24,31.8,46.6,BULL,10,2026-08-20,CLOSED,api/final/recommendations,,,,,,
us|PANW|balanced|mid|2026-08-06,2026-08-06,us,PANW,Palo Alto Networks,balanced,mid,362.66,322.18879999999996,475.3088,373.16,32.5,59.3,BULL,21,2026-09-04,PENDING,api/final/recommendations,,,,,,
us|CRWD|balanced|mid|2026-08-06,2026-08-06,us,CRWD,CrowdStrike,balanced,mid,209.86,186.2848,276.0448,214.87,32.3,46.0,BULL,21,2026-09-04,PENDING,api/final/recommendations,,,,,,
us|AMZN|balanced|mid|2026-08-06,2026-08-06,us,AMZN,Amazon,balanced,mid,272.65,246.71200000000002,345.712,278.87,32.5,57.5,BULL,21,2026-09-04,PENDING,api/final/recommendations,,,,,,
us|TER|balanced|mid|2026-08-06,2026-08-06,us,TER,Teradyne,balanced,mid,389.39,340.0352,502.3952,396.25,32.5,71.5,BULL,21,2026-09-04,PENDING,api/final/recommendations,,,,,,
us|GM|balanced|mid|2026-08-06,2026-08-06,us,GM,General Motors,balanced,mid,89.159998828125,81.02879893499747,111.38879853596063,90.42,31.0,71.1,BULL,21,2026-09-04,PENDING,api/final/recommendations,,,,,,
us|LMT|balanced|mid|2026-08-06,2026-08-06,us,LMT,LMT,balanced,mid,577.6000078125,527.9680071411876,714.0880096586089,585.69,32.5,56.5,BULL,21,2026-09-04,PENDING,api/final/recommendations,,,,,,
us|MELI|aggressive|short|2026-08-06,2026-08-06,us,MELI,MercadoLibre,aggressive,short,1922.57,1873.1837759999999,2046.89474,1950.35,38.6,52.4,BULL,5,2026-08-13,CLOSED,api/final/recommendations,,,,,,
us|GOOGL|aggressive|short|2026-08-06,2026-08-06,us,GOOGL,Alphabet,aggressive,short,362.43,348.576224,398.75526,367.55,34.2,54.7,BULL,5,2026-08-13,CLOSED,api/final/recommendations,,,,,,
us|DIS|aggressive|short|2026-08-06,2026-08-06,us,DIS,The Walt Disney Company,aggressive,short,101.76000042211915,99.43276841246536,108.40632044968929,102.86,34.2,60.4,BULL,5,2026-08-13,CLOSED,api/final/recommendations,,,,,,
us|S|aggressive|mid|2026-08-06,2026-08-06,us,S,SentinelOne,aggressive,mid,21.0,17.726399999999998,28.35,21.66,32.0,54.5,BULL,21,2026-09-04,PENDING,api/final/recommendations,,,,,,
us|ELF|aggressive|mid|2026-08-06,2026-08-06,us,ELF,e.l.f. Beauty,aggressive,mid,86.37,71.03318399999999,116.59950000000002,88.96,31.3,66.7,BULL,21,2026-09-04,PENDING,api/final/recommendations,,,,,,
us|BMNR|aggressive|mid|2026-08-06,2026-08-06,us,BMNR,비트마인 이머전 테크놀로지스,aggressive,mid,18.43,15.1126,24.8805,18.94,31.3,65.5,BULL,21,2026-09-04,PENDING,api/final/recommendations,,,,,,
us|NET|aggressive|mid|2026-08-06,2026-08-06,us,NET,Cloudflare,aggressive,mid,292.96,245.55827200000002,395.496,300.48,31.3,55.4,BULL,21,2026-09-04,PENDING,api/final/recommendations,,,,,,
us|ESTC|aggressive|mid|2026-08-06,2026-08-06,us,ESTC,Elastic,aggressive,mid,69.72,60.357504,94.122,71.5,31.3,66.3,BULL,21,2026-09-04,PENDING,api/final/recommendations,,,,,,
us|DDOG|aggressive|mid|2026-08-06,2026-08-06,us,DDOG,Datadog,aggressive,mid,283.17,240.33494399999998,382.27950000000004,289.99,31.3,59.8,BULL,21,2026-09-04,PENDING,api/final/recommendations,,,,,,
us|SE|aggressive|mid|2026-08-06,2026-08-06,us,SE,Sea Limited,aggressive,mid,114.91,101.962912,155.1285,117.63,31.9,59.5,BULL,21,2026-09-04,PENDING,api/final/recommendations,,,,,,
us|GE|aggressive|mid|2026-08-06,2026-08-06,us,GE,GE Aerospace,aggressive,mid,381.22,348.123904,478.83796,389.99,31.3,58.0,BULL,21,2026-09-04,PENDING,api/final/recommendations,,,,,,
us|DASH|aggressive|mid|2026-08-06,2026-08-06,us,DASH,DASH,aggressive,mid,207.2699976176758,180.63926192376468,279.81449678386235,211.99,31.3,63.5,BULL,21,2026-09-04,PENDING,api/final/recommendations,,,,,,
us|ETN|aggressive|mid|2026-08-06,2026-08-06,us,ETN,Eaton,aggressive,mid,447.28,382.98649600000005,603.828,455.55,32.0,47.4,BULL,21,2026-09-04,PENDING,api/final/recommendations,,,,,,
us|PFE|aggressive|mid|2026-08-06,2026-08-06,us,PFE,PFE,aggressive,mid,25.810000297790527,24.484192282493627,31.494580363378056,26.2,31.9,74.2,BULL,21,2026-09-04,PENDING,api/final/recommendations,,,,,,
us|STX|balanced|swing|2026-08-06,2026-08-06,us,STX,Seagate,balanced,swing,806.9,692.0,1089.315,815.22,35.1,62.6,BULL,10,2026-08-20,CLOSED,api/final/recommendations,,,,,,
us|AVAV|balanced|mid|2026-08-06,2026-08-06,us,AVAV,AeroVironment,balanced,mid,166.38,142.1184,224.613,169.15,31.0,58.1,BULL,21,2026-09-04,PENDING,api/final/recommendations,,,,,,
us|DUOL|aggressive|swing|2026-08-06,2026-08-06,us,DUOL,Duolingo,aggressive,swing,123.0,109.36,166.05,124.74,36.1,54.1,BULL,10,2026-08-20,CLOSED,api/final/recommendations,,,,,,
us|CEG|aggressive|mid|2026-08-06,2026-08-06,us,CEG,Constellation Energy,aggressive,mid,271.5,239.5824,366.52500000000003,275.7,31.9,78.2,BULL,21,2026-09-04,PENDING,api/final/recommendations,,,,,,
us|DDOG|aggressive|swing|2026-08-06,2026-08-06,us,DDOG,Datadog,aggressive,swing,239.06041399999998,215.4259730703522,317.2795494583201,244.91,35.6,44.1,BULL,10,2026-08-20,CLOSED,api/final/recommendations,,,,,,
us|AI|aggressive|mid|2026-08-06,2026-08-06,us,AI,C3.ai,aggressive,mid,9.91,8.420512,13.3785,10.14,31.9,67.1,BULL,21,2026-09-04,PENDING,api/final/recommendations,,,,,,
us|RXRX|conservative|short|2026-08-06,2026-08-06,us,RXRX,Recursion,conservative,short,3.13995304,3.071410065103898,3.5960902181776304,3.21,34.6,57.6,BULL,5,2026-08-13,CLOSED,api/final/recommendations,,,,,,
us|SE|conservative|short|2026-08-06,2026-08-06,us,SE,Sea Limited,conservative,short,111.34,108.72553599999999,117.52446400000001,113.24,34.6,61.7,BULL,5,2026-08-13,CLOSED,api/final/recommendations,,,,,,
us|MELI|conservative|swing|2026-08-06,2026-08-06,us,MELI,MercadoLibre,conservative,swing,1794.76,1735.8928,1985.2672,1847.23,33.9,59.0,BULL,10,2026-08-20,CLOSED,api/final/recommendations,,,,,,
us|COP|conservative|mid|2026-08-06,2026-08-06,us,COP,ConocoPhillips,conservative,mid,115.92000005419922,109.3432320511242,135.56476806338426,120.16,31.5,83.0,BULL,21,2026-09-04,PENDING,api/final/recommendations,,,,,,
us|PANW|balanced|short|2026-08-06,2026-08-06,us,PANW,Palo Alto Networks,balanced,short,354.44,342.58079999999995,382.7008,362.09,43.4,62.0,BULL,5,2026-08-13,CLOSED,api/final/recommendations,,,,,,
us|HD|balanced|short|2026-08-06,2026-08-06,us,HD,HD,balanced,short,351.79999609375,345.13599616774445,367.5759959185794,358.03,54.5,62.1,BULL,5,2026-08-13,CLOSED,api/final/recommendations,,,,,,
us|LYFT|balanced|short|2026-08-06,2026-08-06,us,LYFT,LYFT,balanced,short,16.33159970703125,16.10717772452924,17.467310951814145,16.61,54.5,61.6,BULL,5,2026-08-13,CLOSED,api/final/recommendations,,,,,,
us|ISRG|balanced|short|2026-08-06,2026-08-06,us,ISRG,Intuitive Surgical,balanced,short,375.2116,364.86875589541853,398.86890088089336,379.35,43.4,60.5,BULL,5,2026-08-13,CLOSED,api/final/recommendations,,,,,,
us|DELL|balanced|swing|2026-08-06,2026-08-06,us,DELL,Dell,balanced,swing,445.85,393.0,601.8975,448.79,31.8,45.0,BULL,10,2026-08-20,CLOSED,api/final/recommendations,,,,,,
us|SLB|balanced|mid|2026-08-06,2026-08-06,us,SLB,Schlumberger,balanced,mid,51.160000048828124,46.988800044847046,64.1488000612249,51.98,32.5,61.3,BULL,21,2026-09-04,PENDING,api/final/recommendations,,,,,,
us|KO|balanced|mid|2026-08-06,2026-08-06,us,KO,KO,balanced,mid,87.24000068359373,82.96320065008166,100.1232007845437,88.17,32.5,60.0,BULL,21,2026-09-04,PENDING,api/final/recommendations,,,,,,
us|ACHR|aggressive|swing|2026-08-06,2026-08-06,us,ACHR,Archer Aviation,aggressive,swing,5.23,4.9448,7.060500000000001,5.31,38.9,55.0,BULL,10,2026-08-20,CLOSED,api/final/recommendations,,,,,,
us|HPE|aggressive|mid|2026-08-06,2026-08-06,us,HPE,HPE,aggressive,mid,51.76,42.443200000000004,69.876,53.0,30.9,46.1,BULL,21,2026-09-04,PENDING,api/final/recommendations,,,,,,
us|SNAP|aggressive|mid|2026-08-06,2026-08-06,us,SNAP,SNAP,aggressive,mid,5.267769506408691,4.826020552977149,7.111488833651734,5.4,31.9,64.7,BULL,21,2026-09-04,PENDING,api/final/recommendations,,,,,,
us|TMDX|aggressive|mid|2026-08-06,2026-08-06,us,TMDX,TransMedics,aggressive,mid,76.83,64.01385599999999,103.7205,78.54,31.9,64.5,BULL,21,2026-09-04,PENDING,api/final/recommendations,,,,,,
us|NVDA|aggressive|mid|2026-08-06,2026-08-06,us,NVDA,NVIDIA,aggressive,mid,223.09,198.390688,295.99162,228.03,31.3,43.4,BULL,21,2026-09-04,PENDING,api/final/recommendations,,,,,,
us|DIS|aggressive|mid|2026-08-06,2026-08-06,us,DIS,The Walt Disney Company,aggressive,mid,103.21999931933594,94.6759033756783,125.99395916915753,105.08,31.3,55.5,BULL,21,2026-09-04,PENDING,api/final/recommendations,,,,,,
us|ABNB|aggressive|mid|2026-08-06,2026-08-06,us,ABNB,"Airbnb, Inc.",aggressive,mid,152.37000272265624,138.66998647785454,192.69666344324187,154.29,31.9,45.3,BULL,21,2026-09-04,PENDING,api/final/recommendations,,,,,,
us|JPM|aggressive|mid|2026-08-06,2026-08-06,us,JPM,JPMorgan,aggressive,mid,359.68999863867185,338.91900671728433,424.3944183937833,362.05,30.9,43.0,BULL,21,2026-09-04,PENDING,api/final/recommendations,,,,,,
us|ALAB|balanced|short|2026-08-07,2026-08-07,us,ALAB,Astera Labs,balanced,short,333.88,305.4016,399.9216,336.89,45.2,53.7,BULL,5,2026-08-14,CLOSED,api/final/recommendations,,,,,,
us|DUOL|balanced|swing|2026-08-07,2026-08-07,us,DUOL,Duolingo,balanced,swing,122.8,110.0,160.0,121.69,31.0,47.4,BULL,10,2026-08-21,CLOSED,api/final/recommendations,,,,,,
us|DASH|aggressive|mid|2026-08-07,2026-08-07,us,DASH,DASH,aggressive,mid,208.5900020419922,181.43548977616302,281.59650275668946,212.78,31.3,63.0,BULL,21,2026-09-07,PENDING,api/final/recommendations,,,,,,
us|SE|conservative|short|2026-08-07,2026-08-07,us,SE,Sea Limited,conservative,short,111.0,108.552,116.8344,113.44,34.6,61.4,BULL,5,2026-08-14,CLOSED,api/final/recommendations,,,,,,
us|STX|conservative|short|2026-08-07,2026-08-07,us,STX,Seagate,conservative,short,852.95,807.93128,967.01252,869.97,34.6,69.5,BULL,5,2026-08-14,LOSS,api/final/recommendations,,,,,,
us|MELI|conservative|mid|2026-08-07,2026-08-07,us,MELI,MercadoLibre,conservative,mid,1830.0,1725.456,2140.9392000000003,1901.24,31.5,80.9,BULL,21,2026-09-07,PENDING,api/final/recommendations,,,,,,
us|COP|conservative|mid|2026-08-07,2026-08-07,us,COP,ConocoPhillips,conservative,mid,116.75999993676758,110.33529594024694,136.56950392603957,121.06,31.5,78.9,BULL,21,2026-09-07,PENDING,api/final/recommendations,,,,,,
us|SCHD|conservative|mid|2026-08-07,2026-08-07,us,SCHD,SCHD,conservative,mid,33.699999977416994,33.03471997786281,36.068079975830095,34.83,31.5,73.8,BULL,21,2026-09-07,PENDING,api/final/recommendations,,,,,,
us|DELL|balanced|short|2026-08-07,2026-08-07,us,DELL,Dell,balanced,short,437.65,408.648,504.528,445.22,45.2,56.4,BULL,5,2026-08-14,CLOSED,api/final/recommendations,,,,,,
us|GE|balanced|short|2026-08-07,2026-08-07,us,GE,GE Aerospace,balanced,short,374.55,366.016,393.896,380.71,43.4,63.1,BULL,5,2026-08-14,CLOSED,api/final/recommendations,,,,,,
us|PANW|balanced|mid|2026-08-07,2026-08-07,us,PANW,Palo Alto Networks,balanced,mid,359.49,320.5632,467.0832,368.26,32.5,60.4,BULL,21,2026-09-07,PENDING,api/final/recommendations,,,,,,
us|TMDX|balanced|mid|2026-08-07,2026-08-07,us,TMDX,TransMedics,balanced,mid,80.21,69.3728,108.2835,81.91,32.5,71.7,BULL,21,2026-09-07,PENDING,api/final/recommendations,,,,,,
us|SLB|balanced|mid|2026-08-07,2026-08-07,us,SLB,Schlumberger,balanced,mid,51.53999970703125,46.86719973359284,65.347199628547,52.41,32.5,61.4,BULL,21,2026-09-07,PENDING,api/final/recommendations,,,,,,
us|MA|balanced|mid|2026-08-07,2026-08-07,us,MA,Mastercard,balanced,mid,575.9499960937501,544.3359963081648,661.8159955113834,584.63,31.0,56.3,BULL,21,2026-09-07,PENDING,api/final/recommendations,,,,,,
us|GM|balanced|mid|2026-08-07,2026-08-07,us,GM,General Motors,balanced,mid,86.93999921875,79.09919928920809,109.45919901639063,88.11,32.5,70.1,BULL,21,2026-09-07,PENDING,api/final/recommendations,,,,,,
us|LYFT|aggressive|short|2026-08-07,2026-08-07,us,LYFT,LYFT,aggressive,short,16.299999849243164,16.047039851582763,17.860599834809353,16.55,34.2,51.4,BULL,5,2026-08-14,CLOSED,api/final/recommendations,,,,,,
us|PFE|aggressive|short|2026-08-07,2026-08-07,us,PFE,PFE,aggressive,short,26.200000150756836,25.18816014493463,27.852400160264878,26.57,34.2,52.9,BULL,5,2026-08-14,CLOSED,api/final/recommendations,,,,,,
us|ACHR|aggressive|swing|2026-08-07,2026-08-07,us,ACHR,Archer Aviation,aggressive,swing,5.23,4.9448,7.060500000000001,5.31,38.9,55.2,BULL,10,2026-08-21,CLOSED,api/final/recommendations,,,,,,
us|DUOL|aggressive|swing|2026-08-07,2026-08-07,us,DUOL,Duolingo,aggressive,swing,122.58,106.9808,165.483,123.04,38.9,67.5,BULL,10,2026-08-21,CLOSED,api/final/recommendations,,,,,,
us|S|aggressive|mid|2026-08-07,2026-08-07,us,S,SentinelOne,aggressive,mid,20.76,17.879232,28.026000000000003,21.34,30.9,58.1,BULL,21,2026-09-07,PENDING,api/final/recommendations,,,,,,
us|CRWD|aggressive|mid|2026-08-07,2026-08-07,us,CRWD,CrowdStrike,aggressive,mid,207.39,177.28924800000001,279.9765,212.65,31.3,57.9,BULL,21,2026-09-07,PENDING,api/final/recommendations,,,,,,
us|NVDA|aggressive|mid|2026-08-07,2026-08-07,us,NVDA,NVIDIA,aggressive,mid,218.99,194.45436800000002,292.06982,224.38,31.9,53.4,BULL,21,2026-09-07,PENDING,api/final/recommendations,,,,,,
us|ESTC|aggressive|mid|2026-08-07,2026-08-07,us,ESTC,Elastic,aggressive,mid,69.95,60.21104,94.4325,71.66,31.3,66.0,BULL,21,2026-09-07,PENDING,api/final/recommendations,,,,,,
us|SNAP|aggressive|mid|2026-08-07,2026-08-07,us,SNAP,SNAP,aggressive,mid,5.220000116989135,4.859904108918767,7.047000157935332,5.34,31.9,59.8,BULL,21,2026-09-07,PENDING,api/final/recommendations,,,,,,
us|DIS|aggressive|mid|2026-08-07,2026-08-07,us,DIS,The Walt Disney Company,aggressive,mid,104.679999829834,97.01977584228632,128.41623979124876,106.74,31.9,66.4,BULL,21,2026-09-07,PENDING,api/final/recommendations,,,,,,
us|ETN|aggressive|mid|2026-08-07,2026-08-07,us,ETN,Eaton,aggressive,mid,448.19,385.680608,605.0565,455.32,30.9,47.6,BULL,21,2026-09-07,PENDING,api/final/recommendations,,,,,,
us|ABNB|aggressive|mid|2026-08-07,2026-08-07,us,ABNB,"Airbnb, Inc.",aggressive,mid,151.64000034033202,137.49804830859267,193.26752043375845,153.76,31.9,54.1,BULL,21,2026-09-07,PENDING,api/final/recommendations,,,,,,
us|ALAB|aggressive|swing|2026-08-07,2026-08-07,us,ALAB,Astera Labs,aggressive,swing,344.0,310.52,422.30000000000007,345.56,35.6,46.1,BULL,10,2026-08-21,CLOSED,api/final/recommendations,,,,,,
us|PANW|aggressive|mid|2026-08-07,2026-08-07,us,PANW,Palo Alto Networks,aggressive,mid,368.13,318.813216,496.9755,376.99,31.3,58.3,BULL,21,2026-09-07,PENDING,api/final/recommendations,,,,,,
us|TMDX|aggressive|mid|2026-08-07,2026-08-07,us,TMDX,TransMedics,aggressive,mid,80.5,66.5872,108.67500000000001,82.25,31.3,69.3,BULL,21,2026-09-07,PENDING,api/final/recommendations,,,,,,
us|DELL|conservative|short|2026-08-07,2026-08-07,us,DELL,Dell,conservative,short,431.29,410.58481600000005,483.64578400000005,440.43,34.6,61.1,BULL,5,2026-08-14,CLOSED,api/final/recommendations,,,,,,
us|DUOL|conservative|swing|2026-08-07,2026-08-07,us,DUOL,Duolingo,conservative,swing,126.90890000000002,117.61378056670084,156.61884248506817,130.51,33.9,62.2,BULL,10,2026-08-21,CLOSED,api/final/recommendations,,,,,,
us|CEG|conservative|mid|2026-08-07,2026-08-07,us,CEG,Constellation Energy,conservative,mid,264.74,245.028704,324.724496,274.41,31.5,81.0,BULL,21,2026-09-07,PENDING,api/final/recommendations,,,,,,
us|HD|balanced|short|2026-08-07,2026-08-07,us,HD,HD,balanced,short,354.6400046875,348.0848046008558,370.5248048974594,360.7,54.5,73.1,BULL,5,2026-08-14,CLOSED,api/final/recommendations,,,,,,
us|SLB|balanced|short|2026-08-07,2026-08-07,us,SLB,Schlumberger,balanced,short,51.240000537109374,49.716800521142844,54.47680057103825,51.92,43.4,63.7,BULL,5,2026-08-14,CLOSED,api/final/recommendations,,,,,,
us|RXRX|balanced|short|2026-08-07,2026-08-07,us,RXRX,Recursion,balanced,short,3.249168,3.0792115200000003,3.75903744,3.29,54.5,66.4,BULL,5,2026-08-14,CLOSED,api/final/recommendations,,,,,,
us|SE|balanced|mid|2026-08-07,2026-08-07,us,SE,Sea Limited,balanced,mid,113.25,102.36,141.96,115.4,32.5,64.8,BULL,21,2026-09-07,PENDING,api/final/recommendations,,,,,,
us|UBER|aggressive|short|2026-08-07,2026-08-07,us,UBER,Uber,aggressive,short,74.12999945727539,71.49078347659777,80.43665941110272,75.19,34.2,50.8,BULL,5,2026-08-14,CLOSED,api/final/recommendations,,,,,,
us|DDOG|aggressive|swing|2026-08-07,2026-08-07,us,DDOG,Datadog,aggressive,swing,242.12,210.9712,326.862,242.27,36.1,56.0,BULL,10,2026-08-21,CLOSED,api/final/recommendations,,,,,,
us|PFE|aggressive|mid|2026-08-07,2026-08-07,us,PFE,PFE,aggressive,mid,26.402787744750977,24.111025768506597,31.03647699395478,26.83,31.3,50.6,BULL,21,2026-09-07,PENDING,api/final/recommendations,,,,,,
us|STX|conservative|swing|2026-08-10,2026-08-10,us,STX,Seagate,conservative,swing,812.76,725.8128,1096.0872,828.22,33.9,61.7,BULL,10,2026-08-24,CLOSED,api/final/recommendations,,,,,,
us|MA|conservative|mid|2026-08-10,2026-08-10,us,MA,Mastercard,conservative,mid,562.9499996386719,540.1879196532816,631.9846795943621,584.69,31.5,74.8,BULL,21,2026-09-08,PENDING,api/final/recommendations,,,,,,
us|MCD|conservative|mid|2026-08-10,2026-08-10,us,MCD,MCD,conservative,mid,274.47999967480473,264.51980768660525,304.87379163879507,284.7,31.5,81.0,BULL,21,2026-09-08,PENDING,api/final/recommendations,,,,,,
us|MELI|conservative|mid|2026-08-10,2026-08-10,us,MELI,MercadoLibre,conservative,mid,1820.69,1717.391024,2128.859576,1887.74,31.5,69.1,BULL,21,2026-09-08,PENDING,api/final/recommendations,,,,,,
us|COP|conservative|mid|2026-08-10,2026-08-10,us,COP,ConocoPhillips,conservative,mid,117.60999998193358,111.3278559828986,137.57394397886685,121.93,31.5,75.4,BULL,21,2026-09-08,PENDING,api/final/recommendations,,,,,,
us|DUOL|conservative|mid|2026-08-10,2026-08-10,us,DUOL,Duolingo,conservative,mid,130.9,114.83824,176.71500000000003,135.36,31.5,59.4,BULL,21,2026-09-08,PENDING,api/final/recommendations,,,,,,
us|HD|balanced|short|2026-08-10,2026-08-10,us,HD,HD,balanced,short,355.6199984375,348.3983984692298,371.5183983676466,361.88,54.5,73.4,BULL,5,2026-08-17,CLOSED,api/final/recommendations,,,,,,
us|BAC|balanced|mid|2026-08-10,2026-08-10,us,BAC,Bank of America,balanced,mid,63.17000058593751,60.30560055936858,70.86560065731855,64.58,32.5,53.5,BULL,21,2026-09-08,PENDING,api/final/recommendations,,,,,,
us|SE|balanced|mid|2026-08-10,2026-08-10,us,SE,Sea Limited,balanced,mid,113.43,102.3024,141.90240000000003,115.7,32.5,65.1,BULL,21,2026-09-08,PENDING,api/final/recommendations,,,,,,
us|SCHD|balanced|mid|2026-08-10,2026-08-10,us,SCHD,SCHD,balanced,mid,33.89999951171875,32.7119995288302,36.671999471792034,34.47,32.5,66.7,BULL,21,2026-09-08,PENDING,api/final/recommendations,,,,,,
us|DELL|aggressive|swing|2026-08-10,2026-08-10,us,DELL,Dell,aggressive,swing,453.77,385.8552,612.5895,462.8,35.6,50.4,BULL,10,2026-08-24,CLOSED,api/final/recommendations,,,,,,
us|S|aggressive|mid|2026-08-10,2026-08-10,us,S,SentinelOne,aggressive,mid,21.4,19.10848,28.89,22.15,31.3,59.2,BULL,21,2026-09-08,PENDING,api/final/recommendations,,,,,,
us|CRWD|aggressive|mid|2026-08-10,2026-08-10,us,CRWD,CrowdStrike,aggressive,mid,214.42,185.906944,289.467,220.64,30.9,55.4,BULL,21,2026-09-08,PENDING,api/final/recommendations,,,,,,
us|PANW|aggressive|mid|2026-08-10,2026-08-10,us,PANW,Palo Alto Networks,aggressive,mid,363.86,316.62195199999996,491.21100000000007,374.14,31.9,59.8,BULL,21,2026-09-08,PENDING,api/final/recommendations,,,,,,
us|NET|aggressive|mid|2026-08-10,2026-08-10,us,NET,Cloudflare,aggressive,mid,300.27,246.22140000000002,405.3645,308.37,30.9,53.7,BULL,21,2026-09-08,PENDING,api/final/recommendations,,,,,,
us|TMDX|aggressive|mid|2026-08-10,2026-08-10,us,TMDX,TransMedics,aggressive,mid,83.89,69.338848,113.25150000000001,86.12,31.3,66.7,BULL,21,2026-09-08,PENDING,api/final/recommendations,,,,,,
us|BMNR|aggressive|mid|2026-08-10,2026-08-10,us,BMNR,비트마인 이머전 테크놀로지스,aggressive,mid,18.82,15.432400000000001,25.407000000000004,19.32,31.3,69.0,BULL,21,2026-09-08,PENDING,api/final/recommendations,,,,,,
us|ETN|aggressive|mid|2026-08-10,2026-08-10,us,ETN,Eaton,aggressive,mid,448.68,385.368576,605.7180000000001,458.56,30.9,51.8,BULL,21,2026-09-08,PENDING,api/final/recommendations,,,,,,
us|DIS|aggressive|mid|2026-08-10,2026-08-10,us,DIS,The Walt Disney Company,aggressive,mid,104.9099979580078,96.87331011443574,128.23637750397785,106.93,31.9,66.6,BULL,21,2026-09-08,PENDING,api/final/recommendations,,,,,,
us|PFE|aggressive|mid|2026-08-10,2026-08-10,us,PFE,PFE,aggressive,mid,26.75999987237549,25.516031878308254,32.5336798448395,27.25,31.9,63.2,BULL,21,2026-09-08,PENDING,api/final/recommendations,,,,,,
us|RSP|aggressive|mid|2026-08-10,2026-08-10,us,RSP,RSP,aggressive,mid,220.09000204199222,213.3954899798806,241.31362223890468,223.9,31.9,62.4,BULL,21,2026-09-08,PENDING,api/final/recommendations,,,,,,
us|ALAB|aggressive|swing|2026-08-10,2026-08-10,us,ALAB,Astera Labs,aggressive,swing,339.21,306.7096,417.22650000000004,339.78,35.6,42.8,BULL,10,2026-08-24,CLOSED,api/final/recommendations,,,,,,
us|LLY|conservative|short|2026-08-10,2026-08-10,us,LLY,Eli Lilly,conservative,short,1201.04,1177.519616,1260.953984,1234.1,34.6,67.6,BULL,5,2026-08-17,CLOSED,api/final/recommendations,,,,,,
us|OXY|conservative|short|2026-08-10,2026-08-10,us,OXY,Occidental Petroleum,conservative,short,58.188779424072266,57.11657791472021,60.73994991036543,59.51,34.6,64.4,BULL,5,2026-08-17,CLOSED,api/final/recommendations,,,,,,
us|DIS|balanced|mid|2026-08-10,2026-08-10,us,DIS,The Walt Disney Company,balanced,mid,103.45993681640624,97.57274041175182,121.33272590138853,105.21,32.5,72.2,BULL,21,2026-09-08,PENDING,api/final/recommendations,,,,,,
us|SLB|balanced|mid|2026-08-10,2026-08-10,us,SLB,Schlumberger,balanced,mid,51.620000341796874,46.84160031015716,65.32160043252071,52.47,32.5,65.4,BULL,21,2026-09-08,PENDING,api/final/recommendations,,,,,,
us|RSP|balanced|mid|2026-08-10,2026-08-10,us,RSP,RSP,balanced,mid,220.01000175781252,214.71680171552148,235.8368018842638,223.58,32.5,77.0,BULL,21,2026-09-08,PENDING,api/final/recommendations,,,,,,
us|OKTA|aggressive|short|2026-08-10,2026-08-10,us,OKTA,Okta,aggressive,short,150.780988,145.06405453950626,165.6710455678504,154.95,38.6,44.1,BULL,5,2026-08-17,CLOSED,api/final/recommendations,,,,,,
us|BAC|aggressive|mid|2026-08-10,2026-08-10,us,BAC,Bank of America,aggressive,mid,63.77721208508301,60.86383543850512,73.07884547962558,65.16,31.9,58.9,BULL,21,2026-09-08,PENDING,api/final/recommendations,,,,,,
us|NVDA|aggressive|mid|2026-08-10,2026-08-10,us,NVDA,NVIDIA,aggressive,mid,222.36972120000001,198.84893468960516,294.77229042398886,227.03,31.9,56.4,BULL,21,2026-09-08,PENDING,api/final/recommendations,,,,,,
us|ADBE|aggressive|mid|2026-08-10,2026-08-10,us,ADBE,Adobe,aggressive,mid,266.71999931933595,226.25830342259331,360.07199908110357,272.31,30.9,47.0,BULL,21,2026-09-08,PENDING,api/final/recommendations,,,,,,
us|SNAP|aggressive|mid|2026-08-10,2026-08-10,us,SNAP,SNAP,aggressive,mid,5.331115161712647,4.790858150848085,7.197005468312074,5.43,31.9,62.7,BULL,21,2026-09-08,PENDING,api/final/recommendations,,,,,,
us|MCD|conservative|short|2026-08-11,2026-08-11,us,MCD,MCD,conservative,short,273.7200005732422,270.42988856635185,281.82451259021514,280.62,34.6,79.9,BULL,5,2026-08-18,CLOSED,api/final/recommendations,,,,,,
us|HIMS|conservative|short|2026-08-11,2026-08-11,us,HIMS,Hims & Hers,conservative,short,31.77,29.924208,36.135192,32.31,34.9,59.8,BULL,5,2026-08-18,NOT_EXECUTED,api/final/recommendations,,,,,,
us|AMAT|conservative|short|2026-08-11,2026-08-11,us,AMAT,Applied Materials,conservative,short,522.12,501.98764800000004,573.505152,530.59,34.6,67.6,BULL,5,2026-08-18,CLOSED,api/final/recommendations,,,,,,
us|DDOG|conservative|swing|2026-08-11,2026-08-11,us,DDOG,Datadog,conservative,swing,260.78,241.4984,324.1316,266.76,33.9,57.4,BULL,10,2026-08-25,CLOSED,api/final/recommendations,,,,,,
us|OKTA|balanced|short|2026-08-11,2026-08-11,us,OKTA,Okta,balanced,short,150.77,146.1664,161.8064,154.4,43.4,62.6,BULL,5,2026-08-18,CLOSED,api/final/recommendations,,,,,,
us|NVDA|balanced|short|2026-08-11,2026-08-11,us,NVDA,NVIDIA,balanced,short,217.55,211.056,232.136,221.48,54.5,68.8,BULL,5,2026-08-18,CLOSED,api/final/recommendations,,,,,,
us|SCHD|balanced|mid|2026-08-11,2026-08-11,us,SCHD,SCHD,balanced,mid,34.19000043945312,32.619200419263215,37.899200487128454,34.78,32.5,66.5,BULL,21,2026-09-09,PENDING,api/final/recommendations,,,,,,
us|OXY|balanced|mid|2026-08-11,2026-08-11,us,OXY,Occidental Petroleum,balanced,mid,58.64999951171875,53.83199955183024,72.31199939797794,59.64,32.5,67.4,BULL,21,2026-09-09,PENDING,api/final/recommendations,,,,,,
us|DIS|balanced|mid|2026-08-11,2026-08-11,us,DIS,The Walt Disney Company,balanced,mid,103.17999990234377,96.34239990881531,121.42239988507797,104.89,32.5,72.0,BULL,21,2026-09-09,PENDING,api/final/recommendations,,,,,,
us|RSP|balanced|mid|2026-08-11,2026-08-11,us,RSP,RSP,balanced,mid,220.21999960937498,214.64959961925572,235.76959958179316,223.82,32.5,76.0,BULL,21,2026-09-09,PENDING,api/final/recommendations,,,,,,
us|AMZN|balanced|mid|2026-08-11,2026-08-11,us,AMZN,Amazon,balanced,mid,278.09,251.5712,351.8912,281.37,32.3,48.4,BULL,21,2026-09-09,PENDING,api/final/recommendations,,,,,,
us|LLY|aggressive|short|2026-08-11,2026-08-11,us,LLY,Eli Lilly,aggressive,short,1231.94,1189.830592,1339.40108,1266.04,34.2,56.8,BULL,5,2026-08-18,CLOSED,api/final/recommendations,,,,,,
us|LITE|aggressive|swing|2026-08-11,2026-08-11,us,LITE,Lumentum,aggressive,swing,813.51,734.7576,999.1215000000001,819.79,35.6,53.5,BULL,10,2026-08-25,CLOSED,api/final/recommendations,,,,,,
us|AVGO|aggressive|mid|2026-08-11,2026-08-11,us,AVGO,Broadcom,aggressive,mid,422.4,369.36768,570.24,431.43,31.9,67.0,BULL,21,2026-09-09,PENDING,api/final/recommendations,,,,,,
us|DASH|aggressive|mid|2026-08-11,2026-08-11,us,DASH,DASH,aggressive,mid,209.859999659668,180.6267517070758,283.31099954055185,214.3,31.9,67.4,BULL,21,2026-09-09,PENDING,api/final/recommendations,,,,,,
us|LYFT|aggressive|mid|2026-08-11,2026-08-11,us,LYFT,LYFT,aggressive,mid,17.25999987237549,15.197631887625125,23.300999827706914,17.6,31.3,62.0,BULL,21,2026-09-09,PENDING,api/final/recommendations,,,,,,
us|BAC|aggressive|mid|2026-08-11,2026-08-11,us,BAC,Bank of America,aggressive,mid,63.85999965966797,60.815551675892884,73.01947961085394,65.11,31.3,57.9,BULL,21,2026-09-09,PENDING,api/final/recommendations,,,,,,
us|SNAP|aggressive|mid|2026-08-11,2026-08-11,us,SNAP,SNAP,aggressive,mid,5.350000053176879,4.77712004748268,7.2225000717887875,5.45,31.9,63.0,BULL,21,2026-09-09,PENDING,api/final/recommendations,,,,,,
us|PFE|aggressive|mid|2026-08-11,2026-08-11,us,PFE,PFE,aggressive,mid,27.050000425415043,25.33136039838601,32.30690050809025,27.58,31.3,67.0,BULL,21,2026-09-09,PENDING,api/final/recommendations,,,,,,
us|SLB|aggressive|mid|2026-08-11,2026-08-11,us,SLB,Schlumberger,aggressive,mid,53.199999574584965,46.325439629557536,71.8199994256897,54.22,31.3,69.5,BULL,21,2026-09-09,PENDING,api/final/recommendations,,,,,,
us|SE|aggressive|mid|2026-08-11,2026-08-11,us,SE,Sea Limited,aggressive,mid,114.8,102.03296,154.3604,116.91,31.9,60.8,BULL,21,2026-09-09,PENDING,api/final/recommendations,,,,,,
us|UBER|aggressive|mid|2026-08-11,2026-08-11,us,UBER,Uber,aggressive,mid,78.03000068066406,69.79689660884581,102.9245408978218,79.46,31.9,65.5,BULL,21,2026-09-09,PENDING,api/final/recommendations,,,,,,
us|NVDA|balanced|mid|2026-08-11,2026-08-11,us,NVDA,NVIDIA,balanced,mid,218.5,198.04,274.6,222.35,32.5,63.4,BULL,21,2026-09-09,PENDING,api/final/recommendations,,,,,,
us|COP|conservative|short|2026-08-11,2026-08-11,us,COP,ConocoPhillips,conservative,short,123.37999871020507,121.2355507326228,129.0128466513202,126.32,34.6,66.4,BULL,5,2026-08-18,CLOSED,api/final/recommendations,,,,,,
us|AMAT|conservative|swing|2026-08-11,2026-08-11,us,AMAT,Applied Materials,conservative,swing,527.67,490.4676,648.0474,537.79,33.9,73.5,BULL,10,2026-08-25,CLOSED,api/final/recommendations,,,,,,
us|HIMS|conservative|swing|2026-08-11,2026-08-11,us,HIMS,Hims & Hers,conservative,swing,30.7,28.035999999999998,40.294,31.22,33.9,62.4,BULL,10,2026-08-25,CLOSED,api/final/recommendations,,,,,,
us|LMT|balanced|mid|2026-08-11,2026-08-11,us,LMT,LMT,balanced,mid,597.779990625,550.5503913657031,726.1103886123909,608.43,32.5,69.8,BULL,21,2026-09-09,PENDING,api/final/recommendations,,,,,,
us|BAC|balanced|mid|2026-08-11,2026-08-11,us,BAC,Bank of America,balanced,mid,64.11840000000001,61.32006982907049,70.55983926138491,65.26,31.0,58.7,BULL,21,2026-09-09,PENDING,api/final/recommendations,,,,,,
us|HD|balanced|mid|2026-08-11,2026-08-11,us,HD,HD,balanced,mid,357.09999804687504,334.5279981703305,420.32799770105544,362.56,32.5,62.5,BULL,21,2026-09-09,PENDING,api/final/recommendations,,,,,,
us|GE|balanced|mid|2026-08-11,2026-08-11,us,GE,GE Aerospace,balanced,mid,371.22,345.8496,442.20959999999997,375.99,32.5,67.1,BULL,21,2026-09-09,PENDING,api/final/recommendations,,,,,,
us|OKTA|balanced|mid|2026-08-11,2026-08-11,us,OKTA,Okta,balanced,mid,149.49,134.32319999999999,191.0832,151.33,32.5,66.2,BULL,21,2026-09-09,PENDING,api/final/recommendations,,,,,,
us|RXRX|balanced|mid|2026-08-11,2026-08-11,us,RXRX,Recursion,balanced,mid,3.299968,2.90397184,4.2239590399999996,3.33,32.5,61.3,BULL,21,2026-09-09,PENDING,api/final/recommendations,,,,,,
us|PANW|aggressive|mid|2026-08-11,2026-08-11,us,PANW,Palo Alto Networks,aggressive,mid,382.1,336.10591999999997,515.835,390.56,30.9,56.9,BULL,21,2026-09-09,PENDING,api/final/recommendations,,,,,,
us|ADBE|aggressive|mid|2026-08-11,2026-08-11,us,ADBE,Adobe,aggressive,mid,270.0,229.08,364.5,275.92,31.3,61.7,BULL,21,2026-09-09,PENDING,api/final/recommendations,,,,,,
us|NET|aggressive|mid|2026-08-11,2026-08-11,us,NET,Cloudflare,aggressive,mid,304.02,249.2964,410.427,310.39,32.0,45.6,BULL,21,2026-09-09,PENDING,api/final/recommendations,,,,,,
us|ETN|aggressive|mid|2026-08-11,2026-08-11,us,ETN,Eaton,aggressive,mid,456.83,394.90985600000005,616.7205,465.47,30.9,51.9,BULL,21,2026-09-09,PENDING,api/final/recommendations,,,,,,
us|CEG|conservative|short|2026-08-12,2026-08-12,us,CEG,Constellation Energy,conservative,short,278.36,272.308544,293.550656,284.98,41.7,66.1,SIDE,5,2026-08-19,CLOSED,api/final/recommendations,,,,,,
us|AMAT|conservative|swing|2026-08-12,2026-08-12,us,AMAT,Applied Materials,conservative,swing,525.61,488.45079999999996,646.0341999999999,535.79,38.1,74.0,SIDE,10,2026-08-26,CLOSED,api/final/recommendations,,,,,,
us|COST|conservative|mid|2026-08-12,2026-08-12,us,COST,Costco,conservative,mid,944.32,908.8510719999999,1051.068928,979.49,34.3,81.0,SIDE,21,2026-09-10,PENDING,api/final/recommendations,,,,,,
us|ASML|balanced|short|2026-08-12,2026-08-12,us,ASML,ASML,balanced,short,1799.38,1735.2016,1949.4016000000001,1825.85,51.5,54.3,SIDE,5,2026-08-19,CLOSED,api/final/recommendations,,,,,,
us|OXY|balanced|mid|2026-08-12,2026-08-12,us,OXY,Occidental Petroleum,balanced,mid,59.05999956054688,53.70079960042356,72.18079946291773,60.14,34.3,65.1,SIDE,21,2026-09-10,PENDING,api/final/recommendations,,,,,,
us|LMT|balanced|mid|2026-08-12,2026-08-12,us,LMT,LMT,balanced,mid,597.76999375,550.5535942436724,727.4335923942988,608.42,35.7,70.2,SIDE,21,2026-09-10,PENDING,api/final/recommendations,,,,,,
us|SCHD|balanced|mid|2026-08-12,2026-08-12,us,SCHD,SCHD,balanced,mid,34.26999985351563,32.593599860681266,37.87359983811232,34.87,35.7,62.0,SIDE,21,2026-09-10,PENDING,api/final/recommendations,,,,,,
us|PFE|balanced|mid|2026-08-12,2026-08-12,us,PFE,PFE,balanced,mid,26.619999731445315,24.481599753018465,31.081599686434657,27.05,34.3,70.8,SIDE,21,2026-09-10,PENDING,api/final/recommendations,,,,,,
us|RSP|balanced|mid|2026-08-12,2026-08-12,us,RSP,RSP,balanced,mid,220.68999921875,214.49919924066563,236.93919916122726,224.18,35.7,80.0,SIDE,21,2026-09-10,PENDING,api/final/recommendations,,,,,,
us|OKTA|balanced|mid|2026-08-12,2026-08-12,us,OKTA,Okta,balanced,mid,150.33,135.3744,192.13439999999997,152.18,35.7,68.0,SIDE,21,2026-09-10,PENDING,api/final/recommendations,,,,,,
us|LLY|aggressive|short|2026-08-12,2026-08-12,us,LLY,Eli Lilly,aggressive,short,1215.02,1171.999936,1323.32564,1243.58,42.1,60.7,SIDE,5,2026-08-19,CLOSED,api/final/recommendations,,,,,,
us|COP|aggressive|mid|2026-08-12,2026-08-12,us,COP,ConocoPhillips,aggressive,mid,125.9200010209961,112.9565449158846,163.4845613255805,128.75,36.2,57.0,SIDE,21,2026-09-10,PENDING,api/final/recommendations,,,,,,
us|PANW|aggressive|mid|2026-08-12,2026-08-12,us,PANW,Palo Alto Networks,aggressive,mid,383.8,336.66016,518.13,392.3,34.0,57.3,SIDE,21,2026-09-10,PENDING,api/final/recommendations,,,,,,
us|ADBE|aggressive|mid|2026-08-12,2026-08-12,us,ADBE,Adobe,aggressive,mid,263.7100047646484,221.62787600431872,356.00850643227534,269.38,36.2,58.0,SIDE,21,2026-09-10,PENDING,api/final/recommendations,,,,,,
us|DASH|aggressive|mid|2026-08-12,2026-08-12,us,DASH,DASH,aggressive,mid,212.0,184.1744,286.20000000000005,216.33,36.2,62.0,SIDE,21,2026-09-10,PENDING,api/final/recommendations,,,,,,
us|UBER|aggressive|mid|2026-08-12,2026-08-12,us,UBER,Uber,aggressive,mid,78.53999948950197,69.47212754844175,104.3077193220157,80.08,36.2,63.9,SIDE,21,2026-09-10,PENDING,api/final/recommendations,,,,,,
us|ETN|aggressive|mid|2026-08-12,2026-08-12,us,ETN,Eaton,aggressive,mid,459.29,396.616928,620.0415,468.22,32.3,54.6,SIDE,21,2026-09-10,PENDING,api/final/recommendations,,,,,,
us|CRM|aggressive|mid|2026-08-12,2026-08-12,us,CRM,Salesforce,aggressive,mid,197.47,168.87510400000002,266.5845,201.29,34.0,62.6,SIDE,21,2026-09-10,PENDING,api/final/recommendations,,,,,,
us|SLB|aggressive|mid|2026-08-12,2026-08-12,us,SLB,Schlumberger,aggressive,mid,53.67999982983398,47.656575848928284,72.07023977153678,54.63,34.0,60.4,SIDE,21,2026-09-10,PENDING,api/final/recommendations,,,,,,
us|MELI|aggressive|mid|2026-08-12,2026-08-12,us,MELI,MercadoLibre,aggressive,mid,1940.0,1745.2207999999998,2522.714,1968.99,36.2,55.5,SIDE,21,2026-09-10,PENDING,api/final/recommendations,,,,,,
us|LYFT|aggressive|mid|2026-08-12,2026-08-12,us,LYFT,LYFT,aggressive,mid,17.53999948950195,15.019327562865586,23.678999310827635,17.88,34.0,62.0,SIDE,21,2026-09-10,PENDING,api/final/recommendations,,,,,,
us|AMAT|conservative|short|2026-08-13,2026-08-13,us,AMAT,Applied Materials,conservative,short,551.27,531.064208,602.045192,558.35,34.9,64.2,BULL,5,2026-08-20,CLOSED,api/final/recommendations,,,,,,
us|OXY|balanced|short|2026-08-13,2026-08-13,us,OXY,Occidental Petroleum,balanced,short,58.549999755859375,56.81599976308978,62.255999740406175,59.99,54.5,68.9,BULL,5,2026-08-20,CLOSED,api/final/recommendations,,,,,,
us|UBER|balanced|short|2026-08-13,2026-08-13,us,UBER,Uber,balanced,short,75.3600001953125,73.07520018939093,80.55520020877702,77.17,54.5,75.9,BULL,5,2026-08-20,CLOSED,api/final/recommendations,,,,,,
us|CEG|balanced|mid|2026-08-13,2026-08-13,us,CEG,Constellation Energy,balanced,mid,279.67,252.3856,355.3456,285.07,32.5,78.3,BULL,21,2026-09-11,PENDING,api/final/recommendations,,,,,,
us|SCHD|balanced|mid|2026-08-13,2026-08-13,us,SCHD,SCHD,balanced,mid,34.26000053710937,32.59680051103464,37.876800593811566,34.85,32.5,66.5,BULL,21,2026-09-11,PENDING,api/final/recommendations,,,,,,
us|MPWR|balanced|mid|2026-08-13,2026-08-13,us,MPWR,Monolithic Power,balanced,mid,1433.56,1199.1807999999999,1935.306,1456.52,31.0,56.1,BULL,21,2026-09-11,PENDING,api/final/recommendations,,,,,,
us|ASML|balanced|mid|2026-08-13,2026-08-13,us,ASML,ASML,balanced,mid,1815.0584959999999,1606.4194688831867,2389.1788202704465,1843.56,32.5,50.5,BULL,21,2026-09-11,PENDING,api/final/recommendations,,,,,,
us|ADBE|balanced|mid|2026-08-13,2026-08-13,us,ADBE,Adobe,balanced,mid,258.75,226.07999999999998,348.84,262.43,32.5,65.9,BULL,21,2026-09-11,PENDING,api/final/recommendations,,,,,,
us|LRCX|aggressive|swing|2026-08-13,2026-08-13,us,LRCX,Lam Research,aggressive,swing,327.9309,284.6175811274357,442.70671500000003,329.93,38.9,60.4,BULL,10,2026-08-27,CLOSED,api/final/recommendations,,,,,,
us|TMDX|aggressive|mid|2026-08-13,2026-08-13,us,TMDX,TransMedics,aggressive,mid,86.51,70.94403199999999,116.78850000000001,89.07,31.3,60.4,BULL,21,2026-09-11,PENDING,api/final/recommendations,,,,,,
us|ELF|aggressive|mid|2026-08-13,2026-08-13,us,ELF,e.l.f. Beauty,aggressive,mid,92.62,75.9484,125.03700000000002,95.22,31.9,57.5,BULL,21,2026-09-11,PENDING,api/final/recommendations,,,,,,
us|COP|aggressive|mid|2026-08-13,2026-08-13,us,COP,ConocoPhillips,aggressive,mid,127.29999829833984,115.35135845806117,164.18739780525408,130.61,31.3,56.3,BULL,21,2026-09-11,PENDING,api/final/recommendations,,,,,,
us|LMT|aggressive|mid|2026-08-13,2026-08-13,us,LMT,LMT,aggressive,mid,606.7200163359375,558.074319026152,755.1249803317414,622.17,31.9,69.2,BULL,21,2026-09-11,PENDING,api/final/recommendations,,,,,,
us|NET|aggressive|mid|2026-08-13,2026-08-13,us,NET,Cloudflare,aggressive,mid,311.45,255.389,420.45750000000004,318.81,30.9,57.3,BULL,21,2026-09-11,PENDING,api/final/recommendations,,,,,,
us|BAC|aggressive|mid|2026-08-13,2026-08-13,us,BAC,Bank of America,aggressive,mid,64.81000136132812,61.847393299098805,74.05858155559369,65.97,30.9,49.8,BULL,21,2026-09-11,PENDING,api/final/recommendations,,,,,,
us|OKTA|aggressive|mid|2026-08-13,2026-08-13,us,OKTA,Okta,aggressive,mid,147.3,128.80416,198.85500000000002,149.31,31.9,61.5,BULL,21,2026-09-11,PENDING,api/final/recommendations,,,,,,
us|LYFT|aggressive|mid|2026-08-13,2026-08-13,us,LYFT,LYFT,aggressive,mid,16.580000042541503,13.993856035905893,22.38300005743103,16.77,31.9,66.0,BULL,21,2026-09-11,PENDING,api/final/recommendations,,,,,,
us|HIMS|conservative|swing|2026-08-13,2026-08-13,us,HIMS,Hims & Hers,conservative,swing,29.2,26.896,37.624,29.84,33.9,66.4,BULL,10,2026-08-27,CLOSED,api/final/recommendations,,,,,,
us|MELI|conservative|mid|2026-08-13,2026-08-13,us,MELI,MercadoLibre,conservative,mid,1853.1698520000002,1726.6050941078618,2230.857989836632,1922.59,31.5,75.7,BULL,21,2026-09-11,PENDING,api/final/recommendations,,,,,,
us|CEG|balanced|short|2026-08-13,2026-08-13,us,CEG,Constellation Energy,balanced,short,279.81,271.0992,299.65919999999994,285.59,54.5,75.1,BULL,5,2026-08-20,CLOSED,api/final/recommendations,,,,,,
us|MPWR|balanced|short|2026-08-13,2026-08-13,us,MPWR,Monolithic Power,balanced,short,1420.1,1349.312,1585.9519999999998,1445.16,45.2,51.9,BULL,5,2026-08-20,CLOSED,api/final/recommendations,,,,,,
us|KLAC|balanced|short|2026-08-13,2026-08-13,us,KLAC,KLA,balanced,short,208.64,198.6848,232.00480000000002,211.38,45.2,53.6,BULL,5,2026-08-20,CLOSED,api/final/recommendations,,,,,,
us|HOOD|balanced|swing|2026-08-13,2026-08-13,us,HOOD,Robinhood,balanced,swing,100.28,93.0,123.0,100.42,35.1,57.6,BULL,10,2026-08-27,CLOSED,api/final/recommendations,,,,,,
us|DUOL|balanced|mid|2026-08-13,2026-08-13,us,DUOL,Duolingo,balanced,mid,138.97,115.2496,187.6095,142.18,32.5,57.2,BULL,21,2026-09-11,PENDING,api/final/recommendations,,,,,,
us|COP|balanced|mid|2026-08-13,2026-08-13,us,COP,ConocoPhillips,balanced,mid,125.29159882812502,115.66867603138719,152.6291476786655,128.09,32.5,63.1,BULL,21,2026-09-11,PENDING,api/final/recommendations,,,,,,
us|SNAP|balanced|mid|2026-08-13,2026-08-13,us,SNAP,SNAP,balanced,mid,5.24159995727539,4.924703227034008,7.076159942321778,5.31,32.5,52.2,BULL,21,2026-09-11,PENDING,api/final/recommendations,,,,,,
us|AVGO|balanced|mid|2026-08-13,2026-08-13,us,AVGO,Broadcom,balanced,mid,424.09,381.7312,540.1312,429.8,32.5,57.0,BULL,21,2026-09-11,PENDING,api/final/recommendations,,,,,,
us|PFE|balanced|mid|2026-08-13,2026-08-13,us,PFE,PFE,balanced,mid,26.619967993164064,24.481570564291708,31.08156262871255,26.97,32.5,70.5,BULL,21,2026-09-11,PENDING,api/final/recommendations,,,,,,
us|OKTA|aggressive|short|2026-08-13,2026-08-13,us,OKTA,Okta,aggressive,short,149.54,143.18227199999998,164.65027999999998,151.82,34.2,57.7,BULL,5,2026-08-20,CLOSED,api/final/recommendations,,,,,,
us|MU|aggressive|swing|2026-08-13,2026-08-13,us,MU,Micron,aggressive,swing,934.6,793.736,1261.71,945.77,36.1,61.9,BULL,10,2026-08-27,CLOSED,api/final/recommendations,,,,,,
us|CRM|aggressive|mid|2026-08-13,2026-08-13,us,CRM,Salesforce,aggressive,mid,194.89,167.244448,263.1015,198.68,31.9,67.1,BULL,21,2026-09-11,PENDING,api/final/recommendations,,,,,,
us|ASML|aggressive|mid|2026-08-13,2026-08-13,us,ASML,ASML,aggressive,mid,1848.95,1590.41744,2496.0825000000004,1884.12,31.3,55.2,BULL,21,2026-09-11,PENDING,api/final/recommendations,,,,,,
us|SCHD|aggressive|mid|2026-08-13,2026-08-13,us,SCHD,SCHD,aggressive,mid,34.450892946166995,28.803786576608584,46.50870547732545,35.07,31.9,58.5,BULL,21,2026-09-11,PENDING,api/final/recommendations,,,,,,
us|RXRX|aggressive|mid|2026-08-13,2026-08-13,us,RXRX,Recursion,aggressive,mid,3.3,2.80896,4.455,3.36,31.9,66.0,BULL,21,2026-09-11,PENDING,api/final/recommendations,,,,,,
us|COP|balanced|short|2026-08-14,2026-08-14,us,COP,ConocoPhillips,balanced,short,124.51999892578124,121.44639895229682,131.64639886430268,127.54,43.4,67.9,BULL,5,2026-08-21,LOSS,api/final/recommendations,,,,,,
us|CEG|balanced|short|2026-08-14,2026-08-14,us,CEG,Constellation Energy,balanced,short,278.64,270.0448,298.6048,285.25,54.5,88.2,BULL,5,2026-08-21,CLOSED,api/final/recommendations,,,,,,
us|HOOD|balanced|short|2026-08-14,2026-08-14,us,HOOD,Robinhood,balanced,short,99.37,95.0384,108.6384,101.11,54.5,70.4,BULL,5,2026-08-21,CLOSED,api/final/recommendations,,,,,,
us|KLAC|balanced|swing|2026-08-14,2026-08-14,us,KLAC,KLA,balanced,swing,209.37,190.0,267.0,209.01,33.9,47.1,BULL,10,2026-08-28,NOT_EXECUTED,api/final/recommendations,,,,,,
us|SNAP|balanced|mid|2026-08-14,2026-08-14,us,SNAP,SNAP,balanced,mid,5.299999938964843,4.903999943525206,7.154999917602539,5.38,32.5,60.9,BULL,21,2026-09-14,PENDING,api/final/recommendations,,,,,,
us|RSP|balanced|mid|2026-08-14,2026-08-14,us,RSP,RSP,balanced,mid,222.7300013671875,216.4864013288623,238.92640146660617,225.94,32.5,62.5,BULL,21,2026-09-14,PENDING,api/final/recommendations,,,,,,
us|PFE|balanced|mid|2026-08-14,2026-08-14,us,PFE,PFE,balanced,mid,26.800000244140623,25.74400023452075,31.0240002826201,27.16,32.5,65.4,BULL,21,2026-09-14,PENDING,api/final/recommendations,,,,,,
us|AVGO|balanced|mid|2026-08-14,2026-08-14,us,AVGO,Broadcom,balanced,mid,417.82,375.81759999999997,532.8976,422.92,32.5,65.9,BULL,21,2026-09-14,PENDING,api/final/recommendations,,,,,,
us|AMAT|aggressive|short|2026-08-14,2026-08-14,us,AMAT,Applied Materials,aggressive,short,534.54,498.67027199999995,624.9262799999999,538.35,45.5,66.8,BULL,5,2026-08-21,CLOSED,api/final/recommendations,,,,,,
us|MU|aggressive|swing|2026-08-14,2026-08-14,us,MU,Micron,aggressive,swing,949.83,803.7207999999999,1282.2705,962.74,38.9,60.0,BULL,10,2026-08-28,CLOSED,api/final/recommendations,,,,,,
us|OKTA|aggressive|mid|2026-08-14,2026-08-14,us,OKTA,Okta,aggressive,mid,154.95,133.75344,209.1825,158.83,31.3,61.5,BULL,21,2026-09-14,PENDING,api/final/recommendations,,,,,,
us|CRM|aggressive|mid|2026-08-14,2026-08-14,us,CRM,Salesforce,aggressive,mid,201.37,172.93878399999997,271.84950000000003,205.91,31.3,63.2,BULL,21,2026-09-14,PENDING,api/final/recommendations,,,,,,
us|ADBE|aggressive|mid|2026-08-14,2026-08-14,us,ADBE,Adobe,aggressive,mid,270.49000544531253,227.1311725724433,365.16150735117196,275.81,31.9,58.0,BULL,21,2026-09-14,PENDING,api/final/recommendations,,,,,,
us|DUOL|aggressive|mid|2026-08-14,2026-08-14,us,DUOL,Duolingo,aggressive,mid,144.1,118.162,194.535,146.87,30.9,53.8,BULL,21,2026-09-14,PENDING,api/final/recommendations,,,,,,
us|SCHD|aggressive|mid|2026-08-14,2026-08-14,us,SCHD,SCHD,aggressive,mid,34.42999982983398,28.81577585758159,46.48049977027588,35.05,31.9,58.5,BULL,21,2026-09-14,PENDING,api/final/recommendations,,,,,,
us|RXRX|aggressive|mid|2026-08-14,2026-08-14,us,RXRX,Recursion,aggressive,mid,3.31,2.802592,4.468500000000001,3.37,31.9,69.9,BULL,21,2026-09-14,PENDING,api/final/recommendations,,,,,,
us|NFLX|aggressive|mid|2026-08-14,2026-08-14,us,NFLX,Netflix,aggressive,mid,78.24000119116211,71.29996908550385,100.97832153734088,79.22,31.9,63.9,BULL,21,2026-09-14,PENDING,api/final/recommendations,,,,,,
kr|032640|conservative|mid|2026-08-14,2026-08-14,kr,032640,LG유플러스,conservative,mid,15060.0,13948.982399999999,18369.1344,15603.0,17.6,77.9,BULL,21,2026-09-14,PENDING,api/final/recommendations,,,,,,
kr|011200|conservative|mid|2026-08-14,2026-08-14,kr,011200,HMM,conservative,mid,21250.0,19691.344,25893.496000000003,22037.0,17.6,85.0,BULL,21,2026-09-14,PENDING,api/final/recommendations,,,,,,
kr|068270|balanced|mid|2026-08-14,2026-08-14,kr,068270,셀트리온,balanced,mid,201000.0,179907.72,259002.12,205209.0,17.8,64.3,BULL,21,2026-09-14,PENDING,api/final/recommendations,,,,,,
kr|196170|aggressive|short|2026-08-14,2026-08-14,kr,196170,알테오젠,aggressive,short,314000.0,282235.8128,394692.2,316387.0,13.9,53.8,BULL,5,2026-08-21,CLOSED,api/final/recommendations,,,,,,
kr|214450|aggressive|mid|2026-08-14,2026-08-14,kr,214450,파마리서치,aggressive,mid,398000.0,326360.0,537300.0,409773.0,17.7,60.5,BULL,21,2026-09-14,PENDING,api/final/recommendations,,,,,,
kr|035420|aggressive|mid|2026-08-14,2026-08-14,kr,035420,NAVER,aggressive,mid,228000.0,186960.0,307800.0,234358.0,12.5,48.8,BULL,21,2026-09-14,PENDING,api/final/recommendations,,,,,,
kr|000100|aggressive|mid|2026-08-14,2026-08-14,kr,000100,유한양행,aggressive,mid,83700.0,72406.08,112995.00000000001,85706.0,12.5,61.3,BULL,21,2026-09-14,PENDING,api/final/recommendations,,,,,,
kr|009540|aggressive|mid|2026-08-14,2026-08-14,kr,009540,HD한국조선해양,aggressive,mid,386000.0,316520.0,521100.00000000006,390236.0,12.5,55.2,BULL,21,2026-09-14,PENDING,api/final/recommendations,,,,,,
us|KLAC|balanced|short|2026-08-14,2026-08-14,us,KLAC,KLA,balanced,short,209.27,198.8864,233.56640000000002,212.16,45.2,53.5,BULL,5,2026-08-21,CLOSED,api/final/recommendations,,,,,,
us|RXRX|balanced|mid|2026-08-14,2026-08-14,us,RXRX,Recursion,balanced,mid,3.29,2.9072,4.2272,3.34,32.5,70.3,BULL,21,2026-09-14,PENDING,api/final/recommendations,,,,,,
us|AMAT|aggressive|swing|2026-08-14,2026-08-14,us,AMAT,Applied Materials,aggressive,swing,507.0,441.28000000000003,684.45,511.2,38.9,74.0,BULL,10,2026-08-28,CLOSED,api/final/recommendations,,,,,,
us|HOOD|conservative|short|2026-08-14,2026-08-14,us,HOOD,Robinhood,conservative,short,97.252348,94.68188594036812,104.01511127593625,99.31,34.6,67.7,BULL,5,2026-08-21,CLOSED,api/final/recommendations,,,,,,
us|OXY|conservative|short|2026-08-14,2026-08-14,us,OXY,Occidental Petroleum,conservative,short,58.622348,57.82916423062272,61.4760142978522,59.79,34.6,63.7,BULL,5,2026-08-21,CLOSED,api/final/recommendations,,,,,,
us|AMAT|conservative|swing|2026-08-14,2026-08-14,us,AMAT,Applied Materials,conservative,swing,517.1410999999999,480.3202216790811,636.3721536138762,527.02,33.9,63.8,BULL,10,2026-08-28,CLOSED,api/final/recommendations,,,,,,
us|CVX|balanced|short|2026-08-14,2026-08-14,us,CVX,Chevron,balanced,short,201.0,196.92,209.83999999999997,205.4,43.4,72.2,BULL,5,2026-08-21,CLOSED,api/final/recommendations,,,,,,
us|SCHD|balanced|mid|2026-08-14,2026-08-14,us,SCHD,SCHD,balanced,mid,34.471599951171875,29.89098734843478,44.411661305238255,35.06,32.5,61.8,BULL,21,2026-09-14,PENDING,api/final/recommendations,,,,,,
us|OKTA|balanced|mid|2026-08-14,2026-08-14,us,OKTA,Okta,balanced,mid,150.96,133.8528,198.53279999999998,153.33,32.5,66.6,BULL,21,2026-09-14,PENDING,api/final/recommendations,,,,,,
us|NOW|balanced|mid|2026-08-14,2026-08-14,us,NOW,ServiceNow,balanced,mid,122.78,104.5904,165.75300000000001,124.64,31.0,66.9,BULL,21,2026-09-14,PENDING,api/final/recommendations,,,,,,
us|PANW|balanced|mid|2026-08-14,2026-08-14,us,PANW,Palo Alto Networks,balanced,mid,388.97,350.7296,493.28959999999995,394.13,31.0,57.8,BULL,21,2026-09-14,PENDING,api/final/recommendations,,,,,,
us|DUOL|aggressive|short|2026-08-14,2026-08-14,us,DUOL,Duolingo,aggressive,short,137.34,127.778112,160.89588,139.43,34.2,52.6,BULL,5,2026-08-21,CLOSED,api/final/recommendations,,,,,,
us|SE|aggressive|mid|2026-08-14,2026-08-14,us,SE,Sea Limited,aggressive,mid,122.42,107.001344,165.26700000000002,125.77,31.9,69.4,BULL,21,2026-09-14,PENDING,api/final/recommendations,,,,,,
us|ANET|aggressive|mid|2026-08-14,2026-08-14,us,ANET,Arista Networks,aggressive,mid,202.06,165.68920000000003,272.781,207.25,30.9,59.5,BULL,21,2026-09-14,PENDING,api/final/recommendations,,,,,,
us|COP|aggressive|mid|2026-08-14,2026-08-14,us,COP,ConocoPhillips,aggressive,mid,127.2127869790039,115.41120042972827,164.26137863991895,130.14,31.9,55.0,BULL,21,2026-09-14,PENDING,api/final/recommendations,,,,,,
us|SLB|aggressive|mid|2026-08-14,2026-08-14,us,SLB,Schlumberger,aggressive,mid,53.52721208508301,47.74960900615064,70.40187318409855,54.74,31.9,63.9,BULL,21,2026-09-14,PENDING,api/final/recommendations,,,,,,
us|SNAP|aggressive|mid|2026-08-14,2026-08-14,us,SNAP,SNAP,aggressive,mid,5.492787925552368,4.690348638574842,7.415263699495697,5.59,31.9,64.7,BULL,21,2026-09-14,PENDING,api/final/recommendations,,,,,,
us|ISRG|aggressive|mid|2026-08-14,2026-08-14,us,ISRG,Intuitive Surgical,aggressive,mid,399.752788,365.7889511256615,499.9909870923077,406.66,31.9,57.2,BULL,21,2026-09-14,PENDING,api/final/recommendations,,,,,,
us|ASML|aggressive|mid|2026-08-14,2026-08-14,us,ASML,ASML,aggressive,mid,1846.012788,1615.2072714185686,2492.1172638000003,1876.56,31.9,57.2,BULL,21,2026-09-14,PENDING,api/final/recommendations,,,,,,
us|CRWD|aggressive|mid|2026-08-14,2026-08-14,us,CRWD,CrowdStrike,aggressive,mid,221.31,191.34019199999997,298.7685,224.81,30.9,52.9,BULL,21,2026-09-14,PENDING,api/final/recommendations,,,,,,
kr|214450|aggressive|mid|2026-08-17,2026-08-17,kr,214450,파마리서치,aggressive,mid,398000.0,326360.0,537300.0,409773.0,17.7,60.5,BULL,21,2026-09-15,PENDING,api/final/recommendations,,,,,,
kr|000100|aggressive|mid|2026-08-17,2026-08-17,kr,000100,유한양행,aggressive,mid,83700.0,72406.08,112995.00000000001,85706.0,12.6,61.3,BULL,21,2026-09-15,PENDING,api/final/recommendations,,,,,,
kr|035420|aggressive|mid|2026-08-17,2026-08-17,kr,035420,NAVER,aggressive,mid,228000.0,186960.0,307800.0,231465.0,12.6,48.8,BULL,21,2026-09-15,PENDING,api/final/recommendations,,,,,,
us|SMR|conservative|swing|2026-08-17,2026-08-17,us,SMR,NuScale Power,conservative,swing,9.39,8.3892,12.2058,9.56,35.3,56.2,BULL,10,2026-08-31,CLOSED,api/final/recommendations,,,,,,
us|CVX|balanced|short|2026-08-17,2026-08-17,us,CVX,Chevron,balanced,short,200.0,195.92000000000002,208.84,204.75,54.5,74.1,BULL,5,2026-08-24,CLOSED,api/final/recommendations,,,,,,
us|COP|balanced|mid|2026-08-17,2026-08-17,us,COP,ConocoPhillips,balanced,mid,126.78000039062499,116.51040035898308,153.47040047286143,129.39,32.5,59.4,BULL,21,2026-09-15,PENDING,api/final/recommendations,,,,,,
us|BAC|balanced|mid|2026-08-17,2026-08-17,us,BAC,Bank of America,balanced,mid,64.49000068359375,62.52320066274568,71.76320076068964,65.78,31.0,55.4,BULL,21,2026-09-15,PENDING,api/final/recommendations,,,,,,
us|CRM|balanced|mid|2026-08-17,2026-08-17,us,CRM,Salesforce,balanced,mid,196.21,173.4928,257.9728,199.83,32.5,68.2,BULL,21,2026-09-15,PENDING,api/final/recommendations,,,,,,
us|SCHD|balanced|mid|2026-08-17,2026-08-17,us,SCHD,SCHD,balanced,mid,34.51999985351563,33.833599856428336,37.79359983962422,35.12,32.5,61.8,BULL,21,2026-09-15,PENDING,api/final/recommendations,,,,,,
us|SNAP|balanced|mid|2026-08-17,2026-08-17,us,SNAP,SNAP,balanced,mid,5.410000048828125,4.868800043943507,7.3035000659179685,5.49,32.5,66.1,BULL,21,2026-09-15,PENDING,api/final/recommendations,,,,,,
us|DIS|balanced|mid|2026-08-17,2026-08-17,us,DIS,The Walt Disney Company,balanced,mid,106.85000048828124,100.4480004590255,122.8880005615714,108.34,32.5,68.8,BULL,21,2026-09-15,PENDING,api/final/recommendations,,,,,,
us|CRWD|balanced|mid|2026-08-17,2026-08-17,us,CRWD,CrowdStrike,balanced,mid,216.95,193.256,283.016,219.9,31.0,53.2,BULL,21,2026-09-15,PENDING,api/final/recommendations,,,,,,
us|AI|balanced|mid|2026-08-17,2026-08-17,us,AI,C3.ai,balanced,mid,9.93,8.7024,13.4055,10.06,32.5,67.3,BULL,21,2026-09-15,PENDING,api/final/recommendations,,,,,,
us|AMAT|aggressive|swing|2026-08-17,2026-08-17,us,AMAT,Applied Materials,aggressive,swing,507.18,443.7168,684.6930000000001,508.1,36.1,62.6,BULL,10,2026-08-31,CLOSED,api/final/recommendations,,,,,,
us|SE|aggressive|mid|2026-08-17,2026-08-17,us,SE,Sea Limited,aggressive,mid,121.94,105.67020799999999,164.619,125.2,31.9,69.2,BULL,21,2026-09-15,PENDING,api/final/recommendations,,,,,,
us|ANET|aggressive|mid|2026-08-17,2026-08-17,us,ANET,Arista Networks,aggressive,mid,198.82,163.0324,268.407,203.65,31.3,62.4,BULL,21,2026-09-15,PENDING,api/final/recommendations,,,,,,
us|NET|aggressive|mid|2026-08-17,2026-08-17,us,NET,Cloudflare,aggressive,mid,315.78,258.9396,426.303,323.21,30.9,53.2,BULL,21,2026-09-15,PENDING,api/final/recommendations,,,,,,
us|SLB|aggressive|mid|2026-08-17,2026-08-17,us,SLB,Schlumberger,aggressive,mid,53.769999744750976,47.599263774043784,70.21785966667211,55.02,31.9,59.9,BULL,21,2026-09-15,PENDING,api/final/recommendations,,,,,,
us|NFLX|aggressive|mid|2026-08-17,2026-08-17,us,NFLX,Netflix,aggressive,mid,78.1599979580078,71.35091013590065,99.25887740678279,79.66,31.9,66.8,BULL,21,2026-09-15,PENDING,api/final/recommendations,,,,,,
us|PANW|aggressive|mid|2026-08-17,2026-08-17,us,PANW,Palo Alto Networks,aggressive,mid,384.27,336.36086400000005,518.7645,391.46,31.3,60.6,BULL,21,2026-09-15,PENDING,api/final/recommendations,,,,,,
us|ISRG|aggressive|mid|2026-08-17,2026-08-17,us,ISRG,Intuitive Surgical,aggressive,mid,394.51,359.302432,498.73918000000003,401.42,31.9,60.4,BULL,21,2026-09-15,PENDING,api/final/recommendations,,,,,,
us|ASML|aggressive|mid|2026-08-17,2026-08-17,us,ASML,ASML,aggressive,mid,1844.08,1609.886656,2489.5080000000003,1874.8,31.9,57.3,BULL,21,2026-09-15,PENDING,api/final/recommendations,,,,,,
us|AMAT|conservative|swing|2026-08-17,2026-08-17,us,AMAT,Applied Materials,conservative,swing,516.79,480.2212,636.2938,526.3,33.9,64.4,BULL,10,2026-08-31,CLOSED,api/final/recommendations,,,,,,
us|CELH|conservative|short|2026-08-17,2026-08-17,us,CELH,Celsius,conservative,short,28.99,28.015696000000002,31.647304000000002,29.65,34.9,52.9,BULL,5,2026-08-24,CLOSED,api/final/recommendations,,,,,,
us|SMR|conservative|short|2026-08-17,2026-08-17,us,SMR,NuScale Power,conservative,short,9.46,9.234784,10.276816,9.63,34.6,60.2,BULL,5,2026-08-24,LOSS,api/final/recommendations,,,,,,
us|AI|conservative|mid|2026-08-17,2026-08-17,us,AI,C3.ai,conservative,mid,9.66,9.032736,12.069264,9.94,31.5,65.7,BULL,21,2026-09-15,PENDING,api/final/recommendations,,,,,,
us|NET|balanced|mid|2026-08-17,2026-08-17,us,NET,Cloudflare,balanced,mid,307.5,258.0,415.125,313.5,31.0,54.6,BULL,21,2026-09-15,PENDING,api/final/recommendations,,,,,,
us|S|balanced|mid|2026-08-17,2026-08-17,us,S,SentinelOne,balanced,mid,21.96,19.372799999999998,28.6128,22.3,31.0,59.8,BULL,21,2026-09-15,PENDING,api/final/recommendations,,,,,,
us|PANW|balanced|mid|2026-08-17,2026-08-17,us,PANW,Palo Alto Networks,balanced,mid,375.99159999999995,337.7246371582222,481.60524942982516,381.21,32.5,64.4,BULL,21,2026-09-15,PENDING,api/final/recommendations,,,,,,
us|OXY|balanced|mid|2026-08-17,2026-08-17,us,OXY,Occidental Petroleum,balanced,mid,58.53999970703125,53.8671997304167,71.02719964453792,59.33,32.5,65.8,BULL,21,2026-09-15,PENDING,api/final/recommendations,,,,,,
us|AMAT|aggressive|short|2026-08-17,2026-08-17,us,AMAT,Applied Materials,aggressive,short,532.14,499.137152,615.54948,537.6,45.5,63.1,BULL,5,2026-08-24,CLOSED,api/final/recommendations,,,,,,
us|DELL|aggressive|swing|2026-08-17,2026-08-17,us,DELL,Dell,aggressive,swing,475.78,415.2928,642.303,484.05,36.1,56.9,BULL,10,2026-08-31,CLOSED,api/final/recommendations,,,,,,
us|DASH|aggressive|mid|2026-08-17,2026-08-17,us,DASH,DASH,aggressive,mid,216.0372130209961,191.4200585935641,290.80896843110213,220.27,31.9,57.5,BULL,21,2026-09-15,PENDING,api/final/recommendations,,,,,,
us|NVDA|aggressive|mid|2026-08-17,2026-08-17,us,NVDA,NVIDIA,aggressive,mid,226.18,204.606976,290.01124,230.02,31.9,64.0,BULL,21,2026-09-15,PENDING,api/final/recommendations,,,,,,
kr|214450|aggressive|mid|2026-08-18,2026-08-18,kr,214450,파마리서치,aggressive,mid,398000.0,326360.0,537300.0,409773.0,17.7,60.5,BULL,21,2026-09-16,PENDING,api/final/recommendations,,,,,,
kr|000100|aggressive|mid|2026-08-18,2026-08-18,kr,000100,유한양행,aggressive,mid,83700.0,72406.08,112995.00000000001,85706.0,12.6,61.3,BULL,21,2026-09-16,PENDING,api/final/recommendations,,,,,,
kr|035420|aggressive|mid|2026-08-18,2026-08-18,kr,035420,NAVER,aggressive,mid,228000.0,186960.0,307800.0,231465.0,12.6,48.8,BULL,21,2026-09-16,PENDING,api/final/recommendations,,,,,,
kr|005490|conservative|swing|2026-08-18,2026-08-18,kr,005490,POSCO홀딩스,conservative,swing,324500.0,309881.12,372010.57999999996,328893.0,14.1,64.0,BULL,10,2026-09-01,CLOSED,api/final/recommendations,,,,,,
kr|000100|balanced|mid|2026-08-18,2026-08-18,kr,000100,유한양행,balanced,mid,79600.0,70057.72,105840.28000000001,80973.0,18.1,68.9,BULL,21,2026-09-16,PENDING,api/final/recommendations,,,,,,
kr|030200|aggressive|short|2026-08-18,2026-08-18,kr,030200,KT,aggressive,short,54300.0,52919.681599999996,57806.76,54844.0,20.0,61.2,BULL,5,2026-08-25,CLOSED,api/final/recommendations,,,,,,
kr|028670|aggressive|mid|2026-08-18,2026-08-18,kr,028670,팬오션,aggressive,mid,6040.0,4952.8,8154.000000000001,6184.0,12.7,50.7,BULL,21,2026-09-16,PENDING,api/final/recommendations,,,,,,
kr|011200|aggressive|mid|2026-08-18,2026-08-18,kr,011200,HMM,aggressive,mid,22650.0,19661.2032,30577.500000000004,23202.0,12.7,61.2,BULL,21,2026-09-16,PENDING,api/final/recommendations,,,,,,
kr|003550|aggressive|mid|2026-08-18,2026-08-18,kr,003550,LG,aggressive,mid,112700.0,93315.3776,152145.0,115317.0,18.0,68.9,BULL,21,2026-09-16,PENDING,api/final/recommendations,,,,,,
kr|293490|aggressive|mid|2026-08-18,2026-08-18,kr,293490,카카오게임즈,aggressive,mid,8810.0,7224.200000000001,11893.5,8919.0,17.7,65.5,BULL,21,2026-09-16,PENDING,api/final/recommendations,,,,,,
kr|278470|aggressive|mid|2026-08-18,2026-08-18,kr,278470,에이피알,aggressive,mid,396500.0,325130.0,535275.0,400893.0,12.7,52.8,BULL,21,2026-09-16,PENDING,api/final/recommendations,,,,,,
us|AMAT|conservative|short|2026-08-18,2026-08-18,us,AMAT,Applied Materials,conservative,short,535.31,516.063824,583.942376,544.53,41.7,72.5,SIDE,5,2026-08-25,CLOSED,api/final/recommendations,,,,,,
us|BMNR|conservative|mid|2026-08-18,2026-08-18,us,BMNR,비트마인 이머전 테크놀로지스,conservative,mid,18.73,17.085808,24.155992,19.27,34.3,76.8,SIDE,21,2026-09-16,PENDING,api/final/recommendations,,,,,,
us|CVX|balanced|short|2026-08-18,2026-08-18,us,CVX,Chevron,balanced,short,202.6999990234375,198.82399904211118,211.74399897986558,205.98,51.5,58.7,SIDE,5,2026-08-25,CLOSED,api/final/recommendations,,,,,,
us|DASH|balanced|mid|2026-08-18,2026-08-18,us,DASH,DASH,balanced,mid,212.719999609375,191.96959964747967,268.52959950688995,216.76,35.7,64.3,SIDE,21,2026-09-16,PENDING,api/final/recommendations,,,,,,
us|NET|balanced|mid|2026-08-18,2026-08-18,us,NET,Cloudflare,balanced,mid,307.01,256.83680000000004,414.4635,312.77,34.3,60.4,SIDE,21,2026-09-16,PENDING,api/final/recommendations,,,,,,
us|PANW|balanced|mid|2026-08-18,2026-08-18,us,PANW,Palo Alto Networks,balanced,mid,375.76,336.4768,482.9968,380.78,34.3,65.4,SIDE,21,2026-09-16,PENDING,api/final/recommendations,,,,,,
us|ASML|balanced|mid|2026-08-18,2026-08-18,us,ASML,ASML,balanced,mid,1883.12,1703.4416,2376.6416,1900.12,34.6,46.2,SIDE,21,2026-09-16,PENDING,api/final/recommendations,,,,,,
us|CELH|aggressive|swing|2026-08-18,2026-08-18,us,CELH,Celsius,aggressive,swing,29.950899999999997,26.292790076794656,40.433715,30.29,38.4,52.6,SIDE,10,2026-09-01,CLOSED,api/final/recommendations,,,,,,
us|ANET|aggressive|mid|2026-08-18,2026-08-18,us,ANET,Arista Networks,aggressive,mid,201.8,166.11776,272.43,206.68,34.0,46.3,SIDE,21,2026-09-16,PENDING,api/final/recommendations,,,,,,
us|COP|aggressive|mid|2026-08-18,2026-08-18,us,COP,ConocoPhillips,aggressive,mid,127.56000136132813,115.18579322926982,163.98408175004815,129.84,36.2,54.6,SIDE,21,2026-09-16,PENDING,api/final/recommendations,,,,,,
us|ETN|aggressive|mid|2026-08-18,2026-08-18,us,ETN,Eaton,aggressive,mid,455.4,397.45728,614.79,463.23,36.2,55.1,SIDE,21,2026-09-16,PENDING,api/final/recommendations,,,,,,
us|S|aggressive|mid|2026-08-18,2026-08-18,us,S,SentinelOne,aggressive,mid,21.82,18.841024,29.457,22.19,36.2,62.7,SIDE,21,2026-09-16,PENDING,api/final/recommendations,,,,,,
us|NVDA|aggressive|mid|2026-08-18,2026-08-18,us,NVDA,NVIDIA,aggressive,mid,225.01,203.71523200000001,289.14418,228.69,36.2,56.9,SIDE,21,2026-09-16,PENDING,api/final/recommendations,,,,,,
us|SNAP|aggressive|mid|2026-08-18,2026-08-18,us,SNAP,SNAP,aggressive,mid,5.180000095718383,4.885376090274188,6.993000129219817,5.25,36.2,54.1,SIDE,21,2026-09-16,PENDING,api/final/recommendations,,,,,,
us|NVDA|balanced|short|2026-08-18,2026-08-18,us,NVDA,NVIDIA,balanced,short,221.41,215.6912,234.0512,224.6,51.5,54.9,SIDE,5,2026-08-25,CLOSED,api/final/recommendations,,,,,,
us|AMAT|conservative|swing|2026-08-18,2026-08-18,us,AMAT,Applied Materials,conservative,swing,509.01,473.7228,623.6622000000001,518.16,39.0,79.8,SIDE,10,2026-09-01,CLOSED,api/final/recommendations,,,,,,
us|ASML|balanced|short|2026-08-18,2026-08-18,us,ASML,ASML,balanced,short,1809.909616,1754.2108278173496,1939.1707885752655,1821.9,43.9,46.8,SIDE,5,2026-08-25,CLOSED,api/final/recommendations,,,,,,
us|LRCX|aggressive|swing|2026-08-18,2026-08-18,us,LRCX,Lam Research,aggressive,swing,325.74,285.1424,439.749,331.07,38.4,58.1,SIDE,10,2026-09-01,CLOSED,api/final/recommendations,,,,,,
kr|003620|conservative|swing|2026-08-19,2026-08-19,kr,003620,KG모빌리티,conservative,swing,2770.0,2607.2799999999997,3298.0600000000004,2818.0,14.8,67.4,BULL,10,2026-09-02,CLOSED,api/final/recommendations,-1.534,close_exit,CLOSED,2730.0,2026-08-20,2026-09-02
kr|000100|balanced|mid|2026-08-19,2026-08-19,kr,000100,유한양행,balanced,mid,79600.0,70057.72,105840.28000000001,80496.0,19.2,68.9,BULL,21,2026-09-17,PENDING,api/final/recommendations,,,,,,
kr|011200|aggressive|mid|2026-08-19,2026-08-19,kr,011200,HMM,aggressive,mid,22650.0,19661.2032,30577.500000000004,23262.0,13.3,61.2,BULL,21,2026-09-17,PENDING,api/final/recommendations,,,,,,
kr|028670|aggressive|mid|2026-08-19,2026-08-19,kr,028670,팬오션,aggressive,mid,6040.0,4952.8,8154.000000000001,6184.0,13.3,50.7,BULL,21,2026-09-17,PENDING,api/final/recommendations,,,,,,
kr|003550|aggressive|mid|2026-08-19,2026-08-19,kr,003550,LG,aggressive,mid,112700.0,93315.3776,152145.0,115317.0,19.1,68.9,BULL,21,2026-09-17,PENDING,api/final/recommendations,,,,,,
kr|293490|aggressive|mid|2026-08-19,2026-08-19,kr,293490,카카오게임즈,aggressive,mid,8810.0,7224.200000000001,11893.5,8919.0,19.0,65.5,BULL,21,2026-09-17,PENDING,api/final/recommendations,,,,,,
kr|278470|aggressive|mid|2026-08-19,2026-08-19,kr,278470,에이피알,aggressive,mid,396500.0,325130.0,535275.0,400893.0,13.3,52.8,BULL,21,2026-09-17,PENDING,api/final/recommendations,,,,,,
us|MPWR|conservative|swing|2026-08-19,2026-08-19,us,MPWR,Monolithic Power,conservative,swing,1331.95055,1236.946510770149,1640.0896772393482,1365.38,39.0,62.6,SIDE,10,2026-09-02,CLOSED,api/final/recommendations,-1.6765,close_exit,CLOSED,1310.4200439453125,2026-08-27,2026-09-02
us|OKTA|conservative|mid|2026-08-19,2026-08-19,us,OKTA,Okta,conservative,mid,144.17,131.653232,181.06056800000002,149.37,34.3,65.4,SIDE,21,2026-09-17,PENDING,api/final/recommendations,,,,,,
us|CEG|conservative|mid|2026-08-19,2026-08-19,us,CEG,Constellation Energy,conservative,mid,267.3801184,246.11015698133625,329.79449803804056,276.8,34.3,80.9,SIDE,21,2026-09-17,PENDING,api/final/recommendations,,,,,,
us|STX|balanced|short|2026-08-19,2026-08-19,us,STX,Seagate,balanced,short,900.801472,840.4173733263233,1041.017701127389,919.37,51.5,57.4,SIDE,5,2026-08-26,CLOSED,api/final/recommendations,,,,,,
us|CELH|balanced|swing|2026-08-19,2026-08-19,us,CELH,Celsius,balanced,swing,29.9,27.0,39.0,29.99,36.0,49.3,SIDE,10,2026-09-02,CLOSED,api/final/recommendations,4.2377,close_exit,CLOSED,31.184999465942383,2026-08-19,2026-09-02
us|LMT|balanced|mid|2026-08-19,2026-08-19,us,LMT,LMT,balanced,mid,607.1700054687499,568.6656051219427,713.8656064297519,620.69,35.7,60.3,SIDE,21,2026-09-17,PENDING,api/final/recommendations,,,,,,
us|SNOW|balanced|mid|2026-08-19,2026-08-19,us,SNOW,Snowflake,balanced,mid,325.33,289.25440000000003,422.5744,331.51,34.3,64.9,SIDE,21,2026-09-17,PENDING,api/final/recommendations,,,,,,
us|BAC|balanced|mid|2026-08-19,2026-08-19,us,BAC,Bank of America,balanced,mid,64.22999892578126,61.28639897501168,70.5263988204767,65.37,35.7,53.0,SIDE,21,2026-09-17,PENDING,api/final/recommendations,,,,,,
us|S|balanced|mid|2026-08-19,2026-08-19,us,S,SentinelOne,balanced,mid,22.49,20.5232,29.7632,22.88,34.3,64.9,SIDE,21,2026-09-17,PENDING,api/final/recommendations,,,,,,
us|ANET|balanced|mid|2026-08-19,2026-08-19,us,ANET,Arista Networks,balanced,mid,193.18,163.9024,260.793,195.99,34.6,50.1,SIDE,21,2026-09-17,PENDING,api/final/recommendations,,,,,,
us|PFE|balanced|mid|2026-08-19,2026-08-19,us,PFE,PFE,balanced,mid,27.25,25.6,30.88,27.64,34.3,57.2,SIDE,21,2026-09-17,PENDING,api/final/recommendations,,,,,,
us|ISRG|balanced|mid|2026-08-19,2026-08-19,us,ISRG,Intuitive Surgical,balanced,mid,391.5,365.76,462.12,395.74,35.7,57.4,SIDE,21,2026-09-17,PENDING,api/final/recommendations,,,,,,
us|MU|aggressive|short|2026-08-19,2026-08-19,us,MU,Micron,aggressive,short,937.27,866.213536,1117.86814,950.48,44.1,57.2,SIDE,5,2026-08-26,CLOSED,api/final/recommendations,,,,,,
us|DELL|aggressive|swing|2026-08-19,2026-08-19,us,DELL,Dell,aggressive,swing,468.65,407.084,632.6775,476.37,38.4,46.7,SIDE,10,2026-09-02,CLOSED,api/final/recommendations,-3.5012,close_exit,CLOSED,438.1549987792969,2026-08-19,2026-09-02
us|LITE|aggressive|swing|2026-08-19,2026-08-19,us,LITE,Lumentum,aggressive,swing,870.0,785.6800000000001,1068.45,877.54,38.4,54.6,SIDE,10,2026-09-02,CLOSED,api/final/recommendations,-1.2956,close_exit,CLOSED,859.25,2026-09-01,2026-09-02
us|CRDO|aggressive|swing|2026-08-19,2026-08-19,us,CRDO,Credo Technology,aggressive,swing,245.97,201.6954,332.0595,247.15,35.1,51.2,SIDE,10,2026-09-02,CLOSED,api/final/recommendations,-4.9996,close_exit,CLOSED,233.82000732421875,2026-08-19,2026-09-02
us|LRCX|aggressive|swing|2026-08-19,2026-08-19,us,LRCX,Lam Research,aggressive,swing,326.44,286.2144,440.694,327.94,38.4,59.1,SIDE,10,2026-09-02,CLOSED,api/final/recommendations,-3.7989,close_exit,CLOSED,315.6700134277344,2026-08-19,2026-09-02
us|HPE|aggressive|mid|2026-08-19,2026-08-19,us,HPE,HPE,aggressive,mid,55.69,45.665800000000004,75.1815,56.92,36.2,61.3,SIDE,21,2026-09-17,PENDING,api/final/recommendations,,,,,,
us|DASH|aggressive|mid|2026-08-19,2026-08-19,us,DASH,DASH,aggressive,mid,216.34999659667966,189.58831701765757,292.07249540551754,221.07,33.1,56.8,SIDE,21,2026-09-17,PENDING,api/final/recommendations,,,,,,
us|COP|aggressive|mid|2026-08-19,2026-08-19,us,COP,ConocoPhillips,aggressive,mid,129.71999931933593,118.72070337705121,164.0769591390588,132.13,36.2,49.9,SIDE,21,2026-09-17,PENDING,api/final/recommendations,,,,,,
us|CVX|aggressive|mid|2026-08-19,2026-08-19,us,CVX,Chevron,aggressive,mid,205.73999693701174,191.43436514998916,250.75331626686847,209.52,34.0,52.2,SIDE,21,2026-09-17,PENDING,api/final/recommendations,,,,,,
us|TER|aggressive|mid|2026-08-19,2026-08-19,us,TER,Teradyne,aggressive,mid,401.76133823999993,329.44429735679995,542.377806624,409.1,36.2,61.6,SIDE,21,2026-09-17,PENDING,api/final/recommendations,,,,,,
us|GE|aggressive|mid|2026-08-19,2026-08-19,us,GE,GE Aerospace,aggressive,mid,375.09,347.117088,460.46562000000006,381.18,33.1,60.9,SIDE,21,2026-09-17,PENDING,api/final/recommendations,,,,,,
us|DUOL|conservative|short|2026-08-19,2026-08-19,us,DUOL,Duolingo,conservative,short,139.33,133.782832,153.475768,142.54,36.1,49.1,SIDE,5,2026-08-26,CLOSED,api/final/recommendations,,,,,,
kr|004020|conservative|swing|2026-08-19,2026-08-19,kr,004020,현대제철,conservative,swing,28050.0,26495.52,33102.060000000005,28157.0,21.0,66.9,BULL,10,2026-09-02,CLOSED,api/final/recommendations,7.2184,close_exit,CLOSED,30100.0,2026-08-25,2026-09-02
kr|018260|balanced|mid|2026-08-19,2026-08-19,kr,018260,삼성에스디에스,balanced,mid,226000.0,189643.24,305100.0,229138.0,19.2,54.8,BULL,21,2026-09-17,PENDING,api/final/recommendations,,,,,,
kr|293490|balanced|mid|2026-08-19,2026-08-19,kr,293490,카카오게임즈,balanced,mid,8850.0,7335.96,11947.5,8913.0,19.1,64.6,BULL,21,2026-09-17,PENDING,api/final/recommendations,,,,,,
kr|373220|balanced|mid|2026-08-19,2026-08-19,kr,373220,LG에너지솔루션,balanced,mid,357500.0,310073.72,482625.00000000006,362124.0,13.5,57.1,BULL,21,2026-09-17,PENDING,api/final/recommendations,,,,,,
kr|278470|balanced|mid|2026-08-19,2026-08-19,kr,278470,에이피알,balanced,mid,383500.0,314470.0,517725.00000000006,386278.0,13.5,51.1,BULL,21,2026-09-17,PENDING,api/final/recommendations,,,,,,
us|CAT|conservative|swing|2026-08-19,2026-08-19,us,CAT,Caterpillar,conservative,swing,840.87,802.8036,964.2114,857.15,39.0,60.7,SIDE,10,2026-09-02,CLOSED,api/final/recommendations,0.0689,close_exit,CLOSED,815.489990234375,2026-08-19,2026-09-02
us|STX|balanced|swing|2026-08-19,2026-08-19,us,STX,Seagate,balanced,swing,903.68,793.0,1219.968,907.18,36.0,53.1,SIDE,10,2026-09-02,CLOSED,api/final/recommendations,-0.5811,close_exit,CLOSED,802.6950073242188,2026-08-11,2026-09-02
us|JNJ|conservative|short|2026-08-19,2026-08-19,us,JNJ,JNJ,conservative,short,271.10999312109374,267.628937209419,279.5380489072477,277.14,36.5,66.4,SIDE,5,2026-08-26,CLOSED,api/final/recommendations,,,,,,
us|QUBT|conservative|swing|2026-08-19,2026-08-19,us,QUBT,Quantum Computing,conservative,swing,8.53,8.148399999999999,10.4566,8.68,39.0,49.9,SIDE,10,2026-09-02,CLOSED,api/final/recommendations,-1.2323,close_exit,CLOSED,8.430000305175781,2026-08-28,2026-09-02
us|STX|aggressive|swing|2026-08-19,2026-08-19,us,STX,Seagate,aggressive,swing,915.1,778.576,1235.3850000000002,925.98,38.4,55.9,SIDE,10,2026-09-02,CLOSED,api/final/recommendations,-5.3742,close_exit,CLOSED,866.469970703125,2026-08-19,2026-09-02
us|CELH|aggressive|swing|2026-08-19,2026-08-19,us,CELH,Celsius,aggressive,swing,30.130684,26.24939589044806,40.676423400000004,30.46,38.4,52.3,SIDE,10,2026-09-02,CLOSED,api/final/recommendations,4.0604,close_exit,CLOSED,31.184999465942383,2026-08-19,2026-09-02
us|MU|aggressive|swing|2026-08-19,2026-08-19,us,MU,Micron,aggressive,swing,957.74,826.6224,1292.949,963.37,38.4,57.6,SIDE,10,2026-09-02,CLOSED,api/final/recommendations,-2.2988,close_exit,CLOSED,928.5650024414062,2026-08-27,2026-09-02
us|OKTA|conservative|swing|2026-08-19,2026-08-19,us,OKTA,Okta,conservative,swing,140.28,132.8784,163.4616,144.37,39.0,59.0,SIDE,10,2026-09-02,CLOSED,api/final/recommendations,-1.254,close_exit,CLOSED,138.60499572753906,2026-08-20,2026-09-02
us|TER|conservative|mid|2026-08-19,2026-08-19,us,TER,Teradyne,conservative,mid,381.23999704,328.73990144761797,514.6739960040001,393.32,34.3,70.9,SIDE,21,2026-09-17,PENDING,api/final/recommendations,,,,,,
us|RXRX|conservative|mid|2026-08-19,2026-08-19,us,RXRX,Recursion,conservative,mid,3.24000296,3.011906751616,4.022499674872889,3.34,34.3,76.6,SIDE,21,2026-09-17,PENDING,api/final/recommendations,,,,,,
us|AI|conservative|mid|2026-08-19,2026-08-19,us,AI,C3.ai,conservative,mid,9.75,9.0372,12.066600000000001,10.05,34.3,72.2,SIDE,21,2026-09-17,PENDING,api/final/recommendations,,,,,,
us|DUOL|balanced|mid|2026-08-19,2026-08-19,us,DUOL,Duolingo,balanced,mid,141.95,116.936,191.6325,145.37,34.3,59.1,SIDE,21,2026-09-17,PENDING,api/final/recommendations,,,,,,
us|NOW|balanced|mid|2026-08-19,2026-08-19,us,NOW,ServiceNow,balanced,mid,122.97,107.1696,166.0095,125.32,35.7,62.6,SIDE,21,2026-09-17,PENDING,api/final/recommendations,,,,,,
us|OXY|balanced|mid|2026-08-19,2026-08-19,us,OXY,Occidental Petroleum,balanced,mid,60.370000341796874,55.92160031661137,71.76160040629271,61.31,34.3,64.5,SIDE,21,2026-09-17,PENDING,api/final/recommendations,,,,,,
us|JNJ|balanced|mid|2026-08-19,2026-08-19,us,JNJ,JNJ,balanced,mid,275.400001953125,261.67200185576667,314.472002230222,274.62,34.6,55.8,SIDE,21,2026-09-17,PENDING,api/final/recommendations,,,,,,
us|ABBV|aggressive|short|2026-08-19,2026-08-19,us,ABBV,AbbVie Inc.,aggressive,short,265.3599971054688,259.15404517316296,281.5535169288308,271.67,44.1,42.2,SIDE,5,2026-08-26,CLOSED,api/final/recommendations,,,,,,
us|MA|aggressive|short|2026-08-19,2026-08-19,us,MA,Mastercard,aggressive,short,579.0,568.8815999999999,605.622,591.52,34.2,59.5,SIDE,5,2026-08-26,CLOSED,api/final/recommendations,,,,,,
us|CRM|aggressive|mid|2026-08-19,2026-08-19,us,CRM,Salesforce,aggressive,mid,200.65,175.03408,270.8775,205.82,33.1,70.8,SIDE,21,2026-09-17,PENDING,api/final/recommendations,,,,,,
us|NFLX|aggressive|mid|2026-08-19,2026-08-19,us,NFLX,Netflix,aggressive,mid,79.78999948950197,71.94972753966417,101.54821935029241,81.74,33.1,65.5,SIDE,21,2026-09-17,PENDING,api/final/recommendations,,,,,,
us|LLY|aggressive|mid|2026-08-19,2026-08-19,us,LLY,Eli Lilly,aggressive,mid,1280.6,1130.66912,1728.81,1309.5,32.3,49.6,SIDE,21,2026-09-17,PENDING,api/final/recommendations,,,,,,
us|KO|conservative|short|2026-08-20,2026-08-20,us,KO,KO,conservative,short,90.34999928344726,88.70983929645513,92.81635926388692,92.32,36.5,68.4,SIDE,5,2026-08-27,CLOSED,api/final/recommendations,,,,,,
us|STX|conservative|swing|2026-08-20,2026-08-20,us,STX,Seagate,conservative,swing,832.56,757.2768,1078.6031999999998,849.31,38.1,62.9,SIDE,10,2026-09-03,PENDING,api/final/recommendations,,,,,,
us|LRCX|conservative|swing|2026-08-20,2026-08-20,us,LRCX,Lam Research,conservative,swing,307.17,286.8876,373.33740000000006,312.86,40.9,51.4,SIDE,10,2026-09-03,PENDING,api/final/recommendations,,,,,,
us|MA|conservative|mid|2026-08-20,2026-08-20,us,MA,Mastercard,conservative,mid,573.7200008671875,554.0277128374223,632.69548895633,596.6,34.3,82.2,SIDE,21,2026-09-18,PENDING,api/final/recommendations,,,,,,
us|OKTA|conservative|mid|2026-08-20,2026-08-20,us,OKTA,Okta,conservative,mid,141.21,128.655216,179.088984,146.23,34.3,66.4,SIDE,21,2026-09-18,PENDING,api/final/recommendations,,,,,,
us|CEG|conservative|mid|2026-08-20,2026-08-20,us,CEG,Constellation Energy,conservative,mid,274.17,254.050032,334.741368,283.92,34.3,80.6,SIDE,21,2026-09-18,PENDING,api/final/recommendations,,,,,,
us|SOUN|conservative|mid|2026-08-20,2026-08-20,us,SOUN,SoundHound AI,conservative,mid,7.16,7.007936,8.024863999999999,7.3,35.2,57.2,SIDE,21,2026-09-18,PENDING,api/final/recommendations,,,,,,
us|SNOW|balanced|mid|2026-08-20,2026-08-20,us,SNOW,Snowflake,balanced,mid,325.01,290.6768,420.03679999999997,332.25,34.3,60.9,SIDE,21,2026-09-18,PENDING,api/final/recommendations,,,,,,
us|NOW|balanced|mid|2026-08-20,2026-08-20,us,NOW,ServiceNow,balanced,mid,127.2,109.77600000000001,171.72000000000003,129.64,34.3,56.6,SIDE,21,2026-09-18,PENDING,api/final/recommendations,,,,,,
us|CVX|balanced|mid|2026-08-20,2026-08-20,us,CVX,Chevron,balanced,mid,205.7600017578125,194.1968016590278,239.0768020424387,209.19,34.3,54.7,SIDE,21,2026-09-18,PENDING,api/final/recommendations,,,,,,
us|OXY|balanced|mid|2026-08-20,2026-08-20,us,OXY,Occidental Petroleum,balanced,mid,60.08999995117188,56.011199954486244,71.85119994161494,61.0,35.7,65.0,SIDE,21,2026-09-18,PENDING,api/final/recommendations,,,,,,
us|ISRG|balanced|mid|2026-08-20,2026-08-20,us,ISRG,Intuitive Surgical,balanced,mid,397.72,370.3696,472.00960000000003,403.0,35.7,65.8,SIDE,21,2026-09-18,PENDING,api/final/recommendations,,,,,,
us|JNJ|aggressive|short|2026-08-20,2026-08-20,us,JNJ,JNJ,aggressive,short,273.41000072363283,268.00508870932765,287.7216207615113,278.74,44.1,49.0,SIDE,5,2026-08-27,CLOSED,api/final/recommendations,,,,,,
us|ADBE|aggressive|mid|2026-08-20,2026-08-20,us,ADBE,Adobe,aggressive,mid,272.469999319336,235.69110341121424,367.8344990811036,279.96,33.1,53.8,SIDE,21,2026-09-18,PENDING,api/final/recommendations,,,,,,
us|DUOL|aggressive|mid|2026-08-20,2026-08-20,us,DUOL,Duolingo,aggressive,mid,146.03,119.7446,197.1405,150.0,36.2,54.2,SIDE,21,2026-09-18,PENDING,api/final/recommendations,,,,,,
us|LYFT|aggressive|mid|2026-08-20,2026-08-20,us,LYFT,LYFT,aggressive,mid,17.429999829833985,15.089375852685084,23.53049977027588,17.89,33.1,65.4,SIDE,21,2026-09-18,PENDING,api/final/recommendations,,,,,,
us|CRM|aggressive|mid|2026-08-20,2026-08-20,us,CRM,Salesforce,aggressive,mid,206.09,179.75388800000002,278.22150000000005,211.47,36.2,65.5,SIDE,21,2026-09-18,PENDING,api/final/recommendations,,,,,,
us|DASH|aggressive|mid|2026-08-20,2026-08-20,us,DASH,DASH,aggressive,mid,220.21999931933595,195.30790339633518,296.45395908370926,225.43,36.2,56.4,SIDE,21,2026-09-18,PENDING,api/final/recommendations,,,,,,
us|RXRX|aggressive|mid|2026-08-20,2026-08-20,us,RXRX,Recursion,aggressive,mid,3.5,2.87,4.391,3.58,36.2,76.0,SIDE,21,2026-09-18,PENDING,api/final/recommendations,,,,,,
us|ABBV|aggressive|mid|2026-08-20,2026-08-20,us,ABBV,AbbVie Inc.,aggressive,mid,265.969999319336,244.74070337366547,326.6114591641438,272.0,34.0,46.7,SIDE,21,2026-09-18,PENDING,api/final/recommendations,,,,,,
us|NFLX|aggressive|mid|2026-08-20,2026-08-20,us,NFLX,Netflix,aggressive,mid,80.21999931933594,73.31270337794412,102.99395912609964,82.0,33.1,63.2,SIDE,21,2026-09-18,PENDING,api/final/recommendations,,,,,,
us|LLY|aggressive|mid|2026-08-20,2026-08-20,us,LLY,Eli Lilly,aggressive,mid,1280.34,1129.1978880000001,1728.459,1307.86,36.2,56.4,SIDE,21,2026-09-18,PENDING,api/final/recommendations,,,,,,
us|COP|aggressive|mid|2026-08-20,2026-08-20,us,COP,ConocoPhillips,aggressive,mid,130.57999897900393,119.80985506321493,165.1864387084185,132.95,36.2,49.0,SIDE,21,2026-09-18,PENDING,api/final/recommendations,,,,,,
us|DIS|aggressive|mid|2026-08-20,2026-08-20,us,DIS,The Walt Disney Company,aggressive,mid,106.929999829834,98.86057584267549,128.43873979560547,108.86,33.1,57.2,SIDE,21,2026-09-18,PENDING,api/final/recommendations,,,,,,
us|SCHD|balanced|mid|2026-08-20,2026-08-20,us,SCHD,SCHD,balanced,mid,35.030000390625,33.670400375463885,37.63040041962247,35.36,34.3,56.5,SIDE,21,2026-09-18,PENDING,api/final/recommendations,,,,,,
us|KO|aggressive|short|2026-08-20,2026-08-20,us,KO,KO,aggressive,short,91.05999951757812,89.32300752678044,94.67691949841623,92.56,44.1,53.2,SIDE,5,2026-08-27,CLOSED,api/final/recommendations,,,,,,
us|ABBV|aggressive|short|2026-08-20,2026-08-20,us,ABBV,AbbVie Inc.,aggressive,short,265.4490134472656,260.0103936601312,279.7238603941798,269.5,44.1,45.6,SIDE,5,2026-08-27,CLOSED,api/final/recommendations,,,,,,
us|COIN|aggressive|mid|2026-08-20,2026-08-20,us,COIN,Coinbase,aggressive,mid,170.45,143.52464,230.1075,173.33,34.0,63.4,SIDE,21,2026-09-18,PENDING,api/final/recommendations,,,,,,
us|UBER|aggressive|mid|2026-08-20,2026-08-20,us,UBER,Uber,aggressive,mid,80.03999948950195,70.15372755255694,108.05399931082765,81.32,36.2,53.2,SIDE,21,2026-09-18,PENDING,api/final/recommendations,,,,,,
us|PFE|aggressive|mid|2026-08-20,2026-08-20,us,PFE,PFE,aggressive,mid,27.822787702209475,26.480477209506358,33.490115539713884,28.17,36.2,61.1,SIDE,21,2026-09-18,PENDING,api/final/recommendations,,,,,,
us|OXY|aggressive|mid|2026-08-20,2026-08-20,us,OXY,Occidental Petroleum,aggressive,mid,61.91721242541504,57.13797159159843,78.0970439932796,62.65,32.3,45.1,SIDE,21,2026-09-18,PENDING,api/final/recommendations,,,,,,
us|ABBV|conservative|short|2026-08-21,2026-08-21,us,ABBV,AbbVie Inc.,conservative,short,261.8299936943359,258.48602577486884,270.406561487786,265.43,36.5,57.4,SIDE,5,2026-08-28,LOSS,api/final/recommendations,,,,,,
us|LMT|conservative|swing|2026-08-21,2026-08-21,us,LMT,LMT,conservative,swing,571.479995703125,555.2943958248222,624.9255953012754,586.24,39.0,64.7,SIDE,10,2026-09-04,PENDING,api/final/recommendations,,,,,,
us|BAC|conservative|mid|2026-08-21,2026-08-21,us,BAC,Bank of America,conservative,mid,61.85999998193359,60.09225598244987,68.1817439800873,63.84,34.3,71.3,SIDE,21,2026-09-21,PENDING,api/final/recommendations,,,,,,
us|AI|balanced|mid|2026-08-21,2026-08-21,us,AI,C3.ai,balanced,mid,10.31,8.5808,13.8608,10.44,35.7,61.1,SIDE,21,2026-09-21,PENDING,api/final/recommendations,,,,,,
us|SLB|balanced|mid|2026-08-21,2026-08-21,us,SLB,Schlumberger,balanced,mid,53.55000024414063,50.184000228794645,64.70400029499301,54.23,35.7,62.4,SIDE,21,2026-09-21,PENDING,api/final/recommendations,,,,,,
us|SCHD|balanced|mid|2026-08-21,2026-08-21,us,SCHD,SCHD,balanced,mid,34.8299994140625,33.73439943249354,37.69439936587532,35.25,35.7,63.8,SIDE,21,2026-09-21,PENDING,api/final/recommendations,,,,,,
us|NOW|balanced|mid|2026-08-21,2026-08-21,us,NOW,ServiceNow,balanced,mid,129.75,112.92,174.96,131.29,34.3,60.0,SIDE,21,2026-09-21,PENDING,api/final/recommendations,,,,,,
us|DIS|balanced|mid|2026-08-21,2026-08-21,us,DIS,The Walt Disney Company,balanced,mid,107.32000009765625,101.61760009246733,124.05760011288669,108.49,35.7,58.3,SIDE,21,2026-09-21,PENDING,api/final/recommendations,,,,,,
us|KO|aggressive|short|2026-08-21,2026-08-21,us,KO,KO,aggressive,short,90.5,89.23519999999999,93.713,91.9,42.1,57.3,SIDE,5,2026-08-28,CLOSED,api/final/recommendations,,,,,,
us|ELF|aggressive|mid|2026-08-21,2026-08-21,us,ELF,e.l.f. Beauty,aggressive,mid,98.46,81.339072,132.921,100.65,36.2,63.8,SIDE,21,2026-09-21,PENDING,api/final/recommendations,,,,,,
us|DASH|aggressive|mid|2026-08-21,2026-08-21,us,DASH,DASH,aggressive,mid,222.35999965966798,195.58195170065298,300.1859995405518,226.66,33.1,53.6,SIDE,21,2026-09-21,PENDING,api/final/recommendations,,,,,,
us|COP|aggressive|mid|2026-08-21,2026-08-21,us,COP,ConocoPhillips,aggressive,mid,134.890000340332,123.61244831187838,170.7260204307475,137.43,32.3,47.1,SIDE,21,2026-09-21,PENDING,api/final/recommendations,,,,,,
us|CRM|aggressive|mid|2026-08-21,2026-08-21,us,CRM,Salesforce,aggressive,mid,205.43,178.537376,277.33050000000003,208.83,36.2,58.7,SIDE,21,2026-09-21,PENDING,api/final/recommendations,,,,,,
us|UBER|aggressive|mid|2026-08-21,2026-08-21,us,UBER,Uber,aggressive,mid,78.54999829833983,69.46575849513538,106.04249770275878,79.72,33.1,60.4,SIDE,21,2026-09-21,PENDING,api/final/recommendations,,,,,,
us|NFLX|aggressive|mid|2026-08-21,2026-08-21,us,NFLX,Netflix,aggressive,mid,80.14000034033204,73.36364831155477,103.05652043765205,81.23,33.1,64.4,SIDE,21,2026-09-21,PENDING,api/final/recommendations,,,,,,
us|OXY|aggressive|mid|2026-08-21,2026-08-21,us,OXY,Occidental Petroleum,aggressive,mid,61.51999974475098,55.75846376865583,78.41335967465973,62.31,34.0,56.7,SIDE,21,2026-09-21,PENDING,api/final/recommendations,,,,,,
us|PFE|aggressive|mid|2026-08-21,2026-08-21,us,PFE,PFE,aggressive,mid,27.78999948950195,26.49692751325549,33.510219384422385,28.14,36.2,59.3,SIDE,21,2026-09-21,PENDING,api/final/recommendations,,,,,,
us|RXRX|aggressive|mid|2026-08-21,2026-08-21,us,RXRX,Recursion,aggressive,mid,3.34,2.783488,4.509,3.37,33.1,67.7,SIDE,21,2026-09-21,PENDING,api/final/recommendations,,,,,,
us|ISRG|conservative|mid|2026-08-21,2026-08-21,us,ISRG,Intuitive Surgical,conservative,mid,376.94987568,355.1382028736014,442.8957339307181,388.22,34.3,65.1,SIDE,21,2026-09-21,PENDING,api/final/recommendations,,,,,,
us|SMR|conservative|mid|2026-08-21,2026-08-21,us,SMR,NuScale Power,conservative,mid,9.42,9.020832,11.046768,9.61,35.2,57.6,SIDE,21,2026-09-21,PENDING,api/final/recommendations,,,,,,
us|MELI|balanced|short|2026-08-21,2026-08-21,us,MELI,MercadoLibre,balanced,short,1954.0,1893.48,2094.7599999999998,1982.33,42.5,60.0,SIDE,5,2026-08-28,CLOSED,api/final/recommendations,,,,,,
us|ABNB|balanced|mid|2026-08-21,2026-08-21,us,ABNB,"Airbnb, Inc.",balanced,mid,186.5199986328125,168.6735987636262,235.9935982701721,189.51,34.6,51.7,SIDE,21,2026-09-21,PENDING,api/final/recommendations,,,,,,
us|PATH|balanced|mid|2026-08-21,2026-08-21,us,PATH,UiPath,balanced,mid,15.78,13.4304,21.303,15.99,34.6,53.6,SIDE,21,2026-09-21,PENDING,api/final/recommendations,,,,,,
us|NFLX|balanced|mid|2026-08-21,2026-08-21,us,NFLX,Netflix,balanced,mid,79.25999931640627,73.63679936490468,94.756799182751,80.27,35.7,65.2,SIDE,21,2026-09-21,PENDING,api/final/recommendations,,,,,,
us|MDB|balanced|mid|2026-08-21,2026-08-21,us,MDB,MongoDB,balanced,mid,419.71,362.0128,566.6085,424.25,34.6,56.7,SIDE,21,2026-09-21,PENDING,api/final/recommendations,,,,,,
us|ACHR|balanced|mid|2026-08-21,2026-08-21,us,ACHR,Archer Aviation,balanced,mid,6.23,5.9264,8.4105,6.28,34.6,56.7,SIDE,21,2026-09-21,PENDING,api/final/recommendations,,,,,,
us|ABBV|aggressive|short|2026-08-21,2026-08-21,us,ABBV,AbbVie Inc.,aggressive,short,264.2109872763672,258.9746957099329,277.78825801051215,267.61,44.1,46.1,SIDE,5,2026-08-28,CLOSED,api/final/recommendations,,,,,,
us|LLY|aggressive|short|2026-08-21,2026-08-21,us,LLY,Eli Lilly,aggressive,short,1245.74,1201.269632,1358.89268,1261.35,42.1,60.9,SIDE,5,2026-08-28,CLOSED,api/final/recommendations,,,,,,
us|JNJ|aggressive|short|2026-08-21,2026-08-21,us,JNJ,JNJ,aggressive,short,270.3999987939453,265.00351881801504,283.8027987341654,272.46,42.1,55.3,SIDE,5,2026-08-28,CLOSED,api/final/recommendations,,,,,,
us|NOW|aggressive|mid|2026-08-21,2026-08-21,us,NOW,ServiceNow,aggressive,mid,128.47,109.695904,173.4345,131.13,33.1,58.2,SIDE,21,2026-09-21,PENDING,api/final/recommendations,,,,,,
us|TMDX|aggressive|mid|2026-08-21,2026-08-21,us,TMDX,TransMedics,aggressive,mid,91.82,77.383424,123.957,93.63,36.2,63.2,SIDE,21,2026-09-21,PENDING,api/final/recommendations,,,,,,
us|AI|aggressive|mid|2026-08-21,2026-08-21,us,AI,C3.ai,aggressive,mid,10.5,9.681600000000001,14.175,10.7,33.1,63.1,SIDE,21,2026-09-21,PENDING,api/final/recommendations,,,,,,
us|ABNB|balanced|mid|2026-08-24,2026-08-24,us,ABNB,"Airbnb, Inc.",balanced,mid,187.29999902343752,168.423999121855,238.38399875709092,190.36,34.6,51.8,SIDE,21,2026-09-22,PENDING,api/final/recommendations,,,,,,
us|NFLX|balanced|mid|2026-08-24,2026-08-24,us,NFLX,Netflix,balanced,mid,79.590001171875,73.53120108266585,95.9712014130701,80.64,35.7,65.4,SIDE,21,2026-09-22,PENDING,api/final/recommendations,,,,,,
us|SCHD|balanced|mid|2026-08-24,2026-08-24,us,SCHD,SCHD,balanced,mid,35.1099998046875,33.64479981283822,37.60479979080924,35.53,34.3,60.7,SIDE,21,2026-09-22,PENDING,api/final/recommendations,,,,,,
us|CVX|balanced|mid|2026-08-24,2026-08-24,us,CVX,Chevron,balanced,mid,205.26999863281253,194.35359870552048,235.27359843297552,207.69,34.3,55.9,SIDE,21,2026-09-22,PENDING,api/final/recommendations,,,,,,
us|SOUN|balanced|mid|2026-08-24,2026-08-24,us,SOUN,SoundHound AI,balanced,mid,7.32,6.897600000000001,9.5376,7.39,34.3,57.5,SIDE,21,2026-09-22,PENDING,api/final/recommendations,,,,,,
us|ACHR|balanced|mid|2026-08-24,2026-08-24,us,ACHR,Archer Aviation,balanced,mid,6.3,5.904,8.505,6.35,34.6,60.9,SIDE,21,2026-09-22,PENDING,api/final/recommendations,,,,,,
us|AI|aggressive|short|2026-08-24,2026-08-24,us,AI,C3.ai,aggressive,short,10.3,10.04704,11.8606,10.46,34.2,55.7,SIDE,5,2026-08-31,CLOSED,api/final/recommendations,,,,,,
us|KO|aggressive|short|2026-08-24,2026-08-24,us,KO,KO,aggressive,short,91.09999969848633,89.32927970434689,94.68019968663695,92.4,36.5,52.2,SIDE,5,2026-08-31,CLOSED,api/final/recommendations,,,,,,
us|ABBV|aggressive|short|2026-08-24,2026-08-24,us,ABBV,AbbVie Inc.,aggressive,short,264.95999831152346,259.091326348922,279.6847182176891,268.46,44.1,46.4,SIDE,5,2026-08-31,CLOSED,api/final/recommendations,,,,,,
us|LLY|aggressive|short|2026-08-24,2026-08-24,us,LLY,Eli Lilly,aggressive,short,1255.4,1209.52992,1371.6188,1270.91,42.1,60.8,SIDE,5,2026-08-31,CLOSED,api/final/recommendations,,,,,,
us|JNJ|aggressive|short|2026-08-24,2026-08-24,us,JNJ,JNJ,aggressive,short,270.23999807031254,264.9784301078835,283.7896779735591,272.19,42.1,54.0,SIDE,5,2026-08-31,CLOSED,api/final/recommendations,,,,,,
us|RXRX|aggressive|mid|2026-08-24,2026-08-24,us,RXRX,Recursion,aggressive,mid,3.5,2.87,4.7250000000000005,3.57,36.2,67.9,SIDE,21,2026-09-22,PENDING,api/final/recommendations,,,,,,
us|CRM|aggressive|mid|2026-08-24,2026-08-24,us,CRM,Salesforce,aggressive,mid,209.17,184.33974400000002,282.3795,213.6,36.2,58.6,SIDE,21,2026-09-22,PENDING,api/final/recommendations,,,,,,
us|NOW|aggressive|mid|2026-08-24,2026-08-24,us,NOW,ServiceNow,aggressive,mid,128.48,109.689536,173.448,131.02,33.1,57.3,SIDE,21,2026-09-22,PENDING,api/final/recommendations,,,,,,
us|DASH|aggressive|mid|2026-08-24,2026-08-24,us,DASH,DASH,aggressive,mid,223.48999693701174,198.13596528449528,301.024815874377,227.84,36.2,50.1,SIDE,21,2026-09-22,PENDING,api/final/recommendations,,,,,,
us|COP|aggressive|mid|2026-08-24,2026-08-24,us,COP,ConocoPhillips,aggressive,mid,134.87000272265627,123.62518649565419,168.95966341083323,137.36,32.3,43.9,SIDE,21,2026-09-22,PENDING,api/final/recommendations,,,,,,
us|PFE|aggressive|mid|2026-08-24,2026-08-24,us,PFE,PFE,aggressive,mid,28.07000017016602,26.318624159548826,35.07326021262119,28.58,34.0,58.6,SIDE,21,2026-09-22,PENDING,api/final/recommendations,,,,,,
us|UBER|aggressive|mid|2026-08-24,2026-08-24,us,UBER,Uber,aggressive,mid,78.79999829833984,69.30655850334757,106.3799977027588,80.01,33.1,56.4,SIDE,21,2026-09-22,PENDING,api/final/recommendations,,,,,,
us|OXY|aggressive|mid|2026-08-24,2026-08-24,us,OXY,Occidental Petroleum,aggressive,mid,61.30000042541503,55.898560387929656,76.80340053300687,62.04,36.2,63.7,SIDE,21,2026-09-22,PENDING,api/final/recommendations,,,,,,
us|QUBT|aggressive|mid|2026-08-24,2026-08-24,us,QUBT,Quantum Computing,aggressive,mid,8.92,7.414144,12.042,9.01,36.2,55.0,SIDE,21,2026-09-22,PENDING,api/final/recommendations,,,,,,
us|HIMS|conservative|short|2026-08-24,2026-08-24,us,HIMS,Hims & Hers,conservative,short,30.7,29.37808,34.04152,31.33,41.7,66.1,SIDE,5,2026-08-31,CLOSED,api/final/recommendations,,,,,,
us|MELI|balanced|short|2026-08-24,2026-08-24,us,MELI,MercadoLibre,balanced,short,1950.42,1889.6144000000002,2092.2544000000003,1990.88,42.5,66.2,SIDE,5,2026-08-31,CLOSED,api/final/recommendations,,,,,,
us|LLY|balanced|short|2026-08-24,2026-08-24,us,LLY,Eli Lilly,balanced,short,1245.04,1207.6128,1332.0528000000002,1258.99,42.5,64.7,SIDE,5,2026-08-31,CLOSED,api/final/recommendations,,,,,,
us|PEP|balanced|short|2026-08-24,2026-08-24,us,PEP,PEP,balanced,short,145.66999941406252,143.85439942136554,149.97439939674868,147.09,33.3,85.3,SIDE,5,2026-08-31,CLOSED,api/final/recommendations,,,,,,
us|ADBE|balanced|mid|2026-08-24,2026-08-24,us,ADBE,Adobe,balanced,mid,276.8799984375,250.6383985855876,349.63839802690694,283.13,35.7,74.8,SIDE,21,2026-09-22,PENDING,api/final/recommendations,,,,,,
us|SNAP|balanced|mid|2026-08-24,2026-08-24,us,SNAP,SNAP,balanced,mid,5.310000018310546,4.900800016899495,7.168500024719237,5.38,35.7,65.8,SIDE,21,2026-09-22,PENDING,api/final/recommendations,,,,,,
us|OXY|balanced|mid|2026-08-24,2026-08-24,us,OXY,Occidental Petroleum,balanced,mid,60.67999990234375,57.14239990803704,71.66239988466907,61.25,35.7,63.5,SIDE,21,2026-09-22,PENDING,api/final/recommendations,,,,,,
us|MA|aggressive|short|2026-08-24,2026-08-24,us,MA,Mastercard,aggressive,short,598.0700014472657,587.8925774226374,624.6277415115326,609.31,44.1,51.7,SIDE,5,2026-08-31,CLOSED,api/final/recommendations,,,,,,
us|RXRX|aggressive|short|2026-08-24,2026-08-24,us,RXRX,Recursion,aggressive,short,3.2599012000000003,3.04067584420908,3.9392006120196323,3.31,34.2,57.7,SIDE,5,2026-08-31,CLOSED,api/final/recommendations,,,,,,
us|TMDX|aggressive|mid|2026-08-24,2026-08-24,us,TMDX,TransMedics,aggressive,mid,93.82,79.383424,126.657,95.8,36.2,63.6,SIDE,21,2026-09-22,PENDING,api/final/recommendations,,,,,,
us|HOOD|aggressive|mid|2026-08-24,2026-08-24,us,HOOD,Robinhood,aggressive,mid,104.7,87.18624,141.34500000000003,106.73,34.0,63.7,SIDE,21,2026-09-22,PENDING,api/final/recommendations,,,,,,
us|RIVN|aggressive|mid|2026-08-24,2026-08-24,us,RIVN,Rivian,aggressive,mid,16.902787744750974,15.429424745783665,22.427898990878393,17.18,33.1,69.4,SIDE,21,2026-09-22,PENDING,api/final/recommendations,,,,,,
us|SCHD|aggressive|mid|2026-08-24,2026-08-24,us,SCHD,SCHD,aggressive,mid,35.237212595581056,28.894514328376466,47.57023700403443,35.67,36.2,52.6,SIDE,21,2026-09-22,PENDING,api/final/recommendations,,,,,,
us|CAVA|aggressive|mid|2026-08-24,2026-08-24,us,CAVA,Cava,aggressive,mid,74.0,60.90559999999999,99.9,74.82,34.0,51.0,SIDE,21,2026-09-22,PENDING,api/final/recommendations,,,,,,
us|RXRX|conservative|short|2026-08-25,2026-08-25,us,RXRX,Recursion,conservative,short,3.25,3.1276,3.6478,3.34,41.7,67.9,SIDE,5,2026-09-01,CLOSED,api/final/recommendations,,,,,,
us|TSM|conservative|mid|2026-08-25,2026-08-25,us,TSM,TSMC,conservative,mid,410.12,389.097152,473.831648,422.6,34.3,75.4,SIDE,21,2026-09-23,PENDING,api/final/recommendations,,,,,,
us|MDB|conservative|mid|2026-08-25,2026-08-25,us,MDB,MongoDB,conservative,mid,402.69,360.216624,530.679576,414.43,34.3,68.3,SIDE,21,2026-09-23,PENDING,api/final/recommendations,,,,,,
us|MELI|balanced|short|2026-08-25,2026-08-25,us,MELI,MercadoLibre,balanced,short,1947.9,1884.728,2094.8480000000004,1986.38,42.5,66.6,SIDE,5,2026-09-01,CLOSED,api/final/recommendations,,,,,,
us|RIVN|balanced|short|2026-08-25,2026-08-25,us,RIVN,Rivian,balanced,short,16.600000122070313,16.19200011907003,17.552000129070972,16.86,33.3,76.3,SIDE,5,2026-09-01,LOSS,api/final/recommendations,,,,,,
us|HIMS|balanced|short|2026-08-25,2026-08-25,us,HIMS,Hims & Hers,balanced,short,31.08,29.6656,35.1056,31.47,42.5,70.9,SIDE,5,2026-09-01,CLOSED,api/final/recommendations,,,,,,
us|PEP|balanced|short|2026-08-25,2026-08-25,us,PEP,PEP,balanced,short,144.6699994140625,142.85439942141596,148.97439939662897,145.83,33.3,84.7,SIDE,5,2026-09-01,CLOSED,api/final/recommendations,,,,,,
us|ADBE|balanced|mid|2026-08-25,2026-08-25,us,ADBE,Adobe,balanced,mid,276.270003515625,249.51360317514116,349.8336044517456,282.42,35.7,74.8,SIDE,21,2026-09-23,PENDING,api/final/recommendations,,,,,,
us|ESTC|balanced|mid|2026-08-25,2026-08-25,us,ESTC,Elastic,balanced,mid,83.24,73.6832,110.64320000000001,84.37,34.3,51.8,SIDE,21,2026-09-23,PENDING,api/final/recommendations,,,,,,
us|OXY|balanced|mid|2026-08-25,2026-08-25,us,OXY,Occidental Petroleum,balanced,mid,60.1099998046875,56.00479981802632,71.84479976655818,60.77,35.7,71.4,SIDE,21,2026-09-23,PENDING,api/final/recommendations,,,,,,
us|CVX|balanced|mid|2026-08-25,2026-08-25,us,CVX,Chevron,balanced,mid,203.090001171875,192.41120111025592,232.01120133875685,204.71,35.7,64.1,SIDE,21,2026-09-23,PENDING,api/final/recommendations,,,,,,
us|JNJ|aggressive|short|2026-08-25,2026-08-25,us,JNJ,JNJ,aggressive,short,273.0400016884766,267.94707365698196,286.7732817734031,275.94,42.1,45.3,SIDE,5,2026-09-01,CLOSED,api/final/recommendations,,,,,,
us|CRM|aggressive|mid|2026-08-25,2026-08-25,us,CRM,Salesforce,aggressive,mid,209.06,184.40979199999998,282.231,214.63,36.2,56.5,SIDE,21,2026-09-23,PENDING,api/final/recommendations,,,,,,
us|DUOL|aggressive|mid|2026-08-25,2026-08-25,us,DUOL,Duolingo,aggressive,mid,146.84,120.40880000000001,198.234,150.3,36.2,54.4,SIDE,21,2026-09-23,PENDING,api/final/recommendations,,,,,,
us|TMDX|aggressive|mid|2026-08-25,2026-08-25,us,TMDX,TransMedics,aggressive,mid,93.6,77.88672,126.36,95.59,36.2,67.9,SIDE,21,2026-09-23,PENDING,api/final/recommendations,,,,,,
us|DASH|aggressive|mid|2026-08-25,2026-08-25,us,DASH,DASH,aggressive,mid,229.06000136132815,201.13619319537395,309.23100183779303,233.86,34.0,46.0,SIDE,21,2026-09-23,PENDING,api/final/recommendations,,,,,,
us|SNAP|aggressive|mid|2026-08-25,2026-08-25,us,SNAP,SNAP,aggressive,mid,5.5299998830108645,4.662495901363223,7.465499842064667,5.64,36.2,58.5,SIDE,21,2026-09-23,PENDING,api/final/recommendations,,,,,,
us|COP|aggressive|mid|2026-08-25,2026-08-25,us,COP,ConocoPhillips,aggressive,mid,133.3499965966797,121.31951690371815,166.58429574848347,136.04,36.2,50.5,SIDE,21,2026-09-23,PENDING,api/final/recommendations,,,,,,
us|MA|aggressive|mid|2026-08-25,2026-08-25,us,MA,Mastercard,aggressive,mid,599.8600081679687,565.7163597030531,701.6834895544438,611.34,36.2,58.3,SIDE,21,2026-09-23,PENDING,api/final/recommendations,,,,,,
us|UBER|aggressive|mid|2026-08-25,2026-08-25,us,UBER,Uber,aggressive,mid,79.28999948950197,68.99452755578798,107.04149931082766,80.71,33.1,61.2,SIDE,21,2026-09-23,PENDING,api/final/recommendations,,,,,,
us|PFE|aggressive|mid|2026-08-25,2026-08-25,us,PFE,PFE,aggressive,mid,27.970000382873533,26.382304361140005,33.369460456785234,28.46,36.2,65.7,SIDE,21,2026-09-23,PENDING,api/final/recommendations,,,,,,
us|DIS|aggressive|mid|2026-08-25,2026-08-25,us,DIS,The Walt Disney Company,aggressive,mid,110.60999965966798,103.0643516828849,134.470979586251,112.42,34.0,50.7,SIDE,21,2026-09-23,PENDING,api/final/recommendations,,,,,,
us|SCHD|aggressive|mid|2026-08-25,2026-08-25,us,SCHD,SCHD,aggressive,mid,35.21000051049805,28.8722004186084,47.53350068917237,35.7,33.1,60.1,SIDE,21,2026-09-23,PENDING,api/final/recommendations,,,,,,
us|HOOD|aggressive|mid|2026-08-25,2026-08-25,us,HOOD,Robinhood,aggressive,mid,103.62,86.237184,139.88700000000003,105.03,34.0,63.4,SIDE,21,2026-09-23,PENDING,api/final/recommendations,,,,,,
us|CEG|conservative|mid|2026-08-25,2026-08-25,us,CEG,Constellation Energy,conservative,mid,275.0,256.9424,329.5688,283.51,34.3,75.8,SIDE,21,2026-09-23,PENDING,api/final/recommendations,,,,,,
us|PATH|aggressive|mid|2026-08-25,2026-08-25,us,PATH,UiPath,aggressive,mid,16.35,14.14032,22.072500000000005,16.67,34.0,53.5,SIDE,21,2026-09-23,PENDING,api/final/recommendations,,,,,,
us|CAVA|conservative|short|2026-08-25,2026-08-25,us,CAVA,Cava,conservative,short,71.04,69.062016,76.322784,72.43,36.5,49.2,SIDE,5,2026-09-01,CLOSED,api/final/recommendations,,,,,,
us|RXRX|balanced|short|2026-08-25,2026-08-25,us,RXRX,Recursion,balanced,short,3.39,3.1248,3.8048,3.46,42.5,70.4,SIDE,5,2026-09-01,CLOSED,api/final/recommendations,,,,,,
us|CRM|balanced|mid|2026-08-25,2026-08-25,us,CRM,Salesforce,balanced,mid,206.76,185.9568,262.5168,210.99,34.3,58.6,SIDE,21,2026-09-23,PENDING,api/final/recommendations,,,,,,
us|LYFT|balanced|mid|2026-08-25,2026-08-25,us,LYFT,LYFT,balanced,mid,17.79095979003906,15.428032314383957,23.34845960708263,18.14,35.7,70.0,SIDE,21,2026-09-23,PENDING,api/final/recommendations,,,,,,
us|HIMS|balanced|mid|2026-08-25,2026-08-25,us,HIMS,Hims & Hers,balanced,mid,31.67,25.969400000000004,42.75450000000001,32.18,34.3,72.3,SIDE,21,2026-09-23,PENDING,api/final/recommendations,,,,,,
us|TMDX|balanced|mid|2026-08-25,2026-08-25,us,TMDX,TransMedics,balanced,mid,92.19,82.6992,119.65920000000001,93.57,35.7,70.3,SIDE,21,2026-09-23,PENDING,api/final/recommendations,,,,,,
us|SCHD|balanced|mid|2026-08-25,2026-08-25,us,SCHD,SCHD,balanced,mid,35.031504296875,33.67184591143305,37.632015966118324,35.42,35.7,58.6,SIDE,21,2026-09-23,PENDING,api/final/recommendations,,,,,,
us|JNJ|balanced|mid|2026-08-25,2026-08-25,us,JNJ,JNJ,balanced,mid,272.21000273437494,258.7328025989952,310.2128031161166,275.04,35.7,57.6,SIDE,21,2026-09-23,PENDING,api/final/recommendations,,,,,,
us|COP|balanced|mid|2026-08-25,2026-08-25,us,COP,ConocoPhillips,balanced,mid,132.0915978515625,122.73268464107569,157.05309979941944,133.33,34.3,51.4,SIDE,21,2026-09-23,PENDING,api/final/recommendations,,,,,,
us|SMR|aggressive|short|2026-08-25,2026-08-25,us,SMR,NuScale Power,aggressive,short,9.21,8.189727999999999,10.853219999999999,9.35,42.1,53.8,SIDE,5,2026-09-01,CLOSED,api/final/recommendations,,,,,,
us|MA|aggressive|short|2026-08-25,2026-08-25,us,MA,Mastercard,aggressive,short,597.7100043417969,586.9929322639475,623.6802245304459,606.27,36.5,43.7,SIDE,5,2026-09-01,CLOSED,api/final/recommendations,,,,,,
us|KO|aggressive|short|2026-08-25,2026-08-25,us,KO,KO,aggressive,short,91.63999987939454,90.25715188121447,94.72447987533512,92.61,44.1,50.3,SIDE,5,2026-09-01,CLOSED,api/final/recommendations,,,,,,
us|ABNB|aggressive|mid|2026-08-25,2026-08-25,us,ABNB,"Airbnb, Inc.",aggressive,mid,189.87721506298828,167.15876427545103,256.3342403350342,193.97,34.0,55.7,SIDE,21,2026-09-23,PENDING,api/final/recommendations,,,,,,
us|PLTR|aggressive|mid|2026-08-25,2026-08-25,us,PLTR,Palantir,aggressive,mid,178.86,154.537152,241.46100000000004,182.42,36.2,55.4,SIDE,21,2026-09-23,PENDING,api/final/recommendations,,,,,,
us|MELI|aggressive|mid|2026-08-25,2026-08-25,us,MELI,MercadoLibre,aggressive,mid,1980.3427879999997,1726.0819180421202,2673.4627637999997,2016.94,34.0,57.5,SIDE,21,2026-09-23,PENDING,api/final/recommendations,,,,,,
us|NFLX|aggressive|mid|2026-08-25,2026-08-25,us,NFLX,Netflix,aggressive,mid,81.0099988088379,74.44643090534788,102.37617849467196,82.19,33.1,58.6,SIDE,21,2026-09-23,PENDING,api/final/recommendations,,,,,,
us|SLB|aggressive|mid|2026-08-25,2026-08-25,us,SLB,Schlumberger,aggressive,mid,53.67999982983398,49.29337584373961,66.72423978848364,54.16,33.1,64.6,SIDE,21,2026-09-23,PENDING,api/final/recommendations,,,,,,
us|CEG|conservative|short|2026-08-26,2026-08-26,us,CEG,Constellation Energy,conservative,short,278.42,272.828768,292.518032,284.08,41.7,80.2,SIDE,5,2026-09-02,CLOSED,api/final/recommendations,-0.5485,close_exit,CLOSED,277.05999755859375,2026-08-31,2026-09-02
us|LYFT|conservative|short|2026-08-26,2026-08-26,us,LYFT,LYFT,conservative,short,17.649999820861815,17.331759824091783,18.89643980821111,17.98,41.7,64.8,SIDE,5,2026-09-02,LOSS,api/final/recommendations,-1.8631,stop_hit,LOSS,17.331759824091783,2026-08-31,2026-09-02
us|LQD|conservative|mid|2026-08-26,2026-08-26,us,LQD,LQD,conservative,mid,106.8599999819336,98.43945598335722,126.56654397860189,110.49,34.3,80.9,SIDE,21,2026-09-24,PENDING,api/final/recommendations,,,,,,
us|PEP|conservative|mid|2026-08-26,2026-08-26,us,PEP,PEP,conservative,mid,142.26999987353517,138.21179187714253,155.3768078618844,146.96,34.3,79.0,SIDE,21,2026-09-24,PENDING,api/final/recommendations,,,,,,
us|SLB|conservative|mid|2026-08-26,2026-08-26,us,SLB,Schlumberger,conservative,mid,53.28999997290039,50.16318397449047,61.22821596886356,54.59,34.3,74.5,SIDE,21,2026-09-24,PENDING,api/final/recommendations,,,,,,
us|CVX|conservative|mid|2026-08-26,2026-08-26,us,CVX,Chevron,conservative,mid,199.89000001806642,192.3913440173887,221.62485602003088,203.9,34.3,84.8,SIDE,21,2026-09-24,PENDING,api/final/recommendations,,,,,,
us|NVO|balanced|short|2026-08-26,2026-08-26,us,NVO,Novo Nordisk,balanced,short,48.66,47.5312,50.931200000000004,48.99,42.5,68.4,SIDE,5,2026-09-02,CLOSED,api/final/recommendations,0.6649,close_exit,CLOSED,51.40999984741211,2026-07-29,2026-09-02
us|SE|balanced|mid|2026-08-26,2026-08-26,us,SE,Sea Limited,balanced,mid,123.18,109.7424,161.22240000000002,125.51,35.7,63.0,SIDE,21,2026-09-24,PENDING,api/final/recommendations,,,,,,
us|ESTC|balanced|mid|2026-08-26,2026-08-26,us,ESTC,Elastic,balanced,mid,80.4,70.632,108.54000000000002,81.5,34.3,57.2,SIDE,21,2026-09-24,PENDING,api/final/recommendations,,,,,,
us|COP|balanced|mid|2026-08-26,2026-08-26,us,COP,ConocoPhillips,balanced,mid,131.840001171875,122.81120109162147,155.81120138494575,133.41,34.3,55.6,SIDE,21,2026-09-24,PENDING,api/final/recommendations,,,,,,
us|SCHD|balanced|mid|2026-08-26,2026-08-26,us,SCHD,SCHD,balanced,mid,35.1099998046875,33.64479981283822,37.60479979080924,35.5,35.7,60.3,SIDE,21,2026-09-24,PENDING,api/final/recommendations,,,,,,
us|JNJ|balanced|mid|2026-08-26,2026-08-26,us,JNJ,JNJ,balanced,mid,273.1399953125,258.4351955648569,312.55519463607493,275.27,35.7,56.0,SIDE,21,2026-09-24,PENDING,api/final/recommendations,,,,,,
us|MA|aggressive|short|2026-08-26,2026-08-26,us,MA,Mastercard,aggressive,short,599.3699990351562,588.9396150519466,625.6523389928478,608.18,36.5,43.3,SIDE,5,2026-09-02,CLOSED,api/final/recommendations,-0.06,close_exit,CLOSED,591.3699951171875,2026-08-27,2026-09-02
us|KO|aggressive|short|2026-08-26,2026-08-26,us,KO,KO,aggressive,short,91.63999987939454,90.25715188121447,94.72447987533512,92.59,44.1,54.6,SIDE,5,2026-09-02,CLOSED,api/final/recommendations,-0.3071,close_exit,CLOSED,90.83499908447266,2026-08-26,2026-09-02
us|SMR|aggressive|mid|2026-08-26,2026-08-26,us,SMR,NuScale Power,aggressive,mid,9.81,8.484191999999998,13.243500000000001,10.05,33.1,62.9,SIDE,21,2026-09-24,PENDING,api/final/recommendations,,,,,,
us|ABNB|aggressive|mid|2026-08-26,2026-08-26,us,ABNB,"Airbnb, Inc.",aggressive,mid,190.5,166.7664,257.175,194.72,34.0,55.8,SIDE,21,2026-09-24,PENDING,api/final/recommendations,,,,,,
us|DASH|aggressive|mid|2026-08-26,2026-08-26,us,DASH,DASH,aggressive,mid,233.5,206.49280000000002,315.225,238.55,34.0,45.7,SIDE,21,2026-09-24,PENDING,api/final/recommendations,,,,,,
us|MELI|aggressive|mid|2026-08-26,2026-08-26,us,MELI,MercadoLibre,aggressive,mid,1997.0,1738.3856,2695.9500000000003,2036.75,36.2,67.9,SIDE,21,2026-09-24,PENDING,api/final/recommendations,,,,,,
us|PFE|aggressive|mid|2026-08-26,2026-08-26,us,PFE,PFE,aggressive,mid,28.570000170166015,26.00022415486015,34.6822602065713,29.1,34.0,58.7,SIDE,21,2026-09-24,PENDING,api/final/recommendations,,,,,,
us|UBER|aggressive|mid|2026-08-26,2026-08-26,us,UBER,Uber,aggressive,mid,80.35000085083007,71.59312075810305,108.23830114614066,81.68,36.2,62.9,SIDE,21,2026-09-24,PENDING,api/final/recommendations,,,,,,
us|NFLX|aggressive|mid|2026-08-26,2026-08-26,us,NFLX,Netflix,aggressive,mid,82.22999812817383,75.30633428577927,104.98613761016898,83.49,33.1,66.0,SIDE,21,2026-09-24,PENDING,api/final/recommendations,,,,,,
us|RXRX|aggressive|mid|2026-08-26,2026-08-26,us,RXRX,Recursion,aggressive,mid,3.56,2.9192000000000005,4.806,3.61,34.0,61.2,SIDE,21,2026-09-24,PENDING,api/final/recommendations,,,,,,
us|TLT|conservative|mid|2026-08-26,2026-08-26,us,TLT,20Y Treasury ETF,conservative,mid,83.26,82.062496,87.110704,85.76,34.3,71.2,SIDE,21,2026-09-24,PENDING,api/final/recommendations,,,,,,
us|ABBV|aggressive|mid|2026-08-26,2026-08-26,us,ABBV,AbbVie Inc.,aggressive,mid,265.78999523535157,248.12892355195035,317.84221430224443,268.28,36.2,43.2,SIDE,21,2026-09-24,PENDING,api/final/recommendations,,,,,,
us|SE|balanced|short|2026-08-26,2026-08-26,us,SE,Sea Limited,balanced,short,121.15,116.968,131.248,123.6,42.5,62.7,SIDE,5,2026-09-02,CLOSED,api/final/recommendations,0.1133,close_exit,CLOSED,121.36000061035156,2026-08-26,2026-09-02
us|MA|conservative|short|2026-08-26,2026-08-26,us,MA,Mastercard,conservative,short,596.5399896816407,589.381509805461,611.4534894236816,607.29,36.1,54.1,SIDE,5,2026-09-02,CLOSED,api/final/recommendations,-0.06,close_exit,CLOSED,596.5399780273438,2026-08-26,2026-09-02
us|V|conservative|short|2026-08-26,2026-08-26,us,V,Visa,conservative,short,383.0,378.404,392.575,388.45,36.5,51.3,SIDE,5,2026-09-02,CLOSED,api/final/recommendations,-0.06,close_exit,CLOSED,383.0,2026-08-26,2026-09-02
us|NVO|conservative|mid|2026-08-26,2026-08-26,us,NVO,Novo Nordisk,conservative,mid,47.64,45.130944,54.188255999999996,48.98,34.3,75.8,SIDE,21,2026-09-24,PENDING,api/final/recommendations,,,,,,
us|LYFT|conservative|mid|2026-08-26,2026-08-26,us,LYFT,LYFT,conservative,mid,17.349999988708497,16.06695998954351,21.10803998626274,17.79,34.3,79.6,SIDE,21,2026-09-24,PENDING,api/final/recommendations,,,,,,
us|SE|conservative|mid|2026-08-26,2026-08-26,us,SE,Sea Limited,conservative,mid,120.93,111.49252800000001,150.86047200000002,123.89,34.3,69.3,SIDE,21,2026-09-24,PENDING,api/final/recommendations,,,,,,
us|RXRX|conservative|mid|2026-08-26,2026-08-26,us,RXRX,Recursion,conservative,mid,3.44002664,3.021847401567256,4.644035964,3.52,34.3,70.0,SIDE,21,2026-09-24,PENDING,api/final/recommendations,,,,,,
us|CEG|balanced|short|2026-08-26,2026-08-26,us,CEG,Constellation Energy,balanced,short,283.48,276.35360000000003,299.4736,286.54,33.3,72.0,SIDE,5,2026-09-02,CLOSED,api/final/recommendations,-0.5821,close_exit,CLOSED,282.0,2026-08-28,2026-09-02
us|TSLA|balanced|swing|2026-08-26,2026-08-26,us,TSLA,Tesla,balanced,swing,347.66,329.0,401.99999999999994,346.64,27.3,51.3,SIDE,10,2026-09-09,PENDING,api/final/recommendations,,,,,,
us|ABNB|balanced|mid|2026-08-26,2026-08-26,us,ABNB,"Airbnb, Inc.",balanced,mid,189.6584021484375,171.627354058071,240.26677577835335,192.73,34.6,55.9,SIDE,21,2026-09-24,PENDING,api/final/recommendations,,,,,,
us|PFE|balanced|mid|2026-08-26,2026-08-26,us,PFE,PFE,balanced,mid,28.311599902343744,26.582302178884444,33.182675169187114,28.66,34.3,65.2,SIDE,21,2026-09-24,PENDING,api/final/recommendations,,,,,,
us|KO|balanced|mid|2026-08-26,2026-08-26,us,KO,KO,balanced,mid,90.82840029296875,87.09286608472904,100.29263360501074,91.86,35.7,63.5,SIDE,21,2026-09-24,PENDING,api/final/recommendations,,,,,,
us|MELI|balanced|mid|2026-08-26,2026-08-26,us,MELI,MercadoLibre,balanced,mid,1991.37,1807.4016,2497.7616,2012.61,34.6,57.6,SIDE,21,2026-09-24,PENDING,api/final/recommendations,,,,,,
us|NFLX|balanced|mid|2026-08-26,2026-08-26,us,NFLX,Netflix,balanced,mid,81.5799994140625,75.53439945748423,97.9743992963119,82.35,35.7,73.8,SIDE,21,2026-09-24,PENDING,api/final/recommendations,,,,,,
us|ABBV|balanced|mid|2026-08-26,2026-08-26,us,ABBV,AbbVie Inc.,balanced,mid,261.42840078125005,247.6608850003682,299.1405700870788,262.14,35.7,58.1,SIDE,21,2026-09-24,PENDING,api/final/recommendations,,,,,,
us|LITE|aggressive|mid|2026-08-26,2026-08-26,us,LITE,Lumentum,aggressive,mid,907.51,744.1582000000001,1225.1385,927.14,36.2,60.4,SIDE,21,2026-09-24,PENDING,api/final/recommendations,,,,,,
us|PATH|aggressive|mid|2026-08-26,2026-08-26,us,PATH,UiPath,aggressive,mid,16.75,13.8856,22.6125,17.11,32.3,44.5,SIDE,21,2026-09-24,PENDING,api/final/recommendations,,,,,,
us|DIS|aggressive|mid|2026-08-26,2026-08-26,us,DIS,The Walt Disney Company,aggressive,mid,110.64721268066407,103.03628440792971,130.87240318690272,112.3,36.2,57.5,SIDE,21,2026-09-24,PENDING,api/final/recommendations,,,,,,
us|PEP|conservative|mid|2026-08-27,2026-08-27,us,PEP,PEP,conservative,mid,142.18999992773436,138.20782392975823,154.34957592155448,146.16,34.3,83.0,SIDE,21,2026-09-25,PENDING,api/final/recommendations,,,,,,
us|KO|conservative|mid|2026-08-27,2026-08-27,us,KO,KO,conservative,mid,90.07999994580078,87.15276794756203,98.23443194089442,92.42,34.3,82.5,SIDE,21,2026-09-25,PENDING,api/final/recommendations,,,,,,
us|LYFT|conservative|mid|2026-08-27,2026-08-27,us,LYFT,LYFT,conservative,mid,17.390000018066406,16.068944016693965,21.106856021927836,17.83,34.3,79.7,SIDE,21,2026-09-25,PENDING,api/final/recommendations,,,,,,
us|JNJ|conservative|mid|2026-08-27,2026-08-27,us,JNJ,JNJ,conservative,mid,270.0,260.496,298.8288,275.6,34.3,76.3,SIDE,21,2026-09-25,PENDING,api/final/recommendations,,,,,,
us|PFE|balanced|mid|2026-08-27,2026-08-27,us,PFE,PFE,balanced,mid,28.30000024414063,26.584000229336905,33.1840002862743,28.65,34.3,65.2,SIDE,21,2026-09-25,PENDING,api/final/recommendations,,,,,,
us|UBER|balanced|mid|2026-08-27,2026-08-27,us,UBER,Uber,balanced,mid,78.49000068359375,71.24320062047913,98.96320086190121,79.28,35.7,56.9,SIDE,21,2026-09-25,PENDING,api/final/recommendations,,,,,,
us|SCHD|balanced|mid|2026-08-27,2026-08-27,us,SCHD,SCHD,balanced,mid,35.05000024414063,33.66400023448645,37.62400026206982,35.4,35.7,62.7,SIDE,21,2026-09-25,PENDING,api/final/recommendations,,,,,,
us|NFLX|balanced|mid|2026-08-27,2026-08-27,us,NFLX,Netflix,balanced,mid,81.46000029296874,75.57280027179559,98.01280035250046,82.2,35.7,74.0,SIDE,21,2026-09-25,PENDING,api/final/recommendations,,,,,,
us|SNAP|aggressive|short|2026-08-27,2026-08-27,us,SNAP,SNAP,aggressive,short,5.420000015075683,5.065856014090635,5.95244001655666,5.5,42.1,56.9,SIDE,5,2026-09-03,PENDING,api/final/recommendations,,,,,,
us|MA|aggressive|short|2026-08-27,2026-08-27,us,MA,Mastercard,aggressive,short,598.4699942109376,588.798490304491,623.7425339664736,606.9,36.5,43.1,SIDE,5,2026-09-03,PENDING,api/final/recommendations,,,,,,
us|LITE|aggressive|mid|2026-08-27,2026-08-27,us,LITE,Lumentum,aggressive,mid,939.03,770.0046,1267.6905000000002,962.77,34.0,61.5,SIDE,21,2026-09-25,PENDING,api/final/recommendations,,,,,,
us|PATH|aggressive|mid|2026-08-27,2026-08-27,us,PATH,UiPath,aggressive,mid,16.76,13.879232,22.626000000000005,17.12,34.0,54.7,SIDE,21,2026-09-25,PENDING,api/final/recommendations,,,,,,
us|DASH|aggressive|mid|2026-08-27,2026-08-27,us,DASH,DASH,aggressive,mid,236.9300040839844,210.85577963454057,317.244745468377,241.84,34.0,46.2,SIDE,21,2026-09-25,PENDING,api/final/recommendations,,,,,,
us|SMCI|aggressive|mid|2026-08-27,2026-08-27,us,SMCI,Super Micro Computer,aggressive,mid,37.39,30.659800000000004,50.4765,37.99,34.0,63.4,SIDE,21,2026-09-25,PENDING,api/final/recommendations,,,,,,
us|SMR|aggressive|mid|2026-08-27,2026-08-27,us,SMR,NuScale Power,aggressive,mid,9.27,7.6014,12.5145,9.4,33.1,57.1,SIDE,21,2026-09-25,PENDING,api/final/recommendations,,,,,,
us|CRM|aggressive|mid|2026-08-27,2026-08-27,us,CRM,Salesforce,aggressive,mid,205.62,181.689984,277.58700000000005,208.17,33.1,57.7,SIDE,21,2026-09-25,PENDING,api/final/recommendations,,,,,,
us|SOUN|conservative|mid|2026-08-27,2026-08-27,us,SOUN,SoundHound AI,conservative,mid,7.08002368,6.99506339584,8.027258848143187,7.29,34.3,63.9,SIDE,21,2026-09-25,PENDING,api/final/recommendations,,,,,,
us|CEG|balanced|mid|2026-08-27,2026-08-27,us,CEG,Constellation Energy,balanced,mid,281.981536,259.5678139087538,342.72826689747643,284.8,35.7,71.6,SIDE,21,2026-09-25,PENDING,api/final/recommendations,,,,,,
us|SCHD|conservative|mid|2026-08-27,2026-08-27,us,SCHD,SCHD,conservative,mid,34.78000003613281,34.03868803536266,37.06571203850743,35.68,31.5,77.7,BULL,21,2026-09-25,PENDING,api/final/recommendations,,,,,,
us|V|balanced|short|2026-08-27,2026-08-27,us,V,Visa,balanced,short,380.60840351562507,375.4336252215375,391.75355676662303,385.97,43.4,52.1,BULL,5,2026-09-03,PENDING,api/final/recommendations,,,,,,
us|SOUN|balanced|short|2026-08-27,2026-08-27,us,SOUN,SoundHound AI,balanced,short,7.288400000000001,7.091243281207134,7.771094035665296,7.37,54.5,72.2,BULL,5,2026-09-03,PENDING,api/final/recommendations,,,,,,
us|ANET|balanced|mid|2026-08-27,2026-08-27,us,ANET,Arista Networks,balanced,mid,203.62,183.0016,260.8816,207.86,32.5,70.0,BULL,21,2026-09-25,PENDING,api/final/recommendations,,,,,,
us|SMR|aggressive|short|2026-08-27,2026-08-27,us,SMR,NuScale Power,aggressive,short,9.48,9.075264,10.87536,9.61,45.5,67.9,BULL,5,2026-09-03,PENDING,api/final/recommendations,,,,,,
us|SHOP|aggressive|mid|2026-08-27,2026-08-27,us,SHOP,Shopify,aggressive,mid,155.08,138.581056,204.83344,158.85,31.9,70.0,BULL,21,2026-09-25,PENDING,api/final/recommendations,,,,,,
us|PLTR|aggressive|mid|2026-08-27,2026-08-27,us,PLTR,Palantir,aggressive,mid,184.49,160.77276799999999,249.06150000000002,188.93,31.9,63.1,BULL,21,2026-09-25,PENDING,api/final/recommendations,,,,,,
us|NOW|aggressive|mid|2026-08-27,2026-08-27,us,NOW,ServiceNow,aggressive,mid,137.03,117.33929599999999,184.99050000000003,140.03,31.9,68.2,BULL,21,2026-09-25,PENDING,api/final/recommendations,,,,,,
us|ADBE|aggressive|mid|2026-08-27,2026-08-27,us,ADBE,Adobe,aggressive,mid,286.07278663867186,251.5850746934289,386.198261962207,292.06,31.9,75.9,BULL,21,2026-09-25,PENDING,api/final/recommendations,,,,,,
us|GS|conservative|short|2026-08-28,2026-08-28,us,GS,Goldman Sachs,conservative,short,1040.8699977070312,1027.714445736012,1074.8845496320994,1071.04,34.6,71.6,BULL,5,2026-09-04,PENDING,api/final/recommendations,,,,,,
us|MSFT|conservative|short|2026-08-28,2026-08-28,us,MSFT,Microsoft,conservative,short,505.06,498.99928,519.8793760000001,518.49,34.9,56.0,BULL,5,2026-09-04,PENDING,api/final/recommendations,,,,,,
us|HYG|conservative|mid|2026-08-28,2026-08-28,us,HYG,HYG,conservative,mid,79.86999991870117,73.34075192534722,94.41824790389265,82.65,31.5,81.5,BULL,21,2026-09-28,PENDING,api/final/recommendations,,,,,,
us|JNJ|conservative|mid|2026-08-28,2026-08-28,us,JNJ,JNJ,conservative,mid,265.7700003251953,255.53419231267083,295.86520836201976,274.8,31.5,74.1,BULL,21,2026-09-28,PENDING,api/final/recommendations,,,,,,
us|KO|conservative|mid|2026-08-28,2026-08-28,us,KO,KO,conservative,mid,89.06000007226562,86.15177606990581,97.23502407889906,92.03,31.5,75.6,BULL,21,2026-09-28,PENDING,api/final/recommendations,,,,,,
us|COST|conservative|mid|2026-08-28,2026-08-28,us,COST,Costco,conservative,mid,934.66,902.669536,1030.7628639999998,965.53,31.5,72.7,BULL,21,2026-09-28,PENDING,api/final/recommendations,,,,,,
us|ABBV|conservative|mid|2026-08-28,2026-08-28,us,ABBV,AbbVie Inc.,conservative,mid,258.15000018066405,248.503440173913,287.85396020145214,265.41,31.5,72.0,BULL,21,2026-09-28,PENDING,api/final/recommendations,,,,,,
us|SCHD|conservative|mid|2026-08-28,2026-08-28,us,SCHD,SCHD,conservative,mid,34.82999994580078,34.041167947028285,37.06423194232407,35.76,31.5,77.9,BULL,21,2026-09-28,PENDING,api/final/recommendations,,,,,,
us|MU|conservative|mid|2026-08-28,2026-08-28,us,MU,Micron,conservative,mid,935.39,837.1281439999999,1226.365256,959.32,31.5,63.6,BULL,21,2026-09-28,PENDING,api/final/recommendations,,,,,,
us|NFLX|conservative|mid|2026-08-28,2026-08-28,us,NFLX,Netflix,conservative,mid,79.84000010839844,75.24006410215313,92.35993612539671,81.51,31.5,70.1,BULL,21,2026-09-28,PENDING,api/final/recommendations,,,,,,
us|TSLA|conservative|mid|2026-08-28,2026-08-28,us,TSLA,Tesla,conservative,mid,354.81,332.180976,421.92962400000005,361.96,31.5,69.4,BULL,21,2026-09-28,PENDING,api/final/recommendations,,,,,,
us|ORCL|balanced|short|2026-08-28,2026-08-28,us,ORCL,Oracle,balanced,short,151.94,146.5408,164.2208,154.56,54.5,82.3,BULL,5,2026-09-04,PENDING,api/final/recommendations,,,,,,
us|SMR|balanced|short|2026-08-28,2026-08-28,us,SMR,NuScale Power,balanced,short,9.74,9.236799999999999,11.276800000000001,9.89,54.5,73.9,BULL,5,2026-09-04,PENDING,api/final/recommendations,,,,,,
us|SOUN|balanced|short|2026-08-28,2026-08-28,us,SOUN,SoundHound AI,balanced,short,7.22,7.070399999999999,7.7504,7.31,54.5,71.7,BULL,5,2026-09-04,PENDING,api/final/recommendations,,,,,,
us|V|balanced|short|2026-08-28,2026-08-28,us,V,Visa,balanced,short,379.660001171875,374.4512011557973,391.4512012082702,384.32,43.4,54.0,BULL,5,2026-09-04,PENDING,api/final/recommendations,,,,,,
us|MA|aggressive|short|2026-08-28,2026-08-28,us,MA,Mastercard,aggressive,short,591.729996140625,581.8392602051342,616.7638559773494,599.05,34.2,50.9,BULL,5,2026-09-04,PENDING,api/final/recommendations,,,,,,
us|PLTR|aggressive|mid|2026-08-28,2026-08-28,us,PLTR,Palantir,aggressive,mid,185.93,163.12937599999998,251.0055,190.69,31.9,63.5,BULL,21,2026-09-28,PENDING,api/final/recommendations,,,,,,
us|MDB|aggressive|mid|2026-08-28,2026-08-28,us,MDB,MongoDB,aggressive,mid,440.58,364.337856,594.783,450.8,31.3,59.1,BULL,21,2026-09-28,PENDING,api/final/recommendations,,,,,,
us|DASH|aggressive|mid|2026-08-28,2026-08-28,us,DASH,DASH,aggressive,mid,231.89000034033202,205.88124830216046,306.9300204504641,237.09,31.9,54.9,BULL,21,2026-09-28,PENDING,api/final/recommendations,,,,,,
us|LITE|aggressive|mid|2026-08-28,2026-08-28,us,LITE,Lumentum,aggressive,mid,956.14,784.0348,1290.789,977.06,31.3,62.1,BULL,21,2026-09-28,PENDING,api/final/recommendations,,,,,,
us|ADBE|aggressive|mid|2026-08-28,2026-08-28,us,ADBE,Adobe,aggressive,mid,289.1500034033203,254.53168299585974,390.3525045944824,295.19,31.9,71.1,BULL,21,2026-09-28,PENDING,api/final/recommendations,,,,,,
us|SLB|aggressive|mid|2026-08-28,2026-08-28,us,SLB,Schlumberger,aggressive,mid,55.01000093591309,50.08323285209149,69.2481811781545,55.74,31.9,75.8,BULL,21,2026-09-28,PENDING,api/final/recommendations,,,,,,
us|PEP|conservative|mid|2026-08-28,2026-08-28,us,PEP,PEP,conservative,mid,139.7199999638672,135.23411196502727,152.3634879605975,144.33,31.5,78.2,BULL,21,2026-09-28,PENDING,api/final/recommendations,,,,,,
us|ORCL|conservative|short|2026-08-28,2026-08-28,us,ORCL,Oracle,conservative,short,152.60004696,148.87908581493917,161.82900980005218,155.59,34.6,79.3,BULL,5,2026-09-04,PENDING,api/final/recommendations,,,,,,
us|TSM|conservative|mid|2026-08-28,2026-08-28,us,TSM,TSMC,conservative,mid,426.7100592,407.9776726011457,482.6070509549189,441.07,31.5,85.0,BULL,21,2026-09-28,PENDING,api/final/recommendations,,,,,,
us|GS|conservative|mid|2026-08-28,2026-08-28,us,GS,Goldman Sachs,conservative,mid,1041.919998699219,999.2280307525175,1168.6431665410119,1075.88,31.5,81.0,BULL,21,2026-09-28,PENDING,api/final/recommendations,,,,,,
us|SMR|conservative|mid|2026-08-28,2026-08-28,us,SMR,NuScale Power,conservative,mid,9.66,9.032736,11.039664000000002,9.92,31.5,80.7,BULL,21,2026-09-28,PENDING,api/final/recommendations,,,,,,
us|CVX|conservative|mid|2026-08-28,2026-08-28,us,CVX,Chevron,conservative,mid,200.5401451816406,194.32452468182348,219.54657494140253,205.71,31.5,71.1,BULL,21,2026-09-28,PENDING,api/final/recommendations,,,,,,
us|MSFT|balanced|short|2026-08-28,2026-08-28,us,MSFT,Microsoft,balanced,short,510.07,502.5424,527.7024,519.31,45.2,57.5,BULL,5,2026-09-04,PENDING,api/final/recommendations,,,,,,
us|LITE|balanced|mid|2026-08-28,2026-08-28,us,LITE,Lumentum,balanced,mid,925.0,808.84,1192.96,941.28,32.5,71.5,BULL,21,2026-09-28,PENDING,api/final/recommendations,,,,,,
us|SMCI|aggressive|mid|2026-08-28,2026-08-28,us,SMCI,Super Micro Computer,aggressive,mid,38.222620719999995,31.342548990399997,51.600537972,38.89,31.3,66.9,BULL,21,2026-09-28,PENDING,api/final/recommendations,,,,,,
us|MA|aggressive|mid|2026-08-28,2026-08-28,us,MA,Mastercard,aggressive,mid,594.8799972773437,563.97721341878,687.757836852259,602.74,31.3,46.3,BULL,21,2026-09-28,PENDING,api/final/recommendations,,,,,,
us|TSLA|conservative|swing|2026-08-31,2026-08-31,us,TSLA,Tesla,conservative,swing,348.75,335.25,392.625,355.84,39.0,56.9,SIDE,10,2026-09-14,PENDING,api/final/recommendations,,,,,,
us|HIMS|conservative|swing|2026-08-31,2026-08-31,us,HIMS,Hims & Hers,conservative,swing,28.84,26.0752,36.7648,29.34,38.1,50.4,SIDE,10,2026-09-14,PENDING,api/final/recommendations,,,,,,
us|HYG|conservative|mid|2026-08-31,2026-08-31,us,HYG,HYG,conservative,mid,79.74000006323242,73.33430405815281,94.42209607487507,82.52,34.3,81.4,SIDE,21,2026-09-29,PENDING,api/final/recommendations,,,,,,
us|LQD|conservative|mid|2026-08-31,2026-08-31,us,LQD,LQD,conservative,mid,106.35000004516603,98.41416004179574,125.552040053321,110.01,34.3,85.0,SIDE,21,2026-09-29,PENDING,api/final/recommendations,,,,,,
us|SE|conservative|mid|2026-08-31,2026-08-31,us,SE,Sea Limited,conservative,mid,119.36,109.513856,148.847744,123.31,34.3,74.0,SIDE,21,2026-09-29,PENDING,api/final/recommendations,,,,,,
us|SMR|conservative|mid|2026-08-31,2026-08-31,us,SMR,NuScale Power,conservative,mid,9.29,8.063984,12.5415,9.57,34.3,63.9,SIDE,21,2026-09-29,PENDING,api/final/recommendations,,,,,,
us|RIVN|conservative|mid|2026-08-31,2026-08-31,us,RIVN,Rivian,conservative,mid,16.0700000090332,15.05307200846157,20.116328011307708,16.55,34.3,62.4,SIDE,21,2026-09-29,PENDING,api/final/recommendations,,,,,,
us|MDB|conservative|mid|2026-08-31,2026-08-31,us,MDB,MongoDB,conservative,mid,446.62,404.21315200000004,574.681648,458.05,34.3,72.7,SIDE,21,2026-09-29,PENDING,api/final/recommendations,,,,,,
us|NFLX|conservative|mid|2026-08-31,2026-08-31,us,NFLX,Netflix,conservative,mid,81.71999996386718,77.23411196585063,94.3634879582768,83.52,34.3,64.6,SIDE,21,2026-09-29,PENDING,api/final/recommendations,,,,,,
us|MSFT|balanced|short|2026-08-31,2026-08-31,us,MSFT,Microsoft,balanced,short,513.53,505.68960000000004,532.2096,522.15,51.5,60.9,SIDE,5,2026-09-07,PENDING,api/final/recommendations,,,,,,
us|COIN|balanced|mid|2026-08-31,2026-08-31,us,COIN,Coinbase,balanced,mid,178.64,150.0752,241.164,180.15,34.6,58.2,SIDE,21,2026-09-29,PENDING,api/final/recommendations,,,,,,
us|ELF|aggressive|mid|2026-08-31,2026-08-31,us,ELF,e.l.f. Beauty,aggressive,mid,104.1,92.47872,140.535,106.37,33.1,67.2,SIDE,21,2026-09-29,PENDING,api/final/recommendations,,,,,,
us|DASH|aggressive|mid|2026-08-31,2026-08-31,us,DASH,DASH,aggressive,mid,236.73999693701174,212.6135652491642,312.0473159626709,241.79,34.0,54.7,SIDE,21,2026-09-29,PENDING,api/final/recommendations,,,,,,
us|ADBE|aggressive|mid|2026-08-31,2026-08-31,us,ADBE,Adobe,aggressive,mid,291.5200061259765,257.9328694201793,393.5520082700683,297.55,34.0,59.1,SIDE,21,2026-09-29,PENDING,api/final/recommendations,,,,,,
us|SLB|aggressive|mid|2026-08-31,2026-08-31,us,SLB,Schlumberger,aggressive,mid,57.3299989790039,51.87945507607323,72.77993870385427,58.24,34.0,63.1,SIDE,21,2026-09-29,PENDING,api/final/recommendations,,,,,,
us|MA|aggressive|mid|2026-08-31,2026-08-31,us,MA,Mastercard,aggressive,mid,595.3000068066406,563.7097664454388,689.2114078804204,603.23,36.2,48.4,SIDE,21,2026-09-29,PENDING,api/final/recommendations,,,,,,
us|V|aggressive|mid|2026-08-31,2026-08-31,us,V,Visa,aggressive,mid,381.5999965966797,362.6131167660152,441.11879606585796,386.22,36.2,48.0,SIDE,21,2026-09-29,PENDING,api/final/recommendations,,,,,,
us|TEM|conservative|mid|2026-08-31,2026-08-31,us,TEM,Tempus AI,conservative,mid,62.65,58.23064,74.33596,63.85,35.2,67.0,SIDE,21,2026-09-29,PENDING,api/final/recommendations,,,,,,
us|MSFT|conservative|short|2026-08-31,2026-08-31,us,MSFT,Microsoft,conservative,short,510.27234799999997,504.14907982399995,524.9804076786116,522.51,41.7,67.0,SIDE,5,2026-09-07,PENDING,api/final/recommendations,,,,,,
us|TEM|conservative|swing|2026-08-31,2026-08-31,us,TEM,Tempus AI,conservative,swing,60.76,55.172799999999995,78.8872,61.6,40.9,49.8,SIDE,10,2026-09-14,PENDING,api/final/recommendations,,,,,,
us|TSLA|conservative|mid|2026-08-31,2026-08-31,us,TSLA,Tesla,conservative,mid,361.0,336.2896,434.1016,368.32,34.3,62.1,SIDE,21,2026-09-29,PENDING,api/final/recommendations,,,,,,
us|COIN|conservative|mid|2026-08-31,2026-08-31,us,COIN,Coinbase,conservative,mid,177.19997632,157.05149901252824,236.71084836730452,180.04,35.2,64.9,SIDE,21,2026-09-29,PENDING,api/final/recommendations,,,,,,
us|QCOM|balanced|short|2026-08-31,2026-08-31,us,QCOM,Qualcomm,balanced,short,168.5800005859375,164.78560057274922,177.70560061765556,170.54,42.5,68.0,SIDE,5,2026-09-07,PENDING,api/final/recommendations,,,,,,
us|NFLX|balanced|mid|2026-08-31,2026-08-31,us,NFLX,Netflix,balanced,mid,80.89999951171876,75.7519995427901,96.87199941531792,81.8,35.7,63.4,SIDE,21,2026-09-29,PENDING,api/final/recommendations,,,,,,
us|AI|aggressive|short|2026-08-31,2026-08-31,us,AI,C3.ai,aggressive,short,10.529999947235106,10.083103949474463,11.879459940473083,10.65,34.2,71.1,SIDE,5,2026-09-07,PENDING,api/final/recommendations,,,,,,
us|MDB|aggressive|mid|2026-08-31,2026-08-31,us,MDB,MongoDB,aggressive,mid,447.29,376.43292799999995,603.8415000000001,460.02,33.1,65.1,SIDE,21,2026-09-29,PENDING,api/final/recommendations,,,,,,
us|MSFT|conservative|short|2026-09-01,2026-09-01,us,MSFT,Microsoft,conservative,short,507.29,501.20252,521.987384,521.82,41.7,66.8,SIDE,5,2026-09-08,PENDING,api/final/recommendations,,,,,,
us|RXRX|conservative|short|2026-09-01,2026-09-01,us,RXRX,Recursion,conservative,short,3.4,3.20416,3.71824,3.49,41.7,72.2,SIDE,5,2026-09-08,PENDING,api/final/recommendations,,,,,,
us|ABNB|conservative|mid|2026-09-01,2026-09-01,us,ABNB,"Airbnb, Inc.",conservative,mid,183.2199999638672,173.5069119657827,212.8518879580235,189.84,34.3,73.9,SIDE,21,2026-09-30,PENDING,api/final/recommendations,,,,,,
us|DIS|conservative|mid|2026-09-01,2026-09-01,us,DIS,The Walt Disney Company,conservative,mid,107.54999990966796,103.2256799133,120.36851989890161,111.15,34.3,74.1,SIDE,21,2026-09-30,PENDING,api/final/recommendations,,,,,,
us|JNJ|conservative|mid|2026-09-01,2026-09-01,us,JNJ,JNJ,conservative,mid,265.84999981933595,256.4885598256977,294.8332397996398,274.52,34.3,83.3,SIDE,21,2026-09-30,PENDING,api/final/recommendations,,,,,,
us|ABBV|conservative|mid|2026-09-01,2026-09-01,us,ABBV,AbbVie Inc.,conservative,mid,256.41999960253906,246.51683161788935,286.8755675553317,264.65,34.3,81.9,SIDE,21,2026-09-30,PENDING,api/final/recommendations,,,,,,
us|CEG|conservative|mid|2026-09-01,2026-09-01,us,CEG,Constellation Energy,conservative,mid,274.77,259.782192,319.279608,283.44,34.3,81.0,SIDE,21,2026-09-30,PENDING,api/final/recommendations,,,,,,
us|UBER|conservative|mid|2026-09-01,2026-09-01,us,UBER,Uber,conservative,mid,75.64999995483399,70.28023995803994,91.45435994539817,78.0,34.3,72.2,SIDE,21,2026-09-30,PENDING,api/final/recommendations,,,,,,
us|OXY|conservative|mid|2026-09-01,2026-09-01,us,OXY,Occidental Petroleum,conservative,mid,60.17999999096679,58.10812799127778,67.20187198991279,61.95,34.3,75.0,SIDE,21,2026-09-30,PENDING,api/final/recommendations,,,,,,
us|RIVN|conservative|mid|2026-09-01,2026-09-01,us,RIVN,Rivian,conservative,mid,16.060000015808104,15.052576014816482,20.116624019801105,16.53,34.3,70.6,SIDE,21,2026-09-30,PENDING,api/final/recommendations,,,,,,
us|HYG|conservative|mid|2026-09-01,2026-09-01,us,HYG,HYG,conservative,mid,79.81000007226564,73.33777606640523,94.42002408549459,82.09,34.3,80.9,SIDE,21,2026-09-30,PENDING,api/final/recommendations,,,,,,
us|SNAP|conservative|mid|2026-09-01,2026-09-01,us,SNAP,SNAP,conservative,mid,5.5499999943542475,5.027279994885986,7.042919992835571,5.68,34.3,60.4,SIDE,21,2026-09-30,PENDING,api/final/recommendations,,,,,,
us|AAPL|conservative|mid|2026-09-01,2026-09-01,us,AAPL,Apple,conservative,mid,316.85,305.58776,352.01084000000003,323.42,34.3,85.0,SIDE,21,2026-09-30,PENDING,api/final/recommendations,,,,,,
us|V|conservative|mid|2026-09-01,2026-09-01,us,V,Visa,conservative,mid,379.3700001445313,368.5639521404144,412.9658481573305,387.07,34.3,67.7,SIDE,21,2026-09-30,PENDING,api/final/recommendations,,,,,,
us|MU|balanced|short|2026-09-01,2026-09-01,us,MU,Micron,balanced,short,958.73,917.4336,1055.4736,971.51,33.3,79.5,SIDE,5,2026-09-08,PENDING,api/final/recommendations,,,,,,
us|PFE|balanced|mid|2026-09-01,2026-09-01,us,PFE,PFE,balanced,mid,28.46000029296875,26.53280027313005,33.132800341070805,28.94,34.3,65.6,SIDE,21,2026-09-30,PENDING,api/final/recommendations,,,,,,
us|DASH|balanced|mid|2026-09-01,2026-09-01,us,DASH,DASH,balanced,mid,231.7399982421875,212.28319838977276,284.8831978390815,235.22,35.7,65.0,SIDE,21,2026-09-30,PENDING,api/final/recommendations,,,,,,
us|NFLX|balanced|mid|2026-09-01,2026-09-01,us,NFLX,Netflix,balanced,mid,81.0499990234375,75.70399908785086,96.82399883337831,81.99,35.7,63.5,SIDE,21,2026-09-30,PENDING,api/final/recommendations,,,,,,
us|LITE|aggressive|short|2026-09-01,2026-09-01,us,LITE,Lumentum,aggressive,short,914.76,839.917568,1105.92432,937.59,42.1,54.3,SIDE,5,2026-09-08,PENDING,api/final/recommendations,,,,,,
us|QCOM|aggressive|short|2026-09-01,2026-09-01,us,QCOM,Qualcomm,aggressive,short,170.47999915576173,165.8592631786442,182.89135909429913,173.04,42.1,55.1,SIDE,5,2026-09-08,PENDING,api/final/recommendations,,,,,,
us|DELL|aggressive|short|2026-09-01,2026-09-01,us,DELL,Dell,aggressive,short,456.01,431.548768,518.4248200000001,462.4,42.1,48.4,SIDE,5,2026-09-08,PENDING,api/final/recommendations,,,,,,
us|MDB|aggressive|mid|2026-09-01,2026-09-01,us,MDB,MongoDB,aggressive,mid,453.37,380.745184,612.0495000000001,466.71,36.2,64.0,SIDE,21,2026-09-30,PENDING,api/final/recommendations,,,,,,
us|PLTR|aggressive|mid|2026-09-01,2026-09-01,us,PLTR,Palantir,aggressive,mid,186.38,164.479616,251.613,191.22,33.1,64.3,SIDE,21,2026-09-30,PENDING,api/final/recommendations,,,,,,
us|ADBE|aggressive|mid|2026-09-01,2026-09-01,us,ADBE,Adobe,aggressive,mid,292.7899952353516,258.7609237891156,392.95621360532044,298.45,34.0,59.4,SIDE,21,2026-09-30,PENDING,api/final/recommendations,,,,,,
us|AI|aggressive|mid|2026-09-01,2026-09-01,us,AI,C3.ai,aggressive,mid,10.82,9.477824,14.607000000000001,11.01,33.1,74.5,SIDE,21,2026-09-30,PENDING,api/final/recommendations,,,,,,
us|TSLA|aggressive|mid|2026-09-01,2026-09-01,us,TSLA,Tesla,aggressive,mid,367.95,323.83824,496.7325,373.33,33.1,53.8,SIDE,21,2026-09-30,PENDING,api/final/recommendations,,,,,,
us|COP|aggressive|mid|2026-09-01,2026-09-01,us,COP,ConocoPhillips,aggressive,mid,132.48999693701174,123.50396514475653,160.12881629803988,134.16,36.2,56.8,SIDE,21,2026-09-30,PENDING,api/final/recommendations,,,,,,
us|CVX|aggressive|mid|2026-09-01,2026-09-01,us,CVX,Chevron,aggressive,mid,206.140000340332,194.45324832103748,241.5305203987609,208.13,33.1,61.5,SIDE,21,2026-09-30,PENDING,api/final/recommendations,,,,,,
us|MDB|aggressive|short|2026-09-01,2026-09-01,us,MDB,MongoDB,aggressive,short,443.18079040000003,421.1057750298546,499.931651613504,456.84,42.1,54.8,SIDE,5,2026-09-08,PENDING,api/final/recommendations,,,,,,
us|CRWD|aggressive|swing|2026-09-01,2026-09-01,us,CRWD,CrowdStrike,aggressive,swing,226.25,203.62,301.51250000000005,229.3,35.1,44.6,SIDE,10,2026-09-15,PENDING,api/final/recommendations,,,,,,
us|MDB|conservative|short|2026-09-01,2026-09-01,us,MDB,MongoDB,conservative,short,435.02,421.791008,467.894192,449.72,36.5,60.6,SIDE,5,2026-09-08,PENDING,api/final/recommendations,,,,,,
us|OXY|conservative|short|2026-09-01,2026-09-01,us,OXY,Occidental Petroleum,conservative,short,60.509999211791985,59.77070322142211,62.361095187679474,62.16,41.7,65.2,SIDE,5,2026-09-08,PENDING,api/final/recommendations,,,,,,
us|NET|conservative|short|2026-09-01,2026-09-01,us,NET,Cloudflare,conservative,short,294.64,285.513856,317.638144,302.63,36.5,58.9,SIDE,5,2026-09-08,PENDING,api/final/recommendations,,,,,,
us|MSFT|conservative|mid|2026-09-01,2026-09-01,us,MSFT,Microsoft,conservative,mid,501.92,483.938432,556.5711680000001,519.47,34.3,77.3,SIDE,21,2026-09-30,PENDING,api/final/recommendations,,,,,,
us|PEP|conservative|mid|2026-09-01,2026-09-01,us,PEP,PEP,conservative,mid,140.62000014453125,136.22915214001827,152.33684815657398,145.16,34.3,81.0,SIDE,21,2026-09-30,PENDING,api/final/recommendations,,,,,,
us|KO|conservative|mid|2026-09-01,2026-09-01,us,KO,KO,conservative,mid,89.20000009033203,87.10912008821461,97.23088009846482,91.59,34.3,81.0,SIDE,21,2026-09-30,PENDING,api/final/recommendations,,,,,,
us|COIN|conservative|mid|2026-09-01,2026-09-01,us,COIN,Coinbase,conservative,mid,180.26,158.153696,243.351,182.96,35.2,64.9,SIDE,21,2026-09-30,PENDING,api/final/recommendations,,,,,,
us|AI|aggressive|short|2026-09-01,2026-09-01,us,AI,C3.ai,aggressive,short,10.46,10.072128000000001,11.87372,10.61,34.2,66.4,SIDE,5,2026-09-08,PENDING,api/final/recommendations,,,,,,
us|CRWD|aggressive|short|2026-09-01,2026-09-01,us,CRWD,CrowdStrike,aggressive,short,218.75098799999998,205.47052801812478,252.02863830020573,221.75,36.5,44.2,SIDE,5,2026-09-08,PENDING,api/final/recommendations,,,,,,
us|CVX|aggressive|short|2026-09-01,2026-09-01,us,CVX,Chevron,aggressive,short,209.17999855273436,205.65542257712005,219.112758484012,211.93,42.1,44.4,SIDE,5,2026-09-08,PENDING,api/final/recommendations,,,,,,
us|SNDK|aggressive|short|2026-09-01,2026-09-01,us,SNDK,샌디스크,aggressive,short,1539.05,1413.37104,1858.4681000000003,1549.91,44.1,57.7,SIDE,5,2026-09-08,PENDING,api/final/recommendations,,,,,,
us|SLB|aggressive|mid|2026-09-01,2026-09-01,us,SLB,Schlumberger,aggressive,mid,59.28999948950195,53.90492753586843,76.59321934051799,61.33,34.0,57.4,SIDE,21,2026-09-30,PENDING,api/final/recommendations,,,,,,
us|ELF|aggressive|mid|2026-09-01,2026-09-01,us,ELF,e.l.f. Beauty,aggressive,mid,107.57,93.542624,145.2195,109.49,34.0,55.5,SIDE,21,2026-09-30,PENDING,api/final/recommendations,,,,,,
us|DUOL|aggressive|mid|2026-09-01,2026-09-01,us,DUOL,Duolingo,aggressive,mid,155.6,130.06592,210.06,158.34,34.0,58.3,SIDE,21,2026-09-30,PENDING,api/final/recommendations,,,,,,
